"task","marker4_xp116_yp16_zp110","marker24_xp42_yp0_zp100","marker4_x_initial","marker24_x_initial","marker4_x_final","marker24_x_final","marker4_dx","marker24_dx","initial_dist_x","final_dist_x","change_dist_x","condition"
1,119.227,69.824,114.822,60.032,119.227,69.824,4.405,9.792,54.79,49.403,-5.387,"bones_deactivated"
2,122.804,82.871,114.822,60.032,122.804,82.871,7.982,22.839,54.79,39.933,-14.857,"bones_deactivated"
3,125.359,82.862,114.822,60.032,125.359,82.862,10.537,22.83,54.79,42.497,-12.293,"bones_deactivated"
4,111.203,57.681,114.822,60.032,111.203,57.681,-3.619,-2.351,54.79,53.522,-1.268,"bones_deactivated"
5,115.01,67.07,114.822,60.032,115.01,67.07,0.188000000000002,7.038,54.79,47.94,-6.84999999999999,"bones_deactivated"
6,117.837,74.349,114.822,60.032,117.837,74.349,3.015,14.317,54.79,43.488,-11.302,"bones_deactivated"
7,120.421,74.766,114.822,60.032,120.421,74.766,5.599,14.734,54.79,45.655,-9.13500000000001,"bones_deactivated"
8,114.238,56.933,114.822,60.032,114.238,56.933,-0.584000000000003,-3.099,54.79,57.305,2.51499999999999,"bones_deactivated"
9,117.661,64.605,114.822,60.032,117.661,64.605,2.839,4.57300000000001,54.79,53.056,-1.73400000000001,"bones_deactivated"
10,118.883,72.83,114.822,60.032,118.883,72.83,4.06099999999999,12.798,54.79,46.053,-8.73700000000001,"bones_deactivated"
11,121.3,72.39,114.822,60.032,121.3,72.39,6.47799999999999,12.358,54.79,48.91,-5.88000000000001,"bones_deactivated"
12,112.326,56.074,114.822,60.032,112.326,56.074,-2.49600000000001,-3.958,54.79,56.252,1.46199999999999,"bones_deactivated"
13,115.586,63.275,114.822,60.032,115.586,63.275,0.763999999999996,3.243,54.79,52.311,-2.47900000000001,"bones_deactivated"
14,116.259,68.233,114.822,60.032,116.259,68.233,1.437,8.20100000000001,54.79,48.026,-6.76400000000001,"bones_deactivated"
15,118.52,68.302,114.822,60.032,118.52,68.302,3.69799999999999,8.27000000000001,54.79,50.218,-4.57200000000002,"bones_deactivated"
16,129.765,76.53,114.822,60.032,129.765,76.53,14.943,16.498,54.79,53.235,-1.55500000000002,"bones_deactivated"
17,131.415,78.92,114.822,60.032,131.415,78.92,16.593,18.888,54.79,52.495,-2.29500000000002,"bones_deactivated"
18,134.113,98.351,114.822,60.032,134.113,98.351,19.291,38.319,54.79,35.762,-19.028,"bones_deactivated"
19,135.183,95.699,114.822,60.032,135.183,95.699,20.361,35.667,54.79,39.484,-15.306,"bones_deactivated"
20,126.408,72.346,114.822,60.032,126.408,72.346,11.586,12.314,54.79,54.062,-0.728000000000009,"bones_deactivated"
21,128.017,75.143,114.822,60.032,128.017,75.143,13.195,15.111,54.79,52.874,-1.91600000000001,"bones_deactivated"
22,130.025,91.203,114.822,60.032,130.025,91.203,15.203,31.171,54.79,38.822,-15.968,"bones_deactivated"
23,131.223,88.763,114.822,60.032,131.223,88.763,16.401,28.731,54.79,42.46,-12.33,"bones_deactivated"
24,128.074,71.172,114.822,60.032,128.074,71.172,13.252,11.14,54.79,56.902,2.11200000000001,"bones_deactivated"
25,129.519,72.851,114.822,60.032,129.519,72.851,14.697,12.819,54.79,56.668,1.878,"bones_deactivated"
26,130.306,89.241,114.822,60.032,130.306,89.241,15.484,29.209,54.79,41.065,-13.725,"bones_deactivated"
27,131.551,86.336,114.822,60.032,131.551,86.336,16.729,26.304,54.79,45.215,-9.57500000000002,"bones_deactivated"
28,125.916,69.038,114.822,60.032,125.916,69.038,11.094,9.006,54.79,56.878,2.08799999999999,"bones_deactivated"
29,127.328,70.974,114.822,60.032,127.328,70.974,12.506,10.942,54.79,56.354,1.56399999999999,"bones_deactivated"
30,128.019,84.55,114.822,60.032,128.019,84.55,13.197,24.518,54.79,43.469,-11.321,"bones_deactivated"
31,129.25,82.086,114.822,60.032,129.25,82.086,14.428,22.054,54.79,47.164,-7.626,"bones_deactivated"
32,112.818,58.022,114.822,60.032,112.818,58.022,-2.004,-2.01,54.79,54.796,0.00599999999999312,"bones_deactivated"
33,117.685,67.947,114.822,60.032,117.685,67.947,2.863,7.91500000000001,54.79,49.738,-5.05200000000001,"bones_deactivated"
34,122.127,82.038,114.822,60.032,122.127,82.038,7.30499999999999,22.006,54.79,40.089,-14.701,"bones_deactivated"
35,124.535,82.072,114.822,60.032,124.535,82.072,9.71299999999999,22.04,54.79,42.463,-12.327,"bones_deactivated"
36,110.052,56.352,114.822,60.032,110.052,56.352,-4.77,-3.68,54.79,53.7,-1.09,"bones_deactivated"
37,114.122,65.412,114.822,60.032,114.122,65.412,-0.700000000000003,5.38000000000001,54.79,48.71,-6.08000000000001,"bones_deactivated"
38,117.423,73.909,114.822,60.032,117.423,73.909,2.601,13.877,54.79,43.514,-11.276,"bones_deactivated"
39,119.974,74.426,114.822,60.032,119.974,74.426,5.152,14.394,54.79,45.548,-9.242,"bones_deactivated"
40,113.433,56.098,114.822,60.032,113.433,56.098,-1.389,-3.934,54.79,57.335,2.545,"bones_deactivated"
41,116.713,63.267,114.822,60.032,116.713,63.267,1.89099999999999,3.23500000000001,54.79,53.446,-1.34400000000002,"bones_deactivated"
42,119.132,72.864,114.822,60.032,119.132,72.864,4.31,12.832,54.79,46.268,-8.52200000000001,"bones_deactivated"
43,121.513,72.596,114.822,60.032,121.513,72.596,6.691,12.564,54.79,48.917,-5.873,"bones_deactivated"
44,111.781,55.44,114.822,60.032,111.781,55.44,-3.041,-4.592,54.79,56.341,1.551,"bones_deactivated"
45,114.815,62.011,114.822,60.032,114.815,62.011,-0.007000000000005,1.97900000000001,54.79,52.804,-1.98600000000001,"bones_deactivated"
46,116.642,68.516,114.822,60.032,116.642,68.516,1.81999999999999,8.48400000000001,54.79,48.126,-6.66400000000002,"bones_deactivated"
47,118.946,68.726,114.822,60.032,118.946,68.726,4.124,8.694,54.79,50.22,-4.57000000000001,"bones_deactivated"
48,129.729,76.622,114.822,60.032,129.729,76.622,14.907,16.59,54.79,53.107,-1.68299999999999,"bones_deactivated"
49,130.978,78.547,114.822,60.032,130.978,78.547,16.156,18.515,54.79,52.431,-2.35899999999999,"bones_deactivated"
51,134.792,95.37,114.822,60.032,134.792,95.37,19.97,35.338,54.79,39.422,-15.368,"bones_deactivated"
52,125.878,72.054,114.822,60.032,125.878,72.054,11.056,12.022,54.79,53.824,-0.966000000000008,"bones_deactivated"
53,127.169,74.448,114.822,60.032,127.169,74.448,12.347,14.416,54.79,52.721,-2.069,"bones_deactivated"
54,129.717,90.75,114.822,60.032,129.717,90.75,14.895,30.718,54.79,38.967,-15.823,"bones_deactivated"
55,130.547,88.145,114.822,60.032,130.547,88.145,15.725,28.113,54.79,42.402,-12.388,"bones_deactivated"
56,128.169,71.401,114.822,60.032,128.169,71.401,13.347,11.369,54.79,56.768,1.97800000000001,"bones_deactivated"
57,129.278,72.679,114.822,60.032,129.278,72.679,14.456,12.647,54.79,56.599,1.80899999999998,"bones_deactivated"
58,130.562,89.264,114.822,60.032,130.562,89.264,15.74,29.232,54.79,41.298,-13.492,"bones_deactivated"
59,131.43,86.21,114.822,60.032,131.43,86.21,16.608,26.178,54.79,45.22,-9.56999999999999,"bones_deactivated"
60,125.788,69.072,114.822,60.032,125.788,69.072,10.966,9.04000000000001,54.79,56.716,1.92599999999999,"bones_deactivated"
61,126.907,70.629,114.822,60.032,126.907,70.629,12.085,10.597,54.79,56.278,1.48799999999999,"bones_deactivated"
62,128.019,84.309,114.822,60.032,128.019,84.309,13.197,24.277,54.79,43.71,-11.08,"bones_deactivated"
63,128.948,81.788,114.822,60.032,128.948,81.788,14.126,21.756,54.79,47.16,-7.63,"bones_deactivated"
64,131.936,77.439,114.822,60.032,131.936,77.439,17.114,17.407,54.79,54.497,-0.292999999999992,"bones_deactivated"
65,132.401,81.4,114.822,60.032,132.401,81.4,17.579,21.368,54.79,51.001,-3.789,"bones_deactivated"
66,135.516,93.13,114.822,60.032,135.516,93.13,20.694,33.098,54.79,42.386,-12.404,"bones_deactivated"
68,129.819,75.444,114.822,60.032,129.819,75.444,14.997,15.412,54.79,54.375,-0.41500000000002,"bones_deactivated"
69,130.288,79.594,114.822,60.032,130.288,79.594,15.466,19.562,54.79,50.694,-4.09599999999999,"bones_deactivated"
70,132.935,86.845,114.822,60.032,132.935,86.845,18.113,26.813,54.79,46.09,-8.7,"bones_deactivated"
71,133.307,86.381,114.822,60.032,133.307,86.381,18.485,26.349,54.79,46.926,-7.86400000000002,"bones_deactivated"
72,131.584,73.25,114.822,60.032,131.584,73.25,16.762,13.218,54.79,58.334,3.544,"bones_deactivated"
73,131.94,76.977,114.822,60.032,131.94,76.977,17.118,16.945,54.79,54.963,0.172999999999988,"bones_deactivated"
74,134.254,85.639,114.822,60.032,134.254,85.639,19.432,25.607,54.79,48.615,-6.17500000000001,"bones_deactivated"
75,134.646,84.43,114.822,60.032,134.646,84.43,19.824,24.398,54.79,50.216,-4.57400000000003,"bones_deactivated"
76,130.269,72.389,114.822,60.032,130.269,72.389,15.447,12.357,54.79,57.88,3.09,"bones_deactivated"
77,130.687,75.998,114.822,60.032,130.687,75.998,15.865,15.966,54.79,54.689,-0.100999999999999,"bones_deactivated"
78,132.663,82.216,114.822,60.032,132.663,82.216,17.841,22.184,54.79,50.447,-4.34299999999999,"bones_deactivated"
79,133.128,81.519,114.822,60.032,133.128,81.519,18.306,21.487,54.79,51.609,-3.18100000000003,"bones_deactivated"
80,135.37,80.638,114.822,60.032,135.37,80.638,20.548,20.606,54.79,54.732,-0.0580000000000069,"bones_deactivated"
81,135.782,83.267,114.822,60.032,135.782,83.267,20.96,23.235,54.79,52.515,-2.27499999999999,"bones_deactivated"
82,138.89,99.977,114.822,60.032,138.89,99.977,24.068,39.945,54.79,38.913,-15.877,"bones_deactivated"
83,139.185,97.98,114.822,60.032,139.185,97.98,24.363,37.948,54.79,41.205,-13.585,"bones_deactivated"
84,132.478,77.455,114.822,60.032,132.478,77.455,17.656,17.423,54.79,55.023,0.233000000000004,"bones_deactivated"
85,132.961,80.336,114.822,60.032,132.961,80.336,18.139,20.304,54.79,52.625,-2.16499999999999,"bones_deactivated"
86,135.801,93.501,114.822,60.032,135.801,93.501,20.979,33.469,54.79,42.3,-12.49,"bones_deactivated"
87,136.144,91.767,114.822,60.032,136.144,91.767,21.322,31.735,54.79,44.377,-10.413,"bones_deactivated"
88,134.364,76.21,114.822,60.032,134.364,76.21,19.542,16.178,54.79,58.154,3.364,"bones_deactivated"
89,134.715,78.387,114.822,60.032,134.715,78.387,19.893,18.355,54.79,56.328,1.538,"bones_deactivated"
90,136.601,92.224,114.822,60.032,136.601,92.224,21.779,32.192,54.79,44.377,-10.413,"bones_deactivated"
91,136.931,89.825,114.822,60.032,136.931,89.825,22.109,29.793,54.79,47.106,-7.684,"bones_deactivated"
92,132.726,74.834,114.822,60.032,132.726,74.834,17.904,14.802,54.79,57.892,3.10199999999999,"bones_deactivated"
93,133.115,77.026,114.822,60.032,133.115,77.026,18.293,16.994,54.79,56.089,1.29900000000001,"bones_deactivated"
94,134.939,88.362,114.822,60.032,134.939,88.362,20.117,28.33,54.79,46.577,-8.21300000000001,"bones_deactivated"
95,135.313,86.419,114.822,60.032,135.313,86.419,20.491,26.387,54.79,48.894,-5.89600000000002,"bones_deactivated"
96,131.772,76.84,114.822,60.032,131.772,76.84,16.95,16.808,54.79,54.932,0.141999999999982,"bones_deactivated"
97,132.489,80.91,114.822,60.032,132.489,80.91,17.667,20.878,54.79,51.579,-3.211,"bones_deactivated"
100,129.793,74.8,114.822,60.032,129.793,74.8,14.971,14.768,54.79,54.993,0.203000000000003,"bones_deactivated"
101,130.492,78.981,114.822,60.032,130.492,78.981,15.67,18.949,54.79,51.511,-3.27900000000001,"bones_deactivated"
102,133.176,87.482,114.822,60.032,133.176,87.482,18.354,27.45,54.79,45.694,-9.09600000000002,"bones_deactivated"
104,131.637,72.976,114.822,60.032,131.637,72.976,16.815,12.944,54.79,58.661,3.871,"bones_deactivated"
105,132.195,76.63,114.822,60.032,132.195,76.63,17.373,16.598,54.79,55.565,0.774999999999991,"bones_deactivated"
107,135.074,85.11,114.822,60.032,135.074,85.11,20.252,25.078,54.79,49.964,-4.82599999999999,"bones_deactivated"
108,130.332,72.074,114.822,60.032,130.332,72.074,15.51,12.042,54.79,58.258,3.46799999999999,"bones_deactivated"
109,130.944,75.584,114.822,60.032,130.944,75.584,16.122,15.552,54.79,55.36,0.569999999999979,"bones_deactivated"
110,133.015,82.85,114.822,60.032,133.015,82.85,18.193,22.818,54.79,50.165,-4.62500000000001,"bones_deactivated"
111,133.523,82.103,114.822,60.032,133.523,82.103,18.701,22.071,54.79,51.42,-3.37,"bones_deactivated"
112,135.589,80.975,114.822,60.032,135.589,80.975,20.767,20.943,54.79,54.614,-0.176000000000002,"bones_deactivated"
113,135.891,83.383,114.822,60.032,135.891,83.383,21.069,23.351,54.79,52.508,-2.28200000000001,"bones_deactivated"
116,132.881,77.919,114.822,60.032,132.881,77.919,18.059,17.887,54.79,54.962,0.171999999999997,"bones_deactivated"
117,133.267,80.54,114.822,60.032,133.267,80.54,18.445,20.508,54.79,52.727,-2.06300000000002,"bones_deactivated"
120,134.984,76.96,114.822,60.032,134.984,76.96,20.162,16.928,54.79,58.024,3.23400000000001,"bones_deactivated"
121,135.265,78.873,114.822,60.032,135.265,78.873,20.443,18.841,54.79,56.392,1.60199999999998,"bones_deactivated"
124,133.474,75.665,114.822,60.032,133.474,75.665,18.652,15.633,54.79,57.809,3.01899999999998,"bones_deactivated"
125,133.787,77.555,114.822,60.032,133.787,77.555,18.965,17.523,54.79,56.232,1.44199999999999,"bones_deactivated"
127,136.083,87.483,114.822,60.032,136.083,87.483,21.261,27.451,54.79,48.6,-6.19000000000001,"bones_deactivated"
128,109.027,55.272,114.822,60.032,109.027,55.272,-5.795,-4.76,54.79,53.755,-1.035,"bones_deactivated"
129,111.672,61.834,114.822,60.032,111.672,61.834,-3.15000000000001,1.80200000000001,54.79,49.838,-4.95200000000001,"bones_deactivated"
130,111.912,66.684,114.822,60.032,111.912,66.684,-2.91,6.652,54.79,45.228,-9.562,"bones_deactivated"
131,114.476,68.084,114.822,60.032,114.476,68.084,-0.346000000000004,8.05200000000001,54.79,46.392,-8.39800000000001,"bones_deactivated"
132,107.049,55.207,114.822,60.032,107.049,55.207,-7.773,-4.825,54.79,51.842,-2.948,"bones_deactivated"
133,109.173,61.144,114.822,60.032,109.173,61.144,-5.649,1.112,54.79,48.029,-6.761,"bones_deactivated"
134,109.528,62.589,114.822,60.032,109.528,62.589,-5.294,2.557,54.79,46.939,-7.851,"bones_deactivated"
135,111.588,64.172,114.822,60.032,111.588,64.172,-3.23400000000001,4.14,54.79,47.416,-7.37400000000001,"bones_deactivated"
136,109.573,53.811,114.822,60.032,109.573,53.811,-5.24900000000001,-6.221,54.79,55.762,0.971999999999987,"bones_deactivated"
137,111.645,59.169,114.822,60.032,111.645,59.169,-3.17700000000001,-0.863,54.79,52.476,-2.31400000000001,"bones_deactivated"
138,111.088,61.636,114.822,60.032,111.088,61.636,-3.73400000000001,1.60400000000001,54.79,49.452,-5.33800000000002,"bones_deactivated"
139,113.155,62.941,114.822,60.032,113.155,62.941,-1.667,2.90900000000001,54.79,50.214,-4.57600000000001,"bones_deactivated"
140,108.509,53.839,114.822,60.032,108.509,53.839,-6.313,-6.193,54.79,54.67,-0.120000000000005,"bones_deactivated"
141,110.424,58.713,114.822,60.032,110.424,58.713,-4.398,-1.319,54.79,51.711,-3.079,"bones_deactivated"
142,109.614,59.406,114.822,60.032,109.614,59.406,-5.208,-0.625999999999998,54.79,50.208,-4.582,"bones_deactivated"
143,111.508,60.957,114.822,60.032,111.508,60.957,-3.31400000000001,0.925000000000004,54.79,50.551,-4.23900000000001,"bones_deactivated"
144,121.441,62.821,114.822,60.032,121.441,62.821,6.619,2.789,54.79,58.62,3.83,"bones_deactivated"
145,123.383,66.873,114.822,60.032,123.383,66.873,8.56099999999999,6.84100000000001,54.79,56.51,1.71999999999998,"bones_deactivated"
146,123.746,80.36,114.822,60.032,123.746,80.36,8.92399999999999,20.328,54.79,43.386,-11.404,"bones_deactivated"
147,125.794,80.017,114.822,60.032,125.794,80.017,10.972,19.985,54.79,45.777,-9.01300000000001,"bones_deactivated"
148,118.831,62.811,114.822,60.032,118.831,62.811,4.009,2.779,54.79,56.02,1.23,"bones_deactivated"
149,120.54,66.247,114.822,60.032,120.54,66.247,5.718,6.215,54.79,54.293,-0.497,"bones_deactivated"
150,120.567,75.04,114.822,60.032,120.567,75.04,5.74499999999999,15.008,54.79,45.527,-9.26300000000002,"bones_deactivated"
151,122.377,75.056,114.822,60.032,122.377,75.056,7.55499999999999,15.024,54.79,47.321,-7.46900000000001,"bones_deactivated"
152,120.424,61.597,114.822,60.032,120.424,61.597,5.602,1.565,54.79,58.827,4.037,"bones_deactivated"
153,122.051,64.434,114.822,60.032,122.051,64.434,7.229,4.402,54.79,57.617,2.827,"bones_deactivated"
154,121.51,74,114.822,60.032,121.51,74,6.688,13.968,54.79,47.51,-7.28,"bones_deactivated"
155,123.114,73.531,114.822,60.032,123.114,73.531,8.292,13.499,54.79,49.583,-5.20700000000001,"bones_deactivated"
156,118.593,61.053,114.822,60.032,118.593,61.053,3.771,1.021,54.79,57.54,2.75,"bones_deactivated"
157,120.113,63.687,114.822,60.032,120.113,63.687,5.291,3.655,54.79,56.426,1.636,"bones_deactivated"
158,119.489,70.717,114.822,60.032,119.489,70.717,4.667,10.685,54.79,48.772,-6.018,"bones_deactivated"
159,120.991,70.624,114.822,60.032,120.991,70.624,6.169,10.592,54.79,50.367,-4.423,"bones_deactivated"
160,104.537,52.135,114.822,60.032,104.537,52.135,-10.285,-7.897,54.79,52.402,-2.388,"bones_deactivated"
161,107.753,58.943,114.822,60.032,107.753,58.943,-7.069,-1.089,54.79,48.81,-5.98,"bones_deactivated"
162,109.901,64.534,114.822,60.032,109.901,64.534,-4.92100000000001,4.50200000000001,54.79,45.367,-9.42300000000002,"bones_deactivated"
163,112.805,66.402,114.822,60.032,112.805,66.402,-2.017,6.37,54.79,46.403,-8.387,"bones_deactivated"
164,103.626,52.729,114.822,60.032,103.626,52.729,-11.196,-7.303,54.79,50.897,-3.893,"bones_deactivated"
165,106.012,58.621,114.822,60.032,106.012,58.621,-8.81,-1.41099999999999,54.79,47.391,-7.39900000000001,"bones_deactivated"
166,107.864,60.971,114.822,60.032,107.864,60.971,-6.958,0.939,54.79,46.893,-7.897,"bones_deactivated"
167,110.166,62.841,114.822,60.032,110.166,62.841,-4.65600000000001,2.809,54.79,47.325,-7.46500000000001,"bones_deactivated"
168,106.312,51.628,114.822,60.032,106.312,51.628,-8.51000000000001,-8.404,54.79,54.684,-0.106000000000009,"bones_deactivated"
169,108.524,56.914,114.822,60.032,108.524,56.914,-6.298,-3.11799999999999,54.79,51.61,-3.18000000000001,"bones_deactivated"
170,109.789,60.361,114.822,60.032,109.789,60.361,-5.033,0.329000000000001,54.79,49.428,-5.362,"bones_deactivated"
171,111.896,61.795,114.822,60.032,111.896,61.795,-2.926,1.76300000000001,54.79,50.101,-4.68900000000001,"bones_deactivated"
172,105.618,51.912,114.822,60.032,105.618,51.912,-9.20400000000001,-8.12,54.79,53.706,-1.08400000000001,"bones_deactivated"
173,107.567,56.601,114.822,60.032,107.567,56.601,-7.25500000000001,-3.431,54.79,50.966,-3.82400000000001,"bones_deactivated"
174,108.397,58.335,114.822,60.032,108.397,58.335,-6.425,-1.697,54.79,50.062,-4.728,"bones_deactivated"
175,110.295,59.933,114.822,60.032,110.295,59.933,-4.527,-0.0989999999999966,54.79,50.362,-4.428,"bones_deactivated"
176,121.204,62.093,114.822,60.032,121.204,62.093,6.38199999999999,2.06100000000001,54.79,59.111,4.32099999999998,"bones_deactivated"
177,122.844,66.083,114.822,60.032,122.844,66.083,8.02199999999999,6.051,54.79,56.761,1.97099999999999,"bones_deactivated"
180,118.389,62.213,114.822,60.032,118.389,62.213,3.56699999999999,2.181,54.79,56.176,1.38599999999999,"bones_deactivated"
181,119.792,65.45,114.822,60.032,119.792,65.45,4.97,5.41800000000001,54.79,54.342,-0.448000000000008,"bones_deactivated"
182,120.994,75.282,114.822,60.032,120.994,75.282,6.172,15.25,54.79,45.712,-9.078,"bones_deactivated"
183,122.383,75.023,114.822,60.032,122.383,75.023,7.56099999999999,14.991,54.79,47.36,-7.43000000000001,"bones_deactivated"
184,120.354,61.372,114.822,60.032,120.354,61.372,5.532,1.34,54.79,58.982,4.19199999999999,"bones_deactivated"
185,121.703,63.986,114.822,60.032,121.703,63.986,6.881,3.954,54.79,57.717,2.927,"bones_deactivated"
186,121.978,74.298,114.822,60.032,121.978,74.298,7.15599999999999,14.266,54.79,47.68,-7.11000000000001,"bones_deactivated"
187,123.289,73.668,114.822,60.032,123.289,73.668,8.467,13.636,54.79,49.621,-5.16900000000001,"bones_deactivated"
188,118.312,60.738,114.822,60.032,118.312,60.738,3.48999999999999,0.706000000000003,54.79,57.574,2.78399999999999,"bones_deactivated"
189,119.586,63.146,114.822,60.032,119.586,63.146,4.764,3.114,54.79,56.44,1.64999999999999,"bones_deactivated"
190,119.799,70.94,114.822,60.032,119.799,70.94,4.977,10.908,54.79,48.859,-5.931,"bones_deactivated"
191,121.05,70.696,114.822,60.032,121.05,70.696,6.22799999999999,10.664,54.79,50.354,-4.43600000000001,"bones_deactivated"
192,123.286,68.56,114.822,60.032,123.286,68.56,8.464,8.52800000000001,54.79,54.726,-0.0640000000000072,"bones_deactivated"
193,124.634,72.877,114.822,60.032,124.634,72.877,9.812,12.845,54.79,51.757,-3.033,"bones_deactivated"
194,126.276,78.475,114.822,60.032,126.276,78.475,11.454,18.443,54.79,47.801,-6.989,"bones_deactivated"
195,127.627,79.51,114.822,60.032,127.627,79.51,12.805,19.478,54.79,48.117,-6.67300000000002,"bones_deactivated"
196,121.838,68.522,114.822,60.032,121.838,68.522,7.01599999999999,8.49000000000001,54.79,53.316,-1.47400000000002,"bones_deactivated"
197,122.916,72.489,114.822,60.032,122.916,72.489,8.09399999999999,12.457,54.79,50.427,-4.36300000000001,"bones_deactivated"
198,124.374,74.862,114.822,60.032,124.374,74.862,9.55199999999999,14.83,54.79,49.512,-5.27800000000001,"bones_deactivated"
199,125.568,76.175,114.822,60.032,125.568,76.175,10.746,16.143,54.79,49.393,-5.39700000000001,"bones_deactivated"
200,123.809,66.343,114.822,60.032,123.809,66.343,8.98699999999999,6.31100000000001,54.79,57.466,2.67599999999999,"bones_deactivated"
201,124.728,70.146,114.822,60.032,124.728,70.146,9.90599999999999,10.114,54.79,54.582,-0.208000000000013,"bones_deactivated"
202,125.797,73.694,114.822,60.032,125.797,73.694,10.975,13.662,54.79,52.103,-2.68700000000001,"bones_deactivated"
203,126.809,74.596,114.822,60.032,126.809,74.596,11.987,14.564,54.79,52.213,-2.57700000000001,"bones_deactivated"
204,122.847,66.277,114.822,60.032,122.847,66.277,8.02499999999999,6.245,54.79,56.57,1.77999999999999,"bones_deactivated"
205,123.747,69.76,114.822,60.032,123.747,69.76,8.925,9.72800000000001,54.79,53.987,-0.803000000000011,"bones_deactivated"
206,124.52,71.795,114.822,60.032,124.52,71.795,9.69799999999999,11.763,54.79,52.725,-2.06500000000001,"bones_deactivated"
207,125.527,72.904,114.822,60.032,125.527,72.904,10.705,12.872,54.79,52.623,-2.167,"bones_deactivated"
208,127.632,69.311,114.822,60.032,127.632,69.311,12.81,9.27900000000001,54.79,58.321,3.53099999999999,"bones_deactivated"
209,128.844,73.091,114.822,60.032,128.844,73.091,14.022,13.059,54.79,55.753,0.962999999999994,"bones_deactivated"
210,130.793,84.571,114.822,60.032,130.793,84.571,15.971,24.539,54.79,46.222,-8.568,"bones_deactivated"
211,132.031,84.727,114.822,60.032,132.031,84.727,17.209,24.695,54.79,47.304,-7.486,"bones_deactivated"
212,125.585,69.374,114.822,60.032,125.585,69.374,10.763,9.342,54.79,56.211,1.42099999999999,"bones_deactivated"
213,126.591,72.646,114.822,60.032,126.591,72.646,11.769,12.614,54.79,53.945,-0.845000000000013,"bones_deactivated"
214,128.477,80.329,114.822,60.032,128.477,80.329,13.655,20.297,54.79,48.148,-6.642,"bones_deactivated"
215,129.553,80.722,114.822,60.032,129.553,80.722,14.731,20.69,54.79,48.831,-5.959,"bones_deactivated"
216,127.43,68.002,114.822,60.032,127.43,68.002,12.608,7.97,54.79,59.428,4.63800000000001,"bones_deactivated"
217,128.296,70.883,114.822,60.032,128.296,70.883,13.474,10.851,54.79,57.413,2.62299999999999,"bones_deactivated"
218,129.377,79.371,114.822,60.032,129.377,79.371,14.555,19.339,54.79,50.006,-4.78399999999999,"bones_deactivated"
219,130.272,79.237,114.822,60.032,130.272,79.237,15.45,19.205,54.79,51.035,-3.75500000000001,"bones_deactivated"
220,126.077,67.794,114.822,60.032,126.077,67.794,11.255,7.762,54.79,58.283,3.49299999999999,"bones_deactivated"
221,126.887,70.391,114.822,60.032,126.887,70.391,12.065,10.359,54.79,56.496,1.70599999999999,"bones_deactivated"
222,127.899,76.888,114.822,60.032,127.899,76.888,13.077,16.856,54.79,51.011,-3.77900000000001,"bones_deactivated"
223,128.761,77.006,114.822,60.032,128.761,77.006,13.939,16.974,54.79,51.755,-3.03500000000001,"bones_deactivated"
224,123.236,67.535,114.822,60.032,123.236,67.535,8.414,7.503,54.79,55.701,0.911000000000001,"bones_deactivated"
225,124.978,72.01,114.822,60.032,124.978,72.01,10.156,11.978,54.79,52.968,-1.82200000000002,"bones_deactivated"
226,127.116,79.256,114.822,60.032,127.116,79.256,12.294,19.224,54.79,47.86,-6.93000000000001,"bones_deactivated"
228,122.08,67.714,114.822,60.032,122.08,67.714,7.258,7.682,54.79,54.366,-0.424000000000007,"bones_deactivated"
229,123.446,71.686,114.822,60.032,123.446,71.686,8.624,11.654,54.79,51.76,-3.03000000000002,"bones_deactivated"
230,125.33,75.696,114.822,60.032,125.33,75.696,10.508,15.664,54.79,49.634,-5.15600000000001,"bones_deactivated"
231,126.593,76.949,114.822,60.032,126.593,76.949,11.771,16.917,54.79,49.644,-5.146,"bones_deactivated"
232,124.292,66.023,114.822,60.032,124.292,66.023,9.47,5.991,54.79,58.269,3.479,"bones_deactivated"
233,125.428,69.736,114.822,60.032,125.428,69.736,10.606,9.70400000000001,54.79,55.692,0.901999999999987,"bones_deactivated"
234,127.005,74.829,114.822,60.032,127.005,74.829,12.183,14.797,54.79,52.176,-2.614,"bones_deactivated"
235,128.075,75.661,114.822,60.032,128.075,75.661,13.253,15.629,54.79,52.414,-2.37600000000002,"bones_deactivated"
236,123.395,66.009,114.822,60.032,123.395,66.009,8.57299999999999,5.977,54.79,57.386,2.59599999999999,"bones_deactivated"
237,124.469,69.359,114.822,60.032,124.469,69.359,9.64699999999999,9.327,54.79,55.11,0.319999999999993,"bones_deactivated"
238,125.734,72.9,114.822,60.032,125.734,72.9,10.912,12.868,54.79,52.834,-1.95600000000002,"bones_deactivated"
239,126.774,73.892,114.822,60.032,126.774,73.892,11.952,13.86,54.79,52.882,-1.908,"bones_deactivated"
240,128.144,69.298,114.822,60.032,128.144,69.298,13.322,9.26600000000001,54.79,58.846,4.056,"bones_deactivated"
241,129.178,72.933,114.822,60.032,129.178,72.933,14.356,12.901,54.79,56.245,1.45499999999998,"bones_deactivated"
244,126.384,69.701,114.822,60.032,126.384,69.701,11.562,9.669,54.79,56.683,1.893,"bones_deactivated"
245,127.221,72.728,114.822,60.032,127.221,72.728,12.399,12.696,54.79,54.493,-0.296999999999997,"bones_deactivated"
248,128.648,68.819,114.822,60.032,128.648,68.819,13.826,8.78700000000001,54.79,59.829,5.03899999999999,"bones_deactivated"
249,129.37,71.423,114.822,60.032,129.37,71.423,14.548,11.391,54.79,57.947,3.157,"bones_deactivated"
252,127.452,68.747,114.822,60.032,127.452,68.747,12.63,8.715,54.79,58.705,3.91499999999999,"bones_deactivated"
253,128.12,71.04,114.822,60.032,128.12,71.04,13.298,11.008,54.79,57.08,2.28999999999999,"bones_deactivated"
256,107.242,55.201,114.822,60.032,107.242,55.201,-7.58,-4.831,54.79,52.041,-2.749,"bones_deactivated"
257,111.553,65.586,114.822,60.032,111.553,65.586,-3.26900000000001,5.554,54.79,45.967,-8.82300000000001,"bones_deactivated"
258,114.873,75.399,114.822,60.032,114.873,75.399,0.0510000000000019,15.367,54.79,39.474,-15.316,"bones_deactivated"
259,117.699,76.256,114.822,60.032,117.699,76.256,2.877,16.224,54.79,41.443,-13.347,"bones_deactivated"
260,105.858,54.287,114.822,60.032,105.858,54.287,-8.964,-5.745,54.79,51.571,-3.219,"bones_deactivated"
261,109.476,63.43,114.822,60.032,109.476,63.43,-5.346,3.398,54.79,46.046,-8.74400000000001,"bones_deactivated"
262,111.983,69.034,114.822,60.032,111.983,69.034,-2.839,9.00200000000001,54.79,42.949,-11.841,"bones_deactivated"
263,114.546,70.037,114.822,60.032,114.546,70.037,-0.275999999999996,10.005,54.79,44.509,-10.281,"bones_deactivated"
264,108.765,53.539,114.822,60.032,108.765,53.539,-6.057,-6.49299999999999,54.79,55.226,0.435999999999993,"bones_deactivated"
265,112.156,61.253,114.822,60.032,112.156,61.253,-2.666,1.221,54.79,50.903,-3.887,"bones_deactivated"
266,113.488,67.884,114.822,60.032,113.488,67.884,-1.334,7.852,54.79,45.604,-9.18600000000001,"bones_deactivated"
267,115.92,68.101,114.822,60.032,115.92,68.101,1.098,8.069,54.79,47.819,-6.971,"bones_deactivated"
268,107.758,53.214,114.822,60.032,107.758,53.214,-7.06400000000001,-6.818,54.79,54.544,-0.246000000000009,"bones_deactivated"
269,110.877,60.095,114.822,60.032,110.877,60.095,-3.94500000000001,0.0630000000000024,54.79,50.782,-4.00800000000001,"bones_deactivated"
270,111.604,64.146,114.822,60.032,111.604,64.146,-3.218,4.114,54.79,47.458,-7.33200000000001,"bones_deactivated"
271,113.835,64.741,114.822,60.032,113.835,64.741,-0.987000000000009,4.709,54.79,49.094,-5.69600000000001,"bones_deactivated"
272,121.952,70.311,114.822,60.032,121.952,70.311,7.13,10.279,54.79,51.641,-3.14900000000002,"bones_deactivated"
273,123.918,74.26,114.822,60.032,123.918,74.26,9.096,14.228,54.79,49.658,-5.13200000000001,"bones_deactivated"
274,127.403,92.299,114.822,60.032,127.403,92.299,12.581,32.267,54.79,35.104,-19.686,"bones_deactivated"
275,128.853,90.485,114.822,60.032,128.853,90.485,14.031,30.453,54.79,38.368,-16.422,"bones_deactivated"
276,120.534,67.798,114.822,60.032,120.534,67.798,5.712,7.76600000000001,54.79,52.736,-2.054,"bones_deactivated"
277,122.381,71.454,114.822,60.032,122.381,71.454,7.559,11.422,54.79,50.927,-3.863,"bones_deactivated"
278,124.447,85.788,114.822,60.032,124.447,85.788,9.625,25.756,54.79,38.659,-16.131,"bones_deactivated"
279,125.955,84.227,114.822,60.032,125.955,84.227,11.133,24.195,54.79,41.728,-13.062,"bones_deactivated"
280,122.642,66.89,114.822,60.032,122.642,66.89,7.81999999999999,6.858,54.79,55.752,0.961999999999989,"bones_deactivated"
281,124.361,69.473,114.822,60.032,124.361,69.473,9.539,9.441,54.79,54.888,0.097999999999999,"bones_deactivated"
282,125.576,84.463,114.822,60.032,125.576,84.463,10.754,24.431,54.79,41.113,-13.677,"bones_deactivated"
283,126.954,82.169,114.822,60.032,126.954,82.169,12.132,22.137,54.79,44.785,-10.005,"bones_deactivated"
284,121.06,65.312,114.822,60.032,121.06,65.312,6.238,5.28,54.79,55.748,0.957999999999998,"bones_deactivated"
285,122.725,67.881,114.822,60.032,122.725,67.881,7.90299999999999,7.849,54.79,54.844,0.0539999999999878,"bones_deactivated"
286,123.572,80.043,114.822,60.032,123.572,80.043,8.75,20.011,54.79,43.529,-11.261,"bones_deactivated"
287,124.943,78.225,114.822,60.032,124.943,78.225,10.121,18.193,54.79,46.718,-8.072,"bones_deactivated"
288,104.151,52.536,114.822,60.032,104.151,52.536,-10.671,-7.496,54.79,51.615,-3.17500000000001,"bones_deactivated"
289,109.102,63.251,114.822,60.032,109.102,63.251,-5.72,3.219,54.79,45.851,-8.939,"bones_deactivated"
290,113.521,73.799,114.822,60.032,113.521,73.799,-1.301,13.767,54.79,39.722,-15.068,"bones_deactivated"
291,116.534,75.073,114.822,60.032,116.534,75.073,1.712,15.041,54.79,41.461,-13.329,"bones_deactivated"
292,103.833,52.437,114.822,60.032,103.833,52.437,-10.989,-7.595,54.79,51.396,-3.39400000000001,"bones_deactivated"
293,107.677,61.426,114.822,60.032,107.677,61.426,-7.145,1.39400000000001,54.79,46.251,-8.539,"bones_deactivated"
294,110.921,67.904,114.822,60.032,110.921,67.904,-3.901,7.872,54.79,43.017,-11.773,"bones_deactivated"
295,113.668,69.225,114.822,60.032,113.668,69.225,-1.154,9.193,54.79,44.443,-10.347,"bones_deactivated"
296,107.091,52.124,114.822,60.032,107.091,52.124,-7.73100000000001,-7.90799999999999,54.79,54.967,0.176999999999985,"bones_deactivated"
297,110.479,59.64,114.822,60.032,110.479,59.64,-4.343,-0.391999999999996,54.79,50.839,-3.95100000000001,"bones_deactivated"
298,113.093,67.32,114.822,60.032,113.093,67.32,-1.729,7.288,54.79,45.773,-9.017,"bones_deactivated"
299,115.594,67.763,114.822,60.032,115.594,67.763,0.771999999999991,7.73100000000001,54.79,47.831,-6.95900000000002,"bones_deactivated"
300,106.435,52.09,114.822,60.032,106.435,52.09,-8.387,-7.94199999999999,54.79,54.345,-0.445000000000007,"bones_deactivated"
301,109.428,58.645,114.822,60.032,109.428,58.645,-5.39400000000001,-1.38699999999999,54.79,50.783,-4.00700000000001,"bones_deactivated"
302,111.332,63.82,114.822,60.032,111.332,63.82,-3.49000000000001,3.788,54.79,47.512,-7.27800000000001,"bones_deactivated"
303,113.645,64.564,114.822,60.032,113.645,64.564,-1.17700000000001,4.532,54.79,49.081,-5.709,"bones_deactivated"
304,121.811,70.188,114.822,60.032,121.811,70.188,6.989,10.156,54.79,51.623,-3.167,"bones_deactivated"
305,123.357,73.675,114.822,60.032,123.357,73.675,8.535,13.643,54.79,49.682,-5.108,"bones_deactivated"
306,127.299,92.07,114.822,60.032,127.299,92.07,12.477,32.038,54.79,35.229,-19.561,"bones_deactivated"
307,128.293,89.867,114.822,60.032,128.293,89.867,13.471,29.835,54.79,38.426,-16.364,"bones_deactivated"
308,120.076,67.444,114.822,60.032,120.076,67.444,5.25399999999999,7.41200000000001,54.79,52.632,-2.15800000000002,"bones_deactivated"
309,121.553,70.66,114.822,60.032,121.553,70.66,6.73099999999999,10.628,54.79,50.893,-3.89700000000001,"bones_deactivated"
310,124.125,85.288,114.822,60.032,124.125,85.288,9.303,25.256,54.79,38.837,-15.953,"bones_deactivated"
311,125.239,83.49,114.822,60.032,125.239,83.49,10.417,23.458,54.79,41.749,-13.041,"bones_deactivated"
312,122.608,66.961,114.822,60.032,122.608,66.961,7.786,6.929,54.79,55.647,0.856999999999999,"bones_deactivated"
313,123.978,69.11,114.822,60.032,123.978,69.11,9.15599999999999,9.078,54.79,54.868,0.0779999999999887,"bones_deactivated"
314,125.618,84.313,114.822,60.032,125.618,84.313,10.796,24.281,54.79,41.305,-13.485,"bones_deactivated"
315,126.711,81.916,114.822,60.032,126.711,81.916,11.889,21.884,54.79,44.795,-9.995,"bones_deactivated"
316,120.813,65.193,114.822,60.032,120.813,65.193,5.991,5.161,54.79,55.62,0.829999999999998,"bones_deactivated"
317,122.161,67.36,114.822,60.032,122.161,67.36,7.339,7.328,54.79,54.801,0.0109999999999957,"bones_deactivated"
318,123.423,79.732,114.822,60.032,123.423,79.732,8.601,19.7,54.79,43.691,-11.099,"bones_deactivated"
319,124.553,77.853,114.822,60.032,124.553,77.853,9.73099999999999,17.821,54.79,46.7,-8.09,"bones_deactivated"
320,124.546,73.563,114.822,60.032,124.546,73.563,9.724,13.531,54.79,50.983,-3.807,"bones_deactivated"
321,125.702,78.351,114.822,60.032,125.702,78.351,10.88,18.319,54.79,47.351,-7.43900000000001,"bones_deactivated"
322,129.169,87.833,114.822,60.032,129.169,87.833,14.347,27.801,54.79,41.336,-13.454,"bones_deactivated"
323,129.929,87.614,114.822,60.032,129.929,87.614,15.107,27.582,54.79,42.315,-12.475,"bones_deactivated"
324,123.62,72.001,114.822,60.032,123.62,72.001,8.798,11.969,54.79,51.619,-3.17100000000001,"bones_deactivated"
325,124.675,76.841,114.822,60.032,124.675,76.841,9.85299999999999,16.809,54.79,47.834,-6.956,"bones_deactivated"
326,127.5,82.447,114.822,60.032,127.5,82.447,12.678,22.415,54.79,45.053,-9.73700000000001,"bones_deactivated"
327,128.328,82.728,114.822,60.032,128.328,82.728,13.506,22.696,54.79,45.6,-9.19,"bones_deactivated"
328,126.173,70.023,114.822,60.032,126.173,70.023,11.351,9.991,54.79,56.15,1.36,"bones_deactivated"
329,126.971,74.369,114.822,60.032,126.971,74.369,12.149,14.337,54.79,52.602,-2.188,"bones_deactivated"
330,129.396,81.459,114.822,60.032,129.396,81.459,14.574,21.427,54.79,47.937,-6.85300000000002,"bones_deactivated"
331,130.114,80.936,114.822,60.032,130.114,80.936,15.292,20.904,54.79,49.178,-5.61200000000001,"bones_deactivated"
332,125.298,69.326,114.822,60.032,125.298,69.326,10.476,9.294,54.79,55.972,1.182,"bones_deactivated"
333,126.137,73.417,114.822,60.032,126.137,73.417,11.315,13.385,54.79,52.72,-2.07000000000001,"bones_deactivated"
334,128.096,78.388,114.822,60.032,128.096,78.388,13.274,18.356,54.79,49.708,-5.08200000000001,"bones_deactivated"
335,128.874,78.303,114.822,60.032,128.874,78.303,14.052,18.271,54.79,50.571,-4.21900000000001,"bones_deactivated"
336,128.022,76.052,114.822,60.032,128.022,76.052,13.2,16.02,54.79,51.97,-2.82000000000002,"bones_deactivated"
337,128.811,79.565,114.822,60.032,128.811,79.565,13.989,19.533,54.79,49.246,-5.544,"bones_deactivated"
338,132.848,94.801,114.822,60.032,132.848,94.801,18.026,34.769,54.79,38.047,-16.743,"bones_deactivated"
339,133.494,93.53,114.822,60.032,133.494,93.53,18.672,33.498,54.79,39.964,-14.826,"bones_deactivated"
340,126.885,73.921,114.822,60.032,126.885,73.921,12.063,13.889,54.79,52.964,-1.82600000000001,"bones_deactivated"
341,127.681,77.438,114.822,60.032,127.681,77.438,12.859,17.406,54.79,50.243,-4.54700000000001,"bones_deactivated"
342,130.81,89.078,114.822,60.032,130.81,89.078,15.988,29.046,54.79,41.732,-13.058,"bones_deactivated"
343,131.488,88.109,114.822,60.032,131.488,88.109,16.666,28.077,54.79,43.379,-11.411,"bones_deactivated"
344,129.36,72.782,114.822,60.032,129.36,72.782,14.538,12.75,54.79,56.578,1.78800000000001,"bones_deactivated"
345,130.037,75.649,114.822,60.032,130.037,75.649,15.215,15.617,54.79,54.388,-0.402000000000001,"bones_deactivated"
346,132.276,88.096,114.822,60.032,132.276,88.096,17.454,28.064,54.79,44.18,-10.61,"bones_deactivated"
347,132.856,86.344,114.822,60.032,132.856,86.344,18.034,26.312,54.79,46.512,-8.27800000000001,"bones_deactivated"
348,128.224,71.743,114.822,60.032,128.224,71.743,13.402,11.711,54.79,56.481,1.69099999999999,"bones_deactivated"
349,128.914,74.452,114.822,60.032,128.914,74.452,14.092,14.42,54.79,54.462,-0.328000000000017,"bones_deactivated"
350,130.884,84.55,114.822,60.032,130.884,84.55,16.062,24.518,54.79,46.334,-8.45600000000002,"bones_deactivated"
351,131.495,83.208,114.822,60.032,131.495,83.208,16.673,23.176,54.79,48.287,-6.503,"bones_deactivated"
352,124.294,72.733,114.822,60.032,124.294,72.733,9.47199999999999,12.701,54.79,51.561,-3.22900000000001,"bones_deactivated"
353,125.696,77.631,114.822,60.032,125.696,77.631,10.874,17.599,54.79,48.065,-6.72500000000001,"bones_deactivated"
354,129.457,88.558,114.822,60.032,129.457,88.558,14.635,28.526,54.79,40.899,-13.891,"bones_deactivated"
356,123.599,71.243,114.822,60.032,123.599,71.243,8.777,11.211,54.79,52.356,-2.434,"bones_deactivated"
357,124.864,76.083,114.822,60.032,124.864,76.083,10.042,16.051,54.79,48.781,-6.009,"bones_deactivated"
358,127.88,83.158,114.822,60.032,127.88,83.158,13.058,23.126,54.79,44.722,-10.068,"bones_deactivated"
359,128.765,83.344,114.822,60.032,128.765,83.344,13.943,23.312,54.79,45.421,-9.36900000000001,"bones_deactivated"
360,126.29,69.691,114.822,60.032,126.29,69.691,11.468,9.65900000000001,54.79,56.599,1.809,"bones_deactivated"
361,127.259,73.925,114.822,60.032,127.259,73.925,12.437,13.893,54.79,53.334,-1.456,"bones_deactivated"
362,129.943,82.289,114.822,60.032,129.943,82.289,15.121,22.257,54.79,47.654,-7.136,"bones_deactivated"
363,130.684,81.702,114.822,60.032,130.684,81.702,15.862,21.67,54.79,48.982,-5.80800000000001,"bones_deactivated"
364,125.461,69.002,114.822,60.032,125.461,69.002,10.639,8.97,54.79,56.459,1.669,"bones_deactivated"
365,126.453,72.943,114.822,60.032,126.453,72.943,11.631,12.911,54.79,53.51,-1.28,"bones_deactivated"
366,128.643,79.182,114.822,60.032,128.643,79.182,13.821,19.15,54.79,49.461,-5.32900000000001,"bones_deactivated"
367,129.439,79.002,114.822,60.032,129.439,79.002,14.617,18.97,54.79,50.437,-4.35300000000001,"bones_deactivated"
368,128.376,76.411,114.822,60.032,128.376,76.411,13.554,16.379,54.79,51.965,-2.825,"bones_deactivated"
369,128.985,79.631,114.822,60.032,128.985,79.631,14.163,19.599,54.79,49.354,-5.43599999999999,"bones_deactivated"
372,127.501,74.463,114.822,60.032,127.501,74.463,12.679,14.431,54.79,53.038,-1.752,"bones_deactivated"
373,128.132,77.64,114.822,60.032,128.132,77.64,13.31,17.608,54.79,50.492,-4.298,"bones_deactivated"
374,131.53,90.103,114.822,60.032,131.53,90.103,16.708,30.071,54.79,41.427,-13.363,"bones_deactivated"
376,130.262,73.701,114.822,60.032,130.262,73.701,15.44,13.669,54.79,56.561,1.771,"bones_deactivated"
377,130.781,76.196,114.822,60.032,130.781,76.196,15.959,16.164,54.79,54.585,-0.204999999999998,"bones_deactivated"
378,133.38,89.523,114.822,60.032,133.38,89.523,18.558,29.491,54.79,43.857,-10.933,"bones_deactivated"
379,133.725,87.49,114.822,60.032,133.725,87.49,18.903,27.458,54.79,46.235,-8.55500000000001,"bones_deactivated"
380,129.267,72.756,114.822,60.032,129.267,72.756,14.445,12.724,54.79,56.511,1.72099999999999,"bones_deactivated"
381,129.803,75.073,114.822,60.032,129.803,75.073,14.981,15.041,54.79,54.73,-0.0600000000000023,"bones_deactivated"
382,132.118,86.125,114.822,60.032,132.118,86.125,17.296,26.093,54.79,45.993,-8.79700000000001,"bones_deactivated"
383,132.505,84.498,114.822,60.032,132.505,84.498,17.683,24.466,54.79,48.007,-6.78300000000002,"bones_deactivated"
384,105.446,53.556,114.822,60.032,105.446,53.556,-9.376,-6.476,54.79,51.89,-2.90000000000001,"bones_deactivated"
385,107.922,60.232,114.822,60.032,107.922,60.232,-6.90000000000001,0.200000000000003,54.79,47.69,-7.10000000000001,"bones_deactivated"
386,108.807,63.683,114.822,60.032,108.807,63.683,-6.015,3.651,54.79,45.124,-9.666,"bones_deactivated"
387,110.834,64.959,114.822,60.032,110.834,64.959,-3.988,4.92700000000001,54.79,45.875,-8.91500000000001,"bones_deactivated"
388,104.344,53.679,114.822,60.032,104.344,53.679,-10.478,-6.35299999999999,54.79,50.665,-4.12500000000001,"bones_deactivated"
389,106.424,59.613,114.822,60.032,106.424,59.613,-8.398,-0.418999999999997,54.79,46.811,-7.979,"bones_deactivated"
390,107.099,60.443,114.822,60.032,107.099,60.443,-7.723,0.411000000000001,54.79,46.656,-8.134,"bones_deactivated"
391,108.862,62.031,114.822,60.032,108.862,62.031,-5.96000000000001,1.999,54.79,46.831,-7.95900000000001,"bones_deactivated"
392,106.39,52.315,114.822,60.032,106.39,52.315,-8.432,-7.717,54.79,54.075,-0.715000000000003,"bones_deactivated"
393,108.382,57.7,114.822,60.032,108.382,57.7,-6.44,-2.33199999999999,54.79,50.682,-4.108,"bones_deactivated"
394,108.334,59.509,114.822,60.032,108.334,59.509,-6.488,-0.522999999999996,54.79,48.825,-5.965,"bones_deactivated"
395,110.197,60.871,114.822,60.032,110.197,60.871,-4.625,0.839000000000006,54.79,49.326,-5.46400000000001,"bones_deactivated"
396,105.775,52.457,114.822,60.032,105.775,52.457,-9.047,-7.575,54.79,53.318,-1.472,"bones_deactivated"
397,107.621,57.279,114.822,60.032,107.621,57.279,-7.20100000000001,-2.75299999999999,54.79,50.342,-4.44800000000001,"bones_deactivated"
398,107.283,57.707,114.822,60.032,107.283,57.707,-7.539,-2.325,54.79,49.576,-5.21400000000001,"bones_deactivated"
399,109.015,59.285,114.822,60.032,109.015,59.285,-5.807,-0.747,54.79,49.73,-5.06,"bones_deactivated"
400,116.573,60.368,114.822,60.032,116.573,60.368,1.75099999999999,0.336000000000006,54.79,56.205,1.41499999999998,"bones_deactivated"
401,118.208,64.514,114.822,60.032,118.208,64.514,3.386,4.482,54.79,53.694,-1.096,"bones_deactivated"
402,119.528,76.289,114.822,60.032,119.528,76.289,4.706,16.257,54.79,43.239,-11.551,"bones_deactivated"
403,121.303,76.144,114.822,60.032,121.303,76.144,6.48099999999999,16.112,54.79,45.159,-9.63100000000001,"bones_deactivated"
404,115.137,60.618,114.822,60.032,115.137,60.618,0.314999999999998,0.586000000000006,54.79,54.519,-0.271000000000008,"bones_deactivated"
405,116.575,64.091,114.822,60.032,116.575,64.091,1.753,4.059,54.79,52.484,-2.306,"bones_deactivated"
406,117.013,71.687,114.822,60.032,117.013,71.687,2.191,11.655,54.79,45.326,-9.464,"bones_deactivated"
407,118.592,71.873,114.822,60.032,118.592,71.873,3.77,11.841,54.79,46.719,-8.07100000000001,"bones_deactivated"
408,116.851,59.559,114.822,60.032,116.851,59.559,2.029,-0.472999999999999,54.79,57.292,2.502,"bones_deactivated"
409,118.321,62.535,114.822,60.032,118.321,62.535,3.499,2.503,54.79,55.786,0.995999999999995,"bones_deactivated"
410,118.317,71.16,114.822,60.032,118.317,71.16,3.49499999999999,11.128,54.79,47.157,-7.63300000000001,"bones_deactivated"
411,119.829,70.902,114.822,60.032,119.829,70.902,5.00699999999999,10.87,54.79,48.927,-5.86300000000001,"bones_deactivated"
412,115.482,59.221,114.822,60.032,115.482,59.221,0.659999999999997,-0.811,54.79,56.261,1.471,"bones_deactivated"
413,116.868,61.922,114.822,60.032,116.868,61.922,2.04599999999999,1.89,54.79,54.946,0.155999999999992,"bones_deactivated"
414,116.625,68.249,114.822,60.032,116.625,68.249,1.803,8.217,54.79,48.376,-6.414,"bones_deactivated"
415,118.027,68.321,114.822,60.032,118.027,68.321,3.205,8.289,54.79,49.706,-5.084,"bones_deactivated"
416,100.689,50.602,114.822,60.032,100.689,50.602,-14.133,-9.43,54.79,50.087,-4.70300000000001,"bones_deactivated"
417,103.526,57.331,114.822,60.032,103.526,57.331,-11.296,-2.70099999999999,54.79,46.195,-8.59500000000001,"bones_deactivated"
418,106.108,60.883,114.822,60.032,106.108,60.883,-8.714,0.851000000000006,54.79,45.225,-9.565,"bones_deactivated"
419,108.552,62.756,114.822,60.032,108.552,62.756,-6.27,2.724,54.79,45.796,-8.994,"bones_deactivated"
420,100.708,51.212,114.822,60.032,100.708,51.212,-14.114,-8.81999999999999,54.79,49.496,-5.29400000000001,"bones_deactivated"
421,102.868,57.018,114.822,60.032,102.868,57.018,-11.954,-3.014,54.79,45.85,-8.94000000000001,"bones_deactivated"
422,104.856,58.308,114.822,60.032,104.856,58.308,-9.96600000000001,-1.724,54.79,46.548,-8.24200000000001,"bones_deactivated"
423,106.852,60.221,114.822,60.032,106.852,60.221,-7.97,0.189,54.79,46.631,-8.159,"bones_deactivated"
424,102.852,50.071,114.822,60.032,102.852,50.071,-11.97,-9.961,54.79,52.781,-2.009,"bones_deactivated"
425,104.848,55.336,114.822,60.032,104.848,55.336,-9.974,-4.696,54.79,49.512,-5.27800000000001,"bones_deactivated"
426,106.449,57.75,114.822,60.032,106.449,57.75,-8.373,-2.282,54.79,48.699,-6.09100000000001,"bones_deactivated"
427,108.319,59.244,114.822,60.032,108.319,59.244,-6.503,-0.787999999999997,54.79,49.075,-5.715,"bones_deactivated"
428,102.628,50.437,114.822,60.032,102.628,50.437,-12.194,-9.595,54.79,52.191,-2.599,"bones_deactivated"
429,104.401,55.061,114.822,60.032,104.401,55.061,-10.421,-4.971,54.79,49.34,-5.45000000000001,"bones_deactivated"
430,105.528,56.199,114.822,60.032,105.528,56.199,-9.294,-3.833,54.79,49.329,-5.461,"bones_deactivated"
431,107.208,57.81,114.822,60.032,107.208,57.81,-7.614,-2.22199999999999,54.79,49.398,-5.39200000000001,"bones_deactivated"
432,115.927,59.423,114.822,60.032,115.927,59.423,1.105,-0.608999999999995,54.79,56.504,1.714,"bones_deactivated"
433,117.36,63.525,114.822,60.032,117.36,63.525,2.538,3.493,54.79,53.835,-0.955000000000005,"bones_deactivated"
434,119.789,76.229,114.822,60.032,119.789,76.229,4.967,16.197,54.79,43.56,-11.23,"bones_deactivated"
435,121.21,75.864,114.822,60.032,121.21,75.864,6.38799999999999,15.832,54.79,45.346,-9.44400000000002,"bones_deactivated"
436,114.445,59.817,114.822,60.032,114.445,59.817,-0.37700000000001,-0.214999999999996,54.79,54.628,-0.162000000000013,"bones_deactivated"
437,115.698,63.169,114.822,60.032,115.698,63.169,0.875999999999991,3.137,54.79,52.529,-2.26100000000001,"bones_deactivated"
438,117.321,71.793,114.822,60.032,117.321,71.793,2.499,11.761,54.79,45.528,-9.26200000000001,"bones_deactivated"
439,118.615,71.799,114.822,60.032,118.615,71.799,3.79299999999999,11.767,54.79,46.816,-7.97400000000002,"bones_deactivated"
440,116.325,58.971,114.822,60.032,116.325,58.971,1.503,-1.061,54.79,57.354,2.564,"bones_deactivated"
441,117.577,61.788,114.822,60.032,117.577,61.788,2.755,1.756,54.79,55.789,0.998999999999995,"bones_deactivated"
442,118.422,71.103,114.822,60.032,118.422,71.103,3.59999999999999,11.071,54.79,47.319,-7.471,"bones_deactivated"
443,119.673,70.701,114.822,60.032,119.673,70.701,4.851,10.669,54.79,48.972,-5.818,"bones_deactivated"
444,114.773,58.555,114.822,60.032,114.773,58.555,-0.0490000000000066,-1.477,54.79,56.218,1.42799999999999,"bones_deactivated"
445,115.966,61.099,114.822,60.032,115.966,61.099,1.14399999999999,1.067,54.79,54.867,0.0769999999999911,"bones_deactivated"
446,116.599,68.141,114.822,60.032,116.599,68.141,1.777,8.10900000000001,54.79,48.458,-6.33200000000001,"bones_deactivated"
447,117.785,68.085,114.822,60.032,117.785,68.085,2.96299999999999,8.053,54.79,49.7,-5.09,"bones_deactivated"
448,118.286,66.577,114.822,60.032,118.286,66.577,3.464,6.545,54.79,51.709,-3.081,"bones_deactivated"
449,119.725,70.887,114.822,60.032,119.725,70.887,4.90299999999999,10.855,54.79,48.838,-5.95200000000001,"bones_deactivated"
450,122.198,75.122,114.822,60.032,122.198,75.122,7.37599999999999,15.09,54.79,47.076,-7.71400000000001,"bones_deactivated"
451,123.519,76.305,114.822,60.032,123.519,76.305,8.697,16.273,54.79,47.214,-7.57600000000001,"bones_deactivated"
452,117.571,66.472,114.822,60.032,117.571,66.472,2.749,6.44,54.79,51.099,-3.691,"bones_deactivated"
453,118.779,70.501,114.822,60.032,118.779,70.501,3.95699999999999,10.469,54.79,48.278,-6.51200000000001,"bones_deactivated"
454,120.731,72.059,114.822,60.032,120.731,72.059,5.90899999999999,12.027,54.79,48.672,-6.11800000000001,"bones_deactivated"
455,121.976,73.544,114.822,60.032,121.976,73.544,7.154,13.512,54.79,48.432,-6.358,"bones_deactivated"
456,119.527,64.365,114.822,60.032,119.527,64.365,4.705,4.333,54.79,55.162,0.372,"bones_deactivated"
457,120.55,68.269,114.822,60.032,120.55,68.269,5.72799999999999,8.23700000000001,54.79,52.281,-2.50900000000001,"bones_deactivated"
458,121.975,70.902,114.822,60.032,121.975,70.902,7.15299999999999,10.87,54.79,51.073,-3.71700000000001,"bones_deactivated"
459,123.089,72.03,114.822,60.032,123.089,72.03,8.267,11.998,54.79,51.059,-3.73100000000001,"bones_deactivated"
460,118.932,64.314,114.822,60.032,118.932,64.314,4.11,4.282,54.79,54.618,-0.171999999999997,"bones_deactivated"
461,119.934,67.88,114.822,60.032,119.934,67.88,5.11199999999999,7.848,54.79,52.054,-2.736,"bones_deactivated"
462,120.986,69.285,114.822,60.032,120.986,69.285,6.164,9.253,54.79,51.701,-3.089,"bones_deactivated"
463,122.072,70.568,114.822,60.032,122.072,70.568,7.25,10.536,54.79,51.504,-3.286,"bones_deactivated"
464,122.671,67.303,114.822,60.032,122.671,67.303,7.849,7.271,54.79,55.368,0.578000000000003,"bones_deactivated"
465,123.764,71.021,114.822,60.032,123.764,71.021,8.94199999999999,10.989,54.79,52.743,-2.04700000000001,"bones_deactivated"
466,126.722,81.091,114.822,60.032,126.722,81.091,11.9,21.059,54.79,45.631,-9.15900000000001,"bones_deactivated"
467,127.943,81.51,114.822,60.032,127.943,81.51,13.121,21.478,54.79,46.433,-8.35700000000001,"bones_deactivated"
468,121.695,67.484,114.822,60.032,121.695,67.484,6.87299999999999,7.452,54.79,54.211,-0.579000000000008,"bones_deactivated"
469,122.687,70.793,114.822,60.032,122.687,70.793,7.86499999999999,10.761,54.79,51.894,-2.89600000000002,"bones_deactivated"
470,125.088,77.547,114.822,60.032,125.088,77.547,10.266,17.515,54.79,47.541,-7.24900000000001,"bones_deactivated"
471,126.197,78.188,114.822,60.032,126.197,78.188,11.375,18.156,54.79,48.009,-6.78100000000001,"bones_deactivated"
472,123.588,66.063,114.822,60.032,123.588,66.063,8.76599999999999,6.03100000000001,54.79,57.525,2.73499999999999,"bones_deactivated"
473,124.502,69.079,114.822,60.032,124.502,69.079,9.67999999999999,9.047,54.79,55.423,0.632999999999996,"bones_deactivated"
474,126.146,76.728,114.822,60.032,126.146,76.728,11.324,16.696,54.79,49.418,-5.372,"bones_deactivated"
475,127.1,76.847,114.822,60.032,127.1,76.847,12.278,16.815,54.79,50.253,-4.53700000000001,"bones_deactivated"
476,122.637,65.951,114.822,60.032,122.637,65.951,7.815,5.919,54.79,56.686,1.896,"bones_deactivated"
477,123.502,68.656,114.822,60.032,123.502,68.656,8.67999999999999,8.62400000000001,54.79,54.846,0.0559999999999832,"bones_deactivated"
478,124.95,74.554,114.822,60.032,124.95,74.554,10.128,14.522,54.79,50.396,-4.39400000000001,"bones_deactivated"
479,125.852,74.867,114.822,60.032,125.852,74.867,11.03,14.835,54.79,50.985,-3.80500000000001,"bones_deactivated"
480,118.06,65.492,114.822,60.032,118.06,65.492,3.238,5.46000000000001,54.79,52.568,-2.22200000000001,"bones_deactivated"
481,119.846,69.907,114.822,60.032,119.846,69.907,5.024,9.875,54.79,49.939,-4.851,"bones_deactivated"
482,122.983,75.835,114.822,60.032,122.983,75.835,8.161,15.803,54.79,47.148,-7.642,"bones_deactivated"
483,124.404,77.035,114.822,60.032,124.404,77.035,9.58199999999999,17.003,54.79,47.369,-7.42100000000001,"bones_deactivated"
484,117.744,65.647,114.822,60.032,117.744,65.647,2.922,5.61500000000001,54.79,52.097,-2.69300000000001,"bones_deactivated"
485,119.192,69.648,114.822,60.032,119.192,69.648,4.36999999999999,9.616,54.79,49.544,-5.24600000000001,"bones_deactivated"
486,121.704,72.885,114.822,60.032,121.704,72.885,6.88199999999999,12.853,54.79,48.819,-5.97100000000002,"bones_deactivated"
487,122.993,74.29,114.822,60.032,122.993,74.29,8.17099999999999,14.258,54.79,48.703,-6.08700000000002,"bones_deactivated"
488,120.01,64.026,114.822,60.032,120.01,64.026,5.188,3.994,54.79,55.984,1.194,"bones_deactivated"
489,121.216,67.811,114.822,60.032,121.216,67.811,6.39399999999999,7.77900000000001,54.79,53.405,-1.38500000000002,"bones_deactivated"
490,123.249,72.068,114.822,60.032,123.249,72.068,8.42699999999999,12.036,54.79,51.181,-3.60900000000001,"bones_deactivated"
491,124.394,73.092,114.822,60.032,124.394,73.092,9.572,13.06,54.79,51.302,-3.488,"bones_deactivated"
492,119.524,64.06,114.822,60.032,119.524,64.06,4.702,4.02800000000001,54.79,55.464,0.673999999999992,"bones_deactivated"
493,120.661,67.467,114.822,60.032,120.661,67.467,5.839,7.435,54.79,53.194,-1.596,"bones_deactivated"
494,122.298,70.447,114.822,60.032,122.298,70.447,7.476,10.415,54.79,51.851,-2.93900000000001,"bones_deactivated"
495,123.402,71.59,114.822,60.032,123.402,71.59,8.58,11.558,54.79,51.812,-2.97800000000001,"bones_deactivated"
496,123.048,67.204,114.822,60.032,123.048,67.204,8.226,7.172,54.79,55.844,1.054,"bones_deactivated"
497,123.973,70.749,114.822,60.032,123.973,70.749,9.151,10.717,54.79,53.224,-1.566,"bones_deactivated"
500,122.43,67.734,114.822,60.032,122.43,67.734,7.608,7.702,54.79,54.696,-0.0939999999999941,"bones_deactivated"
501,123.231,70.772,114.822,60.032,123.231,70.772,8.40899999999999,10.74,54.79,52.459,-2.33100000000002,"bones_deactivated"
502,125.798,78.331,114.822,60.032,125.798,78.331,10.976,18.299,54.79,47.467,-7.32300000000001,"bones_deactivated"
503,126.618,78.667,114.822,60.032,126.618,78.667,11.796,18.635,54.79,47.951,-6.83900000000001,"bones_deactivated"
504,124.793,66.828,114.822,60.032,124.793,66.828,9.971,6.79600000000001,54.79,57.965,3.175,"bones_deactivated"
505,125.537,69.546,114.822,60.032,125.537,69.546,10.715,9.51400000000001,54.79,55.991,1.20099999999999,"bones_deactivated"
506,127.398,78.053,114.822,60.032,127.398,78.053,12.576,18.021,54.79,49.345,-5.44500000000001,"bones_deactivated"
507,128.132,77.922,114.822,60.032,128.132,77.922,13.31,17.89,54.79,50.21,-4.58,"bones_deactivated"
508,124.028,66.875,114.822,60.032,124.028,66.875,9.206,6.843,54.79,57.153,2.363,"bones_deactivated"
509,124.728,69.261,114.822,60.032,124.728,69.261,9.90599999999999,9.229,54.79,55.467,0.676999999999992,"bones_deactivated"
510,126.363,76.041,114.822,60.032,126.363,76.041,11.541,16.009,54.79,50.322,-4.468,"bones_deactivated"
511,127.081,76.119,114.822,60.032,127.081,76.119,12.259,16.087,54.79,50.962,-3.828,"bones_deactivated"
512,105.282,55.446,114.822,60.032,105.282,55.446,-9.54000000000001,-4.586,54.79,49.836,-4.95400000000001,"bones_deactivated"
513,108.231,65.923,114.822,60.032,108.231,65.923,-6.59100000000001,5.89100000000001,54.79,42.308,-12.482,"bones_deactivated"
514,115.638,74.866,114.822,60.032,115.638,74.866,0.816000000000003,14.834,54.79,40.772,-14.018,"bones_deactivated"
515,117.314,75.207,114.822,60.032,117.314,75.207,2.49199999999999,15.175,54.79,42.107,-12.683,"bones_deactivated"
516,105.02,55.108,114.822,60.032,105.02,55.108,-9.80200000000001,-4.924,54.79,49.912,-4.87800000000001,"bones_deactivated"
517,107.706,64.667,114.822,60.032,107.706,64.667,-7.116,4.63500000000001,54.79,43.039,-11.751,"bones_deactivated"
518,112.775,68.665,114.822,60.032,112.775,68.665,-2.047,8.63300000000001,54.79,44.11,-10.68,"bones_deactivated"
519,114.553,69.5,114.822,60.032,114.553,69.5,-0.269000000000005,9.468,54.79,45.053,-9.73700000000001,"bones_deactivated"
520,108.208,53.68,114.822,60.032,108.208,53.68,-6.614,-6.352,54.79,54.528,-0.262000000000008,"bones_deactivated"
521,110.716,61.664,114.822,60.032,110.716,61.664,-4.10600000000001,1.63200000000001,54.79,49.052,-5.73800000000001,"bones_deactivated"
522,114.573,67.563,114.822,60.032,114.573,67.563,-0.249000000000009,7.53100000000001,54.79,47.01,-7.78000000000002,"bones_deactivated"
523,116.305,67.6,114.822,60.032,116.305,67.6,1.483,7.568,54.79,48.705,-6.08499999999999,"bones_deactivated"
524,107.418,53.55,114.822,60.032,107.418,53.55,-7.404,-6.482,54.79,53.868,-0.921999999999997,"bones_deactivated"
525,109.74,60.697,114.822,60.032,109.74,60.697,-5.08200000000001,0.665000000000006,54.79,49.043,-5.74700000000001,"bones_deactivated"
526,112.84,64.159,114.822,60.032,112.84,64.159,-1.982,4.12700000000001,54.79,48.681,-6.10900000000001,"bones_deactivated"
527,114.473,64.609,114.822,60.032,114.473,64.609,-0.349000000000004,4.577,54.79,49.864,-4.926,"bones_deactivated"
528,124.683,72.194,114.822,60.032,124.683,72.194,9.861,12.162,54.79,52.489,-2.301,"bones_deactivated"
529,126.136,76.21,114.822,60.032,126.136,76.21,11.314,16.178,54.79,49.926,-4.864,"bones_deactivated"
530,130.141,94.526,114.822,60.032,130.141,94.526,15.319,34.494,54.79,35.615,-19.175,"bones_deactivated"
531,131.003,92.283,114.822,60.032,131.003,92.283,16.181,32.251,54.79,38.72,-16.07,"bones_deactivated"
532,122.361,69.091,114.822,60.032,122.361,69.091,7.539,9.059,54.79,53.27,-1.52,"bones_deactivated"
533,123.95,73.115,114.822,60.032,123.95,73.115,9.128,13.083,54.79,50.835,-3.955,"bones_deactivated"
534,126.669,87.584,114.822,60.032,126.669,87.584,11.847,27.552,54.79,39.085,-15.705,"bones_deactivated"
535,127.789,85.713,114.822,60.032,127.789,85.713,12.967,25.681,54.79,42.076,-12.714,"bones_deactivated"
536,125,68.535,114.822,60.032,125,68.535,10.178,8.503,54.79,56.465,1.675,"bones_deactivated"
537,126.35,71.151,114.822,60.032,126.35,71.151,11.528,11.119,54.79,55.199,0.408999999999992,"bones_deactivated"
538,128.321,86.866,114.822,60.032,128.321,86.866,13.499,26.834,54.79,41.455,-13.335,"bones_deactivated"
539,129.397,84.366,114.822,60.032,129.397,84.366,14.575,24.334,54.79,45.031,-9.75900000000001,"bones_deactivated"
540,123.178,66.817,114.822,60.032,123.178,66.817,8.35599999999999,6.785,54.79,56.361,1.571,"bones_deactivated"
541,124.482,69.431,114.822,60.032,124.482,69.431,9.66,9.399,54.79,55.051,0.260999999999996,"bones_deactivated"
542,126.155,82.241,114.822,60.032,126.155,82.241,11.333,22.209,54.79,43.914,-10.876,"bones_deactivated"
543,127.261,80.212,114.822,60.032,127.261,80.212,12.439,20.18,54.79,47.049,-7.74100000000001,"bones_deactivated"
544,100.254,52.132,114.822,60.032,100.254,52.132,-14.568,-7.9,54.79,48.122,-6.668,"bones_deactivated"
545,104.181,63.364,114.822,60.032,104.181,63.364,-10.641,3.332,54.79,40.817,-13.973,"bones_deactivated"
546,111.47,70.104,114.822,60.032,111.47,70.104,-3.352,10.072,54.79,41.366,-13.424,"bones_deactivated"
547,113.905,71.683,114.822,60.032,113.905,71.683,-0.917000000000002,11.651,54.79,42.222,-12.568,"bones_deactivated"
548,101.151,52.448,114.822,60.032,101.151,52.448,-13.671,-7.584,54.79,48.703,-6.08700000000001,"bones_deactivated"
549,104.353,62.442,114.822,60.032,104.353,62.442,-10.469,2.41,54.79,41.911,-12.879,"bones_deactivated"
550,109.274,65.011,114.822,60.032,109.274,65.011,-5.548,4.979,54.79,44.263,-10.527,"bones_deactivated"
551,111.516,66.636,114.822,60.032,111.516,66.636,-3.306,6.604,54.79,44.88,-9.91,"bones_deactivated"
552,104.832,51.453,114.822,60.032,104.832,51.453,-9.99000000000001,-8.57899999999999,54.79,53.379,-1.41100000000002,"bones_deactivated"
553,107.821,59.897,114.822,60.032,107.821,59.897,-7.001,-0.134999999999998,54.79,47.924,-6.86600000000001,"bones_deactivated"
554,111.535,64.263,114.822,60.032,111.535,64.263,-3.28700000000001,4.23100000000001,54.79,47.272,-7.51800000000001,"bones_deactivated"
555,113.688,65.058,114.822,60.032,113.688,65.058,-1.134,5.02600000000001,54.79,48.63,-6.16000000000001,"bones_deactivated"
556,104.522,51.643,114.822,60.032,104.522,51.643,-10.3,-8.389,54.79,52.879,-1.911,"bones_deactivated"
557,107.227,59.136,114.822,60.032,107.227,59.136,-7.595,-0.895999999999994,54.79,48.091,-6.69900000000001,"bones_deactivated"
558,110.079,61.339,114.822,60.032,110.079,61.339,-4.74300000000001,1.307,54.79,48.74,-6.05000000000001,"bones_deactivated"
559,112.034,62.377,114.822,60.032,112.034,62.377,-2.788,2.34500000000001,54.79,49.657,-5.133,"bones_deactivated"
560,122.255,69.74,114.822,60.032,122.255,69.74,7.43299999999999,9.708,54.79,52.515,-2.27500000000001,"bones_deactivated"
561,123.408,73.745,114.822,60.032,123.408,73.745,8.586,13.713,54.79,49.663,-5.12700000000001,"bones_deactivated"
562,128.226,91.615,114.822,60.032,128.226,91.615,13.404,31.583,54.79,36.611,-18.179,"bones_deactivated"
563,128.745,89.268,114.822,60.032,128.745,89.268,13.923,29.236,54.79,39.477,-15.313,"bones_deactivated"
564,119.892,66.829,114.822,60.032,119.892,66.829,5.06999999999999,6.797,54.79,53.063,-1.727,"bones_deactivated"
565,121.155,70.777,114.822,60.032,121.155,70.777,6.333,10.745,54.79,50.378,-4.41200000000001,"bones_deactivated"
566,124.685,84.811,114.822,60.032,124.685,84.811,9.863,24.779,54.79,39.874,-14.916,"bones_deactivated"
567,125.463,82.899,114.822,60.032,125.463,82.899,10.641,22.867,54.79,42.564,-12.226,"bones_deactivated"
568,122.911,66.57,114.822,60.032,122.911,66.57,8.089,6.538,54.79,56.341,1.551,"bones_deactivated"
569,124.134,69.296,114.822,60.032,124.134,69.296,9.312,9.26400000000001,54.79,54.838,0.0479999999999876,"bones_deactivated"
570,126.247,83.989,114.822,60.032,126.247,83.989,11.425,23.957,54.79,42.258,-12.532,"bones_deactivated"
571,127.146,81.622,114.822,60.032,127.146,81.622,12.324,21.59,54.79,45.524,-9.26600000000001,"bones_deactivated"
572,120.865,64.749,114.822,60.032,120.865,64.749,6.04299999999999,4.717,54.79,56.116,1.32599999999999,"bones_deactivated"
573,122.084,67.491,114.822,60.032,122.084,67.491,7.262,7.459,54.79,54.593,-0.197000000000003,"bones_deactivated"
574,123.87,79.278,114.822,60.032,123.87,79.278,9.048,19.246,54.79,44.592,-10.198,"bones_deactivated"
575,124.822,77.424,114.822,60.032,124.822,77.424,10,17.392,54.79,47.398,-7.39200000000001,"bones_deactivated"
576,124.915,74.145,114.822,60.032,124.915,74.145,10.093,14.113,54.79,50.77,-4.02,"bones_deactivated"
577,125.005,78.348,114.822,60.032,125.005,78.348,10.183,18.316,54.79,46.657,-8.13300000000001,"bones_deactivated"
578,129.403,87.926,114.822,60.032,129.403,87.926,14.581,27.894,54.79,41.477,-13.313,"bones_deactivated"
579,129.637,87.179,114.822,60.032,129.637,87.179,14.815,27.147,54.79,42.458,-12.332,"bones_deactivated"
580,123.821,72.561,114.822,60.032,123.821,72.561,8.999,12.529,54.79,51.26,-3.53000000000002,"bones_deactivated"
581,124.203,77.088,114.822,60.032,124.203,77.088,9.381,17.056,54.79,47.115,-7.675,"bones_deactivated"
582,127.506,82.047,114.822,60.032,127.506,82.047,12.684,22.015,54.79,45.459,-9.331,"bones_deactivated"
583,127.918,82.057,114.822,60.032,127.918,82.057,13.096,22.025,54.79,45.861,-8.929,"bones_deactivated"
584,126.709,70.444,114.822,60.032,126.709,70.444,11.887,10.412,54.79,56.265,1.47499999999999,"bones_deactivated"
585,127.189,74.722,114.822,60.032,127.189,74.722,12.367,14.69,54.79,52.467,-2.32300000000001,"bones_deactivated"
586,129.595,81.078,114.822,60.032,129.595,81.078,14.773,21.046,54.79,48.517,-6.27300000000001,"bones_deactivated"
587,130.082,80.471,114.822,60.032,130.082,80.471,15.26,20.439,54.79,49.611,-5.17900000000002,"bones_deactivated"
588,125.616,69.624,114.822,60.032,125.616,69.624,10.794,9.592,54.79,55.992,1.202,"bones_deactivated"
589,126.189,73.761,114.822,60.032,126.189,73.761,11.367,13.729,54.79,52.428,-2.36200000000001,"bones_deactivated"
590,128.19,77.913,114.822,60.032,128.19,77.913,13.368,17.881,54.79,50.277,-4.51300000000001,"bones_deactivated"
591,128.749,77.785,114.822,60.032,128.749,77.785,13.927,17.753,54.79,50.964,-3.82600000000001,"bones_deactivated"
592,128.409,76.628,114.822,60.032,128.409,76.628,13.587,16.596,54.79,51.781,-3.00900000000001,"bones_deactivated"
593,128.909,80.044,114.822,60.032,128.909,80.044,14.087,20.012,54.79,48.865,-5.92500000000001,"bones_deactivated"
594,133.527,94.933,114.822,60.032,133.527,94.933,18.705,34.901,54.79,38.594,-16.196,"bones_deactivated"
595,133.862,93.449,114.822,60.032,133.862,93.449,19.04,33.417,54.79,40.413,-14.377,"bones_deactivated"
596,126.837,74.298,114.822,60.032,126.837,74.298,12.015,14.266,54.79,52.539,-2.251,"bones_deactivated"
597,127.462,77.868,114.822,60.032,127.462,77.868,12.64,17.836,54.79,49.594,-5.196,"bones_deactivated"
598,131.243,89.012,114.822,60.032,131.243,89.012,16.421,28.98,54.79,42.231,-12.559,"bones_deactivated"
599,131.677,87.907,114.822,60.032,131.677,87.907,16.855,27.875,54.79,43.77,-11.02,"bones_deactivated"
600,129.867,73.132,114.822,60.032,129.867,73.132,15.045,13.1,54.79,56.735,1.94499999999998,"bones_deactivated"
601,130.42,76.102,114.822,60.032,130.42,76.102,15.598,16.07,54.79,54.318,-0.472000000000023,"bones_deactivated"
602,132.825,88.095,114.822,60.032,132.825,88.095,18.003,28.063,54.79,44.73,-10.06,"bones_deactivated"
603,133.257,86.324,114.822,60.032,133.257,86.324,18.435,26.292,54.79,46.933,-7.857,"bones_deactivated"
604,128.539,71.986,114.822,60.032,128.539,71.986,13.717,11.954,54.79,56.553,1.76299999999998,"bones_deactivated"
605,129.111,74.852,114.822,60.032,129.111,74.852,14.289,14.82,54.79,54.259,-0.53100000000002,"bones_deactivated"
606,131.302,84.44,114.822,60.032,131.302,84.44,16.48,24.408,54.79,46.862,-7.92800000000001,"bones_deactivated"
607,131.768,83.084,114.822,60.032,131.768,83.084,16.946,23.052,54.79,48.684,-6.10600000000001,"bones_deactivated"
608,124.268,73.402,114.822,60.032,124.268,73.402,9.446,13.37,54.79,50.866,-3.92400000000001,"bones_deactivated"
609,124.643,77.748,114.822,60.032,124.643,77.748,9.821,17.716,54.79,46.895,-7.89500000000001,"bones_deactivated"
610,129.512,88.124,114.822,60.032,129.512,88.124,14.69,28.092,54.79,41.388,-13.402,"bones_deactivated"
611,129.842,87.455,114.822,60.032,129.842,87.455,15.02,27.423,54.79,42.387,-12.403,"bones_deactivated"
612,123.537,71.977,114.822,60.032,123.537,71.977,8.715,11.945,54.79,51.56,-3.23,"bones_deactivated"
613,124.106,76.552,114.822,60.032,124.106,76.552,9.28399999999999,16.52,54.79,47.554,-7.23600000000002,"bones_deactivated"
614,127.745,82.41,114.822,60.032,127.745,82.41,12.923,22.378,54.79,45.335,-9.455,"bones_deactivated"
615,128.204,82.401,114.822,60.032,128.204,82.401,13.382,22.369,54.79,45.803,-8.98699999999999,"bones_deactivated"
616,126.551,70.094,114.822,60.032,126.551,70.094,11.729,10.062,54.79,56.457,1.667,"bones_deactivated"
617,127.154,74.337,114.822,60.032,127.154,74.337,12.332,14.305,54.79,52.817,-1.97300000000001,"bones_deactivated"
618,129.912,81.528,114.822,60.032,129.912,81.528,15.09,21.496,54.79,48.384,-6.40600000000001,"bones_deactivated"
619,130.417,80.9,114.822,60.032,130.417,80.9,15.595,20.868,54.79,49.517,-5.27300000000001,"bones_deactivated"
620,125.576,69.337,114.822,60.032,125.576,69.337,10.754,9.30500000000001,54.79,56.239,1.44899999999998,"bones_deactivated"
621,126.246,73.4,114.822,60.032,126.246,73.4,11.424,13.368,54.79,52.846,-1.94400000000002,"bones_deactivated"
622,128.56,78.414,114.822,60.032,128.56,78.414,13.738,18.382,54.79,50.146,-4.64400000000001,"bones_deactivated"
623,129.122,78.223,114.822,60.032,129.122,78.223,14.3,18.191,54.79,50.899,-3.89099999999999,"bones_deactivated"
624,129.605,77.69,114.822,60.032,129.605,77.69,14.783,17.658,54.79,51.915,-2.87500000000001,"bones_deactivated"
625,129.841,80.769,114.822,60.032,129.841,80.769,15.019,20.737,54.79,49.072,-5.718,"bones_deactivated"
626,134.801,96.508,114.822,60.032,134.801,96.508,19.979,36.476,54.79,38.293,-16.497,"bones_deactivated"
627,134.825,94.597,114.822,60.032,134.825,94.597,20.003,34.565,54.79,40.228,-14.562,"bones_deactivated"
628,128.085,75.324,114.822,60.032,128.085,75.324,13.263,15.292,54.79,52.761,-2.029,"bones_deactivated"
629,128.612,78.66,114.822,60.032,128.612,78.66,13.79,18.628,54.79,49.952,-4.83800000000001,"bones_deactivated"
630,132.481,90.526,114.822,60.032,132.481,90.526,17.659,30.494,54.79,41.955,-12.835,"bones_deactivated"
631,132.769,89.21,114.822,60.032,132.769,89.21,17.947,29.178,54.79,43.559,-11.231,"bones_deactivated"
632,131.362,74.545,114.822,60.032,131.362,74.545,16.54,14.513,54.79,56.817,2.02699999999999,"bones_deactivated"
633,131.818,77.224,114.822,60.032,131.818,77.224,16.996,17.192,54.79,54.594,-0.195999999999998,"bones_deactivated"
634,134.39,90.016,114.822,60.032,134.39,90.016,19.568,29.984,54.79,44.374,-10.416,"bones_deactivated"
635,134.705,88.069,114.822,60.032,134.705,88.069,19.883,28.037,54.79,46.636,-8.154,"bones_deactivated"
636,129.899,73.229,114.822,60.032,129.899,73.229,15.077,13.197,54.79,56.67,1.88,"bones_deactivated"
637,130.406,75.832,114.822,60.032,130.406,75.832,15.584,15.8,54.79,54.574,-0.215999999999994,"bones_deactivated"
638,132.758,86.18,114.822,60.032,132.758,86.18,17.936,26.148,54.79,46.578,-8.212,"bones_deactivated"
639,133.123,84.666,114.822,60.032,133.123,84.666,18.301,24.634,54.79,48.457,-6.33300000000001,"bones_deactivated"
640,102.889,54.727,114.822,60.032,102.889,54.727,-11.933,-5.305,54.79,48.162,-6.62800000000001,"bones_deactivated"
641,104.523,61.442,114.822,60.032,104.523,61.442,-10.299,1.41,54.79,43.081,-11.709,"bones_deactivated"
642,107.34,61.668,114.822,60.032,107.34,61.668,-7.482,1.636,54.79,45.672,-9.118,"bones_deactivated"
643,108.902,63.229,114.822,60.032,108.902,63.229,-5.92,3.197,54.79,45.673,-9.117,"bones_deactivated"
644,102.934,54.976,114.822,60.032,102.934,54.976,-11.888,-5.056,54.79,47.958,-6.83200000000001,"bones_deactivated"
645,104.384,60.946,114.822,60.032,104.384,60.946,-10.438,0.914000000000001,54.79,43.438,-11.352,"bones_deactivated"
646,106.026,59.308,114.822,60.032,106.026,59.308,-8.79600000000001,-0.723999999999997,54.79,46.718,-8.07200000000001,"bones_deactivated"
647,107.453,61.144,114.822,60.032,107.453,61.144,-7.369,1.112,54.79,46.309,-8.481,"bones_deactivated"
648,105.718,53.248,114.822,60.032,105.718,53.248,-9.104,-6.784,54.79,52.47,-2.32,"bones_deactivated"
649,107.154,58.629,114.822,60.032,107.154,58.629,-7.66800000000001,-1.403,54.79,48.525,-6.26500000000001,"bones_deactivated"
650,108.43,58.888,114.822,60.032,108.43,58.888,-6.392,-1.144,54.79,49.542,-5.248,"bones_deactivated"
651,109.988,60.469,114.822,60.032,109.988,60.469,-4.834,0.437000000000005,54.79,49.519,-5.27100000000001,"bones_deactivated"
652,105.296,53.409,114.822,60.032,105.296,53.409,-9.526,-6.623,54.79,51.887,-2.903,"bones_deactivated"
653,106.652,58.198,114.822,60.032,106.652,58.198,-8.17,-1.834,54.79,48.454,-6.33600000000001,"bones_deactivated"
654,107.478,57.438,114.822,60.032,107.478,57.438,-7.34400000000001,-2.59399999999999,54.79,50.04,-4.75000000000001,"bones_deactivated"
655,108.944,59.178,114.822,60.032,108.944,59.178,-5.878,-0.853999999999999,54.79,49.766,-5.024,"bones_deactivated"
656,117.079,60.948,114.822,60.032,117.079,60.948,2.25699999999999,0.916000000000004,54.79,56.131,1.34099999999999,"bones_deactivated"
657,118.338,65.501,114.822,60.032,118.338,65.501,3.51599999999999,5.46900000000001,54.79,52.837,-1.95300000000002,"bones_deactivated"
658,119.706,75.191,114.822,60.032,119.706,75.191,4.884,15.159,54.79,44.515,-10.275,"bones_deactivated"
659,121.448,75.461,114.822,60.032,121.448,75.461,6.62599999999999,15.429,54.79,45.987,-8.80300000000001,"bones_deactivated"
660,115.345,61.099,114.822,60.032,115.345,61.099,0.522999999999996,1.067,54.79,54.246,-0.544000000000004,"bones_deactivated"
661,116.678,65.038,114.822,60.032,116.678,65.038,1.85599999999999,5.006,54.79,51.64,-3.15000000000001,"bones_deactivated"
662,117.433,71.385,114.822,60.032,117.433,71.385,2.611,11.353,54.79,46.048,-8.742,"bones_deactivated"
663,119.048,71.893,114.822,60.032,119.048,71.893,4.226,11.861,54.79,47.155,-7.63500000000001,"bones_deactivated"
664,118.229,60.437,114.822,60.032,118.229,60.437,3.407,0.405000000000001,54.79,57.792,3.002,"bones_deactivated"
665,119.547,63.723,114.822,60.032,119.547,63.723,4.72499999999999,3.691,54.79,55.824,1.03399999999999,"bones_deactivated"
666,119.974,71.909,114.822,60.032,119.974,71.909,5.152,11.877,54.79,48.065,-6.72500000000001,"bones_deactivated"
667,121.416,71.876,114.822,60.032,121.416,71.876,6.59399999999999,11.844,54.79,49.54,-5.25000000000001,"bones_deactivated"
668,116.653,60.076,114.822,60.032,116.653,60.076,1.831,0.044000000000004,54.79,56.577,1.787,"bones_deactivated"
669,117.963,63.072,114.822,60.032,117.963,63.072,3.14099999999999,3.04000000000001,54.79,54.891,0.100999999999985,"bones_deactivated"
670,118.092,68.937,114.822,60.032,118.092,68.937,3.27,8.905,54.79,49.155,-5.63500000000001,"bones_deactivated"
671,119.452,69.203,114.822,60.032,119.452,69.203,4.63,9.17100000000001,54.79,50.249,-4.54100000000001,"bones_deactivated"
672,97.079,51.572,114.822,60.032,97.079,51.572,-17.743,-8.45999999999999,54.79,45.507,-9.28300000000002,"bones_deactivated"
673,99.243,58.536,114.822,60.032,99.243,58.536,-15.579,-1.496,54.79,40.707,-14.083,"bones_deactivated"
674,102.836,57.79,114.822,60.032,102.836,57.79,-11.986,-2.242,54.79,45.046,-9.74400000000001,"bones_deactivated"
675,105.025,60.054,114.822,60.032,105.025,60.054,-9.797,0.0220000000000056,54.79,44.971,-9.819,"bones_deactivated"
676,98.21,52.074,114.822,60.032,98.21,52.074,-16.612,-7.958,54.79,46.136,-8.65400000000001,"bones_deactivated"
677,99.895,58.197,114.822,60.032,99.895,58.197,-14.927,-1.83499999999999,54.79,41.698,-13.092,"bones_deactivated"
678,102.297,56.225,114.822,60.032,102.297,56.225,-12.525,-3.807,54.79,46.072,-8.71800000000001,"bones_deactivated"
679,104.09,58.478,114.822,60.032,104.09,58.478,-10.732,-1.55399999999999,54.79,45.612,-9.178,"bones_deactivated"
680,101.025,50.564,114.822,60.032,101.025,50.564,-13.797,-9.468,54.79,50.461,-4.329,"bones_deactivated"
681,102.705,56.148,114.822,60.032,102.705,56.148,-12.117,-3.88399999999999,54.79,46.557,-8.23300000000001,"bones_deactivated"
682,104.555,55.658,114.822,60.032,104.555,55.658,-10.267,-4.374,54.79,48.897,-5.893,"bones_deactivated"
683,106.226,57.528,114.822,60.032,106.226,57.528,-8.596,-2.504,54.79,48.698,-6.09200000000001,"bones_deactivated"
684,101.105,50.923,114.822,60.032,101.105,50.923,-13.717,-9.10899999999999,54.79,50.182,-4.608,"bones_deactivated"
685,102.618,55.854,114.822,60.032,102.618,55.854,-12.204,-4.178,54.79,46.764,-8.02600000000001,"bones_deactivated"
686,103.91,54.588,114.822,60.032,103.91,54.588,-10.912,-5.444,54.79,49.322,-5.46800000000001,"bones_deactivated"
687,105.416,56.517,114.822,60.032,105.416,56.517,-9.40600000000001,-3.51499999999999,54.79,48.899,-5.89100000000001,"bones_deactivated"
688,114.926,59.096,114.822,60.032,114.926,59.096,0.103999999999999,-0.936,54.79,55.83,1.04,"bones_deactivated"
689,116.027,63.701,114.822,60.032,116.027,63.701,1.205,3.669,54.79,52.326,-2.46400000000001,"bones_deactivated"
690,119.287,74.365,114.822,60.032,119.287,74.365,4.465,14.333,54.79,44.922,-9.86799999999999,"bones_deactivated"
691,120.504,74.256,114.822,60.032,120.504,74.256,5.682,14.224,54.79,46.248,-8.542,"bones_deactivated"
692,113.307,59.456,114.822,60.032,113.307,59.456,-1.515,-0.575999999999993,54.79,53.851,-0.939000000000007,"bones_deactivated"
693,114.432,63.353,114.822,60.032,114.432,63.353,-0.390000000000001,3.32100000000001,54.79,51.079,-3.71100000000001,"bones_deactivated"
694,116.608,70.303,114.822,60.032,116.608,70.303,1.786,10.271,54.79,46.305,-8.485,"bones_deactivated"
695,117.843,70.595,114.822,60.032,117.843,70.595,3.021,10.563,54.79,47.248,-7.542,"bones_deactivated"
696,115.779,58.526,114.822,60.032,115.779,58.526,0.956999999999994,-1.50599999999999,54.79,57.253,2.46299999999999,"bones_deactivated"
697,116.96,61.854,114.822,60.032,116.96,61.854,2.13799999999999,1.822,54.79,55.106,0.315999999999988,"bones_deactivated"
698,118.308,70.056,114.822,60.032,118.308,70.056,3.486,10.024,54.79,48.252,-6.538,"bones_deactivated"
699,119.446,69.905,114.822,60.032,119.446,69.905,4.624,9.873,54.79,49.541,-5.24900000000001,"bones_deactivated"
700,114.08,58.141,114.822,60.032,114.08,58.141,-0.742000000000004,-1.891,54.79,55.939,1.14899999999999,"bones_deactivated"
701,115.224,61.138,114.822,60.032,115.224,61.138,0.402000000000001,1.106,54.79,54.086,-0.704000000000001,"bones_deactivated"
702,116.281,67.072,114.822,60.032,116.281,67.072,1.459,7.04000000000001,54.79,49.209,-5.581,"bones_deactivated"
703,117.39,67.268,114.822,60.032,117.39,67.268,2.568,7.236,54.79,50.122,-4.66800000000001,"bones_deactivated"
704,117.649,66.667,114.822,60.032,117.649,66.667,2.827,6.63500000000001,54.79,50.982,-3.80800000000001,"bones_deactivated"
705,118.099,71.07,114.822,60.032,118.099,71.07,3.277,11.038,54.79,47.029,-7.761,"bones_deactivated"
706,121.141,73.492,114.822,60.032,121.141,73.492,6.319,13.46,54.79,47.649,-7.14100000000001,"bones_deactivated"
707,122.128,74.775,114.822,60.032,122.128,74.775,7.306,14.743,54.79,47.353,-7.43700000000001,"bones_deactivated"
708,116.875,66.59,114.822,60.032,116.875,66.59,2.053,6.55800000000001,54.79,50.285,-4.50500000000001,"bones_deactivated"
709,117.564,70.747,114.822,60.032,117.564,70.747,2.74199999999999,10.715,54.79,46.817,-7.97300000000001,"bones_deactivated"
710,119.616,70.772,114.822,60.032,119.616,70.772,4.794,10.74,54.79,48.844,-5.94600000000001,"bones_deactivated"
711,120.666,72.393,114.822,60.032,120.666,72.393,5.84399999999999,12.361,54.79,48.273,-6.51700000000001,"bones_deactivated"
712,119.492,64.534,114.822,60.032,119.492,64.534,4.67,4.50200000000001,54.79,54.958,0.167999999999992,"bones_deactivated"
713,120.28,68.564,114.822,60.032,120.28,68.564,5.458,8.532,54.79,51.716,-3.074,"bones_deactivated"
714,121.639,70.034,114.822,60.032,121.639,70.034,6.81699999999999,10.002,54.79,51.605,-3.18500000000002,"bones_deactivated"
715,122.599,71.305,114.822,60.032,122.599,71.305,7.777,11.273,54.79,51.294,-3.49600000000001,"bones_deactivated"
716,118.698,64.412,114.822,60.032,118.698,64.412,3.87599999999999,4.38000000000001,54.79,54.286,-0.504000000000019,"bones_deactivated"
717,119.539,68.116,114.822,60.032,119.539,68.116,4.717,8.084,54.79,51.423,-3.367,"bones_deactivated"
718,120.495,68.424,114.822,60.032,120.495,68.424,5.673,8.39200000000001,54.79,52.071,-2.71900000000001,"bones_deactivated"
719,121.471,69.86,114.822,60.032,121.471,69.86,6.649,9.828,54.79,51.611,-3.179,"bones_deactivated"
720,122.267,67.542,114.822,60.032,122.267,67.542,7.44499999999999,7.51000000000001,54.79,54.725,-0.0650000000000119,"bones_deactivated"
721,123.165,71.532,114.822,60.032,123.165,71.532,8.343,11.5,54.79,51.633,-3.157,"bones_deactivated"
722,126.748,80.195,114.822,60.032,126.748,80.195,11.926,20.163,54.79,46.553,-8.23699999999999,"bones_deactivated"
723,127.773,80.754,114.822,60.032,127.773,80.754,12.951,20.722,54.79,47.019,-7.77100000000002,"bones_deactivated"
724,121.276,67.732,114.822,60.032,121.276,67.732,6.45399999999999,7.7,54.79,53.544,-1.24600000000001,"bones_deactivated"
725,122.178,71.308,114.822,60.032,122.178,71.308,7.35599999999999,11.276,54.79,50.87,-3.92000000000002,"bones_deactivated"
726,124.999,76.961,114.822,60.032,124.999,76.961,10.177,16.929,54.79,48.038,-6.75200000000001,"bones_deactivated"
727,126.015,77.754,114.822,60.032,126.015,77.754,11.193,17.722,54.79,48.261,-6.52900000000001,"bones_deactivated"
728,123.688,66.187,114.822,60.032,123.688,66.187,8.866,6.155,54.79,57.501,2.711,"bones_deactivated"
729,124.537,69.449,114.822,60.032,124.537,69.449,9.715,9.417,54.79,55.088,0.298000000000002,"bones_deactivated"
730,126.483,76.428,114.822,60.032,126.483,76.428,11.661,16.396,54.79,50.055,-4.735,"bones_deactivated"
731,127.329,76.685,114.822,60.032,127.329,76.685,12.507,16.653,54.79,50.644,-4.14600000000002,"bones_deactivated"
732,122.599,66.029,114.822,60.032,122.599,66.029,7.777,5.997,54.79,56.57,1.78,"bones_deactivated"
733,123.407,68.962,114.822,60.032,123.407,68.962,8.58499999999999,8.93000000000001,54.79,54.445,-0.345000000000013,"bones_deactivated"
734,125.113,74.189,114.822,60.032,125.113,74.189,10.291,14.157,54.79,50.924,-3.866,"bones_deactivated"
735,125.932,74.644,114.822,60.032,125.932,74.644,11.11,14.612,54.79,51.288,-3.50200000000001,"bones_deactivated"
736,117.117,65.776,114.822,60.032,117.117,65.776,2.295,5.744,54.79,51.341,-3.449,"bones_deactivated"
737,117.98,70.304,114.822,60.032,117.98,70.304,3.158,10.272,54.79,47.676,-7.114,"bones_deactivated"
738,121.575,73.859,114.822,60.032,121.575,73.859,6.753,13.827,54.79,47.716,-7.074,"bones_deactivated"
739,122.728,75.217,114.822,60.032,122.728,75.217,7.90599999999999,15.185,54.79,47.511,-7.27900000000001,"bones_deactivated"
740,116.884,65.964,114.822,60.032,116.884,65.964,2.062,5.932,54.79,50.92,-3.87,"bones_deactivated"
741,117.814,70.14,114.822,60.032,117.814,70.14,2.99199999999999,10.108,54.79,47.674,-7.11600000000001,"bones_deactivated"
742,120.346,71.371,114.822,60.032,120.346,71.371,5.524,11.339,54.79,48.975,-5.815,"bones_deactivated"
743,121.463,72.95,114.822,60.032,121.463,72.95,6.64099999999999,12.918,54.79,48.513,-6.27700000000002,"bones_deactivated"
744,119.703,64.196,114.822,60.032,119.703,64.196,4.881,4.164,54.79,55.507,0.716999999999999,"bones_deactivated"
745,120.661,68.193,114.822,60.032,120.661,68.193,5.839,8.161,54.79,52.468,-2.322,"bones_deactivated"
746,122.566,70.868,114.822,60.032,122.566,70.868,7.744,10.836,54.79,51.698,-3.092,"bones_deactivated"
747,123.578,72.084,114.822,60.032,123.578,72.084,8.756,12.052,54.79,51.494,-3.29600000000001,"bones_deactivated"
748,119.1,64.187,114.822,60.032,119.1,64.187,4.27799999999999,4.155,54.79,54.913,0.12299999999999,"bones_deactivated"
749,120.058,67.819,114.822,60.032,120.058,67.819,5.236,7.78700000000001,54.79,52.239,-2.551,"bones_deactivated"
750,121.542,69.332,114.822,60.032,121.542,69.332,6.72,9.3,54.79,52.21,-2.58,"bones_deactivated"
751,122.53,70.662,114.822,60.032,122.53,70.662,7.708,10.63,54.79,51.868,-2.92200000000001,"bones_deactivated"
752,123.228,67.942,114.822,60.032,123.228,67.942,8.40599999999999,7.91,54.79,55.286,0.495999999999995,"bones_deactivated"
753,123.865,71.71,114.822,60.032,123.865,71.71,9.04299999999999,11.678,54.79,52.155,-2.63500000000001,"bones_deactivated"
754,127.812,81.251,114.822,60.032,127.812,81.251,12.99,21.219,54.79,46.561,-8.22900000000001,"bones_deactivated"
756,122.55,68.422,114.822,60.032,122.55,68.422,7.72799999999999,8.39,54.79,54.128,-0.662000000000006,"bones_deactivated"
757,123.286,71.774,114.822,60.032,123.286,71.774,8.464,11.742,54.79,51.512,-3.27800000000001,"bones_deactivated"
758,126.335,78.318,114.822,60.032,126.335,78.318,11.513,18.286,54.79,48.017,-6.77300000000001,"bones_deactivated"
759,127.033,78.758,114.822,60.032,127.033,78.758,12.211,18.726,54.79,48.275,-6.515,"bones_deactivated"
760,125.489,67.417,114.822,60.032,125.489,67.417,10.667,7.38500000000001,54.79,58.072,3.282,"bones_deactivated"
761,126.226,70.451,114.822,60.032,126.226,70.451,11.404,10.419,54.79,55.775,0.984999999999999,"bones_deactivated"
762,128.24,78.258,114.822,60.032,128.24,78.258,13.418,18.226,54.79,49.982,-4.80799999999999,"bones_deactivated"
763,128.931,78.301,114.822,60.032,128.931,78.301,14.109,18.269,54.79,50.63,-4.16,"bones_deactivated"
764,124.321,67.206,114.822,60.032,124.321,67.206,9.499,7.17400000000001,54.79,57.115,2.32499999999999,"bones_deactivated"
765,125.041,69.916,114.822,60.032,125.041,69.916,10.219,9.884,54.79,55.125,0.334999999999994,"bones_deactivated"
766,126.815,75.929,114.822,60.032,126.815,75.929,11.993,15.897,54.79,50.886,-3.90400000000001,"bones_deactivated"
767,127.517,76.202,114.822,60.032,127.517,76.202,12.695,16.17,54.79,51.315,-3.47500000000001,"bones_deactivated"
768,101.525,53.176,114.822,60.032,101.525,53.176,-13.297,-6.85599999999999,54.79,48.349,-6.441,"bones_deactivated"
769,104.316,63.628,114.822,60.032,104.316,63.628,-10.506,3.596,54.79,40.688,-14.102,"bones_deactivated"
770,109.861,68.681,114.822,60.032,109.861,68.681,-4.961,8.649,54.79,41.18,-13.61,"bones_deactivated"
771,111.798,69.94,114.822,60.032,111.798,69.94,-3.024,9.908,54.79,41.858,-12.932,"bones_deactivated"
772,101.985,53.263,114.822,60.032,101.985,53.263,-12.837,-6.769,54.79,48.722,-6.068,"bones_deactivated"
773,104.451,62.337,114.822,60.032,104.451,62.337,-10.371,2.30500000000001,54.79,42.114,-12.676,"bones_deactivated"
774,108.095,64.064,114.822,60.032,108.095,64.064,-6.727,4.032,54.79,44.031,-10.759,"bones_deactivated"
775,109.985,65.627,114.822,60.032,109.985,65.627,-4.837,5.595,54.79,44.358,-10.432,"bones_deactivated"
776,104.697,51.887,114.822,60.032,104.697,51.887,-10.125,-8.145,54.79,52.81,-1.98,"bones_deactivated"
777,106.968,59.576,114.822,60.032,106.968,59.576,-7.854,-0.455999999999996,54.79,47.392,-7.398,"bones_deactivated"
778,110.333,63.534,114.822,60.032,110.333,63.534,-4.489,3.502,54.79,46.799,-7.99100000000001,"bones_deactivated"
779,112.073,64.16,114.822,60.032,112.073,64.16,-2.74900000000001,4.128,54.79,47.913,-6.87700000000001,"bones_deactivated"
780,104.416,51.998,114.822,60.032,104.416,51.998,-10.406,-8.034,54.79,52.418,-2.37200000000001,"bones_deactivated"
781,106.502,58.698,114.822,60.032,106.502,58.698,-8.32000000000001,-1.334,54.79,47.804,-6.98600000000001,"bones_deactivated"
782,109.117,60.841,114.822,60.032,109.117,60.841,-5.705,0.809000000000005,54.79,48.276,-6.514,"bones_deactivated"
783,110.74,61.773,114.822,60.032,110.74,61.773,-4.08200000000001,1.74100000000001,54.79,48.967,-5.82300000000001,"bones_deactivated"
784,118.717,66.428,114.822,60.032,118.717,66.428,3.895,6.396,54.79,52.289,-2.501,"bones_deactivated"
785,120.41,71.875,114.822,60.032,120.41,71.875,5.58799999999999,11.843,54.79,48.535,-6.25500000000001,"bones_deactivated"
786,124.241,87.841,114.822,60.032,124.241,87.841,9.419,27.809,54.79,36.4,-18.39,"bones_deactivated"
787,125.417,86.435,114.822,60.032,125.417,86.435,10.595,26.403,54.79,38.982,-15.808,"bones_deactivated"
788,117.636,64.791,114.822,60.032,117.636,64.791,2.81399999999999,4.759,54.79,52.845,-1.94500000000001,"bones_deactivated"
789,119.387,69.617,114.822,60.032,119.387,69.617,4.565,9.58500000000001,54.79,49.77,-5.02000000000001,"bones_deactivated"
790,121.711,81.877,114.822,60.032,121.711,81.877,6.889,21.845,54.79,39.834,-14.956,"bones_deactivated"
791,123.057,80.838,114.822,60.032,123.057,80.838,8.235,20.806,54.79,42.219,-12.571,"bones_deactivated"
792,120.457,64.673,114.822,60.032,120.457,64.673,5.63499999999999,4.64100000000001,54.79,55.784,0.993999999999986,"bones_deactivated"
793,122.007,68.143,114.822,60.032,122.007,68.143,7.185,8.111,54.79,53.864,-0.926000000000002,"bones_deactivated"
794,124.033,82.031,114.822,60.032,124.033,82.031,9.211,21.999,54.79,42.002,-12.788,"bones_deactivated"
795,125.299,80.234,114.822,60.032,125.299,80.234,10.477,20.202,54.79,45.065,-9.72499999999999,"bones_deactivated"
796,119.054,63.444,114.822,60.032,119.054,63.444,4.232,3.41200000000001,54.79,55.61,0.819999999999993,"bones_deactivated"
797,120.579,66.685,114.822,60.032,120.579,66.685,5.75699999999999,6.65300000000001,54.79,53.894,-0.896000000000015,"bones_deactivated"
798,122.11,77.76,114.822,60.032,122.11,77.76,7.288,17.728,54.79,44.35,-10.44,"bones_deactivated"
799,123.382,76.407,114.822,60.032,123.382,76.407,8.56,16.375,54.79,46.975,-7.815,"bones_deactivated"
800,96.194,49.885,114.822,60.032,96.194,49.885,-18.628,-10.147,54.79,46.309,-8.481,"bones_deactivated"
801,99.794,60.951,114.822,60.032,99.794,60.951,-15.028,0.919000000000004,54.79,38.843,-15.947,"bones_deactivated"
802,105.567,64.114,114.822,60.032,105.567,64.114,-9.25500000000001,4.08200000000001,54.79,41.453,-13.337,"bones_deactivated"
803,108.186,66.424,114.822,60.032,108.186,66.424,-6.636,6.39200000000001,54.79,41.762,-13.028,"bones_deactivated"
804,97.788,50.453,114.822,60.032,97.788,50.453,-17.034,-9.57899999999999,54.79,47.335,-7.45500000000001,"bones_deactivated"
805,100.679,59.932,114.822,60.032,100.679,59.932,-14.143,-0.0999999999999943,54.79,40.747,-14.043,"bones_deactivated"
806,104.593,60.601,114.822,60.032,104.593,60.601,-10.229,0.569000000000003,54.79,43.992,-10.798,"bones_deactivated"
807,106.858,62.778,114.822,60.032,106.858,62.778,-7.964,2.746,54.79,44.08,-10.71,"bones_deactivated"
808,100.767,49.356,114.822,60.032,100.767,49.356,-14.055,-10.676,54.79,51.411,-3.37900000000001,"bones_deactivated"
809,103.504,57.541,114.822,60.032,103.504,57.541,-11.318,-2.491,54.79,45.963,-8.827,"bones_deactivated"
810,106.935,60.068,114.822,60.032,106.935,60.068,-7.887,0.0360000000000014,54.79,46.867,-7.923,"bones_deactivated"
811,108.998,61.315,114.822,60.032,108.998,61.315,-5.824,1.283,54.79,47.683,-7.107,"bones_deactivated"
812,100.972,49.749,114.822,60.032,100.972,49.749,-13.85,-10.283,54.79,51.223,-3.56700000000001,"bones_deactivated"
813,103.414,56.833,114.822,60.032,103.414,56.833,-11.408,-3.199,54.79,46.581,-8.209,"bones_deactivated"
814,106.037,57.864,114.822,60.032,106.037,57.864,-8.785,-2.168,54.79,48.173,-6.617,"bones_deactivated"
815,107.896,59.264,114.822,60.032,107.896,59.264,-6.926,-0.767999999999994,54.79,48.632,-6.15800000000001,"bones_deactivated"
816,116.57,64.404,114.822,60.032,116.57,64.404,1.74799999999999,4.372,54.79,52.166,-2.62400000000001,"bones_deactivated"
817,117.895,69.729,114.822,60.032,117.895,69.729,3.07299999999999,9.697,54.79,48.166,-6.62400000000001,"bones_deactivated"
818,122.844,85.71,114.822,60.032,122.844,85.71,8.02199999999999,25.678,54.79,37.134,-17.656,"bones_deactivated"
819,123.62,84.08,114.822,60.032,123.62,84.08,8.798,24.048,54.79,39.54,-15.25,"bones_deactivated"
820,115.507,62.911,114.822,60.032,115.507,62.911,0.685000000000002,2.879,54.79,52.596,-2.194,"bones_deactivated"
821,116.87,67.567,114.822,60.032,116.87,67.567,2.048,7.535,54.79,49.303,-5.48699999999999,"bones_deactivated"
822,120.09,79.651,114.822,60.032,120.09,79.651,5.268,19.619,54.79,40.439,-14.351,"bones_deactivated"
823,121.087,78.51,114.822,60.032,121.087,78.51,6.265,18.478,54.79,42.577,-12.213,"bones_deactivated"
824,118.153,62.59,114.822,60.032,118.153,62.59,3.331,2.55800000000001,54.79,55.563,0.772999999999996,"bones_deactivated"
825,119.493,66.095,114.822,60.032,119.493,66.095,4.67099999999999,6.063,54.79,53.398,-1.39200000000001,"bones_deactivated"
826,121.854,79.17,114.822,60.032,121.854,79.17,7.032,19.138,54.79,42.684,-12.106,"bones_deactivated"
827,122.882,77.414,114.822,60.032,122.882,77.414,8.06,17.382,54.79,45.468,-9.322,"bones_deactivated"
828,116.589,61.302,114.822,60.032,116.589,61.302,1.767,1.27,54.79,55.287,0.496999999999993,"bones_deactivated"
829,117.913,64.569,114.822,60.032,117.913,64.569,3.09099999999999,4.53700000000001,54.79,53.344,-1.44600000000001,"bones_deactivated"
830,119.797,74.905,114.822,60.032,119.797,74.905,4.97499999999999,14.873,54.79,44.892,-9.89800000000001,"bones_deactivated"
831,120.853,73.629,114.822,60.032,120.853,73.629,6.03099999999999,13.597,54.79,47.224,-7.56600000000002,"bones_deactivated"
832,119.413,70.872,114.822,60.032,119.413,70.872,4.59099999999999,10.84,54.79,48.541,-6.24900000000001,"bones_deactivated"
833,120.115,75.8,114.822,60.032,120.115,75.8,5.29299999999999,15.768,54.79,44.315,-10.475,"bones_deactivated"
834,124.445,82.824,114.822,60.032,124.445,82.824,9.62299999999999,22.792,54.79,41.621,-13.169,"bones_deactivated"
835,125.016,82.826,114.822,60.032,125.016,82.826,10.194,22.794,54.79,42.19,-12.6,"bones_deactivated"
836,118.958,69.566,114.822,60.032,118.958,69.566,4.136,9.53400000000001,54.79,49.392,-5.39800000000001,"bones_deactivated"
837,119.832,74.665,114.822,60.032,119.832,74.665,5.00999999999999,14.633,54.79,45.167,-9.62300000000002,"bones_deactivated"
838,123.01,77.824,114.822,60.032,123.01,77.824,8.188,17.792,54.79,45.186,-9.604,"bones_deactivated"
839,123.751,78.532,114.822,60.032,123.751,78.532,8.929,18.5,54.79,45.219,-9.571,"bones_deactivated"
840,121.833,67.567,114.822,60.032,121.833,67.567,7.011,7.535,54.79,54.266,-0.524000000000001,"bones_deactivated"
841,122.661,72.353,114.822,60.032,122.661,72.353,7.839,12.321,54.79,50.308,-4.482,"bones_deactivated"
842,125.234,77.015,114.822,60.032,125.234,77.015,10.412,16.983,54.79,48.219,-6.57100000000001,"bones_deactivated"
843,125.945,77.026,114.822,60.032,125.945,77.026,11.123,16.994,54.79,48.919,-5.87100000000001,"bones_deactivated"
844,121.1,66.89,114.822,60.032,121.1,66.89,6.27799999999999,6.858,54.79,54.21,-0.580000000000013,"bones_deactivated"
845,121.985,71.403,114.822,60.032,121.985,71.403,7.163,11.371,54.79,50.582,-4.20800000000001,"bones_deactivated"
846,124.058,74.227,114.822,60.032,124.058,74.227,9.236,14.195,54.79,49.831,-4.959,"bones_deactivated"
847,124.844,74.659,114.822,60.032,124.844,74.659,10.022,14.627,54.79,50.185,-4.60500000000002,"bones_deactivated"
848,123.439,72.894,114.822,60.032,123.439,72.894,8.61699999999999,12.862,54.79,50.545,-4.24500000000002,"bones_deactivated"
849,124.236,76.997,114.822,60.032,124.236,76.997,9.414,16.965,54.79,47.239,-7.551,"bones_deactivated"
850,129.093,90.264,114.822,60.032,129.093,90.264,14.271,30.232,54.79,38.829,-15.961,"bones_deactivated"
851,129.658,89.383,114.822,60.032,129.658,89.383,14.836,29.351,54.79,40.275,-14.515,"bones_deactivated"
852,122.941,71.35,114.822,60.032,122.941,71.35,8.119,11.318,54.79,51.591,-3.199,"bones_deactivated"
853,123.778,75.405,114.822,60.032,123.778,75.405,8.956,15.373,54.79,48.373,-6.417,"bones_deactivated"
854,127.463,85.076,114.822,60.032,127.463,85.076,12.641,25.044,54.79,42.387,-12.403,"bones_deactivated"
855,128.113,84.598,114.822,60.032,128.113,84.598,13.291,24.566,54.79,43.515,-11.275,"bones_deactivated"
856,125.591,70.085,114.822,60.032,125.591,70.085,10.769,10.053,54.79,55.506,0.715999999999994,"bones_deactivated"
857,126.354,73.603,114.822,60.032,126.354,73.603,11.532,13.571,54.79,52.751,-2.039,"bones_deactivated"
858,129.119,84.265,114.822,60.032,129.119,84.265,14.297,24.233,54.79,44.854,-9.93600000000001,"bones_deactivated"
859,129.708,83.038,114.822,60.032,129.708,83.038,14.886,23.006,54.79,46.67,-8.12,"bones_deactivated"
860,124.663,69.214,114.822,60.032,124.663,69.214,9.84099999999999,9.182,54.79,55.449,0.658999999999992,"bones_deactivated"
861,125.434,72.493,114.822,60.032,125.434,72.493,10.612,12.461,54.79,52.941,-1.849,"bones_deactivated"
862,127.812,80.934,114.822,60.032,127.812,80.934,12.99,20.902,54.79,46.878,-7.91200000000001,"bones_deactivated"
863,128.429,80.086,114.822,60.032,128.429,80.086,13.607,20.054,54.79,48.343,-6.447,"bones_deactivated"
864,118.746,70.012,114.822,60.032,118.746,70.012,3.92399999999999,9.98,54.79,48.734,-6.05600000000001,"bones_deactivated"
865,119.744,75.084,114.822,60.032,119.744,75.084,4.922,15.052,54.79,44.66,-10.13,"bones_deactivated"
866,124.539,83.018,114.822,60.032,124.539,83.018,9.717,22.986,54.79,41.521,-13.269,"bones_deactivated"
867,125.212,83.084,114.822,60.032,125.212,83.084,10.39,23.052,54.79,42.128,-12.662,"bones_deactivated"
868,118.759,68.932,114.822,60.032,118.759,68.932,3.937,8.90000000000001,54.79,49.827,-4.96300000000001,"bones_deactivated"
869,119.806,74.064,114.822,60.032,119.806,74.064,4.98399999999999,14.032,54.79,45.742,-9.048,"bones_deactivated"
870,123.311,78.24,114.822,60.032,123.311,78.24,8.489,18.208,54.79,45.071,-9.71899999999999,"bones_deactivated"
871,124.111,78.921,114.822,60.032,124.111,78.921,9.289,18.889,54.79,45.19,-9.60000000000001,"bones_deactivated"
872,121.768,67.203,114.822,60.032,121.768,67.203,6.946,7.17100000000001,54.79,54.565,-0.225000000000009,"bones_deactivated"
873,122.709,71.93,114.822,60.032,122.709,71.93,7.887,11.898,54.79,50.779,-4.01100000000001,"bones_deactivated"
874,125.667,77.576,114.822,60.032,125.667,77.576,10.845,17.544,54.79,48.091,-6.699,"bones_deactivated"
875,126.394,77.537,114.822,60.032,126.394,77.537,11.572,17.505,54.79,48.857,-5.93300000000001,"bones_deactivated"
876,121.196,66.621,114.822,60.032,121.196,66.621,6.374,6.589,54.79,54.575,-0.215000000000003,"bones_deactivated"
877,122.159,71.032,114.822,60.032,122.159,71.032,7.337,11,54.79,51.127,-3.663,"bones_deactivated"
878,124.576,74.863,114.822,60.032,124.576,74.863,9.75399999999999,14.831,54.79,49.713,-5.07700000000001,"bones_deactivated"
879,125.357,75.198,114.822,60.032,125.357,75.198,10.535,15.166,54.79,50.159,-4.631,"bones_deactivated"
880,124.53,73.746,114.822,60.032,124.53,73.746,9.708,13.714,54.79,50.784,-4.006,"bones_deactivated"
881,125.054,77.52,114.822,60.032,125.054,77.52,10.232,17.488,54.79,47.534,-7.256,"bones_deactivated"
882,130.219,91.657,114.822,60.032,130.219,91.657,15.397,31.625,54.79,38.562,-16.228,"bones_deactivated"
883,130.497,90.375,114.822,60.032,130.497,90.375,15.675,30.343,54.79,40.122,-14.668,"bones_deactivated"
884,124.111,72.216,114.822,60.032,124.111,72.216,9.289,12.184,54.79,51.895,-2.895,"bones_deactivated"
885,124.837,76.025,114.822,60.032,124.837,76.025,10.015,15.993,54.79,48.812,-5.97800000000001,"bones_deactivated"
886,128.547,86.401,114.822,60.032,128.547,86.401,13.725,26.369,54.79,42.146,-12.644,"bones_deactivated"
887,129.051,85.701,114.822,60.032,129.051,85.701,14.229,25.669,54.79,43.35,-11.44,"bones_deactivated"
888,127.163,71.455,114.822,60.032,127.163,71.455,12.341,11.423,54.79,55.708,0.917999999999992,"bones_deactivated"
889,127.808,74.659,114.822,60.032,127.808,74.659,12.986,14.627,54.79,53.149,-1.64100000000001,"bones_deactivated"
890,130.662,86.132,114.822,60.032,130.662,86.132,15.84,26.1,54.79,44.53,-10.26,"bones_deactivated"
891,131.126,84.697,114.822,60.032,131.126,84.697,16.304,24.665,54.79,46.429,-8.361,"bones_deactivated"
892,126.136,70.465,114.822,60.032,126.136,70.465,11.314,10.433,54.79,55.671,0.880999999999986,"bones_deactivated"
893,126.793,73.434,114.822,60.032,126.793,73.434,11.971,13.402,54.79,53.359,-1.431,"bones_deactivated"
894,129.27,82.652,114.822,60.032,129.27,82.652,14.448,22.62,54.79,46.618,-8.172,"bones_deactivated"
895,129.791,81.63,114.822,60.032,129.791,81.63,14.969,21.598,54.79,48.161,-6.629,"bones_deactivated"
896,101.099,54.124,114.822,60.032,101.099,54.124,-13.723,-5.90799999999999,54.79,46.975,-7.815,"bones_deactivated"
897,102.728,60.77,114.822,60.032,102.728,60.77,-12.094,0.738000000000007,54.79,41.958,-12.832,"bones_deactivated"
898,105.12,59.436,114.822,60.032,105.12,59.436,-9.702,-0.595999999999997,54.79,45.684,-9.106,"bones_deactivated"
899,106.532,61.175,114.822,60.032,106.532,61.175,-8.29000000000001,1.143,54.79,45.357,-9.43300000000001,"bones_deactivated"
900,101.372,54.263,114.822,60.032,101.372,54.263,-13.45,-5.769,54.79,47.109,-7.681,"bones_deactivated"
901,102.809,60.111,114.822,60.032,102.809,60.111,-12.013,0.0790000000000006,54.79,42.698,-12.092,"bones_deactivated"
902,104.196,57.676,114.822,60.032,104.196,57.676,-10.626,-2.35599999999999,54.79,46.52,-8.27000000000001,"bones_deactivated"
903,105.526,59.644,114.822,60.032,105.526,59.644,-9.29600000000001,-0.387999999999998,54.79,45.882,-8.90800000000001,"bones_deactivated"
904,103.476,52.494,114.822,60.032,103.476,52.494,-11.346,-7.538,54.79,50.982,-3.80800000000001,"bones_deactivated"
905,104.839,57.81,114.822,60.032,104.839,57.81,-9.983,-2.22199999999999,54.79,47.029,-7.76100000000001,"bones_deactivated"
906,106.246,57.235,114.822,60.032,106.246,57.235,-8.57600000000001,-2.797,54.79,49.011,-5.77900000000001,"bones_deactivated"
907,107.658,58.879,114.822,60.032,107.658,58.879,-7.164,-1.153,54.79,48.779,-6.011,"bones_deactivated"
908,103.335,52.654,114.822,60.032,103.335,52.654,-11.487,-7.37799999999999,54.79,50.681,-4.10900000000002,"bones_deactivated"
909,104.618,57.341,114.822,60.032,104.618,57.341,-10.204,-2.691,54.79,47.277,-7.51300000000001,"bones_deactivated"
910,105.598,56.12,114.822,60.032,105.598,56.12,-9.224,-3.912,54.79,49.478,-5.312,"bones_deactivated"
911,106.972,57.912,114.822,60.032,106.972,57.912,-7.85000000000001,-2.12,54.79,49.06,-5.73000000000001,"bones_deactivated"
912,113.633,59.106,114.822,60.032,113.633,59.106,-1.18900000000001,-0.925999999999995,54.79,54.527,-0.263000000000012,"bones_deactivated"
913,114.79,63.782,114.822,60.032,114.79,63.782,-0.0319999999999965,3.75,54.79,51.008,-3.782,"bones_deactivated"
914,116.313,71.46,114.822,60.032,116.313,71.46,1.491,11.428,54.79,44.853,-9.937,"bones_deactivated"
915,117.822,71.909,114.822,60.032,117.822,71.909,3,11.877,54.79,45.913,-8.87700000000001,"bones_deactivated"
916,112.717,59.429,114.822,60.032,112.717,59.429,-2.105,-0.602999999999994,54.79,53.288,-1.50200000000001,"bones_deactivated"
917,113.909,63.409,114.822,60.032,113.909,63.409,-0.912999999999997,3.377,54.79,50.5,-4.29,"bones_deactivated"
918,114.677,68.491,114.822,60.032,114.677,68.491,-0.144999999999996,8.459,54.79,46.186,-8.604,"bones_deactivated"
919,116.104,69.15,114.822,60.032,116.104,69.15,1.282,9.11800000000001,54.79,46.954,-7.83600000000001,"bones_deactivated"
920,115.179,58.703,114.822,60.032,115.179,58.703,0.356999999999999,-1.32899999999999,54.79,56.476,1.68599999999999,"bones_deactivated"
921,116.398,62.119,114.822,60.032,116.398,62.119,1.57599999999999,2.087,54.79,54.279,-0.51100000000001,"bones_deactivated"
922,116.94,68.983,114.822,60.032,116.94,68.983,2.11799999999999,8.95100000000001,54.79,47.957,-6.83300000000001,"bones_deactivated"
923,118.276,69.133,114.822,60.032,118.276,69.133,3.45399999999999,9.101,54.79,49.143,-5.64700000000001,"bones_deactivated"
924,113.987,58.491,114.822,60.032,113.987,58.491,-0.835000000000008,-1.541,54.79,55.496,0.705999999999989,"bones_deactivated"
925,115.168,61.529,114.822,60.032,115.168,61.529,0.346000000000004,1.49700000000001,54.79,53.639,-1.151,"bones_deactivated"
926,115.394,66.457,114.822,60.032,115.394,66.457,0.572000000000003,6.425,54.79,48.937,-5.85299999999999,"bones_deactivated"
927,116.664,66.875,114.822,60.032,116.664,66.875,1.842,6.843,54.79,49.789,-5.001,"bones_deactivated"
928,95.218,51.049,114.822,60.032,95.218,51.049,-19.604,-8.983,54.79,44.169,-10.621,"bones_deactivated"
929,97.366,57.93,114.822,60.032,97.366,57.93,-17.456,-2.102,54.79,39.436,-15.354,"bones_deactivated"
930,100.467,55.543,114.822,60.032,100.467,55.543,-14.355,-4.489,54.79,44.924,-9.86600000000001,"bones_deactivated"
931,102.415,57.905,114.822,60.032,102.415,57.905,-12.407,-2.127,54.79,44.51,-10.28,"bones_deactivated"
932,96.543,51.339,114.822,60.032,96.543,51.339,-18.279,-8.693,54.79,45.204,-9.586,"bones_deactivated"
933,98.213,57.36,114.822,60.032,98.213,57.36,-16.609,-2.672,54.79,40.853,-13.937,"bones_deactivated"
934,100.339,54.55,114.822,60.032,100.339,54.55,-14.483,-5.482,54.79,45.789,-9.001,"bones_deactivated"
935,101.965,56.876,114.822,60.032,101.965,56.876,-12.857,-3.156,54.79,45.089,-9.701,"bones_deactivated"
936,98.631,49.739,114.822,60.032,98.631,49.739,-16.191,-10.293,54.79,48.892,-5.898,"bones_deactivated"
937,100.251,55.282,114.822,60.032,100.251,55.282,-14.571,-4.75,54.79,44.969,-9.821,"bones_deactivated"
938,102.17,53.902,114.822,60.032,102.17,53.902,-12.652,-6.13,54.79,48.268,-6.52200000000001,"bones_deactivated"
939,103.702,55.844,114.822,60.032,103.702,55.844,-11.12,-4.188,54.79,47.858,-6.93200000000001,"bones_deactivated"
940,98.977,50.058,114.822,60.032,98.977,50.058,-15.845,-9.974,54.79,48.919,-5.871,"bones_deactivated"
941,100.434,54.92,114.822,60.032,100.434,54.92,-14.388,-5.11199999999999,54.79,45.514,-9.27600000000001,"bones_deactivated"
942,101.839,53.154,114.822,60.032,101.839,53.154,-12.983,-6.87799999999999,54.79,48.685,-6.10500000000001,"bones_deactivated"
943,103.232,55.12,114.822,60.032,103.232,55.12,-11.59,-4.912,54.79,48.112,-6.678,"bones_deactivated"
944,111.388,57.292,114.822,60.032,111.388,57.292,-3.434,-2.73999999999999,54.79,54.096,-0.694000000000003,"bones_deactivated"
945,112.373,61.99,114.822,60.032,112.373,61.99,-2.449,1.95800000000001,54.79,50.383,-4.407,"bones_deactivated"
946,115.479,70.343,114.822,60.032,115.479,70.343,0.656999999999996,10.311,54.79,45.136,-9.65400000000001,"bones_deactivated"
947,116.705,70.638,114.822,60.032,116.705,70.638,1.883,10.606,54.79,46.067,-8.72300000000001,"bones_deactivated"
949,111.484,61.681,114.822,60.032,111.484,61.681,-3.33800000000001,1.649,54.79,49.803,-4.98700000000001,"bones_deactivated"
950,113.478,67.143,114.822,60.032,113.478,67.143,-1.34400000000001,7.111,54.79,46.335,-8.45500000000001,"bones_deactivated"
951,114.699,67.743,114.822,60.032,114.699,67.743,-0.123000000000005,7.711,54.79,46.956,-7.834,"bones_deactivated"
952,112.53,56.678,114.822,60.032,112.53,56.678,-2.292,-3.354,54.79,55.852,1.062,"bones_deactivated"
953,113.598,60.142,114.822,60.032,113.598,60.142,-1.224,0.110000000000007,54.79,53.456,-1.33400000000001,"bones_deactivated"
954,115.167,67.062,114.822,60.032,115.167,67.062,0.344999999999999,7.03,54.79,48.105,-6.685,"bones_deactivated"
955,116.251,67.146,114.822,60.032,116.251,67.146,1.429,7.114,54.79,49.105,-5.685,"bones_deactivated"
956,111.217,56.445,114.822,60.032,111.217,56.445,-3.605,-3.587,54.79,54.772,-0.0180000000000078,"bones_deactivated"
957,112.26,59.52,114.822,60.032,112.26,59.52,-2.562,-0.511999999999993,54.79,52.74,-2.05,"bones_deactivated"
958,113.451,64.498,114.822,60.032,113.451,64.498,-1.37100000000001,4.46600000000001,54.79,48.953,-5.83700000000002,"bones_deactivated"
959,114.505,64.885,114.822,60.032,114.505,64.885,-0.317000000000007,4.85300000000001,54.79,49.62,-5.17000000000002,"bones_deactivated"
960,113.92,65.292,114.822,60.032,113.92,65.292,-0.902000000000001,5.26000000000001,54.79,48.628,-6.16200000000001,"bones_deactivated"
961,114.61,69.646,114.822,60.032,114.61,69.646,-0.212000000000003,9.614,54.79,44.964,-9.82600000000001,"bones_deactivated"
962,117.849,70.542,114.822,60.032,117.849,70.542,3.027,10.51,54.79,47.307,-7.483,"bones_deactivated"
963,118.863,72.008,114.822,60.032,118.863,72.008,4.041,11.976,54.79,46.855,-7.935,"bones_deactivated"
964,113.559,65.057,114.822,60.032,113.559,65.057,-1.26300000000001,5.02500000000001,54.79,48.502,-6.28800000000001,"bones_deactivated"
965,114.412,69.206,114.822,60.032,114.412,69.206,-0.409999999999997,9.17400000000001,54.79,45.206,-9.584,"bones_deactivated"
966,116.666,68.378,114.822,60.032,116.666,68.378,1.84399999999999,8.346,54.79,48.288,-6.50200000000001,"bones_deactivated"
967,117.735,70.129,114.822,60.032,117.735,70.129,2.913,10.097,54.79,47.606,-7.18400000000001,"bones_deactivated"
968,115.778,62.985,114.822,60.032,115.778,62.985,0.956000000000003,2.953,54.79,52.793,-1.997,"bones_deactivated"
969,116.626,67.045,114.822,60.032,116.626,67.045,1.804,7.01300000000001,54.79,49.581,-5.209,"bones_deactivated"
970,118.325,67.538,114.822,60.032,118.325,67.538,3.503,7.506,54.79,50.787,-4.003,"bones_deactivated"
971,119.326,68.974,114.822,60.032,119.326,68.974,4.50399999999999,8.94200000000001,54.79,50.352,-4.43800000000002,"bones_deactivated"
972,115.28,62.837,114.822,60.032,115.28,62.837,0.457999999999998,2.80500000000001,54.79,52.443,-2.34700000000001,"bones_deactivated"
973,116.17,66.564,114.822,60.032,116.17,66.564,1.348,6.532,54.79,49.606,-5.184,"bones_deactivated"
974,117.435,66.22,114.822,60.032,117.435,66.22,2.613,6.188,54.79,51.215,-3.575,"bones_deactivated"
975,118.431,67.771,114.822,60.032,118.431,67.771,3.60899999999999,7.739,54.79,50.66,-4.13000000000001,"bones_deactivated"
976,118.962,66.115,114.822,60.032,118.962,66.115,4.14,6.083,54.79,52.847,-1.943,"bones_deactivated"
977,119.845,70.014,114.822,60.032,119.845,70.014,5.023,9.982,54.79,49.831,-4.959,"bones_deactivated"
978,123.515,77.013,114.822,60.032,123.515,77.013,8.693,16.981,54.79,46.502,-8.28800000000001,"bones_deactivated"
979,124.516,77.786,114.822,60.032,124.516,77.786,9.694,17.754,54.79,46.73,-8.06,"bones_deactivated"
980,118.601,66.304,114.822,60.032,118.601,66.304,3.779,6.27200000000001,54.79,52.297,-2.49300000000001,"bones_deactivated"
981,119.495,69.852,114.822,60.032,119.495,69.852,4.673,9.82000000000001,54.79,49.643,-5.14700000000001,"bones_deactivated"
982,122.232,74.399,114.822,60.032,122.232,74.399,7.41,14.367,54.79,47.833,-6.95700000000001,"bones_deactivated"
983,123.254,75.385,114.822,60.032,123.254,75.385,8.432,15.353,54.79,47.869,-6.92100000000001,"bones_deactivated"
984,120.599,64.664,114.822,60.032,120.599,64.664,5.777,4.63200000000001,54.79,55.935,1.145,"bones_deactivated"
985,121.433,67.973,114.822,60.032,121.433,67.973,6.611,7.941,54.79,53.46,-1.33,"bones_deactivated"
986,123.743,74.017,114.822,60.032,123.743,74.017,8.92099999999999,13.985,54.79,49.726,-5.06400000000001,"bones_deactivated"
987,124.625,74.491,114.822,60.032,124.625,74.491,9.803,14.459,54.79,50.134,-4.65600000000001,"bones_deactivated"
988,119.825,64.554,114.822,60.032,119.825,64.554,5.003,4.52200000000001,54.79,55.271,0.480999999999995,"bones_deactivated"
989,120.637,67.531,114.822,60.032,120.637,67.531,5.815,7.49900000000001,54.79,53.106,-1.68400000000001,"bones_deactivated"
990,122.627,72.1,114.822,60.032,122.627,72.1,7.80499999999999,12.068,54.79,50.527,-4.26300000000001,"bones_deactivated"
991,123.474,72.728,114.822,60.032,123.474,72.728,8.652,12.696,54.79,50.746,-4.044,"bones_deactivated"
992,113.332,64.338,114.822,60.032,113.332,64.338,-1.49000000000001,4.306,54.79,48.994,-5.79600000000001,"bones_deactivated"
993,114.42,68.801,114.822,60.032,114.42,68.801,-0.402000000000001,8.76900000000001,54.79,45.619,-9.17100000000001,"bones_deactivated"
994,118.192,70.833,114.822,60.032,118.192,70.833,3.36999999999999,10.801,54.79,47.359,-7.43100000000001,"bones_deactivated"
995,119.371,72.364,114.822,60.032,119.371,72.364,4.54899999999999,12.332,54.79,47.007,-7.78300000000002,"bones_deactivated"
996,113.58,64.396,114.822,60.032,113.58,64.396,-1.242,4.364,54.79,49.184,-5.60600000000001,"bones_deactivated"
997,114.642,68.547,114.822,60.032,114.642,68.547,-0.180000000000007,8.515,54.79,46.095,-8.69500000000001,"bones_deactivated"
998,117.331,68.903,114.822,60.032,117.331,68.903,2.509,8.87100000000001,54.79,48.428,-6.36200000000001,"bones_deactivated"
999,118.488,70.625,114.822,60.032,118.488,70.625,3.666,10.593,54.79,47.863,-6.92700000000001,"bones_deactivated"
1000,115.995,62.606,114.822,60.032,115.995,62.606,1.173,2.57400000000001,54.79,53.389,-1.401,"bones_deactivated"
1001,117.015,66.629,114.822,60.032,117.015,66.629,2.193,6.59700000000001,54.79,50.386,-4.40400000000001,"bones_deactivated"
1002,119.271,68.366,114.822,60.032,119.271,68.366,4.449,8.334,54.79,50.905,-3.88500000000001,"bones_deactivated"
1003,120.318,69.733,114.822,60.032,120.318,69.733,5.496,9.70100000000001,54.79,50.585,-4.20500000000001,"bones_deactivated"
1004,115.73,62.598,114.822,60.032,115.73,62.598,0.908000000000001,2.566,54.79,53.132,-1.658,"bones_deactivated"
1005,116.726,66.241,114.822,60.032,116.726,66.241,1.904,6.209,54.79,50.485,-4.30500000000001,"bones_deactivated"
1006,118.507,67.119,114.822,60.032,118.507,67.119,3.685,7.087,54.79,51.388,-3.402,"bones_deactivated"
1007,119.538,68.577,114.822,60.032,119.538,68.577,4.71599999999999,8.545,54.79,50.961,-3.82900000000001,"bones_deactivated"
1008,119.736,66.347,114.822,60.032,119.736,66.347,4.914,6.315,54.79,53.389,-1.401,"bones_deactivated"
1009,120.382,70.037,114.822,60.032,120.382,70.037,5.56,10.005,54.79,50.345,-4.44500000000001,"bones_deactivated"
1010,124.569,78.046,114.822,60.032,124.569,78.046,9.747,18.014,54.79,46.523,-8.26700000000001,"bones_deactivated"
1011,125.263,78.476,114.822,60.032,125.263,78.476,10.441,18.444,54.79,46.787,-8.003,"bones_deactivated"
1012,119.7,66.817,114.822,60.032,119.7,66.817,4.878,6.785,54.79,52.883,-1.907,"bones_deactivated"
1013,120.46,70.166,114.822,60.032,120.46,70.166,5.63799999999999,10.134,54.79,50.294,-4.49600000000001,"bones_deactivated"
1014,123.576,75.723,114.822,60.032,123.576,75.723,8.75399999999999,15.691,54.79,47.853,-6.93700000000001,"bones_deactivated"
1015,124.294,76.365,114.822,60.032,124.294,76.365,9.47199999999999,16.333,54.79,47.929,-6.861,"bones_deactivated"
1016,122.189,65.68,114.822,60.032,122.189,65.68,7.36699999999999,5.64800000000001,54.79,56.509,1.71899999999998,"bones_deactivated"
1017,122.936,68.784,114.822,60.032,122.936,68.784,8.114,8.75200000000001,54.79,54.152,-0.638000000000005,"bones_deactivated"
1018,125.3,75.633,114.822,60.032,125.3,75.633,10.478,15.601,54.79,49.667,-5.123,"bones_deactivated"
1019,126.027,75.889,114.822,60.032,126.027,75.889,11.205,15.857,54.79,50.138,-4.652,"bones_deactivated"
1020,121.377,65.554,114.822,60.032,121.377,65.554,6.55499999999999,5.52200000000001,54.79,55.823,1.03299999999999,"bones_deactivated"
1021,122.103,68.315,114.822,60.032,122.103,68.315,7.28099999999999,8.283,54.79,53.788,-1.00200000000001,"bones_deactivated"
1022,124.135,73.636,114.822,60.032,124.135,73.636,9.313,13.604,54.79,50.499,-4.291,"bones_deactivated"
1023,124.858,74.071,114.822,60.032,124.858,74.071,10.036,14.039,54.79,50.787,-4.003,"bones_deactivated"
