0.0 5.0 1.0
Linear 28 explicit
 0.000000 0.0 0.0 0.0 0.0 0.0 0.0 0.0 0.0 0.0 0.0 0.0 0.0 0.0 0.0 0.0 0.0 0.0 0.0 0.0 0.0 0.0 0.0 0.0 0.0 0.0 0.0 0.0 0.0
 0.010000 8.282797017143214E-20 3.6036582715789635E-4 -6.36431623234063E-19 -1.5842304553745773E-18 2.3797638982525363E-4 2.148839411772075E-4 0.027718590233420513 0.027714504647242365 1.1774800935099278E-18 -5.822207658063311E-19 -3.1100625862625185E-18 -2.9920777841178294E-18 0.006723670342028978 0.006708026821334937 0.012314880014610776 0.01608185353917336 3.4191042665268717E-18 6.0020586821349985E-18 -5.546352480173697E-18 1.8457113149652336E-18 0.011627510583447388 0.011628876731119423 -3.0148179962738005E-18 1.5081840635542005E-18 0.0 0.0 -1.05408166855875E-18 1.5545111703916875E-18
 0.020000 1.128718536839108E-18 2.4827038002247576E-4 -4.92054429325425E-19 7.041856606923084E-18 4.150090740560773E-4 4.549091673355537E-4 0.055600766893324306 0.055749179685347934 -1.310131849120841E-18 -6.115164391182831E-18 1.2478812532986887E-17 4.183953031772298E-18 0.013350439567562973 0.013309079880730858 0.022288608138326692 0.03096910163460007 -1.2119669757021652E-17 2.6095048870580125E-17 1.460349940838178E-17 -3.831813643562818E-18 0.019811032174342415 0.01970372917918413 -1.025517786659618E-17 6.748849635897973E-18 2.3129135820744687E-21 3.371704766142346E-21 -9.11228301208383E-19 5.394949825310935E-19
 0.030000 -1.1435567875616705E-18 -4.688597215261445E-19 -7.833066048108725E-18 1.7121951420597267E-17 5.078354574556039E-4 7.240979103129016E-4 0.0802184971612321 0.08063823123405006 7.89574545527788E-18 -8.590148675016678E-18 1.9232461684863482E-17 4.955066068868005E-18 0.019136912405480818 0.019054185456204683 0.02995014942879384 0.04337385326381707 2.5824222934490785E-17 -1.919935959846264E-17 1.7074118190421154E-17 -5.584669394235568E-18 0.02532784620530118 0.02485201681463585 3.0012540509049416E-18 8.277230346879828E-18 -1.6565561274055532E-21 -1.6565561274055528E-21 3.1387354859517226E-19 -3.676327799704281E-19
 0.040000 -1.301856170795054E-18 -6.034714408854297E-19 -1.5966265242973845E-18 2.4907577210252427E-17 5.230950834324742E-4 0.0010232593521167386 0.10123955909182325 0.10201823565152061 7.65006873389163E-18 4.970551553286597E-18 2.653245108887599E-17 -1.2949746462030486E-17 0.024056814106129826 0.023918829815743073 0.03653605185297756 0.05386787781800239 -4.709673281894968E-18 -2.7580329836428196E-17 1.9092450732562767E-17 1.2129035690623279E-17 0.0300878516305268 0.028974469073881178 -6.5632274833573E-18 -8.486731757508927E-18 1.0009095359206546E-22 1.000909535920655E-22 1.2185650734245751E-18 1.009330842962125E-18
 0.050000 6.218851211476254E-20 7.78398617835591E-19 2.0035915737930055E-17 4.943588559906413E-18 4.767394105710134E-4 0.001345247020383963 0.11849832517003576 0.11972008603635369 1.203782657033758E-18 -3.2622001355941643E-18 4.047478910318081E-17 5.148221308989121E-18 0.028152596537437315 0.027952655556137476 0.04281176858063514 0.06300761344967168 1.1811268221389941E-17 1.9265057144418422E-17 -2.34833729644011E-19 -1.1166401344743393E-17 0.035419443766694064 0.03349294084659438 -1.9660566464972283E-17 2.4169075311398756E-17 7.231094271141645E-23 7.231094271141645E-23 3.0120075873552847E-19 6.606229017737187E-19
 0.060000 -3.948729387791384E-18 1.2114418132604207E-5 -3.2277729357957387E-18 -2.0165673136212532E-17 3.8724658098141174E-4 0.0016800464862163137 0.1324001815668262 0.13415217742356553 2.3182852411708986E-18 4.977031496241409E-18 8.664323630897505E-18 2.4952974536701476E-18 0.03151920637968259 0.031259455725389663 0.04918590365058546 0.07126703530171852 9.974407439298704E-17 1.1412089994608374E-18 1.0031079513078604E-17 -7.192048599611508E-19 0.04188388862177398 0.03909904986245078 -3.4274170339901615E-17 -1.737506078873924E-17 -2.870324996686051E-21 -3.9291161807539265E-21 3.9049615628178674E-18 3.7359379566564253E-19
 0.070000 -7.610710704480437E-19 6.679704909324772E-4 9.309829316586944E-18 -1.4382857116757341E-18 2.698884942330643E-4 0.0020171139654103164 0.14341327688411393 0.14578561691481545 4.588166929794915E-19 -1.4262675019194673E-17 5.59399669598368E-17 1.8189069999444045E-17 0.034263499428567386 0.033953257685886654 0.05572701586944373 0.07889018859877282 -1.186021805148571E-16 3.3533108280353513E-18 1.0154478156855227E-17 -1.326587204217732E-17 0.04946254984182852 0.04589465978347697 3.78375825247925E-17 4.7401783795820415E-17 -5.693939304031617E-22 -5.693939304031617E-22 -1.5936201307866818E-18 -3.9048232126519675E-18
 0.080000 3.780119720018839E-18 0.0015540601529484125 -5.3257340840004914E-20 -1.1080393326424583E-18 1.3672255293541006E-4 0.002347786757694547 0.1520865644719538 0.1551605297343452 -3.3991256138474646E-18 -4.561326152260014E-19 4.050217764624513E-17 -1.0927839954273516E-17 0.03649590413786978 0.03614823085781129 0.06229779349384288 0.08595137513555397 -3.09716252290459E-17 8.377929052799681E-17 2.5203727864310244E-18 1.747221872405725E-17 0.057758736012497106 0.05355584224904093 -3.251668337589302E-17 9.619109140695704E-19 1.1026722655917392E-21 1.102672265591739E-21 1.0216500150066232E-18 -4.073859056261661E-18
 0.090000 -9.927645540117514E-19 0.0025579016856340756 9.032679620398533E-18 2.1622896867028286E-17 -1.3159753205270892E-18 0.00266587757557125 0.15897804830308135 0.1628145320559525 2.865034028618484E-18 -2.3770373589960982E-18 6.522869799605298E-17 1.8405024476495783E-17 0.038322585247573746 0.03795077186839927 0.06867050249844346 0.09241427627494614 5.350168521348465E-17 2.991910241758356E-17 -2.328514211504898E-18 -2.923150319220631E-17 0.06620257079057668 0.06153452207400049 -4.4327518987476863E-17 1.8230379183965467E-17 -6.411252563873504E-22 -1.117296643534129E-22 4.899367495463638E-18 2.2401254771529473E-18
 0.100000 -1.900755022999534E-18 0.0035670309067708573 1.6801910527586245E-18 1.5463671154877427E-17 4.521640201487294E-19 0.0029678596437585692 0.16459295443370278 0.1692259706552904 1.3086697180895054E-17 9.837406048597998E-18 -2.8650681914701855E-17 9.936467060071772E-18 0.03983752802714071 0.03945251095352233 0.07461206925485209 0.0981938552848055 3.4894818177790905E-17 2.960164794627105E-17 4.7243115615469865E-18 1.8747700322113315E-17 0.0742201871066471 0.06923951171082283 9.986424196567602E-18 1.0137635036810896E-17 -1.5776440408122665E-21 -2.1070396328462042E-21 -1.2503825783953836E-17 -5.4203022658548855E-19
 0.110000 -3.3909462157886093E-18 0.004490232651810271 1.4966114125162943E-18 -1.1428431167751397E-17 -1.1759130688331068E-18 0.003252031937670718 0.16934040929873986 0.17477645388889934 -8.476142893846057E-18 -1.175100514829101E-17 -3.592850466284879E-17 -2.216702456471985E-18 0.041116653842009424 0.04072594014858209 0.07993396471823032 0.10321172297136141 2.5307458120742462E-17 -7.300211731398792E-17 -1.5364923295931502E-17 5.100402731983944E-18 0.08135038181398416 0.07617164519306739 1.3312805817449535E-17 -1.0357043370670719E-17 -2.6800291224232214E-21 -2.6800291224232203E-21 6.1938457314441154E-18 1.9827313181551525E-18
 0.120000 -1.7983496934646923E-18 0.005268420169993641 1.4128145501227295E-18 -6.4328825283411114E-18 -7.126051093569048E-19 0.003518082152396321 0.1735157942876853 0.17973852710511717 -2.4567778653454066E-17 -1.5459182317807867E-17 4.040196325824246E-17 -5.4231234707559496E-17 0.04221645728357078 0.04182413289004186 0.0845219626991466 0.10742976406111998 3.211879336405341E-17 -3.2040391589621386E-17 1.5402699047642075E-17 2.24171652806381E-17 0.08730580422909279 0.08200168686962613 -4.555112989309689E-18 -2.750510933090132E-17 -2.616368286627988E-22 -2.6163682866279877E-22 -2.765551596004742E-18 -5.863055649009264E-19
 0.130000 -3.823691968348961E-18 0.005877048537391441 2.3715922429846427E-18 8.443657261857629E-18 -4.598772565780837E-19 0.0037666655975511767 0.1773031611782903 0.18428051930622738 3.058694038295249E-17 -2.894440485210281E-17 6.848630526284649E-17 1.2024042939741537E-17 0.04317513048545216 0.042782532076320746 0.08834192233929275 0.11086470871932542 -1.5890799212777514E-18 -8.376425581803493E-17 -8.968102181873883E-18 2.971740258742223E-17 0.0919861248206552 0.0865936429107712 -4.796301067278492E-17 -3.3178093642981264E-17 -2.9977461673063024E-22 -2.9977461673063024E-22 -8.820939237052546E-18 8.356354740624834E-19
 0.140000 2.9334180777531355E-18 0.006321766288732936 4.8192750785684424E-18 -3.316858688819304E-17 2.6079200913407937E-18 0.0039990608138453145 0.18079223237180797 0.18848374659999517 -8.755605937871187E-18 1.0198057611201395E-17 3.9876996160403026E-17 -8.788057218261134E-17 0.04401553355382295 0.04362222028501306 0.09142964358976316 0.11358552376899522 -9.285944434111416E-17 8.783474354554759E-17 9.15596261595322E-18 -7.09268735596822E-18 0.09545437947808832 0.08998545313074291 1.3832257977920928E-17 -7.233379198545452E-19 7.779779772523502E-22 5.132801812353814E-22 -1.1517829642282805E-17 -2.363885103555549E-18
 0.150000 -4.4820179973180495E-18 0.006629936387710365 1.432961526252587E-17 1.1558396191316424E-17 -1.3150884438257616E-18 0.004216896635326476 0.1840079099839495 0.19237068547982536 -1.484929728069554E-17 5.811375945928673E-19 1.2789810774045842E-17 5.0044802937037745E-18 0.04475051138009222 0.044354934941646385 0.0938739876448695 0.11570068772609858 -2.0811993018610768E-17 -9.040140865419243E-17 2.609274116518777E-17 5.3454069229703786E-18 0.09789256589134457 0.09234438743688438 1.715555821080315E-17 6.299084885280733E-17 -5.238544266430422E-22 -5.238544266430421E-22 8.452437140942646E-18 4.340652873492382E-19
 0.160000 -1.7592299818138968E-20 0.006840715465599158 2.7394383271241567E-17 -1.8682051866046918E-17 6.653626924548616E-19 0.004421966761777039 0.1869336578215887 0.19592659537919507 -8.08678561531627E-18 3.0367962110671485E-17 -3.926080429051103E-17 1.0935398767046621E-17 0.04538574930762443 0.04498605255788318 0.09579187268135192 0.11733749195780742 -4.2886203564303485E-17 1.5863430324915203E-16 -4.4771450483854205E-17 -4.172279145663545E-18 0.09954614481863254 0.09390970456739493 -9.192499104272734E-17 -7.266889734880388E-18 4.33161467002263E-22 4.331614670022631E-22 4.2673120395608004E-18 -7.483310487796266E-18
 0.170000 -2.0358866140000737E-18 0.006995694062547383 1.2375861232422587E-17 7.339625634613317E-18 -8.017011678984811E-20 0.0046160607230266255 0.18953937290356088 0.1991254296300798 -1.3491832592799057E-17 5.2611882614279415E-18 7.365286623198782E-17 2.1861115347423416E-17 0.04592442160226372 0.04551879860718564 0.09730873431175766 0.1186238555156018 -8.470276977436054E-18 -5.3971262557068034E-17 -7.470523546920215E-18 1.306751125629618E-18 0.10067417147825647 0.094939602114207 4.863496549495251E-17 -6.176978611864695E-17 8.293725532257822E-23 -4.941164268590617E-23 9.738871076170414E-18 3.080559681438339E-18
 0.180000 -1.6998935190606151E-18 0.0071316409914598915 3.2425670211498645E-17 -4.625195360996747E-18 -8.253463107966523E-21 0.004800837738686936 0.19179941855941895 0.20194638433128848 5.2010234314393965E-18 1.7602013781462244E-17 4.50701135708323E-17 2.936338408389762E-17 0.04636970851336639 0.0459566049904089 0.09854092004921802 0.1196727881574138 -7.515048031971292E-17 3.916821750643853E-17 1.0014743897764931E-17 3.109910568613003E-17 0.10150889891791147 0.09566828852276685 -6.477590324375071E-17 -7.454057065567128E-17 -2.5310401878538458E-22 1.1593777231584199E-23 6.209649089475521E-18 -7.829156592020546E-18
 0.190000 -1.5366323427892981E-18 0.007275986384089231 1.6124112239874765E-17 -6.110011042987336E-17 -2.905114391805088E-19 0.004977735793607506 0.1937038877056974 0.20438417340110032 1.1619754013035797E-17 -5.761977884054443E-19 -8.907729319203028E-17 2.0271943507801443E-19 0.04672639378028229 0.04630456789219285 0.09958417942532743 0.12057279260006042 -1.2556725964587892E-17 -5.989033518851241E-17 -1.4969290336729728E-17 3.2813310046521815E-18 0.10223020497078782 0.09627858303573007 -1.2277286827580948E-17 3.6417243880197405E-17 4.687425477964201E-22 3.363936497879357E-22 -1.5324208015750886E-17 3.418766207198849E-18
 0.200000 -1.3865426006373016E-18 0.007445070988752449 3.077072492035845E-17 1.9140380763787745E-17 -7.999405866237342E-19 0.00514792121380549 0.19526283663484081 0.20645274713379358 -9.624904346159367E-18 6.2387690757886474E-18 2.002097095276199E-17 4.7077590302435184E-17 0.0470014369890856 0.04656994176053239 0.100508164866444 0.12138427437712417 1.1023741191002607E-16 -7.542082601960099E-18 -3.773754884644064E-17 -1.0697529307451772E-17 0.10295500003588402 0.09689027287348712 1.168245684056867E-18 -7.139478103867081E-17 4.226437178091924E-22 5.549926158176767E-22 -1.4203065005056708E-18 8.744441469911116E-18
 0.210000 -5.74400254869734E-18 0.007644703868170392 9.140216104350068E-18 1.5989666156399035E-17 2.2535491855216757E-18 0.005312277762216845 0.1965049447883061 0.208183789372781 4.3202754130775395E-17 1.0406254281663339E-17 -4.1149411016566076E-17 -3.646477335969774E-17 0.047203759039250344 0.04676189180643435 0.10135622617149302 0.12214105516674799 -4.369534582078916E-17 3.2664008110917517E-17 2.43694858503294E-18 -2.057629021207116E-17 0.10373939918674072 0.09756182440677248 4.8261229102460804E-17 6.308217066947778E-17 9.361324360562705E-23 4.9065993763108025E-22 -1.2547398292501884E-17 -1.6734989054080578E-18
 0.220000 9.789822090909023E-19 0.007872302966477507 -2.059593321957261E-17 -6.449789631190735E-18 1.4034611061509313E-19 0.0054714289865134755 0.1974725594692025 0.20962181650454118 -1.666305592864636E-17 1.8870223085130694E-17 4.6298744306243025E-17 3.1363926224292214E-17 0.0473435373158077 0.04689078324214565 0.10214912384532081 0.1228554166816162 3.330947586218447E-17 -3.743042292392757E-17 2.5705164301092763E-17 -3.2544434456164516E-17 0.10458989500434815 0.0983014517162064 2.0905513173472595E-17 -2.488680002960246E-17 4.198201789342548E-22 2.8747128092577045E-22 -7.7447345598796E-18 4.577690233629647E-19
 0.230000 5.254367649489581E-19 0.008119823913138556 -3.033525237081312E-17 2.3710513369938295E-17 -1.2503120228737957E-18 0.0056257838800600046 0.19821511309203163 0.2108177528617448 2.89230171928615E-17 -3.820952233809617E-17 -7.494891050879988E-17 5.383135148096964E-17 0.047431299826720195 0.046967281868625504 0.10289101691673386 0.12352491350456693 1.4692805050673837E-16 4.131893299440244E-17 -3.426917897971244E-17 -3.188732395035087E-17 0.10547926591904498 0.09908308696455505 9.842306078384966E-18 5.827503710864832E-17 1.044260523001357E-22 1.0442605230013572E-22 5.4919765515554595E-18 3.654702686267309E-18
 0.240000 3.5581704174807365E-18 0.008376768500390186 -4.530408978816955E-18 -5.545233373520925E-18 -9.423659207559655E-19 0.005775594568869388 0.19878258920129488 0.21182258199464518 -3.4338601192821864E-17 -3.2886757170176774E-18 2.189809582105888E-17 -3.038365559123564E-17 0.047477054763293516 0.047001493460754114 0.10357614927048776 0.12413937202017364 1.2822729922175904E-16 5.3612645075286785E-17 -2.2190399217549596E-17 4.597056230725177E-17 0.10636330972831971 0.09986322399063269 -5.842668044704734E-17 -2.477835427592976E-17 -5.899004485538985E-22 -4.575515505454141E-22 6.932263606040421E-18 -1.9669996516715455E-18
 0.250000 9.680517918045548E-19 0.008632747306346472 -2.7094665423817288E-17 1.7654157346165003E-17 -5.01580401238686E-19 0.005921015414301622 0.1992202129943154 0.2126822067398567 -1.7831861580292154E-18 1.5161318886641678E-17 4.7021058329311645E-17 2.7720791407799276E-17 0.04748961520758265 0.047002297560805116 0.10419496924133403 0.12468689682803066 -4.713433590201037E-17 -2.827583860293565E-17 -2.0500793512993005E-17 1.7595096168492497E-17 0.10719541512202202 0.10059559390363867 -2.304769040521797E-17 -1.1030285194979749E-16 -5.497408742674481E-22 -4.1739197625896365E-22 -1.8777703818135097E-18 5.069383612910461E-18
 0.260000 1.8220628964550802E-18 0.008879292320192597 7.089520342281849E-17 -3.5656036054797814E-18 -7.329938706709612E-19 0.006062155040933655 0.19956498991438992 0.21343412360061204 1.3838608265766352E-17 1.2817608241900866E-17 2.282651281355638E-17 -2.9474518486374316E-17 0.047476197410116196 0.04697695310332615 0.10473885583890291 0.12515819837054454 8.254563404319242E-17 1.0237048467738522E-16 3.984551788874088E-17 -1.2015294458913691E-17 0.10793716402627042 0.10124185248211805 -1.4063268321511418E-17 -3.5045507616978956E-17 5.580053954986172E-22 4.256564974901328E-22 -3.130883968404976E-18 1.616944476418794E-18
 0.270000 4.759998214257934E-18 0.009110826529717267 -1.5049149808428385E-17 -1.6818089290708419E-18 -4.279875479084482E-18 0.006199115770148195 0.19984421808090266 0.21410603391466274 3.675852504550517E-18 1.3358420575396548E-18 -2.134172860262013E-17 -8.185158088932463E-19 0.04744229997747855 0.04693098359685217 0.10520308361280904 0.1255490253178536 8.97403848617883E-18 -3.569760020510491E-17 -2.646015873880936E-17 -9.052618546223627E-18 0.10856432161508237 0.10177764121732019 -2.6863671271647097E-17 6.89704564046224E-17 -5.787705460318246E-22 -5.787705460318248E-22 -7.35482746549674E-18 1.1619364447071856E-17
 0.280000 -2.7641981138525143E-18 0.009324871172249899 1.829406955911514E-17 8.823331024839865E-19 -2.9593497103231213E-19 0.006332050919094782 0.20007580897258287 0.21471622985645378 1.5368874630589118E-17 1.2901650457812844E-17 -4.118057914416124E-18 1.691009395430859E-17 0.047391808736165435 0.046868287342987605 0.10558804748739974 0.12586085324579524 -2.2012604340309745E-17 5.020571483294518E-17 2.5992165841435027E-17 2.4651775625099607E-17 0.10906855030446767 0.10219436678766455 -2.595825559741421E-17 2.9952805816016245E-17 -5.329534143011307E-22 -2.6825561828416193E-22 9.657235711304723E-18 -3.3533371873618977E-18
 0.290000 -2.279478550011198E-18 0.009521639656469582 -7.65655259916945E-18 1.210184848126752E-17 7.842401668698145E-19 0.006461043739506858 0.2002693903189207 0.21527473608104716 -3.501502531023168E-17 6.588577737508076E-17 3.2545440435236934E-17 6.27608901385294E-18 0.04732730946455935 0.046791454552112866 0.10589907974736924 0.12610025085583806 -9.218467771674573E-17 3.053333601212413E-17 4.453952337295023E-17 4.480636226663648E-18 0.1094556291053789 0.10249747695210738 1.1571578032694853E-17 -1.4397757606304652E-16 -7.39041627730166E-22 -7.390416277301659E-22 5.876922023738722E-18 2.426824593846387E-18
 0.300000 -3.785933633636635E-19 0.009703328824453846 7.77501481196962E-18 -1.815973564821191E-17 2.421286823435627E-18 0.006586303840335848 0.20042908699027295 0.2157861076491522 -1.6572345679393306E-17 -5.655009158837912E-18 5.547052179632209E-18 2.994953176348957E-18 0.04725040508875558 0.0467020894476892 0.10614529288530841 0.12627740773473195 -1.5134482798330037E-16 8.557940588439393E-17 1.899728453949083E-17 -1.4744595988637343E-17 0.1097418462371732 0.10270291417965548 -4.887441645178687E-17 1.0737063112626272E-17 -2.519074286800735E-22 -2.519074286800735E-22 1.7456342448501182E-17 -3.907725152032035E-18
 0.310000 4.142446344886257E-18 0.009873229344570545 -1.6271540316303826E-17 3.88733484001545E-17 -1.0798410779154875E-18 0.006708026604418082 0.20055541229700666 0.21625132418226148 -3.5109376080543384E-17 -1.824837895570429E-17 2.819126883906231E-17 -6.404427358476973E-17 0.047162101615966845 0.0466011993089374 0.10633793570870494 0.12640431531189322 9.520457292588549E-17 5.2108004920025965E-17 -8.593526060061843E-18 1.132876500117611E-17 0.10994923495271992 0.10283239221277043 -4.279862059418732E-17 -1.0335085685648649E-17 7.666114320485565E-23 7.666114320485565E-23 3.3416370416008094E-18 2.2455042742013812E-18
 0.320000 4.928469812570302E-19 0.010034914835418492 1.6143439208149536E-17 4.048389518336881E-18 -2.760795577813136E-18 0.006826414174424665 0.20064746044005377 0.21666997473481336 -3.354511558554716E-17 -4.145596146249695E-17 -8.409334791090721E-17 -1.9618421688953534E-17 0.04706311882356593 0.04648950766399453 0.10648872743098782 0.12649304941060238 1.720477804108708E-16 6.90499719836E-17 -2.9738578379250605E-18 -2.953268119300382E-17 0.1101011524244554 0.10290900528218228 -7.933251257756756E-17 -6.194827381485827E-17 1.9592187736687805E-22 1.9592187736687805E-22 -1.026380816377768E-17 7.578570988788833E-18
 0.330000 2.2443446470285645E-18 0.01019160259905659 3.620248902557685E-17 2.520524856890666E-17 1.414354635007212E-18 0.006941663446052688 0.2007044817622222 0.2170418201275373 5.147307912879617E-17 1.2057200584730359E-17 -7.544740733903407E-18 1.1321176696596823E-17 0.046954123185205435 0.046367688457612063 0.10660845906513368 0.12655441010192897 -1.5275680462425875E-16 1.1172327711198276E-16 -2.9828111101742157E-18 3.717272031578765E-17 0.1102187283888742 0.10295369005244442 -1.0535809548911538E-17 2.2569860466427174E-17 -3.1195463235500855E-23 1.0115343477298351E-22 1.6338126234176724E-18 -3.5812551853318155E-19
 0.340000 -2.859337263061063E-18 0.01034689689892682 2.4587062444911333E-17 2.5086903826920235E-18 -1.687991247064392E-19 0.007053875807062994 0.20072502640631473 0.21736727929728525 1.5224649547998915E-17 2.3102935306415042E-17 -5.261191954346201E-18 -2.3728150529803282E-17 0.046834160983930034 0.04623546913630128 0.1067053029678587 0.12659808385792035 1.4407801500433778E-17 3.171815757108006E-18 3.8967221393265334E-19 2.992234754005767E-17 0.11031895536412858 0.10298455770360727 -8.209694398588348E-18 -8.844237557373269E-18 -1.8292083563994615E-22 -5.057193763146176E-23 1.1463500114934982E-18 1.7735694739076384E-18
 0.350000 1.073852778518119E-18 0.010500809925290898 -9.643011383149781E-18 2.941890288312367E-17 1.1850823057972667E-18 0.0071634938605331135 0.20071405099366912 0.21764787149372658 4.305326845850221E-18 8.379384767002158E-18 8.234541636316847E-17 1.7791633729701967E-18 0.04670653734197348 0.046094256961920405 0.10678858718819072 0.12662772917634535 -4.385741749339271E-17 7.534260796550591E-17 1.5547411848229465E-17 4.031389212431486E-18 0.11041431162816717 0.10301029101064786 -6.358470393884147E-17 -4.758455102277197E-17 -8.168912051464583E-22 -2.8749561311252077E-22 -9.27921601489683E-18 -5.397936795114062E-19
 0.360000 4.662761968566269E-18 0.01065390853718354 1.1498301605835619E-17 -3.5516356115371105E-17 2.315462902497289E-19 0.007270339230401181 0.2006736358181965 0.21789002436759888 -9.78975588578013E-18 3.241431618217779E-18 -3.585124968552928E-17 1.9098775658967756E-17 0.04657235429816674 0.04594700259613147 0.10685991786404812 0.12664988132379632 5.321012878652766E-17 5.0245789619553225E-17 5.325027527751082E-17 -4.491827231208391E-18 0.11050823240517062 0.10303818075802448 1.3879444447477848E-17 2.015434586203521E-17 -2.789982309900175E-22 -2.7899823099001743E-22 7.662829572195908E-18 -7.367152346336448E-19
 0.370000 1.6343337669698503E-18 0.01080671855122559 2.5695680834568062E-17 1.1058083660852141E-17 2.0810925209106933E-18 0.007374646315425219 0.20060774207212595 0.2180968627979526 -3.637743105894288E-17 2.156066235787089E-18 -3.5163839155509696E-17 1.556692878393693E-17 0.04643183678220597 0.04579336030345888 0.10692254184124395 0.12666553593303048 -8.196441038433214E-17 6.152103340685242E-17 -7.085222470420984E-17 -9.353447970292116E-18 0.11060357352120896 0.10306969594233462 -4.204350834566507E-18 -3.2886998700206016E-17 -2.000316852682245E-22 -2.000316852682245E-22 1.5578096419878708E-19 -3.90310459992231E-19
 0.380000 3.5304676969256784E-18 0.0109586629334408 -3.058405924342187E-17 2.6930585793340404E-18 2.702333237727657E-19 0.007476514315027516 0.20052128989469656 0.21827369649409603 -2.931317963253743E-17 3.3043219286838085E-17 -1.3785904656749367E-17 6.075435677442426E-17 0.04628609786597162 0.04563445547213081 0.1069772612056623 0.12667509765702803 -4.9785598457841686E-17 8.527106768547986E-17 4.858811136621546E-17 1.198620884543312E-17 0.11069864684628347 0.10310307318904832 8.797495684588318E-18 -5.894383470360881E-17 -5.14623682435461E-22 -3.822747844269766E-22 8.714085990929737E-18 -7.813221858092595E-18
 0.390000 3.8579001586491626E-18 0.011108926068171585 1.3897511013254134E-17 -1.11268171606535E-17 -8.665774097504863E-19 0.007576026648772653 0.20041918416465443 0.21842580664433056 2.0255846113825477E-18 3.024872103414265E-17 -3.585259022054531E-17 7.709137558889594E-17 0.04613618489253632 0.0454713494532413 0.10702392971119523 0.1266781638174786 -3.494617965043449E-17 5.4954984844702975E-17 2.599628655193612E-17 1.5400581285603577E-17 0.11079006680281558 0.10313488372846785 -8.229928238084219E-17 -1.1818401811398397E-16 -6.300256217001252E-22 -2.329789276746717E-22 9.948288529589151E-18 -1.683341742947676E-18
 0.400000 1.9842107649048989E-19 0.011256682523857154 8.174407754066608E-18 1.8089792077858964E-17 -4.668888160464513E-19 0.0076732560966449835 0.20030585068214907 0.21855797896518098 1.8737895159243678E-17 -2.2823617259838027E-17 -2.015561774137447E-17 4.909126638798431E-17 0.04598302104253941 0.04530497942802112 0.10706200913173877 0.12667406716033852 -5.812289108067971E-17 1.751295007115791E-17 -3.743139064412732E-17 -2.3324596249055987E-17 0.11087408236185686 0.1031613431904972 3.639894207527424E-17 9.781180220643491E-18 8.819021509510512E-23 8.819021509510511E-23 -1.2982674994643477E-17 -3.904874085968558E-18
 0.410000 3.6705324922109655E-18 0.011401261543024257 1.459144757277243E-18 4.114838644797795E-17 -5.603838973847618E-19 0.007768269494234297 0.2001849326434227 0.21867419834295598 7.430935397672908E-18 1.915821515670801E-17 1.1179950979414765E-17 6.278266344427688E-17 0.045827370955518636 0.0451361227329751 0.10709100360741723 0.12666227634910518 -5.095591631873164E-17 5.2089467095495216E-18 -6.06125254263254E-17 -7.515603674318532E-18 0.1109475619306653 0.10317927958390762 -2.7544736087889898E-17 -5.361808432390794E-17 9.92884150762215E-23 4.963351091016746E-22 -4.187910973286195E-18 1.1895268170049895E-18
 0.420000 -7.402858211388892E-19 0.011542237708262067 -2.2569321465028372E-17 -2.6723969499359407E-18 2.5682825531058982E-18 0.007861131228228051 0.20005915972339822 0.21877751818729405 -2.912859013242891E-17 -5.0574958010617E-17 9.71795505425333E-17 -1.0325744565134765E-17 0.04566983097631039 0.04496538646366676 0.10711073515060748 0.126642632034688 4.8742890283101485E-17 7.485038578569769E-17 -6.1774460090798944E-18 -1.1518086895231773E-18 0.111008565032832 0.10318669682742788 -7.121790384939689E-17 -5.4057255096086905E-17 2.192559884893293E-22 3.5160488649781367E-22 2.1168066770168454E-18 3.1238030975138536E-18
 0.430000 2.268501039417205E-18 0.011679453360521334 -1.7138554171431918E-17 -3.1266338628919787E-18 2.9606781272965548E-18 0.007951905329502466 0.19993036957546323 0.21887008386287496 1.996962116494152E-17 2.7159894560961547E-17 6.167530211452268E-17 -7.411354213497915E-18 0.045510840343553946 0.04479321862421861 0.1071214613585593 0.12661542929192923 -2.1700111028054094E-17 9.505150935310707E-17 -6.166761325766139E-17 -5.18062160754586E-17 0.11105652370281831 0.1031829560124232 -3.032863532737615E-17 -6.698091146807492E-17 -6.018497516010489E-22 -7.341986496095334E-22 2.0164646377213912E-17 -4.807117951228787E-18
 0.440000 1.6600306990504723E-18 0.011812988261909255 1.51975329488797E-17 -3.47928720018155E-17 2.2443221936806257E-18 0.008040656283831406 0.19979964088800667 0.21895326838226756 -1.587561389667597E-17 -3.289434611233057E-17 2.090053810050074E-17 -6.803834820407491E-18 0.04535070697016324 0.04461993426796449 0.10712386289693462 0.12658137901163474 -2.282881490960256E-16 -1.2115803115924455E-16 -3.683607124571099E-17 -3.3734122211636968E-18 0.11109211601678726 0.10316865394788462 1.9417465032738963E-17 -1.0456959655188669E-17 7.603936477253569E-22 7.60393647725357E-22 1.2494855342817604E-18 5.365506329593494E-18
 0.450000 2.1044588946033696E-18 0.01194309653051349 -5.163040363259619E-17 1.6618127510396155E-17 -3.1190454457997333E-18 0.008127448869354221 0.19966748905019152 0.2190278705027549 2.5676161793421428E-17 -2.246510061765337E-18 5.0333349640462576E-17 -4.351596523193032E-17 0.04518964060096937 0.04444574918031205 0.10711894249540156 0.1265414913747412 1.310495186863938E-16 5.603419761872345E-17 -4.561051040617253E-17 -1.8446473135833362E-17 0.11111694282673061 0.1031453068118136 4.8898982230836507E-17 1.0198391618080863E-17 -2.3378580203193833E-22 1.6326089199351507E-22 -5.0369793722962E-18 4.421913140359045E-18
 0.460000 -5.633870934251303E-19 0.012070130769356785 5.205758677920142E-17 -2.4791427028929002E-17 -4.1738335268045E-18 0.00821234740002795 0.19953407792346614 0.2190943281588395 -1.8779716479513406E-17 9.257688696740868E-19 -5.5161247657440576E-18 1.90494348396382E-17 0.045027786735058896 0.04427081430462024 0.10710788017510556 0.12649692514690195 5.852851766568364E-17 -9.74906542895825E-17 -3.1367321969290517E-17 -6.94343147044874E-18 0.11113312049218713 0.10311494916985031 -1.5056870494554606E-17 -1.2080474334986947E-17 9.898011259242494E-23 -2.980665814330284E-22 1.492438354433206E-17 -5.619093226965995E-19
 0.470000 -4.101133687387983E-18 0.012194469881544443 5.241318789211835E-17 -1.8129852096308558E-17 2.3318482182964264E-18 0.008295414734182698 0.1993994108841143 0.21915291023585226 3.249436968733057E-17 -5.9898279870227124E-18 1.2721086620279093E-16 -1.12783588045704E-17 0.04486525626641376 0.044095245755621605 0.10709188392298345 0.12644883979274388 -2.0679486299545054E-17 -5.924041610859443E-17 -2.3054283809402578E-17 1.0328126467324019E-17 0.11114288456410562 0.10307974190263934 -4.393300119366749E-17 -1.1345464117308064E-16 -1.2650328338447772E-22 5.845614624006715E-24 4.907979151403371E-18 7.49216572189078E-19
 0.480000 -2.3539640266685463E-18 0.012316461809870187 -4.155279829759951E-18 2.575736955663352E-17 2.148778964528811E-18 0.008376711333685758 0.19926347757525464 0.2192038632779796 -7.828685364257554E-18 -7.854124787729353E-17 1.3959362520354547E-17 3.3575406534535796E-17 0.04470214779880306 0.0439191473396176 0.10707206445725913 0.12639827636692622 -2.124611843112138E-16 -8.073223734623506E-17 4.872680272623936E-17 -1.3433979098473436E-17 0.11114827052178733 0.10304165476459581 2.372876769356684E-18 -3.4209120329802922E-18 -3.344703874500294E-22 -5.991681834669982E-22 6.015976959822479E-18 1.0681785858733735E-18
 0.490000 1.4796539406498711E-18 0.012436386771174986 -2.893632780046332E-17 2.7445804441268182E-17 9.396908958932635E-19 0.008456294556342874 0.1991263464286652 0.21924750350692176 -8.555336844223084E-18 -9.964512782208316E-18 -7.796203010913677E-17 -2.6526334176656694E-17 0.04453856156448544 0.04374262452918315 0.1070493502537546 0.12634608091770227 -1.2064146635103171E-16 1.1634384550752338E-17 -4.499553105268321E-18 3.2046458159663776E-17 0.11115090580315895 0.10300225818278252 2.9487355600316026E-17 6.273641776337196E-17 1.7869050921177212E-22 3.110394072202566E-22 -5.924158322407722E-18 2.110784295670497E-18
 0.500000 -1.3135377057842727E-18 0.012554441518728952 -2.3975829043269333E-17 -6.16180333719397E-17 1.548999134148149E-18 0.008534218269599868 0.1989882046065942 0.2192842561410067 -1.592692558240433E-18 7.337475557547355E-18 -2.395696548530024E-17 -8.352151481936695E-17 0.04437460550437841 0.043565790492427155 0.10702444744725056 0.12629287288333335 -2.4622228998570394E-17 2.9629787132310516E-17 -1.0981639143817762E-16 1.8510009817330628E-17 0.1111519186944222 0.10296263055770531 2.554669117649818E-17 8.676809179370145E-17 -2.9310944283914297E-22 1.0393725118631019E-22 -6.8412672628157635E-18 -2.7248411149742648E-18
 0.510000 1.5270725220716145E-19 0.01267074146416555 8.805259955514555E-20 4.4030967885831476E-17 -2.6731864508246693E-18 0.00861053278706072 0.19884935513830262 0.21931465205396053 2.615752918723749E-17 -3.555619712430632E-18 -1.1024239070149142E-16 5.3957625965991895E-18 0.044210395156630965 0.04338876587523401 0.10699784008113535 0.12623905255720994 4.5460082925622525E-17 5.985807243782522E-17 3.971534628636213E-17 1.4547202331095662E-17 0.11115194813064036 0.10292336588821765 3.131562831263902E-17 1.2705062802342883E-16 -1.3776455031613682E-22 -1.3776455031613685E-22 -6.398136098639451E-18 6.860654212569393E-18
 0.520000 2.283719401241147E-18 0.012785335349963008 1.6772847526047258E-17 -7.182539950893653E-18 7.961341990264629E-19 0.00868528507331562 0.19871018528821302 0.21933929596100815 2.503482004604605E-17 -3.400180110837035E-17 -1.7430124982406414E-17 3.92736851085134E-17 0.04404604952375319 0.04321167454985925 0.10696982047484871 0.12618483655544616 2.790246445996414E-17 -1.6943098251941504E-17 5.796043475583447E-18 -1.2203095560391531E-17 0.1111512256893047 0.10288465362181021 6.038780138795958E-17 1.0406534428740887E-16 6.500796089476583E-22 6.500796089476582E-22 -2.154433971011968E-17 3.1432358986344314E-18
 0.530000 1.5285930683939353E-18 0.012898226523686801 1.2548965174428437E-17 -8.694144595095371E-18 -3.900154223039515E-18 0.008758519130474172 0.19857112092617787 0.2193588209402293 -2.4435167225462696E-17 -1.729043558824071E-17 -4.0284785411294055E-17 1.3732446081368318E-18 0.04388168510715326 0.04303463754902891 0.10694053710351578 0.12613030843285056 8.183855803095848E-17 6.29171903878681E-17 -3.3524934744642857E-19 1.0530616499150987E-17 0.11114969674567499 0.10284639809989315 3.245805009036493E-17 1.0386661566355103E-16 -6.459624039516708E-22 -7.7831130196015525E-22 -3.238865816207877E-18 4.578844484347095E-19
 0.540000 -2.4268073319346754E-18 0.01300939540935149 -1.942483007776128E-17 -2.123582973056884E-17 -3.4145081366853156E-18 0.008830276472037537 0.19843257973055978 0.21937384207310898 1.867508667056976E-17 3.889381779316853E-18 -9.64150109670834E-17 4.222376422906566E-18 0.0437174099493256 0.04285776704184241 0.10691004783239712 0.12607547248467257 -1.6776698513122705E-16 -9.60996799486522E-17 2.874604398820024E-17 1.542591098737267E-17 0.11114715025008894 0.1028083472365536 -2.177411266913229E-18 3.2326844984580716E-17 -2.4825386375708573E-22 -2.482538637570857E-22 -1.0205882758786116E-17 -1.1991120710562105E-18
 0.550000 5.114369407385071E-18 0.013118819077341234 3.567850722117679E-17 1.194503971848492E-17 -4.438082032455383E-18 0.008900596599828357 0.19829493251056707 0.21938491839701835 -1.1626465018361171E-17 4.049341272559037E-17 5.3725694564945335E-17 1.3327403004733181E-17 0.04355331896754347 0.04268116163956254 0.10687836873958725 0.12602030145701848 4.0211924704566295E-18 -2.1509937301569166E-17 1.1433400895456923E-17 -3.0004469488927858E-18 0.11114333355576568 0.10277020686167261 -2.3085402615125336E-17 -6.211781833461539E-17 1.9577436688920633E-22 1.9577436688920633E-22 7.717183468497325E-18 -5.064975653582451E-18
 0.560000 6.416573216578485E-18 0.013226485448416718 -1.1340719994409227E-17 7.623351434409784E-18 2.5770903510675927E-19 0.008969517421047983 0.19815847782783672 0.2193925282438453 -1.0089714387514873E-17 2.267221140743469E-17 4.1861282527311734E-17 6.024623829804107E-17 0.043389491249809654 0.04250490369795023 0.10684551214407143 0.12596477241108187 7.504892571750357E-17 -5.9281361747059E-17 5.3524558781240215E-17 4.475873809633309E-18 0.11113803774090432 0.10273172606072511 -2.7003105589836685E-17 -7.919003759336291E-17 -2.6745989515931153E-23 -2.6745989515931153E-23 -5.853297464664631E-18 -1.1772421331625624E-18
 0.570000 -1.1938748624358934E-19 0.0133324012613054 3.329953148120245E-17 -8.075780090207613E-18 1.6025742285673382E-18 0.009037075568479599 0.19802343127933925 0.21939705923375372 4.157738251091412E-17 -5.9803305925814625E-18 7.528484467296225E-18 -2.7937955817761764E-17 0.04322598943286631 0.04232905872721284 0.10681151098190285 0.12590888851400664 1.1462893559771288E-16 -5.84175965625059E-17 -2.0896056982535198E-17 -2.836014940550817E-17 0.11113114783453035 0.10269274775599686 1.5889581044466078E-17 -1.0307844106689247E-16 -1.3647635677578414E-21 -1.4971124657663256E-21 -9.111349964057405E-18 -9.836402963079154E-19
 0.580000 -5.688978221187176E-19 0.013436594228905946 -5.946678591339497E-17 -2.7293517930881802E-17 2.5236958559437384E-18 0.00910330661179735 0.19788992783612955 0.21939881125223798 6.32324838826679E-18 1.5136501972096722E-17 2.282779801697348E-18 1.6782891032110414E-17 0.04306286086848978 0.04215367660545668 0.10677642970579458 0.12585268746058675 -1.5387621135450254E-16 5.113190918060802E-17 -6.561058478296532E-17 2.1664460436079022E-17 0.11112265977157233 0.10265322618364675 2.946734326717217E-17 4.8603062783253136E-17 -1.408315914319856E-21 -1.5406648123283408E-21 7.124680264687416E-18 7.40366806667946E-18
 0.590000 -3.792086532660421E-18 0.01353911066953959 -2.507012383531935E-17 -1.9414484617303456E-17 1.5649594392561918E-19 0.00916824516821167 0.1977580337796277 0.21939800891633385 -9.670063945090846E-18 6.759859764411308E-18 7.338138639925412E-17 3.0425299116722667E-17 0.04290014003945716 0.0419787940472787 0.10674036404770745 0.1257962392334048 5.987321090540434E-17 -4.5593981464080015E-17 1.465557018069198E-17 -3.173803403767414E-17 0.11111267094735214 0.10261321799141936 -1.6968860703444954E-18 -7.751030753277392E-17 -6.520665545707773E-22 -7.844154525792617E-22 1.75198138076755E-18 -8.62107018771009E-19
 0.600000 -1.0041266982568712E-18 0.0136400103027557 -7.865491841426977E-18 7.572950580507918E-18 9.198206495509397E-19 0.009231924934054262 0.19762776403878318 0.21939481932489238 2.1208942450418758E-17 7.641061435458989E-18 7.66512098253553E-18 4.08939626756675E-17 0.0427378516042508 0.04180443769874887 0.10670343315672823 0.12573963690262238 3.662700417531897E-17 6.545606789635081E-18 1.2367219959449883E-17 1.9730284283782547E-17 0.1111013537254821 0.10257285620668688 2.375361800639128E-17 6.44277182412739E-17 -3.9482823323314767E-22 -3.9482823323314767E-22 4.809644308758868E-18 -3.284053373884126E-18
 0.610000 2.7894846269927016E-18 0.013739359903927892 4.1146111484919503E-17 8.417023700193032E-18 -1.9720478518667413E-18 0.009294378665142293 0.19749910092039868 0.21938937109700482 1.339693297586817E-17 9.681456263576335E-18 1.1336869503336144E-16 4.7972251667488205E-17 0.04257601349813435 0.041630627281130185 0.10666576788373294 0.12568298426315147 -8.491194218831969E-17 -1.0488667273495128E-17 8.745568083228435E-18 -5.9347763695620436E-18 0.11108892147002185 0.10253231658657821 4.8276217206769544E-17 6.285060514250753E-17 -3.1472327589194975E-22 -5.0025479874980925E-23 1.1652769759598786E-17 2.3221870466847734E-18
 0.620000 4.8336046186011106E-18 0.01383722722896676 -9.397621570476964E-17 -1.4855919867129752E-17 4.339745139411423E-21 0.009355638133731867 0.19737201104858346 0.21938177153819824 -1.188570536178852E-17 -2.000892142640949E-17 -4.582271917722436E-17 -7.799255795208512E-17 0.04241463965247799 0.04145737834250074 0.10662749854053738 0.12562638354003436 -3.832704500063103E-17 6.350479020644066E-17 3.195435006092405E-18 -1.9412501262162867E-17 0.11107559521862835 0.10249178444856367 4.9111863232260304E-17 1.1640767245459904E-16 1.630277579504195E-24 -1.3071862042898022E-22 -2.951732637261522E-17 8.775945954195982E-19
 0.630000 -3.4664271621541926E-18 0.013933676178203253 -6.3854294990201456E-18 -2.3622470476648388E-17 2.955292651130899E-18 0.009415734085285104 0.19724645846965863 0.21937211991883737 -5.855334533665921E-18 2.885956166763722E-17 -3.872317584843143E-17 2.3891152008586375E-17 0.042253742067285216 0.04128470435179308 0.10658874458441192 0.12556992544303885 -1.2348850721095876E-16 9.103452934389991E-18 -4.4179751471311506E-17 1.7968344389287693E-17 0.11106157669925838 0.10245142769708498 -2.5594718911454865E-17 1.0649695371350904E-17 -3.389199863293854E-23 -1.6624089664142301E-22 -3.4642725365044726E-18 -5.279132408406428E-18
 0.640000 2.6228037637815188E-18 0.014028763686202919 1.4329010918416576E-17 -1.7895259404359746E-19 2.0682656083817857E-18 0.009474696211071247 0.1971224130536092 0.21936051602256007 4.983168832768364E-18 4.1126269320220915E-17 7.15787191348134E-18 -2.7034713247640046E-18 0.04209333214329903 0.04111261804294 0.10654960763764401 0.12551368278620673 -1.109904556278741E-17 -9.124414908480743E-17 -5.1501000960277946E-18 4.2928208483134504E-17 0.11104703069398435 0.10241137908390546 8.399796485066346E-17 -7.001789542528799E-17 5.820151641257228E-23 -7.414738159591214E-23 -5.958080097433921E-18 -7.498416691418882E-18
 0.650000 -2.4894151720023185E-18 0.014122538394969533 -3.677774010337077E-17 1.5995556990022887E-17 4.832667147730028E-19 0.009532553144931833 0.19699985432299266 0.21934706411652682 -3.4426343894682604E-17 -3.08206406017341E-17 -6.677175642845064E-17 -5.371178485157573E-17 0.0419334213211658 0.04094113205886816 0.10651016826739589 0.12545770791902286 2.036223474262804E-16 1.1101651949664938E-16 -8.504773874498706E-17 9.440228030753629E-18 0.11103207730632521 0.10237172830010476 3.9082210295420386E-17 -6.0414828174288736E-18 -9.054515130422903E-23 -2.2289404931271346E-22 -3.267188449433255E-18 -9.341291497251364E-20
 0.660000 4.994702098602022E-18 0.01421504084904526 -2.802442472381331E-17 1.0686880585536826E-18 -2.01681028679516E-18 0.009589332485484022 0.1968787715437379 0.21933187319221856 -3.2111659440098795E-17 2.900810254150114E-17 -1.270759920311498E-16 5.1461410370002696E-18 0.04177402117018771 0.04077025904063539 0.1064704861729251 0.12540203347983828 1.9293613176310633E-17 1.2351847697242906E-17 5.687695155442094E-18 -1.6871639844968702E-17 0.11101679283297952 0.10233252264342271 3.600734479428116E-17 7.952387708876352E-18 -4.023427809169E-22 -4.023427809169001E-22 1.0850450312520243E-17 4.6793199353359666E-18
 0.670000 1.5260606050148714E-18 0.014306304765934235 2.5711358664946255E-18 -4.528033612649203E-17 3.4832294512637846E-18 0.00964506083990061 0.19675916128249465 0.21931505468832974 -1.2859943095772399E-17 2.7445482519855504E-17 -1.9812962374774274E-17 2.6755348470819887E-17 0.04161514311479313 0.04060001135245671 0.10643060292956884 0.12534667553785958 -1.9997809305681616E-16 -4.851455756650526E-18 -5.806300941612268E-17 1.6186498643654234E-17 0.11100121682813976 0.10229377388432807 1.0991053524424259E-17 -3.398457380546938E-17 -1.6074905606096912E-22 -2.840015805248467E-23 -1.5384909495997212E-17 1.4510280497091284E-18
 0.680000 4.268064740056051E-18 0.014396358877499484 3.845760326509223E-17 -2.6640602177875702E-17 4.532817314392206E-18 0.009699763882364718 0.19664102370261238 0.21929671896841207 -3.5203261246585917E-17 1.1576447548204169E-17 1.1869407992082878E-16 -3.8075990694429616E-17 0.0414567979890264 0.040430400634988026 0.10639054622651375 0.1252916380303907 -2.351342198228011E-16 2.3451798634193855E-17 3.243110750526921E-17 -1.0312597504430647E-17 0.11098536255686607 0.10225546855128873 -1.1059773370636458E-17 7.634417084226668E-17 7.887187738058561E-22 9.210676718143403E-22 -1.58980231325388E-17 -5.816909220542145E-19
 0.690000 1.0531486794272089E-18 0.014488392550897674 6.407215518653026E-17 -4.168147486277636E-17 -3.4808305790865686E-19 0.009753556540339423 0.19650822109977584 0.2192671905623109 2.7393621822023933E-17 2.96213631469454E-17 -7.676995307663028E-17 2.3533150017396855E-17 0.04129566853447091 0.040258572392077085 0.10634826066929569 0.12524238700461274 -1.2746410767208547E-16 6.754365184649729E-17 -1.7635593093573214E-17 -2.0700947354592472E-17 0.11097429289082213 0.10223284982889079 2.4615082893286155E-17 8.261852278081919E-17 7.059303925297197E-23 2.0294193726145639E-22 -1.9226605791559162E-18 1.4930941442667608E-18
 0.700000 2.7768185078468405E-19 0.014575853373442749 -6.401675336664004E-19 -3.9274737331394866E-17 2.753659328667466E-18 0.009806402174449533 0.19639531897089163 0.21924679376529607 4.628261788204891E-17 7.87459441082127E-18 -5.582476779601204E-17 -1.967687376893946E-18 0.04113885096536579 0.04009041904133878 0.10630877962520988 0.1251868761361448 2.602480555942971E-16 -9.971749982609936E-17 -4.092392697304981E-17 -9.506929243696676E-18 0.11095868063947388 0.10219247154196318 1.8662211566076905E-17 -1.3628834250503E-17 9.785341281732621E-23 3.6255120883429505E-22 -1.0476164236949849E-17 1.641764907205185E-18
 0.710000 2.927323739220217E-18 0.014662393489086952 -2.0486678019097835E-17 2.8829910384577866E-18 -3.2362648193731897E-18 0.009858272448995804 0.19628291817610194 0.219224851854763 9.451591794410817E-18 -1.6221635504465758E-18 -2.806914701032492E-17 -1.77836875569812E-17 0.04098241931635978 0.03992285531611797 0.106268681819409 0.12513259381807273 2.5178997678188833E-16 -3.7794825494753235E-17 -8.408334479402594E-17 -1.7415698499440858E-17 0.11094287537097884 0.1021538937701688 3.545758029090176E-17 -1.546056742527843E-17 -9.275220803588855E-23 3.959668997259589E-23 4.854031235147071E-19 -1.9329311412705793E-18
 0.720000 -1.2071997460099952E-20 0.014748162844832241 -7.065566448088342E-17 -3.3992133094569737E-17 4.522115668699745E-19 0.009909188313843104 0.19617073519045786 0.2192013176476 1.9728034293544758E-17 -1.4618796237945742E-17 -3.2093394299216015E-18 -2.1741422847650242E-17 0.04082634460201987 0.03975587378606727 0.1062280076043198 0.12508003557378605 -8.449714630649066E-17 7.610283395600039E-17 3.446740276813453E-17 -1.0938729663433292E-17 0.11092733098014063 0.10211788049841448 -4.584011328224029E-17 -3.1507104473972877E-18 -5.833391819899694E-23 7.401497980948748E-23 -7.876980312844143E-18 -7.801466218879017E-19
 0.730000 5.985765503103128E-19 0.014833218642086986 4.6833900291855365E-18 1.213468901475348E-18 8.013870444482234E-19 0.009959189278588396 0.1960588141719945 0.2191761830577733 -1.5011263539463427E-17 1.526228636886467E-17 2.434969469591832E-17 2.663922074824563E-17 0.04067064987023543 0.03958946968473756 0.1061870130037586 0.12502916003563588 -8.362999975369863E-17 3.269670286681588E-17 5.35491020658377E-18 4.81351499406986E-17 0.11091244382050393 0.1020844361927521 -2.8404302511289504E-17 -1.5661211974197816E-17 5.18084345758062E-22 6.504332437665463E-22 -1.343015110398656E-18 2.1370499461528593E-18
 0.740000 -2.1634116081776513E-18 0.014917547613022532 -4.935920378855601E-18 2.0211943652625716E-17 4.6321073724431834E-18 0.010008318696513294 0.19594737309156843 0.21914951682502098 -4.116405425712346E-17 3.8964090974249584E-17 3.163827813151291E-17 -3.949085883142148E-17 0.04051538279090765 0.03942364757835763 0.10614598432064602 0.12497962454576596 -1.2716171362847156E-16 1.0810124473707533E-16 -4.636308300515246E-17 -1.483413515859389E-17 0.11089839356248576 0.10205312141289972 -7.389200892943243E-18 1.541561841612046E-17 1.014828847303563E-22 -3.086601327812817E-23 4.5851867411956336E-18 -3.386263365594047E-18
 0.750000 -4.709008914262791E-18 0.015001094446456304 6.0836172939800225E-18 -7.550943496117568E-19 -3.619998536938075E-18 0.010056614519301132 0.19583668724281267 0.21912146782314348 1.472902345413922E-17 -2.537682110844603E-17 4.0921500908797477E-17 -8.157822692078736E-19 0.040360596387107796 0.0392584233056104 0.10610511941304294 0.12493099397810035 1.4547417831244586E-16 -5.56021294100981E-17 1.732492266906427E-17 -2.0290189708255795E-17 0.11088510941146026 0.10202332011596224 2.8933158158041304E-17 1.0947972067634878E-16 1.273475549185188E-22 -5.0013430899656E-24 -2.1735757576683935E-17 2.5444823732849957E-18
 0.760000 -3.778953216600239E-18 0.015083788848184017 -5.91929390872668E-17 -1.300977678647769E-17 -4.796651637281249E-18 0.0101041058808119 0.19572701244630192 0.2190922382639549 1.6101413407049043E-18 -3.7894332249620886E-17 -1.51384558994077E-16 -2.7754881707938498E-17 0.040206337232023937 0.03909382072997168 0.10606448745458201 0.12488287657072468 2.4387978228685976E-16 3.37921642258647E-17 -1.6917153501355095E-17 1.3457708086088617E-17 0.11087232762652931 0.10199442287040834 2.1385211588944984E-17 -2.2401690804853416E-17 7.142753414863289E-22 7.142753414863288E-22 -6.2740965744782375E-18 2.0510571822107067E-18
 0.770000 3.174021858798944E-18 0.015165566543276042 3.502814078291369E-17 8.174969527385422E-18 3.9630830278990196E-18 0.010150813793750416 0.19561854424333458 0.21906204389907669 -5.837754750536969E-17 -1.8021827413339173E-17 7.44702690911752E-17 1.4179750825119688E-17 0.04005263996658158 0.03892986598520041 0.10602404812577214 0.12483498727584234 -1.321475743514957E-16 1.2481863692576483E-16 -2.1204676088485356E-17 2.2332796331293835E-17 0.1108596931307842 0.10196592949067672 -3.98979582069253E-17 -1.2348477015287756E-16 4.063475340166528E-22 4.063475340166529E-22 9.95560843968895E-18 -2.519703073708829E-18
 0.780000 -2.929303722817151E-18 0.015246382393608022 2.5095516570358805E-17 -4.929711612241324E-17 -2.63629826204271E-18 0.010196753806018892 0.19551140411709875 0.2190310770722428 1.8714721495968233E-17 2.7686965251487563E-17 -1.1074887311564384E-17 -8.239711006732307E-18 0.039899526250195064 0.03876658187506627 0.10598370010511063 0.12478715847661119 1.773426633612472E-16 -5.4189980824500966E-17 -2.2323889519138964E-17 -2.3537011244338578E-17 0.11084686171328237 0.10193749022356559 9.251717820725537E-18 -1.2547786577099425E-16 -7.163591647079267E-23 -7.163591647079269E-23 -1.437118174128353E-17 4.759889337850442E-19
 0.790000 -1.7144953402291122E-18 0.015326215918715238 1.8980962017992344E-17 1.1026699250506043E-17 -3.6201086461414025E-18 0.010241938905777086 0.19540564303952196 0.21899948240640163 7.947924261136483E-18 2.2356811262899594E-17 4.7548028026788686E-17 1.4526621143316753E-17 0.039747006282645915 0.038603984116654694 0.1059433321383971 0.12473932143461451 1.3519625449632017E-16 -1.1080202916831011E-16 -6.4045651981929E-17 -5.4571458058112115E-18 0.11083357432518783 0.10190890684479366 -2.3323594609741724E-17 -3.478374759460346E-17 -1.3908069343409136E-22 -6.731795425606868E-24 -4.937502287800717E-19 1.3814948379470253E-18
 0.800000 1.2897034330782489E-18 0.015405070756175195 -5.179728751467706E-18 -4.50940665115912E-17 4.0803094725022553E-19 0.010286381707860134 0.1953012543856915 0.21896734817553484 -5.572688498390154E-18 2.440106424256596E-17 3.402906479325308E-17 -1.2288567545936285E-17 0.03959508147823726 0.03844207999469482 0.10590286014713506 0.12469147709407583 -1.0000815418015542E-16 -5.627424428706551E-17 -5.914697127459647E-17 3.655690744999322E-18 0.11081969240827289 0.10188011109477203 -5.085793646587694E-17 -3.3290106804260877E-17 -4.333150485784633E-22 -5.656639465869478E-22 1.0211875896576363E-17 -4.652875523656292E-18
 0.810000 -3.61774630931445E-18 0.015482970107945767 1.8453542885162517E-17 -1.825832704705054E-17 1.6773567419261727E-18 0.010330095626341905 0.19519819062329752 0.2189347112625581 -3.810360078120803E-17 -2.744350942178477E-17 8.956778858012443E-17 5.2132455024866625E-17 0.03944374738750994 0.038280869129254026 0.10586224462438332 0.12464366763145703 1.2160253770969366E-16 -8.377658410933195E-19 1.1307799889750947E-17 -8.3868517825211E-18 0.11080519713123058 0.10185113257710879 3.136589890094899E-17 -8.25430717877449E-17 -6.369368137625643E-24 2.5832842787934316E-22 1.9091469656256582E-19 -2.0506096712505977E-18
 0.820000 4.463106333227247E-19 0.015559950201277728 1.4076341291283656E-17 5.340698897601815E-18 2.7235322002707018E-18 0.010373095173081971 0.1950963802062216 0.21890157084863487 -4.908807031021827E-17 1.6859502997642996E-17 -5.2090942739429813E-17 2.030758451206004E-17 0.039292996369726885 0.03812034559519827 0.1058214904839604 0.12459595382473893 -6.62271462427327E-17 -7.679804179865606E-17 -1.8307811210103025E-17 7.273724783593198E-18 0.11079016344424435 0.10182206388184818 2.998750222516241E-17 9.113355646548776E-18 -2.2413454173741945E-22 -3.5648343974590387E-22 -8.553896260415068E-18 -1.5536124114043897E-18
 0.830000 2.89316028148279E-18 0.015636053455214037 1.3715910792032912E-18 1.351784382007547E-17 6.561961516306279E-19 0.010415395706709657 0.19499574252072427 0.21886790542183643 6.285656472403229E-18 4.8042796814687315E-17 4.109156674639561E-17 -2.9179527049836033E-18 0.03914281978033472 0.03796050053716445 0.10578063554629398 0.12454839923720595 1.1062797024192619E-16 2.453986748539263E-17 3.361678099816232E-17 1.580684037067451E-17 0.11077472222807484 0.10179302782027796 5.645278019516473E-17 5.772791572937916E-17 2.9739422430559326E-23 2.9739422430559326E-23 2.1754912730270044E-18 -3.090894227582388E-18
 0.840000 -1.7100715480870488E-18 0.01571132255617606 1.324257274879447E-17 1.0354923021161375E-17 1.6822974200413579E-18 0.010457012958720641 0.19489619966512772 0.2188336886369039 1.3015591262865183E-17 4.437930514672434E-18 -2.846632742253981E-17 -9.127738557537508E-18 0.038993209583069274 0.037801324578662095 0.10573973452241571 0.12450106028075275 -1.8346125457110813E-16 -4.7597163615553165E-17 1.839914993008323E-17 4.118009952742956E-17 0.11075902213946683 0.10176414989513997 1.0922226102414833E-18 1.3016932406070448E-16 2.3127961306639923E-22 9.893071505791491E-23 9.381303725774868E-18 1.1298946997916228E-18
 0.850000 1.7495823483866633E-18 0.015785796132487 -3.216260851643128E-17 2.51124630410294E-17 -2.8679321350396866E-18 0.010497962571042754 0.1947976844939349 0.21879890120777845 -4.3143040635869435E-17 -2.1070413821219194E-17 2.881286958114172E-17 -4.751440263715762E-17 0.03884415937582308 0.037642809593065873 0.1056988439438408 0.12445398074061882 2.7425854592978606E-17 1.0489139108145548E-16 -1.251690693732207E-17 2.967431861482995E-18 0.11074319901304186 0.10173553791059325 4.8028348523955725E-17 -9.95164766548278E-19 5.078189428706229E-22 5.078189428706228E-22 2.4020620692197697E-18 -4.230325975517101E-18
 0.860000 1.9903973085595478E-18 0.01585950625931996 3.8178423269636266E-17 9.691554025204848E-18 3.0351784587292984E-18 0.01053825976547539 0.1947001448773336 0.2187635377223681 4.476066391181948E-18 -1.1965044990861794E-17 -1.0990071506617334E-17 4.551820733545025E-17 0.03869566487091551 0.037484949678627116 0.1056580112436399 0.12440718954140843 -7.895230586654323E-17 -9.613033045821926E-18 7.213985114713572E-17 2.6389164167063823E-17 0.11072735653495033 0.1017072695484597 -2.6776143330122776E-17 -1.2527069646622148E-18 -4.942111983144231E-22 -3.618623003059387E-22 -3.0164711675951244E-18 5.094622663805955E-18
 0.870000 -8.404724010642132E-19 0.01593367008967402 -8.994501068121706E-18 -2.8065189124329084E-17 1.82124226573028E-18 0.010577607544018338 0.19459810175537803 0.2187186355813655 -7.59161638687881E-18 -1.023139923734176E-17 9.308631345709548E-17 8.703527508688135E-18 0.038546105384155246 0.03732590682374193 0.10562019647901913 0.12435956945269304 1.2965421618514043E-16 -6.886808161069872E-17 6.346113807505748E-17 -1.9230502341905263E-17 0.11071997545855856 0.1016821445268214 1.2537193240219014E-17 7.522913478965909E-18 -3.0027370341670173E-22 -4.326226014251861E-22 -5.283765396960371E-18 -6.034687925500575E-19
 0.880000 5.461588774374726E-18 0.016003466427134693 -6.010131189072159E-18 -3.881868305504449E-17 8.151219527022441E-20 0.01061577315697909 0.19453018904936054 0.21874278100944947 2.26751004679091E-17 -8.426158785287693E-18 -2.8659646269012813E-17 -4.683771591434256E-17 0.03840936009220248 0.03718131974500828 0.10560504788532749 0.12430787344635073 -3.8477197001535155E-17 7.644485464945359E-17 -1.142259535886096E-16 -3.5994959686845784E-19 0.11068002557965718 0.10166681912513924 -2.212823500770723E-17 3.3299920058584073E-17 2.9684226640185793E-22 3.214447038488915E-23 -1.2142480795842705E-17 -4.458548983281467E-18
 0.890000 -2.3894478684323225E-18 0.016077262599981577 1.651425513026978E-17 6.618739004669851E-18 3.3246214979838348E-18 0.010654073266243513 0.19443269592017057 0.2186943339872153 3.8283426290374914E-17 -1.750880935404177E-17 -9.618653140090241E-17 -2.5697820271306775E-18 0.038261712153090884 0.037023327920405094 0.10556104266621474 0.12426768966983893 1.397246267030845E-16 -2.863901344119524E-17 1.0575418539385797E-17 -1.3417850471744865E-17 0.11067835430983777 0.10163806554623174 3.950821113633485E-19 2.2633270851917192E-17 -4.1582677961239775E-22 -4.1582677961239775E-22 3.4678670693011356E-18 1.0188498752578626E-18
 0.900000 8.736570585712515E-19 0.016150462224056642 5.62129477013405E-17 8.979598249973474E-18 3.984140879941216E-18 0.010691917159481706 0.1943350373145684 0.21864662556984274 -1.862370845058649E-17 -1.9776797999750432E-17 5.157604116898137E-17 6.259955924548396E-17 0.03811458123626271 0.03686621529126371 0.1055208455358971 0.12422652563197016 -9.22513993261353E-17 -8.85580277604501E-17 3.1411249226377086E-18 -2.297092314804958E-18 0.11067755003431957 0.10161347831627805 -3.309253983149061E-17 -1.992909128111686E-18 -6.430345621790739E-22 -9.077323581960427E-22 6.8113230902111946E-18 4.184311248508822E-18
 0.910000 -3.3681920363935216E-18 0.016222785438402432 1.448829450391844E-17 6.616889891382756E-17 -4.278131864717232E-18 0.010729209360400527 0.1942377255534317 0.21860052902218116 5.841421295300752E-18 1.0338717763416907E-17 -2.4964372246476176E-17 4.0261150534880687E-17 0.03796801143644348 0.03671012538157605 0.10548243652895013 0.12418492486909546 5.983485338611813E-18 -4.6465129376340135E-17 -2.4121251545992572E-17 2.1121868498245714E-17 0.1106750119955086 0.1015920053549142 -6.538074433419805E-17 -2.1797256488892556E-17 -8.947164450124772E-22 -8.947164450124772E-22 1.7108355138919998E-17 -8.966356334512497E-19
 0.920000 7.431686825530716E-19 0.01629406026713095 2.590243170948955E-17 1.8943596313834975E-17 8.599383767730661E-19 0.010765913315726615 0.1941413988471512 0.2185562655610609 -8.81540078455185E-18 5.027653549582059E-17 -8.054412030718792E-17 7.231029963754276E-17 0.03782207365420519 0.03655508403775797 0.1054445564202076 0.12414296999890029 -1.6047091208410164E-16 3.5428372159462707E-17 5.740916777869443E-17 -8.846055100619057E-18 0.11066958457141615 0.10157204454843398 2.7205151500104458E-17 5.1888913426732864E-17 -1.2189976671055056E-21 -8.219509730800524E-22 9.873035307076847E-18 -2.842350657473194E-18
 0.930000 2.3442432051259015E-18 0.01636420889578276 -4.2374956161633897E-17 2.3174378277648542E-17 -1.5078047210630083E-18 0.01080203233077799 0.19404658655727486 0.21851367669276509 -2.673617588070068E-17 1.7166036181721364E-17 -3.098468065934755E-17 -2.898205479497922E-17 0.03767683192892443 0.03640105165366302 0.10540665398680946 0.12410047593623899 1.1099642569871825E-17 7.925835687298255E-17 5.5378169268720353E-17 5.399026068620691E-18 0.1106611073156084 0.10155213381595803 -2.8832060255435965E-18 1.4932970766255712E-17 -8.383805851260061E-22 -9.707294831344908E-22 -1.4534853596861462E-18 -9.631379144718434E-19
 0.940000 -4.156450505161328E-19 0.016433237386750094 1.453048925383919E-17 -6.686247610404853E-18 3.5114176132136574E-18 0.010837585826247774 0.19395358295005752 0.21847240808562593 -2.2696978084916664E-17 -7.588929165437067E-18 9.824308275757135E-17 5.2574806303576456E-17 0.03753232085368739 0.03624795736352754 0.10536861346339747 0.12405725593135043 -7.940511914268309E-17 1.4418975627840967E-16 2.595826323862984E-17 4.6544653674070766E-18 0.11064999602554061 0.10153131691941876 -2.781492875395602E-17 -3.4232581131938684E-17 -5.185878002373421E-22 -2.538900042203732E-22 -2.979183158048956E-18 -4.503260078047033E-18
 0.950000 -2.6045849669506235E-18 0.01650121792800623 3.3695913356998834E-17 9.749297478873856E-18 -1.3127109961180328E-18 0.010872594407597169 0.1938624288784555 0.21843204017494292 1.411672930015488E-17 2.778963496291002E-17 3.596964701273839E-17 1.9772949200089327E-17 0.03738854016296316 0.03609572232213256 0.10533051773899856 0.12401327772764031 1.1906563840497684E-16 -6.309000305511432E-17 5.2201715397211984E-17 2.2621103487116916E-17 0.11063692670825655 0.1015092360954454 2.986016656809336E-17 -5.4044485601303357E-17 -4.148103378528956E-22 -4.1481033785289556E-22 4.122453015340241E-18 6.4374088643613435E-18
 0.960000 1.6008770910344633E-18 0.01656826498467744 -4.168814535814477E-17 -5.0947843348825737E-17 -2.915359328757727E-18 0.010907073849404229 0.1937729671032474 0.2183921707370933 3.025786464178083E-17 -7.655400393154476E-17 -1.5209702424736299E-16 -3.9929040927842274E-18 0.037245461750512424 0.03594427348795746 0.10529250020641297 0.12396869463481615 2.753671638109924E-16 6.875191178664834E-17 -3.246689980006573E-17 -3.673449879796887E-17 0.11062262991143629 0.10148603283834012 3.7199579588915425E-17 -2.831542777678737E-17 -3.9755215252140995E-22 -6.622499485383789E-22 6.50967841924879E-18 3.3238696840888497E-18
 0.970000 1.0179387977145314E-19 0.016634509738630895 3.754606743802674E-17 2.449801346340113E-17 -2.4434215559659664E-18 0.010941034852496086 0.19368492990890526 0.2183524600406597 -2.824446140470361E-17 1.9501644046257997E-17 -1.3374949841576027E-16 -7.985518728539766E-17 0.03710304237781945 0.03579355029595615 0.10525467537483313 0.12392379166276332 -1.0059476078973256E-16 5.328862120108371E-17 4.3736603194226185E-17 -1.961446810431371E-18 0.11060777170473063 0.10146215503058029 3.1500971603151584E-17 7.882022387781126E-17 -4.120137409705934E-22 -5.4436263897907785E-22 -1.7918445989535484E-17 -2.1772635359814197E-18
 0.980000 -1.4295757945882349E-18 0.016700077429318828 -2.884402587109494E-17 -1.9573702747903433E-18 4.51019468743337E-18 0.010974485267080123 0.19359802514307167 0.2183126506231787 -4.665428279011626E-18 5.1786124666538204E-17 4.67061287846815E-17 -2.5515109932499014E-17 0.03696123644285162 0.03564350680886023 0.10521711927252768 0.12387889824344041 -1.8946959397956819E-16 -5.820901666706543E-17 2.5599827581558788E-17 -7.52616440808581E-19 0.11059289213816592 0.10143815413698559 4.1738206583278255E-17 4.0327418209734795E-17 -3.45681260798113E-22 -2.1333236278962863E-22 1.1092982395724709E-17 -3.9796557659314E-18
 0.990000 2.325419047654678E-18 0.016765070945981803 3.382964571185823E-17 1.468985204359385E-17 1.7319200674900526E-18 0.011007432480749526 0.19351200021325646 0.21827257115167434 -3.0691140682969593E-18 3.4496906238315764E-18 -1.093787917697199E-16 -3.3330558052312595E-17 0.03682000540749411 0.03549411133998214 0.1051798724993779 0.12383430813629646 -3.241873399847411E-17 4.490146821220185E-17 4.172003427259241E-17 1.3914534312557436E-17 0.11057837904702984 0.10141452586115642 1.8969213555556236E-17 4.312613629631621E-17 -2.403422444901619E-22 -1.079933464816775E-22 2.638503322275289E-18 -4.746947330719128E-19
 1.000000 2.81063180167816E-19 0.016829562133736358 -2.2569937004528072E-17 9.267285717930905E-18 -4.737954629811701E-19 0.01103988488234571 0.1934266767708801 0.21823213037200156 3.514121265711831E-18 -1.5604390676103622E-17 -1.2976206631059132E-17 -1.1975726720664397E-17 0.036679322689005305 0.03534534476663174 0.1051429486929706 0.12379022837997392 3.328193919597934E-17 -2.5219631523999306E-17 -9.875811806914331E-18 6.198236681041469E-18 0.11056446443148646 0.10139161625623995 4.2257344463818335E-17 5.685963896187519E-17 1.4454199042797282E-22 2.768908884364572E-22 5.73016381046453E-18 -8.294569750316277E-19
 1.010000 1.1013533801691162E-18 0.016893590462374635 -3.2736366495794965E-18 -2.9066240010276703E-18 1.7018256686463212E-18 0.011071852238512248 0.19334195848506067 0.21819130466488695 -9.799549396372878E-18 -2.6248965488086342E-17 -2.4445832976090412E-17 -3.264938653867695E-19 0.03653917442145611 0.035197198170895894 0.10510634117334597 0.12374676200394272 -2.2641315750608733E-16 -4.304793820400114E-17 6.016084111238686E-17 6.322056955871349E-17 0.1105512371246416 0.10136959133910871 -1.6528717719659093E-17 4.465927908185982E-17 -3.6581473598137675E-22 -3.6581473598137675E-22 -8.058448300505662E-18 3.4678147012670713E-18
 1.020000 -1.86400173523725E-18 0.01695716740463522 -3.910997560528347E-17 -9.741053610233759E-20 5.037266884794055E-18 0.011103345313130177 0.19325781954170418 0.21815012159194247 -7.613044362227668E-18 -1.2272327400510394E-17 1.0349547288972278E-16 -9.485161529095677E-18 0.03639955733529782 0.035049670145276365 0.1050700270291179 0.1237039180025574 -1.9418942991385226E-16 6.306430666170102E-17 -5.171641120616023E-17 -1.7310228040104259E-18 0.11053866800262922 0.10134845452759067 -9.876053512878986E-18 1.7894015114101104E-17 -4.0459156879258623E-22 -5.369404668010706E-22 9.659039704657436E-18 -5.989421492393592E-18
 1.030000 -7.634929534780759E-20 0.017020284242119276 1.7399429589089467E-17 -2.7856113583551413E-18 3.007369406866392E-18 0.011134375184647795 0.1931742829093698 0.21810864159581003 4.287601402278813E-17 6.5902141391199924E-18 -3.758311810279239E-17 -4.485629971398133E-17 0.03626047520212497 0.03490276401188906 0.10503397047684435 0.12366163734592721 1.9278572286891347E-17 -7.196581664992387E-18 -1.1220135775835777E-17 7.642439456452735E-18 0.11052664381375923 0.10132809162266547 1.841668121010993E-17 2.669077808655833E-17 -2.056989046769811E-22 1.9134778934847217E-22 -2.545454351309783E-18 -4.083990806676686E-18
 1.040000 -7.029840063234029E-19 0.01708292100769997 -3.979625578568991E-17 -3.0515054090360543E-17 3.3519529736124326E-18 0.0111649526199435 0.19309139627072952 0.2180669400776073 2.726198424716307E-17 1.0580246606132936E-17 -5.593106899420791E-18 5.4708018363539944E-17 0.03612193507483191 0.03475648520624301 0.1049981271806963 0.12361982399286495 6.054932910257383E-17 -1.1232651745927138E-17 3.842880992502088E-17 -2.2820539661634528E-17 0.1105150046572907 0.10130832476250018 -1.202451363009256E-18 2.915511756310108E-17 2.571502897591833E-22 3.894991877676677E-22 1.6070870601662267E-17 3.0437271738594906E-18
 1.050000 7.705591670912728E-19 0.017145054704855323 2.7892605092869206E-17 3.831558371967747E-17 5.4529597740531465E-18 0.01119508768890902 0.1930092111412996 0.21802509193774872 4.047795611329925E-18 -1.5061599228791275E-18 -2.8828238061515113E-17 -8.034954075465055E-18 0.03598394414788163 0.034610839073347464 0.1049624499414937 0.12357837276992437 -4.241538129848986E-17 1.4438948203766842E-17 -4.3748095254180327E-17 -4.971627231829371E-17 0.11050357964587956 0.10128896173236285 -1.9148630510141018E-17 -7.911959509150571E-17 -1.8956185329019118E-23 -1.895618532901912E-23 1.2609561774638765E-17 1.6332015554793222E-19
 1.060000 -4.231515709684811E-19 0.017206665599356612 1.635127102012001E-17 3.524942960881164E-17 -1.790545895521707E-18 0.011224789647335833 0.19292776810341564 0.21798316016042094 -5.5847697868781005E-18 -1.3847030685933936E-17 9.019924662095886E-17 -2.1874141108657692E-17 0.03584650763912373 0.03446582927142818 0.10492689495673542 0.12353718966433229 -1.7808470195977838E-17 -2.219429806893015E-17 -4.572325574150328E-17 4.933954041556842E-18 0.11049221593780117 0.1012698328053866 -4.321054124238153E-18 2.9450828987033654E-17 -2.404765308246168E-22 -3.7282542883310123E-22 -7.758892284502561E-18 -2.2623542389284292E-18
 1.070000 2.0805165500151244E-18 0.017267741063609492 -8.27198539849294E-18 1.9957972079655938E-17 4.0006793657135584E-18 0.01125406702003164 0.1928470888929327 0.21794118922375688 -8.459702568170157E-18 4.275579200459763E-18 -7.59584567617203E-17 5.316517024016281E-17 0.03570962775197308 0.03432145687849774 0.1048914273011192 0.12349620330101775 -2.0342160995177612E-18 8.11256302267709E-17 -3.726385615110155E-17 -1.1781505917682041E-17 0.1104807980033631 0.10125081239017272 -4.169004321083575E-17 6.382644406273187E-17 9.480505144663306E-23 6.2420064348057075E-22 3.873264200291635E-19 9.157968954732625E-19
 1.080000 4.497721712758046E-19 0.01732827703086555 2.9488251454178945E-17 9.929029820047025E-18 -4.2817922005486265E-18 0.011282927783764989 0.1927671745554508 0.21789920323624104 1.580975389681513E-17 1.6938595322222083E-17 9.402169714141684E-17 -1.2093839790024192E-17 0.035573303552082575 0.03417772017806037 0.1048560244306374 0.12345536857670318 1.2921980099527392E-16 -1.2057871415756966E-16 4.015300152997287E-18 5.233315948008383E-17 0.11046925615774274 0.10123182646642383 2.7281418134412892E-17 -9.350258687787431E-17 -3.0259001905266156E-23 -3.025900190526615E-23 2.0009468838016522E-19 6.169034604060162E-19
 1.090000 -1.0615053451436383E-18 0.01738827751269927 -1.4888979149340368E-17 5.246426616280098E-18 -3.578658700517334E-18 0.011311379561975981 0.19268800806116212 0.21785720795456406 -7.043096915679094E-18 3.821688427979859E-18 7.970960508690838E-17 -8.050573632140756E-19 0.035437531482411216 0.03403461499607567 0.10482067711700026 0.12341466455204651 1.8805274821863222E-17 -3.2177913028794184E-17 3.390499608253717E-17 -3.669921873327282E-18 0.11045756543603309 0.10121284897193945 -4.8995696390803715E-17 -7.30823194580921E-17 5.543472017344613E-22 8.190449977514301E-22 -1.3800363720287165E-17 -2.4252380168023713E-18
 1.100000 -9.148211727011157E-19 0.01744775283274159 -4.307952122748403E-17 -2.892355883246558E-17 -3.3666160631018063E-18 0.01133942977641488 0.19260955951443318 0.21781519537552113 1.3417407396982122E-17 -8.005930622445316E-18 6.462602128781837E-17 4.6745221870228246E-18 0.03530230621995395 0.033892135395863644 0.10478538793554136 0.12337408897585911 -7.732706301311778E-17 -2.493533310445579E-17 4.5515119900940026E-17 -1.2467383350981129E-17 0.11044573734508784 0.1011938911698062 -3.7095430490099804E-17 4.9093057150589055E-17 -3.4753787966608317E-22 -3.4753787966608326E-22 1.8609178275331696E-17 3.0581343617373116E-20
 1.110000 1.7462286509859303E-18 0.017506717257052055 1.3071716003352785E-17 -1.615317791505808E-17 -3.2830081916288386E-18 0.011367085735567163 0.19253179224695416 0.21777314946445447 -1.1847447320871893E-17 -6.996762872284452E-18 -3.8306870398671976E-17 3.219225648776956E-17 0.035167621615774816 0.03375027452033073 0.10475016799134507 0.12333365154217381 4.1841670530001635E-17 -1.608186928032812E-16 -5.825248382846396E-17 1.2910605077550245E-18 0.11043380769189887 0.10117498792139365 4.937722570975961E-17 7.473331528224912E-17 1.7720841209843497E-22 1.772084120984349E-22 1.1340863520897897E-17 -2.085111960790568E-19
 1.120000 -7.602764143276504E-19 0.01756518660435198 8.575138752956748E-18 -2.4081835619383376E-17 9.254927275841957E-20 0.011394354665374706 0.19245466847147957 0.217731051741753 3.75248157307853E-17 2.1509924978697964E-18 -1.5794274574336875E-17 -1.8883596495611653E-17 0.03503347152881114 0.03360902539594487 0.10471503284263223 0.12329336744213622 4.209960473115423E-17 -9.181415918341539E-17 1.1445481442014163E-17 1.9105715193754458E-17 0.11042182359630616 0.10115618408009389 -3.0055206611445986E-17 -9.209951661707946E-17 -3.2139166394040984E-22 -3.2139166394040984E-22 -1.7146224594477205E-17 7.053886972158021E-18
 1.130000 -3.0952817589908415E-18 0.017623176251529624 5.2914407752908777E-17 -1.574808038267384E-17 -2.336014014493419E-18 0.011421243700724676 0.192378153653148 0.2176888858013781 5.248238001515659E-17 3.4997594714636393E-17 -5.128729023114789E-18 -3.717207204304186E-17 0.03489985044115615 0.03346838156644525 0.10467999856121736 0.12325325217446181 5.732195947668558E-17 -1.0748062369247928E-16 -2.153407138396916E-17 1.9992971344501346E-17 0.1104098321448856 0.10113752322326303 1.9360106609325132E-19 2.2008723804807767E-17 -2.211341982131943E-22 -2.211341982131943E-22 -1.9924054539054095E-17 -4.874506034893132E-18
 1.140000 3.021672814464153E-18 0.017680699761148874 1.3634851735447824E-17 1.488264583045742E-17 -3.23166669536328E-18 0.01144775985868668 0.19230221922283802 0.21764664026545233 2.244954922265593E-17 5.015541386916408E-18 4.4608610359894754E-17 1.5161595120539757E-17 0.03476675381324121 0.033328337488718364 0.10464507863749303 0.12321331804381909 5.788584935178975E-17 5.92631728701944E-17 -2.882366009568416E-17 3.495316233173347E-17 0.11039787220575453 0.101119039898004 2.254089173756343E-17 1.147598758804881E-16 -3.121860269332729E-22 -3.1218602693327287E-22 -2.424968675865599E-18 -3.1606545120425575E-18
 1.150000 2.0270617718636513E-18 0.017737768186060293 -2.587429503022565E-17 1.4026157607460357E-17 3.0436009562165477E-18 0.01147391001023064 0.192226843642521 0.21760431008546371 -3.961852349213797E-17 1.9544692794775773E-17 2.1914959635001996E-17 -6.03361218021396E-18 0.034634178192673934 0.03318888868347801 0.10461028210417027 0.12317357236495705 -8.14256233705343E-17 -1.7096272779915615E-18 5.134879365312417E-17 9.700419647453757E-18 0.11038596995631104 0.10110075564244303 4.393963110934847E-17 9.100999760741436E-18 2.1360638650774934E-22 3.459552845162338E-22 -4.113247436853261E-18 1.0566009477145273E-18
 1.160000 -4.4976424325018045E-18 0.017794389975377224 -1.2444454569519341E-17 9.883770230818007E-18 -1.1980746067057916E-18 0.011499700860368795 0.19215201210273264 0.2175618964144693 2.2294172993187858E-17 5.3949216725598563E-17 5.334923776765914E-17 -1.6512692711440444E-18 0.034502121127037565 0.03305003167899104 0.10457561292379627 0.12313401711710673 -4.109962506015721E-17 -1.0852393388829321E-16 -6.239881819352272E-17 -8.75813710705049E-18 0.11037413787096147 0.10108267835614064 -2.5235617720099365E-17 3.3298637040548364E-17 1.051355272271963E-23 4.075602467481729E-22 -1.882544159310921E-18 4.128093400789842E-18
 1.170000 1.6894774599637966E-18 0.017850571326049003 -7.54812765478977E-17 -1.5572116282657015E-17 -4.6603530705991584E-18 0.011525138940216915 0.19207771527847092 0.2175194054622237 -1.2572504040736737E-17 1.5809028994717722E-17 -1.1315996045969622E-16 -1.2609225076777654E-17 0.03437058094862273 0.03291176381228445 0.10454107043167915 0.12309464964772442 6.536327402175222E-17 3.255292534985146E-17 1.7510871634754757E-17 1.4501293797261323E-19 0.11036237637831475 0.10106480416992662 4.39090341367203E-17 9.076864473682498E-18 -2.0622323966248251E-22 -2.0622323966248256E-22 8.634407947688828E-20 5.593392811139257E-18
 1.180000 -3.834050238818658E-18 0.017908380635828454 5.705011397854339E-18 2.3941482709411896E-17 -5.56749678373986E-18 0.011550943112419202 0.19194705645674287 0.2174169847442097 2.703195897102255E-17 3.1125835882820406E-17 -1.7487168901383896E-17 -2.1781245276283652E-17 0.03422363114859654 0.032760789905785126 0.10449134067436122 0.12304817845695502 1.798669858237859E-17 4.053576897969279E-17 2.100215086911615E-17 8.742057643130871E-18 0.11032881081199282 0.10104193961959218 1.8832444755003955E-17 3.5234608646782774E-17 -3.795655991646653E-22 -5.119144971731497E-22 7.064636336814039E-18 -4.883996081764009E-18
 1.190000 -4.903083816065079E-19 0.017962299066992208 3.832525271784007E-18 2.4246469894766818E-17 -9.745340474358027E-19 0.011575916198643652 0.19188384188949625 0.21738159597948412 -2.8668393430039815E-17 5.3784558187428204E-17 2.0756263605518136E-17 -2.3700707560464017E-17 0.03409524154039584 0.0326253837280237 0.10446042553927697 0.12300724374569803 -2.2087827693019033E-17 -8.897281340714718E-17 -1.2769498671164672E-17 -9.321511371375937E-18 0.11031649114832456 0.10101749976123162 -3.014984893481724E-17 8.724124246437719E-17 3.0761832102874933E-22 -2.217772710051884E-22 1.568308957809994E-17 2.3520412773840754E-18
 1.200000 5.575409197972477E-19 0.0180156501879137 1.708947346205135E-17 5.522553136452611E-17 -1.9218335772017133E-18 0.011600496621285162 0.19182029895275773 0.21734594848335456 3.595665828657704E-17 -1.4479845771673506E-17 5.950249960049543E-17 1.7738451921669958E-17 0.03396713990199879 0.03249044550799285 0.10442823224608881 0.1229661671755998 -3.5099583010129994E-16 -4.8427340859162467E-17 -7.302572965628376E-18 -4.6317225445251535E-17 0.11030213571998827 0.1009925812340879 -1.2593216748521659E-17 -1.1977414210678586E-16 -6.062283457834097E-22 -7.385772437918941E-22 2.161781517914189E-17 -6.2775790072489205E-18
 1.210000 -2.0257060841866727E-19 0.01806875543426571 -9.514643830686932E-18 -6.70254708190509E-18 -3.647639764560252E-18 0.011624677284383213 0.19175564022823205 0.21730956033457735 6.9298299980430124E-18 -1.544795446800008E-18 -4.3391052275555584E-17 1.430395511981479E-17 0.033839212648149083 0.03235590977800419 0.10439496911448226 0.12292608958304665 -8.308521572887175E-17 -4.779490363978801E-17 7.371361679804078E-17 1.994163917394289E-18 0.11028703004602591 0.10096920339743483 7.859316404875336E-17 7.341368827709608E-17 -4.326855352473746E-22 -4.326855352473748E-22 2.0785698345235056E-17 4.55206004478348E-18
 1.220000 -1.145470087179147E-18 0.018121805804378534 5.834621891093934E-18 -5.002755642670758E-17 1.7832410527523697E-18 0.011648481151159629 0.19168962956054778 0.21727207616963568 -1.9477732635934785E-17 4.227913657486826E-17 2.831100416634484E-17 5.2773989474403126E-17 0.033711441874689586 0.03222173221483394 0.10436118108483046 0.12288743751510502 -2.679099056937449E-16 6.728439545760399E-18 -4.544863618256183E-17 -3.686442245715979E-18 0.11027243846107475 0.10094831595498346 1.4925751643951082E-17 4.099747963810629E-18 -4.785383679115537E-22 -6.1088726592003815E-22 1.8616877073904208E-19 -3.0543379980030024E-18
 1.230000 1.0743917805438848E-18 0.018174871366428907 -3.6305540120682653E-17 1.523977094762548E-17 1.343729370597452E-18 0.01167194134152348 0.1916223738032764 0.21723331816366806 3.381109385170159E-17 1.5824687806052397E-17 4.5255934656549067E-17 -1.055217180144557E-17 0.03358386212467461 0.03208789257288838 0.10432743901619669 0.12285013380231276 7.094470351049375E-18 1.0138337019551744E-16 -1.6968237386068743E-17 -2.2958726811194803E-17 0.11025922861736577 0.10093005874455456 -1.9456612540542224E-17 3.4324992149354648E-18 -5.1883526089211785E-22 -6.511841589006024E-22 1.4294989254121274E-18 4.1269631111443856E-18
 1.240000 3.728831050915329E-18 0.01822792694387166 3.089549278470984E-17 -3.481735998569997E-17 1.9856874692856946E-18 0.011695087417462599 0.19155417249309878 0.21719330988076682 -8.929983818625872E-18 3.7401265695232596E-17 -8.00293921871024E-17 5.071980554477234E-17 0.03345653366156159 0.03195439909333054 0.10429414888378906 0.1228138459893668 -2.2192902343527765E-16 2.3864785020656202E-17 1.3544455266315994E-17 -1.6488996249253238E-17 0.11024774176446714 0.10091406629336382 -2.583666358854095E-17 -2.5270171860373066E-17 -1.9346023286224262E-22 -6.111133485375823E-23 5.440853772217671E-18 3.1597481489910035E-18
 1.250000 -4.803073269668446E-19 0.018280886476322283 3.678140332686228E-17 -7.316328032710751E-18 -5.268058145798743E-18 0.011717939278010717 0.1914854017851498 0.21715224217186962 -3.4146258957259866E-17 -4.354511483565862E-17 2.6225586563551677E-17 -4.537996481268919E-18 0.03332952362738898 0.03182128407872635 0.10426148005138655 0.12277817461667968 3.6230494816034074E-18 1.379405085729124E-16 -1.9448398951717517E-17 -2.015870598832309E-17 0.11023784208439748 0.1008997236729457 1.377067169955328E-17 1.9179436879550074E-17 3.88056086406538E-22 6.527538824235068E-22 2.023127774925768E-17 -5.31493337947854E-18
 1.260000 -1.4440295248331526E-18 0.018333637173968388 3.512695020293916E-18 1.718420633086463E-17 7.295402359255245E-18 0.011740506875157299 0.1914164334222133 0.21711040449502705 1.904091828299658E-17 2.4354853912209842E-18 -3.625904788370216E-17 -2.7898185402636114E-18 0.03320289405749779 0.03168859372114087 0.10422938852591507 0.12274276408981538 6.844361766951834E-17 6.575697207020502E-18 9.789016840631211E-17 -3.115657018307756E-17 0.11022907163746823 0.1008863532498406 -2.934641774884688E-17 -4.077680760746127E-17 3.042731613127934E-22 -9.277353271265984E-23 7.7462432450880325E-19 5.041165706793451E-18
 1.270000 9.318113059783653E-19 0.018386067595007903 2.672960153648844E-17 1.3143514855297618E-17 2.6187332367952016E-18 0.0117627930662158 0.19134758490132467 0.21706810964341336 -2.797663764821367E-17 -3.109184482038677E-17 -8.28731872414462E-17 -3.630521899396315E-17 0.033076695427835014 0.03155637668919762 0.10419769312279673 0.12270735024092985 -1.6646307530039723E-16 -2.78960605517342E-17 4.023219029972851E-18 -2.225508360419316E-17 0.11022083726118023 0.10087333743268993 1.4851074172372203E-17 -4.4943243825655586E-17 9.222056570185509E-23 -3.048261283235982E-22 1.8375329048530485E-18 -3.700010435379435E-18
 1.280000 9.099384624457001E-19 0.01843808685486199 -5.448825320259557E-17 -1.9167622441775072E-17 -3.2898256193279934E-18 0.011784797266724129 0.19127909435444992 0.21702563242252473 -2.067184678416842E-17 -4.649305921887947E-17 -1.0560439060215372E-16 1.1542635951009653E-17 0.0329509641638733 0.0314246748404964 0.10416616367510019 0.12267176763016725 1.0362017565729113E-16 6.611993826517427E-17 -1.8097250492005105E-17 -1.6124071275877067E-17 0.11021257372947085 0.1008601897928156 -6.07124140616707E-18 6.306833393914645E-17 -3.3635043191740558E-22 -3.3635043191740558E-22 1.676462086705291E-17 6.995700554282335E-18
 1.290000 -1.5637650656225856E-18 0.018489634586393355 1.7268273074849827E-17 -1.3738671958076438E-17 -4.36217913640563E-18 0.011806518448828905 0.19121111375752425 0.21698317244818724 1.1543209785440331E-17 -1.5748408197493415E-17 1.3591971122254876E-17 2.927144832817588E-17 0.032825722762214446 0.03129351771792534 0.10413459301649071 0.12263593683148022 2.7437435072470564E-17 -1.13699622592659E-16 -5.844207181697202E-17 -2.1864208155111853E-17 0.11020385286688703 0.1008465865006754 3.100044516707566E-17 -3.5062603623124385E-17 -1.3572158532285554E-22 -4.004193813398243E-22 -1.2848831706040316E-18 -2.341105025536425E-18
 1.300000 7.393039651486957E-19 0.018540682880861598 -1.319801854600681E-17 -4.435072722955102E-18 3.594085950295912E-20 0.011827956916869733 0.191143715106514 0.21694084209709166 1.943708242324006E-17 -4.373776705121992E-17 3.388452355712825E-17 -2.3497241167212373E-17 0.03270098153638113 0.031162920980994567 0.10410283982927063 0.12259984492168248 -6.3061125683771675E-18 1.0276550626179087E-16 1.1476771475302372E-17 -3.519636572714541E-17 0.11019443161656982 0.10083236771242157 2.618878139473824E-17 5.757756768527185E-18 5.886250944068882E-23 3.235603054576575E-22 1.0123397103417365E-17 -1.7618536745870566E-19
 1.310000 2.753798953250704E-19 0.018591232315531094 -1.8012918237444353E-18 -7.574377867181252E-18 -7.083994873889633E-19 0.01184911491706539 0.19107690509975792 0.21689867457947748 4.706306803818211E-18 6.694363501591741E-17 -5.81136815702681E-17 2.7289086899866208E-17 0.03257674128807457 0.031032887937974873 0.10407084201158466 0.12256352577400671 3.016243715864936E-16 1.500227684545465E-17 -1.58099389720125E-17 1.6830167814814325E-17 0.11018424828651718 0.10081751697279169 4.3688736291903373E-17 7.049838643786039E-17 -2.156288020045163E-22 -2.1562880200451623E-22 -5.140034484755318E-18 -1.3082878080477797E-18
 1.320000 3.140170077983014E-19 0.01864130445398231 -7.322517751220588E-18 3.882271539409097E-17 2.345425960034513E-18 0.011869996444636172 0.19101064442043625 0.21685664438574467 1.7644619178436532E-17 1.9411195425750956E-17 3.4230168842779544E-17 1.5398780000354392E-17 0.032452996376862775 0.030903412921481053 0.10403860774530131 0.12252704246332456 -1.1463553290813922E-16 -3.812380979604725E-17 2.6673764095365552E-17 -6.152413718357991E-18 0.11017338427206154 0.10080212625373396 -9.601983851826594E-17 -8.922800987923862E-17 -3.7551682495957193E-23 3.5949501152949614E-22 7.711137177540907E-18 3.981694224657019E-18
 1.330000 3.912885767220096E-19 0.01868580797069887 8.277506932199517E-18 1.301363569002007E-18 -2.2071655790922085E-18 0.011891095421024588 0.1909949139505556 0.21683770002486055 -2.804491461757965E-17 3.58488534134132E-17 -5.495418977466944E-17 1.9331648898407274E-17 0.03233948130682719 0.03078328326566751 0.10400125578599237 0.12251236130535348 -2.2673601718154E-16 3.778532145777203E-17 -5.1720965702082506E-17 -1.5010183358288773E-17 0.11017221110237875 0.10076724610115882 -2.1555024080010264E-17 -6.153068146709032E-17 -3.6905571981415926E-22 -3.6905571981415926E-22 -7.254892109568611E-18 -1.1388343766460328E-19
 1.340000 1.038617919571928E-18 0.018735578292590954 8.202135475860309E-18 -2.3389891371441596E-17 8.589719019569408E-19 0.01191146351421358 0.19091886037165787 0.21679328567350187 -2.200000553027749E-18 2.6449705774027246E-18 3.6584714749101726E-17 2.081813053583242E-18 0.032214742317143136 0.030654132149319398 0.10397328544323708 0.12247263551720067 -1.0422474920716421E-16 -4.175159150075321E-17 -1.6833912690634825E-17 -2.2122357732647786E-17 0.11015807178855286 0.10076365030547753 4.566924828723538E-17 2.2173659706505485E-18 5.362928382758545E-22 4.039439402673702E-22 2.059353616616513E-17 -3.3021918458973076E-18
 1.350000 3.5501179107060544E-18 0.01878519969799139 -5.340376380421065E-17 3.059693575069682E-17 -1.0209574275602323E-18 0.011931489195749403 0.19084502280835308 0.21674822183425144 -5.312837255709653E-17 4.149157609040297E-17 2.0627790512792732E-17 3.2782097574685947E-17 0.032090805390801926 0.03052553365155577 0.10394450337873701 0.12243519104458218 6.277800179069978E-17 9.579485102135616E-17 -5.0672053109236124E-17 1.0204657572618955E-17 0.11014666407620394 0.10075925489055353 3.2912283274053126E-17 4.315750397343586E-17 1.3664333933653306E-22 2.689922373450175E-22 3.1383394078139796E-19 2.3289949587633202E-18
 1.360000 7.431198424049189E-19 0.01883439835353865 3.790199774753482E-18 -7.477770623180205E-18 5.7050226339321765E-18 0.011951251002809339 0.19077403851357455 0.2167029585101612 -2.045601065621097E-17 3.3045456418648675E-17 3.524644147702874E-17 -3.572025890089018E-18 0.03196777693852102 0.030397523897975752 0.10391536777821572 0.12239834562398273 1.575605947281347E-17 -3.8477533126283815E-17 4.2597864979176797E-17 1.1094737805739525E-17 0.110137082281345 0.10075201847688003 4.2944595645774305E-18 5.760264843460032E-18 3.7932414176379977E-22 2.4697524375531544E-22 -1.072086727028999E-17 3.679059389057518E-18
 1.370000 -2.077286293747771E-18 0.01888299891395342 -3.0213070826782285E-17 8.70911690228703E-19 -1.8709837754014904E-18 0.011970772857495213 0.19070586704199732 0.21665801226034284 3.1407064400238785E-17 -1.629916464811364E-17 -1.83521955690421E-17 3.2843495804039976E-17 0.03184564444674336 0.03027015707832745 0.10388585823564299 0.122361289998349 1.776282593347872E-16 -1.260427610277717E-16 -5.575096873782963E-17 -1.900411096839384E-17 0.11012800968480253 0.10074138462542541 1.931291310873094E-17 -3.837771845590394E-17 -4.760602232958302E-23 -1.7995492033806745E-22 -5.913864770367327E-18 1.8118882409114183E-18
 1.380000 -3.75263272502818E-18 0.01893093309944421 -3.6473276103038264E-17 -2.127083883785146E-18 4.111142596276155E-18 0.011990048265764532 0.19064011797048355 0.216613768792647 2.579269899925095E-17 -3.888509216644399E-17 -5.105413182256575E-17 8.500757381987118E-18 0.03172433662373625 0.030143475847842546 0.10385573033999995 0.12232388625015667 3.660242552754603E-17 -3.315968419854706E-17 3.984813292195695E-17 2.157133219138883E-17 0.11011834035893943 0.1007277059511227 -2.1578389786190817E-17 1.4590263848784514E-17 1.6184697020079545E-22 1.6184697020079545E-22 2.7324561683762105E-18 1.6459950466277568E-18
 1.390000 2.919515436461725E-20 0.018978219248501658 1.859478286954021E-17 2.180326734339556E-17 4.506519765330304E-18 0.012009064044212267 0.19057626805666456 0.21657039505503947 -2.2440477114372526E-18 7.441570178145903E-17 3.251023588012275E-17 3.3013030254103674E-17 0.03160376225029943 0.030017494456835665 0.10382478602321606 0.12228632873021526 1.2215076627262355E-16 -1.1400220151076431E-17 -6.178439392523098E-17 -2.1934292125830414E-17 0.1101074669971878 0.1007117632975646 2.3467490615261208E-17 -4.0411954007769606E-17 3.867299198403168E-22 5.190788178488012E-22 -2.2080569039975096E-17 -2.5544485714274787E-18
 1.400000 1.3252776791255002E-18 0.01902493062110583 -1.7613484438901372E-17 1.5553349432313483E-17 -4.673208893366664E-18 0.012027812971797983 0.1905138001325401 0.2165278472857776 -4.5430101060335115E-17 -6.934667379430138E-17 -4.106744551895277E-17 5.862045810729098E-17 0.0314838340140952 0.02989219758485074 0.10379301062760643 0.12224889141493714 -7.754236329525099E-17 4.4172251044375824E-17 -3.0023900501533437E-18 -2.3043910348333442E-17 0.11009530987523777 0.10069443779262635 2.1140880133230652E-17 3.886723416351555E-17 6.814748070062676E-23 -6.420141730785763E-23 9.338847489239808E-18 1.9084692227497167E-18
 1.410000 3.8380246223152325E-18 0.019071163748510277 6.950933300580743E-18 -3.5069217262977034E-18 -3.574788906376248E-18 0.01204629691472782 0.19045227696400582 0.21648593703081448 6.390763360419566E-17 5.5123384656347985E-17 -7.115139145090794E-17 1.5065395189644424E-17 0.03136448021463114 0.02976754930708457 0.10376058056608906 0.12221179381154382 -1.1249351483403004E-16 1.2638081354994115E-16 -5.8067640800290764E-18 2.0097976871107847E-17 0.11008218209239996 0.10067652487285982 5.383923800356879E-18 -1.0258351170030585E-17 1.3697282501229253E-22 4.0167062102926127E-22 -2.1037586593186072E-17 -3.3083009986630297E-18
 1.420000 1.871250855342047E-18 0.01911701312071056 -3.3865752124059125E-18 -3.049386527177439E-17 4.031832247480217E-18 0.012064524504073887 0.19039136918823465 0.21644441545827725 -1.761842289138679E-17 2.3662014728940438E-17 6.464756440100784E-17 -2.177739720378356E-17 0.031245648230793198 0.029643505608463818 0.10372779257936042 0.12217515897587766 -2.696949011453643E-16 3.2816532195292767E-17 -5.355076981881398E-17 -2.1601501531661798E-18 0.11006859150826694 0.10065865063614636 -1.1426057437584406E-17 4.48845811287873E-18 5.228007225372357E-22 2.581029265202668E-22 -5.835632796882812E-18 -2.042478619093834E-18
 1.430000 1.1538461257516151E-18 0.01916255466701006 -7.795077224831198E-17 1.5627804749743E-17 -3.3411665026461455E-18 0.0120825070826425 0.1903308558954683 0.2164030467004581 2.2997507624484213E-17 -2.00097016710356E-18 -4.05062732771684E-17 -3.4461049471207663E-17 0.03112730341654008 0.02952002547759131 0.1036949697961343 0.12213902341376721 1.347536476708087E-16 -2.2275968252544854E-18 -5.851019690094316E-17 -1.71577322624131E-17 0.11005505675332425 0.10064124982769021 3.0632968866985736E-17 -8.658730668914296E-18 2.013270964642125E-22 6.897819845572808E-23 -2.200045329645416E-18 1.4466694698942626E-18
 1.440000 -1.6037627417311802E-18 0.019207837912512814 -5.905795343742727E-17 4.581207881234479E-18 -3.1815403559345274E-18 0.012100255268345619 0.19027061141967688 0.2163616551372108 4.2581647450148956E-19 2.2853453278465326E-17 -1.367926409932329E-16 -3.692157608257823E-17 0.03100942602809029 0.02939707799043367 0.10366238384945355 0.1221033655395846 1.658991761325394E-16 3.1790651066240726E-17 -2.2270708216996966E-17 2.6263389263958454E-18 0.11004198026985551 0.10062457602683089 5.105943148183003E-17 -1.4161272990772017E-17 -2.998789581717423E-22 -2.998789581717423E-22 -8.634255787858647E-19 9.188711356152968E-18
 1.450000 7.950840779896934E-20 0.01925288524045142 -2.106641190018332E-17 1.3505656017169425E-17 2.4745780177365266E-18 0.0121177770749245 0.190210586393758 0.21632014396327973 -3.893439326057676E-17 6.47602230545059E-17 1.7215841076008092E-17 -4.404274096342453E-17 0.030892007646244557 0.029274644896331692 0.10363021118172733 0.12206813303461825 -3.753135293328437E-16 -8.143467105054427E-17 -3.379835658618742E-17 -1.8076921746757042E-17 0.1100295898066213 0.1006087272425601 2.713291449414289E-18 -5.783755761703939E-17 2.1661820939274543E-22 8.426931138426097E-23 7.737558389159805E-18 -7.908645249681002E-18
 1.460000 -5.479555017762669E-20 0.019297696079452475 -3.208280916519512E-18 3.1717560658118035E-17 5.622542941679981E-18 0.012135077543158384 0.1901507871711161 0.21627849049075662 -3.1260618661478104E-17 -2.82263030234763E-17 7.879713720628196E-18 4.7733087770991704E-17 0.030775047739032186 0.029152719583993174 0.1035985243024188 0.1220332617101694 -7.706969880303124E-17 3.0663189009222726E-17 7.05167847243246E-17 -6.061165563724979E-17 0.11001793831522355 0.10059367892617524 -6.3960253797290966E-18 -5.676421296176402E-17 2.618737969824529E-23 2.6187379698245285E-23 9.958036685313887E-18 -3.236021480429228E-18
 1.470000 -2.5040901847601645E-18 0.01934225378732079 -1.1465979002881126E-17 1.2058740305893368E-17 5.164453090475054E-18 0.01215215936001488 0.19009125566191898 0.21623672716229808 -6.294764811066678E-17 3.786871278711647E-17 3.936985465753708E-17 -4.234075731325672E-17 0.030658550583227806 0.029031303885956268 0.10356730861366288 0.12199868605723964 -6.613167749198415E-17 5.111195264936793E-18 3.1113974166638903E-17 2.1963484458329487E-17 0.11000694200165825 0.10057932053871138 1.6103809906690337E-17 1.5918974480867468E-17 2.0082782652614562E-22 2.0082782652614567E-22 8.395607782473528E-18 -7.729472696725991E-18
 1.480000 -1.3350173894301178E-18 0.01938653329520799 2.5048617731941038E-17 -1.246260527966652E-17 2.7248117344504503E-18 0.012169023868619233 0.19003205091015574 0.21619491723869333 -1.5667975922111516E-17 -2.546172692033875E-17 3.600150523877947E-17 -1.943240623620463E-17 0.030542522621094123 0.028910404161841638 0.10353649217544887 0.12196434459171342 -1.2505441482298985E-17 -1.5686568243468517E-18 -1.6900158014839673E-17 -2.5940026874412983E-17 0.10999643507966177 0.10056549272775697 -4.506541343668926E-17 -3.507126349415133E-17 4.0281755604734857E-23 -9.206714240374956E-23 1.02991487646906E-17 3.0342342906901186E-18
 1.490000 6.265755670742501E-19 0.01943050804696702 7.642249991176909E-17 2.306533470933586E-18 -6.312794166023835E-18 0.012185672021052111 0.18997323357759807 0.21615313205395986 2.585687971191406E-17 4.1782293798780297E-17 -3.6394630560175043E-17 7.165065911600258E-17 0.03042697032098762 0.028790027742757414 0.10350597728061944 0.12193018297292109 6.141793986061147E-17 -8.45247362645296E-17 1.9063362077559293E-18 -1.9679271339715285E-17 0.10998622400910282 0.10055202184864852 -6.5350392817658255E-18 -4.961563367857467E-17 -2.7614249455366238E-22 -1.144469853669352E-23 -8.0075769555599765E-19 8.661893574255703E-18
 1.500000 -1.0283163296325243E-18 0.01947415530351397 6.219727653193851E-17 3.304854737361142E-17 -2.0236676147608864E-18 0.01220210504187857 0.1899148543365727 0.21611143393430945 8.978973887328168E-18 2.136189276602783E-17 2.0428552910675575E-17 -2.0910939650442264E-17 0.030311898621105934 0.028670180351007962 0.1034756664535559 0.12189615648516601 -3.5243960609446315E-17 -1.1428623259761867E-16 4.2546220491337817E-17 4.321202802718877E-17 0.10997613038629127 0.10053874846473539 1.4245868593632636E-18 3.4656556241462827E-17 1.632491806041861E-22 4.27946976621155E-22 -8.317881074105964E-18 6.95807495134876E-18
 1.510000 -2.1786351178076513E-18 0.019517459397679814 2.254620237781748E-17 -2.2641899878088474E-18 -6.3679642129163865E-18 0.012218324754353332 0.1898569467728461 0.216069866274786 4.074923438168132E-18 -7.030981972403597E-17 6.636340264303564E-17 -5.041592483721386E-17 0.03019731001016819 0.028550864685845848 0.10344547951510946 0.12186223211756513 1.9597315713223675E-16 6.545086515701247E-18 3.579468635719231E-19 1.2858955061012408E-17 0.10996601785348309 0.1005255471857753 1.4093110626328706E-17 -1.3001802220254667E-17 -1.0974282331203376E-22 1.5495497270493507E-22 -1.7548413770713536E-17 -2.8071013725225243E-18
 1.520000 4.742168287244803E-19 0.01956041296130352 3.954968675918185E-18 -2.1498377668676313E-17 2.2858611889226223E-18 0.012234333633429947 0.18979952479755444 0.2160284503368654 1.1017858484053485E-17 3.393911537382941E-17 5.922957361133858E-18 -3.6367908304161344E-17 0.030083204233470533 0.02843208006342367 0.1034153615346705 0.1218283897543181 1.2463668250225013E-17 1.297620798659733E-16 7.112180217960673E-17 -3.559582043805618E-18 0.10995580315955354 0.10051233665505623 -3.7330009592875856E-17 -1.4746532387547848E-17 9.097282414670696E-23 -4.137607386177751E-23 1.3566728561020865E-17 -3.1979597237821075E-18
 1.530000 -5.18852794653865E-19 0.019603016464098896 3.081751006215993E-17 -1.2214473016786586E-17 -2.8940916990549545E-18 0.012250134691573213 0.18974258393512392 0.21598718719866666 1.3523908103512239E-17 1.1886938252185205E-17 6.198154856108112E-17 2.0123908627760727E-17 0.029969578532291624 0.028313822832840115 0.10338528342277702 0.1217946219377621 -1.0747210054714203E-16 1.0643991380738656E-16 -5.989841542575842E-17 -2.0240381159112398E-17 0.1099454544469892 0.10049908020646402 -1.113693468039519E-17 6.223227407204233E-18 7.37068185331207E-22 6.047192873227226E-22 -1.422886610443792E-17 3.2903593833464483E-18
 1.540000 -2.0245026712351865E-18 0.01964527658663589 1.822517628772546E-17 -7.632927787780486E-18 7.350102013328009E-19 0.012265731296786484 0.18968610537275438 0.2159460628633045 -1.4681002130503573E-17 5.1377245954632166E-17 6.551862039774666E-17 6.419347227837489E-18 0.029856428258610578 0.02819608723929004 0.10335523769935306 0.12176093203630219 1.925204470382859E-16 1.1195668334342218E-16 -1.5701978051721357E-17 -1.3297511896336994E-17 0.10993498112367504 0.1004857791706423 5.103577268292441E-17 8.903608227102E-17 2.310587100138953E-22 2.310587100138953E-22 1.4380560967173277E-17 -1.5017078203126522E-19
 1.550000 2.610480139691343E-18 0.01968720400273328 3.784836337674116E-17 7.158345781499327E-17 3.778285172891863E-18 0.012281126992450831 0.18963006143619826 0.2159050546202302 2.648796934290993E-17 -3.567464205083472E-17 -6.229493311326812E-17 -2.2968916624616314E-17 0.02974374767548214 0.028078866434440332 0.10332523192910742 0.12172733112233716 1.2601310138351882E-17 -1.440913211574629E-17 -1.3978875658912702E-17 -9.506168314251562E-18 0.10992441971593446 0.1004724616720469 -3.709950000456779E-17 -1.2412550045556185E-16 6.711706973815559E-22 8.035195953900402E-22 -2.8112153691773188E-18 5.087426363492705E-19
 1.560000 -6.58496312988243E-19 0.019728811092745283 -1.0369192398299795E-17 1.3270782280146785E-17 1.4931096267706236E-18 0.012296325355232089 0.18957442121455065 0.2158641371495759 3.0734421643750463E-18 2.5410888075297766E-17 -8.031543250241977E-17 7.390044952214382E-18 0.029631530761532108 0.027962153406984037 0.10329528181045512 0.12169383420537062 1.1110376927535396E-16 1.1819261004033625E-17 2.1694116425394116E-17 -2.910206057335425E-17 0.10991381936165291 0.10045916991710681 2.7559142477143148E-17 7.447271488775681E-17 -2.275467088600723E-24 -2.2754670886007228E-24 1.3604308896319556E-17 3.893254598106321E-18
 1.570000 9.791441265210693E-19 0.01977010998373746 4.961615934893548E-17 6.050193649737984E-19 -7.226891464361291E-19 0.012311329901232045 0.18951915533428063 0.21582328738118645 1.3005800777093924E-17 -2.201758973607199E-17 2.7431380233785947E-17 -8.96084481396938E-18 0.029519771878455055 0.02784594169354523 0.10326540523459392 0.12166045657045371 -2.411780484400055E-16 4.7771997900200164E-17 3.0674755171817045E-18 -1.498706542775933E-17 0.10990322950112293 0.100445948530188 -2.1632497332979365E-17 6.98544619809029E-17 3.067605226800828E-22 1.7441162467159842E-22 -8.08483989043069E-18 -2.4353505187708725E-18
 1.580000 1.4219764071576802E-19 0.019811111153685255 -3.0268897170831564E-17 -3.0384423044103176E-17 2.211795254875365E-18 0.012326144035078136 0.1894642392788121 0.21578248763835473 -2.8550573869749164E-17 -2.0504204320663456E-17 8.333815484938753E-17 3.353278556337841E-17 0.02940846621842641 0.02773022581192064 0.1032356179902608 0.12162721085531086 2.0451576508022717E-16 8.15435710834779E-17 -4.1659890704577006E-17 1.3875679699470442E-17 0.10989269116318613 0.1004328356742738 -4.186916418785958E-17 -1.2425792375919851E-16 1.9691937929531408E-22 3.2926827730379856E-22 -1.7578967671941748E-17 4.1170453428411104E-19
 1.590000 1.3828901911823737E-18 0.019851822679846275 -1.1358393408410128E-18 -1.489734669795943E-17 -7.764189890162598E-19 0.012340771030477074 0.18940965505963636 0.21574172702707414 -2.4033487477309085E-17 3.5238150856447254E-17 2.505221088201472E-17 -5.823327480504744E-17 0.02929761000836099 0.02761500142331142 0.10320593127795664 0.12159410524304581 1.2001813307816311E-17 1.5306607229877725E-17 -7.552185779941042E-17 -5.40375767918474E-19 0.10988223222936004 0.1004198577515526 1.986049365319658E-17 -6.407137750780022E-17 -1.7527460134617933E-22 -4.292570333769488E-23 1.0821154313796328E-17 4.416488304485162E-20
 1.600000 2.6466009263950564E-18 0.01989071284878156 -4.222703529074269E-18 1.3204258000713437E-17 -6.008195658139436E-19 0.01235497782837366 0.18939421871238557 0.21578002727101583 1.5745370504375576E-17 -1.8062919135213743E-17 -5.032382990518625E-17 -4.3754235054591077E-17 0.02919825258301419 0.027509261421618088 0.10321171983028618 0.12155432569312596 2.4267538069671842E-17 2.220232064231969E-17 -3.112983728078463E-17 8.07884317019143E-18 0.10984081848835496 0.10042517131944022 1.5613300582763755E-17 -6.79299198716994E-18 1.9365850140240792E-22 6.130960339392348E-23 2.0506569738053662E-17 4.796943625536974E-18
 1.610000 -4.2705104564454446E-19 0.019933884546032815 -3.075148779508682E-17 -7.541658489883438E-18 -1.1974239739650451E-18 0.012369131141372145 0.18933668280024596 0.21572297623478384 -5.973052489476567E-18 -2.9429888947186174E-17 -5.094057740548972E-17 -1.3928475926529218E-17 0.029087154290060438 0.027391985953953684 0.10317733259706806 0.1215285887457536 -1.370104929623351E-16 -1.2283391602452117E-16 3.1134346965601012E-18 6.958731064490445E-18 0.10984987094301396 0.10040868054370224 1.7406052912370392E-17 2.1450005561161417E-17 -4.467163058615587E-23 -1.7702052859464024E-22 3.063875065251551E-17 -2.017251171422718E-18
 1.620000 4.740028338773514E-19 0.01997669897178159 1.9409958873372806E-17 1.636061081931891E-17 3.152719641964621E-18 0.012383271757675014 0.18927847859478122 0.21566876608021762 -2.5005858134029806E-17 -1.6590467164382672E-17 3.211458861590959E-17 -1.4065093637211763E-17 0.02897652590956038 0.027275690244548453 0.10314658998279048 0.12150161399782725 1.0972448446306847E-16 3.830294501659971E-17 -6.672429587624196E-17 -1.3286928535393032E-17 0.1098577966744648 0.10039671636638392 8.447257009541575E-18 2.442433775391414E-18 -1.1552299056560692E-22 -2.478718885740914E-22 2.043590098779786E-17 -2.6647236444146422E-18
 1.630000 2.210919269816599E-18 0.0200187704194655 -2.6931743786141848E-17 1.491908701299743E-17 -3.4269201591836786E-18 0.012397270342178034 0.18922033073731961 0.21561845100786975 1.9358273470594883E-17 2.24405001093774E-17 -6.587176261522887E-18 -3.651687936650607E-18 0.028866428351657338 0.02716054940985128 0.10311681775362315 0.12147401831724858 8.496164926390853E-17 1.124886813910173E-16 -9.765083463824703E-18 -2.9314051987183385E-17 0.10986119071407886 0.10038766376574336 1.1638422725028111E-17 1.7419747523409E-17 -3.775721221909128E-22 -3.7757212219091275E-22 -4.218530455915181E-18 -6.492715728109752E-19
 1.640000 2.495825006278752E-18 0.02005989724651177 -2.8534079607936275E-17 1.451869693811374E-17 -3.106743490581898E-18 0.012411084064043397 0.18916307367131924 0.21557203092547003 -8.441889779725086E-18 -2.7694845874900546E-17 9.709593203209288E-17 2.928270902469299E-18 0.0287569513624543 0.027046552188216024 0.10308667245648188 0.1214457337157627 1.4382364721439562E-16 4.648490387842093E-17 3.6123970336189E-17 -1.1338992483212782E-17 0.10985903059970292 0.10037934459672092 3.055160347606663E-17 2.543374671694522E-17 2.8855962081594897E-23 1.6120486009007932E-22 7.169681150606198E-18 3.4456018814932388E-19
 1.650000 1.104870121813647E-18 0.020100026577704957 -8.834478007221422E-18 -3.036187440151639E-17 4.611298488628992E-18 0.012424721621448318 0.18910732845441694 0.2155289429703117 1.677507547263665E-17 -4.4648560276840507E-17 1.9190679697108153E-18 2.1765454530691076E-17 0.028648165728917836 0.02693359255286815 0.10305586127719599 0.12141638084204061 -1.5721607212900869E-16 -3.0093482069946414E-17 -2.5574139236506488E-17 -1.762997757168154E-17 0.10985178581354281 0.10036997309281734 -1.3121282388882422E-17 7.91924179397512E-17 -2.4054873044428346E-22 -2.405487304442834E-22 2.1572981741918917E-17 -5.905135014362401E-18
 1.660000 6.422903529099758E-19 0.020139224387530272 -4.065935912251035E-17 -1.872441380914097E-17 -9.41503433178201E-18 0.012438207035386794 0.18905335497171932 0.2154883903971202 3.037715550002158E-17 8.694985337516152E-18 1.96458880538538E-17 3.9952205980576105E-17 0.02854009529583224 0.026821528735474956 0.10302463279515384 0.1213856738153989 6.405856183924713E-17 -1.4179118948908446E-16 3.434867986222345E-18 1.1258089034071286E-17 0.10984066083583022 0.10035859275603444 4.13713416045872E-17 -1.6456720689182348E-17 -3.4333647145491832E-22 -3.4333647145491846E-22 6.643588151170945E-18 -2.6426451794317563E-18
 1.670000 -1.04803407356316E-18 0.02017763829825521 -1.0293665528994031E-17 1.6030209608967918E-17 -2.382002899697341E-19 0.012451559358513217 0.1890010637758047 0.21544956065046145 -6.514605065938414E-18 1.958931129325029E-17 2.6413369270707973E-17 4.397092368249256E-17 0.028432714992685848 0.026710220771229143 0.10299339005571687 0.12135362049204734 -1.2186625090404964E-16 5.440715066545214E-17 2.8876395487141555E-17 -1.956876557926256E-17 0.10982706643588366 0.10034510659848214 -2.0736844998818573E-17 5.984123860491216E-17 2.0712487569435792E-22 2.0712487569435797E-22 3.0216603784576183E-18 1.7561591609876893E-18
 1.680000 2.469750442188095E-18 0.02021545648141346 4.344785742758459E-17 -2.3045626990594948E-18 4.347637094192744E-18 0.012464786523206194 0.18895012524558424 0.21541174906699523 1.5400563752185066E-17 -2.3163940252561534E-17 -4.773859167092502E-17 9.58785284303237E-17 0.02832596573746703 0.026599550359241077 0.10296247892744939 0.12132052458821849 -1.2181059893365715E-17 -6.836809157062331E-17 -3.6373981421668494E-17 6.1936440744908226E-18 0.10981230811165354 0.10033005103318483 -1.308930917393848E-17 8.0213872359324E-17 -6.757317495015618E-23 -6.757317495015617E-23 3.599074145167152E-18 3.630994613131229E-18
 1.690000 -2.0653221210829997E-18 0.020252869180474708 -2.985364181190708E-17 -1.4307740694553254E-17 -5.7612667507388E-18 0.01247788745562134 0.18890010990283948 0.21537441314365047 -2.1699514380014605E-17 -1.096320527178052E-17 5.815627006173124E-17 4.331358967648156E-17 0.02821977525362216 0.026489428210038583 0.10293211439351953 0.12128686945203247 9.238211223465362E-17 1.4965824642351196E-19 -2.510045048018394E-17 -7.314056079279216E-18 0.10979743507343033 0.10031427237112274 -2.7595447131494645E-17 -6.75358028511591E-17 3.0879134601546824E-22 3.087913460154683E-22 -2.600514578691289E-18 5.172103428903576E-18
 1.700000 -1.4070549412228077E-18 0.020290038694894985 4.8717531620163723E-17 -8.863118874003688E-19 -2.491991096247383E-18 0.012490857024315162 0.18885061082587798 0.2153371826522239 -1.5497196646922438E-17 -2.3478409880340565E-17 5.200590566910164E-17 1.471862818786242E-17 0.028114076517707337 0.026379793940786288 0.10290238582075883 0.12125316926206577 3.767750625157263E-17 -5.3501260445518066E-17 -5.0769363709542314E-17 2.1584349182072358E-18 0.10978318988722674 0.10029862838105956 -1.6941333268794197E-20 4.110912480921734E-17 -1.5445128580040596E-22 -1.5445128580040598E-22 4.3884056445313966E-18 -6.08949621631712E-18
 1.710000 4.124054734577653E-19 0.020327081204408855 -4.140960095529771E-17 1.623878350174258E-17 -2.5875970123050106E-18 0.012503690383465575 0.1888013227387787 0.21529984484322234 2.316769376578989E-18 -2.4000167621419377E-17 5.0212306828895774E-17 1.0511855408240393E-17 0.028008819521408188 0.026270612257299236 0.10287329212257454 0.12121984809205016 1.4250505934404875E-16 -1.370571400426221E-17 -2.133029005502809E-18 1.761126949954529E-17 0.10977001456769768 0.10028378285734973 -1.7222470737891676E-17 1.3243546792347727E-17 3.0658406963999843E-22 3.065840696399985E-22 4.861876195727051E-19 2.3491827498198117E-18
 1.720000 1.2716449312377022E-18 0.02036406088455698 1.8262649085739063E-17 2.5389877319026136E-18 5.900312489124642E-18 0.01251638532669902 0.18875207315734122 0.21526231697257345 -4.5832995123682315E-17 -2.961443918178124E-17 7.229314502834452E-18 -3.847985199780171E-18 0.027903975538916836 0.02616186767156756 0.10284477784615703 0.12118717410756201 -2.5572262487419026E-16 2.5505322715990626E-17 1.4194708402800649E-18 -2.0687774524901347E-18 0.10975808694924705 0.10027011112350116 -2.9327814130113884E-17 2.341827697799568E-19 -1.726210606492337E-22 9.207673536773513E-23 1.7743737074345806E-17 8.695481611418572E-19
 1.730000 2.8937527693342812E-18 0.020400994323297592 4.324437323661749E-17 -2.2058764561102375E-17 1.4640239954397936E-18 0.0125289426997188 0.18870281459198726 0.21522461327033338 -1.205294108950409E-19 6.328225826062196E-17 9.764876608255896E-18 5.258635904117695E-18 0.027799535365966573 0.02605355890917429 0.10281675920449945 0.1211552490679965 -3.840146567964569E-17 9.484780312489048E-18 2.776503866248749E-17 5.715228326712103E-17 0.10974737370290265 0.10025770021839445 -9.70011025744298E-18 4.670987783753271E-17 -4.2044978666848645E-22 -4.2044978666848645E-22 9.792747951439958E-18 4.6165133335075945E-18
 1.740000 -5.296634985412638E-19 0.020437861795853045 1.7059127367847913E-17 -5.924687299335668E-17 7.474939024782081E-19 0.01254136559301013 0.1886535927655594 0.21518681073310222 -5.383978913724727E-18 2.6908099965258534E-17 9.790787840561041E-17 3.53888518731807E-17 0.027695503962983245 0.02594569356930294 0.10278914004146097 0.12112403765229407 -6.266464228531548E-17 -9.028786143918753E-17 3.3397529297710705E-17 3.493498532101444E-17 0.10973769219638102 0.10024641117030827 2.6291711804042705E-17 -9.760711251160788E-17 -5.143381908260542E-22 -3.819892928175698E-22 1.4615310056497794E-17 2.124500221169902E-18
 1.750000 -4.823041733797511E-19 0.020474621571628503 -1.972134754731865E-17 -2.6606205588324755E-17 1.869961578309154E-18 0.012553658122133061 0.18860450583335533 0.21514901699861383 -2.7572537138074345E-17 9.318269970540059E-18 3.289923034211304E-17 -2.219628162995948E-17 0.02759189390262542 0.025838283370618574 0.10276182179289241 0.1210934163414356 -1.4035021367017274E-16 -2.2052445898543823E-17 4.723233170419925E-17 -1.0056411795135567E-17 0.10972877473606826 0.10023596871708244 3.47889523767495E-17 1.9046476804082768E-18 -2.873344050531487E-22 -2.873344050531487E-22 4.444894336192239E-17 1.18591847295042E-18
 1.760000 -4.2692032604526667E-19 0.02051122390275454 -1.0467920037599298E-17 1.0643580540602438E-18 -8.642874218744118E-18 0.01256582437239674 0.18855566616080036 0.21511134303608376 1.1118315621248654E-17 1.2256771730904411E-17 4.369520916964247E-17 -3.6415234803047067E-17 0.02748871942418327 0.02573134024966203 0.10273471113879944 0.1210632242201289 3.44635687486328E-16 6.113003181116466E-18 2.6955434669665855E-18 -4.427868594428995E-17 0.10972032852127019 0.10022605051129549 -7.290728092349416E-17 1.3890318148856113E-17 1.3198999367176325E-22 1.3198999367176325E-22 9.37121199292662E-18 6.833327961429568E-18
 1.770000 -1.4017725791842644E-18 0.020547622333764344 -5.72340864991513E-17 -3.145438271334638E-17 -1.126825576272959E-18 0.012577867770929535 0.18850717154797142 0.21507388275309364 -6.3714085350572255E-18 1.3542299135832292E-17 1.1440866971404622E-16 4.960658511694201E-18 0.027385992116783612 0.02562487352569963 0.10270772695484627 0.12103330415222631 -1.3572710967760812E-17 -5.197103364881857E-18 4.497093499248345E-17 -1.805875748887558E-17 0.10971208498203669 0.10021635805154078 -1.980634598997562E-17 7.801068734619988E-17 -4.824785856683084E-22 -4.824785856683084E-22 -6.973301481913097E-18 1.0227695167176186E-18
 1.780000 3.606903185553048E-18 0.020583781124653075 1.7370011511807366E-18 2.306716903582398E-17 1.921401587957937E-18 0.012589790895708476 0.18845908843681777 0.2150367006408277 4.525679471684097E-18 2.051686407836873E-17 -5.828546195294698E-18 -1.4277067024278154E-17 0.027283718548331986 0.02551888824315791 0.102680806278308 0.12100352924617107 -1.0016328213832135E-16 1.965351453967858E-17 8.804874504208453E-17 -1.747347323432138E-17 0.10970383384868719 0.1002066615790768 6.425259679987489E-17 1.0691573578208014E-16 -9.549193978475108E-23 -2.2784083779323547E-22 -2.0026509058874574E-18 3.5336302765909E-20
 1.790000 7.630170779989623E-19 0.020619678621195764 -5.085565928789194E-17 -1.8064137663231612E-17 -1.247284598801237E-18 0.012601595591006523 0.1884114463976654 0.21499982737720427 6.510281324470024E-18 1.2045480716325931E-17 1.1047854843235876E-16 6.266166729775789E-17 0.027181899653471498 0.0254133846554238 0.10265390814410613 0.12097381457995736 7.220632473708312E-18 9.930764226943563E-19 2.159587025088298E-17 9.519791238434656E-18 0.10969544004344953 0.10019681894594275 2.84203790211196E-17 2.2415542356799443E-17 -1.0528854468632025E-21 -1.0528854468632025E-21 2.774475814457247E-17 1.912923110711702E-18
 1.800000 3.4617042785553417E-19 0.02065530717143581 -2.6286587364029114E-17 -6.673313500666597E-18 -5.3746041663137345E-18 0.012613283223198093 0.188364241286267 0.21496326216947492 -3.993991202927046E-17 5.823780927250898E-18 9.012669946337658E-17 7.64440374327265E-17 0.02708053141732839 0.02530835866286537 0.10262701432038229 0.12094411719041875 -2.0697143391742587E-17 -1.8188774121895813E-17 3.7455620689416005E-17 4.284836678884598E-18 0.10968684449641375 0.10018677332989086 5.179419984797615E-17 1.1320676239641772E-16 1.6117039195214458E-22 1.6117039195214458E-22 2.3091925847348114E-17 5.0141750024923834E-18
 1.810000 -1.9225394138610057E-19 0.020690670618042046 -2.5767761860414535E-17 1.0429149841396412E-17 6.472524448526164E-18 0.012624854942272128 0.18831744373774184 0.2149269798130486 -1.9611251178634336E-17 -6.917109999187933E-18 1.4132088720250703E-16 1.0179236871306812E-17 0.026979606307195394 0.02520380290685095 0.1026001267448593 0.12091442851805309 5.535670826989822E-18 -8.818470404727099E-17 7.726506294313083E-17 7.546164198053169E-18 0.10967805245082132 0.10017653686373929 -8.912663973960427E-18 6.396737456582539E-17 1.5447400901526716E-22 -1.1022378700170174E-22 9.405461282056836E-18 2.7473833653709245E-18
 1.820000 1.2162428134915382E-18 0.020725780515793702 1.6332425101826067E-17 -4.451114891434462E-18 -2.008461556851784E-18 0.012636311872291339 0.1882710098029736 0.21489094011807444 3.9772298304519945E-18 2.1720215891962973E-17 -7.291127914786287E-17 -3.47220688549923E-17 0.02687911495253607 0.025099708176600073 0.1025732623225555 0.12088476336535592 2.5733985886834854E-16 1.8503767883974117E-18 -1.1729797987051163E-17 -1.3197196246137304E-17 0.10966911421220667 0.10016616739743174 -3.134203570776343E-17 6.591635378772602E-18 -7.143067722191771E-22 -7.14306772219177E-22 -3.750806700001131E-17 3.678005557413985E-18
 1.830000 -2.374884821802757E-18 0.020760652105730942 1.4109876257155323E-17 -2.832269862244974E-17 1.043933376351787E-18 0.012647655208726143 0.18822489118832808 0.21485509750642212 -5.673788583651462E-18 6.028502730314325E-17 2.7347426908883663E-17 -1.923806285053469E-17 0.02677904769470383 0.02499606480966785 0.10254644632883328 0.12085514856325881 -1.8681724045485178E-16 8.336851254229624E-17 3.9888848834376634E-17 -2.4147731553268963E-17 0.1096601034833367 0.10015574446521518 7.490470113028E-17 9.810386063807595E-17 7.371160907607509E-24 7.371160907607509E-24 2.4824270296315028E-17 -6.353789317357073E-18
 1.840000 6.955061441908556E-19 0.02079530081530517 5.969138133564499E-17 -8.404411385575229E-19 -7.073261148332323E-18 0.012658886237249305 0.18817904343063224 0.21481940909113234 7.197032245254403E-18 1.6881583075384123E-17 -9.32751926484043E-17 3.305542682127237E-17 0.026679395772845897 0.02489286384371849 0.10251970582108168 0.12082561342520987 -5.2288608726333636E-17 -7.36865142815141E-18 4.657250264914104E-17 4.871164185074099E-18 0.10965109761080466 0.10014534875115116 3.0385458884251045E-17 1.0778052193858246E-16 -1.1414535644210864E-22 -1.1414535644210864E-22 4.063280548549112E-18 -1.9184133422554457E-18
 1.850000 -1.6367828990968248E-18 0.02082973973676362 1.1449328309938806E-17 -6.656841545670745E-18 -3.819825969917446E-18 0.012670006304716736 0.18813343120665632 0.21478384024204927 -5.4960148336382633E-17 -1.7165144154155095E-17 -5.584482165375201E-17 4.5630462845815455E-17 0.02658015204838882 0.02479009778079941 0.10249306423770754 0.12079618301399923 7.715168932394342E-17 -8.75016062367843E-17 1.7680782194737576E-17 5.955905986957155E-17 0.10964216264305467 0.1001350474413806 -2.2997096839277078E-17 -7.519146358182361E-17 1.5901747196327003E-22 2.6668573954785587E-23 9.707803476061235E-18 8.10620102171598E-19
 1.860000 -3.042907442018703E-18 0.020863978235051706 5.136245038886275E-18 5.660598839184534E-17 -3.889560771730802E-18 0.012681016773195289 0.18808803070168398 0.21474836733998423 3.030672843718359E-17 -1.3139484852382953E-17 8.856244752995726E-18 3.271520364509857E-17 0.02648131127848286 0.024687760929390647 0.10246653790199317 0.12076687441390274 5.900285419726805E-17 -2.4618457332005174E-17 -3.597089561827117E-17 -8.453380626775836E-18 0.10963334449506022 0.10012488616083952 2.8999755388419404E-17 6.704694096211687E-17 -8.592987361046634E-22 -7.269498380961786E-22 7.359283147351525E-18 1.4712866405616476E-18
 1.870000 -4.968363237903373E-19 0.020898021598520337 -3.5587751635524004E-17 -1.8857560988268223E-17 -5.579850527327606E-18 0.012691918979232658 0.18804282947489295 0.21471297799374964 5.715834070771137E-17 -1.818675173950432E-17 -3.143896083560062E-17 1.4818726459390742E-18 0.026382870020792443 0.02458584937357407 0.10244013462387742 0.12073769563990948 2.0407263186888916E-16 -1.990852394174462E-17 4.7438883968795155E-17 -1.2694797445251557E-17 0.10962466608924853 0.10011488690883939 4.0705523617468984E-18 -1.203394356106938E-16 -5.073242863837475E-22 -5.073242863837476E-22 4.639287358559248E-18 1.2656188862825347E-18
 1.880000 3.0896834095836136E-20 0.02093187149226465 2.7018114954568594E-17 1.0095967687263183E-17 -5.734586574898316E-18 0.012702714209499184 0.1879978245480143 0.21467766936485397 5.333327957105626E-18 7.747268383587648E-18 3.8514466264678075E-17 -2.070354277610798E-17 0.02628482628881954 0.024484360671785495 0.10241385414677984 0.12070864651046351 1.4349465775229763E-16 1.6456663800360517E-17 -1.6371395898189628E-17 5.26564868181377E-17 0.109616129322624 0.10010505059873287 -7.225552703196325E-17 -1.0083165681702558E-16 -4.249459451316587E-22 -2.925970471231742E-22 -7.066216645580078E-18 9.902029652843272E-19
 1.890000 9.919410254444802E-19 0.020965526906088373 2.280263231887375E-17 1.804536285345283E-17 -1.356340552771743E-18 0.012713403694515965 0.18795301952934615 0.2146424454005588 2.788858983919763E-17 2.0372257908291085E-18 -2.188680995851902E-17 3.410268859640946E-17 0.026187179083480172 0.024383293408047693 0.1023876899002671 0.12067972071305708 -5.55977950720936E-17 -7.344737892816118E-17 7.27373201504446E-17 2.4485078230908518E-17 0.1096077201754103 0.10009536245757246 -2.6368430877791968E-17 -2.0679683274126345E-17 -3.0106647027603226E-22 -3.010664702760323E-22 1.723551886350221E-18 3.638997674432717E-18
 1.900000 1.3197475236395285E-18 0.020998985293284166 1.041313216659903E-17 3.845529330539028E-17 7.255852695345802E-18 0.0127239886163472 0.18790842151424908 0.21460731374593775 3.814221731622663E-17 1.3344430957696089E-17 5.219312023210835E-17 8.497438934914546E-17 0.026089927911108535 0.02428264671123192 0.10236163141278604 0.12065090834452706 -1.6477988535640374E-16 -5.1421407647243617E-17 -5.773683477927566E-18 2.7199337317186815E-17 0.1095994151930293 0.10008579857109862 6.353918054290644E-18 1.5272355958978015E-16 2.557473130362503E-23 -3.7147196272182835E-22 2.4451842219690825E-17 8.42665151748698E-18
 1.910000 -2.69822560296081E-19 0.021032243650902383 -1.3513518768247907E-18 1.4293464314145127E-17 -3.0188633528278866E-19 0.012734470123803276 0.18786403833261475 0.21457228294828096 1.1390252190765033E-17 5.837490011700294E-17 1.46433750333444E-17 -2.257026540241109E-17 0.025993072369333143 0.024182419831960095 0.10233566678543618 0.12062219835343421 7.526895399243548E-18 -8.732132189917394E-18 6.452680643847941E-17 1.4353444646962263E-17 0.10959118782764883 0.10007633215604257 -3.5292901406878825E-17 7.738453589190382E-17 3.4190848091053043E-23 1.6653974609953737E-22 1.4531246150420235E-17 -4.661292780218285E-19
 1.920000 -1.6371969249269634E-18 0.02106529937335009 5.5052597606731225E-17 -2.008515611789458E-17 9.53644550379675E-19 0.01274484934901411 0.1878198764968283 0.21453736034546916 -1.7791805101053168E-17 -4.766965057513876E-17 -6.27259619897316E-17 -2.388190128040713E-17 0.025896611848342303 0.024082611832042265 0.10230978477567171 0.12059358050070364 2.065594639407409E-17 3.067805251271061E-17 -5.501330921516846E-17 2.6496234095552757E-17 0.10958301357615682 0.10006693858602334 -1.347768319414627E-17 6.458502837744469E-17 1.1867410630331854E-22 -1.367479170516588E-23 4.385362931746908E-19 3.918193109860657E-18
 1.930000 -3.0882357813545136E-18 0.02109815079759321 -1.1334678822610637E-17 -3.092924616818004E-17 -3.619516860719434E-18 0.012755127421030075 0.1877759399903491 0.2145025508025524 3.603768697113595E-17 -5.102345994336466E-17 3.8170659031566636E-17 -2.0612990455369247E-17 0.02580054536304911 0.02398322140669376 0.10228397623167666 0.12056504664668535 9.747583454358599E-17 -2.0161569875451856E-17 3.477765050369719E-17 9.310569880843295E-18 0.10957487336123131 0.10005759867599828 -4.8345479375506713E-17 -3.567144906629399E-17 -2.972274228242226E-22 -2.9722742282422266E-22 -2.963801682901443E-18 2.4812829527843E-18
 1.940000 3.0568045045891353E-19 0.021130797433891065 4.087929088345275E-17 1.0220266498583329E-17 1.1673406225556509E-18 0.012765305474192142 0.18773222985866303 0.21446785626883122 -7.632253197132077E-18 8.689105347059764E-18 -5.290092052631037E-17 -5.788103899776011E-18 0.025704871505874857 0.023884246831331057 0.10225823480408991 0.1205365913391104 2.2216334565302634E-16 4.210741729583606E-17 -2.3040031727163024E-17 2.817709881865108E-17 0.10956675506303307 0.10004830015867669 -1.4339296489559168E-16 -7.967109448730607E-17 1.0461932016002127E-22 -1.600784758569476E-22 8.142585326589508E-18 8.102124728383157E-19
 1.950000 -1.5818670335712224E-18 0.021163239931274398 -3.3803327687405612E-18 1.8648637984094565E-17 -6.960260422681071E-18 0.01277538465098594 0.1876887444420296 0.21443327599485312 6.267502070734984E-18 -1.8703422513843487E-17 3.767795248561773E-17 -2.2283379091648528E-17 0.025609588492915666 0.023785686005666107 0.10223255700925545 0.12050821179911539 -5.141283566932666E-17 6.186973876609143E-18 3.037906174487742E-17 6.545340317952681E-18 0.10955865345557975 0.1000390376066853 -3.5129292253383735E-17 1.6273237604665113E-17 -2.916011818324259E-22 -2.91601181832426E-22 -9.176085901882224E-18 -3.3970630306645897E-18
 1.960000 -1.0831639831238271E-19 0.021195479858155192 -1.1647568079525519E-17 1.7404247496718486E-17 1.0409313373237209E-18 0.012785366100286263 0.18764548002747677 0.2143988071814466 2.546695314754441E-17 2.2427181878522388E-17 2.417328574706532E-17 1.9221174224935152E-17 0.0255146942684738 0.023687536558984517 0.10220694181062893 0.1204799074751418 -7.893059327493882E-17 -4.746393022892621E-17 2.293838018100968E-19 -4.9126286328446066E-18 0.1095505690046804 0.10002981124442666 1.7314564741242766E-17 2.868757462733068E-17 -5.413827103876105E-22 -2.7668491437064174E-22 5.66254723581497E-18 -2.1826282076974363E-19
 1.970000 -2.4777992101023025E-19 0.021227519387305695 1.0617918660880537E-17 3.4421211301875423E-17 -3.53420717432927E-18 0.012795250972623837 0.18760243168950935 0.21436444582390188 -3.128340051572723E-17 2.9846043578366896E-17 -3.087939845646626E-17 -2.994387735952222E-17 0.025420186633076644 0.023589795980297493 0.10218138992200652 0.12045167935904315 1.4273463597913858E-17 3.602670016063778E-17 -5.95594131890143E-17 -3.107580458643222E-17 0.10954250605098843 0.10002062515698217 2.436191032744484E-17 -6.446964323473062E-17 -4.6700209086723886E-23 -4.6700209086723886E-23 -7.603407647412485E-19 -5.227327712441354E-18
 1.980000 4.457170572360682E-19 0.021259360965568363 2.729164362293449E-17 5.641249309236095E-17 8.698022521714384E-18 0.012805040414110317 0.18755959412179013 0.21433018754839225 -2.0727075834780757E-17 -2.456678277671551E-17 7.603992496070085E-17 1.3832922919804192E-17 0.02532606336595737 0.023492461743183538 0.10215590302695057 0.1204235292445811 -1.4803265764622262E-16 8.228088263509728E-17 -1.8999635083788095E-17 1.1061421740342848E-17 0.10953447085913806 0.10001148536425836 -3.495427334805501E-17 5.787506062106437E-17 -3.1249452405924658E-22 -1.8014562605076212E-22 3.1452988122279295E-17 4.243492212546538E-18
 1.990000 1.5933406476303937E-18 0.02129100702869574 -1.7350475273618795E-17 2.604168208420349E-18 -1.6519095477628649E-18 0.012814735560484942 0.18751696231927137 0.2142960282968989 -2.291450725358367E-18 4.4939127362131396E-17 1.5045106023822132E-16 4.9301634142898685E-17 0.02523232232217054 0.02339553140469063 0.10213048306872483 0.12039545906814016 2.262517536140199E-18 -1.528547368902284E-17 -2.8074323789900245E-18 3.5507220966726986E-17 0.10952646990150529 0.10000239812102285 -4.650647249336571E-19 1.0160855380096799E-16 1.5216905883709368E-22 1.5216905883709368E-22 5.937288461455301E-18 1.3967706824299346E-18
 2.000000 1.6856405437289104E-19 0.021322459797106445 1.3771751368718133E-17 -1.1888968589955158E-17 4.037081285780441E-18 0.012824337532244328 0.18747453203472628 0.21426196478367507 -1.2263939196791058E-18 -1.1909676614629944E-17 -4.956864291303925E-17 3.754489277459672E-17 0.025138961494326796 0.023299002668006934 0.102105131709537 0.12036747041906593 1.5747816862830454E-17 -8.400089963326435E-17 -5.815107177426437E-18 4.013003277632048E-17 0.10951850860106628 0.09999336866551438 -7.956861512272005E-18 5.3937313188701194E-17 -1.4053990994440623E-22 -8.191011935921794E-24 1.9958623479714523E-17 5.159367999009232E-19
 2.010000 1.571028795094919E-18 0.021353721164524293 -8.552508013665145E-18 5.848243202005058E-18 -1.238093622358164E-18 0.012833847431378045 0.18743229999344244 0.2142279947075835 1.4995830094360635E-17 -1.0223032069694288E-17 5.175688529694356E-17 3.105103786686124E-17 0.025045979037860634 0.02320287340783546 0.10207985000126597 0.12033956425422644 -1.857067906263018E-16 -4.3626826380485074E-17 3.814689403307015E-17 4.4800350646605175E-17 0.10951059061630877 0.09998440050141998 -2.7716811096046918E-17 5.578882692776475E-17 -2.5946190086444476E-22 5.235895152523996E-24 1.1524029633878895E-17 -1.798595725835995E-18
 2.020000 -9.190217339009163E-19 0.02138479267236811 -5.1355370310071214E-17 3.8815608464601585E-17 2.1099626433978336E-18 0.012843266339791694 0.1873902638955503 0.21419411675058725 -4.620881582421635E-17 -2.2111576026132926E-17 6.976812008099762E-17 -6.449934565404823E-18 0.024953373265239952 0.023107141664075192 0.10205463826238377 0.12031174080730331 -1.1427426081834629E-16 1.9263831091463725E-17 -3.0128538592176506E-17 -1.3936624611490503E-18 0.10950271763624507 0.09997549518419387 1.3982495601047593E-17 9.023686969112812E-17 -1.3624169244988123E-22 -3.892794441396839E-24 -9.465715297070589E-18 -1.3517842461083668E-18
 2.030000 2.4253455548206225E-20 0.021415675550165703 3.566254205331575E-18 3.3760458717037715E-17 -5.517096759516559E-18 0.012852595319213045 0.18734842226342563 0.21416033042116334 1.5498040238864658E-17 1.659548030908395E-17 -8.434694782598084E-17 1.2775653698564609E-17 0.024861142618357607 0.02301180561334774 0.10202949612225935 0.12028399965305793 3.2951204629667013E-18 -9.189642579900201E-17 7.957134434882195E-18 2.860116524377009E-17 0.10949488957539937 0.09996665250556669 5.44151804058543E-17 1.0473013258365185E-16 -1.800830633921682E-22 -4.773416538368376E-23 -4.753052777836067E-18 2.9442341225118693E-18
 2.040000 -8.479079226223069E-19 0.02144637079661266 2.780887656927432E-17 -5.423206583118296E-17 -3.1088127165901285E-19 0.012861835412189913 0.1873067742021613 0.21412663581114944 -2.4040762424433877E-17 -1.1689626138689985E-17 -4.057028239559703E-17 -1.266747697982414E-17 0.024769285629563376 0.022916863529033472 0.10200442267708092 0.12025633987165742 -1.1251491769158185E-16 2.1127694844450428E-17 2.327749248475406E-17 2.677546637015673E-17 0.1094871050225589 0.099957870932291 1.0965665110264207E-17 -1.708044389004538E-19 1.892495587024448E-22 5.690066069396042E-23 2.942319291226271E-17 1.3839780292136807E-18
 2.050000 -3.304898053026104E-19 0.02147687927607502 -4.4952534091645134E-17 9.407213388866812E-18 -3.3684881491326634E-18 0.012870987643715253 0.18726531913671313 0.2140930333305444 -3.347659453329435E-17 2.3577943385013978E-17 -1.3205176329989532E-17 -3.189050963982408E-17 0.024677800880753494 0.022822313739491305 0.1019794166983478 0.12022876025646526 1.1335839906584483E-17 -3.969443292862095E-17 3.852347337677636E-17 1.754235103932638E-17 0.10947936179434475 0.09994914815262759 2.2576918364928983E-17 -1.6499660650913988E-17 -4.308805528204943E-22 -4.308805528204943E-22 -1.8370038124399245E-17 -2.830946488308511E-18
 2.060000 4.421666870295414E-19 0.02150329178164298 1.4547543542011638E-17 -2.0387406535372943E-17 1.741561500042002E-18 0.01288002449234663 0.1872944736052554 0.21409433480995124 4.8847087939342814E-17 -2.0184977766760018E-18 -1.0917463037329021E-16 5.79689251959024E-17 0.02459461675235086 0.022737956156226362 0.10194846532059507 0.12023276701838989 -9.867704356115863E-17 4.8089514722659084E-17 6.073109888187607E-17 8.987599325548834E-18 0.10948790463840224 0.09991306595236985 -3.803551488808359E-17 1.0020426612592559E-17 1.072754282996965E-22 1.0727542829969653E-22 9.016604582576196E-18 3.207603630186955E-18
 2.070000 4.424154391087273E-18 0.02153422946543387 -1.318734197765917E-18 7.670589540875676E-17 5.41085524888932E-18 0.012889034148650173 0.18723811318284939 0.21405743887727147 -5.124723835026001E-17 -4.067837856918105E-17 -1.124830659863515E-16 2.9226301137859265E-17 0.024501058935633712 0.022643095370164512 0.10192979552639586 0.12020095221068659 -3.3802532476501544E-16 3.8673727830195483E-17 6.453129980719009E-17 1.2368466859748935E-17 0.10947644162033698 0.09992199552608999 -4.1416041351310005E-17 5.771535316573487E-17 1.5128459216170933E-22 4.1598238817867816E-22 -2.1595191633381222E-17 -1.7826529413131794E-18
 2.080000 3.668497789747197E-18 0.021565293622667698 -1.4696822698525998E-17 -1.1026598742728315E-17 2.5238759115379276E-18 0.012897847896368494 0.18718455830903383 0.2140197189178599 4.938460829652668E-17 6.362256702197278E-19 -2.8290577435666193E-17 -4.18970241526571E-17 0.02440832918570992 0.022548641358352724 0.1019100891788017 0.12017231897263314 -1.8107241201893143E-16 3.558807685503804E-17 1.8524425078277387E-17 -1.3694166301868654E-17 0.10946913009518226 0.09992984658737529 -5.547655042298278E-17 -5.464356063582899E-17 2.620873604568936E-22 2.6208736045689365E-22 1.9139555880743502E-17 -5.679045190307219E-18
 2.090000 -1.3056696561921533E-18 0.021596077926063755 -4.768342454346903E-17 2.4784584966951954E-17 6.736487400294155E-18 0.01290657139377753 0.18713478456072177 0.21398186690258741 2.881668029530619E-20 -1.9402763066102502E-17 -7.923341108446685E-17 -3.5615275558405336E-17 0.02431659016130725 0.022454655976892102 0.10188991340399825 0.12014442846144281 1.346967359980336E-16 9.307178262252409E-17 1.0960047497253283E-18 -5.951241567050637E-18 0.10946452004651204 0.0999335523712419 7.53521688371589E-17 5.257872675644275E-17 1.9879338472752946E-22 1.9879338472752953E-22 9.293266333493324E-18 3.0285083217609246E-18
 2.100000 -1.6259749098449917E-18 0.021626321042575898 6.022798397804503E-17 4.355417178306167E-17 3.762691224330118E-18 0.012915232330631583 0.18708876137196 0.2139446563544135 2.5531502522725557E-17 1.463155795458276E-17 3.525002905701118E-17 4.482471246557315E-17 0.02422582763664374 0.022361223668487362 0.10186915785920697 0.12011611356749796 -1.8702900364427448E-16 -4.249262201798099E-17 -9.93854199201647E-19 6.380915861030108E-18 0.10946060009305365 0.09993222583721549 -1.5677250852389457E-17 1.9676948448276402E-17 5.8433625724908756E-24 5.8433625724908756E-24 9.314763773927584E-18 -6.084426919641784E-19
 2.110000 2.241221661184682E-18 0.021655918708869855 2.3849207500872652E-17 1.0960141008225973E-17 5.871662128748223E-19 0.012923815649690713 0.18704593237313147 0.21390865194083347 4.5587633490394263E-17 1.8605724581946853E-17 1.3766163138463482E-16 1.9727752578322748E-17 0.024135938974994418 0.02226840851410645 0.1018474149601954 0.1200871799135574 -1.3016139609577113E-16 -1.0640605951562288E-16 9.517465662397214E-18 1.8017891189724237E-17 0.10945570902437529 0.09992632703160124 -3.3853479826794815E-17 -1.906595536398884E-17 -1.2833895507732413E-22 -1.2833895507732413E-22 -1.593015464974361E-17 3.9640976889754925E-18
 2.120000 3.978134100408628E-19 0.021684894167264695 1.749886318647301E-18 -4.259395204667099E-17 2.536703422722424E-18 0.012932297575157117 0.18700553616208418 0.21387408358677623 3.0298234054059605E-17 7.509664359506909E-17 -4.491668731414015E-17 -9.148105836720303E-18 0.024046790506157 0.022176230324616093 0.10182437258671753 0.12005791239809539 8.027273721921814E-18 1.169201664198899E-16 -1.4938430243721296E-17 -3.739883931323561E-17 0.10944895049339243 0.09991696432046382 -4.138989851233244E-19 -5.657887230171739E-17 -8.169564675777022E-23 5.06532512507142E-23 -1.916817569469132E-17 1.7318523822885782E-18
 2.130000 -1.0814918751931788E-18 0.021713351969947035 -2.7072813694858195E-17 1.1122064158058606E-17 -1.0240733063418675E-18 0.012940663504871925 0.18696681274722232 0.21384086354193713 1.2400715688802405E-17 2.430491800272884E-17 -1.406836037822674E-17 9.918717642090812E-18 0.02395825298521781 0.022084664036854617 0.10180000709029018 0.12002870964874542 2.159077155291033E-17 3.9447419255821207E-17 2.853821191068518E-17 4.5051701963654914E-17 0.10944022422081881 0.09990541469021659 -7.581645472541756E-17 -6.111274309975995E-17 -7.16219361723841E-24 -7.162193617238407E-24 -1.6998616623586238E-17 2.691283464472535E-18
 2.140000 -1.2582375329366189E-18 0.021741431537755596 4.535277420356245E-18 4.4268783659569786E-17 -1.1420759827821532E-18 0.012948912163250432 0.18692911474805401 0.21380868876304646 -4.2551692420123137E-17 -8.55182207675123E-18 -5.155709901570618E-17 3.5146941555430017E-17 0.023870219312761762 0.02199365394043809 0.10177458583657924 0.11999989130446714 1.0208417625776518E-16 -9.832341166964829E-17 -9.575465614332476E-18 3.097301114906777E-18 0.10943001689762208 0.09989284789587545 -2.347286025010282E-17 -9.775292984901905E-17 3.1807135267073163E-22 1.857224546622472E-22 7.619213191318856E-18 4.805810043156869E-18
 2.150000 -2.188648633068745E-18 0.021769269759414855 -7.782585470802285E-18 1.5851615014590562E-17 3.286177493648487E-18 0.012957051998024053 0.18689195118489366 0.21377716909355082 -4.6685168503203634E-17 3.217813858739396E-17 6.412816870292515E-17 6.0367161797491636E-18 0.023782610164880636 0.021903132867162434 0.10174855630644014 0.11997163842279973 1.61482082324887E-17 -1.6182302616520426E-16 1.0202084011482138E-17 -2.6941088570178015E-17 0.10941910243105404 0.09988019787361807 -7.845333677308007E-17 -1.8588821754540114E-17 5.995575287404933E-23 -2.0474204314291947E-22 1.6947627595933706E-17 -1.7500140503199926E-19
 2.160000 5.461810299404992E-19 0.02179697637200593 -3.3984525958855036E-17 2.3148578710420505E-18 6.330474383362782E-18 0.01296509521286293 0.18685499079636295 0.21374593770192002 -1.2160647696976092E-18 8.208586340452376E-18 7.826930523713677E-18 -7.349707792104767E-18 0.023695372840375907 0.02181303896986776 0.10172240366382493 0.11994400805263887 1.5157574548159E-16 -1.5820486453860664E-16 -9.975350988285293E-17 9.544062500550202E-18 0.10940826599216456 0.09986812362295144 6.226087401153521E-17 4.281458387322104E-17 -1.44872924312098E-22 1.1982487170487078E-22 -9.46631401509923E-18 -2.606520518303403E-18
 2.170000 1.4691234464936466E-18 0.021824622090063688 -3.145524505456734E-17 -5.186182893395653E-17 -1.9671319746917164E-19 0.012973052801025715 0.18681804447649314 0.2137147216324661 1.4899957381725087E-17 -2.2229622066026427E-17 1.7372366061081712E-17 -3.9155932720737533E-17 0.023608477083134693 0.021723326303988974 0.10169653429932153 0.11991697375732045 4.411114876403657E-17 7.640288719573332E-17 2.4344366213338063E-17 2.537038520378416E-17 0.10939811478849149 0.09985701807164023 -1.9061380705472024E-17 -3.706156340129423E-17 -3.237995933543625E-22 -1.9145069534587803E-22 1.4179275506820293E-17 -1.3874839504241424E-18
 2.180000 -1.6632650754741354E-19 0.021852237275862392 1.5396718979631487E-17 3.549347207569449E-17 -1.5270758030624686E-18 0.01298093189207001 0.186781038456406 0.21368336891150452 -2.776609551173399E-17 -2.838493281094941E-17 -4.548573277256225E-17 3.1745709783888585E-17 0.023521909994476897 0.021633968567744268 0.10167121132364325 0.11989046410891917 -3.209453675910187E-17 -7.530410791354736E-18 -3.624836133203776E-17 -4.319184521192E-18 0.10938899166268201 0.09984704138961138 1.1024599822526434E-17 -6.0544748888864905E-18 -2.9317886872564566E-22 -2.9317886872564566E-22 -3.604518488194858E-19 1.1742532430945168E-18
 2.190000 -3.842698291610837E-18 0.021879817989899315 -1.6772889981236487E-17 -1.2429515077587124E-17 -8.587384739762327E-18 0.012988735298688209 0.18674398423860225 0.2136518406838569 2.7620707332574212E-17 -9.136350434370892E-18 -7.391420530423495E-18 2.965582970284995E-17 0.023435670986835865 0.021544957379995202 0.10164654236352516 0.1198643890032566 1.049307193423065E-16 3.72795655888574E-17 -2.4476513654084333E-17 2.5545025960504058E-17 0.10938097594092594 0.09983816741433 -7.382106796561735E-17 1.652569321669488E-18 -2.9357408827339584E-23 1.0299148918114487E-22 3.8858625733113614E-17 3.4268541735940984E-18
 2.200000 -1.5326789009250956E-18 0.0219073361404566 -5.914450428945949E-17 2.8878653836500684E-17 -2.4892615535835097E-18 0.012996462478550769 0.1867069484536718 0.21362018200800015 -4.008659331241663E-17 -4.166387217867531E-18 -4.5626711831918255E-17 1.4772979368733582E-17 0.023349767136615733 0.021456297321345068 0.10162250524743988 0.1198386544325107 2.951483416148177E-17 -5.2624134320696165E-17 -2.6035963236245673E-17 2.4937315305696498E-17 0.10937394106932614 0.09983023729522021 1.4908431220997535E-17 3.917805353907195E-17 5.2310540417818E-22 5.231054041781798E-22 -8.29452547581775E-18 2.609507845463113E-18
 2.210000 5.829451346062595E-19 0.021934750848116233 1.9669564302287956E-17 9.694436431031063E-18 -3.670338430578886E-18 0.013004111035815318 0.18667002485969916 0.21358848481857456 -8.034381023424353E-18 7.140194512076157E-17 7.220666561348708E-17 1.5095434971809406E-17 0.023264209103956948 0.021367999917831768 0.10159899264058292 0.119813170317445 2.584831458664944E-18 -7.191071659173758E-18 4.692425181471624E-17 1.359130484984966E-18 0.10936763698487634 0.09982301542692595 -1.0069990117727985E-17 -4.4943680468101796E-17 -2.9764070610083235E-22 -2.9764070610083235E-22 -4.964133363981764E-18 -3.530803879382308E-18
 2.220000 1.7748393981150565E-18 0.021962018820716193 1.626115324167299E-17 -2.646227234366525E-17 1.8439379049861065E-18 0.013011678115781246 0.18663331049207113 0.21355685340162325 4.260431632633277E-17 2.4476474719846328E-17 4.82952587727157E-17 -2.6264277817927E-17 0.023179007777475242 0.021280078197950036 0.10157585910779815 0.11978785558349785 2.468253207143046E-17 3.885094224965297E-17 2.1010588662441028E-17 5.2841441948125435E-18 0.10936177157508488 0.09981624214988587 1.0279587523324894E-17 6.004733310704488E-17 1.7301044688386287E-22 3.053593448923473E-22 -2.947663552675347E-17 -7.708699855593839E-18
 2.230000 -9.42690069858331E-19 0.021989102324507792 -5.463940095213087E-18 -1.7678324072100125E-18 -1.38046843886246E-18 0.013019161364916414 0.1865968876797718 0.21352537850721526 6.276492643796692E-18 3.144523335572679E-18 4.325866722145264E-17 9.03224941216502E-18 0.02309417180608094 0.021192542745148247 0.1015529597296105 0.11976264253716631 2.4071195035772324E-17 -4.891906635889713E-18 -2.790279616421831E-17 -6.309191330845624E-18 0.10935607511010802 0.099809677632991 -4.2752676288866E-17 -3.822917152700107E-17 5.680393299255693E-22 4.356904319170851E-22 -8.689170447831226E-18 3.9584877437059766E-18
 2.240000 -4.2728587401117864E-19 0.022015974109012786 -1.622207115252231E-17 1.8987205402379893E-17 1.684912820667225E-18 0.013026559395546663 0.18656081296266155 0.21349412231528017 -4.186009006616568E-17 1.3070731208082973E-17 8.128853245848117E-17 2.046684422480793E-17 0.02300970612382898 0.02110539952989992 0.10153017538661167 0.11973748063401135 -6.5016428317087455E-18 5.431066987643059E-17 8.46253305543486E-18 -1.1006812644423252E-17 0.1093503407533716 0.09980313262086185 -2.744964857453763E-17 2.6374587524644424E-18 -3.7656026400501673E-22 -3.7656026400501673E-22 -2.4450860701797114E-17 1.1030604580858793E-18
 2.250000 -1.4777985540084256E-18 0.022042619301308113 -2.4134060095980767E-19 -1.7245884286651768E-17 1.6803790122858842E-18 0.013033871854413615 0.18652511295826354 0.21346311357586586 -3.364929451827851E-17 -5.49573978215979E-17 -7.883411295085149E-17 -1.1404389242113821E-17 0.022925611458232548 0.021018649349689465 0.1015074245134699 0.11971233875382356 -3.24025732511333E-17 4.550888453696981E-17 -1.8778072856750785E-17 4.0720850804052884E-18 0.10934444133751652 0.09979648409325269 -2.2103412031530656E-18 5.2447234839230196E-17 -3.0579615462937436E-22 -3.057961546293743E-22 -1.635086084280897E-17 -6.121849176872144E-18
 2.260000 -6.211151351980382E-18 0.022069034767745497 -1.476016640106427E-17 -5.898560828763343E-18 5.046877304656424E-18 0.013041099251605275 0.18648978621628193 0.21343235054920615 -1.8424940610907595E-17 -8.203486943597984E-17 1.449119054631275E-16 -1.0602404619810219E-17 0.022841884679016967 0.020932288454634403 0.10148466395292391 0.11968720512776376 1.611932014544608E-16 -2.3640229315591963E-17 -4.657273090390826E-17 -1.019246258078944E-17 0.10933832697577152 0.09978967659674397 -7.396804233553777E-17 -2.6089815108010575E-17 1.3464155117688601E-22 2.2926531684016195E-24 1.4802101411866624E-17 2.924835968044336E-18
 2.270000 3.339361904400273E-18 0.022095226720379307 4.213809973795557E-17 -6.420226953659857E-18 2.4567866623751304E-18 0.013048242694159056 0.1864548093404401 0.21340180873216158 -2.81561463394684E-19 -2.0845907204012122E-17 -9.658914084809584E-17 -4.687958020363512E-17 0.022758519738095347 0.020846309859045422 0.10146188267101305 0.11966208468835017 1.5316699590725094E-16 4.81117833768357E-17 -3.282080708581994E-17 7.752380452386399E-18 0.10933201000227281 0.09978271228330103 -1.0070546678713335E-17 -5.2114634935015625E-17 -1.5755270647400183E-22 -2.5203808465517403E-23 1.5292746277523726E-17 1.7414031651132982E-18
 2.280000 2.7786149109534584E-18 0.02212120742822433 -6.863352195942869E-18 6.906757059958652E-18 5.004777872056378E-18 0.013055303624072402 0.18642014531593268 0.21337145049107126 2.164785655773896E-17 4.6155995846609943E-17 4.710685000053277E-17 1.7989078840462772E-17 0.02267550890240372 0.020760704882421654 0.10143909201788139 0.11963699435710366 -2.7660294240145644E-16 5.613805498220467E-17 -2.2968812560000753E-17 2.893938013952098E-17 0.10932554381140379 0.09977563401713097 7.518802803389442E-17 6.563966018106042E-17 2.5638582122976047E-22 2.5638582122976043E-22 2.1677051707830165E-17 7.701972180631943E-18
 2.290000 9.293640979563348E-20 0.022146991814798886 -5.768508725230695E-17 -3.147866923148597E-17 -1.1849087245860793E-18 0.013062283611851447 0.18638575207481517 0.21334123431435492 1.544131264282098E-18 7.603020135054741E-17 -6.951104359391231E-17 2.1283961829795792E-17 0.02259284399527463 0.0206754645728458 0.1014163154693123 0.11961195729924741 1.4526525790384852E-16 5.5585569411626345E-18 8.822901268481571E-17 3.641358316226307E-17 0.10931900108445673 0.09976850614344458 -4.5156106037037386E-17 -6.994502946476966E-17 2.935812383351064E-22 2.9358123833510644E-22 2.3052776362665957E-18 4.169444347098613E-18
 2.300000 -1.6199897423081871E-18 0.02216351793092468 -1.1662925481609571E-17 6.074758489763463E-17 -4.289934740609586E-18 0.013064458101239042 0.1864542551033885 0.21353690190153674 2.4110276868856162E-17 3.011509371680003E-17 5.1317887042930903E-17 -2.0331879123214818E-17 0.022551053920371884 0.020635411653465795 0.10148980872889705 0.1195645346192658 -1.423624088311037E-16 -2.6260653654329818E-17 -4.590059569084684E-17 1.1564251960108544E-17 0.10922510898138581 0.09980606591639668 -1.3657946250960556E-17 3.570366928232785E-17 1.3982180211258673E-22 1.398218021125867E-22 4.9032225791004766E-18 6.148094853817156E-19
 2.310000 -6.337478100289007E-19 0.02219772413407634 3.3878481183956064E-18 -2.597896316621886E-17 7.029096108064069E-18 0.013070915531489287 0.18640878776868014 0.2134583174025965 1.428107409835661E-17 -3.527165629244658E-17 -5.942777189955738E-17 -1.0253281302591723E-17 0.022465509455403015 0.020541922353855314 0.10145242880429274 0.11956046587476213 -3.811776372033431E-17 1.0952915268487813E-16 4.5102953219743914E-17 2.3655307199112688E-17 0.1092745634122446 0.09978886094485359 -2.391637684414884E-17 -5.805875656317742E-17 4.1685854077502035E-22 2.8450964276653593E-22 -1.2310037340506186E-17 -2.1791155440169767E-18
 2.320000 4.693053487630693E-19 0.022231539379241154 -2.883114477917816E-17 -2.2104126284454077E-17 4.02690392014249E-19 0.013077767774235678 0.18636061463044412 0.21338775187821604 3.0372252177279175E-17 -3.4488004905525595E-17 -5.689143240081837E-17 8.512990940137504E-17 0.022380359426235306 0.020450188759485278 0.10142536851190695 0.1195524281556798 1.7222877570702227E-16 6.979925423578374E-18 4.7725770568686164E-17 2.762600518316508E-17 0.10932068825048362 0.09978432878872155 5.055398216590362E-17 -3.657948669859484E-17 4.766343023881152E-22 3.442854043796307E-22 -1.7701760880397428E-17 4.961412464062582E-19
 2.330000 1.761630096539528E-5 0.02226384510516391 -1.826805782537783E-19 -3.033207256109474E-18 6.65798408905773E-18 0.013084633536865365 0.18631210026027278 0.2133284511423072 -2.3725335728035028E-17 3.7535363066396735E-18 -8.923813770564418E-17 5.0695361390761936E-17 0.022295842722457448 0.020360767796454432 0.10140062566132532 0.11954233954476622 -2.2986312348323296E-16 2.575664797039767E-17 1.1496620252538122E-18 2.5728353893074613E-17 0.10935351317716291 0.09978736177934108 -1.0277535792895943E-17 9.830596992121411E-17 2.556093524999952E-22 2.556093524999952E-22 2.805021238653033E-17 -3.551588072697906E-18
 2.340000 3.8324291733542225E-5 0.022294054050611748 2.863101701789527E-17 1.6463830250629317E-17 4.239580675783147E-18 0.013091387524921599 0.18626576470805295 0.21328052166230566 -7.241074681264056E-17 -3.239011850830863E-17 2.0336469916220524E-17 -4.944905463467078E-17 0.022212244828230168 0.020273651762992357 0.10137411152621198 0.11953007400918438 3.152267129781702E-17 6.876299087517645E-17 3.4982730986910825E-17 -1.7724789513326065E-17 0.10936990977655082 0.09979142945743509 -1.9319246313298614E-17 -5.1842570288489115E-17 -8.510381704784264E-23 -8.510381704784264E-23 1.386494191412089E-17 2.1303304709244847E-18
 2.350000 5.725109872363131E-5 0.022322016645301014 -3.644807332349703E-17 3.0605231388521653E-17 -4.5643917601878905E-18 0.013098055144066933 0.18622337334509914 0.21324235994046586 4.869944074958412E-17 4.672092448986866E-18 6.426130318997174E-17 4.387913739739169E-17 0.02212976941687929 0.02018854142541327 0.10134493066664017 0.11951454981059853 -2.497544143341704E-17 -1.1787809950698471E-16 -1.2670702544029055E-17 2.804764060924596E-18 0.10937114601077408 0.09979138520795437 -7.017361976068902E-18 1.073815361508142E-16 -3.231294665972056E-23 1.0003595134876388E-22 -2.544377674614426E-17 -1.6754201921545981E-18
 2.360000 7.44710453529461E-5 0.022347934639751366 3.5882134325379784E-18 -2.747628218058508E-18 5.157591150690502E-19 0.01310470492667104 0.1861855786531983 0.21321163171018181 2.4600678165569883E-17 1.560682775123308E-17 7.482585603852163E-17 -9.009727272031743E-18 0.02204847206459312 0.02010502511297064 0.10131386365022643 0.1194949445360937 1.0559488313879365E-16 1.0386070810396747E-16 -2.1121020865463656E-17 -9.332631984540994E-18 0.10936072625393845 0.09978464115249125 -6.572581831020679E-17 2.3643832305259166E-17 1.8019031858278965E-22 1.8019031858278965E-22 3.6015508222824317E-17 -1.553241479030321E-18
 2.370000 9.034078926134708E-5 0.022372248374823208 -5.593378793912714E-17 1.5092581909375772E-17 -2.5552725514950158E-18 0.013111389888171154 0.18615200065573007 0.2131859237735301 5.385060625709597E-17 -4.675572560304884E-18 -1.2856741121199538E-16 -1.046201309022559E-17 0.02196826267976743 0.020022691329687165 0.10128220009868731 0.11947128399574665 5.012434785639834E-17 2.6178704937624737E-17 3.598907617563614E-17 -9.129307279638428E-18 0.10934283572234109 0.09977116594211695 6.12424194174999E-19 9.271613140428478E-18 2.878466234576134E-23 4.258313563712145E-22 1.838880941213032E-17 2.3495734725766878E-18
 2.380000 1.0533996477249753E-4 0.02239551303952067 2.839423543269553E-17 -9.5637953596508E-18 6.576629381846741E-18 0.013118129866579483 0.18612157610036842 0.2131631246788149 -6.69887027043931E-18 5.683985858908256E-17 -1.479960158620182E-17 1.9283445075047356E-18 0.02188895436411276 0.019941190086100933 0.1012510845326747 0.1194444487356035 -1.8574889362736845E-16 8.946555786426127E-17 4.350621527151813E-17 3.7045148655268206E-17 0.10932139556298263 0.09975275913476067 -2.5795927162825267E-17 7.086994916989456E-17 -3.8132107291992055E-22 -3.8132107291992055E-22 1.61683413334598E-17 -2.871211763768788E-18
 2.390000 1.1994137561317074E-4 0.022418284044269345 -2.6368777248778492E-18 1.7336382804319167E-17 1.0176259614612313E-18 0.01312491770723888 0.1860929844347399 0.21314160091382714 -3.0145898757889527E-17 -1.9275320755489516E-17 6.794357730168928E-17 2.4623250653648815E-17 0.021810327081142375 0.019860257297495385 0.10122127132995312 0.11941583576710439 -2.460903104433941E-16 -4.7743858398610725E-17 -6.10399437918624E-17 8.992263976564391E-18 0.10929958285408568 0.0997320686395059 -1.6834392735324266E-17 -2.6098220124876803E-17 1.8763392383689573E-22 3.199828218453803E-22 -1.71759639354452E-17 3.452680211498987E-18
 2.400000 1.345247081171878E-4 0.022441028848605896 6.141203742395131E-18 -1.6889027261882636E-17 1.1052059262561198E-18 0.013131733642993079 0.18606500937522058 0.2131202382962374 -2.234492504701005E-17 -1.601183553040437E-17 -2.7033690047556772E-17 -6.262619336460634E-17 0.021732182333219913 0.019779716376580707 0.1011931203962376 0.11938692643299952 2.647456338740161E-17 2.9841196069850456E-17 1.8587123863915506E-17 -6.975325096217963E-18 0.10927965320102713 0.09971170544823892 -6.5799737198125786E-18 5.375669248933948E-17 -7.311823681484839E-23 -7.311823681484839E-23 -1.126173528449857E-17 -8.134805370264394E-19
 2.410000 1.4933456159950682E-4 0.022464074840047754 -5.0461877426547385E-17 3.9118301331502464E-17 9.86023334283839E-18 0.013138557979297572 0.18603676520461096 0.21309840338348995 -6.415946502064847E-18 -7.157939802443909E-19 -6.891257107646918E-17 1.4194000822248312E-17 0.021654376829754473 0.019699467742839347 0.1011666912960592 0.11935893625985854 -2.1395956036630649E-16 -1.5672211663545104E-17 -6.558615405327805E-17 -1.237855576366089E-17 0.10926294266183896 0.09969364787770389 2.5325035140871847E-17 2.744407561161762E-18 -6.277972511777987E-23 -1.9512862312626431E-22 -1.4977417948141953E-17 -1.2961345265020707E-18
 2.420000 1.6447557244676027E-4 0.02248759402549805 2.2101611122932012E-17 -7.233217540250658E-18 -2.6960447842467038E-20 0.013145378093540782 0.18600777808279367 0.2130758614757708 7.181310756783722E-17 2.0425779559018087E-17 -5.9768836850353046E-18 -5.7707689660417E-17 0.02157683342045691 0.019619472985208997 0.10114184982195701 0.11933262566565143 -8.731581029955326E-18 -1.6400140082420408E-17 4.3257567667792834E-17 -1.5711742739270092E-17 0.10924997265400067 0.09967898073401645 -4.876632726108394E-17 -5.121502373455968E-17 -2.101690729993444E-22 -2.1016907299934444E-22 -9.353076068366261E-18 4.416760772600477E-18
 2.430000 1.799336428472163E-4 0.022511618111570784 3.239266103867952E-17 -2.0025033543512696E-17 6.087604634306671E-18 0.013152189860003567 0.18597795205748718 0.21305267415691195 2.650870646489111E-17 8.994870875493983E-18 -9.025817567992972E-17 -3.7733522348563475E-17 0.021499534140525835 0.019539737430189292 0.10111835188006639 0.11930827154056665 -1.4311130797124983E-16 3.046440626548066E-17 7.331378068547451E-17 1.2971303308050776E-17 0.10924061431671978 0.0996679155969314 -6.034224821730459E-17 -3.471473123130793E-17 -5.158148282208264E-23 -1.8393038083056706E-22 1.5841146357766716E-17 -1.5475776821688427E-18
 2.440000 1.956116090732614E-4 0.022536073405185885 -4.398413040105353E-18 -2.388802024690909E-17 -2.8829201949777847E-18 0.013158995541073214 0.1859474660352812 0.21302909171562623 9.859740611497971E-18 -2.6686441895163742E-17 1.5909852842382707E-16 -9.393326879823767E-19 0.02142250289687725 0.019460293195242513 0.10109590104304197 0.11928575432423155 5.604964920938969E-17 -1.1459854805243128E-17 -5.882849682052749E-17 -3.305699830497576E-17 0.10923428422628105 0.09965999204960911 9.73380466283635E-18 -5.282585072770592E-17 -2.8103013072226164E-22 -1.4868123271377719E-22 -6.828690260982589E-18 5.062359628531327E-18
 2.450000 2.1136902200978396E-4 0.022560824022382533 -1.7296191821729564E-17 3.8664191499729394E-18 -6.810422609618706E-18 0.013165800439168424 0.18591664706058714 0.21300545218400288 1.058711285463274E-18 -8.4189000988165E-18 2.4817636036269674E-17 2.326833090864071E-17 0.021345785067599283 0.0193811840733189 0.10107418840112269 0.1192647014517146 1.54716148079296E-16 -9.061990194526873E-17 6.646205899355257E-17 3.339714713294224E-18 0.10923014750279322 0.09965435535184626 3.673131535876213E-17 2.63109459615863E-17 2.7367248307388723E-22 2.736724830738873E-22 -1.468076706918517E-17 6.022839963747253E-18
 2.460000 2.270581800562398E-4 0.022585713477155836 -3.9292897107579345E-17 3.219812497060316E-17 -4.409449096669234E-18 0.013172609954630283 0.18588585427516158 0.2129820964582349 6.810898531637842E-17 -6.132167271857326E-17 -5.944899219508297E-17 -1.0604560694731484E-17 0.021269429387445894 0.019302453268984106 0.10105292324751929 0.11924463581756424 2.712208604406349E-17 -7.870012687277193E-17 1.5597353431195306E-17 4.8351587512027825E-18 0.10922730511877665 0.09965002720595637 -1.2703499022098262E-18 -3.387320551564646E-17 7.613293461702775E-22 7.613293461702774E-22 1.751755335602577E-17 -3.4270989283371673E-18
 2.470000 2.4255146021064244E-4 0.02261059778178077 -1.58931654302086E-17 -2.0978494581105437E-17 -3.2645221220863057E-18 0.01317942780891583 0.18585539354079114 0.21295930625881165 -1.784858581511727E-17 1.64299925467836E-17 5.351666926873832E-17 -2.4839064821767937E-17 0.021193475089397975 0.019224134705275495 0.10103185822964834 0.11922509570083241 3.028307871450027E-17 4.437319061067132E-17 2.791068605554803E-17 -4.936385239297138E-18 0.10922494504215317 0.09964611746518996 1.490545781733804E-17 -1.716116253928524E-17 7.85335698762887E-23 7.853356987628871E-23 3.146427485327067E-17 8.036104241960735E-19
 2.480000 2.577578125288273E-4 0.022635366676918164 -3.1919889383914176E-17 -2.080728476338778E-17 1.1266111948215874E-18 0.013186255476470673 0.1858254694805262 0.21293726807753208 -2.1274077351587497E-17 -6.873404269475103E-18 3.949075259345885E-17 -1.2601614478054257E-17 0.021117945129117084 0.01914624819468153 0.10101080814280385 0.1192057114330198 1.8392320032286721E-16 1.4806479481327557E-16 -5.407304409319757E-18 -2.6714693712605913E-17 0.10922244345010192 0.09964195489464323 1.1293844322159028E-17 1.7645039032980623E-18 -1.5079250988551441E-22 -1.5079250988551446E-22 -4.005339864418894E-18 -7.56223329358724E-18
 2.490000 2.726286445735913E-4 0.02265995271321874 -3.273336620562515E-17 2.3555417342774235E-17 7.526721314427696E-18 0.013193092472133103 0.18579617198757412 0.21291606223850112 -3.75950305084903E-17 8.901632076239982E-18 4.851943982326903E-17 4.115492798274929E-17 0.021042844805884097 0.0190687982547479 0.10098965978661217 0.11918623881735402 -6.163746287780439E-17 1.3308482444007583E-16 1.5147575691956301E-18 2.0233245321713605E-17 0.10921941149617888 0.09963713841766272 -3.2865340516191595E-17 -9.832965125574054E-17 1.7161260588315157E-22 1.7161260588315157E-22 1.1476534269163348E-17 1.8015112574293764E-18
 2.500000 2.87155012993829E-4 0.022684330138220722 1.618187356233489E-17 2.218892053255049E-18 -7.07708395490005E-18 0.013199912841433093 0.1857674887372584 0.21289567270763923 4.57270807309864E-17 -2.0965340027698092E-17 1.8510409557189547E-17 -5.727323070238747E-17 0.020968164301775966 0.01899177587952131 0.10096837141719558 0.1191665579909082 4.7509471028849E-17 -2.4333894447349226E-17 -3.5807188588692314E-17 1.5329585657525282E-17 0.1092156926327473 0.09963152472222114 2.830196853082665E-17 2.1545477945320277E-17 2.5640609547491035E-22 2.5640609547491035E-22 2.908845276926451E-17 -6.440017264906713E-18
 2.510000 3.013589082986164E-4 0.022708506820251256 -3.658339282560666E-18 -8.224977021050891E-18 4.659082752936053E-18 0.013206680891407295 0.18573933310023993 0.21287601077642224 -1.1320507807570965E-17 -5.1444666895564206E-17 -8.065221007384884E-18 1.3326613240449666E-17 0.020893883382976812 0.018915162238903157 0.10094696183736807 0.11914665045439858 -3.037966898754185E-17 2.9227166659450063E-17 -4.265634778460153E-17 -3.185922978149071E-17 0.10921132260631423 0.09962517436377898 3.334760355338576E-17 -6.558631865074581E-17 6.385519463268814E-22 7.709008443353658E-22 1.192576010911673E-17 3.210208968874071E-19
 2.520000 3.152816677832611E-4 0.022732512706739285 3.844779611532932E-17 1.0336881577016374E-17 4.7174709987999654E-18 0.013213452388795921 0.18571157726424536 0.21285694494028604 1.0066681838584687E-17 1.1849128451690713E-17 4.298027031422049E-17 -6.255493174130161E-17 0.020819976621471864 0.018838933184089374 0.1009254911639786 0.11912656677885426 -1.6726017010104952E-17 7.192590648318363E-18 3.2960344547011185E-17 2.6801979382506902E-17 0.10920646761800643 0.0996182788914029 -6.195138715683002E-17 -5.4797597414281054E-17 5.27499789422609E-22 3.9515089141412464E-22 -3.0649632203678293E-17 -7.573421485718702E-18
 2.530000 3.2897243851026913E-4 0.02275638766244266 5.177296518158279E-18 1.653751191265703E-17 3.2906063065218774E-18 0.013220225255484481 0.1856840835433502 0.21283833088450155 -3.6363770665802844E-17 5.06538735943734E-17 -3.542004859546509E-17 2.124682751420293E-17 0.02074641818875004 0.018763063653038585 0.10090404050472282 0.11910639211388385 9.11045813988255E-17 8.036461090815776E-17 1.0560567809573705E-17 -1.7434636845972332E-17 0.10920135721080955 0.09961108761765868 -9.770829358951002E-18 -1.6313666344885425E-17 -4.4930229937795735E-22 -4.4930229937795735E-22 1.2732004616189022E-17 -1.1255965125798764E-18
 2.540000 3.424784038981967E-4 0.022780171194294346 2.788039869832948E-17 1.0454041946984937E-17 -5.44310436697804E-18 0.01322699774581265 0.18565672871053326 0.2128200357777351 -4.662006940800167E-17 -6.176826632633082E-17 3.355754499376616E-17 2.8450805778594245E-18 0.02067318542037064 0.01868753114723962 0.10088269206712003 0.11908621772561055 -1.7901511223763506E-16 -2.3599566982935137E-16 1.452034442245508E-17 1.4794120990747512E-18 0.10919622487869385 0.0996038460558037 3.896020705118927E-17 4.9062155747463195E-17 1.7391016108199206E-22 4.156126307350759E-23 3.8979745001307966E-18 -4.722588529443991E-18
 2.550000 3.5583800489663E-4 0.022803895243259292 2.4518115258635455E-17 3.722028684535329E-17 -2.457568123037259E-18 0.013233768392011212 0.18562941915995765 0.2128019543485473 -3.021378414054296E-17 4.780215205491417E-19 9.100871714607908E-18 2.2294954800514635E-17 0.02060026089540302 0.01861231793599876 0.10086151364727772 0.119066121123094 1.7020256813179265E-16 -9.555234215838665E-17 6.609005364786699E-17 9.339131026036575E-18 0.10919126448140692 0.0995967532789279 3.8533961681004635E-17 -1.452723276099483E-17 -7.770463123036409E-23 -7.770463123036409E-23 -1.0293424756532937E-17 -4.444500699937851E-18
 2.560000 3.6907748834152964E-4 0.022827580400952063 -2.359632388797182E-17 -7.846697049362285E-18 -6.038981092901977E-19 0.013240535897606667 0.18560209693359225 0.21278401616062212 -2.473797309621402E-17 -5.208684009613531E-19 -4.7710042837481075E-17 6.347505345332975E-17 0.020527633104044058 0.01853741193357795 0.10084054937936271 0.11904615523535228 1.7449596377750096E-16 -1.0580120351731853E-16 1.9827692117582737E-17 -4.2033896255795156E-18 0.10918660577159585 0.09958993982045071 8.221205471575077E-17 -7.548012692165153E-17 -2.778607941453786E-22 -2.778607941453786E-22 4.758837842464316E-18 -3.1535357999319025E-18
 2.570000 3.8221045220208715E-4 0.022851235214451118 -2.2679296864897008E-18 -1.0370607329532735E-17 8.049888863977444E-19 0.013247299038121472 0.18557473820417447 0.21276618518883525 -1.70276958284928E-17 -8.764211696358053E-18 7.551667490569291E-17 -3.1367006584480495E-17 0.020455295994368555 0.018462806442501915 0.10081981695293829 0.11902634548658618 -1.1804742376106692E-16 2.766943718646523E-17 5.656221197685432E-17 2.2225615960699253E-17 0.10918230807107826 0.0995834638071717 -1.1748441936900374E-17 1.4695906677159086E-16 -7.580722461529606E-23 5.654167339318839E-23 1.4455567804210497E-17 -6.911889789302412E-18
 2.580000 3.952396376040185E-4 0.022874857806579534 -3.46327053531006E-17 -4.455667060743078E-17 8.668027626407414E-18 0.013254056598637985 0.1855473466137364 0.21274845385469038 -6.263560444286704E-18 -2.1264845050592154E-17 8.522485431412741E-17 4.9621956793695495E-17 0.020383247791627094 0.018388499106355562 0.10079931022265008 0.11900669270911861 -1.2223111259698023E-16 9.687036013653076E-17 -6.0047348348486E-19 8.49380789286116E-18 0.10917836817199461 0.09957732066340132 4.9444487624390664E-17 -1.4678727627109225E-17 1.0254265291988273E-22 -2.98062450886017E-23 1.9003357036397684E-17 1.2634730208098153E-18
 2.590000 4.08160040752948E-4 0.02289843886297284 -6.276367127590137E-17 -1.4756939746222634E-17 5.921787374383762E-18 0.013260807353412684 0.18551994403757693 0.21273083406489557 6.38753389019163E-17 7.326114651379413E-20 -8.354342326154131E-18 -8.363141803212246E-18 0.02031148949067207 0.018314490463343654 0.10077900538452796 0.11898717955010644 9.57817029039663E-18 -1.4971701879850103E-17 -3.1640177902107E-17 -2.7040028235205467E-17 0.10917473709824063 0.09957146082522138 3.1843002386882343E-17 -6.519179847581819E-17 -1.0492504869164475E-22 -1.0492504869164472E-22 2.1387938783764038E-17 8.609312901864834E-18
 2.600000 4.2096244857841734E-4 0.02292196507548055 -6.034239645035442E-17 -6.403083653070229E-17 -4.454862177864876E-18 0.013267550077716994 0.18549256104035616 0.21271334762069793 -2.563229935153909E-17 5.0788570303669744E-17 -3.9614143914017067E-17 1.1621552223367717E-17 0.020240023361426347 0.01824078245589656 0.10075886869339551 0.11896777820072534 -4.480054565157348E-17 -4.050731762725887E-17 1.1636609623464132E-16 2.8512287262381415E-17 0.10917134029121368 0.0995658101710542 -8.810537220390324E-17 -1.0295040503944846E-16 2.4110035565008625E-22 2.4110035565008625E-22 6.23119558682702E-18 -4.324394015787227E-19
 2.610000 4.336366779659832E-4 0.022945422314941233 1.2415382283275494E-17 -4.4027396298330005E-17 -2.1794897330472126E-18 0.01327428357647972 0.18546522870006116 0.2126960178171916 1.82473250103667E-17 6.03109322315292E-17 -2.8017106431289586E-17 5.4880500758600546E-17 0.020168851708592096 0.018167377161735984 0.1007388639409114 0.11894845773156139 2.52680044386441E-16 -6.727628082076585E-17 -6.109318897542499E-17 1.5952556532094365E-17 0.10916809670783391 0.09956028893266503 -3.301268948783138E-17 -5.001321039420874E-17 4.7458281743958815E-22 3.4223391943110363E-22 -6.3994202724188674E-18 6.480154419086244E-18
 2.620000 4.461740496472194E-4 0.022968798061597663 -4.609903322933837E-17 1.1402285199657872E-17 -2.8159616338335746E-18 0.013281006715295618 0.185437972773931 0.21267886333477015 -2.4208201699157234E-17 1.1208044396319057E-17 -1.2821636639037477E-16 -2.1479366972378355E-17 0.020097976016385084 0.018094275899505293 0.1007189584316654 0.1189291899014522 3.040277245717741E-16 2.2080876400530459E-16 1.156960687003754E-17 -4.0949638135761374E-18 0.1091649337853805 0.09955482630744529 7.741801420848097E-17 -2.0451589635041744E-17 -4.043048835331646E-22 -1.3960708751619567E-22 -1.6241801952132162E-17 -4.5606095829670785E-18
 2.630000 4.585688896929382E-4 0.022992082884215496 -7.945889223490663E-18 -1.7253453674373875E-17 -3.7240089902840345E-19 0.013287718443991566 0.18541081051487965 0.21266189481585737 -1.1489171280305388E-17 6.86255109469372E-17 6.184273148274123E-17 -3.9409656622844854E-17 0.020027396508474647 0.018021478754074005 0.10069912680810233 0.11890995289444485 7.040520656603497E-17 4.783799468030285E-17 -2.421300041028517E-17 6.193971895063112E-18 0.10916179681773876 0.09954936949982561 -5.025766073596724E-17 -1.6739481294077486E-17 7.901479765112328E-23 -1.8568299836584564E-22 2.5593850468516914E-18 6.313198033415973E-18
 2.640000 4.708190761799359E-4 0.023015270982373957 -2.9806108148246883E-18 -8.354717310604495E-18 7.638489717707649E-18 0.013294417808255547 0.18538374991541 0.21264511394268673 -3.481827967235429E-17 1.341883837128497E-17 1.4061859321432368E-17 4.546857655560932E-18 0.019957112075667135 0.01794898448108177 0.10067935263820767 0.11889073294249738 -1.0277548630395813E-16 4.477126806408327E-17 3.894629471535867E-18 -1.0422062309342123E-17 0.10915865268034407 0.09954388721787052 2.527854304445854E-18 2.5675180144820827E-17 2.7057455955700746E-22 1.3822566154852303E-22 -2.5504168497272665E-17 -5.759286775972387E-19
 2.650000 4.829258072693965E-4 0.023038359963473868 3.9206445799155447E-17 -5.0007935486290526E-17 8.297412205810415E-18 0.013301103949300112 0.18535679081084533 0.21262851445117847 1.6176477341860707E-17 1.5202010039565877E-17 -1.8120919879715746E-17 -2.799916684351009E-17 0.019887120476015402 0.017876790696154693 0.10065962810133401 0.11887152415660866 -4.48207312875753E-17 -5.639733468628272E-18 4.541114724095296E-17 8.946690142978197E-18 0.10915548884653291 0.09953836858178532 3.478458759638269E-18 -7.479053762663562E-17 -9.814203410520774E-23 -2.3049093211369215E-22 2.7775633761192897E-17 1.1435180776278593E-18
 2.660000 4.948928508438759E-4 0.023061350108958774 1.747182069265872E-18 1.045508272966148E-17 3.12524523026281E-18 0.013307776094320432 0.18532992711948545 0.2126120843423371 -2.1521406771148525E-17 -5.230541052490166E-17 4.4933856312037716E-17 1.0673837406145411E-17 0.019817418693222268 0.017804894231984933 0.10063995234937724 0.11885232709816214 -7.845908680541463E-17 1.6754452178117548E-16 1.2504436502433951E-17 6.039883964358001E-17 0.10915230918993007 0.09953281891241358 -4.852345348332714E-18 1.985181374796973E-17 -1.6960473092813213E-22 -3.019536289366165E-22 2.914837341556514E-18 3.65101613900009E-18
 2.670000 5.067255515208329E-4 0.023084243399949758 1.761829305847004E-17 1.1891276971262728E-17 -8.34858411886413E-18 0.013314433541668533 0.1853031495084993 0.2125958085562964 7.872115277523456E-18 -3.9353567321783447E-17 -5.238904634256082E-17 5.894036640423805E-17 0.01974800334490067 0.017733291550870698 0.10062032919101353 0.11883314668467525 3.4615120402056114E-16 1.141799593637638E-17 -3.189137847436145E-17 -1.9454198728619928E-17 0.10914912820173737 0.09952725398730027 1.7920842424463308E-17 -2.3985226127099818E-17 -4.319951796796357E-22 -1.6729738366266682E-22 4.547541089338746E-18 -5.62112964478093E-18
 2.680000 5.184298345558934E-4 0.023107042537338206 -3.242319258138283E-17 -4.035294388584788E-18 1.232584147371747E-18 0.013321075644582858 0.18527644790275943 0.21257967150490975 4.804160707604814E-17 -3.1044344436112914E-17 9.411402788666794E-17 7.035783426719791E-17 0.019678871054616333 0.01766197912307321 0.10060076468240356 0.11881398997011842 -7.306846529113453E-17 6.825813036603438E-17 -1.1150655077093046E-17 -2.7877099281455675E-18 0.10914596506369587 0.09952169416895555 -5.841057453054132E-17 -3.259231811752103E-17 1.7048146228244273E-23 -1.153007517802401E-22 5.1569805017107295E-18 3.254951495988006E-18
 2.690000 5.300113791249086E-4 0.023129750125930233 -3.224389883244387E-17 -3.7414053239209345E-17 3.620727305987318E-18 0.013327701796430998 0.18524981344488323 0.21256365905586533 -3.055166832885141E-17 -5.835577491688772E-18 -4.4901859320379595E-17 -7.621974469959363E-17 0.019610018732213356 0.017590953712972878 0.10058126505950431 0.11879486421034585 -1.7562110341074347E-16 9.853137452322483E-17 4.0202153106286844E-17 6.759852878446617E-18 0.10914283863405327 0.09951615943918961 -1.232806916849738E-16 -1.2167831721708452E-16 -3.535453471713403E-22 -3.535453471713403E-22 -5.348301380266678E-19 -2.6733405188217048E-18
 2.700000 5.414750555194208E-4 0.02315236811601462 -3.1979166113246327E-18 3.301378036050509E-18 -3.713095994962203E-18 0.013334311419272887 0.18522323971977497 0.21254775977320425 -7.731739906463529E-18 -3.0103287621706667E-17 -4.928812280793259E-18 -3.4898761170181906E-17 0.019541443738470683 0.01752021254779271 0.10056183526510232 0.11877577546098605 1.9759576374158438E-16 7.282057026680669E-17 5.3417519562301325E-17 3.732951067591586E-18 0.10913976394628508 0.09951066592880425 2.1247334980036432E-17 -7.168667618331883E-17 1.8739667248687736E-22 -7.730112353009148E-23 4.071968786308991E-17 3.750838486058887E-18
 2.710000 5.528246487661339E-4 0.023174897525236875 -7.150350700988424E-18 4.664877393507549E-18 4.057708855563093E-18 0.013340903956441826 0.18519672323576838 0.21253196540357547 -8.822046998077554E-17 3.991108163686395E-17 -5.767516212344378E-17 1.743197259093394E-17 0.01947314393687327 0.017449753371297966 0.10054247814989749 0.11875672779556283 -1.28262621299502E-16 1.2709620046638598E-16 6.805156048091987E-17 2.4955873338838794E-17 0.10913675039035414 0.09950522411171209 -6.954002529261704E-17 -3.3386735833381344E-17 -1.2643674073873719E-22 -1.2643674073873716E-22 -7.617970135867358E-18 7.325755565849633E-18
 2.720000 5.64062835574915E-4 0.02319733840895958 1.1234299901437864E-17 -3.9346093741735124E-17 -8.050475957496979E-18 0.013347478868946822 0.18517026328488564 0.21251627073151705 -2.673472934321492E-17 3.101831010110259E-17 -5.037696437397699E-17 -2.7427222223131063E-17 0.01940511765400322 0.017379574404250486 0.10052319428899865 0.11873772310095018 1.576122765221453E-16 1.0774103789965832E-16 4.839912177980087E-17 -2.0956476116294202E-17 0.109133801408805 0.09949983850010717 2.2519370249441735E-17 -1.7718165562756066E-17 5.977059995663163E-23 -7.25782980518528E-23 2.4227657293171075E-17 -4.062033009743015E-18
 2.730000 5.751913473567093E-4 0.023219690013649295 -1.0924358892235612E-17 -3.6950855179747764E-18 -5.298981825371177E-18 0.013354035634919615 0.18514386137740316 0.2125006730016132 1.764399544568842E-17 -6.931968426982738E-17 -4.505523138469052E-17 -2.1030147329325488E-17 0.01933736357990261 0.017309674243515056 0.10050398226672984 0.11871876132084021 -7.761595601077644E-17 -6.112015520217825E-17 -2.143872248558719E-17 3.721415609498936E-18 0.10913091532778607 0.09949450846675105 1.875838094618184E-17 -8.203494682156174E-17 -2.4630861176886397E-22 -1.139597137603796E-22 1.287765229731692E-17 3.731677221711286E-18
 2.740000 5.862112390871749E-4 0.023241951034840107 3.533978811560924E-18 -3.999959882690924E-17 3.7867338182392965E-18 0.01336057375107179 0.18511752046434318 0.21248517112447637 3.4853553341646155E-19 -2.5256015582896363E-17 1.4466586314403366E-16 -5.2417595945863255E-17 0.01926988064134213 0.017240051733369427 0.1004848392445332 0.11869984097724573 8.584932430184051E-17 -7.682799506147108E-18 1.836038733972309E-17 -1.2859448995700914E-18 0.10912808685556177 0.09948922973254379 -5.071430234826591E-17 1.5769262891747933E-17 -2.9858009510499715E-22 -2.9858009510499715E-22 1.8020971568155336E-18 8.525042487320496E-18
 2.750000 5.971231883130075E-4 0.02326411990544513 5.029217272257604E-17 9.23134748625721E-18 -8.968365939287147E-18 0.013367092735115738 0.18509124413851896 0.2124697648599528 1.5685016227089802E-17 3.488814090191821E-17 6.377542693453252E-19 1.4664091429839336E-17 0.0192026678765052 0.01717070583804005 0.10046576163143599 0.11868095980036447 1.8362665222152576E-16 1.3232024746903305E-17 -5.008141521618469E-17 1.899023539220452E-17 0.10912530879967534 0.0994839960740082 2.3554702266157644E-17 -5.483985013762681E-18 -7.317588639725913E-22 -5.994099659641069E-22 -1.1366636352014693E-17 -8.140723800650701E-18
 2.760000 6.079277648183856E-4 0.0232861950559197 -2.423010315348351E-17 -1.6234090200040163E-17 -3.405316293107448E-19 0.01337359212825933 0.18506503595514867 0.21245445412052494 4.264505704335077E-17 -7.73380407216294E-17 4.565074652732681E-17 -3.9740037932064503E-17 0.019135724331440396 0.017101635536169366 0.10044674571068375 0.11866211532621207 3.4935061589896526E-16 3.903621856347872E-17 -2.1918224010086738E-17 -4.5853169294847884E-17 0.10912257364362277 0.09947880089309229 -2.5760545731653685E-17 -1.285301828568489E-16 -6.137905598727017E-23 -6.137905598727017E-23 1.3624042126783248E-17 5.948867526468909E-18
 2.770000 6.186256333344247E-4 0.023308175109179045 -1.7935847619638725E-18 2.310512307950005E-17 -2.7976725975728E-19 0.013380071497125518 0.18503889895281944 0.21243923847736357 -6.8902467932179454E-18 3.528467325755619E-18 -1.0274016590686598E-16 -3.554770504731311E-19 0.019069048989222313 0.017032839748417135 0.10042778812543184 0.11864330536680447 2.4086313854916016E-16 1.6617621491624375E-18 -2.840690124547316E-17 -1.891834815281685E-17 0.10911987474960504 0.09947363841708062 6.370814316696738E-17 1.2980245585180913E-18 -1.46902817878487E-22 -2.7925171588697136E-22 -1.5324023598682444E-17 -4.318138129926448E-18
 2.780000 6.29217673784832E-4 0.023330058994818378 4.9181615603131744E-17 -3.3163848697924694E-17 -5.710179644721412E-20 0.013386530434779201 0.18501283539930213 0.212424116893785 -3.823898298847714E-17 -2.288645875981554E-17 -9.27074499901509E-18 -4.345435199812308E-17 0.019002640734247525 0.016964317300662606 0.10040888617860114 0.11862452830646705 1.7591544025383566E-16 3.331485678878805E-17 -5.0783466624567096E-17 -2.0269495358430202E-17 0.10911720708488161 0.09946850442497776 4.278274155603822E-17 -5.791169678991746E-17 -2.341295100403154E-22 -2.3412951004031533E-22 -6.90379773816542E-19 -7.156717387379627E-18
 2.790000 6.397050221457683E-4 0.02335184598550753 2.3830676894453097E-18 5.226872608804898E-20 3.9556606800098114E-18 0.01339296856074713 0.1849868467407112 0.21240908766485161 -5.9903585380828206E-18 -2.299225547636546E-17 1.2487985979312778E-16 -4.659447826930946E-18 0.01893649834732688 0.01689606691848072 0.1003900379466148 0.1186057832211367 -1.615915401807189E-16 -8.789299071398694E-17 -2.112707030172617E-17 2.1082561608959843E-17 0.10911456747994054 0.09946339650828037 -1.7205148355377917E-17 -1.1094484137340909E-16 -2.834894169091251E-22 -2.8348941690912516E-22 -1.581635724948435E-18 1.0822061474993596E-18
 2.800000 6.500890476958847E-4 0.023373535670911414 -1.1805136098014277E-17 5.802905058158302E-17 -2.7620181422775243E-18 0.013399385520157217 0.18496093370466418 0.21239414851321697 -5.1395811028496945E-17 -2.021456873370139E-19 -2.105229052656571E-17 3.570918591756742E-17 0.018870620523373544 0.016828087244590242 0.10037124223907133 0.11858706984897784 1.4577607922894764E-17 -5.2212683003002587E-17 -9.76549203028421E-18 -2.8115645965566034E-17 0.10911195450506296 0.09945831395147887 4.871964412547453E-17 -6.575574522856012E-17 -2.906752108673783E-22 -2.9067521086737826E-22 -1.4994342164520136E-17 -1.1393528965376577E-17
 2.810000 6.603712889480707E-4 0.023395127890985263 6.936889670356855E-17 -9.75752860281534E-18 -2.385106252856821E-18 0.013405780982221545 0.1849350964949845 0.21237929677830644 -8.75422351522589E-18 6.105289818407106E-17 2.3825473599342945E-17 5.4435356664860145E-17 0.018805005901833646 0.01676037686931961 0.10035249845377117 0.1185683884584175 -5.70013777437862E-17 -1.9214476443948793E-16 -1.1164359762069057E-17 2.857971804110531E-18 0.10910936809308976 0.09945325735947935 2.447103055151716E-17 8.861050211912352E-17 -2.307689964670279E-22 -3.631178944755122E-22 -2.7409517623189786E-18 5.851819050971876E-18
 2.820000 6.705533712571763E-4 0.023416622651254316 3.182810990893039E-17 1.8783555755856633E-17 5.863754523087265E-18 0.013412154638362069 0.18490933501823914 0.21236452963838365 -1.607151488498986E-17 2.372162002836882E-17 -4.492182587845635E-17 -1.0345895519220332E-17 0.01873965310078515 0.01669293436487011 0.10033380638071938 0.11854973966448196 -2.1987068405030918E-16 6.529330361020021E-18 -2.657958496537779E-17 1.3103866318192988E-17 0.10910680904381567 0.09944822816652131 3.648229481620913E-17 -8.567287539361271E-17 -1.3976090041729743E-22 -2.721097984257818E-22 -1.664955731509788E-18 -2.0348410256670615E-18
 2.830000 6.806369258047018E-4 0.023438020039448185 -1.6309427530302038E-17 1.9128797008032964E-17 5.390703452883785E-18 0.013418506200235636 0.18488364909337418 0.2123498443161629 4.311068675213713E-17 -3.4197609359223724E-17 6.086210808211491E-17 5.3577287415185227E-17 0.01867456074747042 0.016625758316064904 0.10031516600224849 0.1185311242390193 5.748400078752194E-17 -8.880290841657596E-17 1.602999468816045E-17 2.2907133432219464E-17 0.10910427852761481 0.09944322814390838 7.087223564798915E-17 5.314904976715282E-17 -2.760136897839809E-22 -4.0836258779246537E-22 1.6126571586223966E-19 -1.112314265516198E-17
 2.840000 6.90623523772302E-4 0.02345932015712748 -4.485715239222437E-17 -4.982376717153304E-17 3.455670371798038E-18 0.013424835397877255 0.1848580386129498 0.21233523823613445 6.624904406081167E-18 -4.507361334372656E-17 1.63897545354156E-16 3.3759349161058204E-17 0.018609727500849174 0.016558847343063968 0.1002965773239857 0.11851254294864498 1.5764295193677188E-17 5.2780657254868405E-18 8.463339876635267E-17 6.968668458821525E-18 0.10910177767287739 0.09943825899085476 6.223604310961421E-18 7.712730153751033E-17 -2.256424480651868E-22 -2.2564244806518673E-22 -4.016101372944171E-17 3.4044813421179212E-18
 2.850000 7.005146330141185E-4 0.023480523073580478 -1.1976734416818152E-17 -5.932647188506293E-18 7.946084959171138E-18 0.013431141978132843 0.1848325036414916 0.21232070911861575 1.571176011535326E-18 -1.1870652150741811E-17 4.7834666657762815E-17 -3.584800247243796E-17 0.018545152064308734 0.016492200114129163 0.10027804025628856 0.11849399644000266 -7.160555689021669E-17 -1.765791967578057E-17 6.69504654221835E-17 -1.0653143821435303E-17 0.10909930728386083 0.09943332205478933 8.104160663206607E-17 -1.119156988211373E-17 -3.846289509708406E-22 -3.846289509708406E-22 -3.768506212037381E-18 -4.661537574440469E-19
 2.860000 7.103115986037897E-4 0.023501628803311556 -1.1026529710077122E-17 1.7258955845398978E-17 6.2741973999600694E-18 0.0134374257033958 0.1848070444516856 0.21230625501123038 3.966016197525593E-17 -4.452675138866592E-17 7.590998648169186E-17 3.345544387757384E-17 0.018480833188967514 0.01642581534888187 0.10025955455156127 0.11847548517839177 -1.5260206937020353E-16 -6.726660821839201E-17 -3.9843587050481084E-17 -8.61804758891115E-18 0.10909686769975593 0.09942841819220197 -1.209382899053771E-18 -4.695913945697073E-17 -1.1840255088811588E-22 1.3946347120368537E-23 1.2728264506817684E-17 1.7767067213614076E-18
 2.870000 7.200156440795032E-4 0.023522637304133235 2.9989492821387257E-18 -8.88234719257817E-18 -2.0010369502877823E-18 0.01344368635069979 0.18478166150947284 0.21229187426890558 7.29252861982893E-17 -5.833493240405935E-18 2.411653145014013E-17 6.350900011883819E-17 0.018416769669516705 0.016359691813964437 0.10024111979199786 0.11845700943490974 3.654708598037627E-17 -2.910241916410487E-17 2.8056215709245165E-17 8.600779566780867E-18 0.10909445877894113 0.099423547753869 1.8281132815122658E-17 -1.3975711664510178E-16 -4.0912821510567485E-22 -4.0912821510567485E-22 3.0500711329521756E-17 1.9201426158936167E-18
 2.880000 7.29627887596027E-4 0.023543548490077962 9.289994644743121E-19 -1.3786291901890675E-17 -8.436500640081482E-18 0.013449923711061247 0.1847563554250119 0.21227756549950688 4.3351349512554855E-17 -2.7398768623976286E-17 -2.465783562183636E-17 3.448085412682207E-17 0.018352960335278085 0.016293828313866904 0.10022273541497134 0.11843856931047463 -2.0528892887658196E-17 -3.375936350377513E-17 -1.5133541176544997E-17 3.091172896847496E-17 0.10909207997496931 0.09941871066169364 5.12520181916079E-17 2.1584506660407597E-17 -5.266332049668328E-22 -6.5898210297531735E-22 8.487016865106966E-18 6.993781631792524E-18
 2.890000 7.391493662072737E-4 0.023564362252536147 -4.723986789475921E-17 -4.365020519721032E-17 -4.1252584647473856E-18 0.013456137589035964 0.18473112688758128 0.21226332749314117 -3.458699462378698E-17 3.714367481933342E-17 7.057968936918907E-18 -1.6319934486561195E-17 0.01828940403928526 0.016228223679687515 0.10020440076078994 0.11842016478185878 -1.8306715118856717E-16 -6.160562655378968E-17 6.97905021357638E-18 2.923801285931719E-18 0.10908973046524632 0.09941390653753232 7.816565007846572E-17 3.777854797483397E-18 -8.342209523983521E-22 -8.342209523983519E-22 -1.3073449657607879E-17 -1.3021088897525595E-18
 2.900000 7.485810620471276E-4 0.023585078483435443 2.0521931053462075E-17 -7.291329949974657E-19 2.3407152118346784E-18 0.013462327802373384 0.184705976599991 0.21224915915133993 8.298399403769061E-18 4.90023871867509E-17 -2.7866557679770684E-17 -3.6007076166853797E-17 0.018226099647694175 0.01616287675825885 0.10018611512776662 0.11840179575565539 -2.620356713318712E-16 1.890598464568525E-17 -5.161025728717673E-17 1.3693562542706808E-17 0.10908740929458724 0.09940913484746573 -5.0574566147325216E-18 4.6277325440379534E-17 -3.8739766245329205E-22 -5.197465604617765E-22 -1.2242863354605493E-17 -8.56371957387719E-18
 2.910000 7.579239255862939E-4 0.02360569709570049 -2.024937328905671E-17 -2.137890054624857E-18 -6.698007068131368E-19 0.01346849418171525 0.18468090522409197 0.21223505942719934 4.019881425011298E-17 5.549483035379497E-17 -2.419528402944044E-18 1.8962336621723636E-17 0.018163046031194566 0.016097786403233123 0.10016787782285809 0.11838346211830714 -1.2246877589182093E-16 3.9838560269409814E-17 1.0243859461448214E-17 -3.350270691500247E-18 0.10908511550492148 0.0994043950316058 -5.029118639821081E-17 -5.174453388440912E-17 -3.417230597469321E-22 -2.093741617384478E-22 6.452966681686269E-18 1.277482422583562E-18
 2.920000 7.671788929844683E-4 0.023626218038052354 -2.969220274645804E-17 6.5784041533817E-18 5.094366479462602E-18 0.013474636570271531 0.18465591334359524 0.21222102728350367 1.3434104894900015E-18 5.3228391951965006E-18 1.2053477393229654E-17 2.0466556503045458E-17 0.018100242059261053 0.01603295146908903 0.10014968820002793 0.11836516377483794 -7.81199723014584E-17 -2.2046662278618413E-17 1.4378574332115398E-17 4.689022726232845E-18 0.10908284823201281 0.09939968660162626 4.890309866275313E-17 -4.9919264122989955E-17 -4.752552259855656E-22 -4.752552259855657E-22 -3.087207718001405E-17 5.051545252389256E-18
 2.930000 7.763468964408948E-4 0.023646641303027287 -4.3838764030117964E-17 6.165113857631222E-18 2.4772144789274368E-18 0.013480754823452503 0.18463100144581399 0.21220706166993147 -2.6968709233750984E-17 1.5119937342858937E-17 -3.626356864244473E-18 7.037889581790812E-17 0.0180376865973643 0.015968370808110935 0.10013154568299822 0.11834690067260102 -2.074974554149089E-16 1.1482327044954454E-17 4.390695070391124E-17 2.4091137166533182E-17 0.10908060676198221 0.09939500919788846 -1.0764755538267699E-17 6.6820992786427414E-18 1.281953299449111E-22 -4.153568063573346E-24 1.8597332593743203E-17 -5.068013824391982E-19
 2.940000 7.854288679256477E-4 0.023666966928567207 -4.492800313687731E-17 2.0823953589921697E-17 1.1448338508930616E-18 0.013486848808423733 0.18460616992019271 0.21219316151760667 3.139783504451429E-17 5.85454432966654E-17 -6.583835132264767E-17 5.04113850815499E-17 0.017975378506739664 0.015904043270000296 0.10011344977261302 0.11832867281026242 3.790721257524159E-17 -8.93052105557753E-17 2.860957845099905E-17 -7.842699181354116E-18 0.10907839054876774 0.09939036260794064 1.4389025216649756E-17 -3.1286777821773966E-17 -1.6043648840535132E-22 -2.808759039686692E-23 -3.346146294605557E-17 4.71715033608211E-18
 2.950000 7.944257376980731E-4 0.023687194994571337 -3.8041085985222695E-17 -2.0629126405963803E-17 -5.16887000189959E-18 0.01349291840362375 0.1845814190692753 0.21217932574632548 4.136963587894771E-17 -7.352626158678071E-18 -8.129101870651359E-18 7.65612124062409E-18 0.017913316645990333 0.015839967703336014 0.10009540004171141 0.11831048023451042 -1.669019964460953E-17 -1.3189497853041549E-17 5.246033055902487E-17 -5.206948872336024E-18 0.10907619920055676 0.09938574675388219 5.5356599365293335E-17 1.3689665515396714E-16 -3.377719546086211E-23 -1.6612609346934658E-22 -2.3769569771031396E-17 2.375225601110505E-18
 2.960000 8.033384295124064E-4 0.02370732561625801 -8.77142163541115E-18 -1.3853659558327362E-19 -6.4477364894668826E-18 0.013498963498240552 0.18455674912683107 0.21216555327932946 1.8953272024220055E-17 -1.5028061821834684E-17 1.5993672341022538E-17 -2.0306097874664104E-17 0.017851499873689888 0.01577614295808812 0.1000773961216915 0.11829232302858515 9.86198492283695E-17 -2.811127335370639E-17 -9.696533614818243E-19 2.791453610513151E-17 0.10907403244592943 0.09938116165963205 2.7626567276633533E-17 5.442161679216269E-17 8.596170379615064E-23 8.596170379615061E-23 -5.992061297154036E-18 3.9169863056109084E-18
 2.970000 8.121678544378161E-4 0.023727358936230212 -2.9374074848229254E-17 -2.9843955061761096E-17 3.827414285196133E-18 0.01350498399167419 0.18453216027810831 0.21215184306041024 -6.86808641235857E-17 -5.914220888412977E-17 4.3211384351824956E-17 -5.025130662995294E-17 0.017789927051225837 0.01571256788837123 0.10005943768526865 0.1182742012968198 -7.980696273733157E-17 1.0467421736774894E-16 -3.8229771966555195E-17 2.2767127514430575E-17 0.10907189009117217 0.09937660740929422 4.969923374673997E-17 4.937189606278562E-17 -5.121515164978843E-22 -5.121515164978843E-22 -1.398857098368527E-17 -1.954695092334919E-20
 2.980000 8.209149049062023E-4 0.023747295116826727 6.152707255796795E-17 -1.1102896698910563E-17 2.8772327136176723E-19 0.013510979793011732 0.18450765267835817 0.21213819406944398 4.049045333410832E-17 4.1280467819939394E-17 1.4994141465213825E-18 2.3009321119939947E-17 0.01772859704530505 0.01564924135489113 0.10004152442931032 0.11825611514905292 -1.4999497201510526E-16 1.4392446168093397E-16 4.885299758343128E-17 -1.7684333432660577E-18 0.10906977197842228 0.09937208410633731 3.158164067049611E-17 9.962996311130806E-17 -4.689893740908219E-22 -6.013382720993063E-22 -1.6651502971023205E-17 -5.626393095460211E-19
 2.990000 8.29580450087497E-4 0.023767134333858176 -4.4179560789308445E-17 -6.397251648197652E-18 4.889289141259163E-18 0.013516950820527653 0.18448322646694396 0.21212460533366045 -1.2936391405716228E-17 9.435471888306386E-17 5.91439500012839E-17 1.6912513271424926E-17 0.01766750872975489 0.015586162226664474 0.10002365606050637 0.11823806468754493 -1.3020458304367864E-16 1.0747436697842775E-16 1.4348428082261033E-19 -4.058740032164342E-18 0.10906767795143958 0.09936759184027902 -1.2250014606537103E-17 1.424953831701516E-17 4.5967695082570313E-23 4.5967695082570313E-23 6.310800274983378E-18 1.3766607424923823E-18
 3.000000 8.381653331558271E-4 0.023786876772274815 -2.0761433285509545E-17 -1.158412944548048E-17 5.40571366547496E-18 0.013522897001226592 0.18445888177617678 0.21211107593366338 -4.105686173839798E-17 2.986627554562921E-17 -3.0217797623512177E-17 -5.177508442571202E-18 0.017606660986499517 0.015523329381924321 0.10000583228542652 0.11822004999800428 7.424262872356285E-17 5.267357162886411E-17 -6.058284620586693E-17 -3.115656813576787E-17 0.10906560783263511 0.09936313066451608 -1.7224847708414113E-17 -5.580367006896526E-17 -2.7640137883943617E-22 -4.0875027684792046E-22 -5.5151663635282774E-18 9.439465202525934E-19
 3.010000 8.466703705282014E-4 0.02380652262383299 -1.0646344489559641E-17 2.0458295041681268E-17 -2.066735488676681E-18 0.013528818270416802 0.18443461873483477 0.21209760500432226 2.828390981278273E-17 2.0972685618612888E-17 -4.9502187795842213E-17 -4.7735619112107976E-18 0.017546052705750777 0.015460741708238938 0.09998805280529219 0.1182020711451067 1.6547182178819793E-16 7.302343865741907E-17 -1.828847707071721E-17 -3.1671458962106413E-18 0.10906356141191897 0.09935870058600804 -6.541933788663743E-17 -3.654187693432782E-17 -4.273318971486941E-22 -4.273318971486942E-22 6.231641229507741E-18 -8.89500154805077E-19
 3.020000 8.550963527661343E-4 0.023826072086489004 7.857068198793315E-18 -3.49175281003207E-18 5.217159016780193E-18 0.013534714571334424 0.1844104374675296 0.2120841917314429 1.5322490745890225E-17 -2.196653404887356E-17 6.787265913260361E-17 -1.951574044358883E-17 0.017485682785596122 0.015398398102007122 0.09997031731495082 0.11818412817199109 -1.2442270909511256E-16 -2.1770380283718003E-17 -4.541086200577789E-17 -3.562029714289024E-17 0.1090615384459906 0.09935430156514176 1.528706315706884E-17 -1.426042686062346E-17 -3.388516221778569E-22 -7.415382616088798E-23 -1.2905177341236087E-17 1.1836625140586792E-19
 3.030000 8.553104966233074E-4 0.023824301473947623 -4.625576598409381E-17 1.2865097587981755E-17 -2.7536756862441335E-18 0.013543419936958442 0.18457168617024755 0.2121558002988462 1.417686272069214E-17 -4.0402432431038994E-17 -1.5031482305453092E-16 7.466548210963823E-18 0.017462136700981037 0.015369350021225137 0.09993419107730545 0.11824572475657809 -1.4941097175784382E-16 5.2715817772592523E-17 1.699198064622298E-17 3.398534382112394E-17 0.10909676349545629 0.09927904085065546 6.790575083342027E-17 1.570324488135718E-16 -2.537947563824726E-22 -2.537947563824726E-22 2.576504052255165E-17 2.6375032391530004E-18
 3.040000 8.707855997856945E-4 0.02384607482773976 -1.2738631021761826E-17 -2.899683441475772E-17 -7.72173240392896E-18 0.01354935749970817 0.18450656483115951 0.21213262662347054 -2.781214909468998E-17 -7.412881200450641E-18 -2.3906626583193535E-17 -2.531522352541433E-17 0.017394725185219506 0.015304463103079919 0.09993320058536294 0.11821630639532048 2.4395195566067174E-16 5.4420225136564107E-17 -2.887132680485647E-17 4.5219630082564034E-17 0.10908574094052764 0.09932139880388421 1.0622995739567545E-17 6.3550450250529744E-18 -4.247032566757664E-22 -4.247032566757663E-22 -4.321758834291174E-18 5.931747842027601E-18
 3.050000 8.860065348924254E-4 0.023868503312920647 -3.3155019909193083E-17 2.885329628740638E-17 -2.1815534238915708E-19 0.013554981338749586 0.18444846104375223 0.21210711974936292 -2.270464685839021E-18 6.968298958940959E-17 1.529539261809046E-17 5.0938349463452906E-17 0.017328765544901575 0.01523987368655824 0.09992919678864116 0.11819511181385593 1.5708495588382852E-16 -9.967039178082744E-17 -8.402000809261693E-17 -1.6891041369830476E-17 0.10908546409236043 0.099360662801325 -3.2436942314702686E-17 -2.6526778788730553E-17 -1.9860488849781887E-22 -3.3095378650630323E-22 -1.1603969931145105E-17 9.625741460476448E-18
 3.060000 9.000282681968328E-4 0.023890508873601245 -3.138032757565843E-17 1.8935754559515943E-17 -2.186505780204654E-18 0.013560564846824743 0.18440002726589938 0.2120812246332796 3.085778007955378E-17 -5.301704427439195E-18 2.549656854524599E-18 6.853317119182931E-17 0.017264706550847025 0.015175772537684427 0.09992360043609218 0.11817565675476176 -8.968419629084599E-17 -6.783277434506068E-18 -6.206646864351936E-17 1.6293985211065062E-17 0.10909185097381435 0.09938861146057229 -3.487350488186846E-17 -5.808421579827044E-17 -1.9885059906721369E-22 -3.31199497075698E-22 -1.6156324882946763E-17 5.882702025429757E-18
 3.070000 9.123588557595588E-4 0.023911406482335754 -2.6634354695839372E-17 3.481936365353336E-17 5.760162593355571E-18 0.013566178584476911 0.184361187858537 0.2120570222342754 2.071594423304048E-17 5.122563025981914E-19 1.6759188505638293E-16 2.2475088604502597E-17 0.01720251753645707 0.01511239324074235 0.09991612035276168 0.11815482052276527 -1.878750736535219E-16 -1.3806810706528653E-16 -4.195728151181035E-17 -2.3768958584827772E-17 0.10909949402152898 0.09940286827277968 3.008332493416817E-17 1.0592435833520236E-16 -5.428511619844088E-22 -5.428511619844089E-22 1.5948942802655945E-17 4.399696059558219E-19
 3.080000 9.228741157244841E-4 0.023930930402169887 -7.492961135348459E-17 1.6481299925035576E-17 3.899466449581657E-18 0.013571781674726273 0.18433043672288998 0.21203597815050404 -8.401263799242846E-19 -1.026898627560969E-17 1.2462108590686184E-16 2.4162498552040065E-17 0.01714192656477533 0.015049903906405178 0.09990574026106763 0.11813206292542366 -2.8319343367310805E-19 -1.0823982156915639E-16 4.5774096411192994E-17 -9.011242243440802E-19 0.10910404417699426 0.09940468857973773 6.99641827189537E-17 -4.0250102424025294E-17 -3.327445285659397E-22 -4.650934265744241E-22 1.3339428909215782E-17 -2.0780130931832305E-18
 3.090000 9.317394051569609E-4 0.023949153145892518 4.6848256780639416E-17 2.2279408079945717E-17 2.0511904843789597E-18 0.013577310306316632 0.1843057091669463 0.21201863433206236 1.7753404179728585E-17 -1.9074381613643924E-19 -5.764275578261325E-17 -5.351632741246509E-17 0.017082575643060066 0.014988349088564003 0.09989172964226081 0.11810812203832655 1.0188205940792712E-16 5.243266892843439E-17 -2.1246729034393318E-17 2.2226083387571393E-17 0.10910325799886172 0.09939708799937567 -4.242434453125937E-17 7.969801618377438E-17 -5.131557939491687E-22 -5.131557939491687E-22 -4.935383682201773E-18 -3.2192796662761793E-18
 3.100000 9.39314763757637E-4 0.02396636101838377 -3.0500011962484613E-17 3.3623791090004784E-17 -5.142116110263732E-18 0.013582724088847219 0.1842849462772981 0.21200468035304806 -7.834773271141402E-18 3.0957156417296803E-17 1.025414543849097E-18 2.9292757912402528E-18 0.0170241175686216 0.0149276529611339 0.09987412405163464 0.11808404968093662 7.338117278190084E-17 -1.0366923526915004E-16 -1.4178292543104632E-17 4.622364939414561E-18 0.10909702708030877 0.09938354619646114 2.967522451891226E-17 4.943442998818096E-17 -8.78908988337329E-22 -7.465600903288445E-22 -9.29830906988499E-18 -4.8794540946417854E-18
 3.110000 9.460529260262705E-4 0.02398292955035315 -1.632532467101422E-17 1.3477667784808309E-17 7.980503885814658E-18 0.013588016671373854 0.1842664011012563 0.2119932456477834 -1.5043975879741354E-18 8.40917413969717E-17 1.6578766803891754E-17 5.1782815688893954E-17 0.016966265128321462 0.014867660555860427 0.0998537074259105 0.11806070218504398 -1.7072153300580002E-16 -1.4426836383706547E-16 -3.1590424854288624E-17 7.780006707170091E-18 0.10908678147565995 0.09936725192248462 9.011635078179739E-18 6.810754686722763E-17 -3.3673870350575957E-22 -3.367387035057596E-22 -9.05334823321097E-18 5.0283788634303675E-18
 3.120000 9.524058863523491E-4 0.02399922361797487 4.598377070935061E-17 1.4218077776019896E-17 2.239337094741728E-18 0.013593206362861775 0.18424876028387321 0.2119832518352559 -5.842178122847683E-17 -1.749826950699017E-17 -2.4271919264296903E-17 1.2173100112964739E-17 0.01690880740448132 0.014808190578821854 0.09983170501098208 0.11803858052362505 -1.965782818194104E-16 -4.7879252178845734E-17 3.916238275127618E-17 1.7013583268961584E-17 0.10907466965960771 0.09935074414909065 -2.771963858407558E-17 7.780128993582509E-18 -3.489722399889159E-22 -3.489722399889159E-22 -3.1725787622664758E-18 4.934356809338112E-18
 3.130000 9.587535316368559E-4 0.024015532257079437 4.641226814016396E-18 3.616912979126264E-17 -4.21176784810874E-19 0.013598320817553706 0.18423115324151879 0.2119737093792255 -5.954204586431237E-19 -7.43155153168048E-18 4.3900743869326586E-17 1.0500112342268308E-17 0.016851607211011907 0.014749080354083458 0.09980940436705626 0.11801786428631264 -2.6250922090155485E-16 -1.6191352521237088E-16 5.77777065790749E-17 1.039840568165328E-17 0.10906281869663792 0.09933579891707199 -9.671820927310489E-18 1.0074762246155027E-16 -2.849419826858039E-22 -2.849419826858039E-22 2.1772100809128312E-17 -4.347109130268083E-18
 3.140000 9.653617558035844E-4 0.024032037997734467 -1.608592529123819E-17 -4.386486681776195E-18 4.1269878402412504E-19 0.01360338446024005 0.18421310202032914 0.21196390156498274 5.2483720613717795E-18 -1.6106490778424434E-17 -5.0410927159884323E-17 1.5697273785990456E-17 0.016794589732711196 0.014690213225932289 0.09978785418366713 0.11799851339265133 1.6925779313412886E-16 6.028628657824715E-17 -3.0174266838932565E-18 3.7012667338669616E-17 0.10905283788439996 0.09932345246677854 3.7435697761355235E-17 5.783408229529327E-17 -3.745081034266472E-22 -3.7450810342664725E-22 -4.488705685585361E-17 5.1024915833546115E-18
 3.150000 9.723704579497144E-4 0.02404881461822873 -3.1270209778409194E-17 3.611291567233194E-17 -4.484326320428627E-18 0.013608411939669472 0.18419444419557354 0.211953449060792 2.11051520739195E-17 8.150820402126075E-18 1.775321234234503E-17 -4.885960235313724E-18 0.016737728200963777 0.014631527193597445 0.09976770562038961 0.11798036514073344 9.759642363174589E-17 -8.311705851167776E-17 6.040243943406682E-17 -6.581524476773789E-17 0.10904560323790088 0.09931409671530432 2.1176894452636585E-17 -9.322239826562803E-18 -6.329923329790603E-23 -6.329923329790603E-23 1.247978310704873E-17 7.460997299859902E-19
 3.160000 9.79806100065415E-4 0.024065844607018938 2.955246525195042E-17 4.3290685879264614E-17 -3.4046719829749803E-19 0.013613407210220795 0.1841752463700478 0.21194228031758133 -1.66626724323323E-17 4.8178659656639874E-17 -8.679248897995167E-18 -1.602335928801194E-17 0.016681029414410166 0.014573008891540118 0.09974919303528025 0.11796320085899542 9.127917685345803E-17 4.285163659596703E-17 5.78831633861449E-17 -1.7110301226005646E-17 0.10904127617232821 0.0993076140659574 1.150723800735875E-17 -5.155685491342699E-17 -2.617890204265822E-22 -2.617890204265822E-22 -1.2770355598738283E-17 3.3518152117478312E-18
 3.170000 9.876102009432062E-4 0.024083047313986715 4.478297808622807E-17 9.038350150975517E-18 2.031824194147455E-18 0.013618366145743634 0.18415571813308215 0.2119305461769415 -1.1055561245042677E-17 6.446490262108412E-18 -1.0853926754423241E-16 2.012085243691559E-18 0.01662452033386064 0.014514679162801006 0.09973221285718765 0.11794678418107564 -1.2039881086138075E-16 9.357114709739738E-17 -1.9701270517286446E-17 1.809665542216214E-17 0.10903947137333228 0.0993035324898958 -1.0415148437826451E-17 -1.2652116018225476E-17 -2.1195671663022476E-22 -2.119567166302248E-22 1.6852468879233913E-17 -6.0782853589259856E-18
 3.180000 9.956744181338832E-4 0.024100309912815466 4.1679152644174405E-18 3.281896117303295E-17 -2.7753939696964743E-18 0.01362328041095009 0.18413613342148102 0.21191851589923366 -1.8278861242530757E-17 -8.12923550207464E-18 7.162214290450486E-17 -2.8289195104795114E-17 0.01656823641543713 0.01445657620744845 0.09971644876874736 0.11793088275161323 4.280144013566633E-17 9.967862354298013E-17 4.672898579351481E-17 -8.362969745084036E-19 0.10903948622222796 0.09930118478751725 -5.67733380025021E-17 -5.158985701082846E-18 -5.330126657933313E-22 -5.330126657933313E-22 9.609064345973693E-18 -2.3600886226793078E-18
 3.190000 0.0010038741832154282 0.024117515226439897 1.0900712433695477E-18 4.2415896776529143E-17 6.330944543780721E-18 0.013628140949791782 0.1841167651229123 0.21190648257374534 -3.6499300625140175E-17 2.8562534720484575E-17 4.1429814414515964E-17 1.4103254063088758E-17 0.016512212224911015 0.014398740696411014 0.09970149910089281 0.11791528366517355 4.367257740453516E-17 3.658069119584613E-17 6.319357988582992E-18 2.1984024064733778E-17 0.10904052273546373 0.09929985540390229 -1.6981430568348153E-17 7.024213647447585E-18 -3.6441978120989616E-22 -4.967686792183805E-22 8.358389310079895E-19 2.7534809451240036E-20
 3.200000 0.0010120953576961834 0.024134562691804546 9.982825974279784E-18 -1.690432016724419E-17 -2.593597904453002E-18 0.013632940295057829 0.18409783744481362 0.21189469398510163 -6.505331582778621E-17 -1.7013016676638658E-17 4.851948107874192E-17 -6.190815027506471E-18 0.016456474785372297 0.014341205256271018 0.09968697826527398 0.11789980725525734 -2.4800185355393194E-17 3.7137029918750547E-17 -2.919999994098152E-18 -1.0778389341680412E-17 0.10904185953951612 0.09929889927889754 4.964331648956153E-17 2.8041336416330246E-19 2.5797271083434123E-23 1.5814616909191856E-22 1.336372821524732E-18 -6.149858447076643E-18
 3.210000 0.0010202512160666251 0.024151380885553752 -2.392474536119177E-17 -6.756808576008007E-18 -8.974577843590402E-20 0.013637673593378906 0.18407949832867723 0.21188331419528839 -5.0191375484614055E-18 -2.5120594795340388E-17 -1.7701238963824362E-17 1.3199762057255792E-17 0.016401039876964327 0.014283988973039653 0.0996725804402584 0.11788431885098273 -1.4914977432965905E-16 8.165899277296428E-18 -3.512763092306375E-18 -1.6820350193752996E-17 0.10904295669980507 0.09929782172916411 7.483521089826108E-20 2.0946881731239247E-17 -3.134487152090099E-22 -3.134487152090099E-22 1.711655065220114E-18 2.5732183924442373E-19
 3.220000 0.0010282895805674495 0.02416793182951959 1.0181136122266075E-17 -2.8865620050124784E-17 -2.8282035763236187E-18 0.013642338639377067 0.18406181132501886 0.21187241323055192 6.0198954854575446E-18 -5.359125641262364E-17 1.0729978506395665E-16 1.0882357735017188E-17 0.016345911149827936 0.01422709632888215 0.09965810626355188 0.11786873585339004 1.6808054862473058E-16 9.13310254241162E-17 1.2664386330237649E-17 -2.3968672839262402E-17 0.1090434953892201 0.09929631542384305 -9.383956992038183E-17 3.07805579054147E-18 9.312337097654612E-23 -3.9225527031938245E-23 -1.2693354203611249E-17 8.138365899509264E-18
 3.230000 0.0010361917427371776 0.0241842085773694 -2.3749906035237086E-17 -2.329464883442188E-18 -8.12446755397795E-18 0.013646935342129926 0.1840447636119811 0.211861977779475 5.345586716506158E-17 -2.4237775556124635E-17 5.0072786965780286E-17 -5.24048611342876E-19 0.016291081541585095 0.01417051932653537 0.0996434606158524 0.11785302785991873 1.2532681398373196E-16 -1.3182366582035207E-17 6.2392368989532516E-18 -5.5471199593106406E-18 0.10904336600979886 0.09929425804196783 -2.2636663487273252E-17 2.3788817470283213E-17 2.7102565440726567E-22 1.386767563987812E-22 -1.472700950325648E-17 4.779351959778505E-18
 3.240000 0.0010439657840191395 0.024200228288530135 4.6717862161331944E-17 -4.5241977772177675E-17 -9.292708588659987E-19 0.013651464998671618 0.18402828494777454 0.2118519342741644 2.225471738498841E-17 3.882417295496341E-18 4.733967760719655E-17 6.516504945620095E-18 0.016236536224851026 0.014114241378003803 0.09962863225859117 0.11783720942645372 2.5663983077576423E-16 -2.0647670845898566E-17 -3.365392086780374E-18 3.35843290487302E-17 0.10904262321839867 0.09929168014352507 1.8670353841358004E-17 3.554805910512146E-17 2.7007875097962353E-22 2.7007875097962353E-22 -2.931177348790006E-17 -2.0461812513416697E-18
 3.250000 0.0010516371254470555 0.024216023157030607 7.319910124328408E-18 2.90055856933819E-17 -6.2236683587198454E-18 0.013655929622602404 0.1840122716634212 0.21184217631134603 4.488207132541416E-17 4.455351016539962E-17 -6.3022548196035235E-18 -7.35263556709845E-17 0.01618225621509339 0.014058241685584 0.09961366552067759 0.11782132710643538 2.0550585374327693E-17 -1.4566993821267143E-17 -8.33673456275741E-18 -2.5006777847597158E-17 0.10904142609618427 0.0992887159207308 -2.6045050052430432E-18 1.0594410346208943E-16 -2.148393996560821E-22 -2.148393996560821E-22 -2.352265271600411E-17 -1.427259643383502E-18
 3.260000 0.0010592387862132344 0.0242316312908754 1.2566591548452198E-17 4.16614064605132E-17 6.454856953769838E-18 0.013660331444921495 0.18399661030906805 0.2118325901857192 5.327728241428862E-18 -2.0892047344391332E-17 -3.615117086876933E-17 -2.701959313878419E-17 0.01612822184903625 0.01400249917140435 0.09959863191528287 0.11780544374758725 -4.4296740444617545E-17 1.4087200383462532E-16 -3.1172681980678957E-17 -2.0831922817657958E-17 0.10903997838443334 0.09928554959316614 3.832065364718942E-17 3.2654339174877864E-17 2.8827295872110735E-22 1.5592406071262293E-22 1.8421147999309557E-18 -2.707647800797448E-18
 3.270000 0.001066803148149333 0.024247089086393905 5.369803519068244E-18 4.3647996835020586E-17 1.0304908627070567E-18 0.013664672607300494 0.18398119694337253 0.2118230746000925 -2.898739955469913E-17 3.6178022000640103E-17 -6.831318333335445E-17 2.7774327433131513E-18 0.016074415553528232 0.013946995393762799 0.09958360670143865 0.11778962332512162 -2.553535427119724E-16 1.684914866110721E-17 -3.8660672181942504E-17 2.1365514208593736E-17 0.10903847897602274 0.09928236787156783 2.8678064044609154E-17 1.7309776945499816E-17 -1.2699031525782067E-23 -1.2699031525782067E-23 -1.6857390554637246E-19 -3.350252544151591E-18
 3.280000 0.0010743562291485207 0.02426242597544239 -2.0036687454725978E-17 -1.1398390176322323E-17 -8.396460013200855E-18 0.013668955014449903 0.1839659498402258 0.2118135528363905 -2.07070944273475E-17 7.799053385055694E-17 -8.136850528554177E-17 -2.2990956985397083E-17 0.0160208235949066 0.013891716240330526 0.09956865274969987 0.11777391897329097 -7.545324964610627E-17 3.525960573805566E-17 1.1391988669686482E-17 -9.375535308441228E-18 0.1090370879685774 0.09927932517847829 7.219336632411122E-17 3.868022169680018E-17 -2.553718619937992E-23 -1.578860842078644E-22 7.435298344665859E-18 -2.668460583188306E-18
 3.290000 0.0010819147356354141 0.02427766178452295 2.3225604812597565E-17 -7.767770526725612E-18 1.3341181997026636E-17 0.01367318029446969 0.18395081513641506 0.2118039774778942 3.191948008042762E-17 5.2160872633140816E-17 1.2941615034423561E-17 3.2770309735630715E-18 0.015967436761538126 0.013836652461806908 0.09955381200769896 0.11775836572576233 -5.320598446610449E-16 7.362243056386452E-18 -4.9485194706467916E-18 -3.134434302228012E-17 0.10903590937908925 0.09927652427122832 -1.1171422360453531E-17 4.6320126144551375E-17 1.8975697180402514E-22 1.8975697180402514E-22 -5.373079144774803E-19 -6.939722377800974E-18
 3.300000 0.0010894856013476104 0.02429280643617852 3.413666667249797E-17 -2.3240506526380448E-17 5.777838796144207E-19 0.013677349820109342 0.1839357663269718 0.21179432900893744 -2.1051850648115385E-17 -8.565145585749268E-18 -1.0111494452881597E-16 6.69840555230353E-17 0.015914250137001085 0.01378179928691023 0.09953910349818607 0.1177429782196165 2.9854136251832673E-16 -2.3629971654474054E-17 -3.917801600266091E-18 -3.035873615011706E-17 0.10903498852830984 0.0992740114423578 9.199024923761306E-19 6.621409932344997E-17 -2.411076296594586E-22 -2.411076296594586E-22 -5.4531375974054285E-18 1.156653458614599E-18
 3.310000 0.001097067373261389 0.024307861397533104 4.852743782912799E-18 2.818206959850976E-17 -2.254688315034789E-20 0.013681464756828132 0.18392079936409303 0.2117846102631167 7.927727081606085E-18 -9.032811704131185E-18 4.85519019454458E-17 1.4733463992204547E-18 0.015861262243232734 0.013727155442994125 0.09952452606700414 0.11772775259176987 2.942789197074272E-16 -1.4816922953976052E-16 3.25172467800334E-17 5.188411467698187E-17 0.10903432026008589 0.09927178309035765 3.1475650028885978E-18 5.612113439638602E-17 -3.2100747839430737E-22 -3.2100747839430737E-22 -2.9879878309910705E-17 1.2101642437967636E-18
 3.320000 0.0011046526710044315 0.024322822146027382 -1.7542703631850007E-17 -1.5993977406679697E-17 -1.700859764457624E-19 0.013685526117127268 0.18390592541487336 0.21177483882048612 9.563546909453462E-18 8.668956566272459E-17 -6.083460025129348E-17 -2.7471158477933223E-17 0.015808473870592237 0.013672721911850233 0.09951006390423622 0.11771267118052457 2.1497533944809905E-16 -5.2621439160394876E-17 -2.1958190883175598E-17 -2.4744803162246607E-17 0.10903386347984498 0.09926979931430294 1.5856026330192507E-17 -4.584034910713292E-17 -3.3307608170262717E-22 -2.0072718369414274E-22 -2.079718856650628E-17 1.1347886541952634E-18
 3.330000 0.0011122309840936814 0.02433768094983692 -5.498016290872182E-17 3.6149803814190676E-17 -4.890994158525017E-18 0.013689534810731976 0.18389116317846402 0.21176503919964376 -4.061848622930563E-17 3.3970352995452368E-18 -4.8172430763832175E-17 1.1426494818611776E-17 0.01575588688116461 0.013618500700071357 0.09949569303688072 0.11769770846620373 -6.247716463690841E-17 5.2442361475969584E-17 4.634971743077327E-17 9.946660736406951E-18 0.10903355774442479 0.0992680001542185 9.72072090673312E-18 8.53684358417757E-17 -2.4569239075756363E-22 -2.4569239075756363E-22 -8.620391726339504E-18 1.308510196610943E-17
 3.340000 0.0011197912250040163 0.02435242940139863 -1.0509741553569973E-16 -1.4045831492783037E-17 3.7717730365856866E-18 0.013693491686299594 0.18387653221023015 0.2117552362024896 -1.4667078811565354E-17 -2.927420266521731E-17 3.798234083105763E-17 -2.2720907523050117E-17 0.01570350319738101 0.013564493821593597 0.09948138739020174 0.11768283686230575 5.693890687747207E-17 -3.340097782980383E-17 -8.276712864609049E-18 -7.63540944955008E-18 0.10903333851080968 0.0992663208655586 3.299160352545272E-17 1.7165264218944096E-18 -4.622024470178399E-22 -4.622024470178399E-22 2.958353883819083E-17 4.84784576556122E-18
 3.350000 0.0011273236654199678 0.02436706034106872 1.9637941682059908E-17 -1.6036173298403127E-17 6.79387093280711E-18 0.013697397563295133 0.18386204811694415 0.21174545019480642 9.341513041931603E-18 -8.42917532906052E-17 1.1504374115287329E-17 1.984430325350481E-17 0.015651324096423568 0.013510702599133126 0.09946712350999316 0.1176680313667074 -1.482992220694286E-16 2.921528476474574E-17 2.6202847578379036E-17 1.1473294460021171E-17 0.10903314883653903 0.09926470381219898 4.075680859063941E-17 3.605462631720252E-17 -3.227422804448551E-22 -5.804448442788622E-23 2.573517583740126E-17 -1.3838978235351144E-18
 3.360000 0.0011348210961393123 0.024381569013890988 1.3288554191977133E-18 -3.870904487078537E-17 3.3741102697563855E-18 0.013701253254037881 0.1838477199155041 0.21173569456087593 1.5529371414406972E-17 8.300927737344923E-17 -1.1228005731759752E-16 -1.1635963231976382E-17 0.015599349843505007 0.013457127308082377 0.09945288352838266 0.11765327255812465 2.7124636610666736E-16 1.0270351108439982E-16 3.333314562246357E-17 9.778721148337962E-18 0.10903294654367714 0.0992631058449611 3.8626085091311674E-17 -9.586494364068566E-17 1.2422753999115311E-22 1.242275399911531E-22 -9.158522708936177E-18 8.431275032338011E-18
 3.370000 0.001142279230627399 0.024395953477973714 -1.5757497854883761E-18 3.46475363006868E-17 -2.07981763448755E-18 0.013705059576471114 0.18383354938765165 0.2117259751387366 6.431028685169455E-18 -9.773641805920113E-17 1.186309721861325E-16 1.8319365495780425E-17 0.015547579628688985 0.013403767122845302 0.09943865636968935 0.11763854786278326 9.07896660498059E-17 2.6548024234295964E-17 -1.4993541397710955E-17 2.4858384335068542E-17 0.10903270690136023 0.09926150114947244 3.170622922480357E-17 -2.3743257233301986E-17 -5.4103717404037415E-22 -4.0868827603188977E-22 -1.2081934651928096E-17 6.873798148076253E-19
 3.380000 0.0011496964968473573 0.02441021440622762 -5.236561492828574E-18 8.062845266577482E-19 4.416057434859036E-18 0.013708817358879794 0.18381953196357315 0.21171629116316873 -3.797751569483982E-18 -9.684861697403233E-17 8.689832834317713E-17 1.277200357964163E-17 0.015496011729196077 0.013350620286207392 0.09942443748856783 0.11762385134500353 -2.6384690564671236E-17 -3.3640879595048366E-17 6.210644045339948E-17 -4.616724115765552E-17 0.10903242162526026 0.09925988034466238 6.07490279013776E-17 5.722007928575556E-17 -9.029753165411219E-23 -2.226464296625966E-22 -5.361670107308904E-18 3.3727530078410984E-18
 3.390000 0.001157073426369687 0.02442435448736252 6.381173257927288E-18 -3.26016296851803E-17 -1.1934804651368182E-18 0.013712527438193348 0.18380565853566866 0.21170663712178817 -1.6467053958379968E-17 7.47791450632486E-17 5.2304594959176854E-17 6.79259491478982E-18 0.01544464380234573 0.013297684407367028 0.09941022759675591 0.1176091824655457 -2.5974243625954143E-16 -7.044109958466588E-17 -1.798738310857412E-17 3.3357912586305936E-18 0.10903209539450197 0.09925824704527995 -2.1588236790203395E-18 1.8106034552200018E-17 -4.730511310864763E-23 -4.730511310864764E-23 6.2100245762418924E-18 7.357019615682292E-18
 3.400000 0.0011644118597822104 0.024438377642749115 -2.0211268710488335E-17 -9.930881421474139E-18 5.962094643816807E-19 0.01371619065394693 0.18379191761411928 0.2116970049426425 -4.5582810023309205E-17 5.966612370542162E-17 -2.048665517132356E-17 -2.946874396138358E-17 0.015393473218894182 0.013244956799292777 0.09939603087715577 0.11759454430770057 -2.1953649793195341E-16 -9.731018674946874E-17 -2.127306779480606E-17 1.143298348823911E-17 0.10903174117276133 0.09925661319746965 -3.607126700728161E-17 -8.921843413396735E-18 -5.675301181198774E-22 -4.35181220111393E-22 3.904219583557882E-18 5.465030285514115E-18
 3.410000 0.0011717141570403104 0.024452288246193016 -7.837803564332013E-19 2.5108514756665896E-17 3.2680733847606103E-18 0.013719807840136041 0.18377829734534312 0.21168738603888906 4.8164647535262376E-17 2.5464287096261414E-17 -1.4665725680494068E-17 3.986351976955804E-17 0.015342497365476514 0.013192434784660468 0.09938185313134902 0.11757994172259532 -1.660945152625421E-16 -7.825049460533433E-17 -4.000779287535675E-18 -6.226687092313211E-18 0.10903137546500472 0.09925499433680955 7.174068464367361E-18 -9.167024527973139E-18 -4.560838244934205E-22 -4.560838244934205E-22 -6.5581925150061205E-18 5.971507732737083E-19
 3.420000 0.0011789825471074762 0.02446609048016122 3.111036626625797E-17 1.3346610685089821E-17 -3.378930158562398E-18 0.013723379816922466 0.18376478707588426 0.21167777289533196 -1.4091444170046504E-17 2.4735646614954974E-17 1.4452272810313224E-16 2.1925467140358867E-17 0.015291713870830946 0.013140115925271647 0.09936770019317723 0.11756537973148826 -1.7991378021163357E-16 -1.9742673580967656E-17 -3.719306321620744E-17 4.439648731103401E-17 0.10903101433473383 0.0992534056051513 2.95991339739044E-17 1.3851342203914034E-16 5.333650000897365E-23 5.333650000897365E-23 4.4988013676003316E-18 2.6190943664291465E-18
 3.430000 0.0011783448785454872 0.02448892986091002 2.8228983812516434E-17 -1.4395424021952797E-18 1.9222938980072287E-18 0.013719724539963072 0.18373480773461986 0.21163895057681248 4.467793006675252E-18 2.5066149486812788E-18 3.1934015347536074E-17 1.0011662243892023E-16 0.015230183831516954 0.013076120814707251 0.09927836392887936 0.11759434988824688 -1.2411961274142618E-16 2.0718993022278813E-17 -9.463807396663951E-19 2.658416862842441E-17 0.10903408488113729 0.0992076075057395 -5.5259005782646725E-17 -4.549616022008036E-17 -1.1849718544932163E-22 -1.1849718544932163E-22 -2.99049338787599E-17 -5.262935795952732E-19
 3.440000 0.0011875982623728014 0.024500181404006664 -1.0293891445637078E-17 -4.1368574036939685E-17 -9.313167104171695E-19 0.01372404306628538 0.1837188906831439 0.21163730345727874 5.1008673131894485E-18 1.3184219158400588E-17 2.2936976335937492E-17 -6.187692806272384E-17 0.015179853789691217 0.013025519223907298 0.0992883027073923 0.1175586551915689 -6.201294579776909E-17 1.3050034657152916E-17 -5.046175742940657E-18 -8.527579981287766E-18 0.1090283136662022 0.09921410994752371 4.377392960604396E-17 9.137034196805364E-17 -7.318630836012241E-23 -7.318630836012241E-23 -8.068197525317254E-18 -6.640112892178275E-18
 3.450000 0.0011963445036419942 0.024511735165374905 -4.623720616617815E-17 -4.230857768606678E-18 -7.190948847905524E-19 0.013727837072605366 0.1837045873919169 0.21163323362979655 2.7217801806603818E-17 -3.2724340798540327E-17 -5.778767242883681E-17 -5.126865963807408E-17 0.015129756386519772 0.012974806918077219 0.09929079740646439 0.11752952221625487 8.025751229860921E-17 -1.421041651609948E-16 3.753446998103725E-18 4.8645511270715615E-18 0.10902377160703468 0.09921803150496279 3.654029489074806E-17 -5.774141919356608E-17 -3.043577715582042E-22 -3.043577715582042E-22 4.421438624671496E-18 -2.8960076711499086E-19
 3.460000 0.0012044744962494615 0.024523705139767274 2.3081822235336805E-17 -1.594682761120518E-17 7.513611435831786E-18 0.01373126187938867 0.1836915724578972 0.21162715401628704 -3.735640389157258E-17 3.2124032639514587E-17 6.155941066867965E-17 -3.503327708477356E-17 0.015079896382192 0.012923999648660279 0.09928655236696839 0.11750629485590583 -6.679674046537833E-17 1.1463429964263412E-16 1.825771403885001E-17 -2.187617560192159E-17 0.10902051664667546 0.09921937862781777 -1.0866726213907322E-17 4.1104858406017596E-17 -3.0052633119634387E-22 -1.6817743318785942E-22 -1.505654531543944E-17 -7.910634461721448E-18
 3.470000 0.0012120010584022382 0.02453608887671144 -4.4197317350623226E-17 -1.2793786994815027E-17 6.294109546179659E-18 0.013734457878851677 0.18367939937656558 0.21161960351187026 -5.106210983728423E-19 2.2859147793405698E-17 9.48879565115386E-17 -1.879419210701973E-17 0.01503025320822758 0.01287314635004517 0.09927692899326586 0.11748772521703292 1.4111447497937461E-16 1.3308573784748437E-16 3.2038552956437115E-17 3.920388964662146E-18 0.109018296943873 0.09921858620521011 -8.813597328527748E-17 8.243483956901565E-17 -1.6080706628945048E-22 -1.6080706628945046E-22 6.1269152451969056E-18 -1.2392095421694948E-18
 3.480000 0.0012190002153084178 0.02454883007910381 -3.414051535428632E-17 6.770524741886079E-18 -6.0258819164370436E-18 0.013737527287886209 0.18366765446561237 0.21161104999411215 3.416884450101281E-18 -3.045932621877265E-17 6.959791012031208E-17 6.239411143204267E-17 0.014980797775255433 0.012822297319843344 0.09926332996738274 0.11747254091478546 -6.7681887501179536E-18 -7.236208013056905E-17 -2.4304773156196943E-17 2.0403168544218554E-17 0.1090168020085085 0.09921619646132393 -1.3330722371520967E-17 1.334467318774257E-16 -2.1366312758880215E-22 -8.131422958031768E-23 1.0855557833724096E-17 9.1214669816849E-18
 3.490000 0.001225573933986864 0.02456185017025363 -4.0491211958927266E-17 -5.105316669859981E-18 -2.743388401596285E-18 0.01374053829055349 0.18365601335193424 0.21160185044112434 -2.3096987793355836E-17 -1.4855385590952155E-17 2.104436294005205E-17 -2.863057032828325E-17 0.014931503030261964 0.012771495574658955 0.09924701201826147 0.117459614401723 -9.96230290325898E-17 9.203125784854876E-17 6.135723082512975E-17 2.3965383009093305E-17 0.10901576308345132 0.09921271665054356 -1.001745106227778E-17 3.1102920740267536E-17 7.870697655502542E-23 7.870697655502542E-23 -1.2327759295416958E-18 -7.790309770984671E-19
 3.500000 0.0012318261501935337 0.024575066836846803 2.6122162365383776E-17 -5.372647007615282E-18 -8.157190788801595E-18 0.013743532439252207 0.18364425447401952 0.21159225477311913 -3.541959141129401E-17 -3.320233133247546E-17 -1.8120735477783008E-17 -7.785566022159525E-17 0.014882348838151378 0.012720774853131802 0.09922901046090904 0.11744802651502252 3.7877034892457637E-16 6.1685395487151E-17 -4.410736359097731E-17 -1.2886501061811447E-17 0.10901498399431693 0.09920855671938468 5.843382978743171E-17 -6.357492628167573E-17 1.4601044501362717E-22 -5.251290199909944E-23 -7.080910897703619E-18 -7.333682063584219E-18
 3.510000 0.0012378487441680182 0.024588404451291384 1.9237152652485236E-17 -1.2679362046137846E-17 1.5013572725307638E-18 0.013746531620674322 0.1836322494572482 0.21158242632223184 1.101857081267862E-17 2.3675004371724973E-17 4.061980717075393E-17 -4.528425084562789E-17 0.014833323043959035 0.01267016045115315 0.09921011689291748 0.11743708127288792 9.326132793139393E-17 3.457021838605879E-17 -1.0053923296282876E-17 1.202171675164151E-17 0.10901433590587123 0.09920401450062065 3.202583984693731E-17 5.2846396004047856E-17 -2.844993438521342E-22 -2.1832489484789206E-22 1.6096464010331853E-17 5.707840021989963E-18
 3.520000 0.0012437148952900534 0.024601799137820613 1.6766825417135186E-17 4.637618784039221E-17 1.3175195092744018E-17 0.013749543974742122 0.18361994310561244 0.21157246623339981 -1.654960337256578E-17 -2.1177373804342347E-18 -5.413774964286164E-17 7.297128579989063E-17 0.014784420472663781 0.012619671076166045 0.09919088968546004 0.11742629234168618 -9.611922241660918E-17 9.182327680282108E-17 1.3391326005210185E-17 -3.3873269274181076E-18 0.1090137382840206 0.09919928658780147 -6.942159388180557E-17 -7.440899051229589E-17 -8.455153368309774E-23 -8.455153368309776E-23 -1.9176719548011214E-17 -1.3026591655008688E-18
 3.530000 0.0012494775857449247 0.024615200418986252 -3.033813531695018E-17 -1.5502476130693323E-18 -6.967168469984841E-19 0.013752568719831501 0.18360733128488366 0.21156243502117383 2.20485109157101E-17 -4.1338594069910896E-17 4.519761313939709E-17 -1.715189629577213E-17 0.014735641133550616 0.012569320703590679 0.09917168481670695 0.11741535306348255 -1.2800418883583716E-16 6.025750060320726E-17 -3.730458412259823E-17 -1.3930252892481806E-17 0.10901313964036162 0.09919448967081412 -1.0785881190279496E-19 3.299348396981277E-17 1.0276212697769627E-22 1.0276212697769627E-22 2.908938872478387E-17 -3.0135288550093777E-18
 3.540000 0.0012551713619188894 0.0246285708104465 3.280443359274558E-17 -8.958755827637584E-18 -2.243627414454527E-18 0.013755599944650834 0.1835944412533993 0.2115523685745192 -4.866983778818922E-17 -2.807640613732901E-17 2.7999511026938406E-17 -3.2835988825795237E-17 0.01468698837795094 0.012519119988939575 0.09915269729242118 0.11740409870261298 -1.2629671541267173E-16 1.994222420793102E-17 4.517904437915067E-17 -3.1920120794618887E-17 0.1090125041062377 0.09918968326858978 -3.635354550482556E-17 -1.6484560885264044E-17 -1.841020818546504E-23 -1.841020818546504E-23 -2.0584164844974875E-17 4.124602100589954E-18
 3.550000 0.0012608158271373686 0.024641884304054118 -9.76570056392695E-18 3.773102431686052E-18 4.033336173305478E-18 0.013758629442832659 0.18358131628666033 0.21154228852250667 3.737757109834075E-17 4.174253414556967E-17 7.602761807747829E-17 -3.596681856514745E-17 0.01463846735796833 0.012469077167528328 0.09913400523183764 0.11739246753474719 -7.434566955796049E-17 7.927965379237146E-17 -4.798514389795285E-17 2.0337311379631412E-17 0.10901180468309425 0.09918488953591915 2.4221157429151906E-17 -2.13745544321592E-18 -7.620881124459995E-23 -1.003436224035775E-23 -1.6942305032587365E-17 -5.167478989676405E-18
 3.560000 0.0012664114835534601 0.024655119853227454 -1.6609539692477028E-17 2.551070999982309E-17 7.565329754206536E-18 0.013761649162419154 0.1835674538433254 0.21153222482453454 3.019142505864116E-17 9.177494765848505E-18 6.023500250782776E-17 -9.14080080899635E-17 0.014590103301868856 0.012419205946398908 0.09911559389698062 0.11738050845496761 2.05755401580925E-16 -1.2465495307590045E-17 -5.902549902045282E-17 2.960320599481566E-17 0.10901108001860872 0.09918003346114904 2.743807601985016E-17 -4.262498462448235E-17 2.7577716950810224E-22 2.096027205038601E-22 8.22398639148459E-20 8.611820400786103E-18
 3.570000 0.0012719532580389853 0.02466825971000221 -1.8179133221604947E-17 2.794344639546548E-17 1.3673780558577418E-18 0.013764652713297135 0.18355323086748143 0.21152220200793112 6.588507915683065E-17 -2.6430246100858876E-17 -2.6636424897690632E-17 -3.3244980227776963E-17 0.01454191471328622 0.012369515983208039 0.09909743229820706 0.11736825318911467 1.0108555894688226E-16 2.6940386073617063E-17 -4.033869131579286E-17 1.2517741447697917E-18 0.10901033818446858 0.09917502989251704 4.5329262262230435E-18 4.0465690847499784E-17 1.6295573071745643E-22 9.678128171321423E-23 9.82592808232241E-18 -1.1531031842995437E-18
 3.580000 0.0012774390442650719 0.02468129414895633 -2.1325970443251558E-17 4.1397929518902664E-17 6.525771399989445E-18 0.013767634413906998 0.18353907535052263 0.2115122343255384 -2.1135148919937348E-17 4.3898247631328236E-17 6.667790451641261E-17 3.3040887250604605E-17 0.014493904308500116 0.012320011023726872 0.09907947994687566 0.11735572292090447 -3.008670378289259E-16 9.052311369479237E-18 -1.6426401699751968E-17 6.364576432758501E-18 0.10900953763578941 0.09916985819499775 -1.1489454330386311E-17 6.581401151051707E-17 -1.9285928661280633E-22 -1.2668483760856414E-22 -1.9499059634133975E-17 -1.0477701886658585E-17
 3.590000 0.0012828684154884127 0.024694222024683375 -2.781978131012179E-17 -1.5273090420618987E-17 -5.3658314130231714E-18 0.013770588897295963 0.18352498823442204 0.2115023298132198 -3.519213396013159E-18 -9.216422295363143E-17 -9.821227272440755E-17 -3.6118871826370855E-18 0.014446070412238336 0.012270693136989414 0.09906167796217229 0.11734297447565287 4.0356719986993393E-16 8.48537258918204E-17 -4.295419878664395E-17 -9.398374125761136E-18 0.1090086432518028 0.09916454274070811 2.9811135316014255E-17 1.6272445496221043E-17 4.3719705926286404E-23 -2.2454743077955827E-23 -2.1081793803919903E-17 1.4958441453438732E-18
 3.600000 0.001288242520964361 0.024707047939942835 3.3512337946933252E-18 -3.209782394665431E-17 5.5122896040554E-19 0.013773511895470976 0.18351095929516598 0.21149248793889625 -4.588161093843874E-17 -1.991465600583147E-17 -6.960399479529402E-17 -3.135910432186154E-17 0.014398409947408543 0.012221562704283736 0.09904396987274965 0.11733007880708544 -1.777121937064513E-17 2.1380418190226743E-18 4.315932532565689E-17 1.1945823523153484E-17 0.10900764317590501 0.09915912789495565 2.171428567063928E-17 9.629413997418051E-17 -4.329144574180983E-22 -4.329144574180983E-22 1.2773346393076533E-17 2.0404070513164446E-18
 3.610000 0.0012935638846030251 0.024719779441610523 4.8148327412734194E-17 2.1918876868725967E-17 1.782904724689387E-18 0.01377640070385363 0.18349697575304635 0.2114827003677524 2.2778676138278007E-17 1.3246763592497774E-17 1.6116058694027088E-16 4.523692165004627E-17 0.014350919850973977 0.012172618570831809 0.0990263147656574 0.11731710183795725 -1.4872004818243903E-16 -2.119684664261624E-16 -4.1210861194025146E-18 3.4328283155699756E-18 0.10900654967244298 0.09915366069045477 2.1017000677553302E-17 -3.1675303519307977E-18 -3.4559660500291223E-22 -2.1324770699442785E-22 1.441441391033079E-17 6.81571115876114E-19
 3.620000 0.001298835857111288 0.024732424725768108 -2.704728223196085E-17 2.3525170973232633E-17 -2.649196365081554E-18 0.013779254099581677 0.18348302679713546 0.21147295417536663 -1.4580807722385526E-17 4.6593948120387586E-17 1.0817244766871578E-17 -5.818238818079906E-18 0.014303597719094042 0.012123858593552818 0.09900869041292248 0.11730409482674851 -9.374853621178704E-17 1.9669923811239564E-17 -7.657899938957223E-17 -1.1899811273479852E-17 0.10900539168009118 0.09914818137943034 3.851752874654308E-17 4.0502776457681005E-17 3.601571605115066E-23 3.601571605115066E-23 -3.144189386979228E-18 -3.756637861755389E-18
 3.630000 0.0013040619163797963 0.024744991057248738 1.2893273404620703E-18 -2.546846195239468E-17 2.6859587376204477E-18 0.013782071951052442 0.18346910541063505 0.21146323574609177 2.7244890491053318E-18 1.0602895628361549E-17 4.99612717474272E-17 -7.431070508931112E-18 0.014256441978000663 0.012075280318515657 0.09899108985496055 0.11729109231485653 -2.198931966563039E-16 7.730069895349486E-17 -2.529346385748373E-17 5.691714278913632E-18 0.10900420451633759 0.09914271976451693 -1.133973980783018E-17 4.359500642509877E-18 -8.737540756181723E-25 -8.737540756181721E-25 4.430040831535399E-18 -2.3509785739495775E-18
 3.640000 0.0013092450375350223 0.02475748390533424 -1.5452758618048234E-17 1.3810065465325745E-17 2.2632351152071624E-18 0.013784854756454475 0.18345520858914086 0.21145353396568903 3.129714197856552E-17 -6.556691812883464E-17 1.111862892446574E-16 3.431978453616096E-17 0.014209451799645376 0.012026881547237387 0.09897351539238022 0.11727811437898902 8.811017944264164E-17 -5.3932160786241044E-17 -1.7788765649089133E-17 6.577114102251535E-19 0.10900302071625738 0.09913729494450535 -2.8173561877325084E-17 6.748116733764191E-17 -1.6745405448753592E-22 -1.6745405448753592E-22 -1.667755170975125E-17 -4.324421489648323E-18
 3.650000 0.0013143872819662914 0.024769906676848478 2.4531854178583745E-17 4.49905212101657E-18 6.759555207775841E-18 0.0137876032605713 0.18344133676356547 0.21144384201810582 6.9200058674995685E-18 -5.705335875210756E-17 4.585904557303184E-17 -7.634264139261599E-18 0.014162626916548782 0.011978660669208033 0.09895597286569209 0.11726517047351014 -2.674063874587508E-16 -7.271144786300438E-17 4.865187059789514E-19 -2.4778268613144576E-18 0.10900186413181596 0.09913191669317545 -4.456184482100037E-17 2.165402789812596E-17 -2.4624719071716026E-22 -3.1242163972140248E-22 7.814045007015029E-18 -7.849703792267058E-19
 3.660000 0.0013194896599590074 0.024782260876757726 2.812633574338596E-17 -6.4900100517782266E-18 2.459261463271395E-18 0.013790318207596568 0.1834274929204219 0.21143415772871316 -1.8833601512556185E-17 -2.2589167235352204E-17 -1.9466247861491626E-19 1.4404303503408665E-17 0.014115967422741228 0.011930616747943913 0.09893846768979776 0.11725226319229934 -1.8086122647282002E-16 -4.334929214692796E-17 5.834694749486224E-17 1.4175780013843392E-17 0.10900074773388838 0.09912658743368423 3.037581135569449E-17 8.662361848848925E-17 -2.46632101649033E-22 -1.8045765264479079E-22 1.0554129496142555E-17 -4.999812188537514E-20
 3.670000 0.0013245522386126638 0.02479454652162847 2.071270944972643E-17 -2.0579968901446614E-18 -1.1016882553173183E-18 0.013793000224048477 0.18341368167217692 0.21142448280548562 4.4757650603922737E-17 8.760153966285652E-17 8.904349878320279E-17 -6.895340174638861E-17 0.01406947359872098 0.011882749419271766 0.09892100294249277 0.11723939121929368 1.3478419287499293E-18 5.902386727170557E-17 4.1599711023756125E-17 -3.670547924336676E-17 0.10899967443150559 0.0991213043232926 4.373851448247403E-17 9.10056564648943E-18 -8.405042442526641E-23 4.8298473583218015E-23 3.61843930100388E-18 7.831376400142517E-18
 3.680000 0.0013295744158254568 0.02480676265574898 -1.7012675857551647E-17 -5.6860199945824645E-18 5.935678897734808E-18 0.013795649794372308 0.18339990838970163 0.21141482148481605 -1.3042869704710294E-17 4.536553146215812E-17 2.3552943311819425E-17 -2.755252174291279E-18 0.014023145769963937 0.011835058687178622 0.09890357909748655 0.11722655135671531 -8.249460956807128E-17 -5.107160193269331E-18 -2.104478033204281E-17 9.819796680138235E-18 0.1089986397258798 0.09911606125756073 -1.7279071078981092E-17 8.13269096987928E-17 -1.2758273096525246E-22 -6.140828196101023E-23 1.1741126843717613E-17 7.019871110403729E-18
 3.690000 0.001334555263193759 0.02481890785580682 -1.4751079973290904E-17 5.902327490259071E-17 -3.803697855013511E-18 0.013798267286411457 0.18338617845434246 0.21140517906061795 3.980847274102572E-17 -1.1610222968335013E-17 6.390677579971592E-17 7.881506504165514E-17 0.013976984198822784 0.011787544697718765 0.09888619472681502 0.11721373980829981 -3.8927578824480496E-17 -9.109549587030474E-17 4.3086028511013314E-17 -2.1270577395282162E-17 0.1089976350090429 0.09911085069472306 2.668403092339096E-18 -3.670751410253159E-17 -1.2348954663567423E-22 8.859351372810202E-24 3.539841769901052E-18 -7.413745337887971E-18
 3.700000 0.0013394938508824307 0.024830980649640937 4.234602593014836E-17 -6.457704709981804E-17 -2.0174998212147113E-18 0.013800852992851173 0.1833724966709878 0.2113955606393497 1.0573564913022249E-18 -3.4380618109786827E-17 3.0101458821290353E-17 -1.2389989021373657E-17 0.013930989008296467 0.011740207548028354 0.09886884753862935 0.11720095295488427 1.7884373364566171E-16 -8.787603344641634E-17 -6.658064457074783E-17 -1.1651359164180024E-17 0.10899665059998336 0.09910566520205744 -1.8495008379418798E-17 -5.444737260474972E-17 -6.057685833673927E-23 -6.057685833673927E-23 -1.3652889238622478E-17 -1.951204089246121E-18
 3.710000 0.0013443894943263634 0.024842979811146186 8.481599184796465E-17 1.7248068866399578E-17 -3.37325948475399E-18 0.013803407168403508 0.18335886687397912 0.2113859702994483 2.451842636810648E-18 1.5067147867306144E-20 3.1496132114490222E-18 -4.1152741499177944E-17 0.013885160137042642 0.011693047159651877 0.09885153530924609 0.11718818780735106 1.5326121558813486E-16 -8.26915643499241E-17 -4.0195232620372064E-17 -1.975040656562593E-17 0.10899567799208314 0.09910049862209175 -6.528354627413382E-18 -5.5389413681566834E-17 -3.9627467580588326E-22 -3.3010022680164105E-22 -3.0550661225819505E-17 6.5589935462153865E-18
 3.720000 0.0013492418946026855 0.024854904523533214 4.658338739709496E-17 -1.17498979236353E-17 8.662148597053E-18 0.013805930054723007 0.18334529174097938 0.21137641068999785 1.3882966570496802E-17 5.568262958666601E-18 2.3773458344135507E-17 3.93962559346587E-18 0.013839497324755187 0.011646063221339086 0.0988342564903458 0.11717544224435107 4.2208847888847306E-17 1.2338670812891997E-16 -2.3763291063330977E-17 3.384659581097779E-17 0.10899471113659431 0.09909534678267334 -1.167565716491616E-17 2.3777970077502774E-17 -2.222394599822731E-22 -2.884139089865153E-22 -4.651638903387824E-18 -1.1742250905870671E-18
 3.730000 0.001354051173195722 0.024866754425392535 -5.764676909713613E-17 2.1468794833487464E-17 -1.0338594478058755E-18 0.013808421892950949 0.18333177280332832 0.21136688300435502 1.467992134199249E-17 -5.559112064390078E-17 5.969600027071835E-18 6.794771472865625E-19 0.013794000124702638 0.011599255190280978 0.09881701045098168 0.11716271508684485 8.585239779010154E-17 -3.098636260760177E-17 2.926171280668129E-17 -8.629082666564518E-18 0.10899374684119269 0.09909020773573016 -3.492204771483888E-17 -3.1098160519869235E-17 -1.662612550491214E-22 -1.000868060448792E-22 -6.824056770621155E-20 8.233326049801882E-18
 3.740000 0.001358817822123041 0.02487852956759433 8.837233470978532E-18 -3.478174810725507E-18 5.066359251131971E-18 0.013810882927505229 0.18331831061472578 0.21135738721460662 6.91613313633233E-18 7.379190542805715E-18 1.608880504537667E-16 -2.211817570629304E-17 0.013748667937296037 0.011552622332966311 0.09879979742376072 0.11715000603842593 9.31416434191564E-17 2.637898856191369E-18 2.0183003631142913E-17 -1.3295681173796096E-18 0.1089927845050779 0.09908508158117718 -1.5746864725115625E-17 -1.1837467969354693E-18 -2.0618346339728866E-22 -2.0618346339728866E-22 -4.439169915117114E-18 -8.94431346289045E-19
 3.750000 0.001363542600782519 0.024890230314807995 -1.8308312542773056E-17 2.210522500278936E-17 -1.5267181826496468E-18 0.0138133134053072 0.1833049050203896 0.21134792244200773 7.33719486606189E-17 4.679667925192571E-17 1.1743840395652985E-17 -1.2620158778601018E-17 0.013703500056112565 0.011506163785595405 0.09878261826932312 0.11713731552128277 -3.8515461240414957E-17 6.23341272196754E-18 3.336675600563546E-17 6.4790691099466576E-18 0.10899182545922671 0.09907996999190537 3.696143922578302E-17 -1.0759617290398603E-18 -1.7066400691311787E-22 -1.7066400691311787E-22 8.01837712680509E-18 -3.9337389955457535E-18
 3.760000 0.00136822641212939 0.024901857224388056 3.099038796349793E-17 1.4835991564430135E-17 1.0354193752527264E-18 0.013815713573664712 0.18329155546218506 0.211338487355562 7.088003655964822E-18 -3.9194512866727663E-17 8.756610900095124E-17 6.825914140135961E-17 0.01365849571706411 0.011459878617087055 0.09876547417182152 0.11712464444708076 -3.4147621253500814E-16 -1.5995570134403546E-17 3.8401899820363826E-17 2.7431383053196925E-17 0.10899087216004612 0.09907487558593446 3.0202016287095053E-17 5.1763152199665395E-17 -1.497261894625698E-22 -8.355174045832755E-23 4.466122939569631E-18 2.543139417817364E-18
 3.770000 0.001372870185592974 0.024913410929580854 1.576410680360976E-17 -2.170918873011019E-17 -3.727729767222495E-18 0.013818083678552244 0.18327826126168742 0.21132908052101193 -6.066527427746054E-17 -6.3716093810233974E-18 1.1173981690736963E-16 -5.724054125600125E-17 0.013613654142458206 0.011413765882938824 0.09874836635159605 0.11711199396837194 -2.655757503004464E-16 -1.598022217285441E-16 -5.31641584002448E-17 -1.2655160357473177E-17 0.10898992742709997 0.09906980128910946 -1.2706629646710787E-17 5.823106077767227E-18 5.0845064789282734E-23 5.0845064789282734E-23 -1.3705895645696058E-17 1.6827994198687074E-18
 3.780000 0.001377474785327444 0.02492489204556322 5.788894459380936E-17 3.8872793022214416E-18 1.097186885936915E-18 0.013820423963877367 0.1832650218394644 0.21131970065627553 -5.321885547667916E-17 -2.0773338850774342E-17 -6.544544251833266E-18 3.12961118916227E-17 0.01356897457416857 0.011367824663600277 0.09873129584689001 0.117099365253425 -9.532226804395333E-17 -9.343578428199437E-17 2.63131076935347E-17 -1.6801996750048806E-17 0.10898899384497268 0.09906474980144014 9.89432331580773E-17 -2.7187914683571713E-17 -3.332765665774277E-22 -3.332765665774277E-22 -8.487033558427827E-18 3.726679886094901E-18
 3.790000 0.0013820409526958176 0.02493630110769893 3.306486847114008E-17 -1.5917891052395667E-17 -2.7252310994514627E-18 0.013822734671631677 0.1832518368499753 0.2113103467791292 5.036928888717843E-17 -4.603071560209072E-17 2.484235294401065E-17 -1.6559975771113898E-18 0.013524456293298494 0.01132205408577224 0.0987142633848628 0.1170867593159256 1.0065778748384602E-16 -2.443664710153072E-17 -2.4696384532825562E-17 -4.0902962799881793E-17 0.1089880733826498 0.09905972323446639 5.0538796769643785E-17 2.5518601647043257E-17 -1.1693584070453987E-22 -5.076139170029763E-23 -1.646839017954875E-17 -4.665539885557843E-18
 3.800000 0.0013865692834794704 0.02494763854326009 -6.045723531987042E-17 -5.296323721937667E-18 3.2962076968396022E-18 0.013825016042486229 0.18323870623086275 0.21130101825578515 1.0694188142027548E-17 4.346536170634193E-17 -1.380285390689368E-17 3.5463881960120506E-17 0.013480098626569788 0.011276453328449246 0.0986972693384878 0.117074176915092 8.19289073945103E-17 -3.62623201968375E-17 -1.1012971932538767E-16 2.9309928225458857E-17 0.10898716722936502 0.09905472294028426 6.974018428294723E-17 1.4018415826123446E-17 -1.8733414920210315E-22 -5.498525119361872E-23 1.5501180331509125E-17 -1.7125255973969989E-19
 3.810000 0.0013910602340302255 0.024958904671790013 2.5674404623745998E-17 -5.603273823434473E-19 7.54764663000552E-18 0.01382726831650395 0.1832256301817109 0.2112917147727089 -6.477530768058219E-17 1.0873029340262325E-17 -1.5194096768885185E-16 5.89578311236912E-18 0.0134359009420794 0.01123102161753642 0.09868031375180077 0.11706161852527545 -1.98847693711295E-16 2.8130631555524625E-17 4.469658984902478E-17 -2.1667936603045754E-17 0.10898627581058537 0.09904974951188485 1.7480844338982082E-17 2.269808297398339E-17 -4.687170475558149E-24 6.148727852868406E-23 -1.833306294770138E-17 -1.0254685944876456E-17
 3.820000 0.0013955141473196446 0.024970099725797296 7.626424309319766E-17 -4.051283768860306E-17 4.202149011288909E-18 0.013829491733726095 0.18321260909520937 0.21128243626009277 -7.389515953650373E-18 -3.3754156415271294E-17 7.544757182530496E-17 -1.4568606551261373E-17 0.013391862638098022 0.011185758213549878 0.09866339640957265 0.11704908436194253 -1.8059197913714175E-16 -6.21883288096181E-17 -1.2847740619386848E-17 -3.2730727354096267E-19 0.10898539892801955 0.0990448029099569 6.920328838470575E-17 1.0776127845081579E-16 -2.030638051167219E-22 -2.030638051167219E-22 1.0676792421671748E-17 -4.453776823030362E-18
 3.830000 0.0013999312889103012 0.024981223882236253 -5.5866882628889014E-18 9.032396374504495E-18 3.0764192249652175E-18 0.0138316865345247 0.18319964346650558 0.21127318279485524 -1.96942850180079E-17 -1.584281545873931E-17 3.869311091422632E-17 1.725734234872476E-17 0.013347983128949201 0.011140662396748564 0.09864651692742815 0.11703657444385421 9.91688792504738E-17 -1.2812370656877637E-17 -5.930506694815901E-17 -2.1663058420084267E-17 0.10898453596394318 0.09903988265993473 -6.1965684859421094E-18 -1.3754888070690472E-17 -8.63502500174667E-23 -1.5252469902170891E-22 -6.0633329157962E-18 -2.4980514368359073E-18
 3.840000 0.0014043118839857417 0.024992277296144918 -2.851100017621759E-17 -1.3370709650709164E-17 -1.0767319881109198E-18 0.013833852959765917 0.18318673380326567 0.21126395450618557 6.970943627198662E-17 -1.2823782755140238E-17 -3.429257545334782E-17 -4.395004217690979E-17 0.01330426183138333 0.01109573345311283 0.09862967484223994 0.11702408867012916 1.230270710979328E-16 1.117468454033684E-16 -1.0975128000913148E-18 2.798217853808662E-17 0.10898368609678186 0.09903498806592526 -2.139791539867284E-17 1.047172180144898E-16 -9.08238389783664E-24 -1.414312819063211E-22 -1.7723217082251954E-17 1.3708370522558967E-18
 3.850000 0.0014086561489773885 0.02500326012986781 2.185435841436404E-17 1.782696009957132E-17 7.553619319039208E-18 0.013835991250798194 0.18317388055246656 0.2112547514991938 -7.336004415228597E-17 3.673548804374665E-17 1.4414376377795073E-17 -5.1866065812327445E-17 0.013260698153805388 0.011050970663432568 0.0986128696883966 0.11701162689417338 6.062362750849158E-17 1.237665190450607E-16 3.6726748214878005E-17 -2.8434525707117197E-18 0.10898284848842972 0.09903011840009031 -1.928475518213254E-17 -3.072000505374547E-17 -3.662909829737881E-22 -3.662909829737882E-22 1.7479213764653483E-19 2.441382441904606E-19
 3.860000 0.0014129643139692825 0.025014172573925176 4.132333471832428E-17 1.76072351863877E-18 -7.636414242526891E-18 0.013838101649351332 0.18316108405261344 0.21124557380491443 -3.906609941551828E-17 -4.85964473135438E-18 -2.460858439182325E-17 1.5065932017140377E-18 0.013217291489558688 0.01100637329656249 0.09859610105194345 0.11699918898200252 2.074193971031221E-16 1.3743370331851668E-17 -1.963698788920035E-18 -2.9931959076158565E-17 0.10898202241979567 0.09902527304154397 -4.1028065157239936E-17 -9.844607788734076E-18 1.3959915400439243E-23 -1.1838898260804518E-22 -1.3826418043765473E-17 6.800722526657457E-18
 3.870000 0.0014172366347921426 0.02502501485814771 1.8033835373911774E-17 3.799267071574772E-17 5.6755202408040806E-18 0.013840184397361134 0.18314834451328812 0.2112364213578257 -1.769703904310985E-17 -3.385372606259844E-17 8.168317363587826E-17 -1.8149799999864503E-17 0.013174041214438175 0.010961940606924729 0.09857936860033654 0.11698677484912058 7.755952571754097E-17 7.828797200449372E-17 -2.2358437036427638E-17 -4.8830109692856284E-18 0.10898120736649508 0.09902045155513181 1.5723591007581876E-17 2.9261538796602926E-17 -2.1400591540622517E-22 -2.1400591540622517E-22 -5.973465292792929E-18 9.483998840046586E-18
 3.880000 0.0014214733957423507 0.02503578725384015 1.4605071812526224E-17 2.4963861082947158E-17 5.698677975335135E-19 0.013842239736787732 0.18313566201813983 0.21122729399688198 5.454951216411792E-18 -1.936799893023744E-17 3.5760768538672395E-17 1.7685430606275188E-17 0.013130946687724522 0.010917671835476346 0.09856267209003272 0.11697438447553371 1.9161369864033541E-16 -7.068005756785693E-17 -4.8321294886511866E-17 -6.8012175384084684E-18 0.10898040301915121 0.09901565371356474 -2.35789754192221E-17 6.091827638402277E-17 -1.4530266770063831E-22 -1.4530266770063834E-22 -2.9508580214160933E-17 2.9321278343407223E-19
 3.890000 0.0014256749051997071 0.025046490069023448 6.22380576063507E-17 -1.0743741975794401E-17 -1.3818733412991862E-18 0.013844267909386926 0.1831230365448717 0.211218191483678 2.943913587942635E-17 -4.94210036080569E-17 9.357121819298711E-17 -2.1112475608500087E-17 0.01308800725568862 0.010873566213141748 0.09854601135706803 0.11696201790286546 -2.5142300747775968E-17 9.944080665579935E-17 -3.319759127025374E-17 -1.6941075772787135E-17 0.10897960926038078 0.09901087947551272 -4.486871383809684E-17 -2.806758511657059E-17 -1.4517590311156632E-22 -7.900145410732409E-23 6.125401825066107E-18 -6.140295284878854E-18
 3.900000 0.001429841486995137 0.02505712363948442 -6.613965982193145E-17 4.928520864659E-18 1.3342612405134671E-19 0.01384626915649599 0.18311046799407166 0.21120911352945249 1.2001775799231297E-17 3.469037710450174E-17 -2.439892321176364E-17 -2.763387684505504E-17 0.01304522225627738 0.010829622965386795 0.09852938629704067 0.11694967521928842 3.109930502640951E-16 -4.2234236151342724E-19 -8.576284804440104E-17 -1.3243824616955034E-17 0.10897882611508954 0.09900612893602126 -4.731602954964517E-18 1.2776813053141752E-17 -3.52626466185831E-22 -3.5262646618583106E-22 5.965244590289283E-18 -8.122661633389146E-18
 3.910000 0.0014339734702527845 0.02506768831829049 1.7307367763205648E-17 -2.6961788401641988E-17 -1.0705361486834765E-18 0.01384824371881569 0.18309795622004077 0.21120005982424223 -1.5125053526655102E-17 6.892286280129605E-17 -5.383146057436646E-17 -1.682683900073106E-17 0.013002591023961367 0.010785841316954247 0.09851279684093704 0.11693735653879214 2.207374098493282E-17 1.2729458841803336E-16 3.8802947565191486E-17 -4.6772044037781384E-17 0.10897805369009458 0.09900140226589278 -3.0541617221456832E-18 4.113861484614413E-17 -5.2149883756742206E-23 -5.2149883756742206E-23 2.039570870599836E-18 -4.121229636907989E-18
 3.920000 0.001438071179962263 0.025078184465960718 1.3820888743664482E-17 -1.6354997637145327E-17 9.905773168654794E-18 0.013850191836207849 0.1830855010576921 0.21119103006249168 6.284831618028389E-18 -3.657325587375586E-18 5.0991323174032087E-17 -4.177044837355215E-17 0.012960112893839202 0.010742220495890811 0.09849624293190723 0.1169250619802583 1.124177993945674E-16 7.11808025682531E-17 -2.1318986297782286E-17 3.973134368861229E-17 0.10897729211634602 0.09899669965402864 1.2249040829752623E-17 4.0796694153854995E-17 -1.4863676108061863E-22 -2.80985659089103E-22 -2.68317722479037E-18 8.1957902654721E-19
 3.930000 0.0014421349297442064 0.025088612442768658 3.1957857564362973E-17 5.49563482471414E-17 -1.3317035487641967E-18 0.013852113747526165 0.18307310234252944 0.21118202396163316 -6.495437145393144E-18 7.949170238445255E-17 -6.828340961840876E-17 5.648339424339617E-17 0.012917787204593039 0.010698759736401156 0.09847972450683848 0.11691279165022418 -9.958441533986644E-17 -1.7103794460516356E-17 -3.2600605301832805E-18 -2.9481393032172693E-17 0.10897654150349807 0.09899202126166524 5.6014008583056836E-18 -2.2508439656352763E-17 -2.749173058668139E-22 -2.7491730586681386E-22 -2.3392018862119928E-17 1.5558544627020197E-18
 3.940000 0.0014461650174621987 0.025098972603818975 -3.05747102768167E-17 -2.8361184110100497E-18 7.748048118300602E-18 0.013854009690476336 0.18306075992235177 0.21117304127273706 -1.7426599906709398E-17 -1.917271389591951E-17 4.904488951532978E-17 9.432400116390656E-17 0.012875613300148078 0.010655458280444272 0.09846324148437302 0.11690054563152263 1.553807805318248E-16 2.8395237208475415E-17 -4.300080858422691E-18 -2.0010239742966068E-17 0.10897580191067963 0.09898736719338848 -2.8916379905185096E-17 -5.3172561287083856E-17 2.4052441913608964E-22 2.4052441913608964E-22 1.1116529009348392E-17 6.849272069930922E-19
 3.950000 0.001450161723701658 0.025109265296947635 2.977647207968887E-17 -4.185427606151446E-18 5.218948010906544E-18 0.013855879901515607 0.1830484736612377 0.21116408178337498 4.387274667651654E-17 1.918078611401348E-17 -1.34359905658747E-16 -2.913258669586824E-17 0.012833590530128008 0.010612315378109598 0.09844679375966947 0.11688832397821008 -9.727995703762509E-17 -5.630611042106868E-17 5.805813873409606E-17 4.3008418942488553E-17 0.1089750733343991 0.09898273748518385 7.140941859788138E-18 3.8974486425497116E-17 -3.1906333007294476E-22 -1.8671443206446033E-22 -1.2293127060089679E-17 1.0654110099984067E-18
 3.960000 0.0014541253125979388 0.025119490862955507 -8.106185423513299E-18 4.6923960257631724E-17 -1.6699433104458054E-18 0.013857724615787808 0.1830362434374558 0.21115514531454835 -2.5181776292996636E-17 1.5962648634122273E-17 -2.7564936303820634E-18 -2.3706390319331314E-17 0.012791718249415036 0.010569330287110948 0.09843038120490259 0.11687612671599253 7.416828839811165E-17 1.0831739130140711E-16 4.716662178796658E-17 -2.6279712229105037E-17 0.10897435571064464 0.09897813210685287 1.4177869501288653E-16 1.0094194600338601E-16 -2.196012161777791E-22 -2.857756651820213E-22 9.78019615232126E-18 4.736775431897551E-18
 3.970000 0.001458056034252176 0.025129649637408605 -1.982309766965252E-17 2.3183453919290743E-18 -5.076958521438839E-18 0.01385954406708432 0.18302406913772168 0.21114623171393754 -5.5127708327687124E-17 4.3255013696067703E-17 1.9400707186142266E-17 -3.166514101057787E-17 0.012749995817182953 0.010526502271743425 0.09841400367382959 0.11686395384662839 -7.427136584654109E-17 -6.599598901283464E-17 3.551140354185668E-17 2.1717077330282648E-17 0.10897364892691773 0.09897355097440232 2.9089573442185364E-17 -4.208824123228134E-17 -1.1440672725768873E-22 -1.1440672725768873E-22 -1.8984463662582893E-17 -2.0302519068936858E-18
 3.980000 0.0014619541279155056 0.025139741953246662 -3.252622660083468E-17 -4.379618294763769E-17 4.017702378451327E-18 0.013861338487825541 0.18301195064978612 0.21113734084744354 2.5109839107577627E-17 2.0642085880131984E-17 -7.599802879018189E-18 5.828102010638742E-17 0.012708422595714763 0.01048383060161749 0.09839766100851727 0.11685180535442541 3.428210081677848E-17 -1.3563143410772748E-16 4.885565936566526E-18 -1.723762597127585E-17 0.10897295283944569 0.09896899396742251 -1.3080876538415188E-17 -1.0018970972575447E-17 -3.081706096276542E-22 -2.41996160623412E-22 1.1410602224881106E-17 6.493375574241208E-18
 3.990000 0.0014658198252212016 0.02514976814343888 -3.2443732324379264E-17 1.773310229225356E-17 -1.9701093716508416E-18 0.01386310810904906 0.18299988785542595 0.21112847259124867 -5.686237657491754E-17 6.619154316412772E-18 -3.7190967331056123E-17 4.1990106055184885E-18 0.012666997949319332 0.010441314550506727 0.0983813530464601 0.11683968121327597 1.2752091581464786E-16 5.234497014106803E-17 -9.104448937515067E-18 -1.0764010544887074E-17 0.1089722672909936 0.09896446094728575 -7.86765226292457E-18 7.505902012564753E-17 5.7547772222073045E-24 7.19292262264495E-23 -7.165509263465552E-18 -1.6914222980287358E-18
 4.000000 0.0014696533529294003 0.02515972854322828 1.965319365134625E-17 -8.596184735921404E-18 -5.339017783718637E-19 0.013864853160408166 0.18298788062490665 0.21111962682523946 -1.3130926825250584E-17 4.091137615986757E-17 6.193452408179179E-17 2.491775573999409E-17 0.012625721243494488 0.010398953395412898 0.09836507962681079 0.11682758139280883 -2.679069332857679E-16 -7.590642991348466E-17 -5.5153293229482327E-17 1.4145416266381552E-17 0.10897159212632994 0.09895995177263618 6.920584856117951E-17 1.2986657048419997E-16 1.532558632627732E-22 -4.526748374995349E-23 -1.7338298778286105E-17 1.1027981784545895E-17
 4.010000 0.0014734549348958232 0.025169623491597716 -2.2154083591942903E-17 -2.1298634317499474E-17 -1.6543089462243168E-18 0.013866573870150806 0.18297592881371333 0.21111080342888172 -1.2819709110248468E-17 -5.968373512536938E-17 8.381522831891995E-17 -2.626116957921956E-17 0.012584591844456481 0.010356746416038407 0.09834884059487393 0.11681550586300823 2.427450439303795E-16 2.799463987958908E-17 -5.249324544890951E-17 -6.532864460229383E-18 0.1089709272030224 0.09895546631055147 -1.0761304774244178E-17 -2.0192947330937772E-17 1.211327848104457E-22 5.495833580620352E-23 -6.944916114137086E-18 -8.78320945678949E-19
 4.020000 0.0014772247931893123 0.025179453331946162 3.5763758561677574E-17 -5.939496434372787E-18 5.6216095757295755E-18 0.01386827046510213 0.1829640322614088 0.2111020022792742 -1.6488047552482276E-17 3.7474810431916234E-17 -2.4514531343342214E-17 8.42198610750881E-17 0.012543609118985112 0.010314692894567538 0.0983326358046115 0.11680345459692362 1.524949691440973E-17 -2.0205885749432427E-17 4.945258411213458E-17 -6.32865412243947E-18 0.10897027239728788 0.09895100444267423 4.797799898400445E-18 -6.086503475502384E-17 -4.8057036255995437E-23 1.811741274824676E-23 -6.998431983337587E-18 1.217516819825652E-18
 4.030000 0.001480963148412719 0.025189218412012358 -8.194466577952135E-18 -1.497677198448647E-17 -5.600209178181903E-18 0.013869943170642291 0.18295219079257646 0.21109322325115623 -1.0656308153061024E-17 5.4963682543317816E-18 1.2279406655047525E-16 2.2012344837751846E-17 0.01250277243459515 0.010272792115754372 0.09831646511931698 0.11679142757155053 -2.0932081142288685E-16 8.128650180910475E-17 -3.548641402467567E-18 -1.4970067969409512E-17 0.10896962760528389 0.09894656606647953 -3.83953925221914E-17 -6.77153336551104E-18 1.35211303970215E-22 6.90368549659728E-23 3.8841441797867614E-17 -2.839411531384902E-19
 4.040000 0.0014846702194818975 0.025198919083252863 -6.268793804186034E-18 -6.183755094485868E-18 2.5635791655460415E-18 0.013871592210660533 0.18294040421882465 0.21108446621831067 -4.061752116505768E-17 4.29769339035213E-17 4.090060932114885E-17 2.4809337321138953E-17 0.012462081159842478 0.010231043367197643 0.09830032841078437 0.11677942476738817 4.7402684929056094E-17 -6.272665603092937E-17 -6.848398749990333E-17 1.896889185041004E-17 0.10896899274069481 0.09894215109334029 1.2033318062681525E-17 -5.727825408722593E-17 -1.1574217592015618E-22 -1.1574217592015618E-22 2.4080185049978713E-17 -4.222465071897302E-18
 4.050000 0.0014883462230408794 0.02520855569991438 -7.686344119037524E-18 -5.43263726726965E-17 -3.696085630955122E-18 0.013873217807528645 0.18292867234167914 0.21107573105566532 1.5431954270755552E-17 -5.168938347642509E-18 5.731185068813899E-17 -3.6751907634669035E-17 0.012421534664766937 0.010189445939715672 0.09828422555766568 0.11676744616706293 -1.9202653473457943E-16 -1.8970165978350322E-17 1.1132145428334673E-17 2.347956148677683E-17 0.10896836773039555 0.0989377594442181 -2.535591412978075E-17 7.940027546539417E-17 1.6927539689315968E-22 3.016242949016442E-22 1.736509150333458E-17 3.95159683641148E-18
 4.060000 0.0014919913727813418 0.025218128618004487 2.217782737710532E-17 -2.5028201743445676E-17 -4.148436849144511E-18 0.013874820182053103 0.18291699495533242 0.21106701764149796 -1.0326746807584962E-17 -3.0931096500208804E-17 -6.034616018320657E-17 2.6585734790166202E-17 0.012381132321283374 0.010147999127706083 0.09826815644339972 0.11675549175361535 4.439336294962977E-17 -1.3617724140093578E-18 5.977316468654093E-18 2.742230041106026E-17 0.10896775250917018 0.09893339104480768 2.9388396148077045E-17 1.3570592677163187E-17 -5.794320048583908E-25 1.9794391500786822E-22 2.056732885610062E-18 -3.543036971669631E-18
 4.070000 0.0014956058788144094 0.025227638194350366 3.599633976451146E-17 3.903546137258309E-18 6.102245907284165E-18 0.01387639955344318 0.18290537184918815 0.21105832585927045 1.14888474497744E-17 1.2924429084309142E-16 -6.564127438035551E-17 -4.471396418662511E-17 0.012340873503549656 0.010106702229453432 0.09825212095427836 0.11674356150880325 -2.0471705127614304E-16 8.53603911453906E-17 5.491063830024484E-17 4.1682300113890646E-17 0.10896714701493679 0.09892904582077643 -4.3823905774354704E-17 -8.533396187925394E-17 -2.278140457886901E-22 -2.9398849479293234E-22 2.0675542825673967E-17 1.263575644714975E-19
 4.080000 0.0014991899472401164 0.02523708478584565 1.1775963592082914E-18 6.037562391541839E-18 3.2790458041057614E-19 0.013877956139277708 0.1828938028097106 0.21104965559896025 -7.37892103073973E-18 1.113636847802719E-17 2.857645306612749E-17 3.53147963763472E-17 0.012300757588206488 0.010065554547336064 0.0982361189778943 0.11673165541181467 1.1761249543383652E-16 -8.98049442378251E-17 -8.164024399840777E-17 5.852961737653442E-18 0.10896655118493058 0.09892472369426732 -2.1068961653295097E-17 -5.193950649891003E-17 -1.825439275459527E-22 -5.019502953746821E-23 -7.88307963550429E-18 4.91143546917234E-18
 4.090000 0.0015027437799421276 0.025246468748959895 7.209742399964676E-18 -9.326138307532076E-18 5.331729879582809E-20 0.013879490155474695 0.18288228762155453 0.21104100675757598 2.5177544346167114E-17 6.585739829163889E-17 -3.607742200276096E-18 3.816788215662245E-17 0.012260783954513712 0.010024555387908323 0.09822015040213335 0.11671977343844607 -2.033581071398219E-16 2.5320451083143497E-17 -9.758469981880402E-17 -8.471323742641525E-18 0.10896596495341168 0.0989204245816971 -1.0585135739027002E-17 2.174102629248282E-17 -2.595632764225228E-22 -2.595632764225228E-22 -1.0836917264259555E-17 -4.1412452379878854E-18
 4.100000 0.0015062675746195533 0.025255790439469874 1.4861917316601136E-17 -3.335526208018897E-17 -2.049093612167695E-18 0.013881001816272342 0.1828708260680893 0.2110323792391785 -8.983346785891729E-17 -1.3296251734363195E-17 -3.993430598573231E-17 6.375847809605687E-17 0.012220951984391841 0.009983704061907609 0.09820421511474403 0.11670791556083063 1.188335951102496E-16 -4.2278814198297534E-17 -1.9196611327920123E-18 -8.183473281612397E-18 0.10896538825070418 0.09891614839301607 4.4006694878552074E-17 -1.6123935135479364E-16 -1.9496408833952704E-22 -1.9496408833952704E-22 -1.7028335820734513E-17 -1.331709860255095E-18
 4.110000 0.0015097615249914924 0.025265050212406003 -2.4602405677218607E-17 -6.94942587398783E-18 -8.272620105196654E-18 0.01388249133420728 0.1828594179313654 0.21102377295435998 2.3921514597224987E-17 1.6742379679302196E-17 -1.5182179151044623E-17 -1.8321130308463733E-17 0.012181261062383689 0.009942999884169341 0.09818831300334542 0.11669608174761668 3.1874960898926193E-16 -1.73148682659671E-17 -8.405927937520056E-18 -8.865577559318896E-18 0.10896482100344361 0.09891189503214429 -2.5773572542413777E-17 1.1189822025100282E-16 6.264171870456286E-23 6.264171870456286E-23 1.388568953403048E-17 2.7167301907359037E-18
 4.120000 0.001513225821126215 0.025274248422105846 -3.369841018239538E-18 -6.002923721343129E-18 -1.924649835596049E-18 0.013883958920108162 0.1828480629919031 0.21101518781939266 3.098899550026215E-17 2.482044202123161E-17 1.3158526497280866E-17 5.887193620637632E-17 0.012141710575584523 0.00990244217350505 0.09817244395577777 0.11668427196439436 2.280355283685497E-16 1.4110465647601865E-16 -5.897345690329456E-17 1.3018018361573022E-17 0.10896426313566561 0.09890766439799212 -5.7150534921577705E-18 -5.331392842486616E-17 -1.6115185724550997E-22 -2.880295923702559E-23 2.3755096953300785E-18 -8.153947739911531E-18
 4.130000 0.0015166606498219191 0.025283385422348564 -3.5497083280974113E-17 9.439480924086258E-19 -3.029617288068947E-18 0.013885404783076238 0.18283676102819793 0.211006623755413 6.751609892071591E-18 -2.6556454148386277E-17 -1.1814694196986306E-17 -2.7112011192173124E-17 0.012102299913543831 0.009862030252576225 0.09815660786060819 0.11667248617436927 2.3219749573042797E-16 7.870174970931318E-18 -3.1614582976209402E-18 4.4126595685983345E-18 0.1089637145701424 0.09890345638616316 -1.5755832198892068E-17 -6.901172921718063E-17 1.9884103275189771E-22 1.9884103275189771E-22 -4.2731823543059035E-17 -3.2567152731380708E-18
 4.140000 0.0015200661949774394 0.025292461566502524 5.102424806003422E-17 -1.5792366176474983E-17 2.3031375980026816E-19 0.013886829130493293 0.18282551181635356 0.2109980806874973 3.836530372740122E-17 -2.984784278895849E-17 1.7834045047541036E-17 7.060242723459289E-18 0.012063028468186247 0.009821763447760905 0.09814080460768808 0.11666072433899737 2.58852288133848E-16 1.3858340834001913E-16 -4.222735392119892E-17 -4.046015933121697E-17 0.10896317522994281 0.09889927089043972 1.6700337056128544E-17 8.156019568803784E-17 2.062596915289603E-22 2.0625969152896024E-22 -2.4634741628630264E-17 -2.876138864349924E-18
 4.150000 0.001523442637914836 0.025301477207607326 1.6868818337356632E-17 2.942841498033246E-17 1.4253608463046021E-18 0.0138882321679987 0.1828143151298198 0.21098955854400742 2.0631228236159397E-17 -4.758678666881216E-17 7.45667850288453E-17 -4.693760192680167E-17 0.012023895633745374 0.009781641089059033 0.09812503408855432 0.11664898641856382 5.359797310805019E-17 6.967374157879855E-17 -5.062470463731617E-17 1.3026945669207643E-17 0.108962645039521 0.09889510780413502 -2.9175618055277595E-17 4.2259846099184104E-17 -8.305594847291514E-23 -2.1540484648139953E-22 2.6321849219029558E-18 5.211320112294035E-18
 4.160000 0.0015267901576209882 0.02531043269841924 3.018220686160177E-17 3.834657689914924E-17 -1.0291027517061483E-17 0.013889614099495516 0.18280317073933583 0.21098105725613076 -1.570046561776295E-18 -1.855302797280166E-17 -8.20416572004762E-17 -4.732365608247994E-18 0.011984900806741491 0.009741662510027276 0.09810929619676487 0.11663727237259829 1.424013684210107E-16 -3.0266845363412866E-18 -1.6774446207710215E-20 -1.1992222188515838E-18 0.10896212392558435 0.09889096702098443 5.936568249124467E-17 8.54260417835894E-17 -4.0999930844761696E-23 -4.0999930844761696E-23 1.543056383109375E-17 1.400481527209537E-17
 4.170000 0.0015301089309342562 0.02531932839139506 -5.6496660243818984E-18 -2.3488517434603224E-17 -3.8533963483581934E-18 0.013890975127142614 0.18279207841296566 0.2109725767574989 4.4000291170538463E-17 -1.4712664822655427E-18 7.104008904634608E-17 1.821965090337546E-17 0.011946043385965782 0.009701827047729447 0.0980935908280282 0.11662558216015108 3.2479049553417875E-16 -1.1609689199483753E-16 -3.0275046313260464E-17 2.2478744311318176E-17 0.10896161181752854 0.09888684843571875 -7.277351221300886E-19 -6.443060332936728E-17 5.831335675250701E-23 -7.861092251735174E-24 -1.6956386423220528E-18 1.1402413093972903E-17
 4.180000 0.0015333991326408707 0.025328164638605637 4.617608479707526E-17 6.010325884715936E-18 1.0336060275530235E-17 0.013892315451355592 0.18278103791638503 0.2109641169841029 2.0492845395789684E-18 -5.920412750744061E-17 -6.130214214293853E-17 6.5944578985655E-17 0.011907322772507412 0.009662134042720002 0.09807791788019875 0.11661391573988682 -1.5444955222866405E-16 9.975129545426567E-17 6.581598793096443E-18 1.2044275469729352E-17 0.10896110864744635 0.09888275194411812 4.422477564067471E-18 6.075208130786562E-17 -2.1495130028738425E-22 -8.260240227889982E-23 -8.207491688542737E-18 -6.289370690321544E-18
 4.190000 0.0015366609355327299 0.02533694179161424 2.477464841589172E-17 1.4145708907903864E-17 6.3595191961467665E-18 0.013893635270796147 0.18277004901318405 0.21095567787429012 1.4051614482344353E-17 1.3413181852964835E-17 3.1433690325013695E-17 7.982119628295693E-18 0.011868738369779998 0.009622582839051394 0.09806227725311961 0.11660227307011094 -1.5392303115344963E-16 7.367412493583534E-17 -7.171432969770659E-17 3.5048556947868825E-17 0.10896061434981896 0.09887867744289662 -3.075867584253008E-17 5.584198425559664E-17 7.617815482142541E-24 7.617815482142541E-24 4.845867059753745E-18 6.873622051225745E-18
 4.200000 0.0015398945104336307 0.02534566020134394 3.285474703525147E-17 1.2851044649982843E-17 5.011920494484914E-18 0.013894934782378838 0.18275911146523718 0.21094725936877884 -3.0290521655773853E-17 -2.4084770186816683E-17 4.377758242491165E-18 -3.306947805400769E-17 0.011830289583555451 0.009583172784270576 0.09804666884845194 0.11659065410866355 -8.442743589088245E-17 1.0275754429362317E-16 -1.852192902803498E-18 -5.2952728159676216E-17 0.10896012886112683 0.09887462482936993 1.1687069727190245E-17 3.8417396602311164E-17 -1.2789951630324033E-22 -1.2789951630324035E-22 -1.07658788691701E-17 -8.971085432835789E-19
 4.210000 0.0015431000262159501 0.02535432021792585 4.6465707912657764E-17 1.6217056811008733E-17 7.007670867272047E-19 0.013896214181260044 0.18274822503308602 0.21093886141073362 -3.3046870179580215E-17 5.1693217993410884E-18 2.0043448257815198E-17 4.20237992766164E-17 0.011791975822010496 0.009543903229433237 0.09803109256945383 0.11657905881284436 -1.9003687268435896E-16 9.800708068223865E-18 6.679372754472512E-18 8.694561803453005E-18 0.10895965211937568 0.09887059400106181 -1.1570351174190164E-17 -9.943094498934273E-17 1.1575892846855865E-24 6.733203828892779E-23 -1.2096247164658977E-17 -6.229596530471231E-18
 4.220000 0.0015462776498146008 0.025362922190576676 -3.191390535920724E-17 -1.4244265768693298E-17 -3.120057323669067E-19 0.013897473660848451 0.18273738947627005 0.21093048394576272 1.9543271845980955E-17 1.278747449141016E-17 2.350317882791965E-17 -2.5524513700159205E-17 0.011753796495752835 0.00950477352909637 0.09801554832079075 0.11656748713929162 -2.8902612224195053E-16 3.427380516518968E-17 -3.810849921485658E-17 -1.889053672638075E-17 0.10895918406371978 0.09886658485533631 -2.8273905713162405E-17 -4.372789156783346E-17 -1.1713671473624487E-23 -1.1713671473624487E-23 7.854752016303359E-18 -6.873239133426128E-18
 4.230000 0.0015494275462620407 0.0253714664674873 4.007388520212552E-18 2.2795190654784123E-17 2.005737252517058E-18 0.013898713412800023 0.18272660455353396 0.2109221269219491 -3.206053330221234E-17 -2.2005525848629553E-17 6.332002982435684E-18 1.2471223424431195E-17 0.0117157510178315 0.00946578304131433 0.0980000360083316 0.11655593904392904 -1.0936259667540682E-16 4.170651020470226E-17 -3.247552100131052E-17 -2.7484202705098837E-17 0.1089587246339824 0.09886259728921268 9.272492885646567E-18 -1.4478073933128206E-17 1.0591077714557428E-23 7.676552671879963E-23 2.584097960205266E-17 -1.0192400826687337E-18
 4.240000 0.001552549878732239 0.025379953395733356 1.5072737349565718E-17 1.2009516340037742E-17 4.805103806866142E-18 0.01389993362702324 0.1827158700230954 0.21091379028973248 -5.587470475806334E-18 9.549815504901365E-18 -9.06511170278266E-17 1.1607499586211692E-18 0.011677838803761418 0.009426931127621253 0.09798455553906824 0.11654441448193414 -3.1223626876640584E-16 -2.1373750654477605E-17 9.349852576298328E-17 -7.381751760331815E-18 0.10895827377060323 0.09885863119914931 4.881078097562088E-18 -3.4144285158335265E-17 1.63198202285479E-22 9.702375328123676E-23 3.1917963149518314E-17 -1.0684296775552193E-18
 4.250000 0.0015556448086091728 0.02538838332121621 1.6659347655220447E-17 3.7913918086369684E-17 4.182197767219438E-18 0.013901134491677963 0.1827051856427099 0.21090547400182463 1.0022893072440402E-17 1.8146910113352466E-17 1.0181558227329966E-16 -1.0084917774710699E-17 0.011640059271511847 0.009388217153003009 0.09796910682101981 0.11653291340775157 3.688833124762063E-17 6.915312296387054E-17 2.5065511630374967E-17 -1.2810688297754771E-17 0.10895783141441168 0.09885468648109678 1.7466400349422158E-17 -7.343598798665238E-17 2.626321676214274E-23 -3.991123224209948E-23 -1.8611309884051878E-17 -9.565161516250294E-18
 4.260000 0.0015587124955531622 0.025396756588611888 -7.253765220887538E-18 4.8848844580343994E-17 4.120643922388141E-18 0.013902316193186647 0.18269455116986552 0.21089717801305718 -1.8192587080695708E-17 5.203698196056006E-17 9.275282753980661E-17 -6.059171744181153E-17 0.011602411841520487 0.009349640485875745 0.0979536897632254 0.11652143577513871 -1.8625490061631144E-16 4.528370205225032E-17 -1.5629385413171037E-17 -8.589319442124235E-18 0.10895739750672742 0.09885076303046055 -7.279127054890229E-17 -3.518045395267031E-17 -2.697558535768317E-23 -2.697558535768317E-23 1.3181424054053985E-17 2.169877915434223E-18
 4.270000 0.00156175309759731 0.02540507354135338 -2.2043623767335783E-17 -1.8362815858969337E-18 -2.8703409537893714E-18 0.013903478916235912 0.18268396636168593 0.21088890228019716 -1.0478106844904245E-17 1.9723245474896833E-17 -8.832140534269698E-17 5.531023819655678E-17 0.011564895936658456 0.009311200498039645 0.09793830427571773 0.11650998153726212 -3.3480306781557767E-16 -1.9128270206170356E-17 2.4748040745034428E-17 3.363826778674819E-17 0.10895697198935078 0.09884686074241451 6.18874084075362E-17 3.39199455341248E-17 -3.168966877005723E-23 -3.168966877005724E-23 1.7557272900273995E-17 -3.740129012458866E-18
 4.280000 0.0015647667712110035 0.025413334521586235 -3.428603597327448E-17 -1.3122156520127858E-17 -1.9776725962410422E-19 0.013904622843784367 0.1826734309751447 0.21088064676179027 6.374347765852667E-17 -1.940087186927168E-18 -8.157185503697354E-18 -1.0870889950837019E-17 0.011527510982246816 0.009272896564653276 0.09792295026954193 0.11649855064672715 7.863858725628668E-17 -3.1212121621428837E-18 -4.668460290510819E-17 -5.740831975650154E-18 0.10895655480468991 0.09884297951183492 -5.3074110023557813E-17 3.214303460522966E-17 -3.3314636884252685E-22 -2.007974708340425E-22 9.483572182883447E-18 7.520304434417161E-18
 4.290000 0.0015677536713942012 0.025421539870166238 1.2456431366522741E-18 1.8458285546845482E-17 1.4986650894874839E-19 0.013905748157074153 0.18266294476704398 0.21087241141800964 1.5472217512708913E-17 2.9200486516599478E-18 4.129341570486809E-17 -4.725663935123526E-17 0.01149025640604063 0.009234728064203758 0.09790762765679109 0.11648714305571382 -1.5453014692842268E-17 2.690951439653732E-17 8.740775246526736E-17 1.3429254158360677E-17 0.10895614589591812 0.09883911923358939 -2.8938110672708313E-18 -3.4266220178807795E-17 4.252705865826102E-23 -2.364739034598117E-23 2.2522612719771756E-17 -4.585496863553041E-18
 4.300000 0.0015813934601978088 0.025420778365290067 2.001578832903144E-17 4.9878352730341065E-17 2.04908295890296E-18 0.013914600286089492 0.18261980811355852 0.21084517580141438 -5.822876744952088E-18 -3.2286026714744125E-17 1.771470003396911E-17 -1.5294672603623577E-17 0.01143989182125351 0.0091842850071537 0.09794194160297078 0.11639015320996349 1.7124500464492437E-16 5.734359369587811E-17 -7.12133814228805E-17 -1.7403050841977347E-17 0.10890519697071739 0.09883893525665283 -4.786178228253462E-17 -4.706345357337737E-17 5.300043087842286E-23 1.1917487988266504E-22 -1.2497979969506424E-17 8.275408116369404E-18
 4.310000 0.0015816990185011169 0.025431394494654133 7.086031898800267E-17 1.8596930304590527E-17 5.691784589736001E-18 0.013914778292394809 0.18261892308829364 0.21083390578977274 3.12879106312382E-17 3.5839887053506566E-17 4.557798696155081E-17 2.176576519742004E-17 0.011404451797680928 0.009146481408106592 0.09790209780364605 0.1164074200084848 -3.317809471402137E-16 -6.570044612736782E-17 3.754286400004487E-17 -3.443514317334128E-17 0.10891508939899068 0.09882912042810173 9.905277718898458E-18 1.0246367686806673E-17 1.7589152154844686E-24 -6.441553378875776E-23 -2.3727796386300504E-17 -1.0118007393012884E-18
 4.320000 0.0015823822850053917 0.025441459897025166 1.1285687213557408E-17 1.7797977786331266E-17 7.132763645766765E-19 0.013915474737855435 0.1826152808844557 0.21082445908325465 -3.2172780612166514E-17 6.192989667274441E-18 1.5928571889951081E-16 -4.717109483880093E-17 0.011368800706307679 0.009108876663671883 0.09786965035384411 0.11641630256752883 1.892401897214654E-16 2.1359196812748937E-17 3.8361787648147167E-17 -3.218771630029375E-17 0.10892207238070493 0.09882080750918316 4.538042984771559E-19 -4.6620840489943916E-17 -1.4328710551430634E-22 -1.4328710551430634E-22 1.7203989096211602E-17 -2.655792608976806E-18
 4.330000 0.0015835782741499519 0.02545084097717301 -1.890884767924231E-18 -1.1856592649470762E-17 -3.142798020837914E-18 0.01391651499098104 0.18260933431894905 0.21081647244975207 9.910611370126077E-18 -1.1406983020959269E-17 2.3487047936414634E-17 1.7476538433516866E-17 0.011332952771407686 0.009071475911473737 0.09784386681343794 0.11641757037583525 1.137399024267037E-16 -3.3783238541504838E-18 5.377118614679122E-17 2.76812592103749E-17 0.10892608871078947 0.09881404948023452 -1.6984949604572923E-17 2.7089799886984405E-17 -1.1882337931877785E-22 -1.1882337931877788E-22 3.885917861881605E-18 -7.05839873022837E-18
 4.340000 0.0015852937138678151 0.02545954563960757 4.4340297052285665E-17 1.2504523980458743E-17 -1.5112242297463138E-18 0.01391774236699787 0.18260170511477292 0.21080942914991585 4.73804689325902E-17 -6.759166688764617E-18 -3.2200088129246303E-17 1.1376241480809765E-17 0.011296961694229599 0.009034252736984856 0.09782335293366212 0.11641273909509704 7.08318663337282E-17 7.740448438634258E-17 3.224652712492735E-17 -6.475052003285073E-18 0.10892762201675874 0.0988085280813818 3.2779453583766096E-17 -5.518609422787028E-17 -2.1862790636985497E-22 -8.627900836137059E-23 4.637905180423621E-17 -9.43055729003453E-18
 4.350000 0.0015874728249015068 0.025467654090631394 2.223283133928591E-17 1.1116310218266326E-17 3.7372615311424795E-18 0.013919043851622515 0.18259294548388322 0.21080285170959817 3.810312735582441E-17 -2.210928335254721E-17 4.205366811361924E-17 1.0746405340330947E-17 0.011260885095148096 0.008997172038149367 0.09780668812721506 0.11640337131489446 -4.0131555395694444E-17 -4.4361142842609026E-17 2.171428053605326E-17 3.244104026332589E-17 0.10892729233851722 0.09880385267102536 4.512971596813187E-17 1.0403042539340716E-16 -2.426673919963245E-22 -2.4266739199632444E-22 -7.731904747952188E-18 -9.880859398729612E-18
 4.360000 0.0015900325927259164 0.025475277057401352 7.987147773100757E-18 -3.674927881268692E-17 7.545194591992082E-19 0.013920344704073198 0.18258348120170595 0.2107963675239669 3.6522203031485277E-17 -2.0801918539642785E-17 -1.0668577255222268E-16 -1.2669544773659923E-17 0.011224773070687434 0.008960202125693319 0.09779260981979582 0.11639087197905727 4.8956629362570696E-17 -7.737929443314375E-17 -1.172838548807813E-17 -3.922861506176865E-17 0.10892568128882926 0.09879968713799211 2.6101616512827286E-18 4.537218107275603E-18 -2.4725096315951673E-22 -1.1490206515103228E-22 -1.2097995378358536E-17 -1.0485588670583134E-17
 4.370000 0.0015928840204275025 0.025482529124021266 2.2470504041808795E-17 -3.3428965521830284E-17 8.526400420150379E-18 0.013921599816541348 0.18257361032026803 0.2107897229829186 -7.569744146791917E-17 1.2150426775614651E-17 -8.234092353676807E-18 -1.888336862431113E-17 0.0111886649167793 0.008923319883894729 0.09778008276349333 0.1163764064335479 -1.8599293457359E-16 1.6764287400132863E-18 3.220111046511301E-17 -1.0224619365240256E-17 0.1089232575775193 0.09879579062905115 5.3389324882419254E-17 3.753674811035996E-17 -1.3155287558287372E-23 5.301916144595485E-23 6.2069254991941165E-18 -6.695719319972945E-18
 4.380000 0.0015959443192750935 0.025489512977196194 5.787437718214767E-17 1.095954096006332E-17 4.95077641860705E-18 0.013922785854082286 0.18256352526145528 0.21078277101686463 3.9221122616769028E-19 5.629050524675813E-17 -9.888218290482536E-18 2.2790122070653105E-17 0.011152589753454017 0.00888651158370581 0.09776831705193277 0.11636087425068734 -1.580427099961205E-16 -9.17283874203021E-17 -5.09071824157026E-17 4.058294119500717E-17 0.10892036097650093 0.09879201151075633 1.2031114824774539E-17 -7.960436295715872E-18 -7.753972743577143E-23 -1.1365278431529215E-23 -1.6401778200223948E-17 -9.946785115415266E-19
 4.390000 0.0015991430162929493 0.02549631167165348 -2.021373887547439E-17 -4.0273158543432055E-17 9.800945743260788E-20 0.013923894709249401 0.1825533418177859 0.2107754472393405 -8.340737026795779E-20 -4.0763762397462594E-18 -8.77323660896485E-17 5.884039519527147E-17 0.011116568704020462 0.008849771457246086 0.09775675587596774 0.11634491770009134 4.9915928387070013E-17 1.0894994732951678E-16 7.385312266430569E-17 1.9825250548991392E-17 0.10891721672844219 0.09878826254867717 -3.3255043058277968E-18 -7.659598412554695E-18 -1.7637439124365625E-22 -2.425488402478985E-22 -5.0407697651282574E-18 2.2408750850886192E-18
 4.400000 0.0016024241105917576 0.02550298651517887 -5.78705861438523E-17 2.31274795421113E-17 -8.578117861898668E-19 0.013924928207548497 0.18254312575767626 0.21076774431923984 -3.5485388801309864E-18 -7.524067509721516E-17 -7.168654771501319E-17 3.532830497654433E-17 0.011080617223136517 0.008813099502450626 0.09774504469515184 0.11632895272702601 6.488250726245606E-17 -7.33054413299295E-17 -5.33080425292131E-17 -2.3204960955917382E-17 0.1089139612540667 0.0987844949445273 -4.9917027358851144E-17 5.00970844498463E-18 1.438838877178281E-22 7.770943871358592E-23 1.8113394791121073E-18 4.478551083632649E-18
 4.410000 0.0016057458094505853 0.025509578568401855 -2.3340804579913862E-17 9.580965122339187E-18 4.232277961904752E-18 0.013925893935519422 0.18253291300465038 0.210759689710346 -6.563060740554899E-17 2.953210440632613E-17 8.658394098173022E-18 4.6764173640297066E-17 0.011044746916921148 0.008776499354248493 0.09773299063368955 0.11631321265620152 1.996882711714443E-17 -2.5011022376387434E-17 -4.536500101687191E-17 -5.018189204881833E-17 0.10891066820660142 0.09878067945691468 -6.318136957370986E-17 -1.2302628192239405E-16 -1.1703907779312291E-22 -1.8321352679736513E-22 2.246071354783689E-17 5.283378220899179E-18
 4.420000 0.0016090789202629664 0.025516112140075223 8.881659783257009E-17 9.396082506898209E-18 1.1883251569366878E-18 0.01392680209217502 0.18252272288704358 0.21075132863057144 2.5078718066227257E-17 -4.134226571346342E-17 -1.1468471507647524E-16 -1.910083701003059E-17 0.011008966715625675 0.008739976578763601 0.09772051936005897 0.1162977961451304 -3.6297745020693305E-16 -5.101482251390812E-17 2.2719580116189127E-18 4.398911611964343E-18 0.10890737013501461 0.0987767961418396 6.949367285055802E-17 1.107367398326177E-16 -2.5786574381291504E-22 -2.5786574381291504E-22 -3.9635275310966894E-17 2.9967444475267462E-18
 4.430000 0.001612404632188463 0.025522599043334537 1.942790792734581E-17 3.007642148500225E-17 -8.475888996773426E-19 0.013927663274918747 0.18251256579106845 0.210742712271212 -2.816503315272876E-18 -9.837527053105421E-17 5.810505472518313E-18 8.340318709606084E-17 0.010973283530983709 0.008703537456544693 0.09770763504406527 0.1162827126056691 -7.315003173584304E-17 -4.3301878906682354E-17 -3.4295010502730395E-17 1.0257165452448812E-17 0.10890407475098943 0.09877283070399133 -2.3070907640682337E-17 -3.390313506760083E-17 5.19250539038869E-23 5.19250539038869E-23 -6.21487443088769E-19 -2.2769124288898534E-18
 4.440000 0.0016157121644167745 0.02552904275107491 2.1746637330257878E-17 -1.0476234122077755E-17 4.231506577439408E-18 0.013928487089151122 0.18250244709979113 0.21073389035536402 -1.9528505515337183E-17 -6.433806685912502E-18 4.7021607043089186E-17 -2.2568504777802554E-17 0.010937702611065464 0.008667188187324948 0.09769438700039565 0.11626792052398323 1.0836690702656614E-16 4.525966543669091E-17 6.466452165159304E-17 -5.6715712094291705E-19 0.1089007764719673 0.09876877441347465 5.1708522496506814E-17 8.994580534188732E-18 -2.5207098207968055E-23 -9.138154721221025E-23 3.096624625861386E-17 -3.3756694309335105E-18
 4.450000 0.001618996567516185 0.025535441928020364 -1.328332363621856E-17 -2.3324267485605832E-17 2.248453815599843E-18 0.013929281435903289 0.1824923690873248 0.21072490696257368 -1.7647679422905485E-17 -5.917838768154863E-18 -4.2339233309933784E-18 2.1324330768976803E-18 0.010902227774114114 0.00863093441409429 0.09768084461251497 0.11625335645490273 -4.66162012594114E-19 1.4650428540732003E-17 -2.2569326752490623E-17 1.4916255951069927E-17 0.10889746431291436 0.09876462500403052 -5.18284500978095E-17 -1.112036160256821E-17 -1.2443420265555574E-22 -1.2443420265555576E-22 1.432326597400781E-17 -4.553874081217732E-18
 4.460000 0.001622256827390351 0.025541793100973362 -3.104166503970085E-17 2.905576918135811E-17 -5.727396996056876E-18 0.013930052306823778 0.18248233191684265 0.2107157986532085 6.998767167363695E-18 -5.657148233777271E-17 -6.053671439194543E-17 7.270020680741219E-19 0.01086686162940568 0.00859478097573921 0.09766708045118117 0.11623895449299805 2.0061469100666714E-16 -2.8222780657495175E-17 9.876366835710056E-17 1.415288533014162E-17 0.10889412703252417 0.09876038700959423 1.334237278859924E-16 -1.1755892775215875E-17 -5.692276203424368E-23 -1.2309721103848588E-22 1.0201749336836103E-18 -4.7491116602326045E-18
 4.470000 0.001625494328567397 0.025548092441674 -3.319306998274246E-17 3.761274160156461E-17 -3.0210399419171145E-18 0.013930803912902915 0.18247233436289872 0.21070659413530707 3.6394771984234607E-17 -4.308502718501991E-17 -4.541126823465395E-17 6.289752717358606E-17 0.010831605823065912 0.008558731820749666 0.09765316038472703 0.11622465743761326 1.089107352809837E-16 1.1481745787929527E-16 -1.0539565593519498E-17 -3.2842035050816865E-17 0.10889075616467239 0.09875607100528941 2.0206564496969336E-17 7.576793218068777E-17 -1.16777292340872E-22 -1.16777292340872E-22 1.1708464409582054E-17 1.8813174012294656E-18
 4.480000 0.0016287116760225298 0.025554336774779394 1.9940329994580587E-17 1.2435447276114257E-17 8.20755301890556E-18 0.013931538993071285 0.18246237448867322 0.21069731490607807 -5.416982303008035E-17 3.509037728006632E-18 1.981877336913293E-17 1.110984917107241E-17 0.010796461300544789 0.008522790032859079 0.09763913895908534 0.11621042159912404 -3.5330031618048133E-17 3.784649494881365E-17 -8.457213005505851E-18 -2.97542446569498E-17 0.10888734738813129 0.09875169190632367 2.4300681431584098E-17 3.272479810432935E-17 -1.7223852468099234E-22 -2.384129736852346E-22 -7.999871235785385E-18 2.1626047113825704E-18
 4.490000 0.0016319118433717704 0.02556052399320541 2.0709146642165052E-17 3.78260408653389E-18 5.832768889832078E-18 0.01393225918362392 0.182452450288163 0.21068797644190101 -5.044632736576731E-17 -4.89122403305489E-18 1.8196934110422455E-17 -3.0281467036054377E-18 0.010761428557846378 0.008486957930201187 0.09762505829136668 0.11619621734058365 2.1283938251290452E-16 7.892793124400025E-17 -3.514901987824275E-17 1.59005106523852E-17 0.1088839006294103 0.09874726679835749 3.2157424937267146E-17 -6.34186164894725E-17 3.830897756182509E-23 -2.786547144241713E-23 1.273614924891328E-17 1.3616668489720764E-19
 4.500000 0.0016350976013850037 0.025566653078831273 2.483811528349419E-17 1.8646445411637396E-18 -4.406376154954337E-18 0.013932965369492591 0.18244256022097208 0.21067858961151834 1.1164509573329607E-17 -2.6900310651786487E-17 6.325673125194283E-17 -1.954416608362791E-17 0.010726507853713142 0.008451237204872498 0.09761094899161038 0.11618202720123098 3.302535608131028E-16 2.4593633599148038E-17 -1.6265975265525017E-17 5.1642983909924355E-18 0.1088804193008146 0.09874281280510387 9.694054669078776E-17 1.1750472691724034E-17 -5.631096941361399E-23 9.863479590628235E-24 8.748258464317503E-18 3.473406733305263E-18
 4.510000 0.0016382711770003863 0.02557272390569772 -5.45804664340452E-18 -1.3250717021734535E-17 -7.80965244462613E-18 0.013933657974946946 0.1824327035699268 0.2106691620700377 -4.2948684038065363E-17 4.524616129249363E-17 1.2471523470069752E-17 -9.362270389806824E-18 0.010691699365516774 0.008415629074377798 0.09759683202506068 0.11616784300615476 -5.2258317706978013E-17 -2.7872613827321664E-17 8.727360321914943E-17 2.058048902781531E-17 0.10887690907842093 0.09873834537022722 -3.815741917010513E-17 3.500611384992652E-17 4.535112873725523E-24 4.535112873725523E-24 4.900293712388155E-17 -2.7362013987946214E-18
 4.520000 0.0016414340942719912 0.0255787369625916 -2.0048925006255812E-17 1.4918197986202267E-17 1.4604026015487398E-18 0.01393433717949595 0.18242288059194142 0.2106596994661736 -4.259261319602353E-18 -3.4869826446415E-17 -5.4225436092189304E-17 -2.6968500262382186E-19 0.010657003284653578 0.008380134421962991 0.09758272082115427 0.11615366288779878 2.0301839468146251E-16 -3.84349262752938E-17 -4.165282937758351E-17 -6.493990940554684E-19 0.10887337658722829 0.09873387714550169 1.0119986090049976E-16 -3.49352894112885E-18 -5.373433930073532E-23 -1.1990878830497752E-22 1.8552351238733868E-18 2.759375369846055E-18
 4.530000 0.001644587151714881 0.0255846930857745 9.976617588631114E-19 3.927499099555309E-17 -2.058140255187585E-18 0.013935003062852353 0.18241309247668894 0.21065020636943108 3.7830504018054737E-17 -1.2316301023140413E-17 6.079734292935293E-18 1.751958447956349E-17 0.010622419857992402 0.008344753910614424 0.09756862325087033 0.11613948873007775 8.338952506181706E-17 2.0947726656861178E-17 5.384784653492104E-17 -7.51059115840825E-18 0.1088698282728581 0.09872941751009769 1.5510222954596484E-17 6.958598266470327E-17 -6.616888349302916E-23 -6.616888349302916E-23 -1.2820357408875344E-17 7.967232874647059E-18
 4.540000 0.001647730494424668 0.025590593250667905 -3.018111472914468E-17 6.199795328687526E-18 4.343503823095769E-18 0.013935655692066149 0.18240334115947757 0.21064068688953488 2.1761371996671325E-17 1.3413056982493999E-17 -2.233469314177343E-18 1.9812591572921904E-17 0.010587949388334222 0.008309488063627201 0.09755454330940158 0.11612532423830249 -1.3276622253996637E-17 8.49275496599035E-17 -6.700524922885103E-18 1.5038595315695244E-17 0.1088662696249986 0.09872497262794883 1.6366071386676108E-17 7.157323277061502E-17 7.486553992909143E-23 7.486553992909143E-23 2.6856964427760504E-17 -7.47297771721039E-18
 4.550000 0.0016508637436815948 0.0255964384383428 2.730291943121059E-17 -1.8189822790487574E-17 -5.066588520973641E-18 0.013936295166515521 0.18239362904916334 0.21063114501385322 -1.6875413176861946E-17 -4.804209347470018E-18 -1.0750193475276276E-16 7.891331248438464E-19 0.010553592209015708 0.008274337312277795 0.09754048246535033 0.1161111736414566 1.194146555569235E-16 -1.342045514165043E-17 -4.463475870718155E-17 2.9789846092826314E-17 0.10886270480046091 0.09872054588851202 8.433775184241784E-17 5.864840987238504E-17 -2.287536140609495E-22 -9.640471605246509E-23 -9.404234172535722E-18 -8.09443634533624E-18
 4.560000 0.0016539861520432516 0.025602229570908155 1.8847511180492158E-17 2.0157465844043636E-18 -3.800366175164859E-18 0.013936921635195335 0.18238395873138344 0.2106215847228988 6.807715704784036E-17 -4.0450660708017205E-18 1.132188408317202E-16 2.0589075872082855E-17 0.010519348646774705 0.008239302016511704 0.09752644069687634 0.11609704092922304 2.257315221411534E-16 -6.903899446594503E-17 6.761312117648883E-17 -1.2064457432919782E-17 0.10885913660089595 0.09871613856156135 -1.8228951769852983E-17 -1.5574348430183555E-16 -1.7113926109638758E-22 -1.7113926109638758E-22 -2.978383402718656E-17 -3.021516013155255E-18
 4.570000 0.0016570967581757375 0.025607967498283712 2.915078884280293E-17 -1.5003998603672818E-17 -2.1768186575545764E-18 0.013937535297593116 0.1823743326962403 0.21061200995917378 -3.839868552682089E-17 -1.1890533497504469E-17 1.370967497559034E-16 -1.588190235548959E-17 0.010485218983997947 0.008204382467439634 0.09751241725501572 0.11608292948763263 1.0232647466195685E-16 -1.0181316121190766E-16 -5.750662501872515E-17 3.528942960577543E-17 0.10885556670203514 0.09871175051458461 1.1906630076526172E-16 -4.152020871437844E-17 8.88392968317464E-23 8.88392968317464E-23 1.704048743274554E-17 -3.7319936932010675E-18
 4.580000 0.0016601945226592185 0.02561365301551552 -3.421716111886229E-17 -1.847332999617648E-18 1.094560451446071E-18 0.013938136396163136 0.18236475312421846 0.21060242452255737 4.434295738527368E-17 2.3860976075188316E-17 -1.5056179937908174E-16 -1.3629145147766438E-17 0.010451203427897049 0.008169578880708966 0.09749841119678636 0.1160688419986909 6.112231882154702E-17 -5.860399052881319E-17 -2.3254943212436153E-17 1.619162553080722E-18 0.10885199601268354 0.09870738087596835 -2.3388996051233696E-17 -7.548073258580168E-17 7.959680313817526E-24 7.959680313817526E-24 -3.010992834562207E-17 2.033838500676297E-18
 4.590000 0.0016632784333679021 0.025619286891863272 5.872413052880188E-17 -1.1329883407639487E-17 -1.173822624012946E-18 0.013938725205442074 0.18235522174681956 0.21059283195162726 4.858089101853329E-17 -6.54186368896693E-17 7.882301519301593E-17 -5.587259571272844E-17 0.010417302090510408 0.008134891388314497 0.09748442172704877 0.11605478049155249 2.9882704348682834E-17 -5.348310000096526E-17 3.8383512238980585E-17 -7.741867246416873E-18 0.10884842505234044 0.09870302856944418 1.077489538274083E-16 1.29278281452422E-16 7.612604536172053E-23 7.612604536172053E-23 -2.243391447243438E-17 5.368323097505359E-18
 4.600000 0.0016663475758529717 0.02562486989794142 6.762550991558896E-17 -7.257246606877826E-18 6.276610878446793E-18 0.013939302020774378 0.18234573978411564 0.21058323543069574 -1.181426346341978E-17 3.9071396807073616E-17 -2.5979568130527157E-17 -3.5323032279810675E-18 0.010383514980509708 0.008100320033925612 0.09747044838539207 0.11604074646206983 -2.70106764585487E-16 1.2719487411815366E-17 5.5287706086055686E-17 -1.7061209807380675E-17 0.10884485426685904 0.0986986926847754 4.041527927691918E-17 -1.939101255504108E-17 -1.9261867679432647E-22 -1.9261867679432643E-22 -1.761893191178981E-17 -6.446972939454621E-18
 4.610000 0.001669401169924091 0.025630402823079004 3.92226237814713E-17 -2.4385882405420297E-17 1.4138058259547597E-19 0.013939867148161316 0.1823363079498352 0.2105736377420632 -1.4431670998744605E-17 -2.825126009594303E-17 -2.3369078801255406E-17 -1.1127453036423209E-17 0.010349842005596164 0.008065864774073755 0.0974564911127294 0.11602674100598637 8.035502081943183E-17 7.503451215881575E-17 1.4981444839777208E-18 -3.526467901875292E-18 0.10884128423859026 0.09869437268297925 2.9634036892010276E-17 1.1729902967900622E-16 8.854858801618431E-23 8.854858801618429E-23 2.3307511891328072E-17 2.0395598488554233E-18
 4.620000 0.0016724385778122033 0.025635886480380617 -4.961598359492992E-18 5.831646132660584E-17 1.4380291361432752E-18 0.013940420895894836 0.18232692650754373 0.21056404126612793 -1.387461435648376E-17 3.21968006854564E-17 -8.482017462862071E-17 -7.421860882959912E-18 0.010316282982918795 0.00803152548529291 0.09744255023134636 0.11601276493510973 -1.7629554753723708E-16 1.0415811438588178E-17 2.187048468058776E-17 7.888616959264373E-19 0.10883771578182143 0.09869006845860705 1.0768991616361377E-17 2.84801583725743E-17 -1.5177298358196018E-22 -1.9424085573475734E-23 -3.9939292985850976E-17 3.958380267771328E-18
 4.630000 0.001675459291623057 0.025641321700838163 -1.9534401168996727E-17 -2.0026960481316623E-17 4.39415786312128E-18 0.01394096356816712 0.18231759535861575 0.2105544480203953 -1.9445835970520613E-17 -7.169475649250867E-17 -1.792534306107338E-17 -9.460476606966602E-17 0.010282837654476943 0.007997301975759104 0.09742862637035031 0.11599881886360519 5.295099325728834E-17 3.211049317969349E-17 -3.0557826392133575E-17 4.047328978297545E-17 0.10883414994007724 0.09868578029522902 -4.899174852085344E-17 6.335063612153599E-17 -2.324328916323071E-23 -2.3243289163230704E-23 -7.905983365959347E-18 -1.3296643532561491E-17
 4.640000 0.0016784629085033645 0.025646709320142996 2.267314011062221E-17 1.487260840455046E-17 7.948656596133969E-18 0.013941495460543645 0.18230831414275503 0.2105448597227103 2.7251487027976963E-17 -1.3894856420039526E-17 5.823725439504518E-17 9.726224514210315E-18 0.010249505704397073 0.007963193999235096 0.09741472036464786 0.11598490326370907 -2.600132215726059E-16 -3.607865398070512E-18 1.1991044250338787E-17 6.043483110642811E-17 0.10883058791581923 0.09868150875612398 -2.657054613318426E-17 -8.474196169855539E-18 -2.1350628873848258E-23 -2.198739758865749E-22 1.383099153135986E-17 1.6010871007523922E-18
 4.650000 0.0016814491011555857 0.0256520501625051 -5.216804458590154E-18 -4.5858574269324827E-17 -2.6961486445230527E-18 0.013942016857080698 0.1822990823354291 0.21053527786306472 -2.2533472515128075E-17 2.7747853788343046E-17 1.182300769182222E-16 6.205125426710945E-17 0.010216286775650191 0.007929201269138856 0.09740083315042719 0.11597101849666347 7.43343587962782E-17 -3.5063951655500464E-17 -4.735199221348074E-17 -2.1633398237640787E-17 0.10882703096761756 0.09867725454876294 -1.2806819065235543E-19 4.711873758594684E-17 2.3349409030604707E-24 -6.383950810118176E-23 1.2244290567315524E-17 -5.2573108283177925E-20
 4.660000 0.0016844175897563617 0.02565734502541795 -1.4038153214135892E-17 1.0423106746836157E-17 1.233372536849237E-18 0.013942528028788275 0.1822898993304493 0.2105257037708859 -6.19365041477271E-17 -3.9581644361380317E-17 1.168956625995416E-16 3.32514869046997E-17 0.01018318048432325 0.00789532347092825 0.09738696567327246 0.11595716482751894 -1.8567662694790584E-16 -1.0555027006419158E-19 -1.7467693732057805E-17 4.8159814469296167E-17 0.10882348030530985 0.09867301839510638 -5.738895055616713E-17 -1.448420075761389E-17 -8.673691841810068E-23 -8.673691841810068E-23 -2.1463364627810997E-18 2.127995758461272E-18
 4.670000 0.0016873681192038504 0.025662594668125597 3.878814644209673E-17 9.009517828641807E-18 1.4895265107346004E-18 0.013943029233123886 0.18228076450164657 0.21051613866906888 -4.082629068245831E-17 8.396822518503208E-17 1.920227339132005E-17 -1.4491500481392196E-17 0.01015018643054231 0.007861560271744037 0.09737311881855437 0.11594334243204299 -5.364427979402163E-17 4.1309589146416274E-17 -1.0422225420610506E-17 -2.715568043452481E-17 0.10881993700546298 0.09866880092857401 5.6345690771867E-17 6.576329524479551E-17 1.6652202277510573E-22 2.326964717793479E-22 -2.716055186881731E-17 3.0357843412012555E-18
 4.680000 0.0016903004435854716 0.025667799805231956 1.9789037334066798E-17 3.502117180359662E-17 -2.6571543025765162E-18 0.013943520714233387 0.18227167724175572 0.21050658371072203 3.4646057140920857E-18 -2.242680935225506E-17 4.074454634232596E-18 1.801421184413115E-17 0.010117304205762116 0.007827911326899436 0.09735929336751148 0.11592955140217974 1.2657660449223886E-17 1.1449842161495676E-16 -4.5699248220306546E-17 -3.9682449234745355E-18 0.1088164019590841 0.09866460262857844 -3.7948507361538564E-17 -5.913169059767047E-17 -1.2018476425592141E-23 -1.4436737443407666E-22 1.491882302714999E-17 -9.751088127111558E-19
 4.690000 0.0016932143179538232 0.025672961105492335 3.083003839858763E-17 2.0144494215607145E-17 -3.963570852108375E-18 0.013944002703651382 0.18226263698090348 0.21049703999892047 -3.2700828818767155E-17 7.996748068824438E-17 3.437908577274845E-17 -3.635776834416976E-17 0.010084533396822094 0.007794376283488307 0.09734548997758324 0.1159157917538351 1.6681780798131909E-16 1.2718769020066469E-17 -6.369916339723571E-17 -1.2853380455229168E-17 0.10881287585381745 0.09866042379350753 5.4521613286896366E-17 2.2309835686513747E-17 -1.6215323195138062E-22 -2.2832768095562284E-22 8.494276873107637E-18 7.48348249958054E-19
 4.700000 0.001696109496332208 0.02567807919499318 -1.0178454830881642E-17 -3.5760507388796265E-17 3.1867581062607144E-18 0.013944475421258267 0.1822536431887479 0.2104875085923176 -3.759257711251524E-17 -5.070363652525611E-18 -7.557959392211853E-17 2.0416261129015612E-19 0.01005187358741562 0.007760954781662296 0.09733170918252279 0.1159020634383408 6.754928425836735E-18 -3.8278842572655773E-17 5.899366709445079E-17 4.6525187312891473E-17 0.10880935918598814 0.0986562645467917 2.8484245044920257E-17 -1.7683755888182472E-17 1.7818424658148444E-22 1.781842465814844E-22 1.0793729838134325E-17 4.4533363929104935E-18
 4.710000 0.0016989857341008993 0.02568315466321894 2.6734884901154943E-17 7.049260371884747E-18 1.21275460449258E-18 0.013944939076327819 0.18224469536627846 0.21047799050139981 4.774938134199045E-18 -3.94734550025559E-17 8.42758633815699E-17 4.90755696993334E-17 0.010019324357907875 0.007727646454427246 0.09731795140620288 0.11588836635701508 1.5317484390331378E-16 -1.563226150988264E-16 -3.6952449696598005E-17 1.926192714603154E-18 0.1088058522935139 0.09865212486615244 -2.7846808806738507E-17 -1.304099097758333E-16 -2.1640732480833006E-22 -2.1640732480833006E-22 1.3017197172195226E-17 7.900212981262967E-18
 4.720000 0.0017018427927861226 0.025688188070447752 -1.0060475498355013E-17 -3.4352203115679384E-17 -8.627944263403842E-19 0.013945393868546064 0.18223579303253382 0.2104684866800134 -6.567699136312433E-17 4.6975114352626895E-18 -9.480521437594137E-17 -5.180412772938061E-17 0.009986885284310573 0.0076944509267120155 0.09730421698385304 0.11587470037707366 8.268131650237072E-17 -1.6675503193151382E-17 2.003188372176965E-17 -2.2822503347355656E-18 0.10880235539941496 0.09864800462498964 2.370707609454288E-18 -9.294621927367193E-18 -1.2560162054077782E-23 -1.256016205407778E-23 -1.955738297488611E-17 4.845832127999339E-18
 4.730000 0.0017046804455003025 0.025693179955044963 -6.334788443271091E-17 -1.3818953987323368E-17 9.308410460060543E-18 0.013945839988930307 0.1822269357107418 0.2104589980164498 2.608011124508134E-17 -7.874895433170564E-17 8.902060746186887E-17 4.2098205580248037E-17 0.009954555937116314 0.007661367814388268 0.09729050618533941 0.11586106534695832 -1.6722826484491537E-16 5.344050894302514E-17 8.178040414405256E-17 1.854806370808351E-17 0.10879886865624919 0.09864390363628359 -1.4966687384440476E-17 4.3101019379280675E-17 -2.553945705441002E-24 -2.553945705441002E-24 -3.9708369015071E-19 -4.495360027157909E-18
 4.740000 0.0017074984816609635 0.0256981308396089 1.9398725070865797E-17 -8.837827410318498E-19 -5.469850245066754E-18 0.013946277620622713 0.18221812291729128 0.2104495253269151 2.342979479757394E-17 -4.3129603909733605E-17 1.0725980495427247E-17 -3.5536057578044305E-18 0.009922335880483829 0.007628396723666487 0.09727681923652946 0.11584746110917651 7.103082078368897E-17 -7.47026889735111E-18 5.533929964493456E-17 -3.1821800831976426E-17 0.10879539218470223 0.09863982169099396 4.415583763049014E-17 -9.293580613325458E-18 -1.6199363590415357E-22 -1.6199363590415357E-22 -5.551353108584882E-18 6.950233176610664E-18
 4.750000 0.0017102967102081983 0.025703041235371336 -2.307000585205739E-17 -1.8945876189844922E-18 -2.1749157826687453E-18 0.013946706939549967 0.18220935415492548 0.21044006935304624 -2.2762769884654992E-17 -4.5681300624802326E-17 -9.300349085847493E-18 1.3590694725089155E-17 0.009890224672000058 0.007595537251098573 0.0972631563361808 0.11583388750960202 1.3651451858492703E-16 4.627054388219375E-17 6.017202342439386E-17 -2.4747625620481063E-17 0.1087919261015928 0.09863575858665889 4.784441953262069E-18 -2.448300579963366E-21 -9.452845123641228E-23 -2.835400223217004E-23 2.9101630969893713E-17 2.3691026007494856E-18
 4.760000 0.0017130749610601988 0.025707911644716176 -9.509094279917967E-18 -7.256734857869089E-18 -7.353655357020479E-18 0.013947128114954323 0.18220062891080133 0.2104306307636753 8.812251379319524E-17 4.3416595810381735E-17 -2.0026924160978965E-17 1.2601750325067531E-17 0.009858221863090598 0.007562788984218116 0.0972495176675975 0.11582034440286375 1.202698811284804E-16 1.9405857273298488E-17 -1.0404786001102215E-18 -9.513943187287453E-19 0.10878847053650911 0.09863171414441654 -4.25957632716106E-17 7.883512353523294E-17 -8.808744149901287E-23 -8.808744149901287E-23 -6.705107344816398E-18 4.731637629038731E-18
 4.770000 0.0017158330849066858 0.02571274256202436 -2.090894466408692E-17 1.5775153091881322E-17 -5.483653000910142E-18 0.013947541309813552 0.1821919466584396 0.21042121016025334 2.883102848384667E-17 -7.592014374973864E-18 -2.2364677197106308E-17 6.017789730772431E-17 0.009826326999938548 0.007530151502685679 0.09723590340506713 0.11580683165409056 6.318525700529846E-18 1.7113711383732264E-17 -2.6006304998383614E-17 -6.254789744342901E-18 0.10878502563750998 0.09862768821534645 9.727994317876245E-17 2.640222300716676E-17 -1.3347992988622358E-22 -1.1310318777391718E-24 1.9458521060471873E-17 -3.673569657807368E-18
 4.780000 0.0017185709517840652 0.025717534473295472 7.04405844421942E-18 7.940793424546263E-18 2.4105933872632923E-18 0.013947946681186096 0.18218330686257758 0.21041180808470075 -1.532793022047344E-17 2.7293705549868415E-18 8.12667214769218E-17 -4.4425732566986525E-18 0.009794539624755034 0.007497624379760616 0.0972223137163205 0.11579334913798853 1.9980872621023374E-16 9.601352315809703E-17 -3.6826933041607094E-17 -2.1343370444113007E-17 0.10878159156898996 0.09862368067865177 -1.1094203346359766E-16 -1.8419872686841298E-16 -4.963655772263856E-23 -1.1581100672688079E-22 2.1925114050088865E-17 2.619085127361782E-18
 4.790000 0.0017212884486906257 0.025722287854863437 -1.6502156580603205E-17 9.308609941145798E-18 8.999623877556972E-18 0.013948344380500206 0.1821747089857279 0.21040242502859707 1.5667640643491054E-17 -1.799608127238786E-17 2.225689324374572E-17 6.038233903646201E-17 0.009762859277216263 0.007465207183897241 0.09720874876152111 0.1157798967355982 -1.796118085482473E-16 3.193250901757343E-17 -9.791142008338176E-18 -7.499221038034514E-18 0.10877816850319366 0.09861969143310405 2.288385838867405E-17 1.6331441453901548E-16 1.5039450392820409E-22 1.5039450392820409E-22 -2.4729222546509822E-18 -4.469258870286609E-19
 4.800000 0.0017239854772394512 0.025727003172102633 6.564478275434845E-17 -2.6536797852811556E-18 -8.833565366675975E-18 0.013948734553781613 0.18216615249430085 0.21039306144189526 -3.896510150256155E-17 -4.91719608404092E-17 -1.100315056265947E-16 9.17002551981939E-18 0.009731285495774964 0.007432899480243177 0.09719520869159018 0.11576647433117902 -2.274083547331235E-17 -3.043036292768281E-17 -2.8190876995816215E-17 5.706062883173232E-18 0.10877475661122872 0.09861572038839048 5.683099886168818E-17 -1.5008518876304478E-17 -1.434640584232586E-22 -1.434640584232586E-22 -2.3896391045578124E-18 3.4689248512003235E-18
 4.810000 0.001726661951271288 0.025731680878149896 -2.4130573550674304E-17 -2.8845267738596834E-17 2.270000828397128E-18 0.013949117341888476 0.18215763686427028 0.210383717740579 4.8129215469800564E-17 -4.251170797492028E-18 -4.6454640599670845E-17 -8.450021230774866E-18 0.009699817818827535 0.007400700831902427 0.09718169364572136 0.11575308180873556 1.7636515135804175E-16 1.648795042451443E-17 4.5860354541227456E-17 2.379786075240906E-20 0.10877135605386103 0.09861176745523503 -4.40140694545012E-17 -3.087463364330291E-17 8.392440853515088E-24 -5.778200815072714E-23 -2.333564091647121E-18 -3.975667498463844E-18
 4.820000 0.0017293177949290754 0.025736321413041753 -2.1459731498204127E-17 -2.863095270725641E-17 -2.677966888957481E-19 0.013949492880706916 0.1821491615851385 0.21037439431287228 -6.1682816302356225E-18 -6.354711235356869E-17 9.07566100309942E-17 -5.690397340654232E-17 0.00966845578557849 0.007368610800946983 0.09716820374942829 0.11573971904950323 1.4981384979969035E-16 1.6289746384695715E-16 6.556234952322245E-17 6.7876486530209714E-18 0.1087679669742777 0.0986078325381973 2.8742546744058886E-17 -3.6814873130481503E-17 -3.833660241107065E-24 6.234078876313515E-23 -8.377720606979207E-18 -2.793491827771779E-19
 4.830000 0.0017319529412673422 0.025740925203374877 9.702419887989881E-17 4.1383254802245346E-17 1.6818221453200535E-18 0.013949861301361105 0.18214072616242138 0.2103650915234256 9.869828939260933E-18 6.420904344180274E-17 3.14675296747282E-17 2.908828738026371E-17 0.00963719893663826 0.007336628949086142 0.09715473911352768 0.11572638593047627 -3.2049637389217704E-16 -7.22246681281344E-17 -5.413789395316278E-17 -2.665778547957662E-17 0.1087645894941582 0.09860391553098502 3.5124912867324047E-17 1.1492498092046866E-16 -1.2257484238489472E-22 -5.640039338065254E-23 -1.2499157114164163E-19 4.0332873637004386E-18
 4.840000 0.0017345673314110874 0.025745492662471416 2.6885534553859688E-17 3.4954167269124536E-17 4.42781024471905E-18 0.013950222730399656 0.18213233011839858 0.21035580971602474 -1.2091586387407206E-17 -7.70053241318388E-18 1.0850929924448905E-16 2.219198274546234E-17 0.009606046814334935 0.007304754838094981 0.09714129983416157 0.11571308232412778 -1.419549812486904E-16 9.143300130883145E-17 -1.9558761790278732E-17 5.4890648969028053E-17 0.10876122371251862 0.09860001631513442 -9.135536634296374E-17 1.9644809706016754E-17 -6.996042328290512E-23 -3.785974278662932E-24 -8.096704096217721E-19 -2.4635741397600234E-18
 4.850000 0.0017371609141483052 0.02575002419095069 -7.225325814200262E-17 7.31355113834357E-17 3.3905036062535015E-18 0.013950577290001988 0.18212397299183924 0.21034654921479234 -3.8856777661652575E-17 2.5799899610270685E-17 -5.827394163709606E-17 3.0605021608691364E-17 0.009574998962849045 0.0072729880299974535 0.09712788599374828 0.11569980809896463 -3.720108163849654E-17 4.3096023860595496E-17 -1.103073208109958E-17 -1.6420492605977868E-17 0.10875786970734964 0.0985961347608119 -9.36518617124553E-19 -7.205345451379888E-17 -7.295666928478484E-23 -1.391311182890271E-22 -1.9967889776218692E-17 2.7660130738106056E-18
 4.860000 0.0017397336458302767 0.025754520177572533 -6.994167673331387E-17 7.98553531896922E-18 -3.245526546911107E-18 0.013950925098175679 0.1821156543368219 0.21033731032479228 -7.584298356995549E-17 -1.023383361462233E-17 1.307589317519242E-17 5.687525938189037E-18 0.009544054928201142 0.007241328087150768 0.09711449766255004 0.11568656312080987 2.927936286708535E-17 -2.014100079060522E-17 -2.6427683821464826E-17 -2.8560846403078425E-17 0.10875452753867106 0.09859227072963916 3.5968040510875065E-17 2.0490705130097857E-18 -1.9810894040066433E-23 4.636355496417576E-23 -1.271045340952173E-17 -3.8767559979234415E-18
 4.870000 0.0017422854904546319 0.025758981000192468 4.287414871374382E-17 -6.40608612524318E-17 -7.40229262028681E-18 0.013951266268938273 0.18210737372125912 0.21032809333194066 -3.026162338522841E-17 -6.987346698897077E-17 7.449030372742706E-17 -1.768399449980538E-17 0.009513214258181088 0.007209774572226832 0.09710113490055167 0.11567334725434504 1.825336153893482E-16 -5.3175278602415195E-17 6.326291142356186E-17 7.214961704719657E-18 0.10875119725263373 0.0985884240781629 3.187607630024913E-17 5.307222353821753E-17 -4.790714726018857E-23 -4.7907147260188556E-23 -5.663340356026228E-18 1.250898764865433E-17
 4.880000 0.0017448164197539607 0.025763407026715594 -1.3313924563816938E-17 3.497648568844117E-17 5.691451330014802E-18 0.013951600912501357 0.18209913072536565 0.21031889850303961 1.1923160888362202E-17 -5.4053594712309575E-17 4.6943136848508104E-17 2.3655627562724436E-17 0.009482476502257493 0.0071783270482019415 0.09708779775936108 0.11566016036467501 -4.216647112731708E-16 -9.624147678982993E-17 -2.800605453004125E-17 -1.8295247809737075E-17 0.10874787888549481 0.09858459466150715 -2.882320277729377E-17 4.275940035732799E-17 -4.648416900563177E-23 -4.6484169005631766E-23 2.9908802989402177E-17 9.16582886216235E-19
 4.890000 0.0017473264132160595 0.025767798615936435 2.988966519707523E-17 2.5324654498405783E-17 5.692754413872171E-18 0.013951929135461139 0.18209092494048626 0.21030972608593776 -1.1255278393785022E-17 7.171159584396032E-17 5.548227590737959E-17 9.081761103086937E-18 0.009451841211552497 0.007146985078373677 0.09707448628390108 0.11564700231862442 -5.881290176634776E-17 -3.813252796324578E-17 -2.1589521033322694E-17 1.3689521673159664E-17 0.1087445724671289 0.09858078233630718 -1.3255131416277136E-17 -8.687409641550337E-17 -8.808558272403837E-23 -8.808558272403837E-23 1.2169018048721602E-17 -6.308228388974551E-18
 4.900000 0.001749815458009412 0.025772156118217794 -6.280704536564344E-18 -3.283516770420764E-17 -1.0750983623858445E-18 0.013952251040945388 0.18208275596813656 0.2103005763100085 1.995031355970132E-18 -3.8487887212458803E-17 -6.388566167547109E-18 4.218026132113003E-17 0.009421307938809376 0.00711574822641463 0.09706120051368984 0.11563387298575538 -2.911069740862736E-17 -8.304409844138416E-17 -6.498436953359123E-17 3.745800595373572E-18 0.1087412780234966 0.09857698696299166 5.706005563166528E-17 -7.15087380258454E-18 5.466247874149693E-23 5.466247874149693E-23 -9.545773524877695E-18 -1.1142544994344842E-18
 4.910000 0.0017522835487441286 0.025776479876019446 2.652030634979235E-17 3.1858407282796085E-17 -2.8568097589612853E-18 0.013952566728790049 0.18207462341953562 0.2102914493869134 2.1438351843490675E-17 3.793646242106533E-17 -6.23128022499099E-17 1.1592518896428076E-17 0.009390876238455567 0.007084616056470845 0.0970479404837954 0.11562077223889577 -7.878404392443522E-17 -7.706497263915119E-17 5.887616829239921E-17 -2.854928144556923E-17 0.10873799557830971 0.0985732084069202 4.466579884650166E-17 -2.0742017694775396E-17 1.7715881251910475E-23 1.771588125191047E-23 -1.3216426191099366E-17 2.2841475077362337E-18
 4.920000 0.001754730687135061 0.025780770224245582 5.367232309015547E-17 -9.532210391879829E-18 -4.0702251728478054E-18 0.013952876295680127 0.18206652691542347 0.21028234551168648 -3.893536541629826E-17 1.2256605526393719E-17 2.92438150358775E-18 2.3282603615597058E-17 0.009360545666674226 0.007053588133304658 0.09703470622533546 0.11560769995436904 2.2606263117972436E-17 7.39169826012067E-17 -1.5075028872649217E-17 1.3623353713087655E-17 0.10873472515362219 0.09856944653867276 -1.2357316268250832E-17 6.47051367141939E-18 4.9850919918979364E-23 -1.6323529085262823E-23 -1.7104402976056234E-18 -9.151718834926966E-18
 4.930000 0.0017571568815687262 0.025785027490499036 1.9025647885580216E-18 1.1298811801456148E-17 -6.279716862750391E-18 0.013953179835290633 0.18205846608613302 0.21027326486398332 -4.231551151340806E-17 -1.42761766532337E-17 8.13189848443632E-17 -7.469671684592193E-18 0.00933031578152086 0.007022664022460018 0.09702149776573758 0.11559465601191092 -6.078598065117303E-17 2.83457836561771E-19 9.930696598230796E-19 2.016463429528415E-17 0.10873146676980998 0.09856570123372105 -2.869887163193194E-17 -2.4028594925222158E-17 3.5194340550503916E-22 2.857689565007969E-22 -2.907394782788636E-17 -6.2886826271921024E-18
 4.940000 0.0017595621466362519 0.025789251995246044 -2.1886421603497927E-17 5.308633930680535E-18 8.56261458759034E-19 0.013953477438419197 0.1820504405716916 0.21026420760940218 -3.0073074291707526E-17 -7.471063898747972E-17 5.3792370302099996E-17 6.092474778155172E-17 0.009300186143025463 0.006991843290428737 0.09700831512876966 0.11558164029441294 -4.6366074022338623E-17 3.694380001883439E-17 2.8235680479850437E-17 -1.795757619212571E-17 0.1087282204450733 0.09856197237170708 7.683289657926701E-17 -1.0521852602349361E-16 4.818527477718963E-23 -1.7989174227052566E-23 9.704122800717661E-18 -4.9552548952778564E-18
 4.950000 0.0017619465026634917 0.02579344405196404 -5.4321595719507505E-17 2.6758203348883627E-17 -8.770650833661064E-19 0.013953769193112784 0.1820424500219737 0.21025517390066772 5.367703857063743E-18 -1.4237765536016246E-17 -1.477455828916601E-16 -5.391625879336714E-17 0.009270156313297133 0.00696112550479902 0.09699515833450012 0.11556865268756374 1.910264200498879E-16 1.0746355307388171E-17 -3.1193147960259075E-18 2.109274360468909E-17 0.10872498619482338 0.09855825983548125 1.0711225663896234E-18 -6.41745095116569E-17 4.537251057272733E-23 4.537251057272733E-23 5.725723591969632E-18 -4.47841566649682E-18
 4.960000 0.0017643099752753307 0.02579760396727878 3.0263172968159807E-18 2.7022131118871884E-17 -9.67661509643055E-18 0.013954055184785793 0.1820344940968306 0.2102461638787907 -1.3551563092247677E-17 6.170230446731093E-18 -1.7480572871787764E-17 4.5838148683816465E-17 0.0092402258566115 0.006930510234391191 0.0969820273992638 0.11555569307951198 -2.6162740417128046E-16 -5.951983248850316E-17 4.741822000252032E-18 5.022927399620916E-17 0.10872176403114057 0.09855456351025911 2.6529799318538083E-18 1.2143616801268458E-16 -1.34306115570081E-22 -6.813166656583877E-23 8.011466274921733E-18 3.999945594974374E-18
 4.970000 0.0017666525950034084 0.025801732041132577 -1.140529546087257E-17 6.557843680474562E-18 -4.894006810967222E-18 0.013954335496328997 0.18202657246595166 0.210237177674012 1.3102878765371247E-17 2.866021681121813E-17 5.760002386697034E-17 7.234136236901095E-17 0.009210394339457575 0.006899997049360817 0.09696892233562933 0.11554276136057347 -2.1936931316149515E-16 -2.7638639650127504E-17 9.333129398216294E-17 3.2643016071997874E-17 0.10871855396226632 0.09855088328300042 1.0691323911742628E-16 4.176207088092488E-17 1.2011692476509908E-23 1.2011692476509911E-23 1.9302405813601607E-17 -3.731169456546209E-18
 4.980000 0.0017689743969509294 0.025805828566976628 -3.433855572499587E-17 6.111153580985933E-18 -8.23058022084941E-18 0.013954610208228519 0.18201868480879332 0.21022821540657033 7.675405739842545E-18 1.6722005949363457E-17 -1.0791673121304334E-16 1.2111446143702518E-17 0.009180661330583595 0.006869585521279098 0.09695584315249844 0.11552985742301893 9.159891763405795E-17 -6.773993497191854E-18 -1.7788971466169957E-17 1.8267615185613705E-17 0.10871535599251693 0.09854721904188717 3.329854711081623E-17 3.6678811098823125E-18 -1.7497262335736146E-22 -1.087981743531192E-22 -3.433113881311356E-18 -4.090460496126804E-18
 4.990000 0.0017712754205343414 0.02580989383200437 4.1876587070646644E-17 1.6854188432288384E-17 4.7808435303360324E-18 0.013954879398656224 0.18201083081422334 0.21021927718729558 8.379304834829306E-19 -8.779962375277293E-17 6.323082219731188E-17 -7.863843311650496E-18 0.009151026400995643 0.006839275223176042 0.0969427898552596 0.11551698116098234 -7.27426567665911E-17 4.755485111037836E-17 1.3822123515230451E-17 1.0789875405586154E-17 0.10871217012233335 0.0985435706762583 -3.941118566885203E-17 -8.563862499071866E-17 2.4095900308215565E-23 2.4095900308215565E-23 1.8137944230934842E-18 2.9543853558362165E-18
 5.000000 0.0017735557092368227 0.025813928117398445 3.557075199177762E-18 -5.432872591005376E-17 -3.128937374672408E-18 0.013955143143580172 0.18200301018016893 0.21021036311814678 4.182467276005063E-17 -3.872861393191547E-18 7.110347920262984E-17 -3.358145467077222E-17 0.009121489123956928 0.0068090657295833395 0.09692976244599862 0.11550413247040431 2.0628719874427305E-16 1.7078374902145688E-16 4.9016032351015057E-17 -4.9796265955599494E-18 0.10870899634851343 0.09853993807659943 -1.207247096057594E-16 -1.310370090674901E-16 3.4159818337261644E-22 3.4159818337261644E-22 -1.2102860606928498E-17 -4.085987783400237E-18
