# vtk DataFile Version 3.0
VolumeMesh
ASCII
DATASET UNSTRUCTURED_GRID

POINTS 3181 float
0.137982 -0.016829 0.084833
0.138300 -0.014631 0.085104
0.138303 0.014634 0.085102
0.137985 0.016832 0.084829
0.136393 -0.019064 0.086839
0.137398 -0.018899 0.085942
0.136582 -0.016725 0.087001
0.137776 -0.016563 0.086250
0.138198 -0.016215 0.085655
0.136971 -0.014142 0.087360
0.138202 -0.014195 0.086405
0.138784 -0.014498 0.085525
0.138448 -0.012042 0.086477
0.138451 0.012044 0.086474
0.136975 0.014144 0.087363
0.138205 0.014198 0.086404
0.138786 0.014501 0.085521
0.136586 0.016729 0.086998
0.137780 0.016567 0.086247
0.138200 0.016219 0.085652
0.136397 0.019069 0.086831
0.137402 0.018903 0.085937
0.135228 -0.020364 0.087859
0.134465 -0.018105 0.088868
0.135563 -0.018496 0.088551
0.136790 -0.018256 0.087912
0.134817 -0.016201 0.088941
0.135990 -0.016270 0.088663
0.137566 -0.016634 0.088123
0.135372 -0.014307 0.089295
0.136360 -0.013906 0.088777
0.137787 -0.014098 0.088253
0.138519 -0.014383 0.087721
0.136523 -0.011978 0.089129
0.138027 -0.012001 0.088449
0.138979 -0.013021 0.087754
0.138180 -0.010817 0.088746
0.138182 0.010818 0.088746
0.136527 0.011980 0.089130
0.138031 0.012003 0.088447
0.138982 0.013023 0.087750
0.135377 0.014309 0.089297
0.136364 0.013909 0.088782
0.137790 0.014101 0.088251
0.138521 0.014386 0.087717
0.134822 0.016205 0.088936
0.135994 0.016274 0.088660
0.137569 0.016638 0.088121
0.134470 0.018110 0.088860
0.135567 0.018501 0.088543
0.136794 0.018261 0.087907
0.135232 0.020371 0.087854
0.134152 -0.020284 0.089990
0.135164 -0.019979 0.089868
0.133170 -0.017932 0.091024
0.134187 -0.018278 0.090523
0.135642 -0.018349 0.090393
0.136743 -0.017958 0.089908
0.133792 -0.016435 0.091367
0.134188 -0.015917 0.090896
0.135957 -0.016214 0.090648
0.137510 -0.016454 0.090069
0.134700 -0.014037 0.091068
0.136005 -0.013834 0.090726
0.137594 -0.014029 0.090248
0.138380 -0.014406 0.089698
0.135277 -0.012362 0.091438
0.135880 -0.011509 0.090848
0.137757 -0.011790 0.090287
0.138759 -0.012699 0.089666
0.136317 -0.010283 0.091126
0.137823 -0.009971 0.090270
0.136319 0.010284 0.091126
0.137824 0.009971 0.090272
0.135281 0.012364 0.091438
0.135882 0.011512 0.090849
0.137759 0.011791 0.090284
0.138760 0.012703 0.089661
0.134706 0.014040 0.091067
0.136010 0.013837 0.090731
0.137597 0.014031 0.090246
0.138382 0.014410 0.089694
0.133798 0.016440 0.091359
0.134194 0.015922 0.090889
0.135962 0.016217 0.090645
0.137515 0.016458 0.090066
0.133176 0.017937 0.091015
0.134192 0.018283 0.090516
0.135645 0.018353 0.090385
0.136747 0.017963 0.089903
0.134157 0.020291 0.089987
0.135168 0.019985 0.089863
0.132582 -0.019854 0.092275
0.134042 -0.020367 0.091994
0.135014 -0.019432 0.092044
0.132364 -0.018029 0.092443
0.134006 -0.018304 0.092503
0.135874 -0.018255 0.092414
0.133128 -0.016280 0.093189
0.134211 -0.016095 0.092983
0.135998 -0.015971 0.092700
0.137316 -0.016203 0.092046
0.134126 -0.013869 0.093015
0.135930 -0.013614 0.092718
0.137542 -0.013982 0.092187
0.138242 -0.014168 0.091781
0.134681 -0.012097 0.093166
0.135946 -0.011464 0.092791
0.137670 -0.011771 0.092263
0.138638 -0.012451 0.091758
0.135929 -0.009430 0.092375
0.137696 -0.009806 0.092125
0.138574 -0.010763 0.091781
0.137436 -0.008142 0.092493
0.131254 -0.001819 0.097830
0.129178 -0.000727 0.098158
0.131060 -0.000729 0.097278
0.129177 0.000758 0.098166
0.131064 0.000762 0.097280
0.131262 0.001843 0.097838
0.137439 0.008140 0.092494
0.135931 0.009430 0.092374
0.137699 0.009806 0.092127
0.138575 0.010764 0.091786
0.134687 0.012098 0.093164
0.135952 0.011466 0.092791
0.137675 0.011772 0.092259
0.138641 0.012453 0.091749
0.134131 0.013872 0.093012
0.135934 0.013616 0.092725
0.137544 0.013984 0.092185
0.138244 0.014170 0.091777
0.133133 0.016285 0.093180
0.134215 0.016099 0.092976
0.136002 0.015974 0.092696
0.137320 0.016207 0.092044
0.132371 0.018035 0.092433
0.134012 0.018309 0.092497
0.135878 0.018259 0.092406
0.132589 0.019861 0.092269
0.134048 0.020374 0.091991
0.135019 0.019437 0.092040
0.132310 -0.021176 0.094051
0.131265 -0.019275 0.094508
0.132325 -0.019890 0.094091
0.133833 -0.020124 0.094027
0.131283 -0.018310 0.094549
0.132222 -0.018122 0.094448
0.133900 -0.018190 0.094570
0.135660 -0.018106 0.094344
0.132539 -0.015988 0.094909
0.134046 -0.016033 0.095073
0.135855 -0.016043 0.094706
0.137058 -0.016111 0.093982
0.133111 -0.014336 0.095309
0.134091 -0.013943 0.095054
0.135914 -0.013877 0.094718
0.137730 -0.014503 0.094038
0.137991 -0.013987 0.093774
0.134164 -0.011907 0.094901
0.135839 -0.011646 0.094795
0.137515 -0.012021 0.094254
0.138413 -0.012270 0.093761
0.134855 -0.010241 0.094802
0.135879 -0.009545 0.094217
0.137492 -0.009788 0.093956
0.138579 -0.010879 0.093746
0.135754 -0.007524 0.094332
0.137563 -0.007725 0.094055
0.138080 -0.008711 0.093971
0.136705 -0.006453 0.095115
0.132026 -0.002905 0.098925
0.129871 -0.002581 0.099269
0.131906 -0.002642 0.098477
0.133052 -0.001919 0.097811
0.128193 -0.000749 0.100390
0.129430 -0.000990 0.099464
0.131745 -0.000999 0.098530
0.133759 -0.000866 0.097368
0.128192 0.000752 0.100391
0.129428 0.000958 0.099474
0.131739 0.000908 0.098537
0.133743 0.000867 0.097352
0.129865 0.002584 0.099284
0.131902 0.002649 0.098488
0.133048 0.001925 0.097813
0.132022 0.002913 0.098936
0.136705 0.006451 0.095117
0.135757 0.007524 0.094333
0.137565 0.007719 0.094055
0.138085 0.008694 0.093973
0.134860 0.010243 0.094800
0.135883 0.009546 0.094216
0.137495 0.009785 0.093956
0.138589 0.010859 0.093755
0.134172 0.011908 0.094897
0.135846 0.011647 0.094796
0.137520 0.012021 0.094251
0.138417 0.012255 0.093756
0.133115 0.014339 0.095299
0.134096 0.013944 0.095050
0.135920 0.013881 0.094724
0.137733 0.014506 0.094034
0.137994 0.013985 0.093770
0.132545 0.015992 0.094899
0.134051 0.016036 0.095065
0.135860 0.016047 0.094702
0.137063 0.016116 0.093977
0.131290 0.018317 0.094540
0.132228 0.018128 0.094438
0.133905 0.018194 0.094564
0.135663 0.018111 0.094338
0.131272 0.019281 0.094500
0.132331 0.019897 0.094084
0.133839 0.020129 0.094023
0.132316 0.021183 0.094047
0.131630 -0.021138 0.095668
0.130956 -0.019722 0.096219
0.132075 -0.019881 0.095987
0.133669 -0.019697 0.096074
0.130857 -0.018033 0.096379
0.132133 -0.018017 0.096428
0.133847 -0.017966 0.096589
0.135459 -0.017825 0.096298
0.131545 -0.016296 0.097066
0.132454 -0.015995 0.096882
0.134022 -0.015953 0.097173
0.135718 -0.015795 0.096704
0.136797 -0.015772 0.095995
0.132596 -0.014009 0.097150
0.134035 -0.013913 0.097093
0.135922 -0.013761 0.096690
0.137428 -0.014139 0.096050
0.133185 -0.012424 0.097326
0.134180 -0.012007 0.096904
0.135934 -0.011640 0.096791
0.137536 -0.011991 0.096183
0.138168 -0.012054 0.095757
0.134326 -0.010028 0.096790
0.135768 -0.009575 0.096281
0.137415 -0.009858 0.095989
0.138489 -0.010507 0.095667
0.135031 -0.008225 0.096392
0.135253 -0.007442 0.096301
0.137115 -0.007810 0.095950
0.137969 -0.008725 0.095858
0.135211 -0.005606 0.096774
0.136720 -0.005975 0.096671
0.131342 -0.003249 0.100760
0.132706 -0.003240 0.100219
0.135302 -0.004064 0.098139
0.129195 -0.002275 0.101772
0.130443 -0.002281 0.101124
0.132481 -0.002309 0.100554
0.134784 -0.002407 0.099195
0.128494 -0.000874 0.102182
0.130007 -0.000883 0.101377
0.132442 -0.000868 0.100499
0.134563 -0.000768 0.099187
0.135863 -0.000783 0.099014
0.128492 0.000879 0.102185
0.130006 0.000873 0.101384
0.132441 0.000857 0.100502
0.134555 0.000775 0.099174
0.135855 0.000790 0.099004
0.129189 0.002281 0.101782
0.130439 0.002285 0.101136
0.132479 0.002317 0.100562
0.134783 0.002416 0.099193
0.131335 0.003257 0.100774
0.132702 0.003252 0.100230
0.135298 0.004071 0.098144
0.135207 0.005611 0.096781
0.136716 0.005977 0.096675
0.135030 0.008229 0.096394
0.135251 0.007446 0.096304
0.137113 0.007811 0.095950
0.137967 0.008722 0.095858
0.134326 0.010032 0.096791
0.135767 0.009578 0.096279
0.137415 0.009860 0.095987
0.138492 0.010510 0.095663
0.133190 0.012427 0.097320
0.134184 0.012010 0.096902
0.135936 0.011643 0.096793
0.137537 0.011993 0.096180
0.138168 0.012060 0.095755
0.132598 0.014013 0.097136
0.134037 0.013917 0.097088
0.135925 0.013764 0.096695
0.137431 0.014142 0.096046
0.131549 0.016302 0.097055
0.132459 0.016000 0.096871
0.134026 0.015958 0.097164
0.135722 0.015799 0.096700
0.136801 0.015775 0.095990
0.130863 0.018039 0.096370
0.132139 0.018023 0.096418
0.133852 0.017971 0.096584
0.135463 0.017829 0.096293
0.130963 0.019728 0.096213
0.132081 0.019887 0.095981
0.133675 0.019702 0.096070
0.131636 0.021145 0.095664
0.131450 -0.020664 0.097681
0.130567 -0.019681 0.098147
0.131953 -0.019650 0.098017
0.133505 -0.019160 0.098094
0.130421 -0.017721 0.098204
0.132088 -0.017889 0.098457
0.133850 -0.017646 0.098641
0.135186 -0.017313 0.098344
0.131068 -0.015949 0.098868
0.132207 -0.015819 0.098822
0.134021 -0.015705 0.099252
0.135660 -0.015544 0.098658
0.136511 -0.015386 0.098006
0.132146 -0.013653 0.098968
0.134028 -0.013631 0.099114
0.135960 -0.013592 0.098670
0.137112 -0.014010 0.098078
0.132676 -0.011954 0.099226
0.133997 -0.011684 0.098843
0.136023 -0.011571 0.098773
0.137731 -0.012397 0.098062
0.137871 -0.012011 0.097738
0.134110 -0.009777 0.098724
0.136044 -0.009612 0.098327
0.137603 -0.010136 0.098021
0.138241 -0.010469 0.097575
0.134839 -0.008358 0.098709
0.136010 -0.007710 0.098314
0.137530 -0.008037 0.097954
0.137805 -0.008878 0.097672
0.134764 -0.005271 0.099647
0.135718 -0.005625 0.098704
0.136723 -0.005911 0.098405
0.131442 -0.003579 0.102918
0.133176 -0.003595 0.101643
0.135435 -0.003978 0.099963
0.136784 -0.004130 0.099752
0.129402 -0.002515 0.103658
0.130952 -0.002261 0.103049
0.133117 -0.002397 0.102450
0.135184 -0.002455 0.100871
0.136753 -0.002514 0.100452
0.128646 -0.000487 0.104199
0.129279 -0.000816 0.103876
0.130763 -0.000806 0.103358
0.133007 -0.000848 0.102506
0.135116 -0.000834 0.101047
0.136778 -0.000820 0.100667
0.128646 0.000493 0.104200
0.129278 0.000819 0.103879
0.130763 0.000808 0.103363
0.133007 0.000852 0.102509
0.135109 0.000842 0.101037
0.136769 0.000825 0.100660
0.129399 0.002521 0.103668
0.130951 0.002266 0.103060
0.133116 0.002406 0.102457
0.135180 0.002462 0.100870
0.136749 0.002519 0.100453
0.131438 0.003587 0.102931
0.133173 0.003607 0.101654
0.135430 0.003987 0.099968
0.136780 0.004135 0.099757
0.134761 0.005280 0.099656
0.135715 0.005632 0.098710
0.136720 0.005915 0.098410
0.134840 0.008365 0.098713
0.136009 0.007716 0.098316
0.137529 0.008038 0.097955
0.137805 0.008879 0.097672
0.134110 0.009784 0.098726
0.136045 0.009616 0.098323
0.137605 0.010136 0.098016
0.138243 0.010471 0.097566
0.132684 0.011959 0.099222
0.134004 0.011690 0.098843
0.136027 0.011573 0.098777
0.137733 0.012399 0.098056
0.137874 0.012012 0.097733
0.132146 0.013659 0.098948
0.134029 0.013637 0.099108
0.135964 0.013594 0.098672
0.137116 0.014013 0.098072
0.131071 0.015957 0.098857
0.132211 0.015824 0.098809
0.134024 0.015710 0.099244
0.135665 0.015547 0.098653
0.136515 0.015389 0.098001
0.130425 0.017728 0.098195
0.132092 0.017894 0.098446
0.133854 0.017651 0.098636
0.135190 0.017317 0.098340
0.130572 0.019688 0.098141
0.131958 0.019655 0.098011
0.133510 0.019165 0.098089
0.131455 0.020670 0.097676
0.130024 -0.020600 0.099882
0.129690 -0.019339 0.100716
0.130510 -0.019537 0.100238
0.132042 -0.019582 0.100149
0.133185 -0.018719 0.100074
0.129536 -0.017655 0.100672
0.130478 -0.017618 0.100324
0.132115 -0.017768 0.100586
0.134010 -0.017707 0.100701
0.134779 -0.016964 0.100403
0.130448 -0.015466 0.100664
0.132082 -0.015608 0.100871
0.134063 -0.015531 0.101283
0.135673 -0.015768 0.100483
0.131172 -0.013859 0.101273
0.132257 -0.013499 0.100990
0.134112 -0.013306 0.101161
0.135919 -0.013625 0.100695
0.136866 -0.013781 0.100074
0.132247 -0.011492 0.101035
0.133894 -0.011215 0.100769
0.136008 -0.011528 0.100744
0.137465 -0.012144 0.100032
0.134015 -0.009275 0.100735
0.136172 -0.009612 0.100368
0.137652 -0.010193 0.100053
0.138125 -0.010098 0.099620
0.134726 -0.007862 0.100921
0.136166 -0.007733 0.100409
0.137443 -0.008098 0.099944
0.134536 -0.005289 0.101967
0.135739 -0.005576 0.100790
0.136670 -0.005855 0.100293
0.131827 -0.003625 0.104635
0.133702 -0.003886 0.103189
0.135657 -0.003914 0.101995
0.137086 -0.004130 0.101449
0.129625 -0.002658 0.105513
0.131464 -0.002311 0.104923
0.133675 -0.002450 0.104364
0.135619 -0.002420 0.102996
0.137272 -0.002481 0.102417
0.128974 -0.000612 0.105985
0.129772 -0.000884 0.105689
0.131374 -0.000806 0.105390
0.133563 -0.000834 0.104453
0.135650 -0.000818 0.103036
0.137520 -0.000834 0.102469
0.128974 0.000618 0.105987
0.129772 0.000888 0.105693
0.131375 0.000811 0.105395
0.133564 0.000841 0.104455
0.135645 0.000824 0.103029
0.137514 0.000835 0.102466
0.129624 0.002664 0.105522
0.131464 0.002317 0.104933
0.133674 0.002458 0.104370
0.135615 0.002424 0.102997
0.137269 0.002483 0.102417
0.131825 0.003632 0.104648
0.133700 0.003896 0.103201
0.135652 0.003920 0.101999
0.137082 0.004134 0.101454
0.134536 0.005299 0.101979
0.135738 0.005584 0.100797
0.136669 0.005859 0.100299
0.134728 0.007869 0.100929
0.136166 0.007739 0.100412
0.137443 0.008098 0.099945
0.134019 0.009282 0.100740
0.136174 0.009618 0.100365
0.137655 0.010194 0.100045
0.138128 0.010100 0.099612
0.132258 0.011497 0.101033
0.133903 0.011222 0.100774
0.136013 0.011532 0.100752
0.137467 0.012147 0.100026
0.131173 0.013868 0.101257
0.132258 0.013506 0.100968
0.134116 0.013314 0.101154
0.135925 0.013629 0.100694
0.136870 0.013787 0.100065
0.130450 0.015473 0.100653
0.132085 0.015615 0.100857
0.134067 0.015537 0.101275
0.135678 0.015773 0.100478
0.129539 0.017661 0.100668
0.130481 0.017625 0.100316
0.132118 0.017774 0.100576
0.134013 0.017712 0.100697
0.134782 0.016970 0.100399
0.129695 0.019345 0.100712
0.130515 0.019543 0.100233
0.132047 0.019588 0.100144
0.133190 0.018724 0.100069
0.130029 0.020605 0.099878
0.129707 -0.020153 0.101853
0.128834 -0.019245 0.102371
0.130215 -0.019301 0.102217
0.131819 -0.019094 0.102211
0.128903 -0.017341 0.102232
0.130310 -0.017498 0.102331
0.132090 -0.017558 0.102650
0.133779 -0.017340 0.102661
0.129498 -0.015597 0.102860
0.130510 -0.015411 0.102693
0.132255 -0.015484 0.102954
0.134195 -0.015400 0.103188
0.135497 -0.015405 0.102478
0.130798 -0.013417 0.103124
0.132404 -0.013349 0.103032
0.134290 -0.013176 0.103203
0.135867 -0.013487 0.102658
0.136686 -0.013398 0.102096
0.131355 -0.011910 0.103569
0.132398 -0.011403 0.102914
0.134173 -0.010989 0.102764
0.136118 -0.011384 0.102698
0.137236 -0.011956 0.102086
0.133016 -0.009569 0.103583
0.134331 -0.009057 0.102775
0.136326 -0.009420 0.102397
0.137865 -0.010334 0.102002
0.134287 -0.007076 0.103276
0.136131 -0.007447 0.102444
0.137753 -0.008242 0.101737
0.133993 -0.005325 0.103728
0.135720 -0.005397 0.102714
0.136778 -0.005737 0.102165
0.132482 -0.003757 0.106471
0.134143 -0.003763 0.105151
0.135905 -0.003787 0.103990
0.137325 -0.003919 0.103413
0.129988 -0.002759 0.107387
0.131964 -0.002388 0.106882
0.134208 -0.002517 0.106368
0.136034 -0.002406 0.105175
0.137605 -0.002486 0.104510
0.129010 -0.000622 0.107988
0.130014 -0.000925 0.107589
0.131855 -0.000836 0.107490
0.133998 -0.000855 0.106437
0.135989 -0.000817 0.105090
0.137707 -0.000850 0.104471
0.129010 0.000628 0.107991
0.130014 0.000929 0.107593
0.131855 0.000840 0.107495
0.133997 0.000862 0.106439
0.135984 0.000818 0.105088
0.137700 0.000845 0.104471
0.129988 0.002764 0.107395
0.131964 0.002394 0.106892
0.134208 0.002526 0.106374
0.136030 0.002406 0.105177
0.137601 0.002484 0.104511
0.132481 0.003764 0.106483
0.134142 0.003774 0.105161
0.135903 0.003788 0.103994
0.137323 0.003919 0.103418
0.133995 0.005336 0.103742
0.135720 0.005400 0.102721
0.136778 0.005740 0.102171
0.134289 0.007085 0.103289
0.136131 0.007449 0.102450
0.137753 0.008244 0.101737
0.133021 0.009575 0.103580
0.134336 0.009064 0.102782
0.136330 0.009422 0.102394
0.137867 0.010337 0.101993
0.131368 0.011916 0.103571
0.132413 0.011408 0.102916
0.134184 0.010995 0.102774
0.136125 0.011385 0.102713
0.137235 0.011961 0.102080
0.130801 0.013424 0.103111
0.132408 0.013357 0.103008
0.134296 0.013182 0.103196
0.135878 0.013486 0.102654
0.136692 0.013404 0.102087
0.129502 0.015602 0.102854
0.130515 0.015417 0.102682
0.132260 0.015491 0.102941
0.134200 0.015404 0.103182
0.135502 0.015407 0.102472
0.128905 0.017346 0.102232
0.130313 0.017503 0.102324
0.132093 0.017565 0.102639
0.133783 0.017344 0.102656
0.128838 0.019249 0.102369
0.130219 0.019306 0.102213
0.131824 0.019100 0.102205
0.129712 0.020158 0.101849
0.128301 -0.019842 0.103995
0.127680 -0.018682 0.104773
0.128689 -0.019094 0.104330
0.130266 -0.019231 0.104368
0.131642 -0.018619 0.104287
0.127943 -0.017232 0.104561
0.128760 -0.017291 0.104169
0.130326 -0.017411 0.104385
0.132097 -0.017251 0.104688
0.133623 -0.017092 0.104571
0.128944 -0.015151 0.104344
0.130468 -0.015354 0.104715
0.132373 -0.015376 0.105012
0.134206 -0.015322 0.105069
0.135365 -0.015254 0.104485
0.129750 -0.013534 0.105337
0.130822 -0.013418 0.105159
0.132552 -0.013277 0.105124
0.134505 -0.013355 0.105277
0.136120 -0.013913 0.104527
0.136514 -0.013242 0.104131
0.130874 -0.011560 0.105644
0.132343 -0.011210 0.104791
0.134397 -0.011177 0.104764
0.136245 -0.011673 0.104640
0.137185 -0.011910 0.104122
0.132799 -0.009232 0.105904
0.134503 -0.009106 0.104848
0.136348 -0.009692 0.104446
0.137671 -0.010433 0.104022
0.133066 -0.007466 0.106544
0.134582 -0.007232 0.105265
0.136320 -0.007741 0.104391
0.137596 -0.008547 0.103626
0.133046 -0.005543 0.107169
0.134543 -0.005459 0.105622
0.136073 -0.005630 0.104478
0.136775 -0.005758 0.103950
0.131827 -0.004045 0.109646
0.132605 -0.004218 0.108284
0.134624 -0.004040 0.106827
0.136318 -0.003931 0.105780
0.137330 -0.003861 0.105326
0.129275 -0.002477 0.109688
0.130561 -0.002578 0.109255
0.132497 -0.002493 0.108826
0.134834 -0.002705 0.108308
0.136517 -0.002600 0.107277
0.137760 -0.002506 0.106558
0.128896 -0.000782 0.109715
0.130257 -0.000938 0.109403
0.132407 -0.000858 0.109592
0.134499 -0.000907 0.108382
0.136240 -0.000885 0.107108
0.137594 -0.000926 0.106453
0.128897 0.000786 0.109717
0.130258 0.000942 0.109407
0.132409 0.000862 0.109596
0.134500 0.000912 0.108384
0.136239 0.000891 0.107109
0.137590 0.000896 0.106455
0.129277 0.002481 0.109693
0.130564 0.002581 0.109262
0.132501 0.002497 0.108836
0.134836 0.002711 0.108314
0.136516 0.002604 0.107279
0.137757 0.002495 0.106559
0.131826 0.004049 0.109653
0.132604 0.004223 0.108296
0.134624 0.004048 0.106837
0.136315 0.003934 0.105781
0.137329 0.003857 0.105329
0.133046 0.005549 0.107188
0.134542 0.005469 0.105638
0.136068 0.005637 0.104486
0.136771 0.005759 0.103958
0.133064 0.007470 0.106550
0.134583 0.007241 0.105281
0.136316 0.007750 0.104397
0.137593 0.008543 0.103627
0.132797 0.009236 0.105896
0.134505 0.009114 0.104857
0.136348 0.009702 0.104444
0.137674 0.010430 0.104015
0.130884 0.011564 0.105652
0.132354 0.011215 0.104799
0.134406 0.011184 0.104781
0.136249 0.011682 0.104665
0.137186 0.011910 0.104114
0.129752 0.013532 0.105324
0.130825 0.013419 0.105148
0.132555 0.013282 0.105097
0.134511 0.013361 0.105271
0.136125 0.013917 0.104518
0.136517 0.013246 0.104112
0.128949 0.015152 0.104342
0.130473 0.015356 0.104705
0.132376 0.015383 0.105001
0.134207 0.015327 0.105064
0.135366 0.015259 0.104482
0.127947 0.017233 0.104562
0.128764 0.017293 0.104169
0.130329 0.017414 0.104378
0.132099 0.017257 0.104679
0.133627 0.017096 0.104564
0.127685 0.018684 0.104771
0.128694 0.019097 0.104327
0.130270 0.019234 0.104364
0.131646 0.018624 0.104282
0.128306 0.019845 0.103992
0.128128 -0.019304 0.105865
0.127002 -0.018929 0.106410
0.128473 -0.019114 0.106396
0.130185 -0.018677 0.106411
0.131627 -0.018029 0.106307
0.127274 -0.016929 0.106381
0.128589 -0.017253 0.106150
0.130388 -0.017336 0.106515
0.132202 -0.017029 0.106755
0.133557 -0.016657 0.106551
0.127693 -0.015197 0.106644
0.128899 -0.015199 0.106278
0.130630 -0.015456 0.106884
0.132645 -0.015354 0.107133
0.134324 -0.015250 0.106953
0.135168 -0.015030 0.106497
0.129259 -0.013191 0.107067
0.130857 -0.013457 0.107279
0.132823 -0.013280 0.107293
0.134776 -0.013350 0.107312
0.136021 -0.013775 0.106543
0.129745 -0.011571 0.108007
0.130978 -0.011408 0.107544
0.132764 -0.011150 0.106812
0.134902 -0.011192 0.106753
0.136460 -0.011777 0.106564
0.137254 -0.011789 0.106185
0.131741 -0.009979 0.109284
0.133229 -0.009373 0.108051
0.135038 -0.009153 0.106987
0.136634 -0.009809 0.106482
0.137644 -0.010403 0.105921
0.131891 -0.008266 0.109724
0.133368 -0.007584 0.108511
0.135116 -0.007360 0.107348
0.136614 -0.007809 0.106293
0.137383 -0.008556 0.105368
0.131944 -0.006215 0.110534
0.133414 -0.005732 0.108944
0.135255 -0.005692 0.107531
0.136807 -0.005804 0.106236
0.131536 -0.004688 0.111225
0.133454 -0.004335 0.110209
0.135406 -0.004273 0.108669
0.137074 -0.004246 0.107378
0.137219 -0.003912 0.107310
0.129149 -0.002617 0.111303
0.130828 -0.002763 0.110886
0.133180 -0.002614 0.110695
0.135712 -0.002848 0.110208
0.137242 -0.002803 0.109216
0.137875 -0.002698 0.108604
0.128005 -0.000676 0.111669
0.128491 -0.000998 0.111196
0.130557 -0.000968 0.111095
0.133178 -0.000892 0.111619
0.135241 -0.000947 0.110215
0.136730 -0.000959 0.108973
0.137536 -0.000896 0.108417
0.128006 0.000681 0.111671
0.128492 0.001003 0.111198
0.130558 0.000974 0.111100
0.133179 0.000898 0.111622
0.135241 0.000953 0.110216
0.136731 0.000970 0.108977
0.137536 0.000913 0.108419
0.129152 0.002623 0.111306
0.130833 0.002769 0.110892
0.133186 0.002620 0.110704
0.135718 0.002854 0.110213
0.137245 0.002813 0.109218
0.137877 0.002724 0.108598
0.131536 0.004693 0.111226
0.133459 0.004340 0.110217
0.135412 0.004280 0.108673
0.137078 0.004247 0.107372
0.137224 0.003914 0.107308
0.131946 0.006221 0.110538
0.133419 0.005741 0.108961
0.135259 0.005702 0.107543
0.136808 0.005807 0.106238
0.131895 0.008273 0.109741
0.133367 0.007590 0.108517
0.135120 0.007369 0.107365
0.136614 0.007812 0.106298
0.137382 0.008554 0.105369
0.131743 0.009980 0.109292
0.133224 0.009376 0.108042
0.135044 0.009160 0.106997
0.136639 0.009813 0.106478
0.137647 0.010406 0.105910
0.129746 0.011567 0.108013
0.130981 0.011412 0.107558
0.132764 0.011160 0.106829
0.134899 0.011195 0.106779
0.136458 0.011773 0.106603
0.137246 0.011801 0.106164
0.129260 0.013187 0.107051
0.130857 0.013459 0.107267
0.132825 0.013292 0.107264
0.134782 0.013354 0.107310
0.136029 0.013765 0.106546
0.127693 0.015199 0.106645
0.128903 0.015197 0.106277
0.130635 0.015458 0.106874
0.132652 0.015363 0.107124
0.134337 0.015251 0.106949
0.135178 0.015028 0.106495
0.127278 0.016929 0.106382
0.128593 0.017253 0.106151
0.130391 0.017338 0.106509
0.132205 0.017033 0.106748
0.133561 0.016660 0.106542
0.127007 0.018930 0.106408
0.128478 0.019115 0.106393
0.130190 0.018678 0.106407
0.131632 0.018031 0.106303
0.128134 0.019306 0.105862
0.126525 -0.018621 0.108268
0.128419 -0.018554 0.108399
0.130087 -0.018142 0.108477
0.125506 -0.016778 0.109022
0.126723 -0.016878 0.108206
0.128442 -0.017164 0.108183
0.130377 -0.017153 0.108678
0.132275 -0.016893 0.108831
0.126983 -0.014778 0.108278
0.128726 -0.015270 0.108214
0.130721 -0.015538 0.109134
0.132796 -0.015204 0.109285
0.134339 -0.015388 0.108878
0.127748 -0.013170 0.109380
0.129220 -0.013424 0.109027
0.131098 -0.013659 0.109537
0.133136 -0.013245 0.109586
0.134925 -0.013493 0.109333
0.136013 -0.013626 0.108577
0.128161 -0.011488 0.110462
0.129600 -0.011574 0.109684
0.131318 -0.011600 0.109533
0.133373 -0.011226 0.109029
0.135333 -0.011398 0.108875
0.136616 -0.011807 0.108538
0.137267 -0.011775 0.108303
0.129253 -0.009988 0.112257
0.130263 -0.010209 0.111693
0.131918 -0.010252 0.111532
0.133572 -0.009598 0.110375
0.135249 -0.009333 0.109252
0.136585 -0.009809 0.108599
0.137118 -0.010690 0.107975
0.130343 -0.008722 0.112299
0.132107 -0.008374 0.111716
0.133824 -0.007826 0.110547
0.135554 -0.007506 0.109471
0.136900 -0.007766 0.108283
0.130291 -0.006358 0.112972
0.132186 -0.006454 0.112384
0.133870 -0.006031 0.110717
0.135674 -0.005842 0.109655
0.136689 -0.005910 0.108428
0.130195 -0.004734 0.113347
0.132057 -0.004870 0.113071
0.134113 -0.004648 0.112162
0.135876 -0.004387 0.110833
0.137064 -0.004187 0.109719
0.128133 -0.002586 0.112888
0.129325 -0.002854 0.112682
0.131309 -0.003013 0.112632
0.133841 -0.002779 0.112541
0.136310 -0.002849 0.112140
0.137959 -0.002757 0.111132
0.137983 -0.002735 0.110630
0.127553 -0.000863 0.112464
0.129093 -0.000972 0.112847
0.131303 -0.001018 0.112851
0.134107 -0.000947 0.113542
0.136137 -0.000929 0.111956
0.137591 -0.000929 0.110642
0.137620 -0.000908 0.110004
0.127554 0.000865 0.112466
0.129095 0.000981 0.112849
0.131306 0.001026 0.112855
0.134113 0.000952 0.113545
0.136139 0.000922 0.111956
0.137598 0.000977 0.110652
0.137627 0.000976 0.110011
0.128136 0.002589 0.112889
0.129329 0.002861 0.112683
0.131316 0.003019 0.112637
0.133850 0.002785 0.112550
0.136320 0.002843 0.112144
0.137970 0.002802 0.111133
0.137987 0.002784 0.110630
0.130193 0.004741 0.113344
0.132058 0.004875 0.113068
0.134123 0.004651 0.112166
0.135893 0.004376 0.110838
0.137080 0.004202 0.109708
0.130290 0.006361 0.112969
0.132190 0.006459 0.112384
0.133882 0.006035 0.110735
0.135684 0.005827 0.109668
0.136696 0.005915 0.108431
0.130362 0.008720 0.112302
0.132126 0.008377 0.111733
0.133832 0.007827 0.110546
0.135565 0.007496 0.109484
0.136901 0.007768 0.108290
0.129276 0.009977 0.112248
0.130281 0.010202 0.111685
0.131938 0.010254 0.111538
0.133582 0.009607 0.110356
0.135263 0.009332 0.109257
0.136595 0.009821 0.108591
0.137110 0.010697 0.107963
0.128177 0.011465 0.110462
0.129602 0.011567 0.109686
0.131322 0.011604 0.109548
0.133379 0.011245 0.109053
0.135344 0.011406 0.108901
0.136621 0.011830 0.108581
0.137260 0.011819 0.108242
0.127726 0.013148 0.109378
0.129188 0.013416 0.109013
0.131052 0.013665 0.109527
0.133081 0.013262 0.109565
0.134869 0.013499 0.109342
0.135947 0.013644 0.108612
0.126977 0.014768 0.108284
0.128718 0.015269 0.108210
0.130716 0.015547 0.109123
0.132789 0.015218 0.109282
0.134337 0.015401 0.108867
0.125512 0.016773 0.109022
0.126723 0.016872 0.108207
0.128441 0.017163 0.108185
0.130376 0.017160 0.108672
0.132277 0.016902 0.108827
0.126529 0.018616 0.108265
0.128423 0.018553 0.108397
0.130092 0.018146 0.108473
0.124586 -0.018221 0.110012
0.126513 -0.018228 0.110233
0.128365 -0.018002 0.110374
0.129992 -0.017568 0.110505
0.123085 -0.016908 0.110817
0.124611 -0.016843 0.110249
0.126341 -0.016881 0.109974
0.128405 -0.016984 0.110311
0.130371 -0.016784 0.110887
0.132159 -0.016441 0.110858
0.123762 -0.015032 0.111160
0.124999 -0.014724 0.110244
0.126734 -0.015092 0.110050
0.128822 -0.015380 0.110319
0.130963 -0.015385 0.111444
0.132952 -0.015026 0.111426
0.134294 -0.015172 0.110918
0.125817 -0.013087 0.111256
0.127472 -0.013417 0.111024
0.129393 -0.013634 0.111131
0.131494 -0.013621 0.111961
0.133497 -0.013259 0.111967
0.135021 -0.013443 0.111407
0.135898 -0.013629 0.110718
0.126278 -0.011317 0.112076
0.127708 -0.011554 0.111962
0.129504 -0.011663 0.111581
0.131655 -0.011651 0.111761
0.133652 -0.011380 0.111443
0.135424 -0.011562 0.111169
0.136634 -0.012288 0.110600
0.127465 -0.009766 0.113221
0.128528 -0.009723 0.112973
0.130407 -0.010347 0.113744
0.132360 -0.010260 0.113999
0.134033 -0.009762 0.112867
0.135540 -0.009557 0.111490
0.136687 -0.010057 0.110606
0.128194 -0.007962 0.113365
0.130235 -0.008516 0.113813
0.132463 -0.008477 0.113546
0.134553 -0.008150 0.112697
0.136067 -0.007742 0.111476
0.136743 -0.008021 0.110400
0.128520 -0.006102 0.114159
0.130574 -0.006538 0.114375
0.132794 -0.006532 0.114043
0.134557 -0.006545 0.112562
0.135968 -0.005942 0.111953
0.136511 -0.006145 0.110728
0.126845 -0.004299 0.114571
0.128232 -0.004537 0.114278
0.130304 -0.004810 0.114948
0.132482 -0.004796 0.115151
0.134388 -0.004994 0.114275
0.135866 -0.004425 0.113350
0.136713 -0.004189 0.112318
0.126100 -0.002627 0.113827
0.127929 -0.002697 0.113828
0.129872 -0.002906 0.114297
0.132284 -0.003011 0.114569
0.134656 -0.003013 0.114342
0.136717 -0.002718 0.114010
0.137964 -0.002726 0.113118
0.125748 -0.000861 0.113844
0.127648 -0.000904 0.113925
0.129718 -0.000965 0.114655
0.132134 -0.001008 0.114744
0.134734 -0.001036 0.115401
0.136502 -0.000878 0.114018
0.137532 -0.000927 0.112842
0.125751 0.000862 0.113844
0.127652 0.000909 0.113925
0.129725 0.000976 0.114655
0.132144 0.001019 0.114746
0.134745 0.001037 0.115401
0.136515 0.000903 0.114012
0.137551 0.000940 0.112845
0.126101 0.002627 0.113827
0.127931 0.002701 0.113829
0.129875 0.002917 0.114298
0.132287 0.003021 0.114575
0.134657 0.003017 0.114351
0.136714 0.002747 0.114013
0.137964 0.002728 0.113133
0.126840 0.004300 0.114571
0.128226 0.004540 0.114279
0.130299 0.004821 0.114948
0.132475 0.004811 0.115147
0.134378 0.005003 0.114277
0.135851 0.004458 0.113348
0.136703 0.004201 0.112328
0.128521 0.006105 0.114158
0.130577 0.006547 0.114371
0.132798 0.006551 0.114042
0.134560 0.006569 0.112578
0.135961 0.005990 0.111958
0.136517 0.006143 0.110749
0.128216 0.007964 0.113363
0.130264 0.008524 0.113808
0.132505 0.008494 0.113553
0.134592 0.008177 0.112675
0.136108 0.007800 0.111457
0.136813 0.007927 0.110394
0.127482 0.009766 0.113217
0.128547 0.009719 0.112968
0.130432 0.010349 0.113736
0.132397 0.010272 0.113996
0.134071 0.009784 0.112819
0.135605 0.009622 0.111455
0.136837 0.009834 0.110564
0.126299 0.011315 0.112075
0.127751 0.011543 0.111947
0.129570 0.011656 0.111567
0.131755 0.011651 0.111758
0.133803 0.011402 0.111439
0.135623 0.011604 0.111150
0.136957 0.012014 0.110576
0.125801 0.013078 0.111255
0.127453 0.013399 0.111024
0.129370 0.013613 0.111127
0.131467 0.013606 0.111960
0.133470 0.013251 0.111959
0.134992 0.013444 0.111411
0.135919 0.013493 0.110731
0.123771 0.015036 0.111157
0.125012 0.014725 0.110243
0.126749 0.015086 0.110053
0.128839 0.015368 0.110319
0.130980 0.015371 0.111437
0.132962 0.015014 0.111430
0.134303 0.015168 0.110906
0.123097 0.016909 0.110813
0.124625 0.016843 0.110245
0.126356 0.016878 0.109973
0.128419 0.016974 0.110312
0.130382 0.016775 0.110883
0.132164 0.016435 0.110856
0.124592 0.018221 0.110011
0.126519 0.018226 0.110231
0.128369 0.017996 0.110371
0.129995 0.017562 0.110501
0.122569 -0.017860 0.111721
0.124601 -0.017857 0.111877
0.126472 -0.017613 0.112171
0.128282 -0.017357 0.112299
0.120631 -0.017390 0.112394
0.122485 -0.017139 0.112151
0.124400 -0.016938 0.111952
0.126453 -0.016718 0.112151
0.128535 -0.016685 0.112537
0.130522 -0.016457 0.113134
0.132035 -0.015953 0.112942
0.121421 -0.015474 0.112752
0.123118 -0.015393 0.112356
0.124941 -0.015233 0.111959
0.127025 -0.015200 0.112152
0.129198 -0.015242 0.112632
0.131243 -0.014955 0.113747
0.133009 -0.014797 0.113573
0.134181 -0.014787 0.113088
0.122188 -0.013998 0.114015
0.123815 -0.013417 0.113066
0.125765 -0.013444 0.112728
0.127842 -0.013444 0.113001
0.129992 -0.013444 0.113444
0.132170 -0.013094 0.114442
0.133910 -0.013120 0.114385
0.135091 -0.013257 0.113523
0.135937 -0.013187 0.112724
0.124606 -0.011673 0.113785
0.126466 -0.011576 0.113339
0.128518 -0.011491 0.113563
0.130796 -0.011423 0.113632
0.132997 -0.011090 0.114156
0.134587 -0.011139 0.114013
0.135783 -0.011326 0.113519
0.136702 -0.011881 0.112746
0.125091 -0.010031 0.114592
0.127092 -0.009803 0.114239
0.128980 -0.009746 0.114860
0.131254 -0.010007 0.116141
0.133294 -0.009408 0.116598
0.134787 -0.009169 0.115242
0.135892 -0.009118 0.113623
0.136505 -0.009819 0.112595
0.124612 -0.008385 0.114959
0.126078 -0.008045 0.114367
0.128268 -0.007947 0.114740
0.130776 -0.008260 0.115472
0.133180 -0.007859 0.115289
0.135207 -0.007387 0.114820
0.136574 -0.007219 0.113544
0.136613 -0.007832 0.112364
0.124831 -0.006158 0.115577
0.126221 -0.006253 0.115308
0.128296 -0.006205 0.115581
0.130685 -0.006335 0.115986
0.133056 -0.005845 0.115955
0.134914 -0.005757 0.115026
0.136258 -0.005522 0.114373
0.124350 -0.004537 0.115411
0.126226 -0.004395 0.115621
0.128189 -0.004430 0.116058
0.130504 -0.004558 0.116868
0.132936 -0.004189 0.117283
0.135010 -0.004293 0.116508
0.136419 -0.003944 0.115659
0.136977 -0.003825 0.114773
0.123448 -0.002804 0.114941
0.125448 -0.002671 0.115116
0.127553 -0.002700 0.115434
0.129900 -0.002811 0.116173
0.132441 -0.002604 0.116610
0.134825 -0.002667 0.116382
0.136673 -0.002357 0.116066
0.137580 -0.002537 0.115271
0.123261 -0.000928 0.115015
0.125392 -0.000901 0.115253
0.127665 -0.000909 0.115624
0.130051 -0.000929 0.116619
0.132640 -0.000865 0.116756
0.135208 -0.000931 0.117233
0.136985 -0.000730 0.116059
0.137724 -0.000815 0.114865
0.123262 0.000928 0.115015
0.125393 0.000901 0.115253
0.127667 0.000911 0.115624
0.130053 0.000938 0.116618
0.132643 0.000869 0.116757
0.135211 0.000919 0.117234
0.136988 0.000734 0.116056
0.137733 0.000822 0.114872
0.123447 0.002803 0.114940
0.125446 0.002671 0.115116
0.127551 0.002701 0.115435
0.129898 0.002820 0.116174
0.132438 0.002609 0.116615
0.134824 0.002658 0.116391
0.136673 0.002359 0.116069
0.137583 0.002540 0.115285
0.124348 0.004536 0.115409
0.126224 0.004394 0.115620
0.128188 0.004431 0.116059
0.130505 0.004567 0.116868
0.132937 0.004195 0.117278
0.135010 0.004286 0.116506
0.136415 0.003943 0.115658
0.136975 0.003826 0.114780
0.124831 0.006157 0.115577
0.126221 0.006253 0.115306
0.128296 0.006205 0.115580
0.130687 0.006342 0.115984
0.133059 0.005854 0.115954
0.134919 0.005759 0.115039
0.136260 0.005525 0.114378
0.124622 0.008384 0.114959
0.126091 0.008044 0.114366
0.128283 0.007946 0.114737
0.130795 0.008263 0.115466
0.133208 0.007867 0.115290
0.135234 0.007385 0.114791
0.136605 0.007210 0.113519
0.136652 0.007717 0.112327
0.125098 0.010030 0.114592
0.127102 0.009801 0.114238
0.128992 0.009747 0.114855
0.131260 0.010012 0.116135
0.133298 0.009418 0.116603
0.134777 0.009158 0.115220
0.135883 0.009122 0.113608
0.136518 0.009756 0.112613
0.124601 0.011672 0.113787
0.126464 0.011575 0.113340
0.128519 0.011484 0.113551
0.130801 0.011422 0.113619
0.133007 0.011102 0.114152
0.134615 0.011145 0.114013
0.135816 0.011368 0.113514
0.136753 0.011886 0.112732
0.122176 0.013996 0.114015
0.123795 0.013415 0.113068
0.125741 0.013440 0.112730
0.127813 0.013434 0.113004
0.129956 0.013435 0.113443
0.132125 0.013092 0.114446
0.133854 0.013108 0.114397
0.135006 0.013285 0.113573
0.135843 0.013214 0.112751
0.121428 0.015477 0.112750
0.123127 0.015395 0.112352
0.124953 0.015235 0.111957
0.127041 0.015200 0.112151
0.129216 0.015243 0.112629
0.131257 0.014960 0.113741
0.133025 0.014796 0.113569
0.134196 0.014792 0.113070
0.120636 0.017391 0.112392
0.122491 0.017140 0.112148
0.124407 0.016938 0.111950
0.126459 0.016716 0.112149
0.128539 0.016685 0.112537
0.130527 0.016461 0.113127
0.132044 0.015953 0.112938
0.122574 0.017860 0.111718
0.124605 0.017856 0.111875
0.126476 0.017612 0.112168
0.128287 0.017357 0.112297
0.122650 -0.017435 0.113559
0.124600 -0.017226 0.113763
0.126511 -0.016958 0.114047
0.120242 -0.017342 0.113954
0.122313 -0.017288 0.114088
0.124522 -0.016671 0.113975
0.126599 -0.016392 0.114314
0.128623 -0.016464 0.114674
0.130524 -0.015783 0.115185
0.131906 -0.015370 0.115081
0.118613 -0.016862 0.114499
0.120476 -0.016149 0.114087
0.122649 -0.015752 0.114049
0.124891 -0.015379 0.114011
0.127164 -0.015067 0.114364
0.129316 -0.014962 0.114916
0.131353 -0.014569 0.115972
0.132887 -0.014773 0.115493
0.133982 -0.014345 0.115268
0.119135 -0.015432 0.115915
0.121296 -0.014592 0.115154
0.123505 -0.013982 0.114537
0.125935 -0.013717 0.114575
0.128428 -0.013369 0.115172
0.130752 -0.013140 0.115805
0.132770 -0.012851 0.116938
0.134233 -0.012967 0.116742
0.135027 -0.013156 0.115599
0.135729 -0.012897 0.114829
0.120128 -0.013404 0.116446
0.121982 -0.012724 0.115584
0.124317 -0.012137 0.115077
0.126731 -0.011860 0.115005
0.129217 -0.011373 0.115563
0.131645 -0.010952 0.115868
0.133661 -0.010626 0.116761
0.135066 -0.010850 0.116965
0.135779 -0.011177 0.115889
0.136125 -0.012224 0.114742
0.122177 -0.011026 0.115950
0.124517 -0.010358 0.115653
0.126950 -0.010015 0.115700
0.129333 -0.009551 0.116968
0.131781 -0.009371 0.118595
0.133980 -0.008784 0.119057
0.135541 -0.008655 0.117386
0.136234 -0.008894 0.115759
0.122000 -0.009227 0.116157
0.124097 -0.008644 0.115991
0.126209 -0.008274 0.116125
0.128576 -0.007772 0.116610
0.131305 -0.007791 0.117310
0.133758 -0.007406 0.117244
0.135634 -0.006883 0.116996
0.136442 -0.007123 0.115588
0.122368 -0.007208 0.116610
0.124450 -0.006704 0.116456
0.126476 -0.006403 0.116897
0.128790 -0.006035 0.117525
0.131379 -0.005867 0.117874
0.133923 -0.005647 0.117697
0.135776 -0.005261 0.117203
0.136564 -0.005083 0.116363
0.121952 -0.005106 0.116521
0.124066 -0.004814 0.116571
0.126192 -0.004532 0.117139
0.128486 -0.004301 0.118054
0.131030 -0.004216 0.119009
0.133648 -0.004183 0.119223
0.135797 -0.004002 0.118561
0.136962 -0.003670 0.117643
0.121224 -0.003131 0.116165
0.123268 -0.002942 0.116253
0.125432 -0.002750 0.116777
0.127744 -0.002635 0.117410
0.130221 -0.002663 0.118199
0.132728 -0.002544 0.118754
0.134918 -0.002531 0.118485
0.136660 -0.002227 0.118084
0.121065 -0.001051 0.116171
0.123164 -0.000994 0.116326
0.125570 -0.000913 0.116900
0.128136 -0.000883 0.117547
0.130704 -0.000895 0.118687
0.133149 -0.000860 0.118842
0.135319 -0.000898 0.119078
0.137158 -0.000701 0.118187
0.121066 0.001051 0.116171
0.123165 0.000994 0.116326
0.125571 0.000913 0.116900
0.128138 0.000886 0.117547
0.130705 0.000904 0.118686
0.133150 0.000871 0.118843
0.135321 0.000896 0.119077
0.137160 0.000686 0.118185
0.121224 0.003130 0.116164
0.123269 0.002941 0.116253
0.125433 0.002749 0.116777
0.127745 0.002637 0.117411
0.130223 0.002672 0.118200
0.132732 0.002555 0.118759
0.134923 0.002532 0.118492
0.136662 0.002213 0.118089
0.121951 0.005106 0.116520
0.124066 0.004813 0.116570
0.126193 0.004531 0.117138
0.128487 0.004304 0.118054
0.131032 0.004226 0.119009
0.133651 0.004194 0.119217
0.135800 0.004000 0.118559
0.136963 0.003655 0.117643
0.122370 0.007207 0.116609
0.124451 0.006702 0.116455
0.126478 0.006402 0.116895
0.128793 0.006037 0.117523
0.131385 0.005876 0.117870
0.133931 0.005656 0.117693
0.135788 0.005257 0.117209
0.136572 0.005068 0.116365
0.122005 0.009225 0.116157
0.124104 0.008643 0.115990
0.126218 0.008270 0.116123
0.128588 0.007771 0.116605
0.131320 0.007799 0.117303
0.133777 0.007415 0.117236
0.135652 0.006874 0.116969
0.136463 0.007116 0.115556
0.122180 0.011024 0.115950
0.124521 0.010356 0.115653
0.126955 0.010012 0.115699
0.129338 0.009552 0.116963
0.131785 0.009378 0.118592
0.133984 0.008792 0.119064
0.135534 0.008644 0.117366
0.136223 0.008883 0.115729
0.120126 0.013403 0.116445
0.121978 0.012722 0.115584
0.124311 0.012137 0.115077
0.126725 0.011859 0.115005
0.129210 0.011372 0.115552
0.131634 0.010955 0.115856
0.133647 0.010632 0.116753
0.135054 0.010846 0.116960
0.135762 0.011175 0.115878
0.136096 0.012238 0.114733
0.119132 0.015432 0.115914
0.121291 0.014590 0.115152
0.123499 0.013982 0.114537
0.125929 0.013717 0.114578
0.128423 0.013369 0.115177
0.130747 0.013142 0.115809
0.132765 0.012857 0.116949
0.134230 0.012968 0.116754
0.135017 0.013171 0.115629
0.135715 0.012906 0.114825
0.118614 0.016864 0.114498
0.120476 0.016149 0.114087
0.122649 0.015752 0.114045
0.124890 0.015379 0.114009
0.127161 0.015068 0.114360
0.129313 0.014964 0.114911
0.131347 0.014573 0.115969
0.132883 0.014772 0.115487
0.133976 0.014350 0.115265
0.120246 0.017342 0.113952
0.122317 0.017288 0.114086
0.124525 0.016672 0.113974
0.126601 0.016393 0.114312
0.128626 0.016466 0.114672
0.130526 0.015787 0.115179
0.131908 0.015371 0.115080
0.122654 0.017436 0.113557
0.124603 0.017227 0.113761
0.126514 0.016959 0.114044
0.118040 -0.017811 0.115346
0.120151 -0.017047 0.115822
0.122348 -0.016620 0.115854
0.124469 -0.016400 0.116043
0.126594 -0.015963 0.116336
0.128616 -0.015658 0.116511
0.130415 -0.015141 0.117138
0.115844 -0.016415 0.116601
0.118178 -0.017096 0.116001
0.120246 -0.016558 0.115769
0.122682 -0.015642 0.115976
0.125066 -0.015225 0.116129
0.127438 -0.014635 0.116516
0.129641 -0.014314 0.117099
0.131543 -0.014051 0.118137
0.133015 -0.014119 0.117557
0.115852 -0.014879 0.117095
0.118121 -0.015625 0.117060
0.120493 -0.015191 0.116477
0.123242 -0.014177 0.116229
0.126117 -0.013669 0.116517
0.128936 -0.012959 0.117288
0.131444 -0.012631 0.118041
0.133251 -0.012636 0.119664
0.134694 -0.012602 0.119066
0.135093 -0.012985 0.117448
0.116585 -0.013206 0.117582
0.118804 -0.013896 0.117212
0.121311 -0.013527 0.116896
0.124039 -0.012543 0.116676
0.126917 -0.011934 0.116940
0.129679 -0.010960 0.117736
0.132098 -0.010341 0.118093
0.134070 -0.010887 0.119258
0.135880 -0.010446 0.119656
0.136316 -0.010805 0.117941
0.116942 -0.011466 0.117727
0.119036 -0.011922 0.117237
0.121497 -0.011665 0.117031
0.124244 -0.010818 0.117017
0.127150 -0.010182 0.117386
0.129926 -0.009228 0.119069
0.132513 -0.008459 0.120855
0.134763 -0.008906 0.120955
0.136180 -0.008549 0.119325
0.136430 -0.009026 0.117823
0.117305 -0.009560 0.117901
0.119219 -0.009834 0.117395
0.121524 -0.009707 0.117235
0.123990 -0.009152 0.117405
0.126557 -0.008545 0.117901
0.129087 -0.007626 0.118656
0.131785 -0.007055 0.119010
0.134288 -0.007367 0.119335
0.136225 -0.006645 0.119026
0.117857 -0.007375 0.118135
0.119837 -0.007650 0.117591
0.122115 -0.007614 0.117585
0.124536 -0.007332 0.117811
0.126969 -0.006642 0.118614
0.129509 -0.005916 0.119549
0.132136 -0.005269 0.119845
0.134496 -0.005740 0.119446
0.136263 -0.005092 0.119318
0.117644 -0.005346 0.118158
0.119685 -0.005516 0.117598
0.121835 -0.005499 0.117640
0.124201 -0.005491 0.117974
0.126541 -0.004857 0.118876
0.129001 -0.004356 0.120115
0.131508 -0.003874 0.121115
0.134114 -0.004186 0.120845
0.136330 -0.003655 0.120552
0.136444 -0.003238 0.119711
0.117485 -0.003141 0.118290
0.119288 -0.003313 0.117568
0.121346 -0.003349 0.117461
0.123513 -0.003433 0.117851
0.125635 -0.003048 0.118729
0.127930 -0.002766 0.119511
0.130320 -0.002495 0.120262
0.132689 -0.002565 0.120699
0.134599 -0.002478 0.120407
0.135746 -0.002358 0.119741
0.117432 -0.001008 0.118373
0.119183 -0.001116 0.117569
0.121235 -0.001127 0.117451
0.123437 -0.001157 0.117870
0.125762 -0.001018 0.118709
0.128289 -0.000911 0.119468
0.130746 -0.000842 0.120691
0.133074 -0.000864 0.120844
0.134908 -0.000823 0.120874
0.136197 -0.000807 0.120092
0.117432 0.001010 0.118374
0.119184 0.001118 0.117569
0.121236 0.001132 0.117451
0.123438 0.001158 0.117871
0.125763 0.001019 0.118709
0.128290 0.000914 0.119468
0.130747 0.000849 0.120691
0.133074 0.000874 0.120844
0.134908 0.000831 0.120872
0.136199 0.000804 0.120090
0.117485 0.003142 0.118289
0.119288 0.003315 0.117567
0.121347 0.003350 0.117461
0.123513 0.003433 0.117850
0.125635 0.003048 0.118729
0.127931 0.002769 0.119512
0.130322 0.002502 0.120262
0.132691 0.002575 0.120702
0.134604 0.002486 0.120411
0.135750 0.002357 0.119747
0.117644 0.005347 0.118156
0.119685 0.005517 0.117596
0.121835 0.005501 0.117639
0.124201 0.005491 0.117973
0.126540 0.004858 0.118875
0.129000 0.004361 0.120114
0.131508 0.003882 0.121113
0.134115 0.004196 0.120840
0.136330 0.003662 0.120554
0.136440 0.003234 0.119716
0.117857 0.007375 0.118133
0.119838 0.007651 0.117589
0.122116 0.007615 0.117584
0.124538 0.007332 0.117809
0.126972 0.006642 0.118612
0.129513 0.005920 0.119546
0.132142 0.005277 0.119838
0.134505 0.005748 0.119440
0.136273 0.005096 0.119322
0.117305 0.009560 0.117900
0.119220 0.009835 0.117394
0.121525 0.009708 0.117234
0.123992 0.009152 0.117403
0.126560 0.008544 0.117898
0.129092 0.007628 0.118649
0.131792 0.007065 0.119002
0.134296 0.007374 0.119324
0.136235 0.006644 0.119004
0.116942 0.011467 0.117726
0.119036 0.011922 0.117235
0.121497 0.011666 0.117030
0.124245 0.010818 0.117016
0.127150 0.010182 0.117384
0.129927 0.009233 0.119066
0.132514 0.008466 0.120853
0.134763 0.008908 0.120956
0.136175 0.008551 0.119299
0.136421 0.009020 0.117796
0.116585 0.013206 0.117581
0.118804 0.013895 0.117211
0.121310 0.013528 0.116895
0.124040 0.012544 0.116676
0.126917 0.011935 0.116939
0.129679 0.010963 0.117727
0.132096 0.010344 0.118085
0.134065 0.010890 0.119251
0.135874 0.010448 0.119645
0.136302 0.010789 0.117917
0.115850 0.014879 0.117095
0.118120 0.015625 0.117060
0.120491 0.015191 0.116475
0.123239 0.014178 0.116228
0.126115 0.013671 0.116519
0.128935 0.012961 0.117292
0.131445 0.012633 0.118044
0.133253 0.012640 0.119672
0.134694 0.012611 0.119072
0.135098 0.012990 0.117458
0.115846 0.016415 0.116600
0.118181 0.017096 0.116000
0.120249 0.016558 0.115769
0.122684 0.015644 0.115974
0.125068 0.015227 0.116127
0.127440 0.014637 0.116514
0.129643 0.014316 0.117098
0.131545 0.014054 0.118137
0.133014 0.014122 0.117550
0.118043 0.017811 0.115343
0.120154 0.017048 0.115821
0.122351 0.016621 0.115852
0.124471 0.016401 0.116042
0.126597 0.015965 0.116334
0.128618 0.015660 0.116510
0.130417 0.015144 0.117137
0.120145 -0.016133 0.117347
0.122310 -0.015950 0.117470
0.124470 -0.015651 0.117744
0.126591 -0.015309 0.118092
0.128689 -0.014863 0.118196
0.130491 -0.014370 0.118940
0.115219 -0.016104 0.117269
0.117638 -0.015984 0.117881
0.120115 -0.015586 0.117662
0.122475 -0.015300 0.117853
0.125013 -0.014777 0.118097
0.127561 -0.014292 0.118474
0.129959 -0.013735 0.119054
0.131796 -0.013422 0.120257
0.132949 -0.013509 0.119593
0.112809 -0.015010 0.117904
0.114902 -0.015078 0.117948
0.117578 -0.014630 0.118272
0.120382 -0.014380 0.118021
0.123260 -0.014075 0.117991
0.126259 -0.013489 0.118381
0.129236 -0.012925 0.119163
0.131962 -0.012245 0.120176
0.133467 -0.011960 0.122266
0.134848 -0.012318 0.121332
0.135131 -0.012436 0.119779
0.112834 -0.013010 0.117940
0.115063 -0.013311 0.118414
0.117612 -0.013074 0.118483
0.120513 -0.012808 0.118377
0.123637 -0.012467 0.118366
0.126784 -0.011838 0.118771
0.129796 -0.011091 0.119700
0.132488 -0.010197 0.120212
0.134616 -0.010039 0.121636
0.136256 -0.010068 0.121781
0.136363 -0.010737 0.120378
0.113446 -0.011398 0.118500
0.115687 -0.011446 0.118660
0.118122 -0.011294 0.118530
0.120844 -0.011077 0.118486
0.123785 -0.010738 0.118642
0.126756 -0.010139 0.119060
0.129480 -0.009432 0.120581
0.132137 -0.008647 0.122161
0.134933 -0.008159 0.122703
0.136481 -0.008257 0.121306
0.113854 -0.009509 0.118860
0.116099 -0.009476 0.118718
0.118451 -0.009350 0.118603
0.121013 -0.009181 0.118692
0.123664 -0.008927 0.119152
0.126362 -0.008469 0.119692
0.128906 -0.007781 0.120534
0.131413 -0.007006 0.120749
0.133647 -0.007165 0.121071
0.135454 -0.006977 0.120532
0.114129 -0.007531 0.119081
0.116391 -0.007434 0.118560
0.118698 -0.007326 0.118658
0.121164 -0.007211 0.118859
0.123666 -0.007040 0.119375
0.126127 -0.006619 0.120182
0.128496 -0.006120 0.121150
0.130945 -0.005475 0.121465
0.133130 -0.005526 0.121279
0.134688 -0.005337 0.120859
0.114161 -0.005385 0.119217
0.116195 -0.005391 0.118566
0.118431 -0.005285 0.118626
0.120830 -0.005208 0.118909
0.123320 -0.005121 0.119419
0.125703 -0.004784 0.120416
0.128008 -0.004472 0.121658
0.130319 -0.004147 0.122664
0.132761 -0.004067 0.122372
0.134563 -0.003745 0.121991
0.114233 -0.003206 0.119582
0.116059 -0.003292 0.118896
0.118230 -0.003192 0.118786
0.120560 -0.003156 0.118911
0.123009 -0.003134 0.119442
0.125345 -0.002894 0.120635
0.127775 -0.002699 0.121468
0.130124 -0.002519 0.122226
0.132294 -0.002469 0.122409
0.134054 -0.002407 0.122103
0.114235 -0.001002 0.119773
0.116133 -0.001073 0.119342
0.118177 -0.001061 0.118949
0.120462 -0.001057 0.118947
0.122919 -0.001056 0.119397
0.125345 -0.000977 0.120441
0.127851 -0.000893 0.121221
0.130129 -0.000850 0.122422
0.132382 -0.000813 0.122644
0.134129 -0.000833 0.122584
0.114235 0.001004 0.119774
0.116133 0.001074 0.119344
0.118178 0.001062 0.118949
0.120463 0.001059 0.118947
0.122919 0.001056 0.119397
0.125346 0.000979 0.120440
0.127851 0.000898 0.121220
0.130128 0.000851 0.122422
0.132381 0.000813 0.122644
0.134128 0.000833 0.122583
0.114234 0.003206 0.119580
0.116060 0.003293 0.118894
0.118231 0.003194 0.118785
0.120561 0.003158 0.118910
0.123009 0.003135 0.119441
0.125345 0.002896 0.120635
0.127776 0.002703 0.121469
0.130124 0.002522 0.122225
0.132294 0.002471 0.122409
0.134054 0.002410 0.122105
0.114162 0.005386 0.119216
0.116195 0.005391 0.118564
0.118430 0.005286 0.118624
0.120829 0.005209 0.118907
0.123319 0.005122 0.119418
0.125702 0.004786 0.120415
0.128007 0.004477 0.121656
0.130318 0.004150 0.122661
0.132761 0.004071 0.122367
0.134561 0.003752 0.121991
0.114129 0.007531 0.119080
0.116391 0.007435 0.118559
0.118698 0.007326 0.118657
0.121164 0.007212 0.118858
0.123666 0.007040 0.119373
0.126128 0.006621 0.120179
0.128497 0.006124 0.121146
0.130949 0.005479 0.121455
0.133133 0.005531 0.121271
0.134690 0.005342 0.120858
0.113853 0.009509 0.118859
0.116098 0.009476 0.118717
0.118451 0.009351 0.118601
0.121013 0.009182 0.118690
0.123664 0.008928 0.119150
0.126362 0.008471 0.119687
0.128907 0.007785 0.120526
0.131415 0.007013 0.120739
0.133647 0.007170 0.121060
0.135456 0.006981 0.120515
0.113446 0.011398 0.118500
0.115687 0.011446 0.118659
0.118122 0.011294 0.118529
0.120844 0.011078 0.118485
0.123785 0.010739 0.118640
0.126757 0.010141 0.119058
0.129483 0.009435 0.120579
0.132140 0.008651 0.122159
0.134938 0.008161 0.122699
0.136480 0.008263 0.121284
0.112834 0.013010 0.117940
0.115063 0.013311 0.118414
0.117613 0.013074 0.118482
0.120514 0.012808 0.118376
0.123638 0.012468 0.118366
0.126785 0.011840 0.118769
0.129798 0.011093 0.119694
0.132488 0.010200 0.120207
0.134614 0.010046 0.121628
0.136256 0.010072 0.121768
0.136356 0.010736 0.120358
0.112809 0.015010 0.117904
0.114902 0.015078 0.117947
0.117578 0.014631 0.118272
0.120381 0.014380 0.118020
0.123259 0.014077 0.117991
0.126258 0.013490 0.118382
0.129235 0.012926 0.119166
0.131962 0.012248 0.120177
0.133466 0.011965 0.122269
0.134849 0.012325 0.121334
0.135133 0.012441 0.119780
0.115219 0.016103 0.117268
0.117639 0.015985 0.117880
0.120117 0.015587 0.117662
0.122476 0.015302 0.117852
0.125015 0.014780 0.118096
0.127562 0.014294 0.118473
0.129959 0.013740 0.119053
0.131796 0.013427 0.120257
0.132948 0.013513 0.119591
0.120146 0.016134 0.117346
0.122312 0.015951 0.117468
0.124472 0.015653 0.117743
0.126592 0.015311 0.118091
0.128691 0.014866 0.118195
0.130491 0.014375 0.118939
0.124552 -0.014935 0.119351
0.126591 -0.014697 0.119673
0.128693 -0.014296 0.119740
0.115507 -0.015337 0.118833
0.117578 -0.015045 0.119308
0.119739 -0.014998 0.119226
0.121915 -0.014836 0.119555
0.124739 -0.014240 0.119793
0.127263 -0.013928 0.120167
0.129645 -0.013599 0.120567
0.131478 -0.013084 0.121811
0.132716 -0.012908 0.121510
0.112671 -0.014653 0.119356
0.114819 -0.014952 0.119319
0.117313 -0.014138 0.119667
0.119980 -0.013907 0.119591
0.122754 -0.013632 0.119610
0.125720 -0.013113 0.119951
0.128652 -0.012764 0.120667
0.131464 -0.012230 0.121696
0.132990 -0.011713 0.124079
0.134530 -0.011991 0.123003
0.135121 -0.012100 0.121789
0.110613 -0.012993 0.119620
0.112630 -0.013210 0.119406
0.114890 -0.013159 0.119701
0.117386 -0.012548 0.119945
0.120252 -0.012310 0.119909
0.123300 -0.012031 0.119875
0.126420 -0.011524 0.120291
0.129432 -0.011084 0.121195
0.132268 -0.010352 0.121894
0.134454 -0.009743 0.123152
0.136158 -0.009852 0.123342
0.109226 -0.010909 0.120362
0.110533 -0.011004 0.119495
0.112513 -0.011394 0.119678
0.114845 -0.011165 0.119926
0.117401 -0.010669 0.119982
0.120201 -0.010491 0.120039
0.123116 -0.010251 0.120199
0.126003 -0.009863 0.120595
0.128649 -0.009526 0.121733
0.131275 -0.009111 0.122894
0.133849 -0.007853 0.123623
0.109197 -0.009069 0.120444
0.110582 -0.009003 0.119572
0.112517 -0.009402 0.119829
0.114869 -0.009205 0.119872
0.117441 -0.008773 0.119977
0.120178 -0.008630 0.120214
0.122933 -0.008431 0.120749
0.125689 -0.008149 0.121259
0.128171 -0.007816 0.122014
0.130565 -0.007382 0.122081
0.132792 -0.006987 0.122427
0.109247 -0.007079 0.120561
0.110712 -0.007048 0.119945
0.112727 -0.007374 0.119940
0.115038 -0.007252 0.119910
0.117555 -0.006871 0.120026
0.120199 -0.006776 0.120380
0.122827 -0.006624 0.120977
0.125362 -0.006388 0.121789
0.127673 -0.006167 0.122702
0.129947 -0.005795 0.122841
0.132180 -0.005393 0.122785
0.110970 -0.005069 0.120144
0.112934 -0.005322 0.120153
0.115118 -0.005272 0.119987
0.117553 -0.004948 0.120093
0.120172 -0.004887 0.120519
0.122790 -0.004761 0.121139
0.125227 -0.004586 0.122193
0.127447 -0.004478 0.123316
0.129570 -0.004334 0.124002
0.131813 -0.004040 0.123807
0.111312 -0.003322 0.120450
0.113019 -0.003227 0.120519
0.115092 -0.003198 0.120338
0.117469 -0.002971 0.120359
0.120032 -0.002943 0.120609
0.122637 -0.002867 0.121198
0.125072 -0.002766 0.122444
0.127474 -0.002673 0.123122
0.129662 -0.002622 0.123773
0.131675 -0.002458 0.123960
0.111658 -0.001087 0.120723
0.113072 -0.001057 0.120845
0.115146 -0.001061 0.120610
0.117478 -0.000990 0.120528
0.120024 -0.000984 0.120663
0.122655 -0.000958 0.121153
0.125148 -0.000925 0.122218
0.127557 -0.000881 0.122888
0.129682 -0.000875 0.123898
0.131735 -0.000825 0.124147
0.111659 0.001087 0.120724
0.113072 0.001061 0.120846
0.115146 0.001064 0.120611
0.117478 0.000992 0.120528
0.120024 0.000985 0.120663
0.122655 0.000960 0.121153
0.125147 0.000928 0.122218
0.127556 0.000885 0.122887
0.129681 0.000875 0.123898
0.131735 0.000828 0.124147
0.111312 0.003322 0.120450
0.113019 0.003229 0.120517
0.115093 0.003201 0.120336
0.117469 0.002973 0.120358
0.120032 0.002944 0.120608
0.122636 0.002869 0.121198
0.125071 0.002768 0.122444
0.127474 0.002677 0.123122
0.129662 0.002622 0.123772
0.131676 0.002462 0.123959
0.110970 0.005069 0.120143
0.112934 0.005323 0.120151
0.115118 0.005273 0.119986
0.117552 0.004949 0.120092
0.120171 0.004887 0.120518
0.122789 0.004761 0.121138
0.125225 0.004588 0.122191
0.127446 0.004482 0.123315
0.129570 0.004336 0.123998
0.131814 0.004045 0.123801
0.109247 0.007079 0.120561
0.110712 0.007048 0.119945
0.112727 0.007374 0.119940
0.115037 0.007252 0.119909
0.117555 0.006872 0.120025
0.120198 0.006777 0.120378
0.122826 0.006626 0.120974
0.125361 0.006390 0.121786
0.127673 0.006171 0.122697
0.129949 0.005795 0.122830
0.132182 0.005398 0.122775
0.109197 0.009069 0.120444
0.110582 0.009003 0.119572
0.112517 0.009402 0.119829
0.114869 0.009206 0.119872
0.117441 0.008774 0.119976
0.120177 0.008631 0.120213
0.122933 0.008432 0.120746
0.125688 0.008151 0.121254
0.128171 0.007819 0.122007
0.130565 0.007385 0.122071
0.132791 0.006993 0.122416
0.109226 0.010909 0.120362
0.110533 0.011004 0.119495
0.112513 0.011394 0.119678
0.114845 0.011165 0.119926
0.117401 0.010670 0.119981
0.120200 0.010492 0.120038
0.123114 0.010253 0.120197
0.126001 0.009865 0.120592
0.128648 0.009529 0.121729
0.131273 0.009114 0.122890
0.133850 0.007858 0.123616
0.110613 0.012993 0.119620
0.112630 0.013210 0.119406
0.114891 0.013159 0.119701
0.117387 0.012549 0.119944
0.120252 0.012311 0.119908
0.123300 0.012032 0.119874
0.126420 0.011527 0.120289
0.129432 0.011087 0.121190
0.132267 0.010355 0.121889
0.134455 0.009748 0.123143
0.136161 0.009852 0.123326
0.112671 0.014653 0.119356
0.114819 0.014952 0.119318
0.117313 0.014140 0.119667
0.119980 0.013908 0.119591
0.122754 0.013634 0.119609
0.125720 0.013115 0.119952
0.128652 0.012767 0.120668
0.131466 0.012233 0.121696
0.132992 0.011717 0.124080
0.134531 0.011995 0.123003
0.135120 0.012102 0.121790
0.115507 0.015337 0.118832
0.117579 0.015047 0.119307
0.119740 0.015000 0.119225
0.121917 0.014839 0.119554
0.124741 0.014243 0.119792
0.127265 0.013932 0.120166
0.129647 0.013603 0.120567
0.131480 0.013089 0.121812
0.132716 0.012913 0.121510
0.124554 0.014938 0.119350
0.126592 0.014700 0.119672
0.128695 0.014299 0.119740
0.119937 -0.014084 0.120698
0.121917 -0.013866 0.120935
0.124006 -0.013729 0.121152
0.126206 -0.013683 0.121449
0.128799 -0.013415 0.121711
0.113214 -0.013900 0.120738
0.115241 -0.013800 0.120829
0.117289 -0.013668 0.121128
0.119913 -0.013318 0.121125
0.122390 -0.012972 0.121126
0.124933 -0.012521 0.121210
0.127542 -0.012416 0.121700
0.130288 -0.011992 0.122340
0.131694 -0.011814 0.124057
0.133337 -0.012324 0.123251
0.108629 -0.012705 0.121232
0.110579 -0.012921 0.121457
0.112632 -0.012928 0.121239
0.114700 -0.012601 0.121245
0.117163 -0.012192 0.121394
0.120005 -0.011934 0.121317
0.122951 -0.011585 0.121102
0.125924 -0.011035 0.121333
0.128724 -0.010843 0.122166
0.131495 -0.010249 0.122660
0.133226 -0.009975 0.123408
0.107550 -0.010428 0.122099
0.108611 -0.010924 0.121559
0.110318 -0.011067 0.121392
0.112411 -0.011363 0.121416
0.114643 -0.010837 0.121467
0.117163 -0.010336 0.121535
0.119898 -0.010153 0.121540
0.122680 -0.009838 0.121549
0.125578 -0.009464 0.121898
0.128363 -0.009322 0.122528
0.130721 -0.009210 0.123335
0.107289 -0.009008 0.122044
0.108472 -0.009026 0.121793
0.110288 -0.009093 0.121377
0.112296 -0.009353 0.121375
0.114583 -0.008813 0.121392
0.117129 -0.008391 0.121588
0.119816 -0.008314 0.121818
0.122472 -0.008127 0.122195
0.125181 -0.007958 0.122441
0.127745 -0.007781 0.123196
0.129674 -0.007502 0.122862
0.107350 -0.007054 0.121940
0.108520 -0.007075 0.121739
0.110242 -0.006967 0.121407
0.112358 -0.007159 0.121334
0.114683 -0.006745 0.121495
0.117224 -0.006461 0.121736
0.119871 -0.006510 0.122139
0.122446 -0.006460 0.122566
0.124922 -0.006361 0.123095
0.127278 -0.006303 0.123936
0.129237 -0.006072 0.123725
0.108839 -0.005120 0.121746
0.110379 -0.004958 0.121520
0.112479 -0.004990 0.121572
0.114802 -0.004749 0.121642
0.117354 -0.004572 0.121871
0.120016 -0.004711 0.122310
0.122659 -0.004739 0.122849
0.125063 -0.004752 0.123751
0.127237 -0.004764 0.124766
0.128931 -0.004677 0.124750
0.109335 -0.003334 0.122114
0.110671 -0.003077 0.121728
0.112707 -0.002938 0.121830
0.115212 -0.002814 0.121829
0.117959 -0.002741 0.122139
0.120653 -0.002881 0.122546
0.123081 -0.002901 0.123169
0.125195 -0.002963 0.124103
0.127129 -0.002866 0.124368
0.128904 -0.002750 0.124680
0.110504 -0.000986 0.121491
0.112795 -0.000964 0.122087
0.115351 -0.000928 0.121998
0.118106 -0.000911 0.122195
0.120810 -0.000969 0.122462
0.123281 -0.000975 0.123017
0.125418 -0.001002 0.123826
0.127333 -0.000953 0.124158
0.129050 -0.000895 0.124874
0.110504 0.000986 0.121491
0.112797 0.000974 0.122088
0.115353 0.000936 0.121999
0.118108 0.000916 0.122195
0.120812 0.000972 0.122462
0.123282 0.000979 0.123018
0.125419 0.001004 0.123826
0.127334 0.000956 0.124158
0.129050 0.000900 0.124874
0.109335 0.003334 0.122114
0.110671 0.003077 0.121728
0.112707 0.002942 0.121828
0.115212 0.002818 0.121828
0.117958 0.002744 0.122139
0.120651 0.002885 0.122545
0.123079 0.002905 0.123168
0.125194 0.002966 0.124102
0.127128 0.002868 0.124367
0.128904 0.002755 0.124678
0.108839 0.005120 0.121746
0.110379 0.004958 0.121519
0.112479 0.004992 0.121571
0.114801 0.004751 0.121641
0.117353 0.004575 0.121870
0.120015 0.004714 0.122309
0.122657 0.004743 0.122847
0.125061 0.004755 0.123749
0.127236 0.004768 0.124763
0.128932 0.004681 0.124746
0.107350 0.007054 0.121940
0.108520 0.007075 0.121739
0.110242 0.006968 0.121407
0.112357 0.007160 0.121334
0.114683 0.006745 0.121494
0.117223 0.006463 0.121735
0.119870 0.006512 0.122138
0.122445 0.006464 0.122564
0.124921 0.006363 0.123092
0.127277 0.006307 0.123931
0.129238 0.006073 0.123714
0.107289 0.009008 0.122044
0.108472 0.009026 0.121793
0.110288 0.009094 0.121377
0.112296 0.009353 0.121375
0.114583 0.008813 0.121392
0.117129 0.008392 0.121587
0.119816 0.008316 0.121817
0.122472 0.008130 0.122192
0.125181 0.007961 0.122437
0.127745 0.007784 0.123189
0.129674 0.007504 0.122852
0.107550 0.010428 0.122099
0.108611 0.010924 0.121559
0.110318 0.011067 0.121392
0.112411 0.011364 0.121416
0.114643 0.010838 0.121467
0.117163 0.010338 0.121534
0.119898 0.010155 0.121539
0.122680 0.009841 0.121548
0.125578 0.009467 0.121895
0.128363 0.009325 0.122524
0.130721 0.009211 0.123331
0.108629 0.012705 0.121232
0.110579 0.012921 0.121457
0.112632 0.012928 0.121239
0.114701 0.012602 0.121244
0.117163 0.012193 0.121394
0.120006 0.011936 0.121316
0.122952 0.011588 0.121102
0.125925 0.011038 0.121331
0.128726 0.010846 0.122163
0.131495 0.010251 0.122656
0.133228 0.009980 0.123401
0.113214 0.013900 0.120738
0.115242 0.013801 0.120828
0.117290 0.013669 0.121127
0.119914 0.013320 0.121125
0.122391 0.012974 0.121126
0.124934 0.012524 0.121211
0.127543 0.012419 0.121702
0.130291 0.011995 0.122340
0.131696 0.011819 0.124057
0.133341 0.012328 0.123255
0.119938 0.014087 0.120697
0.121919 0.013869 0.120935
0.124008 0.013732 0.121152
0.126209 0.013687 0.121449
0.128801 0.013419 0.121711
0.117319 -0.012735 0.122415
0.119245 -0.012622 0.122622
0.121223 -0.012429 0.122463
0.123679 -0.012339 0.121959
0.126391 -0.012356 0.121880
0.129351 -0.012230 0.122182
0.111301 -0.012064 0.123099
0.112748 -0.012538 0.123110
0.114676 -0.012316 0.122953
0.117082 -0.011822 0.122638
0.119772 -0.011474 0.122473
0.122522 -0.011379 0.121833
0.125008 -0.011099 0.121780
0.108880 -0.010552 0.122950
0.110661 -0.010781 0.123313
0.112425 -0.011194 0.123172
0.114548 -0.010672 0.122955
0.116938 -0.010099 0.122758
0.119612 -0.009641 0.122699
0.121939 -0.009449 0.122376
0.108595 -0.008984 0.123467
0.110431 -0.009109 0.123120
0.112346 -0.009278 0.122886
0.114565 -0.008635 0.122757
0.116961 -0.008139 0.122890
0.119513 -0.007833 0.123079
0.121843 -0.007806 0.123111
0.124209 -0.007837 0.122942
0.108588 -0.007021 0.123477
0.110468 -0.007058 0.122961
0.112512 -0.006985 0.122726
0.114743 -0.006481 0.122968
0.117110 -0.006165 0.123148
0.119624 -0.005974 0.123641
0.121934 -0.006091 0.123643
0.124036 -0.006235 0.123748
0.108901 -0.005320 0.122868
0.110627 -0.005042 0.123075
0.112631 -0.004754 0.123012
0.114957 -0.004484 0.123168
0.117433 -0.004249 0.123334
0.119984 -0.004173 0.123638
0.122387 -0.004330 0.124051
0.124491 -0.004728 0.124399
0.110760 -0.003076 0.123346
0.112782 -0.002781 0.123171
0.115437 -0.002643 0.123133
0.118242 -0.002498 0.123531
0.121007 -0.002497 0.123980
0.123472 -0.002624 0.124759
0.125171 -0.003052 0.125011
0.126549 -0.002900 0.124965
0.111217 -0.001038 0.123132
0.112859 -0.000924 0.123361
0.115515 -0.000871 0.123252
0.118378 -0.000816 0.123578
0.121175 -0.000825 0.123826
0.123684 -0.000899 0.124269
0.125698 -0.001049 0.124850
0.127134 -0.001004 0.124838
0.111217 0.001038 0.123132
0.112856 0.000949 0.123362
0.115514 0.000880 0.123252
0.118378 0.000820 0.123578
0.121176 0.000827 0.123826
0.123685 0.000903 0.124270
0.125698 0.001053 0.124851
0.127134 0.001007 0.124838
0.110760 0.003076 0.123346
0.112781 0.002785 0.123169
0.115435 0.002647 0.123132
0.118240 0.002501 0.123531
0.121004 0.002499 0.123979
0.123468 0.002628 0.124758
0.125168 0.003055 0.125009
0.126547 0.002903 0.124964
0.108901 0.005320 0.122868
0.110627 0.005042 0.123075
0.112631 0.004757 0.123011
0.114956 0.004486 0.123167
0.117432 0.004251 0.123333
0.119983 0.004175 0.123637
0.122385 0.004335 0.124050
0.124490 0.004731 0.124397
0.108588 0.007021 0.123477
0.110468 0.007058 0.122961
0.112512 0.006987 0.122726
0.114743 0.006483 0.122967
0.117110 0.006168 0.123147
0.119623 0.005977 0.123639
0.121933 0.006095 0.123641
0.124035 0.006239 0.123745
0.108595 0.008984 0.123467
0.110431 0.009109 0.123120
0.112346 0.009279 0.122886
0.114565 0.008636 0.122756
0.116961 0.008140 0.122889
0.119513 0.007836 0.123078
0.121843 0.007810 0.123108
0.124209 0.007841 0.122939
0.108880 0.010552 0.122950
0.110661 0.010781 0.123313
0.112425 0.011194 0.123172
0.114548 0.010673 0.122955
0.116938 0.010101 0.122757
0.119612 0.009643 0.122698
0.121939 0.009452 0.122374
0.111301 0.012064 0.123099
0.112748 0.012538 0.123110
0.114677 0.012317 0.122952
0.117083 0.011824 0.122637
0.119772 0.011476 0.122472
0.122522 0.011382 0.121832
0.125009 0.011102 0.121778
0.117320 0.012737 0.122414
0.119247 0.012624 0.122622
0.121225 0.012432 0.122462
0.123680 0.012343 0.121960
0.126392 0.012360 0.121882
0.129353 0.012235 0.122183
0.116452 -0.011826 0.123344
0.111001 -0.010980 0.124865
0.112363 -0.011055 0.124286
0.114585 -0.010525 0.123685
0.116671 -0.009817 0.123331
0.110824 -0.009531 0.124238
0.112286 -0.009181 0.124011
0.114793 -0.008459 0.123670
0.116848 -0.008053 0.123623
0.110795 -0.007068 0.123860
0.112782 -0.006877 0.123859
0.114772 -0.006377 0.124081
0.117032 -0.006192 0.123935
0.119028 -0.005721 0.123852
0.110827 -0.004899 0.123891
0.112896 -0.004755 0.123924
0.114985 -0.004587 0.124334
0.117348 -0.004422 0.124216
0.119810 -0.004075 0.124208
0.113060 -0.002865 0.123906
0.115606 -0.002826 0.124102
0.117969 -0.002619 0.124418
0.120629 -0.002395 0.124616
0.122706 -0.002559 0.124760
0.113303 -0.001066 0.124120
0.115706 -0.000942 0.124182
0.118193 -0.000866 0.124583
0.120529 -0.000840 0.124617
0.123024 -0.000817 0.124654
0.113295 0.001066 0.124120
0.115701 0.000946 0.124182
0.118188 0.000868 0.124581
0.120527 0.000843 0.124616
0.123023 0.000822 0.124654
0.113057 0.002867 0.123904
0.115603 0.002829 0.124102
0.117965 0.002620 0.124419
0.120625 0.002397 0.124616
0.122702 0.002563 0.124759
0.110827 0.004899 0.123891
0.112896 0.004757 0.123924
0.114985 0.004589 0.124334
0.117347 0.004424 0.124216
0.119809 0.004078 0.124208
0.110795 0.007068 0.123860
0.112782 0.006879 0.123860
0.114771 0.006378 0.124081
0.117032 0.006193 0.123934
0.119028 0.005723 0.123851
0.110824 0.009531 0.124238
0.112286 0.009182 0.124011
0.114793 0.008460 0.123670
0.116848 0.008055 0.123622
0.111001 0.010980 0.124865
0.112364 0.011056 0.124287
0.114585 0.010526 0.123685
0.116671 0.009819 0.123330
0.116453 0.011828 0.123344
0.108283 -0.011892 0.121241
0.108088 -0.011462 0.121848
0.108099 -0.009932 0.121191
0.107574 -0.009991 0.122529
0.108098 -0.008061 0.121295
0.107271 -0.007893 0.122725
0.108300 -0.006540 0.121273
0.107812 -0.006097 0.122497
0.108300 0.006540 0.121273
0.107812 0.006097 0.122497
0.108098 0.008061 0.121295
0.107271 0.007893 0.122725
0.108099 0.009932 0.121191
0.107574 0.009991 0.122529
0.108283 0.011892 0.121241
0.108088 0.011462 0.121848
0.109423 -0.012024 0.120357
0.109608 -0.011795 0.122326
0.110448 -0.010963 0.124007
0.109920 -0.009863 0.124191
0.109672 -0.008032 0.123743
0.109521 -0.005990 0.120478
0.109766 -0.006084 0.123662
0.109956 -0.004191 0.120880
0.109549 -0.003989 0.122562
0.110524 -0.004365 0.123607
0.110410 -0.002203 0.121258
0.109959 -0.002153 0.122154
0.110410 0.002203 0.121258
0.109959 0.002153 0.122154
0.109956 0.004191 0.120880
0.109549 0.003989 0.122562
0.110524 0.004365 0.123607
0.109521 0.005990 0.120478
0.109766 0.006084 0.123662
0.109672 0.008032 0.123743
0.109920 0.009863 0.124191
0.109423 0.012024 0.120357
0.109608 0.011795 0.122326
0.110448 0.010963 0.124007
0.111729 -0.014006 0.118752
0.111679 -0.013731 0.120395
0.111918 -0.012972 0.121959
0.111758 -0.012007 0.118787
0.111653 -0.011536 0.124225
0.112080 -0.010118 0.119036
0.112343 -0.008240 0.119343
0.112507 -0.006257 0.119581
0.112687 -0.004212 0.119894
0.111645 -0.003920 0.123919
0.112730 -0.001980 0.120189
0.111871 -0.002054 0.124019
0.112755 0.000001 0.120254
0.111788 0.000055 0.123862
0.112731 0.001979 0.120190
0.111865 0.002056 0.124019
0.112687 0.004213 0.119892
0.111644 0.003921 0.123918
0.112507 0.006258 0.119580
0.112343 0.008240 0.119342
0.112080 0.010118 0.119036
0.111758 0.012007 0.118787
0.111653 0.011536 0.124225
0.111729 0.014006 0.118752
0.111679 0.013731 0.120395
0.111918 0.012972 0.121959
0.113946 -0.016015 0.117105
0.113705 -0.015518 0.118307
0.114476 -0.013908 0.117605
0.114015 -0.013093 0.121881
0.115001 -0.012268 0.117968
0.113662 -0.011541 0.124035
0.115416 -0.010573 0.118275
0.115765 -0.008525 0.118559
0.115894 -0.002038 0.119028
0.115824 0.000002 0.119045
0.115895 0.002039 0.119028
0.115765 0.008525 0.118558
0.115416 0.010573 0.118274
0.115001 0.012268 0.117968
0.113662 0.011542 0.124035
0.114476 0.013908 0.117605
0.114016 0.013094 0.121881
0.113946 0.016015 0.117105
0.113705 0.015518 0.118307
0.117382 -0.017305 0.115549
0.116674 -0.016781 0.116472
0.117791 -0.016144 0.116080
0.116315 -0.014472 0.120003
0.118415 -0.014870 0.116884
0.115909 -0.012975 0.121957
0.116068 -0.011928 0.123365
0.115782 -0.011121 0.123442
0.115783 0.011123 0.123442
0.118414 0.014870 0.116883
0.115910 0.012976 0.121956
0.116069 0.011930 0.123364
0.117790 0.016145 0.116079
0.116316 0.014473 0.120003
0.117385 0.017306 0.115549
0.116677 0.016782 0.116470
0.119591 -0.017222 0.113456
0.118934 -0.017671 0.115099
0.118852 -0.016658 0.116801
0.118962 -0.015675 0.118194
0.120357 -0.015356 0.114404
0.118461 -0.014370 0.120218
0.118492 -0.013369 0.121530
0.121195 -0.014031 0.115341
0.117818 -0.012098 0.122996
0.120481 -0.012407 0.116511
0.117860 -0.011063 0.122799
0.120630 -0.010645 0.116718
0.118059 -0.008842 0.123182
0.120959 -0.008405 0.117053
0.118133 -0.006947 0.123616
0.120995 -0.006432 0.117131
0.120586 -0.004311 0.116995
0.120246 -0.002135 0.116929
0.120079 0.000006 0.116880
0.120247 0.002136 0.116929
0.120586 0.004312 0.116994
0.120996 0.006433 0.117129
0.120961 0.008406 0.117052
0.118132 0.006948 0.123615
0.120632 0.010644 0.116717
0.118060 0.008843 0.123181
0.120481 0.012405 0.116511
0.117861 0.011066 0.122798
0.121190 0.014029 0.115341
0.117819 0.012101 0.122996
0.120355 0.015357 0.114401
0.118462 0.014371 0.120217
0.118494 0.013372 0.121530
0.119595 0.017223 0.113454
0.118938 0.017671 0.115097
0.118854 0.016659 0.116799
0.118963 0.015677 0.118193
0.121893 -0.017949 0.111439
0.121481 -0.017587 0.112803
0.122245 -0.016234 0.111808
0.121068 -0.015503 0.118377
0.123062 -0.014377 0.112603
0.120552 -0.013225 0.121676
0.122955 -0.012976 0.114398
0.123470 -0.011426 0.114983
0.123467 -0.009837 0.115400
0.123242 -0.007836 0.115851
0.123389 -0.005741 0.116022
0.120631 -0.004864 0.123917
0.122731 -0.003992 0.115788
0.121511 -0.003355 0.124504
0.122182 -0.001947 0.115553
0.122046 0.000000 0.115542
0.122183 0.001946 0.115552
0.122731 0.003992 0.115787
0.121508 0.003359 0.124503
0.123389 0.005741 0.116021
0.120629 0.004867 0.123916
0.123246 0.007836 0.115850
0.123473 0.009834 0.115400
0.123469 0.011423 0.114984
0.122946 0.012975 0.114399
0.123057 0.014379 0.112600
0.120554 0.013228 0.121675
0.122253 0.016235 0.111805
0.121070 0.015505 0.118376
0.121898 0.017948 0.111437
0.121486 0.017588 0.112801
0.124157 -0.017970 0.110012
0.123509 -0.017963 0.111140
0.123515 -0.016922 0.114826
0.124484 -0.015790 0.110217
0.123258 -0.015290 0.118701
0.123308 -0.014461 0.120161
0.124425 -0.014038 0.111711
0.122468 -0.012991 0.121770
0.125206 -0.012446 0.112570
0.125998 -0.010634 0.113445
0.123977 -0.010396 0.121762
0.126339 -0.009351 0.114197
0.123601 -0.008770 0.122489
0.125766 -0.005022 0.115160
0.125241 -0.003705 0.114737
0.124639 -0.001699 0.114466
0.124196 -0.001664 0.124768
0.124418 0.000000 0.114367
0.124440 0.000002 0.124815
0.124640 0.001699 0.114467
0.124194 0.001668 0.124768
0.125239 0.003704 0.114737
0.125765 0.005023 0.115159
0.126352 0.009349 0.114196
0.123600 0.008774 0.122486
0.126006 0.010630 0.113444
0.123978 0.010400 0.121760
0.125198 0.012440 0.112571
0.124420 0.014040 0.111709
0.122470 0.012995 0.121770
0.124497 0.015791 0.110215
0.123260 0.015293 0.118701
0.123310 0.014464 0.120161
0.124165 0.017967 0.110011
0.123514 0.017962 0.111138
0.123517 0.016923 0.114825
0.126357 -0.018019 0.107726
0.125414 -0.017675 0.109037
0.125496 -0.016671 0.115080
0.126790 -0.015891 0.107928
0.125740 -0.015762 0.109122
0.125339 -0.014333 0.120434
0.126438 -0.013893 0.109813
0.124651 -0.012600 0.121873
0.127021 -0.012389 0.110795
0.126181 -0.011666 0.121804
0.127876 -0.010570 0.112052
0.126906 -0.010365 0.121794
0.127403 -0.008900 0.113612
0.126287 -0.008648 0.122438
0.127378 -0.007032 0.114452
0.125708 -0.007073 0.123318
0.127230 -0.005354 0.114739
0.125694 -0.005582 0.124160
0.127510 -0.003510 0.113800
0.126153 -0.003948 0.124910
0.126939 -0.001668 0.113328
0.126578 0.000001 0.113121
0.126942 0.001670 0.113329
0.127508 0.003512 0.113800
0.126151 0.003951 0.124908
0.127228 0.005355 0.114738
0.125693 0.005585 0.124157
0.127386 0.007035 0.114449
0.125707 0.007076 0.123314
0.127419 0.008900 0.113610
0.126287 0.008650 0.122434
0.127893 0.010560 0.112046
0.126907 0.010368 0.121791
0.127023 0.012371 0.110794
0.126182 0.011669 0.121804
0.126428 0.013887 0.109811
0.124653 0.012604 0.121874
0.126790 0.015882 0.107929
0.125747 0.015756 0.109124
0.125341 0.014336 0.120434
0.126362 0.018022 0.107722
0.125420 0.017672 0.109035
0.125499 0.016672 0.115078
0.128440 -0.019847 0.103659
0.127671 -0.019524 0.105248
0.128190 -0.018337 0.103439
0.127498 -0.017127 0.113479
0.127413 -0.016358 0.115415
0.128638 -0.016292 0.103629
0.128043 -0.016026 0.105292
0.127501 -0.014121 0.120744
0.128738 -0.014459 0.105987
0.128178 -0.014009 0.107688
0.127290 -0.012586 0.121917
0.128813 -0.012418 0.108688
0.129154 -0.011736 0.122115
0.129509 -0.010917 0.110205
0.129450 -0.009276 0.112748
0.129657 -0.007068 0.113525
0.129381 -0.005304 0.113740
0.129327 -0.003513 0.112427
0.128841 -0.003850 0.113402
0.127494 -0.003666 0.124762
0.128321 -0.001776 0.111874
0.127818 -0.001847 0.124836
0.128134 0.000002 0.124951
0.128323 0.001781 0.111876
0.127817 0.001850 0.124835
0.129328 0.003518 0.112427
0.128840 0.003856 0.113402
0.127493 0.003669 0.124760
0.129379 0.005309 0.113739
0.129665 0.007073 0.113523
0.129470 0.009275 0.112743
0.129518 0.010902 0.110207
0.128807 0.012400 0.108681
0.129156 0.011739 0.122115
0.128740 0.014460 0.105983
0.128168 0.014004 0.107681
0.127292 0.012590 0.121918
0.128642 0.016294 0.103629
0.128048 0.016026 0.105292
0.127503 0.014125 0.120744
0.128194 0.018339 0.103439
0.127502 0.017128 0.113477
0.127416 0.016360 0.115414
0.128446 0.019851 0.103657
0.127676 0.019526 0.105245
0.130198 -0.020533 0.099441
0.129527 -0.020386 0.101162
0.129218 -0.019915 0.103074
0.129117 -0.019319 0.105139
0.130069 -0.018426 0.099287
0.129387 -0.017340 0.111770
0.129422 -0.016658 0.113701
0.130310 -0.016927 0.099587
0.129733 -0.016468 0.101469
0.129872 -0.014110 0.119733
0.129781 -0.013535 0.121010
0.130334 -0.014635 0.102077
0.129875 -0.014268 0.103758
0.130398 -0.013016 0.122233
0.130612 -0.012866 0.104577
0.130131 -0.012412 0.106409
0.130999 -0.010620 0.107992
0.130550 -0.010585 0.109580
0.132564 -0.009223 0.123261
0.131180 -0.009477 0.110771
0.131799 -0.007817 0.122896
0.131426 -0.007177 0.111559
0.130988 -0.006458 0.122989
0.131062 -0.005412 0.112097
0.130682 -0.005145 0.123752
0.129935 -0.002816 0.108667
0.130384 -0.003288 0.110389
0.130292 -0.003962 0.111926
0.130524 -0.003425 0.124441
0.128888 -0.001478 0.103192
0.129167 -0.001639 0.104889
0.129388 -0.001730 0.106717
0.129416 -0.001801 0.108574
0.130523 -0.001750 0.124548
0.128261 0.000003 0.103253
0.130548 0.000002 0.124688
0.128885 0.001483 0.103198
0.129166 0.001644 0.104895
0.129387 0.001735 0.106722
0.129417 0.001805 0.108580
0.130523 0.001755 0.124546
0.129936 0.002820 0.108674
0.130385 0.003293 0.110393
0.130292 0.003967 0.111926
0.130525 0.003430 0.124438
0.131061 0.005419 0.112096
0.130682 0.005149 0.123743
0.131432 0.007185 0.111562
0.130988 0.006461 0.122979
0.131192 0.009477 0.110777
0.131799 0.007821 0.122887
0.130999 0.010626 0.107999
0.130559 0.010582 0.109582
0.132565 0.009226 0.123255
0.130618 0.012867 0.104570
0.130135 0.012409 0.106408
0.130337 0.014642 0.102066
0.129879 0.014272 0.103749
0.130401 0.013020 0.122233
0.130313 0.016934 0.099578
0.129736 0.016474 0.101463
0.129874 0.014114 0.119733
0.129783 0.013539 0.121010
0.130072 0.018433 0.099281
0.129392 0.017338 0.111765
0.129427 0.016660 0.113699
0.130203 0.020538 0.099437
0.129532 0.020391 0.101158
0.129223 0.019919 0.103071
0.129122 0.019322 0.105136
0.132187 -0.020323 0.093474
0.131646 -0.020674 0.095133
0.131121 -0.020911 0.096916
0.131031 -0.020496 0.098962
0.130931 -0.019943 0.100975
0.130771 -0.019388 0.103099
0.131556 -0.018744 0.093376
0.131217 -0.017869 0.107644
0.131096 -0.017363 0.109723
0.131047 -0.016775 0.111779
0.132155 -0.017306 0.093867
0.131659 -0.016996 0.095652
0.131643 -0.015064 0.116380
0.131688 -0.014302 0.118358
0.131634 -0.013339 0.120200
0.132311 -0.015357 0.096233
0.131810 -0.015016 0.098002
0.131308 -0.014567 0.099800
0.132363 -0.012513 0.122385
0.131977 -0.012951 0.100260
0.131538 -0.012531 0.102089
0.134267 -0.010436 0.124205
0.132228 -0.010928 0.102704
0.132001 -0.010509 0.104727
0.131835 -0.010240 0.106892
0.135871 -0.008716 0.122890
0.134997 -0.008971 0.123604
0.132371 -0.008741 0.107890
0.134344 -0.007181 0.121744
0.132593 -0.006692 0.108541
0.133469 -0.006050 0.121792
0.132317 -0.004993 0.109438
0.133464 -0.004699 0.122372
0.129949 -0.002646 0.100528
0.130302 -0.002829 0.102297
0.130560 -0.003248 0.104133
0.131025 -0.003149 0.106022
0.131479 -0.003343 0.107948
0.133095 -0.003080 0.123012
0.128807 -0.001573 0.098940
0.128768 -0.001871 0.100769
0.132977 -0.001679 0.123249
0.128304 -0.000033 0.099128
0.133066 0.000001 0.123430
0.128800 0.001594 0.098958
0.128763 0.001875 0.100777
0.132977 0.001681 0.123249
0.129942 0.002651 0.100540
0.130297 0.002835 0.102309
0.130557 0.003254 0.104144
0.131024 0.003155 0.106033
0.131480 0.003347 0.107958
0.133095 0.003085 0.123011
0.132317 0.004998 0.109447
0.133464 0.004705 0.122368
0.132594 0.006699 0.108552
0.133470 0.006056 0.121783
0.132370 0.008743 0.107894
0.134341 0.007189 0.121729
0.132238 0.010937 0.102705
0.132006 0.010518 0.104727
0.131838 0.010245 0.106894
0.135874 0.008717 0.122876
0.135000 0.008972 0.123592
0.131981 0.012955 0.100247
0.131546 0.012535 0.102083
0.134270 0.010436 0.124197
0.132315 0.015361 0.096220
0.131811 0.015022 0.097988
0.131309 0.014575 0.099784
0.132365 0.012517 0.122386
0.132162 0.017312 0.093857
0.131664 0.017002 0.095642
0.131644 0.015067 0.116377
0.131688 0.014306 0.118358
0.131634 0.013345 0.120200
0.131563 0.018751 0.093367
0.131220 0.017873 0.107639
0.131099 0.017363 0.109720
0.131052 0.016773 0.111774
0.132193 0.020330 0.093468
0.131652 0.020680 0.095128
0.131127 0.020917 0.096912
0.131037 0.020502 0.098957
0.130936 0.019948 0.100970
0.130776 0.019392 0.103095
0.132926 -0.021060 0.092776
0.132714 -0.020703 0.094825
0.132527 -0.020274 0.096909
0.132507 -0.019706 0.098915
0.133973 -0.018836 0.089947
0.133210 -0.019122 0.091201
0.132963 -0.018547 0.101397
0.132770 -0.018106 0.103396
0.132585 -0.017657 0.105437
0.132394 -0.017205 0.107492
0.133924 -0.017353 0.089928
0.133369 -0.016376 0.107863
0.133230 -0.015979 0.109868
0.133093 -0.015644 0.112019
0.133057 -0.015116 0.114093
0.133947 -0.015184 0.092190
0.133331 -0.014954 0.093959
0.134019 -0.013925 0.116602
0.133995 -0.013269 0.118595
0.134028 -0.012732 0.120658
0.134160 -0.012079 0.122465
0.133919 -0.013277 0.094205
0.133397 -0.012998 0.096028
0.136082 -0.011283 0.121437
0.135163 -0.012314 0.122279
0.133999 -0.011360 0.096122
0.133536 -0.011105 0.097882
0.133192 -0.010634 0.099958
0.133031 -0.010133 0.101919
0.136515 -0.009299 0.119508
0.136658 -0.009314 0.121924
0.133799 -0.008655 0.102367
0.133500 -0.008257 0.104500
0.136278 -0.007653 0.117340
0.136399 -0.007503 0.119738
0.133608 -0.006324 0.105128
0.136215 -0.006185 0.117627
0.133396 -0.004016 0.104931
0.133420 -0.004566 0.106083
0.136607 -0.004368 0.118470
0.131325 -0.003117 0.099705
0.135328 -0.003022 0.121111
0.130417 -0.001801 0.097995
0.135078 -0.001916 0.121141
0.135321 -0.000001 0.121439
0.130410 0.001832 0.098002
0.135082 0.001914 0.121147
0.131319 0.003125 0.099718
0.135328 0.003026 0.121113
0.133395 0.004026 0.104943
0.133420 0.004574 0.106096
0.136612 0.004359 0.118474
0.133608 0.006332 0.105142
0.136228 0.006181 0.117611
0.133804 0.008662 0.102372
0.133502 0.008262 0.104504
0.136281 0.007651 0.117312
0.136399 0.007505 0.119717
0.134004 0.011362 0.096118
0.133539 0.011110 0.097880
0.133199 0.010641 0.099958
0.133038 0.010139 0.101919
0.136506 0.009297 0.119486
0.136657 0.009318 0.121902
0.133925 0.013279 0.094201
0.133402 0.013000 0.096021
0.136084 0.011283 0.121425
0.135168 0.012314 0.122274
0.133952 0.015188 0.092184
0.133336 0.014957 0.093952
0.134013 0.013930 0.116602
0.133994 0.013274 0.118595
0.134027 0.012737 0.120658
0.134159 0.012084 0.122466
0.133930 0.017358 0.089921
0.133372 0.016382 0.107856
0.133232 0.015981 0.109870
0.133099 0.015638 0.112007
0.133056 0.015115 0.114085
0.133978 0.018842 0.089940
0.133216 0.019128 0.091194
0.132967 0.018552 0.101392
0.132774 0.018111 0.103390
0.132589 0.017661 0.105431
0.132398 0.017210 0.107486
0.132932 0.021067 0.092773
0.132719 0.020709 0.094821
0.132533 0.020280 0.096904
0.132512 0.019711 0.098910
0.135411 -0.019422 0.087781
0.134611 -0.019636 0.088873
0.134877 -0.019276 0.093268
0.134654 -0.018943 0.095190
0.134463 -0.018568 0.097194
0.134177 -0.018148 0.099297
0.135482 -0.017615 0.087659
0.134782 -0.016602 0.101590
0.134615 -0.016351 0.103580
0.134440 -0.015983 0.105530
0.134257 -0.015632 0.107531
0.135918 -0.015318 0.087834
0.135241 -0.014635 0.107702
0.135171 -0.014404 0.109736
0.135064 -0.014213 0.111805
0.134957 -0.013896 0.113934
0.134982 -0.013412 0.116130
0.136428 -0.013432 0.088036
0.135615 -0.012953 0.090047
0.135914 -0.012392 0.116079
0.135633 -0.010899 0.091999
0.135024 -0.010704 0.093623
0.136384 -0.010307 0.114221
0.136187 -0.010556 0.116344
0.135640 -0.008971 0.093614
0.135099 -0.008779 0.095501
0.136304 -0.008395 0.114048
0.135237 -0.006788 0.097744
0.136477 -0.006605 0.112157
0.134797 -0.004693 0.098821
0.136534 -0.004772 0.113334
0.136698 -0.004449 0.115484
0.132679 -0.002824 0.099251
0.137244 -0.003132 0.116300
0.132335 -0.001502 0.097487
0.137387 -0.001640 0.116460
0.132341 -0.000208 0.096632
0.137585 -0.000003 0.116388
0.132344 0.001505 0.097476
0.137390 0.001636 0.116466
0.132676 0.002833 0.099259
0.137245 0.003125 0.116311
0.134793 0.004702 0.098829
0.136521 0.004777 0.113339
0.136698 0.004443 0.115485
0.135235 0.006795 0.097749
0.136471 0.006584 0.112159
0.135643 0.008971 0.093614
0.135099 0.008781 0.095501
0.136308 0.008398 0.114030
0.135637 0.010901 0.091998
0.135030 0.010706 0.093621
0.136384 0.010290 0.114192
0.136170 0.010547 0.116317
0.136434 0.013436 0.088037
0.135620 0.012956 0.090048
0.135898 0.012395 0.116068
0.135923 0.015320 0.087834
0.135241 0.014641 0.107707
0.135153 0.014399 0.109727
0.135066 0.014188 0.111804
0.134948 0.013900 0.113938
0.134988 0.013410 0.116120
0.135487 0.017618 0.087653
0.134786 0.016606 0.101585
0.134620 0.016354 0.103576
0.134445 0.015987 0.105525
0.134259 0.015640 0.107523
0.135415 0.019429 0.087774
0.134615 0.019643 0.088867
0.134882 0.019281 0.093264
0.134659 0.018948 0.095185
0.134468 0.018573 0.097190
0.134181 0.018153 0.099293
0.136321 -0.019830 0.087092
0.136002 -0.019082 0.088883
0.135865 -0.018696 0.091068
0.137381 -0.017959 0.085743
0.136727 -0.017482 0.091123
0.136567 -0.017257 0.093079
0.136312 -0.016925 0.095190
0.136019 -0.016605 0.097173
0.135663 -0.016245 0.099183
0.137554 -0.015588 0.086105
0.136460 -0.014896 0.099244
0.136217 -0.014598 0.101291
0.136023 -0.014343 0.103286
0.138001 -0.013168 0.086395
0.137311 -0.012515 0.087625
0.136683 -0.012840 0.105299
0.136671 -0.012773 0.107398
0.136655 -0.012612 0.109340
0.137751 -0.011528 0.087899
0.137073 -0.010871 0.089641
0.137142 -0.011439 0.109399
0.136988 -0.009106 0.091681
0.136538 -0.008285 0.093059
0.137165 -0.009131 0.107115
0.136831 -0.009353 0.109053
0.136190 -0.006419 0.095282
0.136922 -0.007155 0.104966
0.136870 -0.006858 0.107057
0.136486 -0.004780 0.098107
0.136888 -0.004946 0.105703
0.136056 -0.003244 0.099136
0.137580 -0.003416 0.109179
0.134788 -0.001145 0.098397
0.136050 -0.001680 0.099609
0.135122 0.000001 0.097954
0.134779 0.001150 0.098383
0.136046 0.001687 0.099604
0.136054 0.003251 0.099138
0.137588 0.003435 0.109174
0.136483 0.004785 0.098112
0.136888 0.004947 0.105705
0.136189 0.006419 0.095286
0.136919 0.007157 0.104970
0.136872 0.006861 0.107061
0.136991 0.009106 0.091683
0.136540 0.008283 0.093058
0.137171 0.009126 0.107111
0.136901 0.009273 0.109037
0.137755 0.011530 0.087898
0.137076 0.010872 0.089641
0.137262 0.011349 0.109295
0.138004 0.013172 0.086394
0.137315 0.012517 0.087626
0.136680 0.012841 0.105286
0.136645 0.012793 0.107377
0.136679 0.012576 0.109319
0.137558 0.015591 0.086104
0.136463 0.014900 0.099237
0.136222 0.014603 0.101284
0.136026 0.014350 0.103280
0.137386 0.017962 0.085738
0.136731 0.017487 0.091118
0.136570 0.017262 0.093073
0.136316 0.016929 0.095184
0.136023 0.016609 0.097168
0.135666 0.016250 0.099177
0.136325 0.019836 0.087087
0.136006 0.019088 0.088878
0.135868 0.018701 0.091062
0.137883 -0.017282 0.084923
0.137579 -0.017329 0.086987
0.138266 -0.015717 0.084927
0.138260 -0.015642 0.086848
0.138078 -0.015511 0.088821
0.137970 -0.015277 0.090835
0.137739 -0.015060 0.092799
0.138602 -0.013532 0.085014
0.138893 -0.013819 0.086823
0.137968 -0.013268 0.094890
0.137706 -0.013027 0.096830
0.138612 -0.011516 0.087488
0.138558 -0.011362 0.088927
0.138728 -0.011568 0.090720
0.137909 -0.011256 0.098815
0.137732 -0.011077 0.100886
0.138172 -0.009640 0.091266
0.138276 -0.009295 0.092946
0.138001 -0.009647 0.098731
0.138072 -0.009672 0.100926
0.137575 -0.007615 0.095274
0.137378 -0.007101 0.097008
0.137574 0.007609 0.095276
0.137375 0.007101 0.097010
0.138174 0.009640 0.091269
0.138281 0.009287 0.092950
0.138002 0.009648 0.098726
0.138074 0.009674 0.100921
0.138615 0.011517 0.087487
0.138560 0.011363 0.088927
0.138730 0.011570 0.090718
0.137912 0.011258 0.098808
0.137733 0.011080 0.100880
0.138604 0.013535 0.085010
0.138895 0.013822 0.086820
0.137971 0.013268 0.094885
0.137708 0.013030 0.096825
0.138268 0.015721 0.084925
0.138262 0.015646 0.086845
0.138080 0.015515 0.088817
0.137973 0.015280 0.090832
0.137743 0.015062 0.092795
0.137887 0.017285 0.084920
0.137582 0.017333 0.086984
0.142000 0.019840 0.139257
0.142000 -0.019840 0.139257
0.122224 0.020265 0.109600
0.121610 0.021917 0.105061
0.120183 0.022880 0.101304
0.117739 0.022741 0.096215
0.115309 0.022464 0.092528
0.108737 0.018487 0.096920
0.124284 0.019254 0.109157
0.122843 0.021668 0.104752
0.121073 0.022514 0.100712
0.118169 0.022681 0.095651
0.115530 0.022583 0.091886
0.108834 0.017381 0.094081
0.122218 -0.020265 0.109602
0.121604 -0.021915 0.105061
0.120176 -0.022873 0.101304
0.117733 -0.022728 0.096215
0.115303 -0.022447 0.092528
0.108734 -0.018468 0.096918
0.124279 -0.019254 0.109159
0.122837 -0.021666 0.104753
0.121066 -0.022507 0.100712
0.118162 -0.022668 0.095651
0.115524 -0.022565 0.091886
0.108831 -0.017362 0.094079
0.125918 0.018988 0.108366
0.123762 0.021498 0.104414
0.122030 0.022180 0.100132
0.118957 0.022673 0.095042
0.115924 0.022796 0.091220
0.112730 0.018971 0.091206
0.125913 -0.018990 0.108368
0.123755 -0.021496 0.104415
0.122023 -0.022173 0.100132
0.118951 -0.022660 0.095042
0.115918 -0.022778 0.091220
0.112727 -0.018952 0.091204
0.136931 0.021618 0.082154
0.137707 0.022397 0.078795
0.137798 0.022259 0.071717
0.139733 0.023797 0.060104
0.144116 0.024064 0.047278
0.148392 0.022601 0.036380
0.152437 0.018086 0.025235
0.153776 0.014900 0.020171
0.138177 0.019229 0.080679
0.139604 0.019690 0.075192
0.141428 0.019863 0.068518
0.146666 0.018861 0.055204
0.150093 0.016849 0.045081
0.152547 0.016726 0.036883
0.154908 0.014824 0.027611
0.138772 0.016654 0.081422
0.140825 0.016021 0.075619
0.143604 0.013998 0.067231
0.147090 0.012267 0.057656
0.150184 0.011399 0.048342
0.152685 0.011463 0.040115
0.154283 0.011344 0.033449
0.140216 0.013296 0.079980
0.142677 0.010867 0.072188
0.146209 0.007632 0.061464
0.149223 0.006735 0.052494
0.151415 0.006406 0.045739
0.153146 0.006477 0.039261
0.154747 0.006526 0.033002
0.136927 -0.021613 0.082159
0.137702 -0.022391 0.078801
0.137794 -0.022252 0.071724
0.139726 -0.023794 0.060113
0.144103 -0.024071 0.047288
0.148379 -0.022607 0.036388
0.152428 -0.018091 0.025239
0.153772 -0.014904 0.020172
0.138174 -0.019224 0.080684
0.139601 -0.019685 0.075197
0.141425 -0.019859 0.068523
0.146658 -0.018863 0.055208
0.150082 -0.016851 0.045083
0.152534 -0.016728 0.036886
0.154898 -0.014826 0.027613
0.138771 -0.016651 0.081425
0.140824 -0.016018 0.075622
0.143602 -0.013995 0.067233
0.147086 -0.012267 0.057657
0.150177 -0.011400 0.048342
0.152676 -0.011464 0.040116
0.154274 -0.011345 0.033449
0.140216 -0.013293 0.079982
0.142677 -0.010864 0.072190
0.146206 -0.007631 0.061465
0.149220 -0.006735 0.052495
0.151410 -0.006406 0.045739
0.153141 -0.006476 0.039262
0.154743 -0.006526 0.033002
0.115580 0.022500 0.116639
0.129568 0.019190 0.139050
0.115580 -0.022500 0.116639
0.129568 -0.019190 0.139050

CELLS 3535 25521
8 2029 2040 2041 2030 1842 1853 1854 1843
8 2191 2198 2199 2192 2029 2040 2041 2030
8 2040 2051 2052 2041 1853 1864 1865 1854
8 2198 2206 2207 2199 2040 2051 2052 2041
8 2206 2214 2215 2207 2051 2061 2062 2052
8 2254 2262 2263 2255 2109 2120 2121 2110
8 2120 2131 2132 2121 1935 1946 1947 1936
8 2262 2270 2271 2263 2120 2131 2132 2121
8 2131 2142 2143 2132 1946 1957 1958 1947
8 2270 2278 2279 2271 2131 2142 2143 2132
8 2018 2030 2031 2019 1831 1843 1844 1832
8 2184 2192 2193 2185 2018 2030 2031 2019
8 2030 2041 2042 2031 1843 1854 1855 1844
8 2192 2199 2200 2193 2030 2041 2042 2031
8 2299 2303 2304 2300 2192 2199 2200 2193
8 2041 2052 2053 2042 1854 1865 1866 1855
8 2199 2207 2208 2200 2041 2052 2053 2042
8 2303 2307 2308 2304 2199 2207 2208 2200
8 2052 2062 2063 2053 1865 1875 1876 1866
8 2207 2215 2216 2208 2052 2062 2063 2053
8 2307 2312 2313 2308 2207 2215 2216 2208
8 2062 2072 2073 2063 1875 1885 1886 1876
8 2215 2222 2223 2216 2062 2072 2073 2063
8 2072 2081 2082 2073 1885 1895 1896 1886
8 2222 2230 2231 2223 2072 2081 2082 2073
8 2081 2090 2091 2082 1895 1905 1906 1896
8 2230 2238 2239 2231 2081 2090 2091 2082
8 2090 2100 2101 2091 1905 1915 1916 1906
8 2238 2246 2247 2239 2090 2100 2101 2091
8 2100 2110 2111 2101 1915 1925 1926 1916
8 2246 2255 2256 2247 2100 2110 2111 2101
8 2110 2121 2122 2111 1925 1936 1937 1926
8 2255 2263 2264 2256 2110 2121 2122 2111
8 2337 2342 2343 2338 2255 2263 2264 2256
8 2121 2132 2133 2122 1936 1947 1948 1937
8 2263 2271 2272 2264 2121 2132 2133 2122
8 2342 2347 2348 2343 2263 2271 2272 2264
8 2132 2143 2144 2133 1947 1958 1959 1948
8 2271 2279 2280 2272 2132 2143 2144 2133
8 2347 2351 2352 2348 2271 2279 2280 2272
8 2143 2153 2154 2144 1958 1968 1969 1959
8 2279 2285 2286 2280 2143 2153 2154 2144
8 1820 1832 1833 1821 1629 1640 1641 1630
8 2007 2019 2020 2008 1820 1832 1833 1821
8 1832 1844 1845 1833 1640 1651 1652 1641
8 2019 2031 2032 2020 1832 1844 1845 1833
8 2185 2193 2194 2186 2019 2031 2032 2020
8 1844 1855 1856 1845 1651 1661 1662 1652
8 2031 2042 2043 2032 1844 1855 1856 1845
8 2193 2200 2201 2194 2031 2042 2043 2032
8 2300 2304 2305 2301 2193 2200 2201 2194
8 1855 1866 1867 1856 1661 1671 1672 1662
8 2042 2053 2054 2043 1855 1866 1867 1856
8 2200 2208 2209 2201 2042 2053 2054 2043
8 2304 2308 2309 2305 2200 2208 2209 2201
8 1866 1876 1877 1867 1671 1681 1682 1672
8 2053 2063 2064 2054 1866 1876 1877 1867
8 2208 2216 2217 2209 2053 2063 2064 2054
8 2308 2313 2314 2309 2208 2216 2217 2209
8 1876 1886 1887 1877 1681 1691 1692 1682
8 2063 2073 2074 2064 1876 1886 1887 1877
8 2216 2223 2224 2217 2063 2073 2074 2064
8 2313 2317 2318 2314 2216 2223 2224 2217
8 1886 1896 1897 1887 1691 1701 1702 1692
8 2073 2082 2083 2074 1886 1896 1897 1887
8 2223 2231 2232 2224 2073 2082 2083 2074
8 2317 2322 2323 2318 2223 2231 2232 2224
8 1896 1906 1907 1897 1701 1711 1712 1702
8 2082 2091 2092 2083 1896 1906 1907 1897
8 2231 2239 2240 2232 2082 2091 2092 2083
8 2322 2327 2328 2323 2231 2239 2240 2232
8 1906 1916 1917 1907 1711 1721 1722 1712
8 2091 2101 2102 2092 1906 1916 1917 1907
8 2239 2247 2248 2240 2091 2101 2102 2092
8 2327 2332 2333 2328 2239 2247 2248 2240
8 1916 1926 1927 1917 1721 1731 1732 1722
8 2101 2111 2112 2102 1916 1926 1927 1917
8 2247 2256 2257 2248 2101 2111 2112 2102
8 2332 2338 2339 2333 2247 2256 2257 2248
8 1926 1937 1938 1927 1731 1741 1742 1732
8 2111 2122 2123 2112 1926 1937 1938 1927
8 2256 2264 2265 2257 2111 2122 2123 2112
8 2338 2343 2344 2339 2256 2264 2265 2257
8 1937 1948 1949 1938 1741 1751 1752 1742
8 2122 2133 2134 2123 1937 1948 1949 1938
8 2264 2272 2273 2265 2122 2133 2134 2123
8 2343 2348 2349 2344 2264 2272 2273 2265
8 1948 1959 1960 1949 1751 1761 1762 1752
8 2133 2144 2145 2134 1948 1959 1960 1949
8 2272 2280 2281 2273 2133 2144 2145 2134
8 2348 2352 2353 2349 2272 2280 2281 2273
8 1959 1969 1970 1960 1761 1771 1772 1762
8 2144 2154 2155 2145 1959 1969 1970 1960
8 2280 2286 2287 2281 2144 2154 2155 2145
8 1969 1979 1980 1970 1771 1782 1783 1772
8 2154 2163 2164 2155 1969 1979 1980 1970
8 1620 1630 1631 1621 1433 1442 1443 1434
8 1811 1821 1822 1812 1620 1630 1631 1621
8 1630 1641 1642 1631 1442 1452 1453 1443
8 1821 1833 1834 1822 1630 1641 1642 1631
8 2008 2020 2021 2009 1821 1833 1834 1822
8 1641 1652 1653 1642 1452 1462 1463 1453
8 1833 1845 1846 1834 1641 1652 1653 1642
8 2020 2032 2033 2021 1833 1845 1846 1834
8 2186 2194 2195 2187 2020 2032 2033 2021
8 1652 1662 1663 1653 1462 1472 1473 1463
8 1845 1856 1857 1846 1652 1662 1663 1653
8 2032 2043 2044 2033 1845 1856 1857 1846
8 2194 2201 2202 2195 2032 2043 2044 2033
8 2301 2305 2306 2302 2194 2201 2202 2195
8 1662 1672 1673 1663 1472 1481 1482 1473
8 1856 1867 1868 1857 1662 1672 1673 1663
8 2043 2054 2055 2044 1856 1867 1868 1857
8 2201 2209 2210 2202 2043 2054 2055 2044
8 2305 2309 2310 2306 2201 2209 2210 2202
8 1672 1682 1683 1673 1481 1490 1491 1482
8 1867 1877 1878 1868 1672 1682 1683 1673
8 2054 2064 2065 2055 1867 1877 1878 1868
8 2209 2217 2218 2210 2054 2064 2065 2055
8 2309 2314 2315 2310 2209 2217 2218 2210
8 1682 1692 1693 1683 1490 1500 1501 1491
8 1877 1887 1888 1878 1682 1692 1693 1683
8 2064 2074 2075 2065 1877 1887 1888 1878
8 2217 2224 2225 2218 2064 2074 2075 2065
8 2314 2318 2319 2315 2217 2224 2225 2218
8 1692 1702 1703 1693 1500 1510 1511 1501
8 1887 1897 1898 1888 1692 1702 1703 1693
8 2074 2083 2084 2075 1887 1897 1898 1888
8 2224 2232 2233 2225 2074 2083 2084 2075
8 2318 2323 2324 2319 2224 2232 2233 2225
8 1702 1712 1713 1703 1510 1520 1521 1511
8 1897 1907 1908 1898 1702 1712 1713 1703
8 2083 2092 2093 2084 1897 1907 1908 1898
8 2232 2240 2241 2233 2083 2092 2093 2084
8 2323 2328 2329 2324 2232 2240 2241 2233
8 1712 1722 1723 1713 1520 1530 1531 1521
8 1907 1917 1918 1908 1712 1722 1723 1713
8 2092 2102 2103 2093 1907 1917 1918 1908
8 2240 2248 2249 2241 2092 2102 2103 2093
8 2328 2333 2334 2329 2240 2248 2249 2241
8 1722 1732 1733 1723 1530 1540 1541 1531
8 1917 1927 1928 1918 1722 1732 1733 1723
8 2102 2112 2113 2103 1917 1927 1928 1918
8 2248 2257 2258 2249 2102 2112 2113 2103
8 2333 2339 2340 2334 2248 2257 2258 2249
8 1732 1742 1743 1733 1540 1550 1551 1541
8 1927 1938 1939 1928 1732 1742 1743 1733
8 2112 2123 2124 2113 1927 1938 1939 1928
8 2257 2265 2266 2258 2112 2123 2124 2113
8 2339 2344 2345 2340 2257 2265 2266 2258
8 1742 1752 1753 1743 1550 1559 1560 1551
8 1938 1949 1950 1939 1742 1752 1753 1743
8 2123 2134 2135 2124 1938 1949 1950 1939
8 2265 2273 2274 2266 2123 2134 2135 2124
8 2344 2349 2350 2345 2265 2273 2274 2266
8 1752 1762 1763 1753 1559 1568 1569 1560
8 1949 1960 1961 1950 1752 1762 1763 1753
8 2134 2145 2146 2135 1949 1960 1961 1950
8 2273 2281 2282 2274 2134 2145 2146 2135
8 2349 2353 2354 2350 2273 2281 2282 2274
8 1762 1772 1773 1763 1568 1578 1579 1569
8 1960 1970 1971 1961 1762 1772 1773 1763
8 2145 2155 2156 2146 1960 1970 1971 1961
8 2281 2287 2288 2282 2145 2155 2156 2146
8 1772 1783 1784 1773 1578 1588 1589 1579
8 1970 1980 1981 1971 1772 1783 1784 1773
8 2155 2164 2165 2156 1970 1980 1981 1971
8 1783 1793 1794 1784 1588 1598 1599 1589
8 1980 1990 1991 1981 1783 1793 1794 1784
8 1434 1443 1444 1435 1262 1271 1272 1263
8 1621 1631 1632 1622 1434 1443 1444 1435
8 1812 1822 1823 1813 1621 1631 1632 1622
8 1443 1453 1454 1444 1271 1281 1282 1272
8 1631 1642 1643 1632 1443 1453 1454 1444
8 1822 1834 1835 1823 1631 1642 1643 1632
8 2009 2021 2022 2010 1822 1834 1835 1823
8 2178 2187 2188 2179 2009 2021 2022 2010
8 1642 1653 1654 1643 1453 1463 1464 1454
8 1834 1846 1847 1835 1642 1653 1654 1643
8 2021 2033 2034 2022 1834 1846 1847 1835
8 2187 2195 2196 2188 2021 2033 2034 2022
8 1653 1663 1664 1654 1463 1473 1474 1464
8 1846 1857 1858 1847 1653 1663 1664 1654
8 2033 2044 2045 2034 1846 1857 1858 1847
8 2195 2202 2203 2196 2033 2044 2045 2034
8 1663 1673 1674 1664 1473 1482 1483 1474
8 1857 1868 1869 1858 1663 1673 1674 1664
8 2044 2055 2056 2045 1857 1868 1869 1858
8 2202 2210 2211 2203 2044 2055 2056 2045
8 1673 1683 1684 1674 1482 1491 1492 1483
8 1868 1878 1879 1869 1673 1683 1684 1674
8 2055 2065 2066 2056 1868 1878 1879 1869
8 2210 2218 2219 2211 2055 2065 2066 2056
8 2310 2315 2316 2311 2210 2218 2219 2211
8 1683 1693 1694 1684 1491 1501 1502 1492
8 1878 1888 1889 1879 1683 1693 1694 1684
8 2065 2075 2076 2066 1878 1888 1889 1879
8 2218 2225 2226 2219 2065 2075 2076 2066
8 2315 2319 2320 2316 2218 2225 2226 2219
8 1693 1703 1704 1694 1501 1511 1512 1502
8 1888 1898 1899 1889 1693 1703 1704 1694
8 2075 2084 2085 2076 1888 1898 1899 1889
8 2225 2233 2234 2226 2075 2084 2085 2076
8 2319 2324 2325 2320 2225 2233 2234 2226
8 1703 1713 1714 1704 1511 1521 1522 1512
8 1898 1908 1909 1899 1703 1713 1714 1704
8 2084 2093 2094 2085 1898 1908 1909 1899
8 2233 2241 2242 2234 2084 2093 2094 2085
8 2324 2329 2330 2325 2233 2241 2242 2234
8 1713 1723 1724 1714 1521 1531 1532 1522
8 1908 1918 1919 1909 1713 1723 1724 1714
8 2093 2103 2104 2094 1908 1918 1919 1909
8 2241 2249 2250 2242 2093 2103 2104 2094
8 2329 2334 2335 2330 2241 2249 2250 2242
8 1723 1733 1734 1724 1531 1541 1542 1532
8 1918 1928 1929 1919 1723 1733 1734 1724
8 2103 2113 2114 2104 1918 1928 1929 1919
8 2249 2258 2259 2250 2103 2113 2114 2104
8 2334 2340 2341 2335 2249 2258 2259 2250
8 1733 1743 1744 1734 1541 1551 1552 1542
8 1928 1939 1940 1929 1733 1743 1744 1734
8 2113 2124 2125 2114 1928 1939 1940 1929
8 2258 2266 2267 2259 2113 2124 2125 2114
8 2340 2345 2346 2341 2258 2266 2267 2259
8 1743 1753 1754 1744 1551 1560 1561 1552
8 1939 1950 1951 1940 1743 1753 1754 1744
8 2124 2135 2136 2125 1939 1950 1951 1940
8 2266 2274 2275 2267 2124 2135 2136 2125
8 1753 1763 1764 1754 1560 1569 1570 1561
8 1950 1961 1962 1951 1753 1763 1764 1754
8 2135 2146 2147 2136 1950 1961 1962 1951
8 2274 2282 2283 2275 2135 2146 2147 2136
8 1763 1773 1774 1764 1569 1579 1580 1570
8 1961 1971 1972 1962 1763 1773 1774 1764
8 2146 2156 2157 2147 1961 1971 1972 1962
8 2282 2288 2289 2283 2146 2156 2157 2147
8 1579 1589 1590 1580 1387 1397 1398 1388
8 1773 1784 1785 1774 1579 1589 1590 1580
8 1971 1981 1982 1972 1773 1784 1785 1774
8 2156 2165 2166 2157 1971 1981 1982 1972
8 2288 2292 2293 2289 2156 2165 2166 2157
8 1589 1599 1600 1590 1397 1407 1408 1398
8 1784 1794 1795 1785 1589 1599 1600 1590
8 1981 1991 1992 1982 1784 1794 1795 1785
8 1255 1263 1264 1256 1090 1097 1098 1091
8 1427 1435 1436 1428 1255 1263 1264 1256
8 1614 1622 1623 1615 1427 1435 1436 1428
8 1263 1272 1273 1264 1097 1105 1106 1098
8 1435 1444 1445 1436 1263 1272 1273 1264
8 1622 1632 1633 1623 1435 1444 1445 1436
8 1813 1823 1824 1814 1622 1632 1633 1623
8 2002 2010 2011 2003 1813 1823 1824 1814
8 1444 1454 1455 1445 1272 1282 1283 1273
8 1632 1643 1644 1633 1444 1454 1455 1445
8 1823 1835 1836 1824 1632 1643 1644 1633
8 2010 2022 2023 2011 1823 1835 1836 1824
8 2179 2188 2189 2180 2010 2022 2023 2011
8 1454 1464 1465 1455 1282 1291 1292 1283
8 1643 1654 1655 1644 1454 1464 1465 1455
8 1835 1847 1848 1836 1643 1654 1655 1644
8 2022 2034 2035 2023 1835 1847 1848 1836
8 2188 2196 2197 2189 2022 2034 2035 2023
8 1464 1474 1475 1465 1291 1299 1300 1292
8 1654 1664 1665 1655 1464 1474 1475 1465
8 1847 1858 1859 1848 1654 1664 1665 1655
8 2034 2045 2046 2035 1847 1858 1859 1848
8 2196 2203 2204 2197 2034 2045 2046 2035
8 1474 1483 1484 1475 1299 1307 1308 1300
8 1664 1674 1675 1665 1474 1483 1484 1475
8 1858 1869 1870 1859 1664 1674 1675 1665
8 2045 2056 2057 2046 1858 1869 1870 1859
8 2203 2211 2212 2204 2045 2056 2057 2046
8 1483 1492 1493 1484 1307 1315 1316 1308
8 1674 1684 1685 1675 1483 1492 1493 1484
8 1869 1879 1880 1870 1674 1684 1685 1675
8 2056 2066 2067 2057 1869 1879 1880 1870
8 2211 2219 2220 2212 2056 2066 2067 2057
8 1492 1502 1503 1493 1315 1323 1324 1316
8 1684 1694 1695 1685 1492 1502 1503 1493
8 1879 1889 1890 1880 1684 1694 1695 1685
8 2066 2076 2077 2067 1879 1889 1890 1880
8 2219 2226 2227 2220 2066 2076 2077 2067
8 1502 1512 1513 1503 1323 1331 1332 1324
8 1694 1704 1705 1695 1502 1512 1513 1503
8 1889 1899 1900 1890 1694 1704 1705 1695
8 2076 2085 2086 2077 1889 1899 1900 1890
8 2226 2234 2235 2227 2076 2085 2086 2077
8 2320 2325 2326 2321 2226 2234 2235 2227
8 1512 1522 1523 1513 1331 1339 1340 1332
8 1704 1714 1715 1705 1512 1522 1523 1513
8 1899 1909 1910 1900 1704 1714 1715 1705
8 2085 2094 2095 2086 1899 1909 1910 1900
8 2234 2242 2243 2235 2085 2094 2095 2086
8 2325 2330 2331 2326 2234 2242 2243 2235
8 1522 1532 1533 1523 1339 1347 1348 1340
8 1714 1724 1725 1715 1522 1532 1533 1523
8 1909 1919 1920 1910 1714 1724 1725 1715
8 2094 2104 2105 2095 1909 1919 1920 1910
8 2242 2250 2251 2243 2094 2104 2105 2095
8 2330 2335 2336 2331 2242 2250 2251 2243
8 1532 1542 1543 1533 1347 1355 1356 1348
8 1724 1734 1735 1725 1532 1542 1543 1533
8 1919 1929 1930 1920 1724 1734 1735 1725
8 2104 2114 2115 2105 1919 1929 1930 1920
8 2250 2259 2260 2251 2104 2114 2115 2105
8 1542 1552 1553 1543 1355 1363 1364 1356
8 1734 1744 1745 1735 1542 1552 1553 1543
8 1929 1940 1941 1930 1734 1744 1745 1735
8 2114 2125 2126 2115 1929 1940 1941 1930
8 2259 2267 2268 2260 2114 2125 2126 2115
8 1552 1561 1562 1553 1363 1371 1372 1364
8 1744 1754 1755 1745 1552 1561 1562 1553
8 1940 1951 1952 1941 1744 1754 1755 1745
8 2125 2136 2137 2126 1940 1951 1952 1941
8 2267 2275 2276 2268 2125 2136 2137 2126
8 1561 1570 1571 1562 1371 1379 1380 1372
8 1754 1764 1765 1755 1561 1570 1571 1562
8 1951 1962 1963 1952 1754 1764 1765 1755
8 2136 2147 2148 2137 1951 1962 1963 1952
8 2275 2283 2284 2276 2136 2147 2148 2137
8 1570 1580 1581 1571 1379 1388 1389 1380
8 1764 1774 1775 1765 1570 1580 1581 1571
8 1962 1972 1973 1963 1764 1774 1775 1765
8 2147 2157 2158 2148 1962 1972 1973 1963
8 2283 2289 2290 2284 2147 2157 2158 2148
8 1580 1590 1591 1581 1388 1398 1399 1389
8 1774 1785 1786 1775 1580 1590 1591 1581
8 1972 1982 1983 1973 1774 1785 1786 1775
8 2157 2166 2167 2158 1972 1982 1983 1973
8 2289 2293 2294 2290 2157 2166 2167 2158
8 1398 1408 1409 1399 1224 1233 1234 1225
8 1590 1600 1601 1591 1398 1408 1409 1399
8 1785 1795 1796 1786 1590 1600 1601 1591
8 1982 1992 1993 1983 1785 1795 1796 1786
8 2166 2173 2174 2167 1982 1992 1993 1983
8 1408 1416 1417 1409 1233 1241 1242 1234
8 1600 1608 1609 1601 1408 1416 1417 1409
8 1795 1802 1803 1796 1600 1608 1609 1601
8 1252 1256 1257 1253 1086 1091 1092 1087
8 1091 1098 1099 1092 948 954 955 949
8 1256 1264 1265 1257 1091 1098 1099 1092
8 1428 1436 1437 1429 1256 1264 1265 1257
8 1615 1623 1624 1616 1428 1436 1437 1429
8 1264 1273 1274 1265 1098 1106 1107 1099
8 1436 1445 1446 1437 1264 1273 1274 1265
8 1623 1633 1634 1624 1436 1445 1446 1437
8 1814 1824 1825 1815 1623 1633 1634 1624
8 2003 2011 2012 2004 1814 1824 1825 1815
8 1273 1283 1284 1274 1106 1114 1115 1107
8 1445 1455 1456 1446 1273 1283 1284 1274
8 1633 1644 1645 1634 1445 1455 1456 1446
8 1824 1836 1837 1825 1633 1644 1645 1634
8 2011 2023 2024 2012 1824 1836 1837 1825
8 2180 2189 2190 2181 2011 2023 2024 2012
8 1283 1292 1293 1284 1114 1122 1123 1115
8 1455 1465 1466 1456 1283 1292 1293 1284
8 1644 1655 1656 1645 1455 1465 1466 1456
8 1836 1848 1849 1837 1644 1655 1656 1645
8 2023 2035 2036 2024 1836 1848 1849 1837
8 1292 1300 1301 1293 1122 1130 1131 1123
8 1465 1475 1476 1466 1292 1300 1301 1293
8 1655 1665 1666 1656 1465 1475 1476 1466
8 1848 1859 1860 1849 1655 1665 1666 1656
8 2035 2046 2047 2036 1848 1859 1860 1849
8 1300 1308 1309 1301 1130 1138 1139 1131
8 1475 1484 1485 1476 1300 1308 1309 1301
8 1665 1675 1676 1666 1475 1484 1485 1476
8 1859 1870 1871 1860 1665 1675 1676 1666
8 2046 2057 2058 2047 1859 1870 1871 1860
8 2204 2212 2213 2205 2046 2057 2058 2047
8 1308 1316 1317 1309 1138 1145 1146 1139
8 1484 1493 1494 1485 1308 1316 1317 1309
8 1675 1685 1686 1676 1484 1493 1494 1485
8 1870 1880 1881 1871 1675 1685 1686 1676
8 2057 2067 2068 2058 1870 1880 1881 1871
8 2212 2220 2221 2213 2057 2067 2068 2058
8 1316 1324 1325 1317 1145 1153 1154 1146
8 1493 1503 1504 1494 1316 1324 1325 1317
8 1685 1695 1696 1686 1493 1503 1504 1494
8 1880 1890 1891 1881 1685 1695 1696 1686
8 2067 2077 2078 2068 1880 1890 1891 1881
8 2220 2227 2228 2221 2067 2077 2078 2068
8 1324 1332 1333 1325 1153 1161 1162 1154
8 1503 1513 1514 1504 1324 1332 1333 1325
8 1695 1705 1706 1696 1503 1513 1514 1504
8 1890 1900 1901 1891 1695 1705 1706 1696
8 2077 2086 2087 2078 1890 1900 1901 1891
8 2227 2235 2236 2228 2077 2086 2087 2078
8 1332 1340 1341 1333 1161 1169 1170 1162
8 1513 1523 1524 1514 1332 1340 1341 1333
8 1705 1715 1716 1706 1513 1523 1524 1514
8 1900 1910 1911 1901 1705 1715 1716 1706
8 2086 2095 2096 2087 1900 1910 1911 1901
8 2235 2243 2244 2236 2086 2095 2096 2087
8 1340 1348 1349 1341 1169 1177 1178 1170
8 1523 1533 1534 1524 1340 1348 1349 1341
8 1715 1725 1726 1716 1523 1533 1534 1524
8 1910 1920 1921 1911 1715 1725 1726 1716
8 2095 2105 2106 2096 1910 1920 1921 1911
8 2243 2251 2252 2244 2095 2105 2106 2096
8 1348 1356 1357 1349 1177 1185 1186 1178
8 1533 1543 1544 1534 1348 1356 1357 1349
8 1725 1735 1736 1726 1533 1543 1544 1534
8 1920 1930 1931 1921 1725 1735 1736 1726
8 2105 2115 2116 2106 1920 1930 1931 1921
8 2251 2260 2261 2252 2105 2115 2116 2106
8 1356 1364 1365 1357 1185 1193 1194 1186
8 1543 1553 1554 1544 1356 1364 1365 1357
8 1735 1745 1746 1736 1543 1553 1554 1544
8 1930 1941 1942 1931 1735 1745 1746 1736
8 2115 2126 2127 2116 1930 1941 1942 1931
8 2260 2268 2269 2261 2115 2126 2127 2116
8 1364 1372 1373 1365 1193 1200 1201 1194
8 1553 1562 1563 1554 1364 1372 1373 1365
8 1745 1755 1756 1746 1553 1562 1563 1554
8 1941 1952 1953 1942 1745 1755 1756 1746
8 2126 2137 2138 2127 1941 1952 1953 1942
8 2268 2276 2277 2269 2126 2137 2138 2127
8 1372 1380 1381 1373 1200 1208 1209 1201
8 1562 1571 1572 1563 1372 1380 1381 1373
8 1755 1765 1766 1756 1562 1571 1572 1563
8 1952 1963 1964 1953 1755 1765 1766 1756
8 2137 2148 2149 2138 1952 1963 1964 1953
8 1380 1389 1390 1381 1208 1216 1217 1209
8 1571 1581 1582 1572 1380 1389 1390 1381
8 1765 1775 1776 1766 1571 1581 1582 1572
8 1963 1973 1974 1964 1765 1775 1776 1766
8 2148 2158 2159 2149 1963 1973 1974 1964
8 1389 1399 1400 1390 1216 1225 1226 1217
8 1581 1591 1592 1582 1389 1399 1400 1390
8 1775 1786 1787 1776 1581 1591 1592 1582
8 1973 1983 1984 1974 1775 1786 1787 1776
8 2158 2167 2168 2159 1973 1983 1984 1974
8 2290 2294 2295 2291 2158 2167 2168 2159
8 1399 1409 1410 1400 1225 1234 1235 1226
8 1591 1601 1602 1592 1399 1409 1410 1400
8 1786 1796 1797 1787 1591 1601 1602 1592
8 1983 1993 1994 1984 1786 1796 1797 1787
8 2167 2174 2175 2168 1983 1993 1994 1984
8 1234 1242 1243 1235 1069 1076 1077 1070
8 1409 1417 1418 1410 1234 1242 1243 1235
8 1601 1609 1610 1602 1409 1417 1418 1410
8 1796 1803 1804 1797 1601 1609 1610 1602
8 1417 1423 1424 1418 1242 1248 1249 1243
8 1087 1092 1093 1088 944 949 950 945
8 1253 1257 1258 1254 1087 1092 1093 1088
8 1092 1099 1100 1093 949 955 956 950
8 1257 1265 1266 1258 1092 1099 1100 1093
8 1429 1437 1438 1430 1257 1265 1266 1258
8 1616 1624 1625 1617 1429 1437 1438 1430
8 1808 1815 1816 1809 1616 1624 1625 1617
8 1099 1107 1108 1100 955 961 962 956
8 1265 1274 1275 1266 1099 1107 1108 1100
8 1437 1446 1447 1438 1265 1274 1275 1266
8 1624 1634 1635 1625 1437 1446 1447 1438
8 1815 1825 1826 1816 1624 1634 1635 1625
8 2004 2012 2013 2005 1815 1825 1826 1816
8 1107 1115 1116 1108 961 968 969 962
8 1274 1284 1285 1275 1107 1115 1116 1108
8 1446 1456 1457 1447 1274 1284 1285 1275
8 1634 1645 1646 1635 1446 1456 1457 1447
8 1825 1837 1838 1826 1634 1645 1646 1635
8 2012 2024 2025 2013 1825 1837 1838 1826
8 1115 1123 1124 1116 968 975 976 969
8 1284 1293 1294 1285 1115 1123 1124 1116
8 1456 1466 1467 1457 1284 1293 1294 1285
8 1645 1656 1657 1646 1456 1466 1467 1457
8 1837 1849 1850 1838 1645 1656 1657 1646
8 2024 2036 2037 2025 1837 1849 1850 1838
8 1293 1301 1302 1294 1123 1131 1132 1124
8 1466 1476 1477 1467 1293 1301 1302 1294
8 1656 1666 1667 1657 1466 1476 1477 1467
8 1849 1860 1861 1850 1656 1666 1667 1657
8 2036 2047 2048 2037 1849 1860 1861 1850
8 1301 1309 1310 1302 1131 1139 1140 1132
8 1476 1485 1486 1477 1301 1309 1310 1302
8 1666 1676 1677 1667 1476 1485 1486 1477
8 1860 1871 1872 1861 1666 1676 1677 1667
8 2047 2058 2059 2048 1860 1871 1872 1861
8 1309 1317 1318 1310 1139 1146 1147 1140
8 1485 1494 1495 1486 1309 1317 1318 1310
8 1676 1686 1687 1677 1485 1494 1495 1486
8 1871 1881 1882 1872 1676 1686 1687 1677
8 2058 2068 2069 2059 1871 1881 1882 1872
8 1146 1154 1155 1147 994 1001 1002 995
8 1317 1325 1326 1318 1146 1154 1155 1147
8 1494 1504 1505 1495 1317 1325 1326 1318
8 1686 1696 1697 1687 1494 1504 1505 1495
8 1881 1891 1892 1882 1686 1696 1697 1687
8 2068 2078 2079 2069 1881 1891 1892 1882
8 1154 1162 1163 1155 1001 1008 1009 1002
8 1325 1333 1334 1326 1154 1162 1163 1155
8 1504 1514 1515 1505 1325 1333 1334 1326
8 1696 1706 1707 1697 1504 1514 1515 1505
8 1891 1901 1902 1892 1696 1706 1707 1697
8 2078 2087 2088 2079 1891 1901 1902 1892
8 2228 2236 2237 2229 2078 2087 2088 2079
8 1162 1170 1171 1163 1008 1015 1016 1009
8 1333 1341 1342 1334 1162 1170 1171 1163
8 1514 1524 1525 1515 1333 1341 1342 1334
8 1706 1716 1717 1707 1514 1524 1525 1515
8 1901 1911 1912 1902 1706 1716 1717 1707
8 2087 2096 2097 2088 1901 1911 1912 1902
8 2236 2244 2245 2237 2087 2096 2097 2088
8 1170 1178 1179 1171 1015 1022 1023 1016
8 1341 1349 1350 1342 1170 1178 1179 1171
8 1524 1534 1535 1525 1341 1349 1350 1342
8 1716 1726 1727 1717 1524 1534 1535 1525
8 1911 1921 1922 1912 1716 1726 1727 1717
8 2096 2106 2107 2097 1911 1921 1922 1912
8 2244 2252 2253 2245 2096 2106 2107 2097
8 1178 1186 1187 1179 1022 1029 1030 1023
8 1349 1357 1358 1350 1178 1186 1187 1179
8 1534 1544 1545 1535 1349 1357 1358 1350
8 1726 1736 1737 1727 1534 1544 1545 1535
8 1921 1931 1932 1922 1726 1736 1737 1727
8 2106 2116 2117 2107 1921 1931 1932 1922
8 1357 1365 1366 1358 1186 1194 1195 1187
8 1544 1554 1555 1545 1357 1365 1366 1358
8 1736 1746 1747 1737 1544 1554 1555 1545
8 1931 1942 1943 1932 1736 1746 1747 1737
8 2116 2127 2128 2117 1931 1942 1943 1932
8 1365 1373 1374 1366 1194 1201 1202 1195
8 1554 1563 1564 1555 1365 1373 1374 1366
8 1746 1756 1757 1747 1554 1563 1564 1555
8 1942 1953 1954 1943 1746 1756 1757 1747
8 2127 2138 2139 2128 1942 1953 1954 1943
8 1373 1381 1382 1374 1201 1209 1210 1202
8 1563 1572 1573 1564 1373 1381 1382 1374
8 1756 1766 1767 1757 1563 1572 1573 1564
8 1953 1964 1965 1954 1756 1766 1767 1757
8 2138 2149 2150 2139 1953 1964 1965 1954
8 1209 1217 1218 1210 1048 1055 1056 1049
8 1381 1390 1391 1382 1209 1217 1218 1210
8 1572 1582 1583 1573 1381 1390 1391 1382
8 1766 1776 1777 1767 1572 1582 1583 1573
8 1964 1974 1975 1965 1766 1776 1777 1767
8 2149 2159 2160 2150 1964 1974 1975 1965
8 1217 1226 1227 1218 1055 1062 1063 1056
8 1390 1400 1401 1391 1217 1226 1227 1218
8 1582 1592 1593 1583 1390 1400 1401 1391
8 1776 1787 1788 1777 1582 1592 1593 1583
8 1974 1984 1985 1975 1776 1787 1788 1777
8 2159 2168 2169 2160 1974 1984 1985 1975
8 1226 1235 1236 1227 1062 1070 1071 1063
8 1400 1410 1411 1401 1226 1235 1236 1227
8 1592 1602 1603 1593 1400 1410 1411 1401
8 1787 1797 1798 1788 1592 1602 1603 1593
8 1984 1994 1995 1985 1787 1797 1798 1788
8 2168 2175 2176 2169 1984 1994 1995 1985
8 1235 1243 1244 1236 1070 1077 1078 1071
8 1410 1418 1419 1411 1235 1243 1244 1236
8 1602 1610 1611 1603 1410 1418 1419 1411
8 1797 1804 1805 1798 1602 1610 1611 1603
8 1994 1999 2000 1995 1797 1804 1805 1798
8 1243 1249 1250 1244 1077 1082 1083 1078
8 1418 1424 1425 1419 1243 1249 1250 1244
8 703 707 708 704 593 597 598 594
8 820 824 825 821 703 707 708 704
8 945 950 951 946 820 824 825 821
8 1088 1093 1094 1089 945 950 951 946
8 824 828 829 825 707 712 713 708
8 950 956 957 951 824 828 829 825
8 1093 1100 1101 1094 950 956 957 951
8 1258 1266 1267 1259 1093 1100 1101 1094
8 1430 1438 1439 1431 1258 1266 1267 1259
8 1617 1625 1626 1618 1430 1438 1439 1431
8 1809 1816 1817 1810 1617 1625 1626 1618
8 956 962 963 957 828 833 834 829
8 1100 1108 1109 1101 956 962 963 957
8 1266 1275 1276 1267 1100 1108 1109 1101
8 1438 1447 1448 1439 1266 1275 1276 1267
8 1625 1635 1636 1626 1438 1447 1448 1439
8 1816 1826 1827 1817 1625 1635 1636 1626
8 2005 2013 2014 2006 1816 1826 1827 1817
8 962 969 970 963 833 839 840 834
8 1108 1116 1117 1109 962 969 970 963
8 1275 1285 1286 1276 1108 1116 1117 1109
8 1447 1457 1458 1448 1275 1285 1286 1276
8 1635 1646 1647 1636 1447 1457 1458 1448
8 1826 1838 1839 1827 1635 1646 1647 1636
8 2013 2025 2026 2014 1826 1838 1839 1827
8 969 976 977 970 839 846 847 840
8 1116 1124 1125 1117 969 976 977 970
8 1285 1294 1295 1286 1116 1124 1125 1117
8 1457 1467 1468 1458 1285 1294 1295 1286
8 1646 1657 1658 1647 1457 1467 1468 1458
8 1838 1850 1851 1839 1646 1657 1658 1647
8 2025 2037 2038 2026 1838 1850 1851 1839
8 1124 1132 1133 1125 976 982 983 977
8 1294 1302 1303 1295 1124 1132 1133 1125
8 1467 1477 1478 1468 1294 1302 1303 1295
8 1657 1667 1668 1658 1467 1477 1478 1468
8 1850 1861 1862 1851 1657 1667 1668 1658
8 2037 2048 2049 2038 1850 1861 1862 1851
8 1132 1140 1141 1133 982 988 989 983
8 1302 1310 1311 1303 1132 1140 1141 1133
8 1477 1486 1487 1478 1302 1310 1311 1303
8 1667 1677 1678 1668 1477 1486 1487 1478
8 1861 1872 1873 1862 1667 1677 1678 1668
8 2048 2059 2060 2049 1861 1872 1873 1862
8 1140 1147 1148 1141 988 995 996 989
8 1310 1318 1319 1311 1140 1147 1148 1141
8 1486 1495 1496 1487 1310 1318 1319 1311
8 1677 1687 1688 1678 1486 1495 1496 1487
8 1872 1882 1883 1873 1677 1687 1688 1678
8 2059 2069 2070 2060 1872 1882 1883 1873
8 1147 1155 1156 1148 995 1002 1003 996
8 1318 1326 1327 1319 1147 1155 1156 1148
8 1495 1505 1506 1496 1318 1326 1327 1319
8 1687 1697 1698 1688 1495 1505 1506 1496
8 1882 1892 1893 1883 1687 1697 1698 1688
8 2069 2079 2080 2070 1882 1892 1893 1883
8 1002 1009 1010 1003 868 875 876 869
8 1155 1163 1164 1156 1002 1009 1010 1003
8 1326 1334 1335 1327 1155 1163 1164 1156
8 1505 1515 1516 1506 1326 1334 1335 1327
8 1697 1707 1708 1698 1505 1515 1516 1506
8 1892 1902 1903 1893 1697 1707 1708 1698
8 2079 2088 2089 2080 1892 1902 1903 1893
8 875 882 883 876 754 761 762 755
8 1009 1016 1017 1010 875 882 883 876
8 1163 1171 1172 1164 1009 1016 1017 1010
8 1334 1342 1343 1335 1163 1171 1172 1164
8 1515 1525 1526 1516 1334 1342 1343 1335
8 1707 1717 1718 1708 1515 1525 1526 1516
8 1902 1912 1913 1903 1707 1717 1718 1708
8 2088 2097 2098 2089 1902 1912 1913 1903
8 1016 1023 1024 1017 882 889 890 883
8 1171 1179 1180 1172 1016 1023 1024 1017
8 1342 1350 1351 1343 1171 1179 1180 1172
8 1525 1535 1536 1526 1342 1350 1351 1343
8 1717 1727 1728 1718 1525 1535 1536 1526
8 1912 1922 1923 1913 1717 1727 1728 1718
8 2097 2107 2108 2098 1912 1922 1923 1913
8 1179 1187 1188 1180 1023 1030 1031 1024
8 1350 1358 1359 1351 1179 1187 1188 1180
8 1535 1545 1546 1536 1350 1358 1359 1351
8 1727 1737 1738 1728 1535 1545 1546 1536
8 1922 1932 1933 1923 1727 1737 1738 1728
8 2107 2117 2118 2108 1922 1932 1933 1923
8 1187 1195 1196 1188 1030 1036 1037 1031
8 1358 1366 1367 1359 1187 1195 1196 1188
8 1545 1555 1556 1546 1358 1366 1367 1359
8 1737 1747 1748 1738 1545 1555 1556 1546
8 1932 1943 1944 1933 1737 1747 1748 1738
8 2117 2128 2129 2118 1932 1943 1944 1933
8 1195 1202 1203 1196 1036 1042 1043 1037
8 1366 1374 1375 1367 1195 1202 1203 1196
8 1555 1564 1565 1556 1366 1374 1375 1367
8 1747 1757 1758 1748 1555 1564 1565 1556
8 1943 1954 1955 1944 1747 1757 1758 1748
8 2128 2139 2140 2129 1943 1954 1955 1944
8 1202 1210 1211 1203 1042 1049 1050 1043
8 1374 1382 1383 1375 1202 1210 1211 1203
8 1564 1573 1574 1565 1374 1382 1383 1375
8 1757 1767 1768 1758 1564 1573 1574 1565
8 1954 1965 1966 1955 1757 1767 1768 1758
8 2139 2150 2151 2140 1954 1965 1966 1955
8 1049 1056 1057 1050 911 918 919 912
8 1210 1218 1219 1211 1049 1056 1057 1050
8 1382 1391 1392 1383 1210 1218 1219 1211
8 1573 1583 1584 1574 1382 1391 1392 1383
8 1767 1777 1778 1768 1573 1583 1584 1574
8 1965 1975 1976 1966 1767 1777 1778 1768
8 2150 2160 2161 2151 1965 1975 1976 1966
8 1056 1063 1064 1057 918 925 926 919
8 1218 1227 1228 1219 1056 1063 1064 1057
8 1391 1401 1402 1392 1218 1227 1228 1219
8 1583 1593 1594 1584 1391 1401 1402 1392
8 1777 1788 1789 1778 1583 1593 1594 1584
8 1975 1985 1986 1976 1777 1788 1789 1778
8 2160 2169 2170 2161 1975 1985 1986 1976
8 1063 1071 1072 1064 925 931 932 926
8 1227 1236 1237 1228 1063 1071 1072 1064
8 1401 1411 1412 1402 1227 1236 1237 1228
8 1593 1603 1604 1594 1401 1411 1412 1402
8 1788 1798 1799 1789 1593 1603 1604 1594
8 1985 1995 1996 1986 1788 1798 1799 1789
8 2169 2176 2177 2170 1985 1995 1996 1986
8 931 937 938 932 804 810 811 805
8 1071 1078 1079 1072 931 937 938 932
8 1236 1244 1245 1237 1071 1078 1079 1072
8 1411 1419 1420 1412 1236 1244 1245 1237
8 1603 1611 1612 1604 1411 1419 1420 1412
8 1798 1805 1806 1799 1603 1611 1612 1604
8 1995 2000 2001 1996 1798 1805 1806 1799
8 810 815 816 811 692 697 698 693
8 937 941 942 938 810 815 816 811
8 1078 1083 1084 1079 937 941 942 938
8 1244 1250 1251 1245 1078 1083 1084 1079
8 497 500 501 498 401 405 406 402
8 594 598 599 595 497 500 501 498
8 704 708 709 705 594 598 599 595
8 821 825 826 822 704 708 709 705
8 946 951 952 947 821 825 826 822
8 598 602 603 599 500 504 505 501
8 708 713 714 709 598 602 603 599
8 825 829 830 826 708 713 714 709
8 951 957 958 952 825 829 830 826
8 1094 1101 1102 1095 951 957 958 952
8 1259 1267 1268 1260 1094 1101 1102 1095
8 1431 1439 1440 1432 1259 1267 1268 1260
8 1618 1626 1627 1619 1431 1439 1440 1432
8 713 718 719 714 602 607 608 603
8 829 834 835 830 713 718 719 714
8 957 963 964 958 829 834 835 830
8 1101 1109 1110 1102 957 963 964 958
8 1267 1276 1277 1268 1101 1109 1110 1102
8 1439 1448 1449 1440 1267 1276 1277 1268
8 1626 1636 1637 1627 1439 1448 1449 1440
8 1817 1827 1828 1818 1626 1636 1637 1627
8 834 840 841 835 718 723 724 719
8 963 970 971 964 834 840 841 835
8 1109 1117 1118 1110 963 970 971 964
8 1276 1286 1287 1277 1109 1117 1118 1110
8 1448 1458 1459 1449 1276 1286 1287 1277
8 1636 1647 1648 1637 1448 1458 1459 1449
8 1827 1839 1840 1828 1636 1647 1648 1637
8 2014 2026 2027 2015 1827 1839 1840 1828
8 970 977 978 971 840 847 848 841
8 1117 1125 1126 1118 970 977 978 971
8 1286 1295 1296 1287 1117 1125 1126 1118
8 1458 1468 1469 1459 1286 1295 1296 1287
8 1647 1658 1659 1648 1458 1468 1469 1459
8 1839 1851 1852 1840 1647 1658 1659 1648
8 977 983 984 978 847 853 854 848
8 1125 1133 1134 1126 977 983 984 978
8 1295 1303 1304 1296 1125 1133 1134 1126
8 1468 1478 1479 1469 1295 1303 1304 1296
8 1658 1668 1669 1659 1468 1478 1479 1469
8 1851 1862 1863 1852 1658 1668 1669 1659
8 983 989 990 984 853 858 859 854
8 1133 1141 1142 1134 983 989 990 984
8 1303 1311 1312 1304 1133 1141 1142 1134
8 1478 1487 1488 1479 1303 1311 1312 1304
8 1668 1678 1679 1669 1478 1487 1488 1479
8 1862 1873 1874 1863 1668 1678 1679 1669
8 989 996 997 990 858 863 864 859
8 1141 1148 1149 1142 989 996 997 990
8 1311 1319 1320 1312 1141 1148 1149 1142
8 1487 1496 1497 1488 1311 1319 1320 1312
8 1678 1688 1689 1679 1487 1496 1497 1488
8 1873 1883 1884 1874 1678 1688 1689 1679
8 996 1003 1004 997 863 869 870 864
8 1148 1156 1157 1149 996 1003 1004 997
8 1319 1327 1328 1320 1148 1156 1157 1149
8 1496 1506 1507 1497 1319 1327 1328 1320
8 1688 1698 1699 1689 1496 1506 1507 1497
8 1883 1893 1894 1884 1688 1698 1699 1689
8 748 755 756 749 635 641 642 636
8 869 876 877 870 748 755 756 749
8 1003 1010 1011 1004 869 876 877 870
8 1156 1164 1165 1157 1003 1010 1011 1004
8 1327 1335 1336 1328 1156 1164 1165 1157
8 1506 1516 1517 1507 1327 1335 1336 1328
8 1698 1708 1709 1699 1506 1516 1517 1507
8 1893 1903 1904 1894 1698 1708 1709 1699
8 442 448 449 443 346 352 353 347
8 538 544 545 539 442 448 449 443
8 641 647 648 642 538 544 545 539
8 755 762 763 756 641 647 648 642
8 876 883 884 877 755 762 763 756
8 1010 1017 1018 1011 876 883 884 877
8 1164 1172 1173 1165 1010 1017 1018 1011
8 1335 1343 1344 1336 1164 1172 1173 1165
8 1516 1526 1527 1517 1335 1343 1344 1336
8 1708 1718 1719 1709 1516 1526 1527 1517
8 1903 1913 1914 1904 1708 1718 1719 1709
8 762 768 769 763 647 653 654 648
8 883 890 891 884 762 768 769 763
8 1017 1024 1025 1018 883 890 891 884
8 1172 1180 1181 1173 1017 1024 1025 1018
8 1343 1351 1352 1344 1172 1180 1181 1173
8 1526 1536 1537 1527 1343 1351 1352 1344
8 1718 1728 1729 1719 1526 1536 1537 1527
8 1913 1923 1924 1914 1718 1728 1729 1719
8 1024 1031 1032 1025 890 896 897 891
8 1180 1188 1189 1181 1024 1031 1032 1025
8 1351 1359 1360 1352 1180 1188 1189 1181
8 1536 1546 1547 1537 1351 1359 1360 1352
8 1728 1738 1739 1729 1536 1546 1547 1537
8 1923 1933 1934 1924 1728 1738 1739 1729
8 1031 1037 1038 1032 896 901 902 897
8 1188 1196 1197 1189 1031 1037 1038 1032
8 1359 1367 1368 1360 1188 1196 1197 1189
8 1546 1556 1557 1547 1359 1367 1368 1360
8 1738 1748 1749 1739 1546 1556 1557 1547
8 1933 1944 1945 1934 1738 1748 1749 1739
8 1037 1043 1044 1038 901 906 907 902
8 1196 1203 1204 1197 1037 1043 1044 1038
8 1367 1375 1376 1368 1196 1203 1204 1197
8 1556 1565 1566 1557 1367 1375 1376 1368
8 1748 1758 1759 1749 1556 1565 1566 1557
8 1944 1955 1956 1945 1748 1758 1759 1749
8 1043 1050 1051 1044 906 912 913 907
8 1203 1211 1212 1204 1043 1050 1051 1044
8 1375 1383 1384 1376 1203 1211 1212 1204
8 1565 1574 1575 1566 1375 1383 1384 1376
8 1758 1768 1769 1759 1565 1574 1575 1566
8 1955 1966 1967 1956 1758 1768 1769 1759
8 1050 1057 1058 1051 912 919 920 913
8 1211 1219 1220 1212 1050 1057 1058 1051
8 1383 1392 1393 1384 1211 1219 1220 1212
8 1574 1584 1585 1575 1383 1392 1393 1384
8 1768 1778 1779 1769 1574 1584 1585 1575
8 1966 1976 1977 1967 1768 1778 1779 1769
8 919 926 927 920 793 799 800 794
8 1057 1064 1065 1058 919 926 927 920
8 1219 1228 1229 1220 1057 1064 1065 1058
8 1392 1402 1403 1393 1219 1228 1229 1220
8 1584 1594 1595 1585 1392 1402 1403 1393
8 1778 1789 1790 1779 1584 1594 1595 1585
8 1976 1986 1987 1977 1778 1789 1790 1779
8 2161 2170 2171 2162 1976 1986 1987 1977
8 799 805 806 800 681 687 688 682
8 926 932 933 927 799 805 806 800
8 1064 1072 1073 1065 926 932 933 927
8 1228 1237 1238 1229 1064 1072 1073 1065
8 1402 1412 1413 1403 1228 1237 1238 1229
8 1594 1604 1605 1595 1402 1412 1413 1403
8 1789 1799 1800 1790 1594 1604 1605 1595
8 1986 1996 1997 1987 1789 1799 1800 1790
8 687 693 694 688 579 584 585 580
8 805 811 812 806 687 693 694 688
8 932 938 939 933 805 811 812 806
8 1072 1079 1080 1073 932 938 939 933
8 1237 1245 1246 1238 1072 1079 1080 1073
8 1412 1420 1421 1413 1237 1245 1246 1238
8 1604 1612 1613 1605 1412 1420 1421 1413
8 1799 1806 1807 1800 1604 1612 1613 1605
8 584 588 589 585 486 491 492 487
8 693 698 699 694 584 588 589 585
8 811 816 817 812 693 698 699 694
8 938 942 943 939 811 816 817 812
8 1079 1084 1085 1080 938 942 943 939
8 217 220 221 218 143 146 147 144
8 305 308 309 306 217 220 221 218
8 402 406 407 403 305 308 309 306
8 498 501 502 499 402 406 407 403
8 595 599 600 596 498 501 502 499
8 705 709 710 706 595 599 600 596
8 308 312 313 309 220 224 225 221
8 406 410 411 407 308 312 313 309
8 501 505 506 502 406 410 411 407
8 599 603 604 600 501 505 506 502
8 709 714 715 710 599 603 604 600
8 826 830 831 827 709 714 715 710
8 952 958 959 953 826 830 831 827
8 1095 1102 1103 1096 952 958 959 953
8 1260 1268 1269 1261 1095 1102 1103 1096
8 505 509 510 506 410 414 415 411
8 603 608 609 604 505 509 510 506
8 714 719 720 715 603 608 609 604
8 830 835 836 831 714 719 720 715
8 958 964 965 959 830 835 836 831
8 1102 1110 1111 1103 958 964 965 959
8 1268 1277 1278 1269 1102 1110 1111 1103
8 1440 1449 1450 1441 1268 1277 1278 1269
8 1627 1637 1638 1628 1440 1449 1450 1441
8 1818 1828 1829 1819 1627 1637 1638 1628
8 608 613 614 609 509 514 515 510
8 719 724 725 720 608 613 614 609
8 835 841 842 836 719 724 725 720
8 964 971 972 965 835 841 842 836
8 1110 1118 1119 1111 964 971 972 965
8 1277 1287 1288 1278 1110 1118 1119 1111
8 1449 1459 1460 1450 1277 1287 1288 1278
8 1637 1648 1649 1638 1449 1459 1460 1450
8 1828 1840 1841 1829 1637 1648 1649 1638
8 841 848 849 842 724 729 730 725
8 971 978 979 972 841 848 849 842
8 1118 1126 1127 1119 971 978 979 972
8 1287 1296 1297 1288 1118 1126 1127 1119
8 1459 1469 1470 1460 1287 1296 1297 1288
8 1648 1659 1660 1649 1459 1469 1470 1460
8 848 854 855 849 729 734 735 730
8 978 984 985 979 848 854 855 849
8 1126 1134 1135 1127 978 984 985 979
8 1296 1304 1305 1297 1126 1134 1135 1127
8 1469 1479 1480 1470 1296 1304 1305 1297
8 1659 1669 1670 1660 1469 1479 1480 1470
8 854 859 860 855 734 739 740 735
8 984 990 991 985 854 859 860 855
8 1134 1142 1143 1135 984 990 991 985
8 1304 1312 1313 1305 1134 1142 1143 1135
8 1479 1488 1489 1480 1304 1312 1313 1305
8 1669 1679 1680 1670 1479 1488 1489 1480
8 859 864 865 860 739 743 744 740
8 990 997 998 991 859 864 865 860
8 1142 1149 1150 1143 990 997 998 991
8 1312 1320 1321 1313 1142 1149 1150 1143
8 1488 1497 1498 1489 1312 1320 1321 1313
8 1679 1689 1690 1680 1488 1497 1498 1489
8 743 749 750 744 630 636 637 631
8 864 870 871 865 743 749 750 744
8 997 1004 1005 998 864 870 871 865
8 1149 1157 1158 1150 997 1004 1005 998
8 1320 1328 1329 1321 1149 1157 1158 1150
8 1497 1507 1508 1498 1320 1328 1329 1321
8 1689 1699 1700 1690 1497 1507 1508 1498
8 341 347 348 342 251 255 256 252
8 437 443 444 438 341 347 348 342
8 533 539 540 534 437 443 444 438
8 636 642 643 637 533 539 540 534
8 749 756 757 750 636 642 643 637
8 870 877 878 871 749 756 757 750
8 1004 1011 1012 1005 870 877 878 871
8 1157 1165 1166 1158 1004 1011 1012 1005
8 1328 1336 1337 1329 1157 1165 1166 1158
8 1507 1517 1518 1508 1328 1336 1337 1329
8 1699 1709 1710 1700 1507 1517 1518 1508
8 255 260 261 256 175 179 180 176
8 347 353 354 348 255 260 261 256
8 443 449 450 444 347 353 354 348
8 539 545 546 540 443 449 450 444
8 642 648 649 643 539 545 546 540
8 756 763 764 757 642 648 649 643
8 877 884 885 878 756 763 764 757
8 1011 1018 1019 1012 877 884 885 878
8 1165 1173 1174 1166 1011 1018 1019 1012
8 1336 1344 1345 1337 1165 1173 1174 1166
8 1517 1527 1528 1518 1336 1344 1345 1337
8 1709 1719 1720 1710 1517 1527 1528 1518
8 353 358 359 354 260 265 266 261
8 449 454 455 450 353 358 359 354
8 545 550 551 546 449 454 455 450
8 648 654 655 649 545 550 551 546
8 763 769 770 764 648 654 655 649
8 884 891 892 885 763 769 770 764
8 1018 1025 1026 1019 884 891 892 885
8 1173 1181 1182 1174 1018 1025 1026 1019
8 1344 1352 1353 1345 1173 1181 1182 1174
8 1527 1537 1538 1528 1344 1352 1353 1345
8 1719 1729 1730 1720 1527 1537 1538 1528
8 769 774 775 770 654 659 660 655
8 891 897 898 892 769 774 775 770
8 1025 1032 1033 1026 891 897 898 892
8 1181 1189 1190 1182 1025 1032 1033 1026
8 1352 1360 1361 1353 1181 1189 1190 1182
8 1537 1547 1548 1538 1352 1360 1361 1353
8 1729 1739 1740 1730 1537 1547 1548 1538
8 897 902 903 898 774 779 780 775
8 1032 1038 1039 1033 897 902 903 898
8 1189 1197 1198 1190 1032 1038 1039 1033
8 1360 1368 1369 1361 1189 1197 1198 1190
8 1547 1557 1558 1548 1360 1368 1369 1361
8 1739 1749 1750 1740 1547 1557 1558 1548
8 902 907 908 903 779 783 784 780
8 1038 1044 1045 1039 902 907 908 903
8 1197 1204 1205 1198 1038 1044 1045 1039
8 1368 1376 1377 1369 1197 1204 1205 1198
8 1557 1566 1567 1558 1368 1376 1377 1369
8 1749 1759 1760 1750 1557 1566 1567 1558
8 907 913 914 908 783 788 789 784
8 1044 1051 1052 1045 907 913 914 908
8 1204 1212 1213 1205 1044 1051 1052 1045
8 1376 1384 1385 1377 1204 1212 1213 1205
8 1566 1575 1576 1567 1376 1384 1385 1377
8 1759 1769 1770 1760 1566 1575 1576 1567
8 913 920 921 914 788 794 795 789
8 1051 1058 1059 1052 913 920 921 914
8 1212 1220 1221 1213 1051 1058 1059 1052
8 1384 1393 1394 1385 1212 1220 1221 1213
8 1575 1585 1586 1576 1384 1393 1394 1385
8 1769 1779 1780 1770 1575 1585 1586 1576
8 676 682 683 677 569 574 575 570
8 794 800 801 795 676 682 683 677
8 920 927 928 921 794 800 801 795
8 1058 1065 1066 1059 920 927 928 921
8 1220 1229 1230 1221 1058 1065 1066 1059
8 1393 1403 1404 1394 1220 1229 1230 1221
8 1585 1595 1596 1586 1393 1403 1404 1394
8 1779 1790 1791 1780 1585 1595 1596 1586
8 1977 1987 1988 1978 1779 1790 1791 1780
8 574 580 581 575 477 482 483 478
8 682 688 689 683 574 580 581 575
8 800 806 807 801 682 688 689 683
8 927 933 934 928 800 806 807 801
8 1065 1073 1074 1066 927 933 934 928
8 1229 1238 1239 1230 1065 1073 1074 1066
8 1403 1413 1414 1404 1229 1238 1239 1230
8 1595 1605 1606 1596 1403 1413 1414 1404
8 1790 1800 1801 1791 1595 1605 1606 1596
8 1987 1997 1998 1988 1790 1800 1801 1791
8 387 392 393 388 291 296 297 292
8 482 487 488 483 387 392 393 388
8 580 585 586 581 482 487 488 483
8 688 694 695 689 580 585 586 581
8 806 812 813 807 688 694 695 689
8 933 939 940 934 806 812 813 807
8 1073 1080 1081 1074 933 939 940 934
8 1238 1246 1247 1239 1073 1080 1081 1074
8 1413 1421 1422 1414 1238 1246 1247 1239
8 296 300 301 297 208 212 213 209
8 392 396 397 393 296 300 301 297
8 487 492 493 488 392 396 397 393
8 585 589 590 586 487 492 493 488
8 694 699 700 695 585 589 590 586
8 812 817 818 813 694 699 700 695
8 144 147 148 145 92 95 96 93
8 218 221 222 219 144 147 148 145
8 306 309 310 307 218 221 222 219
8 403 407 408 404 306 309 310 307
8 95 98 99 96 54 58 59 55
8 147 150 151 148 95 98 99 96
8 221 225 226 222 147 150 151 148
8 309 313 314 310 221 225 226 222
8 407 411 412 408 309 313 314 310
8 502 506 507 503 407 411 412 408
8 600 604 605 601 502 506 507 503
8 710 715 716 711 600 604 605 601
8 225 229 230 226 150 154 155 151
8 313 317 318 314 225 229 230 226
8 411 415 416 412 313 317 318 314
8 506 510 511 507 411 415 416 412
8 604 609 610 605 506 510 511 507
8 715 720 721 716 604 609 610 605
8 831 836 837 832 715 720 721 716
8 959 965 966 960 831 836 837 832
8 1103 1111 1112 1104 959 965 966 960
8 1269 1278 1279 1270 1103 1111 1112 1104
8 317 321 322 318 229 233 234 230
8 415 419 420 416 317 321 322 318
8 510 515 516 511 415 419 420 416
8 609 614 615 610 510 515 516 511
8 720 725 726 721 609 614 615 610
8 836 842 843 837 720 725 726 721
8 965 972 973 966 836 842 843 837
8 1111 1119 1120 1112 965 972 973 966
8 1278 1288 1289 1279 1111 1119 1120 1112
8 1450 1460 1461 1451 1278 1288 1289 1279
8 1638 1649 1650 1639 1450 1460 1461 1451
8 614 618 619 615 515 519 520 516
8 725 730 731 726 614 618 619 615
8 842 849 850 843 725 730 731 726
8 972 979 980 973 842 849 850 843
8 1119 1127 1128 1120 972 979 980 973
8 1288 1297 1298 1289 1119 1127 1128 1120
8 1460 1470 1471 1461 1288 1297 1298 1289
8 730 735 736 731 618 622 623 619
8 849 855 856 850 730 735 736 731
8 979 985 986 980 849 855 856 850
8 1127 1135 1136 1128 979 985 986 980
8 1297 1305 1306 1298 1127 1135 1136 1128
8 735 740 741 736 622 626 627 623
8 855 860 861 856 735 740 741 736
8 985 991 992 986 855 860 861 856
8 1135 1143 1144 1136 985 991 992 986
8 1305 1313 1314 1306 1135 1143 1144 1136
8 740 744 745 741 626 631 632 627
8 860 865 866 861 740 744 745 741
8 991 998 999 992 860 865 866 861
8 1143 1150 1151 1144 991 998 999 992
8 1313 1321 1322 1314 1143 1150 1151 1144
8 337 342 343 338 248 252 253 249
8 433 438 439 434 337 342 343 338
8 529 534 535 530 433 438 439 434
8 631 637 638 632 529 534 535 530
8 744 750 751 745 631 637 638 632
8 865 871 872 866 744 750 751 745
8 998 1005 1006 999 865 871 872 866
8 1150 1158 1159 1151 998 1005 1006 999
8 1321 1329 1330 1322 1150 1158 1159 1151
8 1498 1508 1509 1499 1321 1329 1330 1322
8 252 256 257 253 172 176 177 173
8 342 348 349 343 252 256 257 253
8 438 444 445 439 342 348 349 343
8 534 540 541 535 438 444 445 439
8 637 643 644 638 534 540 541 535
8 750 757 758 751 637 643 644 638
8 871 878 879 872 750 757 758 751
8 1005 1012 1013 1006 871 878 879 872
8 1158 1166 1167 1159 1005 1012 1013 1006
8 1329 1337 1338 1330 1158 1166 1167 1159
8 1508 1518 1519 1509 1329 1337 1338 1330
8 176 180 181 177 115 117 118 116
8 256 261 262 257 176 180 181 177
8 348 354 355 349 256 261 262 257
8 444 450 451 445 348 354 355 349
8 540 546 547 541 444 450 451 445
8 643 649 650 644 540 546 547 541
8 757 764 765 758 643 649 650 644
8 878 885 886 879 757 764 765 758
8 1012 1019 1020 1013 878 885 886 879
8 1166 1174 1175 1167 1012 1019 1020 1013
8 1337 1345 1346 1338 1166 1174 1175 1167
8 1518 1528 1529 1519 1337 1345 1346 1338
8 261 266 267 262 180 183 184 181
8 354 359 360 355 261 266 267 262
8 450 455 456 451 354 359 360 355
8 546 551 552 547 450 455 456 451
8 649 655 656 650 546 551 552 547
8 764 770 771 765 649 655 656 650
8 885 892 893 886 764 770 771 765
8 1019 1026 1027 1020 885 892 893 886
8 1174 1182 1183 1175 1019 1026 1027 1020
8 1345 1353 1354 1346 1174 1182 1183 1175
8 1528 1538 1539 1529 1345 1353 1354 1346
8 359 363 364 360 266 269 270 267
8 455 459 460 456 359 363 364 360
8 551 555 556 552 455 459 460 456
8 655 660 661 656 551 555 556 552
8 770 775 776 771 655 660 661 656
8 892 898 899 893 770 775 776 771
8 1026 1033 1034 1027 892 898 899 893
8 1182 1190 1191 1183 1026 1033 1034 1027
8 1353 1361 1362 1354 1182 1190 1191 1183
8 1538 1548 1549 1539 1353 1361 1362 1354
8 775 780 781 776 660 664 665 661
8 898 903 904 899 775 780 781 776
8 1033 1039 1040 1034 898 903 904 899
8 1190 1198 1199 1191 1033 1039 1040 1034
8 1361 1369 1370 1362 1190 1198 1199 1191
8 780 784 785 781 664 668 669 665
8 903 908 909 904 780 784 785 781
8 1039 1045 1046 1040 903 908 909 904
8 1198 1205 1206 1199 1039 1045 1046 1040
8 1369 1377 1378 1370 1198 1205 1206 1199
8 784 789 790 785 668 672 673 669
8 908 914 915 909 784 789 790 785
8 1045 1052 1053 1046 908 914 915 909
8 1205 1213 1214 1206 1045 1052 1053 1046
8 1377 1385 1386 1378 1205 1213 1214 1206
8 672 677 678 673 565 570 571 566
8 789 795 796 790 672 677 678 673
8 914 921 922 915 789 795 796 790
8 1052 1059 1060 1053 914 921 922 915
8 1213 1221 1222 1214 1052 1059 1060 1053
8 1385 1394 1395 1386 1213 1221 1222 1214
8 1576 1586 1587 1577 1385 1394 1395 1386
8 378 383 384 379 282 287 288 283
8 473 478 479 474 378 383 384 379
8 570 575 576 571 473 478 479 474
8 677 683 684 678 570 575 576 571
8 795 801 802 796 677 683 684 678
8 921 928 929 922 795 801 802 796
8 1059 1066 1067 1060 921 928 929 922
8 1221 1230 1231 1222 1059 1066 1067 1060
8 1394 1404 1405 1395 1221 1230 1231 1222
8 1586 1596 1597 1587 1394 1404 1405 1395
8 1780 1791 1792 1781 1586 1596 1597 1587
8 287 292 293 288 199 204 205 200
8 383 388 389 384 287 292 293 288
8 478 483 484 479 383 388 389 384
8 575 581 582 576 478 483 484 479
8 683 689 690 684 575 581 582 576
8 801 807 808 802 683 689 690 684
8 928 934 935 929 801 807 808 802
8 1066 1074 1075 1067 928 934 935 929
8 1230 1239 1240 1231 1066 1074 1075 1067
8 1404 1414 1415 1405 1230 1239 1240 1231
8 132 136 137 133 82 86 87 83
8 204 209 210 205 132 136 137 133
8 292 297 298 293 204 209 210 205
8 388 393 394 389 292 297 298 293
8 483 488 489 484 388 393 394 389
8 581 586 587 582 483 488 489 484
8 689 695 696 690 581 586 587 582
8 807 813 814 808 689 695 696 690
8 209 213 214 210 136 139 140 137
8 297 301 302 298 209 213 214 210
8 393 397 398 394 297 301 302 298
8 488 493 494 489 393 397 398 394
8 93 96 97 94 52 55 56 53
8 55 59 60 56 23 26 27 24
8 96 99 100 97 55 59 60 56
8 148 151 152 149 96 99 100 97
8 222 226 227 223 148 151 152 149
8 310 314 315 311 222 226 227 223
8 408 412 413 409 310 314 315 311
8 59 62 63 60 26 29 30 27
8 99 102 103 100 59 62 63 60
8 151 155 156 152 99 102 103 100
8 226 230 231 227 151 155 156 152
8 314 318 319 315 226 230 231 227
8 412 416 417 413 314 318 319 315
8 507 511 512 508 412 416 417 413
8 605 610 611 606 507 511 512 508
8 716 721 722 717 605 610 611 606
8 102 106 107 103 62 66 67 63
8 155 159 160 156 102 106 107 103
8 230 234 235 231 155 159 160 156
8 318 322 323 319 230 234 235 231
8 416 420 421 417 318 322 323 319
8 511 516 517 512 416 420 421 417
8 610 615 616 611 511 516 517 512
8 721 726 727 722 610 615 616 611
8 837 843 844 838 721 726 727 722
8 966 973 974 967 837 843 844 838
8 1112 1120 1121 1113 966 973 974 967
8 1279 1289 1290 1280 1112 1120 1121 1113
8 234 238 239 235 159 163 164 160
8 322 326 327 323 234 238 239 235
8 420 423 424 421 322 326 327 323
8 516 520 521 517 420 423 424 421
8 615 619 620 616 516 520 521 517
8 726 731 732 727 615 619 620 616
8 843 850 851 844 726 731 732 727
8 973 980 981 974 843 850 851 844
8 1120 1128 1129 1121 973 980 981 974
8 326 330 331 327 238 242 243 239
8 423 427 428 424 326 330 331 327
8 520 523 524 521 423 427 428 424
8 619 623 624 620 520 523 524 521
8 731 736 737 732 619 623 624 620
8 850 856 857 851 731 736 737 732
8 980 986 987 981 850 856 857 851
8 1128 1136 1137 1129 980 986 987 981
8 427 430 431 428 330 334 335 331
8 523 526 527 524 427 430 431 428
8 623 627 628 624 523 526 527 524
8 736 741 742 737 623 627 628 624
8 856 861 862 857 736 741 742 737
8 986 992 993 987 856 861 862 857
8 430 434 435 431 334 338 339 335
8 526 530 531 527 430 434 435 431
8 627 632 633 628 526 530 531 527
8 741 745 746 742 627 632 633 628
8 861 866 867 862 741 745 746 742
8 992 999 1000 993 861 866 867 862
8 338 343 344 339 249 253 254 250
8 434 439 440 435 338 343 344 339
8 530 535 536 531 434 439 440 435
8 632 638 639 633 530 535 536 531
8 745 751 752 746 632 638 639 633
8 866 872 873 867 745 751 752 746
8 999 1006 1007 1000 866 872 873 867
8 1151 1159 1160 1152 999 1006 1007 1000
8 253 257 258 254 173 177 178 174
8 343 349 350 344 253 257 258 254
8 439 445 446 440 343 349 350 344
8 535 541 542 536 439 445 446 440
8 638 644 645 639 535 541 542 536
8 751 758 759 752 638 644 645 639
8 872 879 880 873 751 758 759 752
8 1006 1013 1014 1007 872 879 880 873
8 1159 1167 1168 1160 1006 1013 1014 1007
8 257 262 263 258 177 181 182 178
8 349 355 356 350 257 262 263 258
8 445 451 452 446 349 355 356 350
8 541 547 548 542 445 451 452 446
8 644 650 651 645 541 547 548 542
8 758 765 766 759 644 650 651 645
8 879 886 887 880 758 765 766 759
8 1013 1020 1021 1014 879 886 887 880
8 1167 1175 1176 1168 1013 1020 1021 1014
8 262 267 268 263 181 184 185 182
8 355 360 361 356 262 267 268 263
8 451 456 457 452 355 360 361 356
8 547 552 553 548 451 456 457 452
8 650 656 657 651 547 552 553 548
8 765 771 772 766 650 656 657 651
8 886 893 894 887 765 771 772 766
8 1020 1027 1028 1021 886 893 894 887
8 1175 1183 1184 1176 1020 1027 1028 1021
8 360 364 365 361 267 270 271 268
8 456 460 461 457 360 364 365 361
8 552 556 557 553 456 460 461 457
8 656 661 662 657 552 556 557 553
8 771 776 777 772 656 661 662 657
8 893 899 900 894 771 776 777 772
8 1027 1034 1035 1028 893 899 900 894
8 1183 1191 1192 1184 1027 1034 1035 1028
8 460 463 464 461 364 367 368 365
8 556 559 560 557 460 463 464 461
8 661 665 666 662 556 559 560 557
8 776 781 782 777 661 665 666 662
8 899 904 905 900 776 781 782 777
8 1034 1040 1041 1035 899 904 905 900
8 463 466 467 464 367 370 371 368
8 559 562 563 560 463 466 467 464
8 665 669 670 666 559 562 563 560
8 781 785 786 782 665 669 670 666
8 904 909 910 905 781 785 786 782
8 1040 1046 1047 1041 904 909 910 905
8 370 374 375 371 274 278 279 275
8 466 469 470 467 370 374 375 371
8 562 566 567 563 466 469 470 467
8 669 673 674 670 562 566 567 563
8 785 790 791 786 669 673 674 670
8 909 915 916 910 785 790 791 786
8 1046 1053 1054 1047 909 915 916 910
8 1206 1214 1215 1207 1046 1053 1054 1047
8 278 283 284 279 191 195 196 192
8 374 379 380 375 278 283 284 279
8 469 474 475 470 374 379 380 375
8 566 571 572 567 469 474 475 470
8 673 678 679 674 566 571 572 567
8 790 796 797 791 673 678 679 674
8 915 922 923 916 790 796 797 791
8 1053 1060 1061 1054 915 922 923 916
8 1214 1222 1223 1215 1053 1060 1061 1054
8 124 128 129 125 74 78 79 75
8 195 200 201 196 124 128 129 125
8 283 288 289 284 195 200 201 196
8 379 384 385 380 283 288 289 284
8 474 479 480 475 379 384 385 380
8 571 576 577 572 474 479 480 475
8 678 684 685 679 571 576 577 572
8 796 802 803 797 678 684 685 679
8 922 929 930 923 796 802 803 797
8 1060 1067 1068 1061 922 929 930 923
8 1222 1231 1232 1223 1060 1067 1068 1061
8 1395 1405 1406 1396 1222 1231 1232 1223
8 78 83 84 79 41 45 46 42
8 128 133 134 129 78 83 84 79
8 200 205 206 201 128 133 134 129
8 288 293 294 289 200 205 206 201
8 384 389 390 385 288 293 294 289
8 479 484 485 480 384 389 390 385
8 576 582 583 577 479 484 485 480
8 684 690 691 685 576 582 583 577
8 802 808 809 803 684 690 691 685
8 83 87 88 84 45 48 49 46
8 133 137 138 134 83 87 88 84
8 205 210 211 206 133 137 138 134
8 293 298 299 294 205 210 211 206
8 389 394 395 390 293 298 299 294
8 484 489 490 485 389 394 395 390
8 137 140 141 138 87 90 91 88
8 24 27 28 25 4 6 7 5
8 56 60 61 57 24 27 28 25
8 27 30 31 28 6 9 10 7
8 60 63 64 61 27 30 31 28
8 100 103 104 101 60 63 64 61
8 152 156 157 153 100 103 104 101
8 227 231 232 228 152 156 157 153
8 315 319 320 316 227 231 232 228
8 63 67 68 64 30 33 34 31
8 103 107 108 104 63 67 68 64
8 156 160 161 157 103 107 108 104
8 231 235 236 232 156 160 161 157
8 319 323 324 320 231 235 236 232
8 417 421 422 418 319 323 324 320
8 512 517 518 513 417 421 422 418
8 611 616 617 612 512 517 518 513
8 107 110 111 108 67 70 71 68
8 160 164 165 161 107 110 111 108
8 235 239 240 236 160 164 165 161
8 323 327 328 324 235 239 240 236
8 421 424 425 422 323 327 328 324
8 517 521 522 518 421 424 425 422
8 616 620 621 617 517 521 522 518
8 727 732 733 728 616 620 621 617
8 844 851 852 845 727 732 733 728
8 239 243 244 240 164 167 168 165
8 327 331 332 328 239 243 244 240
8 424 428 429 425 327 331 332 328
8 521 524 525 522 424 428 429 425
8 620 624 625 621 521 524 525 522
8 732 737 738 733 620 624 625 621
8 331 335 336 332 243 246 247 244
8 428 431 432 429 331 335 336 332
8 524 527 528 525 428 431 432 429
8 624 628 629 625 524 527 528 525
8 431 435 436 432 335 339 340 336
8 527 531 532 528 431 435 436 432
8 628 633 634 629 527 531 532 528
8 435 440 441 436 339 344 345 340
8 531 536 537 532 435 440 441 436
8 633 639 640 634 531 536 537 532
8 746 752 753 747 633 639 640 634
8 440 446 447 441 344 350 351 345
8 536 542 543 537 440 446 447 441
8 639 645 646 640 536 542 543 537
8 752 759 760 753 639 645 646 640
8 873 880 881 874 752 759 760 753
8 350 356 357 351 258 263 264 259
8 446 452 453 447 350 356 357 351
8 542 548 549 543 446 452 453 447
8 645 651 652 646 542 548 549 543
8 759 766 767 760 645 651 652 646
8 880 887 888 881 759 766 767 760
8 452 457 458 453 356 361 362 357
8 548 553 554 549 452 457 458 453
8 651 657 658 652 548 553 554 549
8 766 772 773 767 651 657 658 652
8 887 894 895 888 766 772 773 767
8 457 461 462 458 361 365 366 362
8 553 557 558 554 457 461 462 458
8 657 662 663 658 553 557 558 554
8 772 777 778 773 657 662 663 658
8 461 464 465 462 365 368 369 366
8 557 560 561 558 461 464 465 462
8 662 666 667 663 557 560 561 558
8 368 371 372 369 272 275 276 273
8 464 467 468 465 368 371 372 369
8 560 563 564 561 464 467 468 465
8 666 670 671 667 560 563 564 561
8 275 279 280 276 188 192 193 189
8 371 375 376 372 275 279 280 276
8 467 470 471 468 371 375 376 372
8 563 567 568 564 467 470 471 468
8 670 674 675 671 563 567 568 564
8 786 791 792 787 670 674 675 671
8 121 125 126 122 72 75 76 73
8 192 196 197 193 121 125 126 122
8 279 284 285 280 192 196 197 193
8 375 380 381 376 279 284 285 280
8 470 475 476 471 375 380 381 376
8 567 572 573 568 470 475 476 471
8 674 679 680 675 567 572 573 568
8 791 797 798 792 674 679 680 675
8 916 923 924 917 791 797 798 792
8 75 79 80 76 38 42 43 39
8 125 129 130 126 75 79 80 76
8 196 201 202 197 125 129 130 126
8 284 289 290 285 196 201 202 197
8 380 385 386 381 284 289 290 285
8 475 480 481 476 380 385 386 381
8 572 577 578 573 475 480 481 476
8 679 685 686 680 572 577 578 573
8 42 46 47 43 14 17 18 15
8 79 84 85 80 42 46 47 43
8 129 134 135 130 79 84 85 80
8 201 206 207 202 129 134 135 130
8 289 294 295 290 201 206 207 202
8 385 390 391 386 289 294 295 290
8 46 49 50 47 17 20 21 18
8 84 88 89 85 46 49 50 47
8 64 68 69 65 31 34 35 32
8 104 108 109 105 64 68 69 65
8 157 161 162 158 104 108 109 105
8 161 165 166 162 108 111 112 109
8 236 240 241 237 161 165 166 162
8 324 328 329 325 236 240 241 237
8 240 244 245 241 165 168 169 166
8 328 332 333 329 240 244 245 241
8 276 280 281 277 189 193 194 190
8 372 376 377 373 276 280 281 277
8 193 197 198 194 122 126 127 123
8 280 285 286 281 193 197 198 194
8 376 381 382 377 280 285 286 281
8 76 80 81 77 39 43 44 40
8 126 130 131 127 76 80 81 77
8 197 202 203 198 126 130 131 127
5 2039 2040 2029 2028 2358
5 2029 2040 1853 1842 2358
5 2028 2029 2040 2039 2359
5 2191 2198 2040 2029 2359
5 2050 2051 2040 2039 2360
5 2040 2051 1864 1853 2360
5 2039 2040 2051 2050 2361
5 2198 2206 2051 2040 2361
5 2206 2214 2061 2051 2363
5 2254 2262 2120 2109 2365
5 2130 2131 2120 2119 2366
5 2120 2131 1946 1935 2366
5 2119 2120 2131 2130 2367
5 2262 2270 2131 2120 2367
5 2141 2142 2131 2130 2368
5 2131 2142 1957 1946 2368
5 2130 2131 2142 2141 2369
5 2270 2278 2142 2131 2369
5 2029 2030 2018 2017 2372
5 1842 1843 2030 2029 2372
5 2018 2030 1843 1831 2372
5 2029 2030 2192 2191 2373
5 2017 2018 2030 2029 2373
5 2184 2192 2030 2018 2373
5 2191 2192 2199 2198 2375
5 2299 2303 2199 2192 2375
5 2198 2199 2207 2206 2376
5 2303 2307 2207 2199 2376
5 2061 2062 2052 2051 2377
5 2051 2052 1865 1864 2377
5 2052 2062 1875 1865 2377
5 2206 2207 2215 2214 2378
5 2307 2312 2215 2207 2378
5 2071 2072 2062 2061 2379
5 2062 2072 1885 1875 2379
5 2061 2062 2072 2071 2380
5 2214 2215 2062 2061 2380
5 2215 2222 2072 2062 2380
5 2072 2081 1895 1885 2382
5 2222 2230 2081 2072 2383
5 2090 2100 1915 1905 2384
5 2238 2246 2100 2090 2385
5 2109 2110 2100 2099 2386
5 2100 2110 1925 1915 2386
5 2109 2110 2255 2254 2387
5 2099 2100 2110 2109 2387
5 2246 2255 2110 2100 2387
5 2120 2121 2110 2109 2389
5 1935 1936 2121 2120 2389
5 2110 2121 1936 1925 2389
5 2254 2255 2263 2262 2390
5 2337 2342 2263 2255 2390
5 2262 2263 2271 2270 2391
5 2342 2347 2271 2263 2391
5 2270 2271 2279 2278 2392
5 2347 2351 2279 2271 2392
5 2152 2153 2143 2142 2393
5 2142 2143 1958 1957 2393
5 2143 2153 1968 1958 2393
5 2142 2143 2153 2152 2394
5 2278 2279 2143 2142 2394
5 2279 2285 2153 2143 2394
5 1820 1832 1640 1629 2396
5 1831 1832 2019 2018 2397
5 2007 2019 1832 1820 2397
5 2018 2019 2185 2184 2398
5 1843 1844 1832 1831 2399
5 1832 1844 1651 1640 2399
5 2192 2193 2300 2299 2400
5 2184 2185 2193 2192 2400
5 1854 1855 1844 1843 2401
5 1844 1855 1661 1651 2401
5 1865 1866 1855 1854 2402
5 1855 1866 1671 1661 2402
5 1875 1876 1866 1865 2403
5 1866 1876 1681 1671 2403
5 1885 1886 1876 1875 2404
5 1876 1886 1691 1681 2404
5 2215 2216 2223 2222 2405
5 2312 2313 2216 2215 2405
5 2313 2317 2223 2216 2405
5 1895 1896 1886 1885 2406
5 1886 1896 1701 1691 2406
5 2222 2223 2231 2230 2407
5 2317 2322 2231 2223 2407
5 1905 1906 1896 1895 2408
5 1896 1906 1711 1701 2408
5 2230 2231 2239 2238 2409
5 2322 2327 2239 2231 2409
5 1915 1916 1906 1905 2410
5 1906 1916 1721 1711 2410
5 2238 2239 2247 2246 2411
5 2327 2332 2247 2239 2411
5 1925 1926 1916 1915 2412
5 1916 1926 1731 1721 2412
5 2255 2256 2338 2337 2413
5 2246 2247 2256 2255 2413
5 2332 2338 2256 2247 2413
5 1936 1937 1926 1925 2414
5 1926 1937 1741 1731 2414
5 1947 1948 1937 1936 2415
5 1937 1948 1751 1741 2415
5 1958 1959 1948 1947 2416
5 1948 1959 1761 1751 2416
5 1968 1969 1959 1958 2417
5 1959 1969 1771 1761 2417
5 2279 2280 2286 2285 2418
5 2351 2352 2280 2279 2418
5 1969 1979 1782 1771 2419
5 2153 2154 1969 1968 2420
5 2154 2163 1979 1969 2420
5 2285 2286 2154 2153 2421
5 1620 1630 1442 1433 2422
5 1629 1630 1821 1820 2423
5 1811 1821 1630 1620 2423
5 1640 1641 1630 1629 2424
5 1630 1641 1452 1442 2424
5 2019 2020 2186 2185 2425
5 2007 2008 2020 2019 2425
5 1651 1652 1641 1640 2426
5 1641 1652 1462 1452 2426
5 2193 2194 2301 2300 2427
5 2185 2186 2194 2193 2427
5 1661 1662 1652 1651 2428
5 1652 1662 1472 1462 2428
5 1671 1672 1662 1661 2429
5 1662 1672 1481 1472 2429
5 1701 1702 1692 1691 2430
5 1692 1702 1510 1500 2430
5 1711 1712 1702 1701 2431
5 1702 1712 1520 1510 2431
5 1721 1722 1712 1711 2432
5 1712 1722 1530 1520 2432
5 1751 1752 1742 1741 2433
5 1742 1752 1559 1550 2433
5 1761 1762 1752 1751 2434
5 1752 1762 1568 1559 2434
5 1771 1772 1762 1761 2435
5 1762 1772 1578 1568 2435
5 2280 2281 2287 2286 2436
5 2352 2353 2281 2280 2436
5 1782 1783 1772 1771 2437
5 1772 1783 1588 1578 2437
5 2154 2155 2164 2163 2438
5 2286 2287 2155 2154 2438
5 1783 1793 1598 1588 2439
5 1979 1980 1783 1782 2440
5 1980 1990 1793 1783 2440
5 1433 1434 1621 1620 2442
5 1442 1443 1434 1433 2443
5 1434 1443 1271 1262 2443
5 1821 1822 2009 2008 2444
5 1811 1812 1822 1821 2444
5 1452 1453 1443 1442 2445
5 1443 1453 1281 1271 2445
5 2020 2021 2187 2186 2446
5 2008 2009 2021 2020 2446
5 2178 2187 2021 2009 2446
5 2194 2195 2302 2301 2448
5 2186 2187 2195 2194 2448
5 2298 2302 2195 2187 2448
5 2281 2282 2288 2287 2449
5 2353 2354 2282 2281 2449
5 2354 2355 2288 2282 2449
5 1588 1589 1579 1578 2450
5 1579 1589 1397 1387 2450
5 2155 2156 2165 2164 2451
5 2287 2288 2156 2155 2451
5 2288 2292 2165 2156 2451
5 1598 1599 1589 1588 2453
5 1589 1599 1407 1397 2453
5 1980 1981 1991 1990 2454
5 2164 2165 1981 1980 2454
5 1793 1794 1599 1598 2456
5 1255 1263 1097 1090 2457
5 1434 1435 1427 1426 2458
5 1262 1263 1435 1434 2458
5 1427 1435 1263 1255 2458
5 1434 1435 1622 1621 2459
5 1426 1427 1435 1434 2459
5 1614 1622 1435 1427 2459
5 1621 1622 1813 1812 2460
5 1271 1272 1263 1262 2461
5 1263 1272 1105 1097 2461
5 1822 1823 2010 2009 2462
5 1812 1813 1823 1822 2462
5 2002 2010 1823 1813 2462
5 2009 2010 2179 2178 2463
5 1281 1282 1272 1271 2464
5 2178 2179 2188 2187 2465
5 1463 1464 1454 1453 2466
5 1453 1454 1282 1281 2466
5 1454 1464 1291 1282 2466
5 2187 2188 2196 2195 2467
5 2298 2187 2195 2302 2467
5 1473 1474 1464 1463 2468
5 1464 1474 1299 1291 2468
5 2195 2196 2203 2202 2469
5 2302 2195 2202 2306 2469
5 1482 1483 1474 1473 2470
5 1474 1483 1307 1299 2470
5 2210 2211 2311 2310 2471
5 2202 2203 2211 2210 2471
5 2306 2202 2210 2310 2471
5 1491 1492 1483 1482 2472
5 1483 1492 1315 1307 2472
5 1501 1502 1492 1491 2473
5 1492 1502 1323 1315 2473
5 1511 1512 1502 1501 2474
5 1502 1512 1331 1323 2474
5 1521 1522 1512 1511 2475
5 1512 1522 1339 1331 2475
5 1531 1532 1522 1521 2476
5 1522 1532 1347 1339 2476
5 1541 1542 1532 1531 2477
5 1532 1542 1355 1347 2477
5 1551 1552 1542 1541 2478
5 1542 1552 1363 1355 2478
5 1560 1561 1552 1551 2479
5 1552 1561 1371 1363 2479
5 2266 2267 2275 2274 2480
5 2345 2346 2267 2266 2480
5 2345 2266 2274 2350 2480
5 1569 1570 1561 1560 2481
5 1561 1570 1379 1371 2481
5 2274 2275 2283 2282 2482
5 2350 2274 2282 2354 2482
5 1579 1580 1570 1569 2483
5 1387 1388 1580 1579 2483
5 1570 1580 1388 1379 2483
5 2282 2283 2289 2288 2484
5 2354 2282 2288 2355 2484
5 1397 1398 1388 1387 2485
5 2288 2289 2293 2292 2486
5 1407 1408 1398 1397 2487
5 1398 1408 1233 1224 2487
5 1981 1982 1992 1991 2488
5 2165 2166 1982 1981 2488
5 2166 2173 1992 1982 2488
5 2292 2293 2166 2165 2489
5 1408 1416 1241 1233 2490
5 1607 1608 1600 1599 2491
5 1599 1600 1408 1407 2491
5 1600 1608 1416 1408 2491
5 1599 1600 1608 1607 2492
5 1794 1795 1600 1599 2492
5 1795 1802 1608 1600 2492
5 1991 1992 1795 1794 2493
5 1090 1091 1256 1255 2495
5 1252 1256 1091 1086 2495
5 1097 1098 1091 1090 2496
5 1091 1098 954 948 2496
5 1622 1623 1814 1813 2497
5 1614 1615 1623 1622 2497
5 1105 1106 1098 1097 2498
5 2010 2011 2180 2179 2499
5 2002 2003 2011 2010 2499
5 1282 1283 1273 1272 2500
5 1272 1273 1106 1105 2500
5 1273 1283 1114 1106 2500
5 1291 1292 1283 1282 2501
5 1283 1292 1122 1114 2501
5 1299 1300 1292 1291 2502
5 1292 1300 1130 1122 2502
5 1307 1308 1300 1299 2503
5 1300 1308 1138 1130 2503
5 1315 1316 1308 1307 2504
5 1308 1316 1145 1138 2504
5 2211 2212 2220 2219 2505
5 2311 2211 2219 2316 2505
5 1323 1324 1316 1315 2506
5 1316 1324 1153 1145 2506
5 2226 2227 2321 2320 2507
5 2219 2220 2227 2226 2507
5 2316 2219 2226 2320 2507
5 1331 1332 1324 1323 2508
5 1324 1332 1161 1153 2508
5 1339 1340 1332 1331 2509
5 1332 1340 1169 1161 2509
5 1347 1348 1340 1339 2510
5 1340 1348 1177 1169 2510
5 1355 1356 1348 1347 2511
5 1348 1356 1185 1177 2511
5 2250 2251 2260 2259 2512
5 2335 2336 2251 2250 2512
5 2335 2250 2259 2341 2512
5 1363 1364 1356 1355 2513
5 1356 1364 1193 1185 2513
5 2259 2260 2268 2267 2514
5 2341 2259 2267 2346 2514
5 1371 1372 1364 1363 2515
5 1364 1372 1200 1193 2515
5 1379 1380 1372 1371 2516
5 1372 1380 1208 1200 2516
5 1388 1389 1380 1379 2517
5 1380 1389 1216 1208 2517
5 1398 1399 1389 1388 2518
5 1224 1225 1399 1398 2518
5 1389 1399 1225 1216 2518
5 1233 1234 1225 1224 2519
5 2166 2167 2174 2173 2520
5 2293 2294 2167 2166 2520
5 1241 1242 1234 1233 2521
5 1234 1242 1076 1069 2521
5 1795 1796 1803 1802 2522
5 1992 1993 1796 1795 2522
5 1416 1417 1242 1241 2524
5 1417 1423 1248 1242 2524
5 1091 1092 1087 1086 2526
5 948 949 1092 1091 2526
5 1087 1092 949 944 2526
5 1256 1257 1429 1428 2527
5 1252 1253 1257 1256 2527
5 954 955 949 948 2528
5 1623 1624 1815 1814 2529
5 1615 1616 1624 1623 2529
5 1808 1815 1624 1616 2529
5 1814 1815 2004 2003 2530
5 1106 1107 1099 1098 2531
5 1098 1099 955 954 2531
5 1099 1107 961 955 2531
5 2011 2012 2181 2180 2532
5 2003 2004 2012 2011 2532
5 1114 1115 1107 1106 2533
5 1107 1115 968 961 2533
5 1122 1123 1115 1114 2534
5 1115 1123 975 968 2534
5 2023 2024 2036 2035 2535
5 2189 2190 2024 2023 2535
5 2189 2023 2035 2197 2535
5 1130 1131 1123 1122 2536
5 2046 2047 2205 2204 2537
5 2035 2036 2047 2046 2537
5 2197 2035 2046 2204 2537
5 1145 1146 1139 1138 2538
5 1153 1154 1146 1145 2539
5 1146 1154 1001 994 2539
5 1161 1162 1154 1153 2540
5 1154 1162 1008 1001 2540
5 2227 2228 2236 2235 2541
5 2321 2227 2235 2326 2541
5 1169 1170 1162 1161 2542
5 1162 1170 1015 1008 2542
5 2235 2236 2244 2243 2543
5 2326 2235 2243 2331 2543
5 1177 1178 1170 1169 2544
5 1170 1178 1022 1015 2544
5 2243 2244 2252 2251 2545
5 2331 2243 2251 2336 2545
5 1185 1186 1178 1177 2546
5 1178 1186 1029 1022 2546
5 1193 1194 1186 1185 2547
5 1208 1209 1201 1200 2548
5 2137 2138 2149 2148 2549
5 2276 2277 2138 2137 2549
5 2276 2137 2148 2284 2549
5 1216 1217 1209 1208 2550
5 1209 1217 1055 1048 2550
5 2158 2159 2291 2290 2551
5 2148 2149 2159 2158 2551
5 2284 2148 2158 2290 2551
5 1225 1226 1217 1216 2552
5 1217 1226 1062 1055 2552
5 1234 1235 1226 1225 2553
5 1069 1070 1235 1234 2553
5 1226 1235 1070 1062 2553
5 2167 2168 2175 2174 2554
5 2294 2295 2168 2167 2554
5 1076 1077 1070 1069 2555
5 1796 1797 1804 1803 2556
5 1993 1994 1797 1796 2556
5 1994 1999 1804 1797 2556
5 2174 2175 1994 1993 2557
5 1248 1249 1243 1242 2559
5 1242 1243 1077 1076 2559
5 1243 1249 1082 1077 2559
5 1417 1418 1424 1423 2560
5 1609 1610 1418 1417 2560
5 820 824 707 703 2561
5 949 950 945 944 2562
5 823 824 950 949 2562
5 945 950 824 820 2562
5 1257 1258 1430 1429 2563
5 1253 1254 1258 1257 2563
5 824 828 712 707 2564
5 955 956 950 949 2565
5 949 950 824 823 2565
5 950 956 828 824 2565
5 1815 1816 2005 2004 2566
5 1808 1809 1816 1815 2566
5 961 962 956 955 2567
5 956 962 833 828 2567
5 2012 2013 2182 2181 2568
5 2004 2005 2013 2012 2568
5 968 969 962 961 2569
5 962 969 839 833 2569
5 2012 2013 2025 2024 2570
5 2181 2182 2013 2012 2570
5 2181 2012 2024 2190 2570
5 975 976 969 968 2571
5 969 976 846 839 2571
5 2024 2025 2037 2036 2572
5 1131 1132 1124 1123 2573
5 1123 1124 976 975 2573
5 1124 1132 982 976 2573
5 2036 2037 2048 2047 2574
5 1139 1140 1132 1131 2575
5 1132 1140 988 982 2575
5 2047 2048 2059 2058 2576
5 2205 2047 2058 2213 2576
5 1146 1147 1140 1139 2577
5 994 995 1147 1146 2577
5 1140 1147 995 988 2577
5 2058 2059 2069 2068 2578
5 2213 2058 2068 2221 2578
5 1001 1002 995 994 2579
5 2078 2079 2229 2228 2580
5 2068 2069 2079 2078 2580
5 2221 2068 2078 2228 2580
5 1008 1009 1002 1001 2581
5 1002 1009 875 868 2581
5 1015 1016 1009 1008 2582
5 1009 1016 882 875 2582
5 1022 1023 1016 1015 2583
5 1016 1023 889 882 2583
5 1029 1030 1023 1022 2584
5 2106 2107 2117 2116 2585
5 2252 2253 2107 2106 2585
5 2252 2106 2116 2261 2585
5 1194 1195 1187 1186 2586
5 1186 1187 1030 1029 2586
5 1187 1195 1036 1030 2586
5 2116 2117 2128 2127 2587
5 2261 2116 2127 2269 2587
5 1201 1202 1195 1194 2588
5 1195 1202 1042 1036 2588
5 2127 2128 2139 2138 2589
5 2269 2127 2138 2277 2589
5 1209 1210 1202 1201 2590
5 1048 1049 1210 1209 2590
5 1202 1210 1049 1042 2590
5 2138 2139 2150 2149 2591
5 1055 1056 1049 1048 2592
5 1049 1056 918 911 2592
5 2149 2150 2160 2159 2593
5 1062 1063 1056 1055 2594
5 1056 1063 925 918 2594
5 2168 2169 2296 2295 2595
5 2159 2160 2169 2168 2595
5 2291 2159 2168 2295 2595
5 1070 1071 1063 1062 2596
5 1063 1071 931 925 2596
5 2168 2169 2176 2175 2597
5 2295 2296 2169 2168 2597
5 931 937 810 804 2598
5 1077 1078 1071 1070 2599
5 936 937 1078 1077 2599
5 1071 1078 937 931 2599
5 1994 1995 2000 1999 2600
5 2175 2176 1995 1994 2600
5 937 941 815 810 2601
5 1082 1083 1078 1077 2602
5 1077 1078 937 936 2602
5 1078 1083 941 937 2602
5 1418 1419 1425 1424 2603
5 1610 1611 1419 1418 2603
5 593 594 704 703 2605
5 702 704 594 592 2605
5 597 598 594 593 2606
5 594 598 500 497 2606
5 1093 1094 1259 1258 2607
5 1088 1089 1094 1093 2607
5 1254 1088 1093 1258 2607
5 1258 1259 1431 1430 2608
5 598 602 504 500 2609
5 712 713 708 707 2610
5 707 708 598 597 2610
5 708 713 602 598 2610
5 1816 1817 2006 2005 2611
5 1809 1810 1817 1816 2611
5 713 718 607 602 2612
5 833 834 829 828 2613
5 828 829 713 712 2613
5 829 834 718 713 2613
5 2013 2014 2183 2182 2614
5 2005 2006 2014 2013 2614
5 839 840 834 833 2615
5 834 840 723 718 2615
5 2013 2014 2026 2025 2616
5 2182 2183 2014 2013 2616
5 846 847 840 839 2617
5 982 983 977 976 2618
5 976 977 847 846 2618
5 977 983 853 847 2618
5 988 989 983 982 2619
5 983 989 858 853 2619
5 995 996 989 988 2620
5 989 996 863 858 2620
5 1002 1003 996 995 2622
5 868 869 1003 1002 2622
5 996 1003 869 863 2622
5 2069 2070 2080 2079 2623
5 875 876 869 868 2624
5 754 755 876 875 2624
5 869 876 755 748 2624
5 2079 2080 2089 2088 2625
5 2229 2079 2088 2237 2625
5 2088 2089 2098 2097 2626
5 2237 2088 2097 2245 2626
5 889 890 883 882 2627
5 882 883 762 761 2627
5 883 890 768 762 2627
5 2097 2098 2108 2107 2628
5 2245 2097 2107 2253 2628
5 1030 1031 1024 1023 2630
5 1023 1024 890 889 2630
5 1024 1031 896 890 2630
5 2107 2108 2118 2117 2631
5 1036 1037 1031 1030 2632
5 1031 1037 901 896 2632
5 1042 1043 1037 1036 2633
5 1037 1043 906 901 2633
5 1049 1050 1043 1042 2634
5 911 912 1050 1049 2634
5 1043 1050 912 906 2634
5 918 919 912 911 2635
5 925 926 919 918 2636
5 919 926 799 793 2636
5 2169 2170 2297 2296 2637
5 2160 2161 2170 2169 2637
5 799 805 687 681 2638
5 931 932 926 925 2639
5 804 805 932 931 2639
5 926 932 805 799 2639
5 2169 2170 2177 2176 2640
5 2296 2297 2170 2169 2640
5 687 693 584 579 2641
5 810 811 805 804 2642
5 692 693 811 810 2642
5 805 811 693 687 2642
5 1995 1996 2001 2000 2643
5 2176 2177 1996 1995 2643
5 697 698 693 692 2644
5 693 698 588 584 2644
5 1244 1245 1251 1250 2645
5 1419 1420 1245 1244 2645
5 1419 1244 1250 1425 2645
5 1611 1612 1420 1419 2646
5 815 816 698 697 2648
5 816 819 701 698 2648
5 401 402 498 497 2650
5 496 498 402 400 2650
5 497 498 595 594 2651
5 594 595 705 704 2652
5 702 592 594 704 2652
5 405 406 402 401 2653
5 402 406 308 305 2653
5 951 952 1095 1094 2654
5 946 947 952 951 2654
5 1089 946 951 1094 2654
5 1094 1095 1260 1259 2655
5 406 410 312 308 2656
5 504 505 501 500 2657
5 500 501 406 405 2657
5 501 505 410 406 2657
5 1626 1627 1818 1817 2658
5 1618 1619 1627 1626 2658
5 1810 1618 1626 1817 2658
5 505 509 414 410 2660
5 607 608 603 602 2661
5 602 603 505 504 2661
5 603 608 509 505 2661
5 1827 1828 2015 2014 2662
5 1817 1818 1828 1827 2662
5 2006 1817 1827 2014 2662
5 608 613 514 509 2663
5 723 724 719 718 2664
5 718 719 608 607 2664
5 719 724 613 608 2664
5 847 848 841 840 2666
5 840 841 724 723 2666
5 841 848 729 724 2666
5 1839 1840 1852 1851 2667
5 2026 2027 1840 1839 2667
5 2026 1839 1851 2038 2667
5 853 854 848 847 2668
5 848 854 734 729 2668
5 1851 1852 1863 1862 2669
5 2038 1851 1862 2049 2669
5 858 859 854 853 2670
5 854 859 739 734 2670
5 1862 1863 1874 1873 2671
5 2049 1862 1873 2060 2671
5 863 864 859 858 2672
5 859 864 743 739 2672
5 1873 1874 1884 1883 2673
5 2060 1873 1883 2070 2673
5 635 636 749 748 2675
5 743 749 636 630 2675
5 869 870 864 863 2676
5 748 749 870 869 2676
5 864 870 749 743 2676
5 1883 1884 1894 1893 2677
5 2070 1883 1893 2080 2677
5 341 347 255 251 2678
5 346 347 443 442 2679
5 437 443 347 341 2679
5 442 443 539 538 2680
5 533 539 443 437 2680
5 641 642 636 635 2681
5 538 539 642 641 2681
5 636 642 539 533 2681
5 1893 1894 1904 1903 2682
5 2080 1893 1903 2089 2682
5 352 353 347 346 2683
5 347 353 260 255 2683
5 1903 1904 1914 1913 2684
5 2089 1903 1913 2098 2684
5 353 358 265 260 2685
5 448 449 353 352 2686
5 449 454 358 353 2686
5 544 545 449 448 2687
5 545 550 454 449 2687
5 653 654 648 647 2688
5 647 648 545 544 2688
5 648 654 550 545 2688
5 1913 1914 1924 1923 2689
5 2098 1913 1923 2108 2689
5 768 769 654 653 2691
5 769 774 659 654 2691
5 896 897 891 890 2692
5 890 891 769 768 2692
5 891 897 774 769 2692
5 1923 1924 1934 1933 2693
5 2108 1923 1933 2118 2693
5 901 902 897 896 2694
5 897 902 779 774 2694
5 1933 1934 1945 1944 2695
5 2118 1933 1944 2129 2695
5 906 907 902 901 2696
5 902 907 783 779 2696
5 1944 1945 1956 1955 2697
5 2129 1944 1955 2140 2697
5 912 913 907 906 2698
5 907 913 788 783 2698
5 1955 1956 1967 1966 2699
5 2140 1955 1966 2151 2699
5 919 920 913 912 2701
5 793 794 920 919 2701
5 913 920 794 788 2701
5 1976 1977 2162 2161 2702
5 1966 1967 1977 1976 2702
5 2151 1966 1976 2161 2702
5 676 682 574 569 2703
5 799 800 794 793 2704
5 681 682 800 799 2704
5 794 800 682 676 2704
5 574 580 482 477 2705
5 687 688 682 681 2706
5 579 580 688 687 2706
5 682 688 580 574 2706
5 1986 1987 1997 1996 2707
5 2170 2171 1987 1986 2707
5 2170 1986 1996 2177 2707
5 482 487 392 387 2708
5 584 585 580 579 2709
5 486 487 585 584 2709
5 580 585 487 482 2709
5 1799 1800 1807 1806 2710
5 1996 1997 1800 1799 2710
5 1996 1799 1806 2001 2710
5 491 492 487 486 2712
5 487 492 396 392 2712
5 1079 1080 1085 1084 2713
5 1245 1246 1080 1079 2713
5 1245 1079 1084 1251 2713
5 1420 1421 1246 1245 2714
5 588 589 492 491 2716
5 589 591 495 492 2716
5 698 699 589 588 2717
5 816 817 699 698 2718
5 816 698 701 819 2718
5 143 144 218 217 2720
5 216 218 144 142 2720
5 217 218 306 305 2721
5 304 306 218 216 2721
5 305 306 403 402 2722
5 402 403 499 498 2723
5 496 400 402 498 2723
5 498 499 596 595 2724
5 146 147 144 143 2725
5 144 147 95 92 2725
5 709 710 827 826 2726
5 705 706 710 709 2726
5 822 705 709 826 2726
5 826 827 953 952 2727
5 947 822 826 952 2727
5 952 953 1096 1095 2728
5 147 150 98 95 2729
5 224 225 221 220 2730
5 220 221 147 146 2730
5 221 225 150 147 2730
5 1268 1269 1441 1440 2731
5 1260 1261 1269 1268 2731
5 1432 1260 1268 1440 2731
5 1440 1441 1628 1627 2732
5 1619 1432 1440 1627 2732
5 1627 1628 1819 1818 2733
5 225 229 154 150 2734
5 312 313 225 224 2735
5 313 317 229 225 2735
5 414 415 411 410 2736
5 410 411 313 312 2736
5 411 415 317 313 2736
5 1828 1829 2016 2015 2737
5 1818 1819 1829 1828 2737
5 415 419 321 317 2738
5 514 515 510 509 2739
5 509 510 415 414 2739
5 510 515 419 415 2739
5 1828 1829 1841 1840 2740
5 2015 2016 1829 1828 2740
5 2015 1828 1840 2027 2740
5 613 614 515 514 2742
5 614 618 519 515 2742
5 729 730 725 724 2743
5 724 725 614 613 2743
5 725 730 618 614 2743
5 1648 1649 1660 1659 2744
5 1840 1841 1649 1648 2744
5 1840 1648 1659 1852 2744
5 734 735 730 729 2746
5 730 735 622 618 2746
5 1659 1660 1670 1669 2747
5 1852 1659 1669 1863 2747
5 739 740 735 734 2748
5 735 740 626 622 2748
5 1669 1670 1680 1679 2749
5 1863 1669 1679 1874 2749
5 743 744 740 739 2750
5 630 631 744 743 2750
5 740 744 631 626 2750
5 1679 1680 1690 1689 2751
5 1874 1679 1689 1884 2751
5 251 252 342 341 2753
5 337 342 252 248 2753
5 341 342 438 437 2754
5 433 438 342 337 2754
5 437 438 534 533 2755
5 529 534 438 433 2755
5 636 637 631 630 2756
5 533 534 637 636 2756
5 631 637 534 529 2756
5 1689 1690 1700 1699 2757
5 1884 1689 1699 1894 2757
5 255 256 252 251 2759
5 175 176 256 255 2759
5 252 256 176 172 2759
5 1699 1700 1710 1709 2760
5 1894 1699 1709 1904 2760
5 179 180 176 175 2761
5 176 180 117 115 2761
5 1709 1710 1720 1719 2762
5 1904 1709 1719 1914 2762
5 265 266 261 260 2764
5 260 261 180 179 2764
5 261 266 183 180 2764
5 1719 1720 1730 1729 2765
5 1914 1719 1729 1924 2765
5 358 359 266 265 2767
5 359 363 269 266 2767
5 454 455 359 358 2768
5 455 459 363 359 2768
5 550 551 455 454 2769
5 551 555 459 455 2769
5 659 660 655 654 2770
5 654 655 551 550 2770
5 655 660 555 551 2770
5 1729 1730 1740 1739 2771
5 1924 1729 1739 1934 2771
5 779 780 775 774 2772
5 774 775 660 659 2772
5 775 780 664 660 2772
5 1739 1740 1750 1749 2773
5 1934 1739 1749 1945 2773
5 783 784 780 779 2774
5 780 784 668 664 2774
5 1749 1750 1760 1759 2775
5 1945 1749 1759 1956 2775
5 788 789 784 783 2776
5 784 789 672 668 2776
5 1759 1760 1770 1769 2777
5 1956 1759 1769 1967 2777
5 569 570 677 676 2779
5 672 677 570 565 2779
5 794 795 789 788 2780
5 676 677 795 794 2780
5 789 795 677 672 2780
5 1779 1780 1978 1977 2781
5 1769 1770 1780 1779 2781
5 1967 1769 1779 1977 2781
5 473 478 383 378 2783
5 574 575 570 569 2784
5 477 478 575 574 2784
5 570 575 478 473 2784
5 1987 1988 2172 2171 2785
5 1977 1978 1988 1987 2785
5 2162 1977 1987 2171 2785
5 287 292 204 199 2786
5 291 292 388 387 2787
5 383 388 292 287 2787
5 482 483 478 477 2788
5 387 388 483 482 2788
5 478 483 388 383 2788
5 1987 1988 1998 1997 2789
5 2171 2172 1988 1987 2789
5 204 209 136 132 2790
5 296 297 292 291 2791
5 208 209 297 296 2791
5 292 297 209 204 2791
5 1413 1414 1422 1421 2792
5 1605 1606 1414 1413 2792
5 1605 1413 1421 1613 2792
5 1800 1801 1606 1605 2793
5 1800 1605 1613 1807 2793
5 1997 1998 1801 1800 2794
5 212 213 209 208 2795
5 209 213 139 136 2795
5 812 813 818 817 2796
5 939 940 813 812 2796
5 939 812 817 943 2796
5 1080 1081 940 939 2797
5 1080 939 943 1085 2797
5 1246 1247 1081 1080 2798
5 300 301 213 212 2800
5 301 303 215 213 2800
5 396 397 301 300 2801
5 397 399 303 301 2801
5 492 493 397 396 2802
5 589 590 493 492 2803
5 589 492 495 591 2803
5 699 700 590 589 2804
5 92 93 145 144 2805
5 144 145 219 218 2806
5 216 142 144 218 2806
5 218 219 307 306 2807
5 304 216 218 306 2807
5 306 307 404 403 2808
5 95 96 93 92 2810
5 54 55 96 95 2810
5 93 96 55 52 2810
5 407 408 503 502 2811
5 403 404 408 407 2811
5 499 403 407 502 2811
5 502 503 601 600 2812
5 596 499 502 600 2812
5 600 601 711 710 2813
5 706 596 600 710 2813
5 58 59 55 54 2815
5 55 59 26 23 2815
5 715 716 832 831 2816
5 710 711 716 715 2816
5 827 710 715 831 2816
5 831 832 960 959 2817
5 953 827 831 959 2817
5 959 960 1104 1103 2818
5 1096 953 959 1103 2818
5 1103 1104 1270 1269 2819
5 1261 1096 1103 1269 2819
5 98 99 59 58 2820
5 99 102 62 59 2820
5 154 155 151 150 2821
5 150 151 99 98 2821
5 151 155 102 99 2821
5 1278 1279 1451 1450 2822
5 1269 1270 1279 1278 2822
5 1441 1269 1278 1450 2822
5 1450 1451 1639 1638 2823
5 1628 1441 1450 1638 2823
5 1638 1639 1830 1829 2824
5 1819 1628 1638 1829 2824
5 155 159 106 102 2826
5 233 234 230 229 2827
5 229 230 155 154 2827
5 230 234 159 155 2827
5 1638 1639 1650 1649 2828
5 1829 1830 1639 1638 2828
5 1829 1638 1649 1841 2828
5 234 238 163 159 2830
5 321 322 234 233 2831
5 322 326 238 234 2831
5 419 420 322 321 2832
5 420 423 326 322 2832
5 519 520 516 515 2833
5 515 516 420 419 2833
5 516 520 423 420 2833
5 1460 1461 1471 1470 2834
5 1649 1650 1461 1460 2834
5 1649 1460 1470 1660 2834
5 520 523 427 423 2836
5 622 623 619 618 2837
5 618 619 520 519 2837
5 619 623 523 520 2837
5 1297 1298 1306 1305 2838
5 1470 1471 1298 1297 2838
5 1470 1297 1305 1480 2838
5 1660 1470 1480 1670 2839
5 626 627 623 622 2840
5 623 627 526 523 2840
5 1305 1306 1314 1313 2841
5 1480 1305 1313 1489 2841
5 433 434 530 529 2842
5 526 530 434 430 2842
5 631 632 627 626 2843
5 529 530 632 631 2843
5 627 632 530 526 2843
5 1321 1322 1499 1498 2844
5 1313 1314 1322 1321 2844
5 1489 1313 1321 1498 2844
5 252 253 249 248 2845
5 172 173 253 252 2845
5 249 253 173 171 2845
5 1498 1499 1509 1508 2846
5 1690 1498 1508 1700 2846
5 176 177 173 172 2847
5 115 116 177 176 2847
5 173 177 116 114 2847
5 1508 1509 1519 1518 2848
5 1700 1508 1518 1710 2848
5 1518 1519 1529 1528 2849
5 1710 1518 1528 1720 2849
5 183 184 181 180 2850
5 180 181 118 117 2850
5 181 184 119 118 2850
5 1528 1529 1539 1538 2851
5 1720 1528 1538 1730 2851
5 269 270 267 266 2852
5 266 267 184 183 2852
5 267 270 186 184 2852
5 1538 1539 1549 1548 2853
5 1730 1538 1548 1740 2853
5 555 556 460 459 2854
5 556 559 463 460 2854
5 664 665 661 660 2855
5 660 661 556 555 2855
5 661 665 559 556 2855
5 1361 1362 1370 1369 2856
5 1548 1549 1362 1361 2856
5 1548 1361 1369 1558 2856
5 668 669 665 664 2857
5 665 669 562 559 2857
5 1369 1370 1378 1377 2858
5 1558 1369 1377 1567 2858
5 562 566 469 466 2859
5 672 673 669 668 2860
5 565 566 673 672 2860
5 669 673 566 562 2860
5 1385 1386 1577 1576 2861
5 1377 1378 1386 1385 2861
5 1567 1377 1385 1576 2861
5 1760 1567 1576 1770 2862
5 278 283 195 191 2863
5 282 283 379 378 2864
5 374 379 283 278 2864
5 378 379 474 473 2865
5 469 474 379 374 2865
5 570 571 566 565 2866
5 473 474 571 570 2866
5 566 571 474 469 2866
5 1586 1587 1781 1780 2867
5 1576 1577 1587 1586 2867
5 1770 1576 1586 1780 2867
5 195 200 128 124 2869
5 287 288 283 282 2870
5 199 200 288 287 2870
5 283 288 200 195 2870
5 1791 1792 1989 1988 2871
5 1780 1781 1792 1791 2871
5 1978 1780 1791 1988 2871
5 82 83 133 132 2873
5 128 133 83 78 2873
5 204 205 200 199 2874
5 132 133 205 204 2874
5 200 205 133 128 2874
5 1404 1405 1415 1414 2875
5 1596 1597 1405 1404 2875
5 1596 1404 1414 1606 2875
5 1791 1792 1597 1596 2876
5 1791 1596 1606 1801 2876
5 1988 1989 1792 1791 2877
5 1988 1791 1801 1998 2877
5 86 87 83 82 2879
5 83 87 48 45 2879
5 807 808 814 813 2880
5 934 935 808 807 2880
5 934 807 813 940 2880
5 1074 1075 935 934 2881
5 1074 934 940 1081 2881
5 1239 1240 1075 1074 2882
5 1239 1074 1081 1247 2882
5 1414 1415 1240 1239 2883
5 1414 1239 1247 1422 2883
5 139 140 137 136 2885
5 136 137 87 86 2885
5 137 140 90 87 2885
5 488 489 494 493 2886
5 586 587 489 488 2886
5 586 488 493 590 2886
5 695 696 587 586 2887
5 695 586 590 700 2887
5 813 814 696 695 2888
5 813 695 700 818 2888
5 213 214 140 139 2890
5 301 302 214 213 2891
5 301 213 215 303 2891
5 397 398 302 301 2892
5 397 301 303 399 2892
5 493 494 398 397 2893
5 55 56 53 52 2895
5 23 24 56 55 2895
5 53 56 24 22 2895
5 96 97 149 148 2896
5 93 94 97 96 2896
5 145 93 96 148 2896
5 148 149 223 222 2897
5 219 145 148 222 2897
5 222 223 311 310 2898
5 307 219 222 310 2898
5 310 311 409 408 2899
5 404 307 310 408 2899
5 26 27 24 23 2900
5 24 27 6 4 2900
5 412 413 508 507 2901
5 408 409 413 412 2901
5 503 408 412 507 2901
5 507 508 606 605 2902
5 601 503 507 605 2902
5 605 606 717 716 2903
5 711 601 605 716 2903
5 29 30 27 26 2905
5 27 30 9 6 2905
5 721 722 838 837 2906
5 716 717 722 721 2906
5 832 716 721 837 2906
5 837 838 967 966 2907
5 960 832 837 966 2907
5 966 967 1113 1112 2908
5 1104 960 966 1112 2908
5 1112 1113 1280 1279 2909
5 1270 1104 1112 1279 2909
5 66 67 63 62 2912
5 62 63 30 29 2912
5 63 67 33 30 2912
5 1279 1280 1290 1289 2913
5 1451 1279 1289 1461 2913
5 106 107 67 66 2914
5 107 110 70 67 2914
5 163 164 160 159 2915
5 159 160 107 106 2915
5 160 164 110 107 2915
5 1120 1121 1129 1128 2916
5 1289 1290 1121 1120 2916
5 1289 1120 1128 1298 2916
5 1461 1289 1298 1471 2917
5 242 243 239 238 2919
5 238 239 164 163 2919
5 239 243 167 164 2919
5 1128 1129 1137 1136 2920
5 1298 1128 1136 1306 2920
5 334 335 331 330 2921
5 330 331 243 242 2921
5 331 335 246 243 2921
5 986 987 993 992 2922
5 1136 1137 987 986 2922
5 1136 986 992 1144 2922
5 338 339 335 334 2923
5 249 250 339 338 2923
5 335 339 250 246 2923
5 999 1000 1152 1151 2924
5 992 993 1000 999 2924
5 1144 992 999 1151 2924
5 1314 1144 1151 1322 2925
5 253 254 250 249 2926
5 173 174 254 253 2926
5 249 171 173 253 2926
5 1151 1152 1160 1159 2927
5 1322 1151 1159 1330 2927
5 177 178 174 173 2928
5 173 114 116 177 2928
5 1159 1160 1168 1167 2929
5 1330 1159 1167 1338 2929
5 181 182 178 177 2930
5 177 116 118 181 2930
5 1167 1168 1176 1175 2931
5 1338 1167 1175 1346 2931
5 184 185 182 181 2932
5 181 118 119 184 2932
5 1175 1176 1184 1183 2933
5 1346 1175 1183 1354 2933
5 270 271 268 267 2934
5 267 268 185 184 2934
5 267 184 186 270 2934
5 1183 1184 1192 1191 2935
5 1354 1183 1191 1362 2935
5 367 368 365 364 2936
5 364 365 271 270 2936
5 365 368 272 271 2936
5 1034 1035 1041 1040 2937
5 1191 1192 1035 1034 2937
5 1191 1034 1040 1199 2937
5 1362 1191 1199 1370 2938
5 370 371 368 367 2939
5 274 275 371 370 2939
5 368 371 275 272 2939
5 1046 1047 1207 1206 2940
5 1040 1041 1047 1046 2940
5 1199 1040 1046 1206 2940
5 278 279 275 274 2942
5 191 192 279 278 2942
5 275 279 192 188 2942
5 1206 1207 1215 1214 2943
5 1378 1206 1214 1386 2943
5 74 75 125 124 2944
5 121 125 75 72 2944
5 195 196 192 191 2945
5 124 125 196 195 2945
5 192 196 125 121 2945
5 1222 1223 1396 1395 2946
5 1214 1215 1223 1222 2946
5 1386 1214 1222 1395 2946
5 1577 1386 1395 1587 2947
5 78 79 75 74 2949
5 41 42 79 78 2949
5 75 79 42 38 2949
5 1395 1396 1406 1405 2950
5 1587 1395 1405 1597 2950
5 45 46 42 41 2951
5 42 46 17 14 2951
5 802 803 809 808 2952
5 929 930 803 802 2952
5 929 802 808 935 2952
5 1067 1068 930 929 2953
5 1067 929 935 1075 2953
5 1231 1232 1068 1067 2954
5 1231 1067 1075 1240 2954
5 1405 1406 1232 1231 2955
5 1405 1231 1240 1415 2955
5 48 49 46 45 2957
5 46 49 20 17 2957
5 484 485 490 489 2958
5 582 583 485 484 2958
5 582 484 489 587 2958
5 690 691 583 582 2959
5 690 582 587 696 2959
5 808 809 691 690 2960
5 808 690 696 814 2960
5 90 91 88 87 2963
5 87 88 49 48 2963
5 88 91 51 49 2963
5 137 138 141 140 2964
5 210 211 138 137 2964
5 210 137 140 214 2964
5 298 299 211 210 2965
5 298 210 214 302 2965
5 394 395 299 298 2966
5 394 298 302 398 2966
5 489 490 395 394 2967
5 489 394 398 494 2967
5 4 5 25 24 2968
5 24 25 57 56 2969
5 53 22 24 56 2969
5 94 53 56 97 2970
5 6 7 5 4 2971
5 60 61 101 100 2972
5 56 57 61 60 2972
5 97 56 60 100 2972
5 100 101 153 152 2973
5 149 97 100 152 2973
5 152 153 228 227 2974
5 223 149 152 227 2974
5 227 228 316 315 2975
5 311 223 227 315 2975
5 409 311 315 413 2976
5 9 10 7 6 2977
5 7 10 1 0 2977
5 319 320 418 417 2978
5 315 316 320 319 2978
5 413 315 319 417 2978
5 417 418 513 512 2979
5 508 413 417 512 2979
5 512 513 612 611 2980
5 606 508 512 611 2980
5 33 34 31 30 2982
5 30 31 10 9 2982
5 31 34 12 10 2982
5 616 617 728 727 2983
5 611 612 617 616 2983
5 722 611 616 727 2983
5 727 728 845 844 2984
5 838 722 727 844 2984
5 967 838 844 974 2985
5 70 71 68 67 2987
5 67 68 34 33 2987
5 68 71 36 34 2987
5 844 845 852 851 2988
5 974 844 851 981 2988
5 110 111 71 70 2989
5 167 168 165 164 2990
5 164 165 111 110 2990
5 165 168 113 111 2990
5 732 733 738 737 2991
5 851 852 733 732 2991
5 851 732 737 857 2991
5 981 851 857 987 2992
5 246 247 244 243 2993
5 243 244 168 167 2993
5 244 247 170 168 2993
5 624 625 629 628 2994
5 737 738 625 624 2994
5 737 624 628 742 2994
5 857 737 742 862 2995
5 339 340 336 335 2996
5 335 336 247 246 2996
5 335 246 250 339 2996
5 633 634 747 746 2997
5 628 629 634 633 2997
5 742 628 633 746 2997
5 344 345 340 339 2998
5 339 250 254 344 2998
5 752 753 874 873 2999
5 746 747 753 752 2999
5 867 746 752 873 2999
5 254 174 178 258 3000
5 350 351 345 344 3001
5 258 259 351 350 3001
5 344 254 258 350 3001
5 263 264 259 258 3002
5 258 178 182 263 3002
5 263 182 185 268 3003
5 361 362 357 356 3004
5 356 357 264 263 3004
5 356 263 268 361 3004
5 365 366 362 361 3005
5 361 268 271 365 3005
5 772 773 778 777 3006
5 894 895 773 772 3006
5 894 772 777 900 3006
5 368 369 366 365 3007
5 272 273 369 368 3007
5 365 271 272 368 3007
5 662 663 667 666 3008
5 777 778 663 662 3008
5 777 662 666 782 3008
5 275 276 273 272 3009
5 188 189 276 275 3009
5 273 276 189 187 3009
5 670 671 787 786 3010
5 666 667 671 670 3010
5 782 666 670 786 3010
5 905 782 786 910 3011
5 72 73 122 121 3012
5 192 193 189 188 3013
5 121 122 193 192 3013
5 189 193 122 120 3013
5 791 792 917 916 3014
5 786 787 792 791 3014
5 910 786 791 916 3014
5 1047 910 916 1054 3015
5 75 76 73 72 3017
5 38 39 76 75 3017
5 73 76 39 37 3017
5 916 917 924 923 3018
5 1054 916 923 1061 3018
5 42 43 39 38 3020
5 14 15 43 42 3020
5 39 43 15 13 3020
5 679 680 686 685 3021
5 797 798 680 679 3021
5 797 679 685 803 3021
5 923 924 798 797 3022
5 923 797 803 930 3022
5 1061 923 930 1068 3023
5 17 18 15 14 3024
5 15 18 3 2 3024
5 385 386 391 390 3025
5 480 481 386 385 3025
5 480 385 390 485 3025
5 577 578 481 480 3026
5 577 480 485 583 3026
5 685 686 578 577 3027
5 685 577 583 691 3027
5 20 21 18 17 3028
5 84 85 89 88 3029
5 134 135 85 84 3029
5 134 84 88 138 3029
5 206 207 135 134 3030
5 206 134 138 211 3030
5 294 295 207 206 3031
5 294 206 211 299 3031
5 390 391 295 294 3032
5 390 294 299 395 3032
5 485 390 395 490 3033
5 49 50 21 20 3034
5 88 89 50 49 3035
5 88 49 51 91 3035
5 138 88 91 141 3036
5 25 5 7 28 3038
5 10 11 8 7 3039
5 7 0 1 10 3039
5 10 11 32 31 3040
5 7 8 11 10 3040
5 28 7 10 31 3040
5 31 32 65 64 3041
5 61 28 31 64 3041
5 64 65 105 104 3042
5 101 61 64 104 3042
5 104 105 158 157 3043
5 153 101 104 157 3043
5 34 35 32 31 3045
5 31 32 11 10 3045
5 31 10 12 34 3045
5 161 162 237 236 3046
5 157 158 162 161 3046
5 232 157 161 236 3046
5 236 237 325 324 3047
5 320 232 236 324 3047
5 68 69 35 34 3049
5 68 34 36 71 3049
5 111 112 109 108 3050
5 108 109 69 68 3050
5 108 68 71 111 3050
5 328 329 426 425 3051
5 324 325 329 328 3051
5 422 324 328 425 3051
5 518 422 425 522 3052
5 168 169 166 165 3054
5 165 166 112 111 3054
5 165 111 113 168 3054
5 328 329 333 332 3055
5 425 426 329 328 3055
5 425 328 332 429 3055
5 522 425 429 525 3056
5 244 245 169 168 3057
5 244 168 170 247 3057
5 332 333 245 244 3058
5 332 244 247 336 3058
5 189 190 277 276 3059
5 273 187 189 276 3059
5 276 277 373 372 3060
5 369 273 276 372 3060
5 193 194 190 189 3062
5 122 123 194 193 3062
5 189 120 122 193 3062
5 376 377 472 471 3063
5 372 373 377 376 3063
5 468 372 376 471 3063
5 564 468 471 568 3064
5 39 40 77 76 3066
5 73 37 39 76 3066
5 126 127 123 122 3067
5 76 77 127 126 3067
5 122 73 76 126 3067
5 376 377 382 381 3068
5 471 472 377 376 3068
5 471 376 381 476 3068
5 568 471 476 573 3069
5 43 44 40 39 3071
5 15 16 44 43 3071
5 39 13 15 43 3071
5 197 198 203 202 3072
5 285 286 198 197 3072
5 285 197 202 290 3072
5 381 382 286 285 3073
5 381 285 290 386 3073
5 18 19 16 15 3074
5 15 2 3 18 3074
5 15 16 19 18 3075
5 43 44 16 15 3075
5 43 15 18 47 3075
5 80 81 44 43 3076
5 80 43 47 85 3076
5 130 131 81 80 3077
5 130 80 85 135 3077
5 202 203 131 130 3078
5 202 130 135 207 3078
5 47 18 21 50 3080
5 1830 2824 1819 2825 1829
5 1082 2559 1076 2558 1077
5 2050 2363 2206 2361 2051
5 260 2685 352 2683 353
5 19 3079 3 3074 18
5 23 2815 54 2809 55
5 550 2690 653 2688 654
5 183 2766 265 2764 266
5 1989 2878 1998 2877 1988
5 1818 2733 1619 2658 1627
5 562 2860 668 2857 669
5 2181 2568 2004 2532 2012
5 403 2808 304 2722 306
5 37 3065 13 3016 39
5 738 2991 857 2995 737
5 418 2978 413 2979 417
5 1113 2908 1104 2909 1112
5 2173 2489 2165 2488 2166
5 2300 2427 2185 2400 2193
5 896 2632 1030 2630 1031
5 2117 2585 2261 2587 2116
5 101 2972 97 2973 100
5 2222 2407 2317 2405 2223
5 2017 2372 1842 2356 2029
5 2098 2626 2245 2628 2097
5 1192 2935 1362 2938 1191
5 1290 2913 1461 2917 1289
5 717 2904 832 2906 716
5 1841 2740 2027 2745 1840
5 472 3063 468 3064 471
5 1874 2671 2060 2673 1873
5 1690 2751 1884 2757 1689
5 2246 2413 2332 2411 2247
5 392 2712 486 2708 487
5 593 2605 592 2604 594
5 2172 2872 1978 2785 1988
5 1607 2456 1598 2455 1599
5 410 2660 504 2657 505
5 77 3066 73 3067 76
5 1998 2878 2172 2789 1988
5 832 2816 827 2817 831
5 1629 2423 1620 2422 1630
5 681 2704 676 2703 682
5 89 3036 91 3035 88
5 1 2981 9 2977 10
5 2238 2411 2327 2409 2239
5 2236 2541 2326 2543 2235
5 2152 2394 2278 2371 2142
5 208 2791 204 2790 209
5 787 3010 782 3011 786
5 729 2665 613 2743 724
5 2149 2591 2277 2549 2138
5 960 2817 953 2818 959
5 1559 2434 1751 2433 1752
5 595 2651 592 2652 594
5 1184 2933 1354 2935 1183
5 967 2907 960 2908 966
5 912 2701 793 2635 919
5 1792 2877 1801 2876 1791
5 503 2811 499 2812 502
5 110 2918 163 2915 164
5 2061 2363 2050 2362 2051
5 2164 2451 2287 2438 2155
5 3 3028 17 3024 18
5 2108 2628 2253 2631 2107
5 500 2609 597 2606 598
5 311 2898 307 2899 310
5 399 2893 493 2802 397
5 1215 2943 1386 2946 1214
5 526 2843 626 2840 627
5 2286 2436 2352 2418 2280
5 626 2750 739 2748 740
5 1139 2577 994 2538 1146
5 1216 2518 1388 2517 1389
5 426 3051 422 3052 425
5 13 3020 38 3016 39
5 901 2633 1036 2632 1037
5 699 2718 701 2717 698
5 41 2949 38 2948 42
5 1048 2550 1208 2548 1209
5 875 2582 1008 2581 1009
5 123 3061 120 3062 122
5 2048 2574 2205 2576 2047
5 299 2966 302 2965 298
5 1989 2872 2172 2878 1988
5 0 2977 6 2971 7
5 1200 2516 1371 2515 1372
5 1416 2491 1407 2490 1408
5 1397 2453 1588 2450 1589
5 19 3080 21 3079 18
5 2191 2373 2017 2357 2029
5 804 2639 799 2638 805
5 286 3073 290 3072 285
5 396 2715 491 2712 492
5 550 2688 544 2687 545
5 237 3046 232 3047 236
5 961 2533 1106 2531 1107
5 968 2534 1114 2533 1115
5 1122 2502 1291 2501 1292
5 896 2629 768 2692 890
5 5 3037 0 2971 7
5 1670 2747 1863 2749 1669
5 783 2698 906 2696 907
5 1471 2839 1480 2838 1470
5 1029 2547 1185 2546 1186
5 1153 2508 1323 2506 1324
5 717 2903 711 2904 716
5 1030 2584 889 2630 1023
5 1008 2542 1161 2540 1162
5 1388 2518 1224 2485 1398
5 182 2932 118 2930 181
5 2301 2448 2186 2427 2194
5 2260 2512 2341 2514 2259
5 2179 2499 2002 2463 2010
5 1471 2834 1660 2839 1470
5 1363 2479 1551 2478 1552
5 1433 2442 1426 2441 1434
5 2230 2409 2322 2407 2231
5 2141 2371 2278 2369 2142
5 1379 2483 1569 2481 1570
5 89 3029 138 3036 88
5 36 2986 12 3048 34
5 1280 2910 1451 2913 1279
5 1650 2835 1660 2834 1649
5 587 2887 590 2886 586
5 734 2670 853 2668 854
5 316 2975 311 2976 315
5 2036 2572 2190 2535 2024
5 2185 2425 2007 2398 2019
5 2198 2376 2303 2375 2199
5 13 3070 2 3019 15
5 809 2961 814 2960 808
5 25 2968 22 2969 24
5 1761 2417 1958 2416 1959
5 1852 2667 2038 2669 1851
5 497 2651 496 2650 498
5 1177 2511 1347 2510 1348
5 595 2724 496 2651 498
5 259 3000 254 3001 258
5 659 2691 653 2690 654
5 1578 2437 1771 2435 1772
5 1370 2856 1558 2858 1369
5 2337 2413 2246 2388 2255
5 35 3049 36 3048 34
5 1306 2838 1480 2841 1305
5 1001 2540 1153 2539 1154
5 2296 2637 2160 2595 2169
5 362 3005 268 3004 361
5 1802 2522 1992 2493 1795
5 601 2812 596 2813 600
5 2128 2587 2269 2589 2127
5 115 2761 175 2758 176
5 52 2895 23 2809 55
5 469 2866 565 2859 566
5 1095 2728 947 2654 952
5 1956 2697 2140 2699 1955
5 591 2717 588 2716 589
5 863 2676 748 2621 869
5 2176 2640 2296 2597 2169
5 1095 2654 1089 2655 1094
5 1161 2509 1331 2508 1332
5 509 2663 607 2661 608
5 1979 2420 1968 2419 1969
5 940 2797 943 2796 939
5 519 2741 419 2833 515
5 1935 2366 2119 2364 2120
5 136 2795 208 2790 209
5 1751 2416 1947 2415 1948
5 399 2802 396 2801 397
5 930 2953 935 2952 929
5 105 3042 101 3043 104
5 295 3032 299 3031 294
5 1934 2693 2118 2695 1933
5 779 2696 901 2694 902
5 19 3075 47 3080 18
5 14 2951 41 2948 42
5 1701 2408 1895 2406 1896
5 1104 2818 1096 2819 1103
5 948 2526 944 2525 949
5 1661 2402 1854 2401 1855
5 1741 2415 1936 2414 1937
5 2174 2554 2294 2520 2167
5 1885 2382 2071 2379 2072
5 1015 2544 1169 2542 1170
5 533 2681 635 2674 636
5 774 2692 768 2691 769
5 35 3048 12 3045 34
5 419 2739 414 2738 415
5 1086 2526 948 2494 1091
5 1904 2682 2089 2684 1903
5 303 2801 300 2800 301
5 1721 2412 1915 2410 1916
5 1307 2472 1482 2470 1483
5 2214 2381 2312 2378 2215
5 2287 2449 2353 2436 2281
5 1314 2841 1489 2844 1313
5 858 2620 988 2619 989
5 1041 2937 1199 2940 1040
5 2205 2574 2036 2537 2047
5 1090 2495 1086 2494 1091
5 569 2779 565 2778 570
5 519 2742 514 2741 515
5 69 3050 71 3049 68
5 426 3056 429 3055 425
5 533 2756 529 2755 534
5 743 2676 863 2672 864
5 559 2855 555 2854 556
5 90 2884 48 2963 87
5 882 2583 1015 2582 1016
5 1042 2590 1201 2588 1202
5 410 2657 405 2656 406
5 54 2810 52 2809 55
5 1145 2506 1315 2504 1316
5 2289 2484 2355 2486 2288
5 113 2990 110 2989 111
5 1451 2822 1441 2823 1450
5 1802 2493 1794 2492 1795
5 21 3028 3 3079 18
5 838 2906 832 2907 837
5 110 2915 106 2914 107
5 574 2706 681 2703 682
5 1378 2858 1567 2861 1377
5 2244 2543 2331 2545 2243
5 1233 2490 1407 2487 1408
5 1731 2414 1925 2412 1926
5 2119 2365 2109 2364 2120
5 228 2974 223 2975 227
5 2071 2383 2222 2380 2072
5 863 2622 995 2620 996
5 676 2704 793 2700 794
5 9 2911 29 2905 30
5 1660 2744 1852 2747 1659
5 1152 2925 1322 2927 1151
5 1841 2745 1852 2744 1840
5 1539 2851 1730 2853 1538
5 630 2756 533 2674 636
5 676 2780 672 2779 677
5 917 3014 910 3015 916
5 211 2965 214 2964 210
5 814 2889 818 2888 813
5 113 2989 71 3053 111
5 2117 2631 2253 2585 2107
5 729 2666 723 2665 724
5 92 2725 143 2719 144
5 635 2675 630 2674 636
5 798 3022 803 3021 797
5 90 2885 86 2884 87
5 1259 2655 1089 2607 1094
5 2186 2448 2298 2447 2187
5 219 2806 216 2807 218
5 1681 2404 1875 2403 1876
5 2182 2614 2005 2568 2013
5 592 2651 497 2604 594
5 4 2900 23 2894 24
5 1978 2781 1967 2782 1977
5 1138 2504 1307 2503 1308
5 1251 2714 1420 2645 1245
5 1280 2909 1270 2910 1279
5 889 2584 1022 2583 1023
5 2222 2381 2214 2380 2215
5 1852 2745 2027 2667 1840
5 251 2753 248 2752 252
5 529 2843 526 2842 530
5 1946 2368 2130 2366 2131
5 2001 2711 2177 2643 1996
5 1660 2835 1841 2744 1649
5 995 2622 868 2579 1002
5 748 2676 743 2675 749
5 128 2874 199 2869 200
5 183 2764 179 2763 180
5 618 2743 613 2742 614
5 8 3038 28 3040 7
5 2278 2395 2351 2392 2279
5 1194 2547 1029 2586 1186
5 768 2629 889 2627 890
5 1462 2428 1651 2426 1652
5 1070 2599 936 2555 1077
5 590 2804 591 2803 589
5 117 2763 179 2761 180
5 787 3011 910 3014 786
5 1628 2732 1619 2733 1627
5 2254 2390 2337 2388 2255
5 391 3025 485 3033 390
5 538 2681 533 2680 539
5 65 3041 61 3042 64
5 606 2902 601 2903 605
5 1793 2440 1782 2439 1783
5 81 3077 85 3076 80
5 2186 2446 2008 2425 2020
5 728 2983 722 2984 727
5 51 2963 48 2962 49
5 2203 2469 2306 2471 2202
5 259 3002 178 3000 258
5 578 3027 583 3026 577
5 1248 2524 1241 2523 1242
5 2173 2520 2293 2489 2166
5 1055 2552 1216 2550 1217
5 167 2918 110 2990 164
5 1621 2459 1426 2442 1434
5 272 2939 367 2936 368
5 454 2687 448 2686 449
5 2186 2447 2178 2446 2187
5 2080 2623 2229 2625 2079
5 358 2686 352 2685 353
5 852 2988 981 2992 851
5 269 2767 265 2766 266
5 2025 2616 2182 2570 2013
5 1510 2431 1701 2430 1702
5 818 2889 940 2796 813
5 948 2496 1090 2494 1091
5 142 2805 92 2719 144
5 345 3001 254 2998 344
5 1152 2924 1144 2925 1151
5 1282 2464 1105 2500 1272
5 1999 2600 2175 2557 1994
5 847 2617 723 2666 840
5 145 2805 142 2806 144
5 839 2571 968 2569 969
5 1114 2501 1282 2500 1283
5 707 2564 823 2561 824
5 2275 2480 2350 2482 2274
5 2009 2463 2002 2462 2010
5 565 2866 473 2778 570
5 12 2981 1 3044 10
5 1914 2684 2098 2689 1913
5 793 2701 788 2700 794
5 223 2897 219 2898 222
5 832 2904 711 2816 716
5 2222 2405 2312 2381 2215
5 513 2979 508 2980 512
5 1639 2823 1628 2824 1638
5 143 2720 142 2719 144
5 199 2870 195 2869 200
5 924 3018 1061 3023 923
5 481 3026 485 3025 480
5 2139 2589 2277 2591 2138
5 565 2860 562 2859 566
5 711 2813 706 2814 710
5 1997 2789 2171 2707 1987
5 1978 2782 2162 2785 1977
5 1875 2379 2061 2377 2062
5 814 2961 935 2880 808
5 437 2755 433 2754 438
5 1131 2536 975 2573 1123
5 1106 2498 954 2531 1098
5 473 2866 469 2865 474
5 1185 2513 1355 2511 1356
5 112 3053 71 3050 111
5 918 2594 1055 2592 1056
5 667 3008 782 3010 666
5 793 2636 918 2635 919
5 2 3024 14 3019 15
5 2229 2623 2069 2580 2079
5 135 3030 138 3029 134
5 2018 2398 2007 2397 2019
5 2000 2643 2176 2600 1995
5 1262 2458 1255 2457 1263
5 305 2653 401 2649 402
5 591 2804 699 2717 589
5 718 2615 833 2613 834
5 1168 2929 1338 2931 1167
5 302 2892 303 2891 301
5 748 2624 868 2621 869
5 613 2664 607 2663 608
5 1818 2659 2006 2662 1817
5 1814 2529 1615 2497 1623
5 1472 2429 1661 2428 1662
5 2059 2576 2213 2578 2058
5 2299 2400 2184 2374 2192
5 1691 2406 1885 2404 1886
5 11 3045 12 3044 10
5 215 2799 139 2890 213
5 1520 2432 1711 2431 1712
5 1509 2846 1700 2848 1508
5 853 2619 982 2618 983
5 925 2596 1062 2594 1063
5 1355 2478 1541 2477 1542
5 497 2606 593 2604 594
5 953 2727 947 2728 952
5 326 2832 321 2831 322
5 2005 2611 1809 2566 1816
5 906 2634 1042 2633 1043
5 1597 2876 1606 2875 1596
5 2160 2593 2291 2595 2159
5 1710 2760 1904 2762 1709
5 508 2901 503 2902 507
5 1577 2862 1770 2867 1576
5 499 2723 496 2724 498
5 602 2610 597 2609 598
5 395 2967 398 2966 394
5 1315 2473 1491 2472 1492
5 495 2716 491 2715 492
5 1271 2445 1442 2443 1443
5 2287 2452 2355 2449 2288
5 57 2970 97 2972 56
5 51 2962 20 3034 49
5 701 2648 697 2647 698
5 472 3069 476 3068 471
5 178 2930 116 2928 177
5 33 2912 29 2911 30
5 204 2791 291 2786 292
5 668 2776 783 2774 784
5 472 3064 568 3069 471
5 391 3033 395 3032 390
5 36 2987 33 2986 34
5 8 3039 0 3037 7
5 701 2647 588 2717 698
5 774 2694 896 2692 897
5 131 3078 135 3077 130
5 1945 2695 2129 2697 1944
5 1884 2673 2070 2677 1883
5 935 2881 940 2880 934
5 1651 2401 1843 2399 1844
5 1424 2603 1610 2560 1418
5 936 2599 931 2598 937
5 426 3052 522 3056 425
5 38 3020 14 2948 42
5 1081 2798 1085 2797 1080
5 1997 2711 2001 2710 1996
5 1323 2474 1501 2473 1502
5 1863 2669 2049 2671 1862
5 1841 2829 2016 2740 1829
5 2025 2570 2190 2572 2024
5 833 2569 961 2567 962
5 2006 2659 1810 2611 1817
5 120 3061 73 3012 122
5 2004 2566 1808 2530 1815
5 629 2994 742 2997 628
5 2099 2387 2246 2385 2100
5 341 2754 337 2753 342
5 622 2748 734 2746 735
5 2180 2532 2003 2499 2011
5 291 2787 287 2786 292
5 2292 2452 2287 2451 2288
5 2028 2357 2017 2356 2029
5 1425 2646 1611 2603 1419
5 1246 2714 1251 2713 1245
5 852 2992 857 2991 851
5 2220 2505 2316 2507 2219
5 936 2558 1076 2555 1077
5 810 2601 936 2598 937
5 1711 2410 1905 2408 1906
5 711 2814 827 2816 710
5 1426 2458 1262 2441 1434
5 346 2679 341 2678 347
5 1085 2798 1246 2713 1080
5 2285 2418 2351 2395 2279
5 1842 2358 2028 2356 2029
5 1803 2556 1993 2522 1796
5 6 2905 26 2900 27
5 2109 2389 1935 2364 2120
5 2016 2825 1819 2737 1829
5 1740 2771 1934 2773 1739
5 1396 2946 1386 2947 1395
5 1529 2849 1720 2851 1528
5 739 2672 858 2670 859
5 195 2870 282 2863 283
5 1621 2460 1614 2459 1622
5 1957 2370 2141 2368 2142
5 2254 2388 2246 2387 2255
5 477 2784 473 2783 478
5 672 2780 788 2776 789
5 729 2668 847 2666 848
5 1853 2360 2039 2358 2040
5 1452 2426 1640 2424 1641
5 1430 2608 1254 2563 1258
5 215 2800 212 2799 213
5 1999 2557 1993 2556 1994
5 1160 2927 1330 2929 1159
5 2152 2371 2141 2370 2142
5 1105 2464 1271 2461 1272
5 264 3004 268 3003 263
5 1262 2443 1433 2441 1434
5 827 2814 706 2726 710
5 1700 2757 1894 2760 1699
5 121 2945 191 2941 192
5 17 2957 45 2951 46
5 2283 2482 2354 2484 2282
5 2152 2370 1957 2393 2142
5 1771 2419 1968 2417 1969
5 994 2539 1145 2538 1146
5 1925 2389 2109 2386 2110
5 687 2642 804 2638 805
5 20 2962 48 2957 49
5 387 2788 383 2787 388
5 509 2661 504 2660 505
5 486 2709 482 2708 487
5 1801 2794 1807 2793 1800
5 2162 2782 1967 2702 1977
5 1022 2546 1177 2544 1178
5 366 3007 271 3005 365
5 1069 2521 1233 2519 1234
5 788 2780 676 2700 794
5 159 2830 233 2827 234
5 1036 2588 1194 2586 1195
5 12 2986 33 2982 34
5 175 2759 172 2758 176
5 931 2599 1070 2596 1071
5 988 2577 1139 2575 1140
5 588 2647 697 2644 698
5 400 2722 305 2649 402
5 95 2729 146 2725 147
5 982 2575 1131 2573 1132
5 823 2562 820 2561 824
5 523 2840 622 2837 623
5 495 2715 396 2802 492
5 1420 2646 1425 2645 1419
5 8 3037 5 3038 7
5 423 2836 519 2833 520
5 523 2837 519 2836 520
5 738 2995 742 2994 737
5 123 3067 73 3061 122
5 403 2722 400 2723 402
5 2089 2625 2237 2626 2088
5 583 2959 587 2958 582
5 1760 2775 1956 2777 1759
5 22 2968 4 2894 24
5 340 2998 250 2996 339
5 1830 2829 1841 2828 1829
5 1814 2530 1808 2529 1815
5 2262 2391 2342 2390 2263
5 246 2923 334 2921 335
5 1347 2477 1531 2476 1532
5 2291 2593 2149 2551 2159
5 2206 2378 2307 2376 2207
5 2175 2597 2295 2554 2168
5 1290 2917 1298 2916 1289
5 1830 2825 2016 2829 1829
5 788 2701 912 2698 913
5 102 2821 98 2820 99
5 1407 2455 1598 2453 1599
5 32 3040 28 3041 31
5 944 2562 823 2525 949
5 139 2799 212 2795 213
5 975 2536 1122 2534 1123
5 12 2982 9 2981 10
5 1068 2954 1075 2953 1067
5 828 2567 955 2565 956
5 618 2746 729 2743 730
5 307 2807 304 2808 306
5 2163 2421 2153 2420 2154
5 40 3071 13 3065 39
5 248 2845 172 2752 252
5 153 2973 149 2974 152
5 2099 2385 2090 2384 2100
5 584 2644 692 2641 693
5 14 3020 13 3019 15
5 555 2770 550 2769 551
5 1225 2553 1069 2519 1234
5 1442 2424 1629 2422 1630
5 238 2831 233 2830 234
5 11 3044 1 3039 10
5 2009 2462 1812 2444 1822
5 1062 2553 1225 2552 1226
5 1781 2868 1978 2871 1780
5 308 2656 405 2653 406
5 2069 2578 2221 2580 2068
5 1978 2868 1770 2781 1780
5 1588 2439 1782 2437 1783
5 57 2969 53 2970 56
5 1640 2399 1831 2396 1832
5 809 2952 935 2961 808
5 1441 2731 1432 2732 1440
5 2270 2392 2347 2391 2271
5 1299 2470 1473 2468 1474
5 692 2642 687 2641 693
5 827 2726 822 2727 826
5 188 3013 121 2941 192
5 167 2919 163 2918 164
5 214 2891 215 2890 213
5 1730 2765 1924 2771 1729
5 1680 2749 1874 2751 1679
5 102 2826 154 2821 155
5 191 2942 188 2941 192
5 482 2709 579 2705 580
5 16 3074 2 3070 15
5 172 2847 115 2758 176
5 799 2639 925 2636 926
5 50 3035 51 3034 49
5 1650 2828 1841 2835 1649
5 419 2741 514 2739 515
5 2149 2549 2284 2551 2148
5 1807 2794 1997 2710 1800
5 2130 2369 2270 2367 2131
5 269 2766 183 2852 266
5 493 2803 495 2802 492
5 16 3070 13 3071 15
5 954 2498 1097 2496 1098
5 150 2730 146 2729 147
5 1224 2487 1397 2485 1398
5 868 2581 1001 2579 1002
5 1201 2590 1048 2548 1209
5 1989 2871 1978 2872 1988
5 2196 2467 2302 2469 2195
5 1577 2861 1567 2862 1576
5 2298 2465 2178 2447 2187
5 1924 2689 2108 2693 1923
5 149 2896 145 2897 148
5 696 2888 700 2887 695
5 1248 2523 1076 2559 1242
5 1519 2848 1710 2849 1518
5 2081 2383 2071 2382 2072
5 229 2735 224 2734 225
5 1176 2931 1346 2933 1175
5 993 2922 1144 2924 992
5 1770 2777 1967 2781 1769
5 2119 2367 2262 2365 2120
5 613 2665 723 2664 724
5 40 3065 37 3066 39
5 1240 2883 1247 2882 1239
5 1208 2517 1379 2516 1380
5 401 2650 400 2649 402
5 255 2683 346 2678 347
5 1831 2397 1820 2396 1832
5 1259 2607 1254 2608 1258
5 559 2857 664 2855 665
5 1568 2435 1761 2434 1762
5 1192 2938 1199 2937 1191
5 1406 2950 1597 2956 1405
5 2036 2535 2197 2537 2035
5 1671 2403 1865 2402 1866
5 579 2706 574 2705 580
5 917 3015 1054 3018 916
5 1813 2497 1614 2460 1622
5 2292 2486 2355 2452 2288
5 2191 2375 2299 2374 2192
5 602 2612 712 2610 713
5 383 2788 477 2783 478
5 33 2911 9 2982 30
5 1371 2481 1560 2479 1561
5 1429 2563 1253 2527 1257
5 718 2613 712 2612 713
5 1396 2947 1587 2950 1395
5 1997 2707 2177 2711 1996
5 823 2528 948 2525 949
5 1076 2523 1241 2521 1242
5 1130 2503 1299 2502 1300
5 814 2880 940 2889 813
5 1720 2762 1914 2765 1719
5 723 2617 839 2615 840
5 121 3013 120 3012 122
5 1193 2515 1363 2513 1364
5 305 2722 304 2721 306
5 845 2985 974 2988 844
5 124 2945 121 2944 125
5 423 2833 419 2832 420
5 828 2565 823 2564 824
5 1129 2916 1298 2920 1128
5 691 2960 696 2959 690
5 48 2884 86 2879 87
5 159 2827 154 2826 155
5 2028 2359 2191 2357 2029
5 459 2769 454 2768 455
5 1894 2677 2080 2682 1893
5 1406 2956 1415 2955 1405
5 1082 2558 936 2602 1077
5 1415 2956 1597 2875 1405
5 363 2768 358 2767 359
5 1818 2658 1810 2659 1817
5 132 2874 128 2873 133
5 282 2864 278 2863 283
5 317 2738 414 2736 415
5 442 2680 437 2679 443
5 217 2721 216 2720 218
5 112 3054 113 3053 111
5 1991 2488 2165 2454 1981
5 924 3023 930 3022 923
5 150 2734 224 2730 225
5 941 2602 936 2601 937
5 2188 2465 2298 2467 2187
5 1451 2910 1270 2822 1279
5 2191 2374 2184 2373 2192
5 398 2893 399 2892 397
5 183 2763 117 2850 180
5 1607 2455 1407 2491 1599
5 44 3076 47 3075 43
5 1915 2386 2099 2384 2100
5 955 2528 823 2565 949
5 659 2690 550 2770 654
5 38 3017 37 3016 39
5 23 2895 22 2894 24
5 868 2622 863 2621 869
5 317 2736 312 2735 313
5 1291 2468 1463 2466 1464
5 1967 2699 2151 2702 1966
5 2061 2362 1864 2377 2051
5 264 3003 182 3002 263
5 1169 2510 1339 2509 1340
5 1607 2492 1794 2456 1599
5 2285 2395 2278 2394 2279
5 2163 2438 2286 2421 2154
5 1864 2362 2050 2360 2051
5 1331 2475 1511 2474 1512
5 1606 2793 1613 2792 1605
5 2039 2361 2198 2359 2040
5 2015 2737 1818 2662 1828
5 207 3031 211 3030 206
5 896 2630 889 2629 890
5 277 3059 273 3060 276
5 1339 2476 1521 2475 1522
5 1097 2461 1262 2457 1263
5 245 3058 247 3057 244
5 1075 2882 1081 2881 1074
5 473 2784 569 2778 570
5 1781 2867 1770 2868 1780
5 316 2976 413 2978 315
5 1232 2955 1240 2954 1231
5 1750 2773 1945 2775 1749
5 172 2759 251 2752 252
5 664 2774 779 2772 780
5 845 2984 838 2985 844
5 378 2865 374 2864 379

CELL_TYPES 3535
12
12
12
12
12
12
12
12
12
12
12
12
12
12
12
12
12
12
12
12
12
12
12
12
12
12
12
12
12
12
12
12
12
12
12
12
12
12
12
12
12
12
12
12
12
12
12
12
12
12
12
12
12
12
12
12
12
12
12
12
12
12
12
12
12
12
12
12
12
12
12
12
12
12
12
12
12
12
12
12
12
12
12
12
12
12
12
12
12
12
12
12
12
12
12
12
12
12
12
12
12
12
12
12
12
12
12
12
12
12
12
12
12
12
12
12
12
12
12
12
12
12
12
12
12
12
12
12
12
12
12
12
12
12
12
12
12
12
12
12
12
12
12
12
12
12
12
12
12
12
12
12
12
12
12
12
12
12
12
12
12
12
12
12
12
12
12
12
12
12
12
12
12
12
12
12
12
12
12
12
12
12
12
12
12
12
12
12
12
12
12
12
12
12
12
12
12
12
12
12
12
12
12
12
12
12
12
12
12
12
12
12
12
12
12
12
12
12
12
12
12
12
12
12
12
12
12
12
12
12
12
12
12
12
12
12
12
12
12
12
12
12
12
12
12
12
12
12
12
12
12
12
12
12
12
12
12
12
12
12
12
12
12
12
12
12
12
12
12
12
12
12
12
12
12
12
12
12
12
12
12
12
12
12
12
12
12
12
12
12
12
12
12
12
12
12
12
12
12
12
12
12
12
12
12
12
12
12
12
12
12
12
12
12
12
12
12
12
12
12
12
12
12
12
12
12
12
12
12
12
12
12
12
12
12
12
12
12
12
12
12
12
12
12
12
12
12
12
12
12
12
12
12
12
12
12
12
12
12
12
12
12
12
12
12
12
12
12
12
12
12
12
12
12
12
12
12
12
12
12
12
12
12
12
12
12
12
12
12
12
12
12
12
12
12
12
12
12
12
12
12
12
12
12
12
12
12
12
12
12
12
12
12
12
12
12
12
12
12
12
12
12
12
12
12
12
12
12
12
12
12
12
12
12
12
12
12
12
12
12
12
12
12
12
12
12
12
12
12
12
12
12
12
12
12
12
12
12
12
12
12
12
12
12
12
12
12
12
12
12
12
12
12
12
12
12
12
12
12
12
12
12
12
12
12
12
12
12
12
12
12
12
12
12
12
12
12
12
12
12
12
12
12
12
12
12
12
12
12
12
12
12
12
12
12
12
12
12
12
12
12
12
12
12
12
12
12
12
12
12
12
12
12
12
12
12
12
12
12
12
12
12
12
12
12
12
12
12
12
12
12
12
12
12
12
12
12
12
12
12
12
12
12
12
12
12
12
12
12
12
12
12
12
12
12
12
12
12
12
12
12
12
12
12
12
12
12
12
12
12
12
12
12
12
12
12
12
12
12
12
12
12
12
12
12
12
12
12
12
12
12
12
12
12
12
12
12
12
12
12
12
12
12
12
12
12
12
12
12
12
12
12
12
12
12
12
12
12
12
12
12
12
12
12
12
12
12
12
12
12
12
12
12
12
12
12
12
12
12
12
12
12
12
12
12
12
12
12
12
12
12
12
12
12
12
12
12
12
12
12
12
12
12
12
12
12
12
12
12
12
12
12
12
12
12
12
12
12
12
12
12
12
12
12
12
12
12
12
12
12
12
12
12
12
12
12
12
12
12
12
12
12
12
12
12
12
12
12
12
12
12
12
12
12
12
12
12
12
12
12
12
12
12
12
12
12
12
12
12
12
12
12
12
12
12
12
12
12
12
12
12
12
12
12
12
12
12
12
12
12
12
12
12
12
12
12
12
12
12
12
12
12
12
12
12
12
12
12
12
12
12
12
12
12
12
12
12
12
12
12
12
12
12
12
12
12
12
12
12
12
12
12
12
12
12
12
12
12
12
12
12
12
12
12
12
12
12
12
12
12
12
12
12
12
12
12
12
12
12
12
12
12
12
12
12
12
12
12
12
12
12
12
12
12
12
12
12
12
12
12
12
12
12
12
12
12
12
12
12
12
12
12
12
12
12
12
12
12
12
12
12
12
12
12
12
12
12
12
12
12
12
12
12
12
12
12
12
12
12
12
12
12
12
12
12
12
12
12
12
12
12
12
12
12
12
12
12
12
12
12
12
12
12
12
12
12
12
12
12
12
12
12
12
12
12
12
12
12
12
12
12
12
12
12
12
12
12
12
12
12
12
12
12
12
12
12
12
12
12
12
12
12
12
12
12
12
12
12
12
12
12
12
12
12
12
12
12
12
12
12
12
12
12
12
12
12
12
12
12
12
12
12
12
12
12
12
12
12
12
12
12
12
12
12
12
12
12
12
12
12
12
12
12
12
12
12
12
12
12
12
12
12
12
12
12
12
12
12
12
12
12
12
12
12
12
12
12
12
12
12
12
12
12
12
12
12
12
12
12
12
12
12
12
12
12
12
12
12
12
12
12
12
12
12
12
12
12
12
12
12
12
12
12
12
12
12
12
12
12
12
12
12
12
12
12
12
12
12
12
12
12
12
12
12
12
12
12
12
12
12
12
12
12
12
12
12
12
12
12
12
12
12
12
12
12
12
12
12
12
12
12
12
12
12
12
12
12
12
12
12
12
12
12
12
12
12
12
12
12
12
12
12
12
12
12
12
12
12
12
12
12
12
12
12
12
12
12
12
12
12
12
12
12
12
12
12
12
12
12
12
12
12
12
12
12
12
12
12
12
12
12
12
12
12
12
12
12
12
12
12
12
12
12
12
12
12
12
12
12
12
12
12
12
12
12
12
12
12
12
12
12
12
12
12
12
12
12
12
12
12
12
12
12
12
12
12
12
12
12
12
12
12
12
12
12
12
12
12
12
12
12
12
12
12
12
12
12
12
12
12
12
12
12
12
12
12
12
12
12
12
12
12
12
12
12
12
12
12
12
12
12
12
12
12
12
12
12
12
12
12
12
12
12
12
12
12
12
12
12
12
12
12
12
12
12
12
12
12
12
12
12
12
12
12
12
12
12
12
12
12
12
12
12
12
12
12
12
12
12
12
12
12
12
12
12
12
12
12
12
12
12
12
12
12
12
12
12
12
12
12
12
12
12
12
12
12
12
12
12
12
12
12
12
12
12
12
12
12
12
12
12
12
12
12
12
12
12
12
12
12
12
12
12
12
12
12
12
12
12
12
12
12
12
12
12
12
12
12
12
12
12
12
12
12
12
12
12
12
12
12
12
12
12
12
12
12
12
12
12
12
12
12
12
12
12
12
12
12
12
12
12
12
12
12
12
12
12
12
12
12
12
12
12
12
12
12
12
14
14
14
14
14
14
14
14
14
14
14
14
14
14
14
14
14
14
14
14
14
14
14
14
14
14
14
14
14
14
14
14
14
14
14
14
14
14
14
14
14
14
14
14
14
14
14
14
14
14
14
14
14
14
14
14
14
14
14
14
14
14
14
14
14
14
14
14
14
14
14
14
14
14
14
14
14
14
14
14
14
14
14
14
14
14
14
14
14
14
14
14
14
14
14
14
14
14
14
14
14
14
14
14
14
14
14
14
14
14
14
14
14
14
14
14
14
14
14
14
14
14
14
14
14
14
14
14
14
14
14
14
14
14
14
14
14
14
14
14
14
14
14
14
14
14
14
14
14
14
14
14
14
14
14
14
14
14
14
14
14
14
14
14
14
14
14
14
14
14
14
14
14
14
14
14
14
14
14
14
14
14
14
14
14
14
14
14
14
14
14
14
14
14
14
14
14
14
14
14
14
14
14
14
14
14
14
14
14
14
14
14
14
14
14
14
14
14
14
14
14
14
14
14
14
14
14
14
14
14
14
14
14
14
14
14
14
14
14
14
14
14
14
14
14
14
14
14
14
14
14
14
14
14
14
14
14
14
14
14
14
14
14
14
14
14
14
14
14
14
14
14
14
14
14
14
14
14
14
14
14
14
14
14
14
14
14
14
14
14
14
14
14
14
14
14
14
14
14
14
14
14
14
14
14
14
14
14
14
14
14
14
14
14
14
14
14
14
14
14
14
14
14
14
14
14
14
14
14
14
14
14
14
14
14
14
14
14
14
14
14
14
14
14
14
14
14
14
14
14
14
14
14
14
14
14
14
14
14
14
14
14
14
14
14
14
14
14
14
14
14
14
14
14
14
14
14
14
14
14
14
14
14
14
14
14
14
14
14
14
14
14
14
14
14
14
14
14
14
14
14
14
14
14
14
14
14
14
14
14
14
14
14
14
14
14
14
14
14
14
14
14
14
14
14
14
14
14
14
14
14
14
14
14
14
14
14
14
14
14
14
14
14
14
14
14
14
14
14
14
14
14
14
14
14
14
14
14
14
14
14
14
14
14
14
14
14
14
14
14
14
14
14
14
14
14
14
14
14
14
14
14
14
14
14
14
14
14
14
14
14
14
14
14
14
14
14
14
14
14
14
14
14
14
14
14
14
14
14
14
14
14
14
14
14
14
14
14
14
14
14
14
14
14
14
14
14
14
14
14
14
14
14
14
14
14
14
14
14
14
14
14
14
14
14
14
14
14
14
14
14
14
14
14
14
14
14
14
14
14
14
14
14
14
14
14
14
14
14
14
14
14
14
14
14
14
14
14
14
14
14
14
14
14
14
14
14
14
14
14
14
14
14
14
14
14
14
14
14
14
14
14
14
14
14
14
14
14
14
14
14
14
14
14
14
14
14
14
14
14
14
14
14
14
14
14
14
14
14
14
14
14
14
14
14
14
14
14
14
14
14
14
14
14
14
14
14
14
14
14
14
14
14
14
14
14
14
14
14
14
14
14
14
14
14
14
14
14
14
14
14
14
14
14
14
14
14
14
14
14
14
14
14
14
14
14
14
14
14
14
14
14
14
14
14
14
14
14
14
14
14
14
14
14
14
14
14
14
14
14
14
14
14
14
14
14
14
14
14
14
14
14
14
14
14
14
14
14
14
14
14
14
14
14
14
14
14
14
14
14
14
14
14
14
14
14
14
14
14
14
14
14
14
14
14
14
14
14
14
14
14
14
14
14
14
14
14
14
14
14
14
14
14
14
14
14
14
14
14
14
14
14
14
14
14
14
14
14
14
14
14
14
14
14
14
14
14
14
14
14
14
14
14
14
14
14
14
14
14
14
14
14
14
14
14
14
14
14
14
14
14
14
14
14
14
14
14
14
14
14
14
14
14
14
14
14
14
14
14
14
14
14
14
14
14
14
14
14
14
14
14
14
14
14
14
14
14
14
14
14
14
14
14
14
14
14
14
14
14
14
14
14
14
14
14
14
14
14
14
14
14
14
14
14
14
14
14
14
14
14
14
14
14
14
14
14
14
14
14
14
14
14
14
14
14
14
14
14
14
14
14
14
14
14
14
14
14
14
14
14
14
14
14
14
14
14
14
14
14
14
14
14
14
14
14
14
14
14
14
14
14
14
14
14
14
14
14
14
14
14
14
14
14
14
14
14
14
14
14
14
14
14
14
14
14
14
14
14
14
14
14
14
14
14
14
14
14
14
14
14
14
14
14
14
14
14
14
14
14
14
14
14
14
14
14
14
14
14
14
14
14
14
14
14
14
14
14
14
14
14
14
14
14
14
14
14
14
14
14
14
14
14
14
14
14
14
14
14
14
14
14
14
14
14
14
14
14
14
14
14
14
14
14
14
14
14
14
14
14
14
14
14
14
14
14
14
14
14
14
14
14
14
14
14
14
14
14
14
14
14
14
14
14
14
14
14
14
14
14
14
14
14
14
14
14
14
14
14
14
14
14
14
14
14
14
14
14
14
14
14
14
14
14
14
14
14
14
14
14
14
14
14
14
14
14
14
14
14
14
14
14
14
14
14
14
14
14
14
14
14
14
14
14
14
14
14
14
14
14
14
14
14
14
14
14
14
14
14
14
14
14
14
14
14
14
14
14
14
14
14
14
14
14
14
14
14
14
14
14
14
14
14
14
14
14
14
14
14
14
14
14
14
14
14
14
14
14
14
14
14
14
14
14
14
14
14
14
14
14
14
14
14
14
14
14
14
14
14
14
14
14
14
14
14
14
14
14
14
14
14
14
14
14
14
14
14
14
14
14
14
14
14
14
14
14
14
14
14
14
14
14
14
14
14
14
14
14
14
14
14
14
14
14
14
14
14
14
14
14
14
14
14
14
14
14
14
14
14
14
14
14
14
14
14
14
14
14
14
14
14
14
14
14
14
14
14
14
14
14
14
14
14
14
14
14
14
14
14
14
14
14
14
14
14
14
14
14
14
14
14
14
14
14
14
14
14
14
14
14
14
14
14
14
14
14
14
14
14
14
14
14
14
14
14
14
14
14
14
14
14
14
14
14
14
14
14
14
14
14
14
14
14
14
14
14
14
14
14
14
14
14
14
14
14
14
14
14
14
14
14
14
14
14
14
14
14
14
14
14
14
14
14
14
14
14
14
14
14
14
14
14
14
14
14
14
14
14
14
14
14
14
14
14
14
14
14
14
14
14
14
14
14
14
14
14
14
14
14
14
14
14
14
14
14
14
14
14
14
14
14
14
14
14
14
14
14
14
14
14
14
14
14
14
14
14
14
14
14
14
14
14
14
14
14
14
14
14
14
14
14
14
14
14
14
14
14
14
14
14
14
14
14
14
14
14
14
14
14
14
14
14
14
14
14
14
14
14
14
14
14
14
14
14
14
14
14
14
14
14
14
14
14
14
14
14
14
14
14
14
14
14
14
14
14
14
14
14
14
14
14
14
14
14
14
14
14
14
14
14
14
14
14
14
14
14
14
14
14
14
14
14
14
14
14
14
14
14
14
14
14
14
14
14
14
14
14
14
14
14
14
14
14
14
14
14
14
14
14
14
14
14
14
14
14
14
14
14
14
14
14
14
14
14
14
14
14
14
14
14
14
14
14
14
14
14
14
14
14
14
14
14
14
14
14
14
14
14
14
14
14
14
14
14
14
14
14
14
14
14
14
14
14
14
14
14
14
14
14
14
14
14
14
14
14
14
14
14
14
14
14
14
14
14
14
14
14
14
14
14
14
14
14
14
14
14
14
14
14
14
14
14
14
14
14
14
14
14
14
14
14
14
14
14
14
14
14
14
14
14
14
14
14
14
14
14
14
14
14
14
14
14
14
14
14
14
14
14
14
14
14
14
14
14
14
14
14
14
14
14
14
14
14
14
14
14
14
14
14
14
14
14
14
14
14
14
14
14
14
14
14
14
14
14
14
14
14
14
14
14
14
14
14
14
14
14
14
14
14
14
14
14
14
14
14
14
14
14
14
14
14
14
14
14
14
14
14
14
14
14
14
14
14
14
14
14
14
14
14
14
14
14
14
14
14
14
14
14
14
14
14
14
14
14
14
14
14
14
14
14
14
14
14
14
14
14
14
14
14
14
14
14
14
14
14
14
14
14
14
14
14
14
14
14
14
14
14
14
14
14
14
14
14
14
14
14
14
14
14
14
14
14
14
14
14
14
14
14
14
14
14
14
14
14
14
14
14
14
14
14
14
14
14
14
14
14
14
14
14
14
14
14
14
14
14
14
14
14
14
14
14
14
14
14
14
14
14
14
14
14
14
14
14
14
14
14
14
14
14
14
14
14
14
14
14
14
14
14
14
14
14
14
14
14
14
14
14
14
14
14
14
14
14
14
14
14
14
14
14
14
14
14
14
14
14
14
14
14
14
14
14
14
14
14
14
14
14
14
14
14
14
14
14
14
14
14
14
14
14
14
14
14
14
14
14
14
14
14
14
14
14
14
14
14
14
14
14
14
14
14
14
14
14
14
14
14
14
14
14
14
14
14
14
14
14
14
14
14
14
14
14
14
14
14
14
14
14
14
14
14
14
14
14
14
14
14
14
14
14
14
14
14
14
14
14
14
14
14
14
14
14
14
14
14
14
14
14
14
14
14
14
14
14
14
14
14
14
14
14
14
14
14
14
14
14
14
14
14
14
14
14
14
14
14
14
14
14
14
14
14
14
14
14
14
14
14
14
14
14
14
14
14
14
14
14
14
14
14
14
14
14
14
14
14
14
14
14
14
14
