ply
format ascii 1.0
element vertex 4321
property double x
property double y
property double z
element face 8534
property list uchar int vertex_indices
end_header
0.1423644353 0.001909844325 0.02477898788
0.1439571293 0.001626555986 0.02417967383
0.143029548 -5.209346333e-05 0.02422621994
0.1382706812 0.0008994614191 0.02938118621
0.1397190471 0.001245318506 0.02738466549
0.1391714746 -7.184171204e-05 0.02724348482
0.140183937 0.001009156325 0.04099612519
0.1397506379 0.001090801005 0.04017834357
0.1398500439 -2.725030693e-05 0.04034221548
0.1291820306 0.002995926468 0.02994526165
0.1290915558 0.003109055812 0.03120020175
0.1270359354 0.003094952521 0.03117559184
0.1417854835 0.001017799969 0.04437274016
0.1407725347 0.0008068734061 0.04215939163
0.1414075591 -6.102782834e-05 0.04277316833
0.129506385 0.001430629841 0.03977817967
0.1302905458 0.001426011931 0.04157253497
0.1295598598 5.320917633e-06 0.04080466933
0.142456544 0.0007216397694 0.04586182916
0.142293747 1.217168852e-05 0.04451950448
0.1312967589 0.001443189141 0.04299198121
0.1312428007 2.174157000e-06 0.04326512237
0.1302431764 2.758632221e-06 0.04209346831
0.132071902 0.001398777519 0.04459772554
0.1325516468 0.001202780037 0.04613684859
0.1318518892 -3.473566660e-06 0.04456152085
0.1330087216 0.0006797568082 0.04779710125
0.1327802403 -1.080783243e-05 0.0474274865
0.1403006632 0.001982756098 0.06568667851
0.1405464623 0.001908931441 0.06803502473
0.1403679007 -3.888285071e-05 0.06633359169
0.1404625602 0.001787868644 0.0704134709
0.1405215634 -4.289451962e-05 0.06852531413
0.1402348735 0.001669342007 0.07281184106
0.1404028575 -4.781720345e-05 0.07090805642
0.1394237327 0.001462473397 0.07495928068
0.1399804961 -5.409634943e-05 0.07338191108
0.142639251 0.001504866864 0.04761163468
0.1428790664 -0.0001406530919 0.04655885889
0.1435308668 0.001384725956 0.0515208801
0.143582116 -0.0001420224915 0.04948677577
0.09712811426 0.0007998065029 0.1209898081
0.0961022628 0.001093925523 0.1207319853
0.09678776006 2.261867304e-05 0.1210425434
0.1444841772 0.000927255693 0.06719476047
0.1446469806 0.0007899582739 0.06625086829
0.1446808383 3.436292495e-06 0.06655675246
0.1081185459 0.000889016039 0.1207706203
0.1065272013 0.001680619996 0.1210695928
0.1069760678 4.307144233e-05 0.1211691628
0.122129299 0.001160815287 0.11535618
0.1207783466 0.0008546809954 0.1164432692
0.1214605471 -2.390705955e-05 0.1158503528
0.09460241921 0.0009443332611 0.1203721876
0.09546520281 1.980943581e-05 0.1207286291
0.1332316354 0.0005095083679 0.103764964
0.1328343032 0.0009235860077 0.1047209398
0.1331544475 -2.974477937e-05 0.1038965232
0.138125655 0.001310768592 0.09260807138
0.1384944117 0.0009609404429 0.0906889896
0.1381444545 1.364347489e-05 0.09156601371
0.140630755 0.000791034343 0.08429638959
0.1410320586 0.0007084710245 0.08291971685
0.1407421352 8.332248588e-06 0.08373688108
0.1306807102 0.0006314438369 0.1148548018
0.131849166 0.0006143389738 0.1134060619
0.1308384329 5.165322023e-06 0.114688801
0.1354044367 1.123157953e-05 0.09714926584
0.1362371936 0.002262556328 0.09579590109
0.1358130935 0.0005426901347 0.09676915944
0.129387102 0.0008907130762 0.1157675257
0.1299935741 0.00127943116 0.1154362527
0.1299384177 3.072022032e-07 0.1153695323
0.1387297273 1.060512984e-05 0.08953693355
0.1393086262 0.0007377930041 0.088528921
0.1398348814 0.0007035115391 0.08689536406
0.1379671268 0.0007663907324 0.09645969365
0.1377126984 5.347530646e-05 0.09826647133
0.1368304923 0.001809100886 0.08098393322
0.1364308784 0.0009807922013 0.08207709777
0.1366988455 -2.893170563e-06 0.08086622833
0.1367354485 0.002894522626 0.07971936716
0.1365845334 0.0009172575897 0.07947950646
0.1439950199 0.001266453739 0.05411852919
0.1441662165 -9.101016303e-05 0.05282741054
0.1442478536 -1.049672449e-05 0.05555465646
0.1376956165 0.01451870355 0.05454988003
0.1374911831 0.01562693052 0.05716171788
0.136789063 0.01388016189 0.05585435997
0.1370174551 0.01369007584 0.05426109425
0.1362667758 0.01304751845 0.05463859378
0.1365315621 0.01296219832 0.05395516562
0.1380282314 0.0150213666 0.05949513975
0.1373958528 0.01412768232 0.0582099216
0.1349909703 0.009087805245 0.04839036107
0.1355263907 0.009594044619 0.0494179369
0.1345759738 0.009217082034 0.04868075944
0.1347199043 0.008731586321 0.04789528018
0.1362039261 0.01034735044 0.05065062312
0.137064538 0.01092935127 0.0517733584
0.1355733576 0.01070553379 0.05133458671
0.134498063 0.01000224493 0.0502846295
0.1388100055 0.01175541798 0.05353782226
0.1378381525 0.01334929533 0.0538318546
0.1371535475 0.01255040705 0.05342605112
0.1358256827 0.01186231852 0.05336525792
0.1344839065 0.01067418216 0.05226200745
0.1353219214 0.01184754966 0.0551229365
0.1344257981 0.01109567231 0.05405706938
0.1359428736 0.0120425999 0.05691033218
0.13675305 0.01204091932 0.05854450951
0.1376406966 0.0122569284 0.05996725061
0.1383386476 0.01430655658 0.06134756787
0.1382389304 0.01194971564 0.06147161486
0.1385709598 0.01191500801 0.06222270805
0.1391134232 0.01190439017 0.0642339475
0.1387709446 0.01178715994 0.06347611426
0.1384802854 0.01359808285 0.06370657023
0.1384117367 0.01342067726 0.06293120784
0.1387837025 0.0141947852 0.06364651289
0.1387284192 0.01351740978 0.06591597247
0.1385594197 0.01407538811 0.06603925266
0.1391289069 0.01149047857 0.06604968787
0.1385189733 0.01316298936 0.06809657835
0.1381976612 0.013899711 0.06840882025
0.1389818451 0.01129663212 0.06834562927
0.1380743187 0.01292042671 0.07039855442
0.1377522152 0.01326990531 0.07053681593
0.1387584005 0.0108045582 0.07047793774
0.1378782713 0.01192099528 0.07193055743
0.138283953 0.01042326139 0.07253699707
0.1377704558 0.009874477245 0.07393041236
0.1369573987 0.01084881557 0.07688011439
0.1380463313 0.007668213367 0.07516146303
0.1381944642 0.003484647639 0.0763111998
0.138037541 0.005587363841 0.07581772848
0.137018017 0.005903967802 0.07928765738
0.1347747038 0.007630832452 0.04653782552
0.1352872628 0.008262491448 0.04752755358
0.1341483744 0.007807447769 0.04692035973
0.1345829477 0.00711108244 0.04580834947
0.1368080398 0.00967385139 0.05000188299
0.1365513986 0.00851261213 0.04846142656
0.1337932602 0.009076365292 0.04891496001
0.1395336098 0.01006960098 0.05263868257
0.1401912849 0.01018893146 0.05404842885
0.1385826355 0.01005631846 0.05151980358
0.1405216896 0.008807334234 0.05287794158
0.1378105078 0.009680570932 0.05049280342
0.1332966265 0.009619927165 0.0506493137
0.1334512531 0.009633715725 0.05322580997
0.1340211038 0.01060091657 0.05471821171
0.1354090002 0.00967527666 0.05730641165
0.1343077508 0.009765985889 0.05526533525
0.1363703713 0.00967388263 0.05860712486
0.1371768078 0.009713101327 0.05990667001
0.1380530426 0.009572362039 0.06143607172
0.1388287879 0.00938624325 0.06332534416
0.138925981 0.009295970084 0.0639449818
0.1391476895 0.009295363034 0.0660851235
0.1392775278 0.009000933389 0.06833970753
0.13921967 0.008804330423 0.07076223894
0.1388599712 0.00853754836 0.0727099817
0.1381833681 0.00803292104 0.07462852561
0.1373256976 0.01292650446 0.07504976974
0.1407435049 0.0113661533 0.02364169559
0.140829205 0.009146916619 0.02375081647
0.1382898256 0.009358497354 0.02396725487
0.1383480644 0.01137721718 0.02349109265
0.1359230831 0.009350161915 0.02369864358
0.1359512434 0.01143949222 0.02326633581
0.1335212061 0.009439972309 0.02338836557
0.1335181461 0.01147774385 0.02315664839
0.1310187443 0.009315143957 0.02322587038
0.1312929369 0.01123598889 0.02335269369
0.1289735423 0.008984507078 0.02337654408
0.1293159652 0.01075064858 0.02354793533
0.1307189229 0.00302524986 0.03355680992
0.1317125632 0.003015125662 0.03439743002
0.1298552089 0.003194745527 0.03343564125
0.1299587785 0.003038844212 0.03287003855
0.1286141604 0.003096377725 0.03266222575
0.1288712173 0.003167295834 0.03206020569
0.1275879734 0.003170309048 0.03190759661
0.1407031219 -8.098179401e-05 0.04172058347
0.132464981 0.00313261598 0.03546997579
0.1328703361 0.003360657621 0.03665254656
0.1315251984 0.003401082267 0.03582671874
0.1305314808 0.003332214325 0.0345469308
0.1332333576 0.003862995202 0.03861680732
0.1320267055 0.003789395913 0.0377003243
0.133595531 0.004566727978 0.04090702106
0.1323660406 0.004311907047 0.03973158834
0.1352593917 0.006919506957 0.04576197179
0.1343180522 0.005813493505 0.04388608662
0.1327116366 0.004900764444 0.0420010804
0.1366897085 0.006927874318 0.04657615414
0.1328650068 0.005760270819 0.04475790071
0.1405335865 0.007457677795 0.0511690131
0.1399145306 0.008571473799 0.05150734713
0.139071278 0.008686823334 0.05054550938
0.1394752391 0.006941996325 0.0491396297
0.1395236027 0.009260236322 0.05174907717
0.1378977258 0.008454021398 0.04922133506
0.1381487674 0.006833003585 0.04754843106
0.1373026419 0.007721870827 0.04793454575
0.1384199417 0.00942146848 0.05060111063
0.1382804735 0.009101562615 0.05015120319
0.1329018729 0.007495982808 0.04794484733
0.1328430823 0.007587634384 0.05048556021
0.1332061678 0.007425909912 0.05240292047
0.1355347959 0.007162159706 0.05703415409
0.1346472743 0.007325875995 0.05545081073
0.1365570489 0.007139473093 0.05839398631
0.1376809639 0.006661463816 0.05962854169
0.1384363675 0.006964503096 0.06102625221
0.1390184072 0.007023003359 0.06314532393
0.1392280267 0.006551014342 0.06366198546
0.1394782534 0.006524268818 0.06600374123
0.1397272897 0.006508580684 0.06836287364
0.1397306567 0.006431470502 0.07063987358
0.1393928981 0.006268713174 0.07277188008
0.1387377493 0.005945929318 0.07485363642
0.1432317987 0.006765389036 0.02422060321
0.142490821 0.005968224837 0.02494127831
0.1406009445 0.005587204382 0.02513755097
0.1410861082 0.007565238324 0.0244302697
0.143149726 0.009003070799 0.02373527115
0.1383160207 0.006032517519 0.02514679056
0.1381388324 0.008067406072 0.02451878953
0.1358939498 0.006351369526 0.02451089316
0.1358367253 0.007886221914 0.02411119176
0.1333973303 0.006277652569 0.0241568233
0.133449561 0.007858991276 0.02366870021
0.1306976628 0.006410710103 0.02356886497
0.1314321428 0.007892008695 0.02339880913
0.1294236074 0.007633700356 0.02325076094
0.1276399153 0.007110001632 0.02312769589
0.1272285403 0.009184253779 0.02363122442
0.1393385297 0.003770061497 0.02648023683
0.1382815567 0.00446129253 0.02635036732
0.125214975 0.006592981872 0.0230050279
0.1260924954 0.008874437455 0.02397815351
0.1238745963 0.006383225737 0.02364901818
0.1383602833 0.002824987389 0.02779344479
0.1378777572 0.003432243889 0.02745503141
0.1313972341 0.002817209568 0.03298517713
0.1304476116 0.002898237681 0.03188996458
0.1337075697 0.002757719496 0.03493421608
0.1329855503 0.002623083717 0.03316408643
0.1360460413 0.002313812637 0.03650571813
0.1365406051 0.002461681178 0.03762536323
0.1353916123 0.002780298688 0.03768760871
0.1352954129 0.002422568165 0.03586583374
0.1341502497 0.003160135374 0.03718351454
0.1293459649 0.003242566845 0.0340533281
0.1282550892 0.003002038383 0.03295556329
0.1302175108 0.003393011153 0.03528286453
0.1270910842 0.002803844081 0.03222767734
0.13733238 0.002792983719 0.04018162385
0.1356239198 0.003326346369 0.03970258736
0.1343671717 0.003749447876 0.0393100192
0.130875599 0.003604188866 0.03679605348
0.1311243826 0.003905549798 0.03849299246
0.1380914301 0.003002077111 0.0418810916
0.1386943579 0.003449108521 0.04323546517
0.1372951704 0.003867174754 0.04264916478
0.135958606 0.004125129586 0.04185000392
0.1347805188 0.004471604856 0.04142515071
0.1315213357 0.004249682089 0.0404325764
0.1305938354 0.003718518252 0.03921571999
0.1388520375 0.004380293512 0.04504301363
0.1376649042 0.004793596133 0.04435995069
0.1361472642 0.005436506261 0.0441479252
0.135247036 0.004992038027 0.04284740471
0.1316352427 0.004255170876 0.04231961815
0.1307541647 0.00374035258 0.04057731514
0.1416192816 0.005048025197 0.05003330616
0.1396237336 0.005004332366 0.04698948983
0.1379783629 0.005650322798 0.04594009168
0.1370881898 0.005724087072 0.04525710109
0.1320839808 0.004368534658 0.0441706926
0.1329883911 0.005232960613 0.05030571131
0.133451958 0.005191381296 0.05224753194
0.1359386904 0.004564621797 0.05657018759
0.1349051897 0.004903188682 0.05523297568
0.1368422945 0.004825233831 0.05805069017
0.1379392271 0.004601465847 0.05918693368
0.1387850397 0.004651450761 0.06076281834
0.1388170837 0.006553278053 0.06190692771
0.1391153761 0.004278952961 0.0615853877
0.1396650645 0.004296818632 0.06376903913
0.1399562932 0.004227770323 0.06584482695
0.1402116174 0.004208530544 0.06819502916
0.140212526 0.004143150105 0.0705217682
0.1398906478 0.004007621533 0.07280899705
0.1391159135 0.00382582887 0.0749086225
0.1384766926 -6.048827686e-05 0.07612224897
0.1384790868 0.001381259705 0.07619915963
0.1439607519 0.004297308529 0.02434044672
0.1425280769 0.003947386619 0.02503501818
0.1424321165 -5.009016660e-05 0.02460385739
0.1411569728 0.003893833948 0.02549379322
0.1396723948 0.002559560873 0.02694970702
0.141235712 -6.286288582e-05 0.02506672551
0.1405428721 -9.552313966e-05 0.02628220729
0.1400773846 -2.727628942e-06 0.02695930383
0.1367973388 0.004470590787 0.02640876757
0.1365978261 0.003573575976 0.02763978939
0.135031282 0.003650929244 0.0274116706
0.1355550668 0.004738635164 0.02574615161
0.1332386176 0.003480500031 0.02684735496
0.1334099161 0.004708621796 0.02516686498
0.1310501746 0.003533353607 0.02660188685
0.1309906252 0.004721886618 0.0248047143
0.1288872416 0.0034686034 0.0261907097
0.1284836298 0.00467992278 0.02410091842
0.1270139156 0.003020753709 0.02523361288
0.1257401108 0.004270236858 0.02334468124
0.1240976738 0.004407067171 0.02342446192
0.1380631527 0.001956238438 0.0290926918
0.1367378527 0.002639917628 0.02909954071
0.1347951396 0.002928692367 0.02927102186
0.1329019316 0.002990025105 0.02899278981
0.1309961981 0.002979997868 0.02856554467
0.1290216231 0.003000986319 0.0283225217
0.1271364065 0.0026561771 0.02821992769
0.1370840186 0.001667577044 0.0317062091
0.1362401022 0.002112214314 0.03130743287
0.1381653112 2.425400988e-05 0.029532691
0.1379589352 3.338085353e-05 0.03220544012
0.1383039756 0.001007958723 0.03708007789
0.1374892525 0.001013288486 0.03447212245
0.1378669358 5.609414122e-05 0.03515124443
0.1348789216 0.002459251162 0.03104175403
0.1327814196 0.00268076611 0.03129335031
0.130892069 0.00286656275 0.03037810963
0.1275673567 0.002885081481 0.02982682124
0.136706302 0.001813284651 0.03488464921
0.1355982885 0.002115076335 0.03364567376
0.1371960373 0.001104550597 0.0319309214
0.1345667098 0.002345626521 0.03280473879
0.1338221552 0.002460143288 0.03214274278
0.1287818954 0.001175921978 0.03765550568
0.1294376051 8.472823329e-06 0.03847553399
0.137593494 0.001814465571 0.03723012654
0.1291527339 0.003191562131 0.03464596363
0.1297203548 0.003273942475 0.03601037468
0.1283106216 0.002752143451 0.03456917265
0.1281152243 0.002904313851 0.03363141471
0.1288273614 0.0005892210751 0.03543981371
0.1271086694 1.330880390e-05 0.03338000153
0.1269868705 0.0009841528416 0.03329102878
0.1279372945 0.001922126456 0.03494885004
0.1272296452 0.002434529905 0.03340423371
0.1266580894 0.002327182079 0.03269712482
0.1291896269 3.224573410e-07 0.03771561359
0.138935414 0.002327641981 0.04137251065
0.1386753408 0.00161768613 0.03935382667
0.1390593773 -1.354413007e-05 0.03909400328
0.1384851379 2.032023128e-05 0.03742380613
0.1304383037 0.003595082222 0.03741888083
0.1304897068 0.003675073595 0.03802290216
0.1297706157 0.003161993606 0.03767643272
0.1288128391 0.002752200342 0.03596746888
0.128536281 0.002328655963 0.03664156947
0.1298538141 0.002871174431 0.03944318905
0.1291341616 1.108554909e-06 0.04024296261
0.1303607307 0.002961751488 0.04118044116
0.142550972 0.002794257153 0.04937454063
0.1414468138 0.0028668353 0.04683616814
0.1426041321 3.269650803e-05 0.04541633982
0.1400690686 0.003093192333 0.04479609991
0.1419050196 -5.190083090e-05 0.04368629436
0.1313247408 0.003010112372 0.04273355552
0.1322355944 0.003121969876 0.04444493072
0.132303989 0.005033852017 0.04612010908
0.1326754558 0.002985124327 0.0458663101
0.1327700129 0.005293372199 0.04813579806
0.1330029143 0.002958625958 0.04796167753
0.1324063648 7.670265332e-06 0.04600893033
0.1332098789 0.002850985911 0.05009279487
0.133506174 0.002738585974 0.05203911776
0.1361344266 0.002492740582 0.05637456289
0.1349742177 0.00253953627 0.05502331444
0.136822597 0.002409067554 0.05793450414
0.1379574848 0.00234569315 0.0589489918
0.1388671812 0.002280270487 0.0606240988
0.1366049585 -1.828979591e-05 0.07971649776
0.1393285844 0.00224241965 0.06165588584
0.1399640764 0.002004434694 0.06358364081
0.1371660845 0.008704387562 0.07813592828
0.1455627598 0.001848631815 0.02376212969
0.1455511263 0.004094646835 0.02388852405
0.1412295806 0.001963223653 0.02566460372
0.1255893753 0.001627863807 0.02362048082
0.1242391832 0.00220684838 0.02336348109
0.1270164345 0.002306077147 0.02683084881
0.1273147788 0.002242897487 0.03386706702
0.1327535222 -1.029947377e-05 0.04970546538
0.1338361521 -1.707909959e-05 0.05245548657
0.1360391062 -2.194062775e-05 0.05618198141
0.1349153096 -1.897475952e-05 0.05494516104
0.1368038698 -3.280243823e-05 0.05781278619
0.1379036247 -2.453277978e-05 0.0588030237
0.1388127351 -2.768474325e-05 0.06049048251
0.1399988982 -3.380638565e-05 0.06382379637
0.1404938914 -4.142855360e-05 0.06763533463
0.1404603748 -4.681445837e-05 0.07030782949
0.1402337552 -5.186808634e-05 0.07270802383
0.1394207093 -5.676953703e-05 0.0748742492
0.1342099165 0.002648408287 0.05355005934
0.1340804437 0.005043517531 0.0537089048
0.1338152629 0.007327104971 0.05393876241
0.1334732003 0.008824859544 0.05390790908
0.09520684096 0.002608483585 0.1205384923
0.09389342931 0.002643186923 0.1202083046
0.1174235164 0.0008278652525 0.1184323909
0.1166551963 -6.861085177e-06 0.1187094235
0.1175313965 -1.475646208e-05 0.118425013
0.1401687313 9.153986975e-06 0.0854688019
0.1394991904 9.694220618e-06 0.08736015363
0.1339701368 0.0009762183715 0.1002086802
0.1344974552 1.521409926e-05 0.09893547693
0.1325654563 1.410217448e-05 0.1033976456
0.1354666802 0.0006880123108 0.1048858288
0.1352918516 4.281021680e-05 0.1054701609
0.1343460929 2.274162666e-05 0.1082665523
0.1331417557 1.549987306e-05 0.1111870685
0.1334927568 0.001612683175 0.1103440273
0.1083551698 3.911888410e-05 0.1208685081
0.1091676596 3.208934027e-05 0.1206200527
0.1167646137 0.0008949114445 0.1200788094
0.117882594 2.707272282e-06 0.1198535513
0.115974717 3.229796357e-06 0.1202425199
0.1427999029 5.360382262e-06 0.07542360959
0.1436584674 0.0009086163252 0.07185696224
0.1438138373 2.204649481e-06 0.07196937553
0.1255296848 0.00308878973 0.1124030816
0.1269278592 0.003518584778 0.1111405583
0.126165093 0.004834515064 0.1119124666
0.1071599998 0.0006639916818 0.1218668502
0.1068670802 -5.551980135e-07 0.1219471223
0.105224073 -1.295551459e-07 0.122452423
0.09625818117 1.983163253e-05 0.1209346073
0.1357407057 3.392438517e-05 0.09868022954
0.07411900137 0.0005667716797 0.1183678851
0.07411431605 -1.344771613e-06 0.1183680713
0.07308068428 -7.100950080e-07 0.1177833268
0.107766161 4.217362216e-05 0.1210171651
0.1367432372 -9.675989131e-07 0.08045501797
0.07481455298 -1.568467776e-06 0.1187916972
0.1317411785 -1.633149079e-05 0.113562988
0.1262418333 0.002091068534 0.1117955946
0.1348137123 0.002559219022 0.1002500333
0.1349589832 0.003703626268 0.100096402
0.1343550484 0.003256550015 0.1015044685
0.122797883 0.002796709674 0.1148813063
0.1218170225 0.004540349522 0.1158706167
0.1216331917 0.003355954838 0.1159483906
0.1192073084 0.00450240289 0.1178404774
0.1193765589 0.002353466607 0.1175883112
0.1205793375 0.002714469495 0.1167635485
0.1138275762 0.003581482464 0.1194950709
0.1144343173 0.001868431808 0.1192685573
0.1156216843 0.003027779671 0.1190582377
0.06043505465 0.004585391182 0.1110208067
0.06005916518 0.005988031559 0.1106395774
0.06132302458 0.005849070239 0.1115700216
0.1437612208 0.004183868514 0.0592205247
0.1440900802 0.002826699625 0.05943208746
0.1440231647 0.003692543082 0.06154875165
0.1442716098 0.00392694134 0.06444626503
0.1440273496 0.004151233526 0.06283379904
0.144348177 0.002968436173 0.06301289309
0.1444193466 0.003301166066 0.06606490217
0.1445454681 0.002727911737 0.06451703722
0.144100514 0.004924102381 0.06540385488
0.1441992668 0.00287767751 0.06792932067
0.1439500608 0.004331038191 0.06857353417
0.1441008378 0.00450825532 0.06702348806
0.1438395778 0.003122194053 0.06973058205
0.1435451276 0.002579174137 0.0714593566
0.1432038877 0.003350961228 0.07249203997
0.1434797919 0.003878527799 0.07113160186
0.1427929159 0.003395558039 0.07413563615
0.1430693335 0.004573938317 0.07250790703
0.1431675929 0.002347795639 0.07324043874
0.1428765741 0.001931546817 0.07477506222
0.1425105119 0.002521346296 0.07577803297
0.1422590364 0.003827265238 0.07576654778
0.1347206945 0.004612733763 0.1008759864
0.1418449116 0.0037557333 0.07745180003
0.1421743733 0.002900566738 0.0768240938
0.141936658 0.002746263485 0.07783540959
0.1418685115 0.00214677 0.07859976883
0.1415715655 0.003210125878 0.07900341232
0.1371640496 0.004618097853 0.08221594327
0.1372351675 0.0045914364 0.08381590512
0.1369070829 0.003159901135 0.08332903389
0.1371170612 0.003370481002 0.08475289608
0.1373756441 0.004395153182 0.08582797576
0.1369855469 0.002735908532 0.08649962675
0.1372056551 0.003604479873 0.08727916438
0.1375650203 0.00492642526 0.08763741496
0.05862346601 0.002972643322 0.09340326638
0.06037443493 0.002932327725 0.09339248909
0.05938157167 0.004178405197 0.09286540773
0.07736628601 0.002441026269 0.1076390999
0.07318812156 0.003455003965 0.1041288882
0.06540703407 0.002580768804 0.09646944664
0.04978694366 0.004029862682 0.09194065859
0.05730405791 0.004041824366 0.09378867589
0.05906274911 0.005011905498 0.09397288489
0.05163982845 0.00350747776 0.09252280591
0.05348170151 0.004608425562 0.09288984833
0.05350469068 0.002285060064 0.0932027742
0.05566133183 0.003075257273 0.09377811084
0.1378302139 0.005286904321 0.08870176347
0.1374122022 0.003866290872 0.08992993174
0.1372832611 0.003773190138 0.08875106273
0.04768961736 0.002927109045 0.09796433194
0.0494131831 0.003658011147 0.0992675775
0.08007170881 0.003513144274 0.1106289252
0.08274139973 0.00218316266 0.1135091697
0.08274033762 0.003405003459 0.1132594171
0.05002484591 0.006220555491 0.09905406385
0.05117715725 0.004776561391 0.1002565288
0.1382066674 0.005402484601 0.09131434573
0.137010226 0.003343602973 0.09391059866
0.1378182316 0.0040556192 0.09121244548
0.05113278347 0.003258523555 0.1005252117
0.1375227481 0.005313145224 0.09360347557
0.08407772349 0.002321393561 0.1147964689
0.08472756813 0.003175198741 0.1152143448
0.08364636467 0.0036862603 0.1144396845
0.1365729923 0.002991057639 0.1013714877
0.1372087365 0.00314541829 0.1002148034
0.1370976147 0.002506534795 0.1004086659
0.0850014385 0.004585513604 0.1154347564
0.1364918381 0.002070265818 0.1008818806
0.05179407887 0.002966633017 0.1016809163
0.1367160707 0.003882721344 0.09516734495
0.05248077668 0.004585282988 0.1023149939
0.08547324012 0.003746493618 0.1157011015
0.13606942 0.002056164958 0.1009473196
0.1354702081 0.002833653155 0.1039878079
0.1359010452 0.003222063302 0.1031476205
0.1355271416 0.001750604951 0.103810549
0.05254312962 0.003359488287 0.1027597491
0.05333733764 0.004719370742 0.1036187207
0.05320089221 0.001971953564 0.1040594759
0.05325705486 0.003359240699 0.1038115196
0.1362883098 0.003260328243 0.09636983719
0.08732101875 0.003986613157 0.1169000058
0.08662956806 0.005487254399 0.1166008183
0.08612571915 0.002989946441 0.1161498925
0.1366986498 0.004741257418 0.09577691919
0.1363680423 0.004475147079 0.09664341718
0.134926886 0.003158003046 0.1058053474
0.1359304904 0.00364071859 0.09750617467
0.08801657733 0.003095213417 0.1173407282
0.0891280759 0.003776488929 0.118027378
0.08834472806 0.004523102675 0.1175138148
0.1354761485 0.003960502005 0.09879846568
0.1353806684 0.002730838161 0.09881718264
0.05488584011 0.003360991729 0.1061078193
0.05510596933 0.005280853792 0.1061331319
0.05594525336 0.00418719398 0.1071678286
0.1338288933 0.002805111578 0.1099883832
0.134268238 0.003280577132 0.1080634605
0.1348543388 0.002365850692 0.1071970016
0.09105306617 0.003002350512 0.1192463059
0.09199333529 0.00314238272 0.1196274677
0.09134688902 0.004323368973 0.1191960038
0.1332165004 0.002960932177 0.1123987708
0.1334341046 0.003840907037 0.1114852803
0.1324049034 0.002035865873 0.1127599063
0.06307308111 0.003475059243 0.1128711866
0.06178136933 0.004127738086 0.1120091726
0.06286937406 0.005425048745 0.1125767146
0.09491960395 0.004266209638 0.1203136377
0.1336072885 0.002450961285 0.1031475314
0.1338354497 0.003655519604 0.1027802137
0.1334041065 0.003378041824 0.1037360237
0.1321908605 0.003356475353 0.1142337921
0.1332386072 0.004220446473 0.1132974398
0.1330329501 0.00441303145 0.1149818868
0.1316751638 0.00378872384 0.1156324273
0.09631234709 0.004190629935 0.1206901476
0.09727835847 0.002773762537 0.1209898193
0.1327448124 0.003563909488 0.1051053929
0.1330055086 0.004553035537 0.1047257556
0.09805066148 0.004026082993 0.1210940066
0.09800082918 0.005479208182 0.1208670729
0.09913346988 0.004548180684 0.1212378859
0.09870799951 0.002419769772 0.1212712419
0.09979201298 0.002821557987 0.1214842223
0.1316993805 0.003766409557 0.1063993747
0.1321497981 0.002186865817 0.1060035525
0.06490290283 0.004460030287 0.1139604707
0.06630837462 0.004273183496 0.1146977857
0.06498895024 0.002561030692 0.1139825051
0.06399104868 0.005528001776 0.1131890203
0.06555800811 0.00575800033 0.1139730027
0.1310967136 0.002461938541 0.1071461409
0.1315287537 0.004598264369 0.116930375
0.1299172099 0.002891790312 0.1159964734
0.1303003873 0.003842042636 0.1167988144
0.100834529 0.003090814107 0.1216836814
0.1006669631 0.001651717422 0.1217012314
0.1302471034 0.00404014725 0.1080248623
0.1308549273 0.005134606479 0.1073944078
0.1296749701 0.003977265684 0.1171037504
0.1292802056 0.003112818452 0.1164864448
0.06715068055 0.003432365224 0.1151055481
0.06850448238 0.004075209669 0.1158074678
0.06793234227 0.002455288467 0.1154163124
0.1290232548 0.004227298503 0.1173766
0.1282209533 0.0031652547 0.1166215745
0.06947600588 0.002441567687 0.1161231295
0.1020047645 0.003025955826 0.121770908
0.1034543229 0.00451334486 0.1214959741
0.1016396402 0.004573157326 0.1216396357
0.1277181914 0.003805822378 0.1170835069
0.06973654586 0.004634447254 0.1166257006
0.07018586741 0.003221785374 0.1166154828
0.1281384849 0.003645412921 0.110025535
0.1285770168 0.00486632644 0.1096224411
0.1278449967 0.005443604206 0.1103640329
0.1107596424 0.003263100738 0.120143017
0.1122198957 0.003425426115 0.1198472673
0.1116221669 0.004576047062 0.1200060711
0.1282954489 0.002357336958 0.1099113522
0.1083312212 0.00451403507 0.1206813599
0.1073246322 0.003410741682 0.1207899635
0.1085761811 0.003194822308 0.1205456439
0.1170129442 0.003073092944 0.1186877039
0.1164410997 0.00435057124 0.1188792178
0.1261394448 0.003520431057 0.117022937
0.1267716943 0.002753768108 0.1164305957
0.1098555903 0.00390471732 0.1203589334
0.1205521513 0.004402065564 0.1169063887
0.1246577587 0.004034909567 0.1132541281
0.1253327667 0.004960260601 0.1127141519
0.1242036412 0.002733201607 0.1168999599
0.1255201557 0.004042891291 0.1173342339
0.07101559844 0.00456881872 0.1175999826
0.07087611403 0.002298244224 0.1168190104
0.1231007919 0.004139946752 0.1146977994
0.1247249285 0.00188852078 0.1131519505
0.07204491667 0.00321632885 0.1178734199
0.1242160552 0.004207600212 0.1174414493
0.07168669963 0.001291909829 0.1171181965
0.07297915987 0.001570255591 0.1178680457
0.0734599019 0.003664178267 0.1190375893
0.07327151332 0.002711935926 0.1184761898
0.1227041846 0.003023887804 0.1175577887
0.1228868046 0.004588007035 0.1177979282
0.1203537921 0.004305351452 0.118502619
0.1220026973 0.005432899457 0.1179657106
0.1214656905 0.003579774453 0.1181650676
0.1208885965 0.006411201193 0.1178591251
0.0751991533 0.004446558147 0.1203189742
0.07469891994 0.002802776499 0.1194237793
0.1187264219 0.004112720588 0.1187993463
0.1193668849 0.005353235952 0.1183517417
0.07611094578 0.00294116552 0.1202667937
0.1176994019 0.004993430868 0.1187153468
0.07656844633 0.004424018058 0.1209131988
0.07769931876 0.00309721346 0.1210064212
0.1171369423 0.003497673661 0.1192463867
0.1155534122 0.004442052827 0.1192212341
0.116447865 0.006064042086 0.1187073101
0.07989954739 0.003541019911 0.1216032298
0.08005592675 0.004786069509 0.1217388151
0.0815796098 0.004161052922 0.1217686505
0.08061518412 0.002530006328 0.1215510758
0.1116009721 0.005601677414 0.1193486527
0.1135032214 0.004855925023 0.119320176
0.1110949443 0.004094243632 0.1197355368
0.1123153232 0.003195415126 0.1199050045
0.1139763801 0.003165190624 0.119833874
0.08387582332 0.003681023494 0.1218333032
0.08255162768 0.00328301939 0.1217292453
0.08310104708 0.004888061695 0.1219117811
0.1097354907 0.003676887743 0.1201099376
0.1092430612 0.002558026029 0.1206972241
0.108528822 0.004131231124 0.1206388579
0.0858206103 0.004537040384 0.1220235595
0.08442630918 0.00504306436 0.1220008473
0.1075706425 0.003741259795 0.1213167887
0.1078025281 0.002519416986 0.1214182253
0.08524931226 0.002422007774 0.1217951111
0.08673349768 0.002679010669 0.1218991669
0.08807205181 0.003634020151 0.1220633345
0.08722346808 0.005053078293 0.1221761397
0.08796665817 0.002231012008 0.121938207
0.08948635364 0.002258019595 0.1220443997
0.09001819956 0.003390031004 0.1221786388
0.1059984833 0.004206856528 0.121932238
0.1051447319 0.003162600785 0.1223639344
0.1040791001 0.003760927636 0.1226855527
0.1064601039 0.002181037915 0.1219710882
0.09238407645 0.003342047991 0.1223705557
0.09126937644 0.002844034846 0.122227918
0.09101404034 0.00421006272 0.1223433873
0.09406952043 0.002598023561 0.1224165074
0.09321527626 0.004431071993 0.1225495073
0.09653044967 0.002937979471 0.1226340639
0.09639128275 0.004269952111 0.1227999653
0.09832295248 0.004392921789 0.1230072561
0.09977056553 0.003594928947 0.1230476492
0.09806408814 0.002420971686 0.12273599
0.1003722475 0.005571999168 0.1231280373
0.1010510747 0.004490969945 0.1231498049
0.1014478046 0.002995946132 0.1230693562
0.1024046872 0.005034878096 0.1229394011
0.1030176795 0.003031998326 0.122969089
0.09980002635 0.002457951998 0.1229283965
0.1415479805 0.001812396825 0.08011342372
0.1240120214 0.003080185377 0.1137961584
0.05086730924 0.004670697725 0.0921045478
0.1183386959 0.00257861772 0.1182076786
0.1179955024 0.004681599981 0.1184448274
0.06718145424 0.005138129789 0.1150227469
0.06824720171 0.00550200778 0.1155871041
0.06088260319 0.003455070556 0.1113833662
0.07780216136 0.004670006612 0.12135507
0.0789940157 0.004419000512 0.1215730065
0.09456397026 0.004456030039 0.1226610654
0.09511775641 0.003237003092 0.1225620655
0.1151314883 0.005488527926 0.1190187548
0.04829101272 0.005157454531 0.09805503067
0.1356960728 0.00100546377 0.09747807034
0.1356581452 -7.376280633e-06 0.09742233495
0.1357609871 -1.843676809e-06 0.09693615032
0.1101500668 0.005342048083 0.1203415828
0.09203174369 0.005335145071 0.1225713122
0.08598785872 0.004679856024 0.1160601659
0.0599160233 0.003645401823 0.1106071581
0.07421127418 0.00175167604 0.1186971693
0.1366607649 0.003088958708 0.09284076977
0.1366399833 0.002708937912 0.09392044314
0.0581396228 0.005252026004 0.1090622795
0.0591392838 0.00453814829 0.1099026083
0.05774248732 0.00347301451 0.1087900209
0.0792597507 0.002337064942 0.1213517594
0.1131660193 0.004525908724 0.1196596123
0.08997950497 0.004330841618 0.1184600284
0.1380144634 0.005271360717 0.0899202529
0.05419953106 0.005125033389 0.1048763622
0.1436506983 0.005018210631 0.06081504746
0.0538756923 0.003925993534 0.1046147523
0.08158423132 0.004420922549 0.1121750821
0.093575051 0.004215324148 0.119958018
0.1437117694 0.00440678035 0.06985606985
0.1002507604 0.00483813008 0.1214287068
0.09135799063 0.005882301743 0.1190383995
0.09258929794 0.004572786074 0.1196374709
0.1334741546 0.004803445033 0.1038138989
0.0640932686 0.003770170101 0.1135198046
0.1038372751 0.003223578381 0.1215406101
0.1048646055 0.003532247276 0.1213039238
0.05082342847 0.00205839556 0.09256331773
0.1412402292 0.003097538635 0.08040345874
0.1290960391 0.003584082283 0.1091393707
0.05699342805 0.004712030518 0.1080838967
0.05649714478 0.006008857079 0.1076277641
0.1368087586 0.002747906136 0.08200982005
0.06205973148 0.002596138134 0.1122024716
0.1295324154 0.002157477525 0.1087574978
0.1112887152 0.001656040975 0.119935051
0.1128299681 0.002232064662 0.1196336495
0.1095332058 0.002587544114 0.120307662
0.1017828106 0.00158647717 0.1218746552
0.12934044 0.005486457084 0.1089177742
0.09294567994 0.003178737385 0.1199399224
0.1048840908 0.002038809259 0.122496825
0.1050599941 0.0009308165029 0.1224942625
0.06265653356 0.001067737234 0.1126729744
0.06119869937 0.001804941878 0.1116928808
0.08721225912 0.0021236712 0.1168610541
0.1438684751 0.003460191705 0.05803115729
0.1443377997 0.001218867516 0.05869911458
0.1440710611 0.002414721548 0.05752657633
0.1444233397 0.002063322397 0.06139591774
0.1447460745 0.001238218656 0.06348017285
0.1448871057 3.097690165e-06 0.06507280539
0.1447135 0.001817730535 0.06536954746
0.1445282575 0.001849075237 0.0668499514
0.1440937035 0.00105504709 0.06938246322
0.1442794453 0.001386008284 0.06811396693
0.1444006723 3.739854164e-06 0.06812058219
0.1440709586 0.002051837189 0.06907712034
0.1438488913 0.002078122092 0.07015757318
0.1437219012 0.001652254699 0.07107334203
0.143144617 0.001182193655 0.07422367474
0.1434467233 0.001727678907 0.07237669797
0.1429092012 0.0008553952894 0.0754344359
0.1426473715 0.001529271732 0.07597094116
0.06754499191 0.006832234319 0.1146729738
0.06894786702 0.006728113854 0.1157973965
0.1366271801 0.001639525116 0.08328909037
0.136890548 0.002084692925 0.08499636105
0.135991463 0.0009721526546 0.09007605785
0.07474984963 0.001164222445 0.10511279
0.061868026 0.0009540509896 0.09345345247
0.05944070932 0.001811220128 0.09262253271
0.05807132252 0.001208857108 0.09343849618
0.05632316241 0.001515471191 0.09374512931
0.04947888482 0.001952496311 0.09205905304
0.05249278293 0.00123680622 0.09311725399
0.05492547361 0.0007412743572 0.09360822129
0.07757762745 0.001132281477 0.1087017126
0.0805467049 0.002291857456 0.1112609479
0.08115148662 0.001293239396 0.1123531625
0.04675321162 0.001266963954 0.09741161822
0.1347791601 0.00230045436 0.09642673239
0.1331323416 0.001545661989 0.1015555874
0.04891400639 0.001378934539 0.09868530286
0.05057337458 0.002376552105 0.1000268386
0.05044228477 0.000955688731 0.09995367788
0.08362736519 0.001406896217 0.1146193174
0.1368679117 0.00160317811 0.09997213291
0.1379042671 0.001208815476 0.09710311879
0.1368465204 0.0009615816757 0.0993514623
0.1362329228 0.001491796835 0.1004286721
0.1361746886 0.0009351546655 0.09979121704
0.05139546453 0.001944829445 0.1013015613
0.1361039349 0.002096314649 0.09568097634
0.08523997797 0.001825818302 0.115660233
0.1359822094 0.001050788165 0.1000628242
0.05206946694 0.001431986582 0.1025150819
0.08630478121 0.0005910782914 0.1165527125
0.1360927083 0.002146666417 0.09643079442
0.1359560934 0.0008925885262 0.1011576889
0.05255369765 0.0006229923123 0.1033402235
0.1357823983 0.002106819083 0.0975152343
0.1358116717 0.0007272531696 0.1022110529
0.1352126918 0.001537578669 0.1058060087
0.05393735728 0.002259899987 0.1050100261
0.05561002103 0.002279081466 0.1070559959
0.05456730682 0.001483988539 0.1059760491
0.135396863 0.001058221392 0.09846044815
0.05533408215 0.000600000361 0.1069510407
0.1351002772 0.001258743027 0.09929135851
0.05680378378 0.002789471624 0.108120675
0.08437844577 0.006354335634 0.1152118335
0.08534657969 0.006500744138 0.1161145216
0.08357351839 0.007614358152 0.1146482342
0.09159137098 0.001455005287 0.1195672665
0.05841478317 0.002634444809 0.1096012482
0.05982219777 0.002456026712 0.1107136401
0.0926978959 0.001935885311 0.11991164
0.1341494865 0.001636345736 0.1017334501
0.1346181089 0.0005235914118 0.1004461442
0.06131876435 0.00052243025 0.1118538132
0.05976221213 0.0009514619379 0.1107984336
0.1336181889 0.001085683027 0.1029421123
0.0636147753 0.002162812987 0.1131994903
0.1326389753 0.001127433004 0.1120787389
0.130879251 0.002160844898 0.114799091
0.1329911894 0.0020927103 0.104500118
0.132430054 0.001285664402 0.1055584696
0.131777895 0.000819392331 0.1064290687
0.1294410406 0.001651964742 0.1158181444
0.1030622104 0.001990417982 0.1217347057
0.06639543042 0.002308048035 0.1146837545
0.1287429634 0.001739021074 0.1162147238
0.1045554276 0.001649117801 0.1215118235
0.1287273717 6.310176982e-06 0.1161470367
0.1279023918 0.0007947337291 0.1163642255
0.06751287161 0.001103098456 0.1151834913
0.06900309136 0.001095249433 0.1158596279
0.1061101013 0.003615691996 0.1210109284
0.1274659909 0.001643450991 0.1165024107
0.1101593684 0.00117072958 0.1202500761
0.1135600125 0.001003119628 0.1194259287
0.1159466552 0.001460270573 0.1188799969
0.1188830615 0.001102943799 0.1178090153
0.1276299588 0.001592160441 0.1105582497
0.12873192 0.001249779484 0.1095300897
0.1262440996 0.001467511136 0.1166722093
0.1269717122 0.0005972724144 0.116591929
0.1218963584 0.002278237374 0.1156372873
0.1255354705 0.002253483172 0.1166933625
0.1248597327 0.001299968827 0.1170236205
0.07030650336 0.000976377664 0.1164392888
0.1235319138 0.001556320694 0.114181262
0.1232675715 0.001249837595 0.1175909238
0.1216583814 0.001747022673 0.1182300939
0.0752180318 0.001129955864 0.1191941853
0.1209630357 -5.916458940e-07 0.1187205337
0.1196633295 -2.365060267e-06 0.1193999651
0.1204430207 0.002047331024 0.1189020021
0.07596818934 0.001852423812 0.1198646537
0.07753118526 0.001799007553 0.1206770874
0.1187860876 0.00286379787 0.1191913863
0.117097476 0.002131300503 0.1196996693
0.1185723659 0.001338016245 0.1195764608
0.1156238697 0.002806821992 0.1197211349
0.1157742179 0.001674481859 0.1200644357
0.1148434803 0.0009480553954 0.1203460923
0.1145512173 0.002018992479 0.1201212641
0.1128092501 0.001508291669 0.1204222072
0.0820441849 0.001969005928 0.1215870742
0.08077402047 0.001067000595 0.1214410068
0.1106473139 0.002439586248 0.1203527266
0.1108013638 0.0008503629795 0.1207293069
0.1097981786 0.001409368576 0.1206351223
0.08406041855 0.0008360107735 0.1216281538
0.08388825473 0.002163006845 0.1217020945
0.1088358686 0.001341460413 0.1211825512
0.08539461071 2.358902017e-08 0.1216663836
0.08781700181 0.0005470289317 0.1218425381
0.0902392726 0.001094027794 0.1220186501
0.08821623664 5.162902919e-08 0.1218570033
0.0910390425 6.688051348e-08 0.1220478069
0.09590256426 0.001645992157 0.1224481124
0.09528188382 0.0005660007347 0.1223380144
0.09740440321 0.0009909828853 0.1225824783
0.09912211534 0.001330965806 0.1227940841
0.1002077774 0.001069961045 0.1229081526
0.1009114458 0.001942952275 0.1229789857
0.1020687866 0.00140196585 0.1230123715
0.103620108 0.001073999792 0.1228660083
0.08276827361 0.001091007915 0.121570101
0.1327790804 0.0001025800517 0.1027052353
0.1349002575 2.448007726e-05 0.09463983712
0.1295664962 0.0007914977576 0.1087314209
0.1345033238 0.001385423314 0.1075083162
0.09277893073 0.002023025557 0.1222619856
0.09161975738 0.001473025141 0.122132735
0.1419974097 0.001289452558 0.07874874472
0.1270112432 0.0006756981681 0.1111621082
0.05764010538 0.001434001356 0.1091900577
0.1050704681 4.965099293e-05 0.1216011482
0.098445471 0.001146049608 0.1212288839
0.1253438339 0.0008411068455 0.1126414936
0.07832682686 0.001068030906 0.1209403674
0.1354234104 1.145492895e-05 0.09983771707
0.05889004001 0.001479185194 0.1101773921
0.1262403738 -3.080774480e-05 0.1118396422
0.127073708 -3.201258418e-05 0.1110987475
0.08617021307 0.001629004535 0.1217800729
0.1200053731 0.001445163513 0.1170860646
0.1341259549 0.001086410269 0.1087914498
0.1376392422 0.002234950291 0.09843758966
0.1380080202 0.002262414253 0.0955651024
0.08886925095 0.001753907172 0.1179999081
0.134330929 0.007812554899 0.1024416159
0.1335530113 0.009290853529 0.103944997
0.1338102895 0.007555084174 0.1035219671
0.1040834725 0.01042461142 0.1205628529
0.1000096789 0.01123362521 0.1203546427
0.102848148 0.01006822881 0.1209014201
0.1014060804 0.01158105637 0.1196861114
0.09777614721 0.01187770143 0.1193124597
0.107414977 0.01046064538 0.1200448994
0.1019855099 0.01189339785 0.1192466811
0.1049818421 0.01094569222 0.1199730024
0.1199099774 0.01094687333 0.1151061224
0.120970536 0.009719523988 0.1155684252
0.1228805562 0.009100923446 0.1143330007
0.1227960659 0.01008148381 0.1137312298
0.1204488188 0.01098167381 0.1145167192
0.1246645257 0.01005611667 0.1123817287
0.1253061769 0.007642079966 0.1127642136
0.1264114372 0.008406548655 0.1115310752
0.1270070166 0.005234460602 0.1111519679
0.1243061285 0.008988351139 0.1131941553
0.1260370311 0.009764668952 0.1114546875
0.1232697513 0.01186843945 0.1124584885
0.1258961256 0.006232360121 0.1123255969
0.1290935016 0.01039601179 0.1091889777
0.1277109674 0.01098258726 0.1102451509
0.1281058262 0.009878534449 0.1098537909
0.1304542082 0.007462573539 0.1079019025
0.1289913229 0.006732525274 0.1093495405
0.130037204 0.006225723386 0.1082760012
0.1306556002 0.01032876086 0.1077876719
0.1320474776 0.01099234722 0.106561982
0.1308144224 0.01136737252 0.1078920641
0.1311573077 0.006279712312 0.1071161489
0.1335706906 0.01051064611 0.103756788
0.133931952 0.01102359319 0.1031271619
0.1331433292 0.01189744937 0.104603099
0.1328610249 0.01028600441 0.1052465557
0.1333692041 0.008184667731 0.1044031981
0.1332977879 0.006075353316 0.1043697053
0.1346806993 0.01008659955 0.1015626776
0.1340553181 0.01169836445 0.1029296041
0.1339966546 0.00643079948 0.1029484764
0.1340189288 0.005008480119 0.1026150575
0.136906024 0.008972014131 0.09712959579
0.1358765312 0.01008253598 0.09977754711
0.1361309211 0.009366203711 0.09892743386
0.1353550915 0.008969600207 0.1002745877
0.1352971047 0.01064297952 0.1006470988
0.1350776414 0.01043801453 0.1009177991
0.1354504493 0.00536310557 0.09932537722
0.1371340233 0.006074443867 0.09521665576
0.137223795 0.007897691211 0.09584889262
0.1367262905 0.006249308415 0.09643357146
0.1359195585 0.005331750956 0.09814105777
0.1362943804 0.006999592399 0.09783304277
0.1357056911 0.006638743048 0.09918934724
0.1232574336 0.007029608731 0.1147427233
0.1242132396 0.007470230945 0.113783241
0.1228256086 0.005414524855 0.1150521383
0.1239595175 0.004929362812 0.113983312
0.1200861431 0.009517174798 0.1164343121
0.1213249761 0.008127454827 0.1159983123
0.1210068782 0.006772259551 0.1166888354
0.1209247369 0.005641731363 0.1166881088
0.121938933 0.00630881265 0.1158812376
0.1199476885 0.005799287258 0.11743735
0.1132582215 0.01063612276 0.1191844804
0.1155588817 0.01121169478 0.1186231141
0.1118609938 0.01205020728 0.1187564609
0.1189081578 0.006670740862 0.1181406633
0.1162238225 0.008844242674 0.1188469973
0.1105424509 0.01078156598 0.1195082292
0.1136217449 0.009216037294 0.1194340257
0.115021618 0.007884756146 0.119204666
0.1119860681 0.008673103888 0.1197975954
0.1140740339 0.00719628525 0.1194563627
0.1104794297 0.0102018621 0.1197505676
0.1088478666 0.01043808113 0.1198681872
0.1056307427 0.01143849223 0.1195549593
0.108534493 0.009552321785 0.1202030587
0.1101948348 0.009110139331 0.1200409656
0.1094504437 0.007879756849 0.1202193678
0.11121274 0.007082901649 0.1199988023
0.1101268164 0.006617583821 0.1202353723
0.1087753566 0.006465945205 0.1205068857
0.1065280901 0.008293623574 0.1206432821
0.1073189316 0.007106025214 0.1206622271
0.1051418004 0.009278638722 0.1207205914
0.1062821291 0.009526231942 0.1205179553
0.1077508435 0.009281312211 0.1203541942
0.1044042674 0.006625659339 0.1212130797
0.1054574701 0.007566587525 0.1209035303
0.1039634288 0.008789903083 0.1209984828
0.1029308851 0.007954324142 0.1212234729
0.1019910204 0.009328885494 0.1212371716
0.1002487845 0.009551288399 0.1213600767
0.09852403079 0.009960941411 0.1210778305
0.098980722 0.008644703234 0.1208897432
0.09807095902 0.007914096838 0.1206424272
0.09758385456 0.009752484663 0.1208332513
0.09981428632 0.00701281646 0.121061595
0.09831706673 0.006538781024 0.1207807775
0.09937849835 0.005870690794 0.1211003614
0.09462845474 0.006216127683 0.1201442344
0.09576855986 0.007258006638 0.1203066843
0.0944064053 0.007850234919 0.1201296344
0.0879449033 0.009351596966 0.1185334768
0.08804667186 0.009257808412 0.1182312441
0.09165509503 0.007969774592 0.1193109412
0.09333377088 0.006831542323 0.1197809418
0.09355511766 0.00534949432 0.1198766287
0.08901798633 0.008714291767 0.1180037503
0.08876852189 0.007788909284 0.1177374275
0.09016255303 0.007683513428 0.1184026838
0.08842486057 0.006201359362 0.1174873354
0.08918549266 0.005271128615 0.1179475482
0.08938037686 0.006361121138 0.1179369037
0.08670947188 0.00856149887 0.1169577356
0.08572221146 0.007564284407 0.1167653741
0.08804521647 0.007264564688 0.1175683274
0.08766110277 0.005482108805 0.1170863906
0.08727727355 0.006895309969 0.1173543345
0.0840536038 0.005126975765 0.1148941419
0.08452901093 0.007471324137 0.1157512452
0.05693726675 0.007481998251 0.1077241263
0.05632515366 0.007757995996 0.1067900628
0.05707754891 0.008516806474 0.107184954
0.0575694407 0.009813507579 0.1065363422
0.05660471896 0.008864204412 0.1061655599
0.0583408604 0.006966010083 0.1090994164
0.05731463556 0.006385091155 0.1083666485
0.05980382515 0.007748335506 0.1098168335
0.06859751176 0.009645044775 0.1114385928
0.07838032958 0.009770059807 0.1148054992
0.07093449297 0.009422827448 0.1125956203
0.06499399095 0.008482282812 0.1115302531
0.06269578188 0.007807172935 0.1112727154
0.06341485973 0.008823442643 0.1105960814
0.0759521859 0.009694482003 0.1142129016
0.08350980653 0.009717288117 0.1169837187
0.07381532774 0.009859003715 0.1136435611
0.09630929921 0.005879431614 0.1204880204
0.09698335 0.007279665137 0.1204643964
0.07187905172 0.009718147076 0.1151318599
0.0739052333 0.01010900667 0.1147929965
0.07627541481 0.01051173585 0.1155994136
0.08933820798 0.01135288798 0.1189079343
0.08252719034 0.01121641601 0.1176137764
0.08404587391 0.01120358496 0.1176099481
0.07436805013 0.005852131385 0.1201723743
0.07570941623 0.005616016935 0.1208441853
0.07845414212 0.006098045447 0.1216734996
0.07554364748 0.006906068436 0.1207887148
0.07994073174 0.01046827582 0.1203646217
0.08171931502 0.01065825029 0.1206923147
0.0813515155 0.009643236741 0.1213144256
0.08878608008 0.01223330264 0.1205615153
0.08984714245 0.01274742686 0.119905788
0.09035821262 0.01169475845 0.1211226903
0.0930002384 0.01183979457 0.1211038292
0.09161355591 0.01247325136 0.1203443516
0.09399576745 0.01284630557 0.1199485898
0.09661277002 0.01173214512 0.1212822021
0.09902938598 0.01136183589 0.1214984464
0.09609332201 0.01062317361 0.122134678
0.1056105616 0.006736244564 0.1214507634
0.1043614808 0.00755533852 0.1218396683
0.1054962469 0.008653978782 0.1210565444
0.06232113494 0.006569155127 0.1118810983
0.05827956186 0.009489885191 0.1076209004
0.05825015632 0.008512996563 0.1083488637
0.05894235103 0.01180322644 0.1054591111
0.05983053033 0.01214911577 0.103770057
0.06301615827 0.01218720036 0.1047252486
0.06058760967 0.01185447743 0.1058891661
0.05883388281 0.01092944279 0.1065789181
0.06779020015 0.01044370238 0.1099598446
0.06257152647 0.009526314949 0.1095305033
0.06096240419 0.007315376438 0.1107996596
0.0649027535 0.01089236463 0.108495666
0.06183740931 0.01061609873 0.1080379818
0.07248148465 0.009889027973 0.1143134075
0.06868810125 0.009252533866 0.1122853432
0.06143505495 0.008434600783 0.1102393257
0.06418195205 0.007024807822 0.1125749358
0.06572492233 0.008258842552 0.112433789
0.06853700944 0.008977387511 0.1134260741
0.06635576202 0.007549730946 0.1134476974
0.05779596404 0.01103696069 0.1053174571
0.07725219018 0.01008345134 0.1150724774
0.06781334661 0.008014783775 0.1141124794
0.06972156297 0.008771234209 0.1148885557
0.06878311693 0.007739612888 0.1151064388
0.07055504398 0.00969710878 0.1132934278
0.06950472005 0.009120189651 0.1139613043
0.07835326732 0.01094066185 0.1165822289
0.08316993435 0.01098607683 0.1171962424
0.07706959181 0.007512109166 0.1212581201
0.08519970581 0.01226285877 0.1175224481
0.0811589892 0.01184249607 0.1184582414
0.08175935902 0.01186181203 0.1177337794
0.08436866984 0.01238075228 0.1190861354
0.08641274948 0.01253883044 0.1179172895
0.08678641263 0.01270253038 0.1184527932
0.08625604737 0.01241025434 0.1176204963
0.08273073322 0.01218035621 0.1186486815
0.09918103019 0.008358369148 0.1227996131
0.1014396017 0.008346968445 0.1224173024
0.1003425259 0.007307818944 0.1228692927
0.1040339071 0.009185679057 0.1216329564
0.1037998434 0.0103685143 0.1212434546
0.1050578193 0.00993095346 0.1209117301
0.1021961476 0.009607789128 0.1218485912
0.1002195308 0.01097012818 0.1215886727
0.09746054681 0.01010547224 0.1223656665
0.1004921979 0.01221872953 0.1207147029
0.09844778317 0.01286000096 0.1200463487
0.1010298388 0.01306624432 0.1194701433
0.08568109533 0.01223443093 0.1199622821
0.0875928403 0.01277130474 0.1194942707
0.08672397644 0.01171332655 0.1208451297
0.08158359399 0.007857367258 0.1218940376
0.08015727894 0.008871010812 0.1215051082
0.08301413998 0.01040740868 0.1211458959
0.08330738513 0.009237044929 0.1217434863
0.08895467251 0.01301681931 0.1191198548
0.08798961975 0.01155244967 0.1210930151
0.08691067812 0.01039623442 0.1216393096
0.08519748985 0.01115862995 0.1210386102
0.08489711392 0.01011210093 0.1215820208
0.09521646088 0.01227432518 0.1207574538
0.09423514656 0.01148756738 0.1214836755
0.09178777268 0.0108187207 0.1218362162
0.0943993404 0.01340394485 0.1187586455
0.09624533047 0.01323538621 0.1193372541
0.0916386954 0.0132047573 0.1189958438
0.09573973218 0.00927327589 0.1228477332
0.09349084485 0.01012429346 0.1223802687
0.09435743756 0.009334184547 0.1227754587
0.1024187106 0.0108030621 0.1213021825
0.1036891245 0.01202638139 0.1201766861
0.1046123214 0.01129207896 0.1205585421
0.1000324082 0.009923267275 0.122065407
0.1026111469 0.01170264198 0.1208219167
0.1025774687 0.01263923008 0.1197459704
0.07645432455 0.01090592462 0.1172271712
0.07878446201 0.01112749748 0.1174563356
0.08490503433 0.01152213258 0.1179049666
0.07254789519 0.008830786006 0.1180848322
0.07270152983 0.009805882854 0.1171329696
0.07342127928 0.009555303049 0.1182475683
0.07440388935 0.008817170772 0.1195030178
0.07324814914 0.008218086797 0.119032947
0.07892773395 0.009388150701 0.1210385145
0.07824393364 0.008520038214 0.1212953875
0.07662404222 0.009142646705 0.1204333867
0.07839734288 0.0104753149 0.119883012
0.07286712476 0.01016554487 0.1158221891
0.07150205215 0.008797042871 0.1170371396
0.07033230374 0.0080943346 0.1163341841
0.05964777595 0.009846649651 0.1081220608
0.06032566407 0.008877364116 0.1092984267
0.07828814077 0.01030760464 0.1156049893
0.07585251179 0.008154528183 0.1206095252
0.07382039878 0.007291097511 0.1197190651
0.07113127772 0.006674011635 0.1177171295
0.07577495097 0.00972981613 0.1195650071
0.07485838174 0.01024484855 0.1183844705
0.07423435761 0.01051053683 0.1171609476
0.07347514984 0.006239006092 0.1196150709
0.07257909902 0.007100004441 0.1188410472
0.07220789918 0.00584703788 0.1186934232
0.07356078074 0.004839870056 0.1194966124
0.1388580635 0.00842688003 0.09005381011
0.1392213161 0.008859317543 0.0888298482
0.1391701149 0.00787434125 0.0899063377
0.1148629128 0.006593896412 0.1189378416
0.113127607 0.006877245362 0.11913882
0.1419385233 0.009630403784 0.07450868686
0.1416218763 0.01080821828 0.07442748252
0.1421145161 0.0103718104 0.07244058639
0.1373487344 0.01012557859 0.08725209402
0.1367297832 0.01037708409 0.08941461268
0.1366168192 0.01061931132 0.09033667782
0.1404443337 0.01142598048 0.05895161056
0.1394794969 0.01285218481 0.05889750228
0.1397807542 0.01228412864 0.05723018655
0.1422522697 0.008217227637 0.05800888844
0.1422951436 0.008653996799 0.06033640727
0.141427424 0.00957682593 0.05756261503
0.141291373 0.01017547377 0.05934872013
0.142737273 0.007100804129 0.05758590124
0.1430526527 0.006772502173 0.0599879125
0.143237058 0.005735921434 0.05824805407
0.1417654262 0.009769563584 0.0614982436
0.1430399194 0.007369343696 0.06179370834
0.1410031562 0.01070781157 0.06049480191
0.1410201715 0.01062510024 0.06189886321
0.1401391145 0.0117783016 0.0605662115
0.1435999496 0.005633237142 0.0618869131
0.1400277847 0.01155234122 0.06234131483
0.1433423823 0.007193191003 0.06342061284
0.1438346185 0.005528617536 0.06359465336
0.1418409661 0.009941164687 0.06342067113
0.142578478 0.008718433238 0.0628702186
0.1409820705 0.01068535502 0.06325915493
0.1430193826 0.008357149063 0.06442490404
0.1438468099 0.006157632576 0.06487080303
0.1143367711 0.007917440832 0.1186490175
0.1404069118 0.01154969476 0.06451750554
0.1413945508 0.01055235047 0.06446127843
0.1430589774 0.008414678367 0.0662733525
0.14259346 0.009305359147 0.06491939828
0.1435337949 0.007223316746 0.06552237266
0.143905902 0.005968292822 0.0663869745
0.1420345674 0.01005842338 0.06519346302
0.1415790379 0.01065255778 0.06601131345
0.1425049324 0.009656787044 0.06690850584
0.1434666011 0.007126427905 0.06777825938
0.1438774539 0.005580554466 0.06776597723
0.1430078403 0.008604119027 0.06787548432
0.1419720831 0.01059223731 0.06811831069
0.1414228903 0.01120159421 0.06878750048
0.1408343818 0.011556359 0.06683776914
0.1427025929 0.009485427614 0.06915891828
0.1421419281 0.01057692579 0.07011326657
0.1432884018 0.007072719371 0.06999459036
0.1431193149 0.008190887035 0.06906875288
0.1436881504 0.005699811302 0.06912841898
0.1429328318 0.008528433295 0.0704022762
0.1426055263 0.009663880172 0.07085906991
0.1404580852 0.01206570242 0.06840299075
0.1413627955 0.01128562043 0.07034055797
0.1402539495 0.0119410977 0.0699204909
0.1429719663 0.007694049222 0.07140345098
0.1434136995 0.005417840624 0.07080761727
0.1430805029 0.005892799764 0.07201847995
0.1431652448 0.006633146977 0.07131260257
0.1426476189 0.008867437027 0.07181898245
0.1426941317 0.007967752702 0.07246452475
0.1428748061 0.006943643208 0.07233885924
0.1411364657 0.0113763932 0.07161456896
0.1412990021 0.01124747969 0.07300617881
0.1400299667 0.01195425414 0.0718160501
0.1425117416 0.007446989818 0.07347514853
0.1423681661 0.008771288555 0.0732339419
0.14267615 0.005896334816 0.07334093358
0.1408817692 0.01144989954 0.07380840481
0.1394630777 0.008249842039 0.08806184898
0.1394318506 0.007475020459 0.08859265625
0.1408427861 0.01126980655 0.07541989536
0.1426622418 0.004600219199 0.07388256527
0.14223514 0.005155846346 0.0749248389
0.1414651075 0.01038249048 0.07602497153
0.1422214012 0.006792316575 0.07473747186
0.1420884152 0.008233494626 0.07467318939
0.1424853354 0.004207743696 0.07465382015
0.1418188275 0.007639710044 0.07604394236
0.1416490498 0.009061135406 0.07605630092
0.1419277435 0.006351283147 0.07594389698
0.1406862756 0.01095630144 0.07710069063
0.1411021715 0.00996814776 0.07753009042
0.1417417267 0.005216144714 0.07679761905
0.1399775999 0.01190457336 0.0737251444
0.1397315889 0.01173927787 0.07621054794
0.1413768792 0.008441302062 0.07764262739
0.141591469 0.006921299028 0.07721793316
0.1414037605 0.004742562774 0.07853845471
0.1401627573 0.01107107196 0.07893881921
0.1408892334 0.009496044519 0.07918076553
0.07951818424 0.01133272121 0.1189809663
0.141348333 0.006300412184 0.07842948325
0.141316376 0.007506090906 0.07846400651
0.1411311534 0.008362989895 0.07914188842
0.1390891054 0.01214673228 0.07899428507
0.1397225612 0.01141711685 0.0814669636
0.1410578832 0.007431649607 0.07985616714
0.1404407419 0.01015305532 0.08103507233
0.1408585792 0.008804425933 0.08059336716
0.1409892191 0.005858278453 0.07979721001
0.1411361812 0.004268435012 0.08003780281
0.1381767274 0.01238770467 0.08162766786
0.1378439123 0.01261880163 0.07939826184
0.1387313357 0.01239412708 0.08092806809
0.1408570418 0.006910303431 0.0809356323
0.1407539542 0.007885918565 0.08154106301
0.1407047946 0.006022138084 0.08115112685
0.1375749703 0.0115690487 0.08021119735
0.1390481391 0.01214638727 0.08242198576
0.1404262993 0.009116948811 0.08250327789
0.1411481709 0.002524996787 0.08123904329
0.140858429 0.00371276895 0.081615084
0.138292624 0.01200478137 0.08311424773
0.1394089088 0.01154929665 0.08348412819
0.1405770062 0.006787785474 0.08227190574
0.1408174753 0.005017684676 0.08094857606
0.1405364031 0.005279653615 0.08228056084
0.1393473695 0.01140512978 0.08498202652
0.1404422329 0.007906741947 0.08286007614
0.1401196637 0.008569760385 0.08406819833
0.1399821485 0.009719771868 0.08404702932
0.1396507982 0.01066958476 0.08476853331
0.1399540836 0.01051622428 0.08302451552
0.1402310584 0.007060789146 0.08390294487
0.1386224743 0.01151245639 0.0854569955
0.1376484914 0.0104688158 0.0838735603
0.1377804543 0.01125404102 0.0826115744
0.1403781863 0.006136063543 0.08314459957
0.1401442197 0.005318532767 0.08413115195
0.1404763757 0.004064295094 0.08299165976
0.1396898297 0.009554905446 0.08566652082
0.1406937442 0.003006377999 0.08287540934
0.1395068149 0.01100174258 0.08650763128
0.1403698401 0.003143572098 0.08423928421
0.1396668384 0.01078920966 0.08600094319
0.1380962699 0.01113008354 0.08712332002
0.1399080481 0.007929774717 0.08544756627
0.1399981215 0.006651306098 0.08534043395
0.1386701964 0.01083932641 0.08868756509
0.1393991873 0.01025702739 0.08714653017
0.1374266669 0.0106211797 0.08598543989
0.1398752266 0.004231496317 0.08552261278
0.1398439116 0.005706746919 0.08610506444
0.1375441894 0.01076287644 0.0894256415
0.1396655914 0.008467144309 0.0867193571
0.1394420689 0.009278575443 0.0874209086
0.1391069484 0.0101823499 0.08839891726
0.1396924578 0.007165714426 0.08706480859
0.1391841826 0.009703720563 0.08842022213
0.1377296063 0.007977482866 0.08216249563
0.1377472997 0.007253422781 0.08358817135
0.1373803028 0.006160690009 0.08277861785
0.1372198976 0.01045527165 0.08633009959
0.1374242151 0.009960771386 0.08482272183
0.1375919832 0.009594297431 0.08322130268
0.1388042961 0.01044752039 0.08977369036
0.1374001182 0.006434574671 0.08119225051
0.1378336841 0.008503519439 0.0834081573
0.1377286671 0.009211098374 0.08329243884
0.1368869442 0.01053968082 0.08792141928
0.1388579154 0.009190860201 0.0894501056
0.139605997 0.005866726071 0.08776899808
0.1374335799 0.00927841814 0.09070795999
0.1376070867 0.005937730064 0.0846833096
0.1375684026 0.009593005851 0.08529307822
0.1379320404 0.008277793391 0.08468452973
0.1367504887 0.009866149363 0.09141311588
0.1382665877 0.008846036689 0.09053962517
0.1395200646 0.00678111288 0.08842123133
0.1380538438 0.00831683152 0.08619292704
0.1379735128 0.007294973083 0.08554118876
0.1392818949 0.006982547276 0.08954872693
0.1383891348 0.007790384213 0.09172180815
0.1378475729 0.009137554 0.08583972258
0.1377955318 0.006124968523 0.08661168957
0.1362643515 0.01035534151 0.09267067697
0.1370521251 0.008616215168 0.09291286557
0.1376902608 0.008306342756 0.09198414068
0.136392726 0.009708648334 0.09372900061
0.1375448801 0.0100611243 0.08811266243
0.1381244391 0.008774528961 0.08747497521
0.1358114717 0.01101983069 0.09424346285
0.1390395244 0.006994246445 0.09100804588
0.1388429674 0.006625630623 0.09268754974
0.1388517408 0.007076720453 0.09216656126
0.06028769435 0.008859828101 0.09135517439
0.06185714189 0.007228569339 0.09252657386
0.06206182465 0.008241971616 0.0924251329
0.1380347754 0.006695666113 0.0883375259
0.1381254823 0.007630464442 0.08715394073
0.1374926769 0.007704589443 0.09387511815
0.07634416118 0.00433364841 0.1070042601
0.0611101104 0.005106624812 0.09367640883
0.05897385486 0.008510883502 0.09310670055
0.06033099093 0.007535539878 0.09222911367
0.06123488558 0.01072612036 0.09234182643
0.06014584022 0.01009525019 0.09204423408
0.1381539691 0.007140061554 0.09344573895
0.1388689396 0.006429395725 0.09185507421
0.0600037704 0.006549294954 0.09374451312
0.07969650063 0.006003559447 0.1090347314
0.1363334523 0.01095597526 0.09194464893
0.04906330774 0.005486680099 0.09163588651
0.05132845518 0.009194171774 0.09326454529
0.0568630087 0.007450119104 0.09357116172
0.06464437713 0.005827122769 0.09621139648
0.1371759095 0.01062211501 0.09051779885
0.1360756286 0.01006737373 0.09500651431
0.1364400135 0.009115744684 0.09499670947
0.05121069732 0.01112688322 0.09338662201
0.05803938562 0.01085483347 0.09292840079
0.05680193165 0.009930314254 0.09267899146
0.1382962688 0.008181804027 0.08831794952
0.1356227914 0.0105707138 0.09645954499
0.0505421892 0.006078146696 0.09215891664
0.05155147586 0.007740609186 0.09317781851
0.05179203105 0.006327192641 0.09226172647
0.05255858471 0.00902195534 0.09285372046
0.05293046282 0.00800902956 0.09238668052
0.05361832357 0.006747838382 0.09257154607
0.05278894939 0.01124302671 0.09350091664
0.05514779872 0.01078484245 0.09297769174
0.05430236009 0.0118601175 0.09377086604
0.05367998125 0.01032985808 0.09282705722
0.05445958414 0.008874462169 0.09254192981
0.056327213 0.005368952012 0.09363407861
0.05630116877 0.01170419427 0.09350216509
0.05517750258 0.009714865323 0.09257587127
0.07976248624 0.005161213949 0.1102554327
0.06097770269 0.01165444028 0.09392357185
0.06457473828 0.01162306397 0.09519848717
0.06176167937 0.009302490365 0.09261851139
0.06986503762 0.00966014986 0.09966224127
0.1355129524 0.01113786242 0.0950698021
0.1366563732 0.008265736547 0.0959504723
0.1383395726 0.006769961582 0.09375668643
0.1373425301 0.006994513869 0.09528545099
0.07884009991 0.00762511385 0.1074417102
0.137918468 0.009582629798 0.08879719579
0.1358010139 0.009621474356 0.09743627277
0.04899619296 0.00907712815 0.09314434404
0.0481188321 0.007299038321 0.09705436038
0.05012168296 0.01025602657 0.09331824993
0.05215134282 0.01127179624 0.09398660999
0.1383485545 0.007869419672 0.08947318218
0.1375798146 0.01043954601 0.09082030016
0.1355253084 0.01157281964 0.09544638092
0.08143066487 0.006406520778 0.1109940065
0.1382576438 0.006874304376 0.08984632022
0.1384228989 0.008864609974 0.08973673063
0.137187575 0.01097849391 0.09225998043
0.1366499779 0.007805653293 0.09640658577
0.05417786112 0.01200956575 0.09438520416
0.08379644345 0.008417010808 0.1115462511
0.1350328534 0.01159208739 0.0978123609
0.1345720334 0.01217387606 0.09870114323
0.135277026 0.01124174822 0.09861380163
0.04918632587 0.007716568693 0.09457916068
0.05491648177 0.01188443017 0.09452747625
0.0566759111 0.01213535552 0.09389144374
0.05868925238 0.01209811228 0.09597292114
0.05614876307 0.01177160099 0.09539157751
0.05785546037 0.01219388903 0.09366552544
0.06286043526 0.01261210645 0.09637257226
0.1347904448 0.01192701239 0.09916002876
0.1361009594 0.008457297859 0.09742756091
0.1384575219 0.006538801923 0.09371192137
0.1378125028 0.00624596361 0.09522100899
0.1212297507 0.01415479505 0.11304414
0.1260292943 0.01372578336 0.1109239322
0.123286422 0.01403968982 0.1124589188
0.05170882178 0.009614819475 0.09468273503
0.05044628238 0.008867038516 0.09425787017
0.0545669144 0.01105509684 0.09586281581
0.08238390819 0.005277315803 0.1131474734
0.08303094414 0.006370545698 0.1131468519
0.06494961963 0.01242705199 0.1020008717
0.06533998443 0.01270576202 0.09985920913
0.06756378155 0.01283635888 0.1022579127
0.13855255 0.008295465332 0.09064677216
0.05092671254 0.007554135466 0.09799858692
0.05295678088 0.01062000962 0.09488726456
0.07883454039 0.0108574386 0.1072373396
0.06974605624 0.01215317916 0.1001651364
0.07896931869 0.009775442269 0.1065094666
0.08332936764 0.007319789972 0.1126491721
0.06258163904 0.0124116624 0.09851811885
0.1384125401 0.007062252817 0.09103107658
0.138197545 0.009887388995 0.09125011038
0.05393197849 0.009739405351 0.0983597425
0.05503157577 0.01010140353 0.09930627707
0.08343921052 0.005309352633 0.1142674671
0.07031676663 0.01252726013 0.1019882351
0.1348505743 0.0121988273 0.09744952669
0.1364789072 0.007472788704 0.09704256862
0.05138136327 0.006225915371 0.10008589
0.05334146172 0.008398129262 0.1001877756
0.05260926077 0.008521199144 0.09855653304
0.137282252 0.01108231515 0.09322814147
0.1342677567 0.0125747398 0.09939987929
0.1369673911 0.006562784497 0.09652214711
0.1376571181 0.003034583056 0.09877872577
0.05203789589 0.007548911207 0.09977580057
0.05414131388 0.008748536046 0.1013090307
0.05712775426 0.01177321882 0.09872598723
0.0592219669 0.01200874219 0.09852232047
0.0618249577 0.01218115151 0.1006150994
0.1386323851 0.009119520634 0.09176394648
0.1346563765 0.01140663473 0.1000175273
0.1354949295 0.009214900391 0.09893233347
0.1381588105 0.007026531298 0.09244360986
0.1381475658 0.0102299799 0.09248627299
0.1344123539 0.01245933076 0.1003208107
0.1340783939 0.01240351059 0.09982285819
0.1342749321 0.01146033463 0.10095673
0.1350317462 0.01024271041 0.09950500602
0.0557862108 0.01106860156 0.1003421195
0.05536987711 0.01009048233 0.1008014506
0.08379498212 0.007686607741 0.1138705531
0.1383105357 0.008174718399 0.09259944946
0.1361553097 0.01162812046 0.09470170008
0.1357318467 0.01200419297 0.09642746097
0.1338666747 0.011922245 0.1011495233
0.05233370207 0.007038362102 0.1008674106
0.05204294615 0.005897450245 0.1010969434
0.05787533729 0.01191392338 0.1008456764
0.1357075044 0.008094069815 0.09883810682
0.1362860824 0.006936001596 0.09823830289
0.07400178509 0.01221748803 0.1061561137
0.08334506456 0.009680403329 0.1117210478
0.1372117688 0.01121268662 0.09437442643
0.1369838334 0.003650489533 0.1007378083
0.08230900878 0.009140965396 0.1125862616
0.13755098 0.007124215192 0.09455565978
0.1373247142 0.01076650205 0.09463984147
0.1343821332 0.0121521874 0.09949757473
0.1337110905 0.0117780335 0.1013396675
0.1343988071 0.01052520273 0.1011425693
0.1363210611 0.006126048525 0.09866671764
0.1369271044 0.005869479516 0.09720534544
0.05292022893 0.006135884677 0.1024501807
0.05304761056 0.007384110179 0.1016708325
0.05498562031 0.009482241336 0.1022654808
0.1336190791 0.01049444922 0.1040540796
0.06688916958 0.01203816104 0.0970743963
0.1359554124 0.01153877346 0.09680841698
0.1349067646 0.009171083894 0.100803486
0.05602953371 0.01091270218 0.101773584
0.06216422959 0.0122175747 0.1026351215
0.1337000039 0.01125377663 0.1020501119
0.1373472181 0.01046262113 0.09522777597
0.1381422974 0.009721854487 0.09321849402
0.05694628306 0.01142980752 0.1027843649
0.064082875 0.01222002683 0.1038308167
0.06834340073 0.01243003191 0.1044617896
0.08214513936 0.008620057176 0.1139455901
0.08138799211 0.01087035378 0.1106415397
0.07841303338 0.01112405409 0.1100143788
0.1360810905 0.01107574524 0.09740170245
0.1340164303 0.01106938497 0.1016356942
0.1357003123 0.006616000591 0.1000589208
0.135590145 0.007475360946 0.09949778392
0.05416968864 0.008099335839 0.1028080049
0.1378048971 0.008384696977 0.09439943799
0.1338573316 0.01049470851 0.1024538701
0.135257142 0.007227154879 0.1011599428
0.05627402806 0.01057281295 0.1033686097
0.05564405298 0.00938379296 0.1038730697
0.08057170066 0.009978306532 0.1119281308
0.05379968933 0.006605950615 0.1035172036
0.05485696041 0.008023551302 0.1040803737
0.1344788403 0.01158204619 0.09995189799
0.08237926419 0.009197937674 0.1145928583
0.133622903 0.01164854628 0.1015828312
0.1334286187 0.0106806869 0.1032784045
0.13492129 0.008111995155 0.1022442305
0.1344110478 0.009006173604 0.1026761102
0.135404257 0.003801574729 0.1043871383
0.1361025767 0.003927295538 0.1019913782
0.07293225531 0.01141562587 0.1084124884
0.07082893245 0.01184143469 0.1067055432
0.1344799064 0.01092028364 0.1010144747
0.1334192781 0.01116832906 0.1025928493
0.1332841661 0.01116579694 0.102935922
0.1352869046 0.008068701747 0.1004363461
0.05579079261 0.008479259248 0.1051656767
0.1362674069 0.01065034792 0.09791314807
0.1373595623 0.009257398804 0.09571556784
0.1353154655 0.00443144203 0.1032607039
0.1353005044 0.006213170443 0.1013527345
0.06616794076 0.01185314328 0.1065202446
0.133682805 0.009751817952 0.1040928017
0.0544681519 0.006691695202 0.1045502606
0.05746178679 0.01127219028 0.1042952867
0.05677038159 0.01004905884 0.1050482959
0.1329770024 0.01061178641 0.1043230872
0.1349092368 0.0042571611 0.1049678048
0.07056375114 0.01150075534 0.108350354
0.1363000589 0.005521242247 0.09723629701
0.1351742602 0.01039244242 0.1009914838
0.1330863293 0.01052002952 0.1043439992
0.1329747508 0.01080410835 0.1040167183
0.134698674 0.007143966595 0.103294879
0.1383113973 0.004878643374 0.09286142587
0.1379294712 0.004822472398 0.09503010762
0.1383293877 0.005501929547 0.09384802993
0.05563218734 0.006619641575 0.1064122054
0.1366151337 0.009927689387 0.09787227063
0.1328000955 0.01048117542 0.1050919936
0.06361731431 0.01162642008 0.1069966085
0.1367730041 0.007987583318 0.09708553722
0.1329909535 0.009994770947 0.1058576216
0.1342070907 0.008381294162 0.1048017281
0.1344018217 0.004000435658 0.1070640761
0.1350340984 0.005223983195 0.1027735037
0.0613632145 0.01146194238 0.106887688
0.08315801493 0.009774773921 0.1150380737
0.07893547997 0.0105105697 0.1125719375
0.134425534 0.004619675337 0.1057478781
0.06804730839 0.01140626679 0.1084743874
0.08732155922 0.008990594923 0.1171709947
0.1337626942 0.004239138315 0.1089474211
0.134024922 0.005297374606 0.1055536202
0.1342603017 0.006347837765 0.1046059409
0.1348671029 0.006203719132 0.1026025586
0.1326309331 0.01014740564 0.1067595843
0.1325904271 0.01024265373 0.1059948678
0.09032448865 0.006052430646 0.1184874718
0.1358485563 0.008126284907 0.09925778404
0.1363031902 0.008119571529 0.09828647895
0.1330450561 0.009529235542 0.1068749295
0.1328444178 0.009874028548 0.107525126
0.1334676115 0.009337569379 0.1059830065
0.1333882938 0.008737895022 0.1072834533
0.07597545125 0.01072381498 0.111954744
0.08436891044 0.009751503178 0.1162987331
0.1352313038 0.007135540236 0.1004450529
0.1337875252 0.005166409755 0.1079491929
0.1338516585 0.005981369137 0.1067324831
0.1339350982 0.0111139191 0.1032359373
0.1320797506 0.01109908028 0.1063204282
0.1319433674 0.01034073751 0.1080884052
0.133209962 0.009337117578 0.109265525
0.1334260578 0.008135993947 0.110012397
0.09248266584 0.006244435726 0.1194654622
0.1335962822 0.00667436284 0.1092960178
0.1339615189 0.007163481575 0.1065063764
0.133690318 0.006362175268 0.107949302
0.1335627079 0.004797124563 0.1108746554
0.1335905083 0.00572327857 0.1092563873
0.1349018918 0.008388258989 0.1012486885
0.1347336474 0.007230898866 0.1015376663
0.1201292967 0.007949488858 0.1170255588
0.1182804759 0.008091948286 0.1182729975
0.07510595617 0.01018558853 0.1128356214
0.1343929389 0.005985882393 0.101978629
0.1348678376 0.005813406113 0.1008793843
0.132945244 0.009308426356 0.1111444736
0.1325816404 0.009686424425 0.1091955142
0.1321922006 0.01180987088 0.1058231403
0.1313377974 0.01022437474 0.1101362594
0.1319596042 0.009793078036 0.1107189247
0.1334273348 0.005368073497 0.1129734028
0.1341464166 0.009649941956 0.1026307614
0.1336534904 0.01188613043 0.1036235027
0.1325162468 0.008187904985 0.1126775243
0.1333177376 0.006971229228 0.1120905119
0.1334567306 0.006145248555 0.1110688208
0.1333574066 0.006175282466 0.1124847242
0.08945187914 0.009515987105 0.1191208697
0.132210501 0.009269833245 0.1125067103
0.1316217674 0.009532660586 0.1124505298
0.1330744282 0.006037000608 0.1137031831
0.1302941649 0.009937450391 0.1115876663
0.1313993744 0.008712391632 0.1140660405
0.1326812216 0.006809616838 0.1136646917
0.1328023454 0.0050200886 0.1154333376
0.08150527773 0.009908642167 0.1163174928
0.09459783286 0.008762817988 0.1202488871
0.09117849899 0.00969256073 0.1195963854
0.1308988852 0.009255084436 0.113385072
0.1322548192 0.00578815141 0.1152116131
0.09270848582 0.008477037345 0.1198500553
0.1330385727 0.01142461756 0.1049111832
0.1316509605 0.007093533847 0.1147418756
0.08513106389 0.009960965019 0.1176174941
0.08668813489 0.01021306056 0.1181253072
0.1294515147 0.01064002909 0.1106248537
0.1324606797 0.006557132001 0.1056928761
0.1322626535 0.005170650663 0.1058526912
0.1330252818 0.007139318147 0.1049672213
0.1304798473 0.007650680613 0.1153579537
0.1071113579 0.00558870096 0.1210245825
0.1308931891 0.01253455614 0.1076711991
0.1323582591 0.01213918366 0.1061847449
0.1279282659 0.01089118339 0.1117624656
0.1304470555 0.01214865605 0.108002617
0.1312631865 0.005421181832 0.1163811972
0.09395210634 0.009825795244 0.1202427678
0.0753379184 0.01070492361 0.116030377
0.1305597107 0.01293484802 0.1082061678
0.1288644001 0.00950575557 0.1137353735
0.1297164268 0.009389563425 0.1138407168
0.1300113707 0.008518508141 0.115061562
0.1306323774 0.006193612959 0.1159167159
0.09103211673 0.01041567146 0.1194391718
0.09658628348 0.008988011843 0.1205028832
0.09574603431 0.01008348853 0.1205811303
0.1284027363 0.01004047 0.1128556956
0.1290444563 0.007605796351 0.1151727878
0.1307893105 0.004623775435 0.1173074813
0.1316024991 0.007772923271 0.1066522876
0.132601671 0.008832456704 0.1056482807
0.1286288417 0.008612944052 0.1150110376
0.1301114019 0.004950525741 0.1171886408
0.08512173061 0.01063818062 0.1176499013
0.09572571218 0.01058200407 0.1205804133
0.09115677536 0.0107663087 0.1193686222
0.1313553221 0.00919485403 0.1069866568
0.1272395902 0.01271875118 0.1112817883
0.1285713367 0.0134549721 0.1100153528
0.1268608062 0.01141774892 0.1125591836
0.1294474804 0.006554797703 0.116008247
0.129611124 0.005691655504 0.1166281957
0.1009533002 0.005845809163 0.1214417797
0.1303963639 0.01270386228 0.1084753376
0.1316105025 0.01266092353 0.1075511336
0.1278426278 0.009483017304 0.1145260127
0.08961695809 0.01115477927 0.118794621
0.1007546819 0.007657932673 0.1212415784
0.1274987665 0.01394341077 0.1102367404
0.1276555184 0.006941128746 0.1159317809
0.1286396305 0.005948064415 0.1167075609
0.1285874288 0.004896641983 0.1173664544
0.0941097092 0.01113309627 0.1200995425
0.1302065587 0.008757968786 0.1079340602
0.1293170226 0.01231151204 0.1092012448
0.09794764105 0.01075936898 0.1211838491
0.1252450016 0.01212591521 0.1136501445
0.1268277048 0.008420403965 0.115487038
0.1019433894 0.006041747543 0.1214707316
0.1284012882 0.01191102445 0.1098127098
0.1014970408 0.008562991857 0.1212816214
0.1032471686 0.006376166459 0.1213888494
0.1044178477 0.005742096531 0.12220908
0.1273480174 0.005542300639 0.1171459246
0.1047569897 0.005022518773 0.1213835083
0.1283149537 0.008412628731 0.1097611375
0.1293217219 0.008517909546 0.1087308407
0.1235352586 0.01297669219 0.1138810845
0.1254717612 0.01108723221 0.1145010319
0.1249755377 0.008908503852 0.1159169552
0.1265328247 0.009173236748 0.1151452987
0.1263530958 0.006127443167 0.1169902058
0.1255735777 0.007185421697 0.116534181
0.1270065095 0.004418607202 0.117502029
0.09938634495 0.01066128753 0.1210522958
0.09209901102 0.01145314601 0.1194254086
0.1020353178 0.007180985891 0.1213286089
0.1276418046 0.007699935194 0.1105997996
0.1266773964 0.007045080558 0.1116571055
0.1238692743 0.01132920271 0.1154615571
0.1257653613 0.004930136283 0.1173301552
0.1055095393 0.005713201313 0.1211917756
0.106844866 0.00476614476 0.120978665
0.114657113 0.004553434889 0.119319727
0.1224614743 0.01387696901 0.1122559325
0.1262249707 0.01228392022 0.1109581221
0.1260485839 0.0132111782 0.1109858139
0.09654781501 0.01139483278 0.1201313724
0.1266440612 0.01087984995 0.1109205938
0.127043168 0.009782333457 0.1106270833
0.1240529381 0.0124641544 0.111927581
0.1202334415 0.01393621382 0.1128834235
0.1213832131 0.01342397806 0.1144773409
0.1236899409 0.00924442805 0.116398321
0.1236794034 0.008108916705 0.1169499368
0.08818014158 0.01200023162 0.1179117515
0.08846153878 0.01177989877 0.1182262675
0.1217382372 0.01184909282 0.1159521896
0.1242736221 0.006114462127 0.1174034002
0.06982689675 0.005921115792 0.1167154024
0.107311497 0.005927150119 0.1208475908
0.1128030401 0.00572282273 0.1197924959
0.1139026158 0.005721741999 0.1195410541
0.1171148655 0.006052612207 0.1187671673
0.1200969591 0.01359320716 0.1130455535
0.118770424 0.01397385559 0.1139506537
0.1237650331 0.01006885854 0.1162333381
0.1217371197 0.01094616633 0.1166776951
0.09317401173 0.01205199137 0.1186271829
0.1160525562 0.006577654502 0.1190460458
0.1154997364 0.005296076122 0.1191397324
0.1243894425 0.006015347029 0.1136917914
0.1165172468 0.01453803119 0.1137973934
0.1170531725 0.01415317269 0.1138626922
0.1225084009 0.009588446032 0.1167286833
0.1223446743 0.00856688193 0.1170427229
0.1173219842 0.007320574104 0.1186384654
0.122317581 0.007954628658 0.1152362291
0.1226793365 0.007264191111 0.1174330519
0.08137388557 0.01143146262 0.1175168065
0.09231982993 0.01242699209 0.1179431729
0.1210142837 0.01154368521 0.113589065
0.1118090085 0.01486135041 0.114909669
0.1137811743 0.01456725244 0.1145696414
0.1179171581 0.01315483366 0.1140406004
0.07214701655 0.004264532853 0.118413162
0.07727093816 0.01091111368 0.1185128495
0.07938234481 0.01138916518 0.1179525772
0.08290324039 0.01177608392 0.1175802183
0.0995703349 0.01210419756 0.119011597
0.1126389106 0.007148778945 0.1197388063
0.1185952152 0.009038729648 0.1178637874
0.1162197677 0.01324667288 0.11461042
0.1159205868 0.01387000234 0.1143328514
0.1196364784 0.01102567657 0.1167568927
0.09424152626 0.01271281248 0.1178488391
0.1052189672 0.01049591071 0.1203182193
0.1189399582 0.009704307154 0.1172947249
0.1193821929 0.0109529302 0.1156733396
0.1141017238 0.01383710465 0.1150051189
0.109307513 0.01489894066 0.1153149868
0.118862997 0.01198538729 0.1143035264
0.1126281674 0.01436330057 0.1150030434
0.1179478445 0.01156295691 0.1162320603
0.1208225729 0.01265756533 0.1154760259
0.08993476545 0.01268194031 0.1176470509
0.09221849603 0.01305412361 0.1176571199
0.09859357929 0.01271157016 0.1183824715
0.1024435987 0.01251561335 0.1187545195
0.0965901571 0.01339039396 0.1177922313
0.117095925 0.009606803346 0.118545187
0.1063522512 0.01472953582 0.1161858953
0.1103247295 0.01436768797 0.1156784225
0.1047406794 0.01491661488 0.1162504224
0.1153208001 0.01273265119 0.1158196299
0.1172648974 0.01179202994 0.1162343568
0.1170344495 0.01237581337 0.1151197282
0.1138548539 0.01356883969 0.1154464074
0.1096767258 0.01421699459 0.1159252504
0.1140545028 0.01405152151 0.1147353631
0.1161507521 0.01144605008 0.1162249827
0.1164696538 0.01282706745 0.1150374692
0.118788684 0.01299589542 0.1150212605
0.1209275768 0.008547067195 0.1173521546
0.1058779113 0.01195371152 0.1191565349
0.1080129191 0.01403157203 0.1176459
0.1031017506 0.0141481542 0.11754692
0.1094688814 0.01341697021 0.1181014277
0.1112690296 0.0136190931 0.1169696977
0.1121719364 0.01359734583 0.1163660864
0.116949771 0.011591039 0.1170089861
0.1167832108 0.01006951863 0.1169889335
0.1186697128 0.008841308179 0.1174824164
0.1018409102 0.0137740827 0.117771384
0.1083671151 0.01211251364 0.118959294
0.1077782087 0.013201245 0.1182743557
0.114151896 0.01245422134 0.1178772151
0.1079138498 0.01413666714 0.1171730961
0.1119295345 0.01338855644 0.1156435251
0.09165562686 0.01324737983 0.1179716761
0.1135028716 0.01236808981 0.1185057427
0.1128489346 0.01253210827 0.1156086003
0.1188726228 0.006866640629 0.118137317
0.11655525 0.007939300542 0.1182244567
0.08898678094 0.01296967846 0.118127776
0.10418575 0.01438419386 0.1172514159
0.1145182729 0.01073053371 0.1166823561
0.08114347239 0.01146499365 0.1196648303
0.09332977959 0.01344140654 0.1182418022
0.1023701852 0.0139632119 0.11806814
0.1057629828 0.01380068532 0.1174558499
0.1061350572 0.01492435408 0.1159435911
0.1079810969 0.01491159634 0.1156306576
0.106608545 0.01428018351 0.116633863
0.1125832068 0.01113983529 0.116692944
0.1145943633 0.01234396056 0.1154194139
0.1146132194 0.00921363624 0.1178050552
0.1046595734 0.01426899878 0.1173165579
0.1108157642 0.01214674192 0.1166462078
0.07722255518 0.005905105289 0.1214041376
0.09763035028 0.01354223884 0.1178077103
0.09700040411 0.0136184702 0.118301253
0.1037792097 0.01361002161 0.1182477443
0.1071665902 0.01340674492 0.1174008365
0.1086783137 0.01392593563 0.1164893141
0.1098604079 0.01273097332 0.1167513245
0.08265635748 0.01177508493 0.1198223901
0.0842151366 0.01173895785 0.1202910805
0.09978646818 0.01383914043 0.1180889761
0.1001433776 0.01344419351 0.1189264391
0.1130958045 0.009772909758 0.1174937057
0.1126057548 0.008418387376 0.1185098172
0.1041444652 0.01301802285 0.1188811954
0.1112777443 0.009408048174 0.1178370299
0.1107896309 0.01069078998 0.1173657466
0.1391717628 0.001372211064 0.08877847447
0.1389223901 0.002045296661 0.08951256087
0.1391934089 0.002235405515 0.08854350777
0.1389452268 0.003384406213 0.08957948301
0.13914335 0.004618703811 0.08920558971
0.139261945 0.003439219038 0.08826658216
0.07877118019 0.007270324929 0.1217184388
0.09773707335 0.01325944728 0.1193367533
0.1033297235 0.01400202629 0.1178906157
0.1082342888 0.01251827676 0.117581631
0.1381452963 0.002743475048 0.09303326361
0.1393418427 0.005507489199 0.08887626609
0.1390215919 0.005914827001 0.09035245303
0.1396605879 0.004674772779 0.08676699279
0.1394188275 0.004645028694 0.08796720608
0.1051143166 0.01371029192 0.1177925145
0.1050465506 0.01225358297 0.1194760558
0.1072201112 0.01240535236 0.1182199185
0.1099461689 0.008340578919 0.1188114768
0.1098176924 0.009734492654 0.1182573642
0.1110596307 0.008298055075 0.1185932889
0.1107786622 0.007080505358 0.1190591412
0.07992976474 0.007626364815 0.1217879358
0.1058166759 0.01285000089 0.118506041
0.1095175949 0.01120488 0.1177489434
0.1087283089 0.008742711487 0.1192506509
0.1088109804 0.0101185283 0.1186521664
0.1395612032 0.00355354515 0.08706025744
0.1395849698 0.002191254696 0.08732507141
0.1063102905 0.01204817502 0.1190168025
0.107509987 0.01155115368 0.1185536195
0.1382179964 0.004080233187 0.0932892218
0.1384880887 0.004290271539 0.0914496422
0.1384198242 0.003344558715 0.09160298503
0.08933504965 0.01099027854 0.1215318245
0.1054556966 0.01139150455 0.1199448348
0.1067410414 0.01076328253 0.1194411389
0.1091718053 0.00708794604 0.1194381037
0.1386465375 0.005828287326 0.09212191116
0.1384593091 0.006280741056 0.09349220599
0.08029852184 0.006357162947 0.1218688454
0.0820820764 0.005758098881 0.1219422019
0.1058143612 0.01075004204 0.1200234677
0.1072013003 0.0087772001 0.1200517559
0.1063282319 0.00985118683 0.1201152314
0.1075175397 0.00974963539 0.1194651549
0.1078286447 0.007243412494 0.1201167434
0.1097560432 0.005327019397 0.1196921547
0.1388361964 0.004559167704 0.09038294851
0.1386868723 0.003759181447 0.09072327099
0.0845108938 0.008827234461 0.1219816576
0.08591998344 0.009214108927 0.1219972612
0.09033212768 0.01012402713 0.1220732908
0.08869606616 0.01007702805 0.1219332952
0.09816085736 0.009211537959 0.1226576155
0.1065043599 0.007399121359 0.1208346617
0.1084346242 0.005872087741 0.1201403712
0.139389162 0.006260519135 0.08901538412
0.08365872367 0.007613329633 0.1220908308
0.09147536299 0.008979153322 0.1225952224
0.0859228341 0.007643309786 0.1222998814
0.08707156255 0.008837231204 0.122224904
0.08987402826 0.009030210881 0.122454673
0.08875297388 0.008404331394 0.1224935515
0.09686482397 0.008611036069 0.1230026875
0.1397220759 0.003794620038 0.086299017
0.08387282037 0.006164111416 0.1220823938
0.08748118221 0.007436254034 0.1224574611
0.1058813866 0.005548570212 0.1216766139
0.08547735693 0.006209167259 0.1222111975
0.0872650622 0.006211249134 0.1223625707
0.08868333807 0.005263123297 0.1223139504
0.09003643536 0.007429398546 0.1227001835
0.09553130265 0.008131062476 0.1230673841
0.1021878928 0.006553194481 0.1226579897
0.1031986008 0.007866556172 0.1221613711
0.09040123723 0.005683209993 0.1225117315
0.09156489093 0.006927403192 0.1227792494
0.09271144098 0.007332305548 0.1228746333
0.09302646671 0.008793034758 0.1228105356
0.09388023007 0.007918202462 0.1229692897
0.09656758829 0.007094048424 0.123130187
0.09288377517 0.006044180497 0.1227349925
0.09418517653 0.006603188153 0.1229044076
0.09561063081 0.005735038076 0.1229168085
0.09824999989 0.007676999855 0.1230879997
0.09941210056 0.006502999644 0.1231410158
0.09397752433 0.005401088226 0.1227249666
0.09744330704 0.006128966702 0.1231147266
0.1321135696 0.01231003357 0.105856895
0.1365948314 0.004840441439 0.09892393956
0.1364440565 0.005405434557 0.09860244299
0.1371075164 0.004916665693 0.09716205438
0.1380034915 0.003413603486 0.09595609557
0.1378758947 0.002713246423 0.09719279472
0.126741853 0.0101163533 0.1141390856
0.14032579 0.001768944872 0.08495702851
0.1399574547 0.002717192451 0.08594800236
0.1386694823 0.002751964383 0.090456228
0.1409369369 0.002508707783 0.08219150637
0.1411741976 0.001596703679 0.0818700108
0.1394021616 0.001588204691 0.0879848521
0.1253522945 0.01011167216 0.1154355275
0.1399515571 0.001554221117 0.08625872645
0.1171892777 0.01091334378 0.1178523823
0.1358293261 0.005102722334 0.1001508918
0.1360367027 0.005866811744 0.0996794716
0.1204112004 0.01279840482 0.1132567267
0.1378439068 0.00550560155 0.09558866304
0.1376347355 0.003785017061 0.09870136451
0.1211933608 0.00980094598 0.1168389128
0.07854280202 0.01065827101 0.111312184
0.1342362806 0.009761192236 0.1022022967
0.1386673171 0.005176776095 0.09136246488
0.1380562314 0.004509815647 0.09543228231
0.1386624158 0.001773838084 0.09028552736
0.1388861152 0.001020103885 0.08964058512
0.07719092013 0.01027334299 0.1196903381
0.1396729703 0.00127079631 0.08723834366
0.1370915168 0.004282107421 0.1003862416
0.1364421905 0.004558364558 0.1002259492
0.1383961776 0.002149802477 0.09131274384
0.1040690331 0.01301956676 0.1183964388
0.1354906542 0.00585106244 0.100769586
0.1207823931 -2.293409250e-05 0.1164151714
0.1402533885 0.0006781579188 0.08556404622
0.1356626129 0.004740616911 0.1018748981
0.1405444362 0.01099286387 0.05716370979
0.05227145795 0.01024699674 0.09331862253
0.1404283817 8.831524733e-06 0.08472404827
0.05874848259 0.01206810992 0.1023001768
0.1407530456 0.001876944869 0.08334846542
0.1373691179 0.00453723301 0.09819395199
0.1416378291 0.008973326224 0.05644226656
0.1220583972 -5.910487931e-07 0.1180250923
0.09754668441 -1.123877510e-08 0.1225975415
0.09656934539 -7.117999008e-09 0.1224705334
0.1354809202 -1.060560936e-05 0.09804330199
0.1355543139 4.252812955e-05 0.1046009239
0.127576872 6.950259632e-06 0.116433147
0.1268312641 7.527116007e-06 0.1166120587
0.09599533527 -6.516426577e-09 0.1224061878
0.09507689426 -1.466575471e-09 0.1223271116
0.1026958107 -1.166401437e-08 0.1230083756
0.1016836497 -2.904775135e-08 0.1230384668
0.1336920306 -2.596687010e-05 0.1026248388
0.1341367081 -2.279457653e-05 0.101574493
0.1398305817 0.01189284569 0.05579231878
0.1392160545 0.01290877969 0.05557203304
0.1388454275 0.01374558583 0.0571812601
0.1411084216 0.00965599047 0.0557495896
0.1412434217 0.009120569966 0.05526911147
0.1433617288 0.004753879262 0.05603294805
0.1424140116 0.006721812139 0.05482170639
0.1418899185 0.008175401429 0.05584108805
0.1406462031 0.01042599124 0.05574443952
0.1401683355 0.0112054022 0.05559241113
0.1442024657 0.001447089756 0.0559063627
0.1437266532 0.003345959538 0.05532568964
0.1439958303 0.002303814215 0.0553287657
0.1375249331 0.009216269505 0.08068541565
0.1372935321 0.01307857065 0.07147416976
0.1384744448 0.01338831617 0.05427050812
0.1429883585 0.003271764023 0.0517152259
0.1374140531 0.007207001674 0.08057123022
0.1371263573 0.004530745402 0.08091249647
0.1375551677 0.009058087202 0.08154040074
0.1376107471 0.008138355262 0.08137188946
0.1396066633 0.001524207062 0.0406717197
0.1397110092 0.002466901349 0.04293310176
0.1406246687 0.001815849332 0.04348819031
0.1417663762 0.006508598899 0.0520864233
0.1426554491 0.005565783119 0.05283358012
0.1435924268 0.002574537646 0.05353586324
0.1413744228 0.007535139922 0.05281985185
0.1384787716 0.01401107195 0.05540082274
0.1389787154 0.01276046554 0.05449072767
0.1393444938 0.01222878669 0.05473968288
0.1407935359 0.009314820768 0.0542715604
0.1412092742 0.008702055939 0.05440146315
0.1430614708 0.004297801046 0.05308908304
0.1396695094 0.01165757915 0.05476400614
0.1407928045 0.009701024961 0.05487981386
0.1415089707 0.008015843457 0.0540408752
0.1400187373 0.01098566451 0.0546520706
0.140401502 0.01044593998 0.05481630378
0.1388330657 0.01330349159 0.0548432154
0.1433699548 0.003397793416 0.05337710475
0.1400288469 0.00166702969 0.04187808222
0.143939429 -0.0001108121629 0.05125465874
0.1421406731 0.001575257717 0.04586215317
0.1417325254 0.001877931396 0.045414942
0.1411737132 0.002118722393 0.04494199525
0.1254769488 -3.342791117e-05 0.02304436422
0.1260989574 3.376305408e-05 0.02825449173
0.1356115776 3.618387380e-05 0.09912765601
0.1233082044 1.469889713e-06 0.1175061855
0.143452456 -4.548558096e-05 0.02391267651
0.1240586644 -3.878060776e-05 0.02339019841
0.06950789142 1.913834527e-05 0.1003318966
0.06096244958 1.892913451e-05 0.09285516883
0.1323725935 0.0001211786129 0.1036403304
0.05327756908 1.275969713e-09 0.1043531553
0.05274000064 2.348238071e-09 0.1035881436
0.08938584686 1.338264388e-05 0.1185381037
0.05592435469 5.351454553e-08 0.1075970057
0.05510906396 5.052522362e-09 0.1066660335
0.1350235042 -1.644054987e-05 0.09933961553
0.1345556225 -1.912391696e-05 0.1005643265
0.09392275808 1.659634242e-08 0.1222280062
0.118263231 -1.917558508e-05 0.1180875676
0.1151157351 4.453525323e-06 0.1191591373
0.08730076562 6.000506937e-06 0.1172640163
0.08630315554 2.834447171e-06 0.1166544668
0.0934634009 1.191806028e-05 0.1202924206
0.09424898206 1.814461523e-05 0.1204301431
0.09230968553 1.449491563e-05 0.1199648963
0.1227372817 -2.574284489e-05 0.1147973525
0.1234882449 -2.682159916e-05 0.1141714187
0.1083633103 -8.541705325e-07 0.1216025148
0.1446882222 1.360213657e-06 0.06203772884
0.1447318876 2.219465332e-06 0.06319027281
0.04724141911 1.213781823e-05 0.09759723976
0.0466827469 7.878141778e-06 0.09730758155
0.1288212065 -3.451551044e-05 0.1094550993
0.07762896656 9.575808482e-06 0.1087401667
0.0512468862 1.796231293e-06 0.09294286835
0.05291214768 -1.275785976e-06 0.0933838424
0.05830587102 1.105553179e-05 0.09343480107
0.05738918399 8.368089685e-06 0.09379164311
0.05126552904 -1.639419170e-08 0.101225971
0.05201790782 4.980075128e-11 0.1025099993
0.05657431305 1.259261371e-07 0.1082651543
0.05849559993 1.803264692e-08 0.1100315966
0.05929655621 1.331573950e-07 0.1105587068
0.06974436562 -2.150141671e-07 0.1161976955
0.06816112042 -1.141169346e-07 0.1154937599
0.0711353315 -2.634657489e-07 0.1168165939
0.1278582062 -3.314547899e-05 0.1103810547
0.1191810631 -2.055444914e-05 0.1175510404
0.1200483141 -2.184642736e-05 0.1169466514
0.1255308827 -2.978556554e-05 0.1124645748
0.07633058002 -1.410121920e-06 0.1198620711
0.07550572033 -1.406456789e-06 0.1192600676
0.08195524341 3.180618515e-08 0.1215005394
0.09277214815 4.073079947e-08 0.1221695944
0.1044178673 -2.483929359e-08 0.1226939786
0.1003914333 -3.121411874e-08 0.1229454827
0.1223665459 -2.520745683e-05 0.1150990156
0.08358982385 3.796902240e-08 0.1215906095
0.1062954083 4.660529610e-05 0.121341229
0.09809227611 2.877288021e-05 0.121315486
0.06632791097 -1.205584149e-08 0.1146382763
0.07241154915 -5.268180533e-07 0.1174285131
0.08114825653 2.284144109e-08 0.121447392
0.08829207232 9.456674114e-06 0.1178790003
0.1132375516 1.794576079e-06 0.1205863493
0.1095750558 -5.081477060e-07 0.1209941976
0.06364360684 -4.604354032e-07 0.113257835
0.09982207813 3.350891414e-05 0.1217143953
0.09893553899 3.226717628e-05 0.1214970296
0.1006108141 3.849852367e-05 0.1218652941
0.1016848308 4.189591392e-05 0.1221258468
0.1323355462 -3.392453691e-05 0.1056089296
0.1305253102 -3.662675226e-05 0.1073704476
0.05048543365 -1.174134668e-07 0.1000071508
0.1328178255 -3.170897375e-05 0.1046814742
0.0563432826 5.278952954e-06 0.09381624025
0.05995206481 3.867108730e-07 0.1109676631
0.05388388401 -5.139171945e-07 0.09356905316
0.1115615419 2.468368124e-07 0.1207096188
0.0592650403 1.328596290e-05 0.09334911973
0.1445069441 -1.051679688e-06 0.06009297073
0.1443768562 -2.077498554e-05 0.05862883656
0.1245770449 -2.840674890e-05 0.1132747085
0.1239885759 -2.754663512e-05 0.113760278
0.04910508634 5.423078138e-06 0.09902764917
0.05809205053 2.574018723e-08 0.1096919453
0.05413086234 8.977331345e-10 0.1054443103
0.08347327678 -4.650748949e-06 0.1146134852
0.08245329406 -1.473959894e-06 0.1136368375
0.1124576838 1.905947426e-05 0.119848307
0.1136738079 1.427435056e-05 0.1195635156
0.06528720801 -7.653077225e-09 0.1141331685
0.1119173891 2.096753144e-05 0.1199714175
0.110414934 2.825991446e-05 0.1203447293
0.1108291111 -1.323401349e-05 0.1207029116
0.1365808747 -1.170179006e-05 0.08315244291
0.1365424178 -8.913570187e-06 0.08207151677
0.1455631978 -1.207079056e-05 0.02361584799
0.1392636404 -2.980067531e-05 0.06154943915
0.1402472874 -3.714898786e-05 0.06533180934
0.06130801254 1.373153046e-06 0.1118341241
0.08497191784 -1.510687858e-06 0.1157573892
0.04859478431 1.493669559e-05 0.09175793014
0.1027818452 5.024901647e-05 0.1220012788
0.1257070979 3.936567517e-06 0.1168672496
0.124205669 2.555050467e-06 0.1172459959
0.07896700512 1.532121688e-10 0.1210980017
0.1364925788 -4.746734052e-06 0.08664268618
0.07741762834 -7.022059220e-07 0.1204603542
0.09911237594 -2.464431270e-08 0.1228001501
0.129462375 6.914558900e-06 0.03549587
0.1432050636 -0.0001666160644 0.04783194112
0.1219095495 -2.455208990e-05 0.115485146
0.09490223946 1.939461853e-05 0.1205866401
0.1383424072 1.178931077e-05 0.09072518809
0.141363701 6.988005110e-06 0.08140265236
0.1410568387 7.742827094e-06 0.08260829743
0.05735891774 9.281467425e-08 0.1090091242
0.1423600739 -0.001970982782 0.02474294032
0.1439648771 -0.001669279754 0.02416938988
0.1382882994 -0.0008553660984 0.02933453991
0.1397256401 -0.001230870086 0.02735684503
0.140185668 -0.001077343844 0.0409639871
0.139755897 -0.001141112951 0.04014174386
0.1291854908 -0.00293296631 0.02988151882
0.127053087 -0.003048235006 0.0311380757
0.1291119659 -0.003056092913 0.03114284845
0.1418061442 -0.001181219662 0.04424212204
0.1407731836 -0.0008865618343 0.04213508171
0.1294980138 -0.001419625558 0.03979374226
0.1302908666 -0.001420442768 0.0415693209
0.1424763303 -0.0008798064145 0.04573337098
0.1312971238 -0.001439825125 0.04298417748
0.1320728189 -0.001404770216 0.04459163948
0.1325523105 -0.001212411972 0.04613130161
0.1330086428 -0.0006977801501 0.04779388521
0.1403032961 -0.002057098959 0.06567883543
0.1405481737 -0.001991985909 0.06802750593
0.1404647903 -0.001880930226 0.07040260057
0.14023683 -0.001772202818 0.07280054258
0.1394265375 -0.001575716585 0.07495212941
0.1426733055 -0.001679301497 0.04744199344
0.1435494208 -0.001475301326 0.05142503507
0.09711145184 -0.0007515849286 0.1209636982
0.09607496016 -0.00105801651 0.1206936068
0.1444822574 -0.0009201989475 0.06719439555
0.1446453514 -0.0007833585887 0.06625054858
0.1080268156 -0.0006972886718 0.1209926874
0.1063596357 -0.001350606533 0.1214773494
0.1220803095 -0.00120598623 0.1153851853
0.120741046 -0.000897131522 0.1164628006
0.09457901531 -0.0009118234759 0.1203395433
0.1332603686 -0.0005800521608 0.103733274
0.1328620767 -0.00101364193 0.1046894978
0.1381480948 -0.001277675649 0.09262270052
0.1384916129 -0.0009394133386 0.09069448079
0.1406272794 -0.0007740932346 0.08429590222
0.1410296311 -0.0006930310169 0.08291923893
0.1306749192 -0.0006111804267 0.114872847
0.1318538664 -0.0006185547716 0.1134067609
0.1359395283 -0.0005512865793 0.0965474678
0.1364950153 -0.002270199874 0.09536896203
0.1293749796 -0.0008669886515 0.1158112786
0.129974647 -0.001253898306 0.1154814811
0.1398309941 -0.0006846697749 0.08689496641
0.1393043918 -0.0007185836871 0.0885288173
0.1380075788 -0.0006819902887 0.09645792642
0.1371991101 -0.001885547275 0.08096727956
0.136614026 -0.001037977807 0.08207056263
0.1369670533 -0.002965864531 0.07970422132
0.1367020505 -0.0009680804829 0.07947654941
0.1439947259 -0.001303835544 0.05408657698
0.1377081238 -0.01456500825 0.05447174594
0.1368084471 -0.01392546071 0.05579579226
0.1375040684 -0.0156695055 0.05711444176
0.1370328425 -0.01373323237 0.05420286891
0.136291272 -0.01308707298 0.05456162058
0.1365528382 -0.01300068275 0.05388133357
0.1374164141 -0.01417640188 0.0581501574
0.1380494575 -0.01507623664 0.0594355444
0.1350055658 -0.009109972994 0.04832638379
0.1345884651 -0.009238583324 0.04862064551
0.1355387479 -0.009618354454 0.04936872396
0.1347343851 -0.008755662626 0.0478297567
0.1362183389 -0.01037608649 0.05059508967
0.1355807328 -0.01073664498 0.05130033924
0.1370785146 -0.01095739492 0.05172737163
0.1345165907 -0.01002746509 0.05022597278
0.1388234788 -0.01178757422 0.05348597115
0.1371683737 -0.01258738791 0.05337127583
0.137852677 -0.01339014536 0.05377569736
0.1358489852 -0.01189402846 0.05329542074
0.134501583 -0.01070070993 0.05220409547
0.1344444654 -0.01113268944 0.05400923448
0.1353337557 -0.01189395637 0.05509849509
0.135960823 -0.01208936727 0.05685961922
0.1367689833 -0.01209602258 0.05850066492
0.1376603963 -0.01231547318 0.05991751184
0.1383592367 -0.01436688925 0.06129065371
0.1382569892 -0.01201186131 0.06142359748
0.1385870381 -0.01197988314 0.06217509617
0.1387875524 -0.01185528695 0.06342240423
0.1391254145 -0.01197382012 0.06417187233
0.138500703 -0.01366704058 0.06365161234
0.1384338073 -0.01348569854 0.06287494107
0.1387993206 -0.01426205628 0.06359546414
0.1387463109 -0.01359149829 0.06585250794
0.1385787783 -0.01414921331 0.06597188038
0.1391468341 -0.01156613983 0.06600625233
0.1385388312 -0.01324694476 0.06804197609
0.1382186219 -0.01398248413 0.06835352899
0.1389993494 -0.01138035676 0.06830651753
0.1380839301 -0.01301066199 0.07035829965
0.1377596209 -0.0133611028 0.07049478952
0.1387725277 -0.01089707754 0.07043792883
0.1378933117 -0.01202089185 0.07188736215
0.1382976529 -0.01052431728 0.07249707886
0.1377867152 -0.009981252977 0.07389427377
0.1380583464 -0.007781351091 0.0751325512
0.1369942744 -0.01087783412 0.07686674178
0.138199825 -0.003605671296 0.07629705023
0.1371827689 -0.005972323266 0.07927113362
0.1380485559 -0.005702912049 0.07579753855
0.134798786 -0.007655237121 0.0464626083
0.13415998 -0.007824093424 0.04686259686
0.1353097164 -0.008285435448 0.04745369736
0.1346105241 -0.00713286758 0.04574489263
0.1368212477 -0.009701687772 0.0499373196
0.136569038 -0.008533959482 0.04839282831
0.1337883112 -0.009095337977 0.04888179992
0.1395355699 -0.01008711597 0.05260020854
0.1401901819 -0.01019900843 0.05402894619
0.1385926103 -0.01008660653 0.05145835089
0.1405278393 -0.008824562761 0.05282779429
0.1378189519 -0.009713973094 0.0504346701
0.1333191528 -0.009632856476 0.05057433953
0.1334699389 -0.009667689463 0.05318780634
0.1340371827 -0.01064048084 0.05467993842
0.134327248 -0.009808891209 0.05522254342
0.1354318164 -0.0097350173 0.05727310326
0.1363822079 -0.009724979749 0.05856866521
0.1371901586 -0.00977079453 0.05986555776
0.1380677357 -0.009632552379 0.06139321182
0.1388427472 -0.009453718891 0.06328823299
0.1389396985 -0.009365786709 0.06390567271
0.1391612629 -0.009373432441 0.06604224626
0.1392903305 -0.009087650095 0.06829801569
0.1392314086 -0.008899572609 0.07072373289
0.1388707155 -0.008640024376 0.07267415383
0.1381931087 -0.008142937159 0.07459616604
0.1372528008 -0.0129634496 0.07514794184
0.1407358772 -0.01141657997 0.02358821091
0.1382775461 -0.009408534162 0.02385858968
0.1408178574 -0.009205122805 0.02373758571
0.1383319501 -0.01142183916 0.0234273486
0.135909284 -0.009387439409 0.02367463526
0.1359331739 -0.01147096269 0.02331840311
0.1334962305 -0.009432618337 0.02337715591
0.13351013 -0.01147601645 0.02314243837
0.1310170444 -0.009303065036 0.02323253228
0.1312843324 -0.01123221336 0.02335516363
0.1289713179 -0.008986766866 0.02337296767
0.1293088656 -0.01076382188 0.02354086744
0.1307541664 -0.002933380528 0.03347364528
0.1298461716 -0.003148310843 0.03341004979
0.1317175264 -0.002924235149 0.03431240012
0.1299814718 -0.002956949155 0.0327901748
0.1286265919 -0.003033556063 0.03261241212
0.1288879239 -0.003108001482 0.03200459447
0.1276060625 -0.003120656651 0.03186508275
0.1324827072 -0.003070609 0.03537561703
0.1315323543 -0.003350914184 0.03578058614
0.1328914228 -0.00329732627 0.03657488741
0.1305281003 -0.003281207068 0.03452640872
0.1320327581 -0.003753603714 0.03763777688
0.1332444413 -0.003826159974 0.03854949648
0.1323726397 -0.004293373572 0.03967007396
0.1335946976 -0.004563987088 0.04084150945
0.1352871608 -0.006942495535 0.04569121118
0.1343430433 -0.005828202613 0.04383658081
0.1327141043 -0.004890415623 0.0420891608
0.1367193767 -0.006956832801 0.0464939339
0.1328709088 -0.005770617403 0.04472603661
0.140546729 -0.007475203675 0.05110826376
0.1390844273 -0.008711872592 0.0504795825
0.1399254067 -0.008593127189 0.05144711417
0.1394930024 -0.006964846886 0.04906765871
0.1395333265 -0.0092833799 0.05168949036
0.1379154899 -0.008475528006 0.04915604784
0.1381693117 -0.00685913317 0.04746794437
0.1373216175 -0.007744484705 0.04786109787
0.138294792 -0.009128526555 0.05008469007
0.1384296004 -0.00945196213 0.05054082044
0.1328950139 -0.007514623972 0.04793360463
0.1328542185 -0.007612437436 0.05044985117
0.1332139228 -0.007455708592 0.0523763427
0.1346671309 -0.0073690848 0.0554162466
0.1355510974 -0.007210331811 0.05699995795
0.1365729867 -0.007195358835 0.05836648631
0.1376911761 -0.006715063739 0.05960588592
0.1384465148 -0.007025563909 0.06099947402
0.1390287895 -0.00708995081 0.06311721452
0.1392375447 -0.006619156425 0.06363561605
0.1394876468 -0.006601449295 0.06597533854
0.1397352133 -0.006594386309 0.06833468879
0.1397383522 -0.006525713241 0.07061205835
0.1394000933 -0.006371704807 0.0727438544
0.1387479388 -0.006057228222 0.07483409214
0.1432269633 -0.006825497226 0.0241626231
0.1406068688 -0.005648121581 0.02514652252
0.1424893331 -0.006014490273 0.02489237366
0.141074167 -0.007603108768 0.02434257691
0.1431556169 -0.009038262998 0.02374927478
0.1383286696 -0.006087685945 0.02522622159
0.1381358327 -0.008122213817 0.02452084448
0.1358892893 -0.006370596307 0.02442850844
0.1358337563 -0.007920554481 0.02409130623
0.1333936493 -0.006262093944 0.02413867903
0.1334454215 -0.007839253867 0.0236490743
0.130694962 -0.006397444883 0.02354790754
0.1314207768 -0.007881738427 0.02338239038
0.129418795 -0.007624209034 0.02324569027
0.1272207132 -0.009202107139 0.0236341033
0.1276326238 -0.007114061699 0.02310240927
0.1382792243 -0.004453255561 0.02628169443
0.1393374227 -0.003769392459 0.02643017656
0.1252040321 -0.006603160226 0.02297203672
0.1260883941 -0.008886279938 0.02395525911
0.1238813271 -0.006398510822 0.02364585835
0.137884768 -0.003395050573 0.02740459039
0.1383709388 -0.002792251678 0.02774621942
0.1314223615 -0.002725391797 0.03290527796
0.1304876477 -0.002809470178 0.03180334378
0.1337110168 -0.002701070867 0.03484877156
0.13299586 -0.002541924098 0.03309715633
0.1360672487 -0.002220897551 0.03635678628
0.1354055831 -0.002684701178 0.03753657382
0.1365407145 -0.002355312373 0.03753456152
0.135337279 -0.002237913596 0.03570333608
0.1341431697 -0.003136343718 0.03708192679
0.1282443253 -0.002964758242 0.0329354771
0.1293367065 -0.003197988574 0.0340306491
0.1302184922 -0.00335416887 0.03524908621
0.1271084576 -0.002756725853 0.03218854787
0.1356179727 -0.003310009435 0.03961078141
0.1373530163 -0.002813299418 0.04007411663
0.1343611192 -0.003730009449 0.03921811635
0.1308771478 -0.003565274842 0.03676035087
0.1311283202 -0.00387864548 0.03845728082
0.138123541 -0.003116143892 0.04169699856
0.1373263832 -0.003954391712 0.04249105392
0.1387757837 -0.003511641858 0.0430852137
0.1359722639 -0.00416319549 0.04176218193
0.1347953927 -0.004467683701 0.04136678553
0.1305964738 -0.00369852601 0.0391901214
0.1315293019 -0.004233822079 0.04040149045
0.1377084959 -0.004829413211 0.04426561804
0.1388862554 -0.004492147394 0.04489482688
0.1361882074 -0.005466813588 0.04407126799
0.1352809871 -0.005011722829 0.04276544984
0.1307600168 -0.003730618269 0.04054643769
0.1316456553 -0.004255329653 0.04227916751
0.1416438243 -0.005078749328 0.04995687419
0.1396633595 -0.005068633584 0.04687489739
0.1380291633 -0.005692154141 0.04583324108
0.137139289 -0.005762234084 0.04516560297
0.1320857742 -0.004370880091 0.04415972578
0.1329925766 -0.005256366693 0.05028734752
0.1334595088 -0.005220547685 0.05222614317
0.134916947 -0.004941344411 0.05521076848
0.1359504599 -0.00460763236 0.05655002479
0.1368536791 -0.004874067164 0.05802777904
0.1379502811 -0.004655365913 0.05916876645
0.1387944847 -0.004708104402 0.0607453638
0.138827613 -0.006615533344 0.0618806468
0.139123201 -0.004339086505 0.0615685054
0.1396723694 -0.004364832558 0.06374947677
0.1399620729 -0.004303108102 0.06582796567
0.1402163439 -0.0042926921 0.06817776448
0.1402166458 -0.004236308157 0.07050317831
0.1398954491 -0.004110039928 0.07279306484
0.1391219257 -0.003939122314 0.074892497
0.138482852 -0.001502512024 0.0761931379
0.1439597329 -0.00433577909 0.02429742562
0.1425265846 -0.004008750351 0.02501684015
0.141159831 -0.003948252563 0.02547651652
0.1396846856 -0.002561401311 0.02691135274
0.1368098561 -0.004447698153 0.02634967317
0.1350742384 -0.003573046455 0.02730895676
0.1366177017 -0.003519950416 0.02755341474
0.1355677038 -0.004707151421 0.02567986278
0.1332288443 -0.003295237242 0.02677819932
0.1334138503 -0.004663351082 0.02510541454
0.1310444531 -0.003459447204 0.02654082428
0.1309794832 -0.004691104641 0.02476483206
0.1288649211 -0.003441207185 0.02613983579
0.1284743358 -0.004668918152 0.02405794354
0.1269957724 -0.003011331562 0.02519317887
0.1257265544 -0.00427943828 0.02333478957
0.1240806347 -0.004421050941 0.023397637
0.1380589339 -0.001922127867 0.029024787
0.1348136351 -0.002510261102 0.02917500669
0.1367643497 -0.002566778055 0.0290266823
0.1329213943 -0.002596123108 0.02890527992
0.13095787 -0.002920479917 0.02849779849
0.1290075665 -0.002951647434 0.02825469814
0.1271265081 -0.002622548121 0.02817105359
0.1362207908 -0.001943566129 0.03120552901
0.1370763715 -0.001580243356 0.03160241211
0.1383017247 -0.000962885848 0.03705004071
0.1375030173 -0.0008702801928 0.03441538323
0.1348368449 -0.002185614771 0.03096697927
0.1328009361 -0.002609817814 0.0311924657
0.1308736762 -0.002816160795 0.03029770017
0.1275657131 -0.002836337958 0.02977647904
0.1355931114 -0.001884029283 0.03352821996
0.1367170155 -0.001585020302 0.03477342525
0.137192206 -0.001008521395 0.03183549963
0.134532529 -0.002155138935 0.03271947976
0.1338010111 -0.002337236053 0.03205183617
0.1287817167 -0.001157855962 0.03762650854
0.1375897427 -0.001780755616 0.03716750219
0.1291467306 -0.003153369149 0.03462330571
0.1283020625 -0.00271562911 0.03455443323
0.1297170072 -0.003239885195 0.03598607236
0.1281065507 -0.00286713657 0.03361468326
0.1288210698 -0.0005614622761 0.03543110004
0.1269843218 -0.0009561014268 0.03327813656
0.1279296946 -0.001891533907 0.03493827781
0.1272227104 -0.002403654931 0.03338813291
0.1266717198 -0.00228318766 0.03265716048
0.1389444181 -0.002402489627 0.04126269042
0.1386844429 -0.001640066018 0.03929515087
0.1304374072 -0.003563116874 0.03738978062
0.1297689703 -0.003136513878 0.03764940623
0.1304893232 -0.003646819315 0.0379966243
0.128808095 -0.0027205617 0.03595274083
0.1285324996 -0.002301054525 0.03662917153
0.1298642859 -0.00286561728 0.0394077409
0.1303696255 -0.002960768128 0.04115624163
0.1425910605 -0.002938779572 0.0492214942
0.1415046778 -0.003045674136 0.04664601655
0.1401231514 -0.003305438861 0.04457998921
0.1313278649 -0.003007518904 0.04271826179
0.1322408193 -0.003127828577 0.04442678173
0.132307468 -0.005044218318 0.04609492507
0.1326726971 -0.002994377213 0.04586198699
0.1327744088 -0.005310455475 0.04811033207
0.1330044973 -0.002974722055 0.04794757042
0.1332128956 -0.002873515646 0.05008022751
0.1335110977 -0.002767304861 0.05202824075
0.1349832964 -0.002580364016 0.05500958087
0.136136035 -0.002533138502 0.056367722
0.1368284105 -0.002456771103 0.05792293601
0.1379645274 -0.00239499652 0.05893949643
0.1388722915 -0.002336528559 0.06061424299
0.1393331639 -0.00230261115 0.0616455828
0.1399678624 -0.002071028229 0.06357412106
0.1371638019 -0.008748148408 0.07812166613
0.1455500378 -0.004148398274 0.02387021603
0.1455546845 -0.001897026119 0.02373023357
0.1412279901 -0.00199054457 0.02561617312
0.1242350204 -0.002217418767 0.02334445987
0.1255697453 -0.001630558807 0.02358118323
0.1269996329 -0.002284942121 0.02678228092
0.1273070195 -0.00221114855 0.0338499553
0.1342133678 -0.002680350048 0.0535362348
0.134089605 -0.005075878993 0.05368207229
0.1338277436 -0.007363144066 0.05390679537
0.1334923762 -0.008861931635 0.0538662261
0.09513610758 -0.00261007071 0.1204334693
0.09381970964 -0.002647545927 0.1201225234
0.1174094286 -0.0008295823103 0.1184994313
0.1340134369 -0.0008806759893 0.1001348383
0.1354730076 -0.0005947648662 0.1049060761
0.1334981258 -0.001564020766 0.1103569777
0.1167637682 -0.0008893984145 0.1200791727
0.1436557175 -0.0009007030083 0.07185613369
0.1254871199 -0.003135587541 0.1124954559
0.1261218781 -0.004868666259 0.1119985715
0.1269171869 -0.003561316438 0.1112129892
0.1071524506 -0.0006654775463 0.1218653513
0.07411943214 -0.000566286969 0.1183683893
0.1262162509 -0.002144555043 0.1118623438
0.1349239693 -0.002674375237 0.1000441023
0.1344254522 -0.003408259494 0.1013490698
0.1350656355 -0.003856966071 0.09985172651
0.1226936548 -0.002839352529 0.114965398
0.121540849 -0.003401410331 0.1160380644
0.1217230597 -0.004589504974 0.1159873854
0.1191866116 -0.004553786424 0.1179483118
0.1205168381 -0.002758804946 0.1168357972
0.1193557718 -0.002397743641 0.1176495217
0.1136816323 -0.003381656564 0.1198597972
0.1155407066 -0.002928330643 0.1192972499
0.1143231176 -0.001703767172 0.1195512885
0.06043487629 -0.004585262344 0.1110208356
0.06132302357 -0.005849065467 0.1115700195
0.06005916528 -0.005988028637 0.1106395824
0.1437481187 -0.004185552834 0.05923306092
0.1440153326 -0.003691483933 0.06155358013
0.1440769656 -0.002825775713 0.05944917249
0.1442659769 -0.003924108239 0.06444203844
0.1443473534 -0.00296787363 0.06300521136
0.1440192989 -0.004149756562 0.06283601206
0.1444126469 -0.003295277253 0.06606324639
0.1445411948 -0.002723625316 0.06451477626
0.1440918954 -0.00492042413 0.06539975006
0.1441929391 -0.002870504293 0.06792809126
0.1440911928 -0.004502269899 0.06702147281
0.1439399887 -0.004323815548 0.06857151763
0.1438322833 -0.003114167663 0.06972913944
0.143538301 -0.002570528486 0.0714579833
0.1434698344 -0.00386995441 0.07112959995
0.1431949407 -0.003341640356 0.07249023373
0.1430566947 -0.004564788395 0.07250536377
0.142782784 -0.00338526338 0.07413368347
0.1431610446 -0.002338500197 0.07323875492
0.1428707696 -0.001922006264 0.07477321688
0.142502642 -0.00251041638 0.07577641876
0.1422467266 -0.003816368846 0.07576421318
0.1347803911 -0.00475503735 0.1007113492
0.1418319601 -0.003743912543 0.07744945119
0.1419272062 -0.002733790234 0.07783372374
0.1421646055 -0.002888742572 0.07682233335
0.1415594443 -0.003196931754 0.0790013624
0.1418607948 -0.002134175759 0.07859840858
0.1372696549 -0.004645539861 0.08221784206
0.1368813359 -0.003193184434 0.08334843765
0.1371855836 -0.004633912907 0.08384098775
0.1370323874 -0.003441738306 0.08470139483
0.1372819966 -0.0044897023 0.08567326766
0.1369891261 -0.002840494709 0.08598741978
0.1371996563 -0.003739058333 0.0866974604
0.1375018181 -0.005045843111 0.08728670251
0.05855622951 -0.002946625429 0.09337675347
0.05938137671 -0.004149092834 0.09286575803
0.06035664564 -0.002905870841 0.093381559
0.0774683273 -0.002443788928 0.1077539464
0.06540449005 -0.002562650033 0.09647168106
0.07336391682 -0.003390169751 0.1043147834
0.04978406433 -0.003996667065 0.09193761904
0.05735916421 -0.004016119859 0.09381934599
0.05909455232 -0.004982251435 0.09399512806
0.05163820536 -0.003476333028 0.09252098587
0.05352216526 -0.004582583646 0.09291622482
0.05351352636 -0.002256001817 0.09320699704
0.05554678119 -0.003024285833 0.09371369435
0.137712211 -0.005404453623 0.08858719544
0.137378551 -0.003885949545 0.08793764869
0.1375437153 -0.003935128041 0.08929219699
0.04768836293 -0.002918953115 0.09796381526
0.04941577865 -0.003658415817 0.09927642967
0.08022829022 -0.00320595291 0.1109032114
0.0826601711 -0.0031263875 0.1133106256
0.08293059252 -0.002148925437 0.1135395786
0.0500270815 -0.00622400069 0.09906228001
0.05117680439 -0.004776548827 0.1002578247
0.13821979 -0.005416181644 0.09130792432
0.1378424214 -0.004065731145 0.09109285675
0.1371300579 -0.003322020837 0.09372381253
0.05113277933 -0.003258448689 0.1005252154
0.1376123481 -0.005339419056 0.09345970543
0.08419911337 -0.002280459146 0.1148876323
0.08357832738 -0.003581650964 0.1144247624
0.08475187178 -0.003145956225 0.1152635712
0.1365806568 -0.002895614796 0.1013754387
0.137151364 -0.002408326602 0.1004174972
0.1372008468 -0.003051187163 0.1002202162
0.08503877632 -0.004525578062 0.1155682024
0.1365330018 -0.001985894486 0.1008779646
0.05179407698 -0.002966628 0.1016809295
0.1369207839 -0.00390786038 0.0948337504
0.05248077048 -0.004585246987 0.1023148737
0.0855102638 -0.003684210026 0.1158209494
0.1360872968 -0.001994977886 0.1009263903
0.1358008374 -0.003047443752 0.1031472509
0.1353555651 -0.002676807295 0.1039856886
0.1354340008 -0.001610261321 0.1038101444
0.05254312192 -0.003359458192 0.1027596856
0.05333730181 -0.004719341857 0.1036186402
0.05320089349 -0.001971956884 0.1040594827
0.05325702395 -0.003359174912 0.1038114264
0.1365073389 -0.00332146839 0.09600802501
0.08733776358 -0.003921805804 0.1170236766
0.08617556106 -0.002934680279 0.1162527121
0.08666742633 -0.005394679508 0.1167879454
0.1368852384 -0.004800039974 0.09547014662
0.1365446172 -0.004558771365 0.09634591004
0.1347872736 -0.003028221869 0.1058002566
0.1361197522 -0.00373509317 0.09718867231
0.08809630844 -0.003000068243 0.1175038688
0.08835983583 -0.00445699421 0.1176462489
0.08911279025 -0.003738978032 0.1180970862
0.1355249088 -0.002840363311 0.09853306272
0.1356212823 -0.004086166562 0.09853284968
0.05488581966 -0.003360989145 0.1061078243
0.05594503743 -0.004187083144 0.1071678909
0.05510600394 -0.005280823255 0.1061331007
0.1337595601 -0.00272594286 0.1099923662
0.1347614956 -0.002233648931 0.1072001062
0.1341454443 -0.003157838691 0.1080596611
0.09099712777 -0.002990653204 0.1192309133
0.09132654163 -0.004318410642 0.119179259
0.0919223343 -0.003146335131 0.1195738468
0.1331861876 -0.002920831966 0.1124125936
0.1333763231 -0.003791610617 0.1114767971
0.1323882379 -0.002012321865 0.112782417
0.0630730374 -0.00347503308 0.1128712223
0.06286937373 -0.005425045929 0.1125767139
0.06178136503 -0.004127712662 0.1120091983
0.09488381322 -0.004238312791 0.1202518851
0.1336687248 -0.002584405935 0.1030498321
0.1334382711 -0.003491756557 0.1036644692
0.1338831316 -0.003783957166 0.102672889
0.1321565962 -0.003336548967 0.1142838145
0.1332086541 -0.004199335769 0.1133143904
0.1330218585 -0.004396063452 0.115015582
0.1316481985 -0.003771472455 0.1156939996
0.09626288306 -0.004168739159 0.1205881346
0.09721593843 -0.002754915514 0.1208775763
0.1327221057 -0.003646236884 0.1050950781
0.1329910861 -0.004632995159 0.1047030977
0.09798943473 -0.004002893953 0.1209551551
0.09798268746 -0.005458029376 0.1207288333
0.09907997191 -0.004517908356 0.1210858275
0.09974837519 -0.002772785303 0.1213808273
0.0986603296 -0.002381461284 0.1211773768
0.1321127407 -0.002266234098 0.1060124777
0.131661916 -0.003818052499 0.1064137145
0.06490290388 -0.004460031026 0.1139604684
0.06498894833 -0.002561029609 0.1139825046
0.06630838015 -0.004273189691 0.1146977666
0.06555800836 -0.005758000345 0.1139730031
0.06399104789 -0.005528001709 0.113189019
0.1311022373 -0.002514126093 0.1071528574
0.1315400715 -0.00457242396 0.1169721608
0.1303047043 -0.003814147662 0.1168387527
0.1298799421 -0.002866585142 0.1160667982
0.1007977365 -0.003031288847 0.1215760003
0.1006442049 -0.001584814013 0.1216429145
0.1302648861 -0.004077441642 0.1080406218
0.1308651627 -0.005161597406 0.1074026802
0.1296919398 -0.00395138706 0.1171341405
0.1292670062 -0.003084049384 0.1165340238
0.06715066351 -0.003432351458 0.1151055409
0.06793232821 -0.002455276688 0.1154162972
0.06850443383 -0.004075182925 0.1158073534
0.1290562909 -0.004204349444 0.1173970482
0.1282253682 -0.003142650924 0.1166570196
0.06947597753 -0.002441541804 0.1161230835
0.1019736569 -0.002925008486 0.1217304129
0.1015983259 -0.004496700387 0.1215162827
0.1033922739 -0.004348265341 0.121574093
0.1277465136 -0.003785665268 0.1170976454
0.07018576668 -0.003221675953 0.1166153495
0.06973654828 -0.004634439923 0.1166256568
0.1281488086 -0.003686673771 0.1100775082
0.1278324771 -0.005469623758 0.1104246971
0.1285874662 -0.004896088382 0.1096679645
0.1105052036 -0.002892126532 0.1206825971
0.1114611972 -0.004350071374 0.120395794
0.1120147076 -0.003136110842 0.1203035015
0.1283079821 -0.002410788936 0.1099595823
0.1082069874 -0.004308914849 0.1209489576
0.1082924507 -0.002743718101 0.1211803254
0.107103276 -0.00301014038 0.1213237651
0.1169759617 -0.003050410514 0.1188414894
0.1163831826 -0.004294891665 0.1191056792
0.1261593025 -0.003504938501 0.1170351408
0.1267880718 -0.00273850097 0.1164506501
0.1096300338 -0.003573660989 0.1208509194
0.1204902399 -0.004451901945 0.117015999
0.1245809583 -0.004076350898 0.1133606503
0.1252731993 -0.004997192137 0.11280653
0.1242225563 -0.002721617663 0.1169091784
0.1255387925 -0.004028840495 0.1173405059
0.07101557755 -0.004568794831 0.1175998758
0.07087604923 -0.002298178255 0.116818886
0.1229990217 -0.004186689576 0.1148136462
0.1246741934 -0.001938307178 0.1132093685
0.07204483886 -0.003216272306 0.1178732383
0.1242276518 -0.004198851802 0.1174440539
0.07168665812 -0.0012918374 0.1171181287
0.07297909028 -0.001570182889 0.1178678687
0.07345983722 -0.00366411856 0.1190374128
0.073271463 -0.002711892594 0.1184760515
0.1227124564 -0.003018988938 0.1175644972
0.1228872004 -0.004584877199 0.1178008643
0.1203490806 -0.004303328361 0.1185075683
0.1214633432 -0.003579438994 0.1181712079
0.121997481 -0.005431529998 0.117969305
0.1208816061 -0.006410220972 0.1178613035
0.07469887739 -0.002802735436 0.119423648
0.07519912322 -0.004446525865 0.1203188771
0.1187030668 -0.004177592906 0.1188195383
0.1193542112 -0.005389360975 0.1183533972
0.07611093613 -0.002941155852 0.1202667626
0.117729239 -0.004981612169 0.1187470876
0.07769930658 -0.003097199851 0.1210063789
0.07656844729 -0.00442401702 0.1209131984
0.117112273 -0.003487215926 0.1192542168
0.1156244788 -0.00444063835 0.1192557828
0.1164642694 -0.006064611931 0.1187296497
0.07989954706 -0.003541018998 0.1216032305
0.08157960624 -0.004161050644 0.121768643
0.08005592035 -0.004786065824 0.1217387996
0.08061517853 -0.002530005984 0.1215510726
0.1115877024 -0.005600715609 0.1193522987
0.111079228 -0.004093847927 0.1197366154
0.113486567 -0.004853173165 0.1193242797
0.1123015464 -0.003194077631 0.1199078045
0.1139647468 -0.00316199696 0.1198387301
0.08387581486 -0.00368102276 0.1218333015
0.08310104392 -0.004888059299 0.121911774
0.08255161998 -0.003283018705 0.1217292451
0.1097124808 -0.003677536069 0.1201087664
0.1084957144 -0.004132226004 0.1206411446
0.1092143873 -0.002559327519 0.1206964211
0.0858206051 -0.004537039407 0.1220235569
0.08442630508 -0.005043062113 0.12200084
0.1075306442 -0.003742547377 0.1213198574
0.1077690228 -0.002521044007 0.1214167094
0.08524929406 -0.002422006886 0.121795108
0.08673346865 -0.002679009594 0.1218991622
0.08807202439 -0.003634020273 0.1220633343
0.08722346159 -0.005053077313 0.1221761342
0.08796659822 -0.002231007239 0.1219381964
0.08948625395 -0.002258001004 0.1220443892
0.09001809001 -0.003390032315 0.1221786244
0.1059777777 -0.00420773278 0.1219342844
0.1040781403 -0.003760987697 0.1226857643
0.1051379058 -0.003162932869 0.1223650873
0.1064413751 -0.002182066632 0.1219695869
0.09238380819 -0.003342008301 0.1223705228
0.09101391694 -0.004210069756 0.1223433855
0.09126918535 -0.002844003214 0.1222278928
0.09406936812 -0.002598007842 0.1224164711
0.09321499712 -0.00443109388 0.1225495282
0.09653044067 -0.002938004081 0.1226340901
0.09832292072 -0.004393002109 0.1230073883
0.09639126437 -0.004270002178 0.1228000454
0.09977057892 -0.003595004328 0.1230480192
0.09806407439 -0.002421006326 0.122736021
0.1003722488 -0.005571999966 0.1231280433
0.1010509527 -0.004490998455 0.1231499304
0.1014474602 -0.002995997521 0.1230695612
0.1024037639 -0.005034978852 0.1229397729
0.1030176553 -0.003031999809 0.1229690899
0.0997999918 -0.002458007539 0.122928648
0.14154123 -0.001798834611 0.08011231042
0.1239118808 -0.003123418968 0.1138843004
0.05086393761 -0.004638090827 0.09210107292
0.1183293719 -0.002624491242 0.1182659783
0.1179736693 -0.004711601625 0.1185803863
0.06824720473 -0.005502008092 0.1155871072
0.06718146841 -0.00513812964 0.1150227446
0.06088259698 -0.003455068193 0.1113833748
0.07899401557 -0.004419000464 0.1215730062
0.07780216012 -0.004670006154 0.1213550673
0.09511764758 -0.003237002912 0.1225620148
0.09456369015 -0.004456008903 0.1226610025
0.1151179034 -0.005483801113 0.1190254586
0.04836380146 -0.005165105172 0.09816295644
0.1358351411 -0.001044160198 0.09723767012
0.1100846327 -0.005271383472 0.1204543968
0.0920316982 -0.005335166383 0.1225713612
0.08604118895 -0.004572774092 0.1162764114
0.05991581151 -0.003645308742 0.1106073301
0.07421123619 -0.001751630627 0.1186970686
0.1369878569 -0.003066819979 0.0919854571
0.1367554415 -0.002644986049 0.09364053828
0.05813828233 -0.005251646973 0.1090622128
0.05774214029 -0.003472899766 0.1087900303
0.0591382864 -0.004537931181 0.1099030888
0.07925972844 -0.00233706211 0.1213517562
0.1129976878 -0.004287911276 0.1200933723
0.08995814754 -0.004324038826 0.1184714973
0.137946381 -0.005337995238 0.08988060345
0.05419942389 -0.005124933415 0.1048761864
0.1436428292 -0.005020295057 0.06081737481
0.05387565392 -0.003925983207 0.1046147274
0.08163442324 -0.003986829474 0.1124189737
0.09354364495 -0.004194575591 0.1199157713
0.1437010187 -0.0043988872 0.06985390747
0.1001938508 -0.004820885794 0.1212244753
0.0913612743 -0.005889961654 0.1190015198
0.09257056041 -0.004565542316 0.1195977751
0.1334896187 -0.004899679835 0.103746215
0.06409326754 -0.003770166326 0.1135198094
0.1037513808 -0.003004478391 0.1217285965
0.1047394878 -0.003247070639 0.1216103114
0.05082527021 -0.002027592594 0.09256511703
0.1412279697 -0.003083236313 0.0804014383
0.1291141489 -0.003625741991 0.1091743003
0.05699248019 -0.004711473031 0.1080840962
0.05649707733 -0.006008665249 0.1076276703
0.1370086759 -0.002800149267 0.08200379286
0.06205962947 -0.00259608826 0.1122025707
0.1295526693 -0.002212686402 0.1087839547
0.1126633467 -0.001977439745 0.1200256815
0.1111192983 -0.001365391357 0.1203463373
0.1092671879 -0.002147702373 0.1209148815
0.1017666543 -0.001497228116 0.1218364914
0.1293536849 -0.005510095576 0.1089503615
0.09288010853 -0.003178003506 0.119877376
0.1048804574 -0.002039013755 0.122496412
0.1050580835 -0.0009310663274 0.1224939006
0.06119824455 -0.001804930613 0.1116925728
0.06265645065 -0.001067683681 0.1126730369
0.08750526747 -0.00192151872 0.1172071027
0.1438563563 -0.003460827824 0.05804524411
0.1443237156 -0.001216316824 0.05872285308
0.1440585577 -0.002413666985 0.05754497523
0.1444165309 -0.002060494594 0.0614045338
0.1447453365 -0.001234748657 0.06347758067
0.1447100477 -0.001811860559 0.06536871845
0.1445244246 -0.001842250798 0.06684922177
0.1440911772 -0.001047203098 0.06938195106
0.144276533 -0.001378589237 0.06811341194
0.1440661612 -0.002044064974 0.06907617004
0.1438439818 -0.002069936096 0.07015659237
0.1437175313 -0.001643965607 0.07107233897
0.1431406258 -0.001174071927 0.0742224277
0.1434419229 -0.001719138522 0.07237532055
0.1429064996 -0.0008473889505 0.07543344466
0.1426428097 -0.001519579652 0.07596944176
0.06754502632 -0.006832239188 0.1146729789
0.06894788682 -0.006728117124 0.1157973974
0.1365988798 -0.001677409617 0.08331043909
0.1368339627 -0.002157911057 0.08486174223
0.1361366461 -0.0009801491769 0.08948436156
0.07512524936 -0.001150793408 0.1054119293
0.06186778248 -0.0009276085656 0.09345434426
0.05943258187 -0.001778231088 0.09262592714
0.05818041341 -0.001174525342 0.0935147522
0.05639935981 -0.001486199926 0.09380082859
0.04947883357 -0.001919461901 0.09205904627
0.0525146876 -0.001207802564 0.09313452134
0.05498813733 -0.0007115003591 0.0936533621
0.07876172586 -0.001069288534 0.1095334853
0.0807981948 -0.002282192671 0.1114458782
0.08213730024 -0.001173089018 0.1128202725
0.04675231729 -0.00125722288 0.09741106369
0.1354821987 -0.002206264821 0.09451495831
0.1335161501 -0.001295770765 0.1007317087
0.04891718764 -0.001374780964 0.09868811889
0.05057017602 -0.002377127051 0.1000314321
0.05044230897 -0.0009556388178 0.09995367924
0.08365736816 -0.001383514181 0.1145322862
0.1369306771 -0.001501292683 0.09997948556
0.1369095878 -0.0008610105 0.09935321806
0.1379565771 -0.001118224383 0.09710213485
0.1362713073 -0.001415138559 0.1004130545
0.1362298447 -0.0008556941544 0.09977771885
0.0513954613 -0.001944808929 0.101301574
0.1362650438 -0.002059369907 0.09542330894
0.08548623453 -0.001681464234 0.1159280909
0.1360049199 -0.0009866368839 0.1000360374
0.05206946735 -0.001431985313 0.1025150824
0.08639455635 -0.000531841592 0.1166294776
0.1363625709 -0.002191683644 0.0959892212
0.1358580881 -0.0007736154355 0.1011493359
0.05255369811 -0.0006229923042 0.1033402242
0.1359910148 -0.002182102015 0.09713739626
0.1357407077 -0.0006084417779 0.1022111848
0.1351464076 -0.001416212788 0.1058164641
0.05393737301 -0.00225987158 0.1050099938
0.05456730803 -0.001483987363 0.1059760469
0.05560999914 -0.002279064984 0.107055947
0.1354995515 -0.001109469801 0.09828455645
0.05533407856 -0.0005999998154 0.1069510359
0.1351992548 -0.00132429123 0.09912695368
0.05680366922 -0.002789431592 0.108120642
0.08442905931 -0.006319755319 0.1151351395
0.08424538777 -0.007526258157 0.1147414741
0.08537887104 -0.006491337589 0.1161100356
0.09155685896 -0.00143810352 0.1195380998
0.05841477389 -0.002634427056 0.1096012463
0.05982219464 -0.002456026396 0.1107136349
0.09264743353 -0.001926378006 0.1198618621
0.1346596124 -0.0005729523402 0.1003806157
0.1342250036 -0.001730160357 0.1016182619
0.06131810963 -0.0005224364866 0.1118532239
0.05976162153 -0.0009514499133 0.1107979838
0.1336683917 -0.00117042787 0.1028758132
0.06361474762 -0.002162808855 0.1131995053
0.1326517219 -0.001094373303 0.1120820061
0.1308523729 -0.002150655462 0.1147706495
0.1330158379 -0.002204655618 0.1044489788
0.1324176505 -0.001385174973 0.1055476077
0.1317432144 -0.0009050557369 0.1064431429
0.129418398 -0.001623336607 0.115871035
0.1030114452 -0.001819124503 0.1218544091
0.06639542695 -0.002308046176 0.1146837512
0.1287255192 -0.001711196884 0.1162655778
0.1044378861 -0.001379471008 0.1218177392
0.1279000525 -0.0007755243488 0.1163984001
0.0675128675 -0.001103094514 0.1151834877
0.06900308191 -0.001095233064 0.1158596222
0.1059428649 -0.003262998548 0.1214477576
0.1274654212 -0.001617269245 0.1165378415
0.1100395058 -0.0009494360746 0.1205426272
0.1134605034 -0.0008352647852 0.1196835617
0.115888947 -0.00137987125 0.1190580864
0.118875244 -0.001143611157 0.1178400058
0.1276280848 -0.001651497289 0.1106089331
0.1287474696 -0.001313509508 0.1095669943
0.1262537738 -0.001452010248 0.1166947369
0.1269755552 -0.0005824083573 0.1166085417
0.1218015975 -0.002319998818 0.1157046437
0.125551158 -0.002238657018 0.1167093638
0.1248728477 -0.001288178942 0.1170400924
0.07030649704 -0.0009763315601 0.1164392985
0.1234770757 -0.001603989413 0.1142253145
0.1232794816 -0.001244778293 0.1176021025
0.1216610252 -0.00174747886 0.1182368947
0.07521803394 -0.001129795513 0.1191941817
0.1204439892 -0.002045528938 0.1189055856
0.07596816619 -0.001852400501 0.1198645742
0.07753118461 -0.001799007121 0.1206770856
0.1187774844 -0.002875223217 0.1192149843
0.1185703851 -0.001339181151 0.1195883167
0.11709379 -0.002127023251 0.1197021897
0.115615896 -0.002803367538 0.1197250646
0.1157703065 -0.001670146863 0.1200657752
0.1145449769 -0.002014668105 0.1201234981
0.1148403364 -0.0009427803507 0.1203462063
0.11280305 -0.001506587768 0.1204229049
0.08204417551 -0.001969005365 0.1215870718
0.08077402129 -0.001067000458 0.1214410094
0.1106333418 -0.002439881999 0.1203532603
0.1107966246 -0.0008625683519 0.120729082
0.1097859822 -0.001410532382 0.1206348403
0.08388823661 -0.002163005875 0.1217020872
0.08406038649 -0.0008359942293 0.121628146
0.1088187318 -0.001343191877 0.1211814875
0.0878169269 -0.0005469753473 0.1218425046
0.09023913319 -0.001093979293 0.1220185921
0.09590256037 -0.001646003731 0.1224481164
0.09528185973 -0.0005660042639 0.1223379761
0.09740439769 -0.0009910089132 0.1225824883
0.09912215806 -0.001331012394 0.1227942377
0.1002076231 -0.00107001241 0.1229083537
0.1009111521 -0.001943007056 0.1229791988
0.1020684094 -0.001402001407 0.1230124934
0.1036201085 -0.00107400012 0.1228660116
0.08276825625 -0.001091004994 0.1215701036
0.1295861748 -0.000859357046 0.1087519519
0.1344728292 -0.001300917922 0.1075254974
0.09161961864 -0.001473001855 0.1221327142
0.09277878138 -0.00202300407 0.1222619597
0.1419928603 -0.001277922448 0.07874789843
0.1270016491 -0.0007368154021 0.1111845802
0.05764010222 -0.001434001265 0.1091900538
0.09841363237 -0.001102761302 0.1211806958
0.1253195575 -0.0008967784352 0.1126676918
0.07832682529 -0.001068028368 0.1209403773
0.05888983581 -0.001479177906 0.1101772262
0.08617018911 -0.001629002299 0.1217800659
0.1199665658 -0.001485919835 0.1171291132
0.1341383628 -0.001034947487 0.1088075597
0.1377085185 -0.002137167253 0.0984408537
0.1380626827 -0.002197945027 0.09556246689
0.08895394706 -0.001652059048 0.1181290126
0.1343259912 -0.00783141196 0.1024296128
0.1338024 -0.007578841998 0.1035063397
0.1334025359 -0.009174253955 0.1039642938
0.1040267666 -0.01052337462 0.120671046
0.1027961707 -0.0101683587 0.1210396471
0.1000232292 -0.01126863741 0.120484302
0.1013988538 -0.0116243123 0.1197647051
0.09778676738 -0.01189581985 0.1193959113
0.107306315 -0.01059576821 0.1200782048
0.1049251097 -0.01103932782 0.1200311106
0.1019701818 -0.01193748982 0.1192922077
0.1199097937 -0.01083618242 0.1161032031
0.1229516168 -0.009035700375 0.1150876962
0.1210454892 -0.009632813453 0.1165114142
0.120439096 -0.01084931956 0.1156320318
0.1228426857 -0.009976066508 0.1146933921
0.1247306112 -0.009948953479 0.1133281539
0.1264671156 -0.008371651507 0.1119941275
0.1253203955 -0.007645732871 0.1130145513
0.1269787504 -0.005264397578 0.1112250208
0.1243766613 -0.008927384349 0.1138821068
0.126127693 -0.009667179456 0.1123252624
0.1232405401 -0.01177780799 0.1132656116
0.1258532063 -0.006264151462 0.112400268
0.1291528314 -0.01034803453 0.1096641046
0.1281903837 -0.009805071236 0.1105193565
0.1277542552 -0.01092181262 0.110838863
0.130438421 -0.007471031256 0.1079332929
0.1300479665 -0.006242131506 0.1082972236
0.1289806911 -0.006750960625 0.1093824443
0.130688902 -0.01031290329 0.1080007339
0.1308374576 -0.01136049595 0.1080512673
0.1320182389 -0.01096718555 0.1065673824
0.1311604252 -0.006296105295 0.1071218488
0.1332592172 -0.01027226579 0.1038390564
0.1325711082 -0.01157152712 0.1048754057
0.1334955831 -0.01072771536 0.103297105
0.1326753827 -0.01013583099 0.105296934
0.1333300084 -0.008165021867 0.1043914436
0.1332882439 -0.006148711512 0.1043308127
0.1344572495 -0.009913301999 0.1016487065
0.1333453515 -0.01130173469 0.1033398577
0.1340118995 -0.006500150284 0.1028935163
0.1340542841 -0.005128350984 0.1025002698
0.1368735203 -0.008961495934 0.09712896845
0.1360242695 -0.0092995753 0.09897372797
0.1355823266 -0.009916982326 0.09999412671
0.1352885415 -0.008923065431 0.1002839196
0.1347834812 -0.0102309827 0.1010701663
0.1349139953 -0.01040829328 0.1008812049
0.1355221839 -0.005485711461 0.09914411764
0.1372610381 -0.006137878554 0.09500490836
0.1368505611 -0.00634371063 0.0962158718
0.1372588912 -0.007946678753 0.09578390217
0.1360459978 -0.005454350981 0.09790012217
0.1357385133 -0.006718857057 0.09908432231
0.136343185 -0.007071858597 0.09772465654
0.1232422718 -0.007064729667 0.1148627279
0.1242205287 -0.007482988327 0.1140119189
0.1227474589 -0.00545954603 0.115161378
0.1238793892 -0.004971330917 0.1140866904
0.1201438339 -0.009467350774 0.1171416288
0.1213763434 -0.008108758859 0.1165296233
0.1209842541 -0.006820931618 0.1168084697
0.1218947112 -0.00635493658 0.1159949713
0.1208615482 -0.005693342611 0.1168149795
0.1199073307 -0.005854210655 0.1175768946
0.1132006046 -0.01070381249 0.1192182099
0.1118230055 -0.01209102049 0.118758548
0.1155281918 -0.01124533374 0.1186481391
0.1188915366 -0.006723254667 0.1183147219
0.1161712361 -0.00891282785 0.1189300637
0.113537572 -0.009313038264 0.1195001099
0.1104713467 -0.01086880402 0.1195343491
0.1149391547 -0.007983781755 0.119306179
0.1118652343 -0.008804897752 0.1198705802
0.1139869611 -0.00729326305 0.1195518791
0.1087482271 -0.01055927815 0.119898433
0.1103884196 -0.01031027155 0.1197882021
0.1055773228 -0.01152277885 0.1195803444
0.1083806827 -0.009718377104 0.1202477801
0.1100542775 -0.009260726358 0.1200990449
0.1111121292 -0.007171535088 0.1200455813
0.1092982715 -0.008018597941 0.1202623039
0.1100436567 -0.006675983716 0.1202515439
0.1086913986 -0.006514003952 0.1204972856
0.1063466249 -0.008450687126 0.1206591345
0.1071896067 -0.007194944514 0.1206473673
0.1061421893 -0.009686395481 0.1205948053
0.1050125872 -0.009425860379 0.1208109902
0.107571025 -0.009468663172 0.1204013306
0.1042802017 -0.006682657115 0.1211377079
0.1038649988 -0.008891528871 0.1210652995
0.1053008671 -0.007677748585 0.1208783107
0.1028583129 -0.00800681593 0.1212430834
0.1019545672 -0.009393271557 0.1213518964
0.100271922 -0.009569654874 0.1215041561
0.09900604132 -0.008659548225 0.1209620503
0.09857000942 -0.009991365536 0.1212430882
0.09809202405 -0.007926805886 0.1206540831
0.09762846439 -0.009781333203 0.1209827948
0.09980863944 -0.006999969682 0.1210251289
0.0983149256 -0.006531307228 0.1206966501
0.09935884266 -0.005845959702 0.1209789689
0.09464726127 -0.006230850241 0.1200320842
0.09444559315 -0.007873884709 0.1201242401
0.09579923391 -0.007279835856 0.1202517902
0.08799241217 -0.009345596615 0.118544386
0.09168543137 -0.007986489154 0.1193181736
0.08817446125 -0.009231368227 0.1181888899
0.0935528396 -0.005352626751 0.1198021257
0.09336468807 -0.006853577052 0.1196873816
0.08904154806 -0.008720128182 0.1180038364
0.09018653046 -0.007696747436 0.1183881879
0.08884562454 -0.007766837218 0.1176468208
0.08845393214 -0.006152714713 0.1175891795
0.08939342623 -0.006351892331 0.117965949
0.08919041483 -0.005243746804 0.1180075219
0.08717555351 -0.008484471273 0.1169478785
0.0880767438 -0.007272645281 0.1175703362
0.08594608555 -0.007503738191 0.1167058515
0.08769824291 -0.005397434909 0.1172550998
0.08729198213 -0.006891634664 0.1173834951
0.08406611573 -0.005110187405 0.1149567006
0.08492681769 -0.007379681433 0.1157206836
0.05693726501 -0.007481997824 0.1077241256
0.0570775371 -0.008516809194 0.1071849392
0.05632515425 -0.007757995669 0.1067900633
0.05757116108 -0.009812872378 0.1065354301
0.05660478367 -0.008864048626 0.1061652648
0.05731449923 -0.006385022596 0.1083666619
0.05834086016 -0.006966006366 0.1090994175
0.05980383526 -0.007748299762 0.1098167638
0.0686020324 -0.009646048853 0.1114375068
0.07094316122 -0.009427194898 0.1125961866
0.07847057103 -0.009769242495 0.1148148856
0.0649949333 -0.00848284139 0.111531115
0.06341613663 -0.008824851858 0.1105985357
0.06269588014 -0.007807058269 0.1112719914
0.07597686289 -0.009686322255 0.1142016607
0.08351355303 -0.009736858698 0.1170264327
0.07381198862 -0.009859154279 0.1136533901
0.09630957425 -0.005876884212 0.120361523
0.0970030176 -0.007292466912 0.1204208931
0.0718807017 -0.009719314328 0.1151386866
0.07628108138 -0.0105156206 0.1156244195
0.07390980336 -0.01010845147 0.1148027543
0.089362063 -0.01137062133 0.1190297995
0.0840610677 -0.01121462647 0.1176838738
0.08253800289 -0.01122461159 0.1176702058
0.07436804708 -0.005852126889 0.1201723597
0.07570941231 -0.005616015867 0.120844178
0.07845413944 -0.006098044311 0.1216734935
0.07554364709 -0.006906066658 0.120788714
0.07994074519 -0.01046828964 0.1203646827
0.08135150834 -0.009643266953 0.1213144645
0.08171932301 -0.01065826538 0.1206923601
0.08878592478 -0.01223383174 0.1205616224
0.09035756931 -0.01169586792 0.1211226642
0.08984674951 -0.01274842007 0.1199061422
0.09299917279 -0.01184128952 0.1211036718
0.09399222064 -0.01285136571 0.1199465313
0.09161240353 -0.01247516161 0.1203440759
0.09661079707 -0.01173418599 0.1212821596
0.09609273077 -0.01062387739 0.1221351895
0.09902664925 -0.01136454623 0.1214994014
0.1056078014 -0.00673742279 0.1214540634
0.1054959387 -0.008653679624 0.1210736993
0.1043605254 -0.007557263468 0.121843611
0.06232113738 -0.006569152912 0.1118810906
0.05827975325 -0.00948968831 0.1076205873
0.0582501643 -0.008513019826 0.1083488946
0.05895985217 -0.01180423093 0.1054688673
0.0630450993 -0.01217878484 0.1047482216
0.05983957688 -0.01214798958 0.1037787449
0.06064802583 -0.01185758363 0.1059232904
0.05884229771 -0.01092796335 0.1065801631
0.06790102128 -0.01043196126 0.1100125361
0.06257943264 -0.009519780566 0.1095191583
0.06096242006 -0.007315380889 0.1107996343
0.06504074857 -0.01088075158 0.1085524253
0.06190860594 -0.01060886817 0.1080618807
0.07248312425 -0.009889361918 0.1143232907
0.06868735566 -0.009254940397 0.1122843288
0.06143526086 -0.008434854466 0.1102397506
0.06418203542 -0.007024903086 0.1125748432
0.06572548976 -0.008259331929 0.1124346339
0.06854006835 -0.008975498883 0.1134200402
0.06635626985 -0.007549743921 0.1134478894
0.05780564139 -0.0110369223 0.105320082
0.07725219516 -0.01008890237 0.1151013781
0.06781375142 -0.008014820836 0.1141129061
0.06878330833 -0.007739625263 0.1151065585
0.06972208039 -0.0087713993 0.1148899092
0.07055585141 -0.009696495328 0.1132984018
0.06950747645 -0.009119058161 0.113956872
0.07835921194 -0.01094487764 0.1166104643
0.08318511535 -0.01099681728 0.1172630186
0.0770695929 -0.007512107316 0.1212581237
0.08520228507 -0.01226803273 0.1175419638
0.08176238909 -0.01186323019 0.1177458905
0.08115965752 -0.01184277601 0.1184609692
0.08436887301 -0.01238106609 0.1190874809
0.08678661082 -0.01270482518 0.1184553489
0.0864138141 -0.01254247319 0.1179234687
0.08625853008 -0.01241550832 0.1176334326
0.08273124245 -0.01218064523 0.1186509054
0.09918093761 -0.008358536553 0.1227999403
0.1003423798 -0.007308139873 0.1228699868
0.1014395269 -0.008347357763 0.1224259689
0.1040325013 -0.009183012564 0.1216754362
0.105053734 -0.009925670086 0.1209796613
0.1037895803 -0.01037206848 0.121293374
0.1021936225 -0.009609117699 0.1218700038
0.1002141909 -0.01097398779 0.1215907864
0.09746000396 -0.01010613563 0.1223663986
0.1004858655 -0.01222347283 0.1207135479
0.1010224711 -0.01307116901 0.119464743
0.09844223775 -0.01286446198 0.1200426291
0.08568111968 -0.01223456444 0.1199626722
0.08672395037 -0.0117134523 0.1208452676
0.08759278988 -0.01277222442 0.1194947201
0.08015727863 -0.008871011661 0.1215051093
0.08158356107 -0.007857406656 0.1218940361
0.08301413877 -0.01040745307 0.1211459627
0.08330737879 -0.009237053619 0.1217434883
0.0889541611 -0.01301821946 0.1191209746
0.08798948241 -0.01155278642 0.1210932027
0.08691065345 -0.01039629095 0.1216393345
0.08519747754 -0.01115869797 0.1210386857
0.08489710482 -0.01011211977 0.1215820308
0.09521366409 -0.01227776347 0.1207562976
0.09423431521 -0.01148867282 0.1214836628
0.09178766504 -0.01081887777 0.121836247
0.09623981934 -0.01324271441 0.1193322752
0.09439594442 -0.01340671773 0.1187578226
0.09163696735 -0.01320610216 0.1189969273
0.09573970115 -0.009273325398 0.1228478036
0.09349080631 -0.01012435258 0.1223802988
0.09435741371 -0.009334226308 0.1227754984
0.1024092776 -0.01080765182 0.1213300273
0.1046072147 -0.01128773249 0.1206340402
0.1036759226 -0.01203013911 0.1202301955
0.100031806 -0.009925002808 0.1220682209
0.1026085992 -0.01170476228 0.120847282
0.1025665704 -0.01264387004 0.1197674987
0.07645582931 -0.01090726655 0.1172337664
0.07878760628 -0.01113041478 0.117471065
0.08491689063 -0.01153122998 0.117968862
0.07254798735 -0.008830790804 0.1180849691
0.07342133176 -0.009555397598 0.1182476791
0.07270180589 -0.009805965902 0.1171342454
0.07440394341 -0.008817185869 0.1195031622
0.07324815331 -0.008218092774 0.1190329412
0.07892773127 -0.009388157841 0.1210385315
0.0782439316 -0.008520038628 0.1212953872
0.07839736 -0.01047532435 0.1198830838
0.0766240592 -0.009142653265 0.1204334772
0.07286841576 -0.01016633391 0.1158275032
0.07033246069 -0.008094351271 0.1163343207
0.07150223747 -0.00879706692 0.1170374396
0.05964930943 -0.009846013809 0.1081215375
0.06032576739 -0.008877375075 0.1092983677
0.0782947237 -0.01031934845 0.1156475356
0.07585253566 -0.00815451335 0.1206097008
0.07382039927 -0.007291096422 0.1197190616
0.07113127789 -0.00667401166 0.1177171275
0.07577498053 -0.009729833851 0.1195651556
0.07485847196 -0.01024490425 0.1183848592
0.0742345789 -0.01051087805 0.1171631263
0.07347515064 -0.006239006027 0.1196150716
0.07257910001 -0.007100004521 0.1188410484
0.07220789995 -0.005847037281 0.1186934179
0.07356075441 -0.004839835654 0.1194964665
0.1388127622 -0.008415292967 0.09006649438
0.139118292 -0.007860286265 0.08991115434
0.1391771803 -0.008842407507 0.08883445217
0.1148784429 -0.006586329835 0.1189255513
0.1131209241 -0.006875094357 0.1191419939
0.141914687 -0.009625628768 0.07450049586
0.1420923921 -0.01036983564 0.07243304906
0.1415971659 -0.01080627519 0.07442249166
0.1371602078 -0.01005479283 0.08763382
0.136297998 -0.0104985894 0.09088182692
0.1364207223 -0.01027382578 0.08975262205
0.1404580183 -0.01146163015 0.05888126014
0.1397994684 -0.01230947358 0.05717829269
0.1394968639 -0.01289655074 0.05883342651
0.142246612 -0.008231661651 0.05800149143
0.1414240341 -0.009601385577 0.05752655381
0.142291527 -0.008670534475 0.06032035753
0.1412929077 -0.01020539897 0.0593038426
0.1430455388 -0.006782430214 0.05998175502
0.1427324935 -0.00711190842 0.05757838699
0.1432324071 -0.005746291867 0.05824133659
0.1417526975 -0.009795140024 0.06148053449
0.1430211669 -0.00737979351 0.06180217215
0.1410042666 -0.01074327286 0.0604527731
0.1410092298 -0.0106631603 0.06189189254
0.1401450925 -0.01182499974 0.06051949633
0.1435912527 -0.005635948819 0.06188609854
0.1400248682 -0.01160834304 0.06230938858
0.1433359678 -0.007195475571 0.0634080588
0.1438248624 -0.005528109769 0.06359391399
0.1418143471 -0.009970485291 0.0634385018
0.142552864 -0.008734140868 0.06288728057
0.1409635876 -0.01072981365 0.06326129369
0.1430107479 -0.008359008585 0.06441269581
0.1438368502 -0.006155374367 0.06486554591
0.1143335956 -0.007915321016 0.1186510601
0.1404144524 -0.01159322999 0.06447688569
0.1413946259 -0.01057495744 0.06442781437
0.143047438 -0.008414334673 0.06626371258
0.1425853659 -0.009309592292 0.06490465531
0.1435229212 -0.007221442951 0.06551497087
0.1438944732 -0.005963951422 0.0663834521
0.1420283959 -0.01006922643 0.06517574101
0.1415794194 -0.01067243115 0.06598391555
0.1424960334 -0.009660427747 0.06689161924
0.1434535092 -0.007122081617 0.0677723947
0.1438655482 -0.005574454635 0.06776349106
0.1429944812 -0.008601974996 0.0678651009
0.1419661843 -0.01060013695 0.06809170085
0.140845904 -0.01159072084 0.06680797472
0.1414222899 -0.01121669396 0.06877352187
0.1426867848 -0.009483086105 0.06914130781
0.1421269697 -0.01057805969 0.07010022442
0.1431034706 -0.008186145017 0.06906177059
0.1432722495 -0.007065936254 0.06999136664
0.1436748998 -0.005692673578 0.06912584947
0.1429145307 -0.008523431645 0.07039749591
0.1425831526 -0.009660004263 0.07085241478
0.1404681916 -0.01210878936 0.06835980341
0.1413426155 -0.01130505364 0.070340965
0.1402432092 -0.01199251284 0.06990440102
0.1429532491 -0.007686727267 0.07139949134
0.143400322 -0.005409678573 0.07080500482
0.143148782 -0.006625105123 0.07130963985
0.1430650769 -0.005884184134 0.07201569908
0.1426270886 -0.008861949312 0.07181407032
0.1426743214 -0.007960398941 0.0724608786
0.1428568199 -0.006935371011 0.07233568644
0.1411092727 -0.0113941719 0.07163339363
0.1399995074 -0.01200168142 0.07180751682
0.1412791261 -0.01125782624 0.07299936913
0.1424917657 -0.007438927925 0.07347128806
0.1423465654 -0.008765429745 0.0732291353
0.1426597998 -0.005887464108 0.07333774701
0.1408638625 -0.01146418428 0.07381785011
0.1394190909 -0.008230739109 0.08806084344
0.1393912564 -0.007456553165 0.08859109841
0.1408177518 -0.01127809871 0.07541576131
0.1422193837 -0.005147240127 0.07492129727
0.1426485199 -0.004590557312 0.07387972871
0.141438514 -0.01037769023 0.07601936814
0.1422016536 -0.006784115489 0.07473321378
0.1420665289 -0.008227016681 0.07466779531
0.1424724909 -0.004197616826 0.07465124093
0.1417960688 -0.007632365491 0.07603827157
0.1416247168 -0.009055935321 0.07604990358
0.1419077897 -0.006343011671 0.07593983534
0.1406608446 -0.01095798853 0.07710005505
0.1410754425 -0.009963189451 0.07752487169
0.1417250448 -0.005207421233 0.0767956114
0.1399635097 -0.01194310543 0.073723052
0.1397092098 -0.01176436976 0.07621440598
0.1413514716 -0.008434176012 0.07763689571
0.1415704099 -0.006913203807 0.07721206248
0.1413867392 -0.00473174593 0.07853533207
0.1401388619 -0.01106801995 0.07893336546
0.1408600622 -0.009486428836 0.07917586998
0.07951837093 -0.01133279201 0.1189817335
0.1413271535 -0.006290660968 0.07842566101
0.1412917127 -0.007496274134 0.07846076447
0.1411035089 -0.008352776427 0.07913685717
0.1390766329 -0.0121515839 0.0789858874
0.1396684564 -0.01140329046 0.08147368633
0.1410317736 -0.007419631876 0.07985178037
0.1404013938 -0.01013884143 0.08103336408
0.1408267264 -0.008791065601 0.08058884253
0.140968001 -0.005847315378 0.07979332566
0.1411194174 -0.004255506737 0.08003483022
0.1380656613 -0.01237728487 0.08172961062
0.1386578196 -0.01238283965 0.08094905148
0.1377855585 -0.01261723613 0.07940668339
0.1407238091 -0.007871173891 0.08153673884
0.1408314762 -0.006896688648 0.08093215413
0.1406822708 -0.006009312818 0.08114728859
0.1374213268 -0.01156825664 0.08039660306
0.1389697605 -0.01213101234 0.08246144777
0.1403907073 -0.009101134096 0.08249886353
0.141137723 -0.002510084986 0.08123736374
0.1408426744 -0.003697918772 0.08161257008
0.1382106728 -0.01200263087 0.08323679646
0.1393561487 -0.01153762925 0.0835029909
0.140550084 -0.006772806287 0.08226854468
0.1407980059 -0.005004691948 0.08094525634
0.1405149021 -0.005265383179 0.08227714968
0.1392847907 -0.01138853466 0.08501672971
0.1400825278 -0.008553113265 0.08406414979
0.1404099152 -0.007891061824 0.08285584469
0.1399423702 -0.009703402525 0.08404336532
0.1399130835 -0.01050154556 0.083023314
0.1396026223 -0.01065386501 0.08477443784
0.1402008844 -0.007044566728 0.08389904917
0.1385437806 -0.01149107794 0.08555077272
0.1376771207 -0.01125354914 0.08283076932
0.1375311459 -0.01045078719 0.08412217917
0.1403526686 -0.006120769854 0.083140981
0.1401213692 -0.005302891124 0.0841279202
0.1404585067 -0.004048970415 0.08298884921
0.1396471774 -0.009539004472 0.08566436104
0.1406797936 -0.002990352264 0.08287336935
0.1394394366 -0.01097931613 0.08654255688
0.140354738 -0.00312670324 0.08423714919
0.1396100631 -0.01077236437 0.08601851335
0.1380031601 -0.01108903988 0.08725729757
0.1398709975 -0.007912637534 0.08544441677
0.139967474 -0.006634346622 0.08533690143
0.1386037455 -0.01079933686 0.0887131505
0.1393415274 -0.01024322032 0.08716605037
0.1372651163 -0.01056517887 0.08633605243
0.139855829 -0.00421527127 0.08551975741
0.1398172174 -0.005689672411 0.08610182755
0.1374727683 -0.01070686638 0.0894839888
0.1393963754 -0.009261352945 0.08742130771
0.1396233057 -0.008448932346 0.08671658892
0.1390501993 -0.01015871647 0.0884258632
0.1396571071 -0.007147517297 0.0870617576
0.1391321462 -0.009685134422 0.08843949106
0.1377778295 -0.007987301887 0.08217002526
0.1373955201 -0.00616810769 0.08279061541
0.1377141682 -0.007302774031 0.0836442465
0.137120924 -0.01040579089 0.08657995493
0.1374963498 -0.009583220938 0.0833970347
0.1374136031 -0.00994697274 0.08489187169
0.1387495553 -0.01041167631 0.08978825606
0.1376799014 -0.00649240811 0.08118793766
0.1378049819 -0.008507024881 0.08342336044
0.1377384501 -0.009210814754 0.0833065416
0.1368327703 -0.01050323918 0.08791979299
0.1388158204 -0.009174186231 0.08946924291
0.1395748579 -0.005848649023 0.08776674896
0.1373635385 -0.009233012395 0.09072815455
0.1375287184 -0.005996984792 0.08469405368
0.1374854032 -0.009562207438 0.08547349025
0.1379017478 -0.008297395219 0.08469995108
0.1365914258 -0.009805287023 0.09144650059
0.1382161917 -0.008820977054 0.09055765216
0.1394829821 -0.006762417433 0.0884189478
0.1380346 -0.008338850322 0.08620433829
0.1378955939 -0.007336546104 0.08554933138
0.1392393685 -0.006965613552 0.08954780237
0.1383135208 -0.007790055668 0.0917400415
0.1378180086 -0.009140400112 0.08588445384
0.137697243 -0.006203386702 0.08651098254
0.1360097621 -0.0102819 0.0928543028
0.1369123685 -0.008594342605 0.09294408926
0.1375836082 -0.00828243917 0.09201478882
0.1362235837 -0.009669815697 0.09378646202
0.1381141457 -0.008788302554 0.08747526371
0.1373743667 -0.01001041727 0.08843937767
0.135589135 -0.01094431502 0.09443136957
0.13898709 -0.006985465387 0.09101230095
0.1387654202 -0.007084070937 0.0921814095
0.1387608403 -0.006628963451 0.0926996227
0.06028517112 -0.008828031602 0.09135333325
0.06205888228 -0.008211984454 0.09242287349
0.06185599844 -0.007200003113 0.09252522963
0.1379731337 -0.006770055868 0.08828090711
0.1380823885 -0.007666960663 0.08714588425
0.1373646878 -0.007698566271 0.09389791756
0.0611069961 -0.00507989877 0.09367534765
0.07656232346 -0.004222126358 0.1072461445
0.06032828195 -0.007506709908 0.09222615769
0.05902949857 -0.008486140909 0.09312229476
0.06123021797 -0.0106955902 0.09233501672
0.06022842966 -0.0100903395 0.09203204381
0.1380430756 -0.007149857382 0.09346264084
0.1388093035 -0.006422949095 0.0918595952
0.05999367694 -0.006521705707 0.0937404033
0.07753522482 -0.006129516672 0.1072927152
0.1359568954 -0.0108240728 0.09255914819
0.04905951194 -0.005453148678 0.09163162828
0.05132036389 -0.009169314078 0.09326117654
0.05676771069 -0.007420158372 0.09351474273
0.06464045924 -0.005808387546 0.09620845177
0.1368549485 -0.01052497569 0.09107321659
0.1359227667 -0.01002721355 0.095036091
0.136311484 -0.009086316914 0.09501803364
0.05118074793 -0.0110964948 0.09337067121
0.0582658585 -0.01085324354 0.09300520122
0.05692981532 -0.009918757715 0.09272387813
0.1382868656 -0.008219601226 0.08832980264
0.1354962877 -0.01052303941 0.09647543554
0.05053814021 -0.006046551978 0.09215456999
0.05153497639 -0.007717973673 0.09314497162
0.05177852441 -0.006289915017 0.09223766259
0.05256839753 -0.008983018776 0.09289080476
0.05293670733 -0.00795624178 0.09242805804
0.05364127912 -0.006712374267 0.09258734316
0.05275732197 -0.01119942165 0.09350136648
0.05414133497 -0.01179959815 0.09362424145
0.05505922 -0.01074069005 0.0929144228
0.05378591429 -0.01027662811 0.09299629744
0.0543786351 -0.008836986487 0.09249491433
0.05640904133 -0.005346183164 0.0936723735
0.05617944486 -0.01167846382 0.09337660966
0.05517290151 -0.009684607512 0.09257627708
0.07971523811 -0.005195766285 0.1102714964
0.06097731041 -0.01163681462 0.09391486164
0.06457376951 -0.01160080303 0.09519676179
0.06950551176 -0.00965750107 0.09931487398
0.06171870544 -0.009274087563 0.09258343359
0.1352432863 -0.01103345076 0.09540770135
0.1365509691 -0.008242426197 0.09596440115
0.1372341046 -0.006989277471 0.09530654767
0.1382394 -0.006778039377 0.09376962541
0.07459357406 -0.007854540312 0.1041307568
0.1378384462 -0.009575126578 0.08894895898
0.1357131376 -0.009577779167 0.09744294973
0.04811472532 -0.007288920323 0.09705188641
0.04898980166 -0.009044501525 0.09313690128
0.05011147463 -0.01022591477 0.09331019882
0.05212264411 -0.01123594382 0.09394048239
0.1383270966 -0.00791037834 0.08946582627
0.1373222637 -0.01037633792 0.09126344776
0.1350954722 -0.0114076484 0.0960989394
0.07994214424 -0.006481251968 0.109939383
0.1381792489 -0.006959698188 0.08986938724
0.1384365758 -0.00889399551 0.08972087329
0.1367665935 -0.01085757562 0.09294622401
0.1365559805 -0.007781490535 0.09642403001
0.0539959039 -0.01196429602 0.09409332004
0.08352290405 -0.008437966765 0.1113430135
0.1344562281 -0.01206230109 0.09882856044
0.1349134821 -0.01151148471 0.09786775276
0.1351954363 -0.01117348864 0.09860527432
0.04918176901 -0.007689189428 0.09457394852
0.05482311321 -0.01186105673 0.0943520894
0.05663045342 -0.01211458621 0.09384017403
0.05616912803 -0.01174335791 0.09542584738
0.05864682522 -0.01207654646 0.09593363305
0.0578399462 -0.01217392642 0.09364901334
0.06270289034 -0.01257234946 0.09630231493
0.1347122789 -0.01183985143 0.09917462201
0.1360213349 -0.008421492475 0.09744081571
0.1383687109 -0.006543916044 0.09372202784
0.1377126317 -0.006237154505 0.09523124125
0.1212020785 -0.0141414537 0.1132139365
0.1232686493 -0.01403131309 0.112574926
0.1260139555 -0.01370744715 0.1111742759
0.05167744578 -0.009574402903 0.09460815028
0.05043993646 -0.008837627627 0.09425151806
0.0547407972 -0.01108833212 0.09618208677
0.08271133591 -0.006374404567 0.1130249596
0.08238518601 -0.005267998861 0.1131792789
0.06492599506 -0.01242345521 0.1019749634
0.06755822884 -0.01283039304 0.1022539085
0.06521194268 -0.0126849895 0.09976661491
0.1385453387 -0.008335339216 0.09065048881
0.05092528603 -0.007545698481 0.09799707576
0.05301240543 -0.01062074663 0.09498947449
0.07851741346 -0.01082272166 0.1069683705
0.07886760299 -0.009765409864 0.1064189862
0.0692336723 -0.01210438242 0.09983083738
0.08302221937 -0.007356929467 0.1124441946
0.06257568239 -0.01239782538 0.09851201215
0.1383741476 -0.007107159123 0.09104703259
0.1380983385 -0.009884179537 0.09144336358
0.05385254925 -0.009703733324 0.09810711025
0.05505842816 -0.01012298218 0.0993940879
0.0833385368 -0.005127789551 0.1142962467
0.06991816183 -0.01249235929 0.1016952207
0.1346050983 -0.01200665544 0.09792270034
0.1363940189 -0.007438601883 0.09706324263
0.05138136445 -0.006225912598 0.1000858924
0.05334044132 -0.008397379759 0.1001888178
0.05260683709 -0.008515559432 0.09855708646
0.1371178742 -0.01101527735 0.0936616095
0.1341619703 -0.01241954853 0.09955728102
0.1368739434 -0.006539582361 0.09654338842
0.1377211984 -0.00294704096 0.09877602227
0.05203779878 -0.007548336675 0.09977571543
0.05414121288 -0.008748218851 0.1013090933
0.05712391169 -0.01176118518 0.09872299368
0.05912952584 -0.01197731703 0.09842999646
0.06169822363 -0.01216240683 0.1004898079
0.1386913673 -0.009161100972 0.0917747344
0.1345850123 -0.01132405961 0.1000194549
0.1354310705 -0.009168519351 0.09894058388
0.1381910873 -0.007061564103 0.09241016106
0.1382046744 -0.01025230848 0.09257196726
0.1340287672 -0.01230964458 0.09991481015
0.1343386687 -0.01229380797 0.1004065769
0.1342096327 -0.01135376952 0.1009838229
0.13496236 -0.01017307721 0.09951194916
0.05537104247 -0.01009159795 0.1008148391
0.05579206953 -0.01107312167 0.1003758795
0.0840543274 -0.007655862416 0.1138956802
0.1383430173 -0.008218910829 0.0925715805
0.135782035 -0.01147304461 0.09542328093
0.1357250596 -0.01196332365 0.09655755357
0.133818682 -0.01182929874 0.1011806122
0.05204307408 -0.00589744249 0.101097055
0.05233367556 -0.007038302857 0.10086746
0.0578658999 -0.01190357837 0.1008296549
0.1356012917 -0.008158759681 0.09884289161
0.1362038937 -0.00689507818 0.09825514769
0.07399369763 -0.01221555032 0.1061532507
0.08334757684 -0.009692760418 0.1117258173
0.1372072612 -0.01122637502 0.09436773264
0.13692854 -0.00355800677 0.1007552245
0.08338761145 -0.009072750038 0.1129739852
0.137631677 -0.007188004804 0.09442341935
0.1372216725 -0.01073914784 0.0946812181
0.1343134465 -0.01208952367 0.09951930026
0.1336649494 -0.01169656369 0.1013615436
0.1343410492 -0.01044490799 0.1011509551
0.1362299307 -0.006083159517 0.0986841404
0.1368279751 -0.00583455078 0.09722055591
0.05292022924 -0.006135884782 0.1024501711
0.05304760226 -0.007384073915 0.1016708706
0.05498554234 -0.009482073452 0.1022654919
0.1331727442 -0.01025841717 0.1044254662
0.06667351532 -0.01199584544 0.0969675498
0.1358473524 -0.01149615239 0.09685427883
0.1348559949 -0.009108643168 0.1008184198
0.05602871111 -0.01091152665 0.1017739826
0.06210997101 -0.01221263052 0.1025676353
0.1336469527 -0.01116714916 0.1020673182
0.1371295852 -0.01034824601 0.0953509792
0.1380823908 -0.009713325248 0.09323053316
0.05694592413 -0.01142936372 0.1027840785
0.06407039574 -0.01222040279 0.103813174
0.0683426244 -0.01242686581 0.1044619267
0.08351560779 -0.008428542655 0.1142278012
0.08138634376 -0.01087421561 0.1106451885
0.07844212085 -0.01113652279 0.1100530996
0.1358119456 -0.01094649268 0.09758308218
0.1339602736 -0.01098339417 0.1016436286
0.1355228149 -0.007431692152 0.0995101867
0.1356203102 -0.006558546343 0.1000705246
0.05416968605 -0.008099315338 0.1028080119
0.1378257514 -0.008421353155 0.09436877159
0.1338001639 -0.01041129819 0.1024605654
0.1351329321 -0.007171450683 0.1011840769
0.05564400099 -0.009383679612 0.1038731158
0.05627290085 -0.01057365235 0.1033676987
0.08168042623 -0.009942851594 0.1124028498
0.05379968538 -0.0066059474 0.1035171991
0.05485697942 -0.008023537297 0.1040803723
0.1342817806 -0.01146513091 0.1000890345
0.08351963731 -0.009084027684 0.1149079055
0.1335195809 -0.01154973994 0.1016415796
0.1333674684 -0.01059140343 0.1032898954
0.1343666323 -0.008934794263 0.1026841403
0.1348791548 -0.008051934294 0.1022472664
0.1352642511 -0.003626004234 0.1043406657
0.1359988385 -0.003783900469 0.1020025884
0.07083008589 -0.01183907352 0.1067082721
0.07327353206 -0.01145257595 0.1086522996
0.1341061224 -0.01071764402 0.1012871726
0.1332514698 -0.01103865349 0.1027043078
0.1332086402 -0.01106963854 0.1029675489
0.1352377906 -0.008047802805 0.1005135761
0.05579097111 -0.008478993933 0.1051655958
0.1358689888 -0.01044048341 0.09818468549
0.1372965464 -0.009219385598 0.09573220406
0.1352037172 -0.004329709999 0.1033152405
0.1351300205 -0.006124934244 0.1013530149
0.06640362707 -0.01187900599 0.1066753856
0.1336308372 -0.009663558061 0.1041095451
0.05446813229 -0.006691676473 0.1045502375
0.05745984678 -0.01127759536 0.1042918281
0.05677219332 -0.01004964448 0.1050488175
0.1327414596 -0.01046246851 0.1044764451
0.1347749802 -0.004190720098 0.1050333055
0.07119838318 -0.01155252621 0.1087481973
0.1364396046 -0.005626634358 0.09698729629
0.1347487792 -0.01016933428 0.1013420428
0.1328544062 -0.01068569123 0.1040784863
0.1330077228 -0.01041731585 0.1043668842
0.1346541626 -0.007091944645 0.1032895542
0.1382747155 -0.004866847734 0.09285852436
0.1382551829 -0.005488107678 0.09384801688
0.1378467367 -0.004809901898 0.09502933847
0.05563220517 -0.006619605231 0.10641218
0.1364018078 -0.009800153105 0.09800946622
0.1326849705 -0.01036484775 0.1051455781
0.06378497095 -0.01161226466 0.1070618722
0.1367940768 -0.008028528236 0.09704481962
0.1329165411 -0.009898467574 0.1058886323
0.1341690092 -0.008312425164 0.1048295357
0.1342603311 -0.003890811078 0.1070584088
0.1349339822 -0.005132169128 0.1026775219
0.06145299279 -0.01145521372 0.1069232787
0.07969333458 -0.01044562803 0.1128462931
0.08368081163 -0.009722150384 0.115196068
0.1343059946 -0.004531795318 0.1057427029
0.06833435392 -0.01138090915 0.1085862405
0.08755298736 -0.00895519389 0.1171848128
0.1336680405 -0.004148168046 0.1089344966
0.1339621811 -0.005229426433 0.1055249471
0.1347157491 -0.006132233465 0.1027489214
0.1342078593 -0.006297020397 0.1045796909
0.1324048935 -0.0100219007 0.1069200317
0.1324457457 -0.01013418793 0.1060664012
0.09032692808 -0.006057118841 0.1184743167
0.1358512673 -0.008151491554 0.09924688264
0.1363125814 -0.008148572504 0.0982687811
0.1327294908 -0.009800838616 0.1075728304
0.1329783661 -0.009454075775 0.1069035868
0.1334167494 -0.009256635069 0.1060097965
0.1333285473 -0.008687012525 0.1073252203
0.07617015858 -0.01070046925 0.1120470258
0.08438739625 -0.009752736907 0.116301229
0.1352434188 -0.007193832796 0.1003879102
0.1337326339 -0.005120551339 0.1079156124
0.1338003914 -0.005937240849 0.1067019769
0.133304921 -0.01078839313 0.1036676335
0.1315393755 -0.0108361168 0.1067192577
0.1317100334 -0.01021572758 0.1082780637
0.1331369066 -0.009293233326 0.1092944901
0.1333854379 -0.00811057232 0.1100134862
0.09249719736 -0.006259054688 0.1193967669
0.1335621723 -0.006648648721 0.1092810633
0.1339217093 -0.007130971544 0.1064931179
0.1336447545 -0.006331357738 0.1079243413
0.1335164133 -0.004766298055 0.1108419635
0.1335531849 -0.005694275766 0.1092207857
0.1348820193 -0.008385396178 0.1012335466
0.1347409808 -0.007278440463 0.101496757
0.1182625609 -0.008137472735 0.1184208221
0.1201800096 -0.007939484113 0.1175489671
0.07511597424 -0.01018571966 0.11283668
0.1344199161 -0.006077399528 0.1018914203
0.1348971697 -0.005917596838 0.1007680892
0.1328880615 -0.009280774168 0.1111665435
0.1324812179 -0.009618300058 0.1092722144
0.1313826128 -0.01142850661 0.1063465157
0.1311312565 -0.01013549448 0.1103155736
0.1318593335 -0.009740774858 0.110794196
0.133414742 -0.005347769514 0.1129678497
0.1339711069 -0.009510827936 0.1026715426
0.1328754177 -0.01145904761 0.1040206968
0.1324837902 -0.008169510994 0.1126739942
0.1333000659 -0.006953793784 0.1120880342
0.1334367335 -0.006122929008 0.1110535516
0.1333510216 -0.006158237166 0.1124781502
0.08948058032 -0.009524620083 0.1191821113
0.1315447213 -0.009502526033 0.1125117673
0.1321597657 -0.009247482563 0.1125348524
0.1330786589 -0.006019258908 0.1137035848
0.1300904875 -0.009868490421 0.111737867
0.1313559979 -0.008705995831 0.1140685953
0.1326786867 -0.006787540806 0.1136684256
0.1328091302 -0.005000410674 0.11545217
0.08150928717 -0.009926943895 0.1163683753
0.09121384276 -0.009712992858 0.1196927446
0.09463764098 -0.008785906239 0.1203196072
0.1308089531 -0.009234832676 0.1134439944
0.1322692336 -0.005760863304 0.1152161845
0.09274391088 -0.008496282909 0.1198988067
0.1326903059 -0.01119495389 0.1050514266
0.131645968 -0.0070658443 0.1147495399
0.08515697928 -0.009976481053 0.1176847115
0.08671743573 -0.01023046666 0.1182112912
0.1291035808 -0.01049863662 0.1108791281
0.1322115671 -0.005218403715 0.1058657385
0.1324080694 -0.006592976047 0.1057025919
0.1330039175 -0.007169222828 0.1049606792
0.1304475941 -0.007639469485 0.1153608268
0.1070954445 -0.005589696437 0.1210272441
0.1320942389 -0.01199415585 0.1062992785
0.1304487344 -0.01234902016 0.107908552
0.1277176165 -0.01081134647 0.1118934522
0.1298826861 -0.01190660267 0.1083341126
0.1312878197 -0.005394249668 0.1163940317
0.09398635435 -0.009848092072 0.1203658812
0.07534075022 -0.01070686965 0.1160427653
0.1303276898 -0.01284637587 0.1083319241
0.1287367762 -0.009461689492 0.1138065923
0.129617986 -0.009361963653 0.1139021971
0.1299689102 -0.008510129055 0.1150730823
0.1306321652 -0.006171288358 0.115927556
0.09107192838 -0.01043419787 0.1195491013
0.09578329782 -0.01010903701 0.1207334806
0.09662864263 -0.009015153264 0.1205908328
0.1282339158 -0.009978266321 0.1129714893
0.1290111878 -0.00759791085 0.1151766496
0.1308188599 -0.004597694468 0.1173342118
0.1315943904 -0.007773836732 0.1066875704
0.1325062516 -0.008740150384 0.10563691
0.1285782647 -0.008600149961 0.1150264314
0.1301446598 -0.004926920863 0.1172035096
0.08514508471 -0.01065393072 0.1177344128
0.09118677979 -0.0107866283 0.1194940173
0.0957628706 -0.01060823123 0.1207466789
0.1313622888 -0.009193228879 0.1070671219
0.1285753806 -0.01346548158 0.1100204264
0.1271891829 -0.01270060869 0.1113350736
0.1267673987 -0.0113815727 0.1126230297
0.1294296179 -0.006544243305 0.1160141767
0.1296164248 -0.005673864642 0.1166362956
0.1009225941 -0.005808476892 0.1213336833
0.1304075788 -0.01270538624 0.1085803214
0.1315916738 -0.01265549592 0.1075824923
0.1277537433 -0.00945234116 0.1145842067
0.08964327325 -0.01117316913 0.1189142343
0.1007516598 -0.007646226381 0.1212594542
0.1274963893 -0.01394445712 0.110318486
0.1276364724 -0.006933966311 0.1159343666
0.1286395017 -0.005938529829 0.1167160651
0.1286121833 -0.004875037544 0.1173757341
0.09414328953 -0.01115751849 0.1202631005
0.1302568564 -0.008725843812 0.1082461084
0.1293366919 -0.01229201749 0.109473378
0.097987839 -0.01078891352 0.121386184
0.1252382001 -0.01212477762 0.1136497246
0.126783454 -0.008408293617 0.1154966692
0.1018858782 -0.006027239058 0.1213718154
0.1284252067 -0.01187490593 0.1102211061
0.1014760588 -0.008590232828 0.1213529616
0.1031499953 -0.0064026724 0.1213008652
0.1044108869 -0.005742757423 0.1222107683
0.1273563248 -0.005529079143 0.1171458422
0.1047033499 -0.004943892263 0.1213540241
0.1283721279 -0.008375635717 0.1101718727
0.1293868669 -0.008474474708 0.1091462305
0.1235303543 -0.01297669158 0.113882338
0.1254591472 -0.01108229212 0.1145154593
0.1264810925 -0.009156073569 0.1151743065
0.1249541736 -0.008901538465 0.1159257188
0.1263639023 -0.006087889972 0.1168427258
0.1255614195 -0.007177771054 0.1165327739
0.1270341724 -0.004399906122 0.1175083096
0.09940669663 -0.01070448602 0.1212296457
0.09211724449 -0.01147660722 0.1195576306
0.101985371 -0.007192280279 0.1213045183
0.1266541517 -0.007071858478 0.1117151465
0.1276539704 -0.007698989356 0.1107984208
0.1238602953 -0.01132677041 0.1154602816
0.1257785817 -0.004917715978 0.1173295434
0.1054457585 -0.005711352726 0.1211094354
0.1067605006 -0.004621265896 0.12111366
0.1145415018 -0.004398452104 0.1196635896
0.1224172955 -0.01384477831 0.1126132494
0.1260347042 -0.01317952482 0.1113554453
0.1262289939 -0.01224279105 0.1114800149
0.0965737241 -0.01141692334 0.1202684001
0.1271393424 -0.009686982557 0.1114636632
0.1266853193 -0.01080109976 0.1116469908
0.1240222258 -0.01240036794 0.1125400583
0.1201715736 -0.01389471375 0.1132924379
0.1213703432 -0.01341888879 0.1145343928
0.1236777379 -0.009241376083 0.1163964255
0.1236696719 -0.008105100499 0.1169491633
0.08847353096 -0.01179260308 0.1182981546
0.08818723105 -0.01201091642 0.1179629945
0.121730652 -0.01184702089 0.1159518584
0.1242726062 -0.006108635815 0.1174002161
0.06982691058 -0.005921117573 0.1167153911
0.1072479588 -0.005939799005 0.1207998436
0.1127504965 -0.005695027904 0.1199145457
0.1138433274 -0.005681611061 0.1197141309
0.1170679326 -0.006035202784 0.1189973972
0.1200181777 -0.01353157033 0.1136274242
0.1187422511 -0.01396084831 0.1141084222
0.123753707 -0.01006587705 0.1162315085
0.1217293786 -0.01094412747 0.1166768931
0.0931891562 -0.01206569718 0.1187048532
0.1160111598 -0.006636417393 0.1191554885
0.1154103291 -0.005187112399 0.1194528076
0.1243337771 -0.006053118885 0.1137827469
0.1169871911 -0.01411893236 0.1142053049
0.1164660314 -0.01451540391 0.1140448055
0.1224982041 -0.009586203651 0.1167272534
0.1223364285 -0.008564671116 0.1170417015
0.117277503 -0.007390885317 0.1187625487
0.1223566546 -0.007944231724 0.1156793142
0.1226726135 -0.007262441865 0.117433239
0.08137947265 -0.011435842 0.1175443079
0.09231914146 -0.01243661197 0.1179805306
0.1209601746 -0.01142566933 0.1145763184
0.1117827484 -0.01485410027 0.1150031929
0.1137333478 -0.01455190658 0.114744685
0.1178308137 -0.01309031068 0.1146191979
0.07214692537 -0.00426446429 0.1184129483
0.07727124883 -0.01091131673 0.1185142569
0.08291056488 -0.01178043012 0.1175976559
0.07938397182 -0.0113899108 0.1179586936
0.09956985731 -0.01212722265 0.1190679194
0.1125447618 -0.007242098595 0.1198102408
0.1186030532 -0.009055465969 0.1181520559
0.1161348668 -0.01319229769 0.1150958663
0.1158834627 -0.01385057703 0.1145277366
0.1196293607 -0.01102520295 0.1167778636
0.0942398292 -0.01272226991 0.117875967
0.1051457143 -0.01060584353 0.1203961187
0.1189655262 -0.009690224634 0.1177469535
0.119389404 -0.01086494504 0.1165200812
0.1140322578 -0.01380585948 0.1153017918
0.1092912705 -0.01489246295 0.115365225
0.118775954 -0.01187707418 0.115217069
0.1125962773 -0.01434996976 0.1151442252
0.1208133322 -0.01265403859 0.1155043411
0.1179391268 -0.01155684152 0.1162758758
0.0899331571 -0.01268693638 0.1176627027
0.09221639193 -0.01305978502 0.1176682363
0.09858968991 -0.01272456884 0.1184099691
0.1024278783 -0.0125482208 0.118774612
0.09658494013 -0.01339849366 0.1177997366
0.1170639592 -0.009652757719 0.11861301
0.1063397041 -0.01473801366 0.1161967259
0.1047378987 -0.01492253847 0.1162587096
0.1102828458 -0.01435504588 0.115784163
0.1172340549 -0.0117268569 0.1168585211
0.1152349557 -0.01266562828 0.1163870838
0.1169499713 -0.01228912846 0.1158503479
0.1137788583 -0.01353216282 0.1157814549
0.1096561735 -0.01420860916 0.1160104974
0.1140157186 -0.01403264558 0.1149276125
0.1161396035 -0.0114392223 0.1162872852
0.118791081 -0.01300597357 0.1151656724
0.1164492038 -0.01281569941 0.1151535452
0.1209201039 -0.008545432216 0.1173529255
0.1058330202 -0.01202382102 0.1191635651
0.1079895592 -0.01404107896 0.1176338034
0.1094411417 -0.01343796377 0.1180788942
0.1030875161 -0.01415649984 0.1175266601
0.1112041427 -0.01359793369 0.1171692837
0.1121074774 -0.01356724677 0.1166263967
0.1169324496 -0.01155597404 0.1174562867
0.1167734821 -0.01006461111 0.1170272804
0.1185961959 -0.008859039758 0.1174426934
0.1018293336 -0.0137835225 0.1177601564
0.1077482134 -0.01323406176 0.1182554634
0.1083211456 -0.01217180054 0.1189578357
0.107865803 -0.01413527497 0.1172228534
0.1141201878 -0.01245522246 0.1180261872
0.1118978175 -0.01336998759 0.1158139617
0.09165382385 -0.01325146841 0.1179760737
0.1134724937 -0.01239414483 0.1185028024
0.1128232805 -0.0125142258 0.1157603129
0.1188838465 -0.006874343371 0.1181433396
0.1165485931 -0.00793834187 0.1182277695
0.08898594437 -0.01297221065 0.118131692
0.10416193 -0.01438548332 0.1172651214
0.1145069633 -0.01072266172 0.116749439
0.08114351487 -0.01146500859 0.119664997
0.0933265633 -0.01344411522 0.118243888
0.1023583495 -0.01396938839 0.1180546933
0.1057373291 -0.01379267047 0.1175294172
0.1061263877 -0.01492140483 0.1159558672
0.1066095122 -0.01428065855 0.116694737
0.1079651226 -0.01490548527 0.1156601413
0.1145739051 -0.01233077255 0.1155392368
0.1125686237 -0.01112834737 0.1167889334
0.1146105314 -0.009211232535 0.1178181816
0.1046344434 -0.01426647014 0.1173524933
0.1107947059 -0.01212976141 0.1167831817
0.0772225504 -0.005905100407 0.1214041239
0.09762371993 -0.01354902711 0.1178089079
0.0969957328 -0.01362282899 0.1182970339
0.1037569433 -0.01360738785 0.1183028078
0.1071393838 -0.01339512501 0.1175005709
0.1086862266 -0.01392573835 0.116595753
0.1098369469 -0.01271461141 0.1168922727
0.08265639781 -0.01177510296 0.1198225533
0.08421516418 -0.01173899127 0.1202912064
0.09977837182 -0.01384663171 0.1180774787
0.100135283 -0.0134491225 0.1189178017
0.1130917428 -0.009768171562 0.1175297288
0.1126046235 -0.008417557542 0.1185114212
0.1041278099 -0.01301304531 0.11895113
0.1112752818 -0.009405088046 0.1178635577
0.1107808319 -0.01068022184 0.1174491045
0.139164267 -0.001353203767 0.08877970377
0.1391819602 -0.002216731495 0.0885459913
0.1389123394 -0.002026168645 0.08951761691
0.1389271446 -0.003365791756 0.08958061503
0.1392449279 -0.003421094908 0.08827013116
0.1391143785 -0.004602418113 0.0892044525
0.07877116892 -0.007270327422 0.1217184298
0.09773005672 -0.01326675367 0.1193305709
0.1033125284 -0.01400337436 0.1179105867
0.1082141488 -0.01250359506 0.1177060634
0.1381668637 -0.002708606019 0.09303297801
0.1393092054 -0.005489989341 0.08887430465
0.1389809982 -0.0059003507 0.09035195479
0.1393935206 -0.004628007437 0.08796481371
0.1396374304 -0.004657974109 0.08676423751
0.1050295317 -0.01225044574 0.1195688825
0.1050874838 -0.0137033997 0.1178718489
0.1072015681 -0.01238957514 0.1183502831
0.1098066405 -0.009730554468 0.1182928215
0.1099276979 -0.008326555105 0.1187155635
0.1110593972 -0.008297923163 0.1185952772
0.1107759789 -0.00708059461 0.1190614246
0.07992974573 -0.007626384649 0.1217879354
0.1057944007 -0.01283878204 0.1186246593
0.109508003 -0.01119302597 0.1178406731
0.1087278716 -0.008742226883 0.11926048
0.1088075874 -0.01011375976 0.1186936553
0.1395429889 -0.003536441364 0.08705811742
0.1395732188 -0.00217282948 0.08732437386
0.1062972939 -0.0120364578 0.1191310061
0.1074994449 -0.01153907904 0.1186551443
0.1382366209 -0.004045896414 0.09329100043
0.1384187607 -0.003320527826 0.0916025939
0.1384647982 -0.004275197373 0.09144800812
0.08933487497 -0.01099058314 0.1215318948
0.105449392 -0.01138629401 0.1200335243
0.1067354619 -0.01075471045 0.119513249
0.1091673243 -0.007086322843 0.1194238084
0.1383838371 -0.006271330823 0.09349424513
0.1386066053 -0.005820625018 0.09212239387
0.08029850809 -0.006357169486 0.1218688272
0.08208207036 -0.005758097995 0.121942192
0.1058082832 -0.0107422142 0.1201025201
0.1072008477 -0.008776641282 0.1200645457
0.1075154893 -0.009746523617 0.1194955653
0.1063258302 -0.009847098951 0.1201559819
0.1078278652 -0.007244368093 0.120118824
0.1097435561 -0.005327274723 0.1196941827
0.1388054461 -0.004544279803 0.09038158407
0.1386697119 -0.003738364792 0.09072235059
0.08451086173 -0.008827294741 0.1219816772
0.08591996427 -0.009214145829 0.1219972758
0.09033212315 -0.01012403423 0.1220732933
0.08869606411 -0.0100770364 0.1219333015
0.09816065669 -0.009211838611 0.1226580997
0.1065036883 -0.007400309301 0.1208369543
0.108422348 -0.005872850403 0.1201427989
0.1393522648 -0.006242475842 0.08901350433
0.0836586779 -0.007613379947 0.1220908226
0.09147530011 -0.008979227339 0.1225953376
0.08592279058 -0.007643363928 0.1222998888
0.08707151224 -0.008837315277 0.1222249343
0.08987398729 -0.009030280211 0.1224547111
0.08875289936 -0.00840444925 0.1224936063
0.09686482217 -0.008611045198 0.1230027079
0.1397036578 -0.003777782779 0.08629656844
0.08387281031 -0.006164113027 0.1220823826
0.0874811437 -0.007436299813 0.1224574722
0.1058672562 -0.005549569853 0.1216790607
0.08547734107 -0.00620916867 0.122211182
0.08726503882 -0.006211250495 0.1223625563
0.08868333148 -0.005263125146 0.1223139551
0.09003636273 -0.007429490288 0.1227002427
0.09553128869 -0.008131083381 0.1230674162
0.1021865975 -0.006553829793 0.1226597327
0.1031983118 -0.0078683559 0.1221662103
0.09040122103 -0.005683226578 0.1225117611
0.0915648281 -0.006927468614 0.1227793306
0.09271136689 -0.007332399749 0.1228747348
0.0930264569 -0.008793045771 0.122810542
0.09388018607 -0.00791828536 0.122969391
0.0965675534 -0.007094121588 0.1231303475
0.09288369153 -0.006044249927 0.1227351975
0.09418513861 -0.00660324706 0.1229045304
0.09561050665 -0.005735112021 0.1229169833
0.09824999989 -0.007676999856 0.1230879997
0.09941210053 -0.006502999921 0.1231410165
0.09397742249 -0.005401126649 0.1227250562
0.09744326329 -0.006129075773 0.1231149693
0.1313310947 -0.01193811254 0.1063282683
0.1364861826 -0.004779097558 0.09894131373
0.1370028672 -0.004880350499 0.09717378448
0.1363421471 -0.005356924929 0.0986189717
0.1379444356 -0.002632259649 0.09719218146
0.1380580252 -0.003353011406 0.09595392894
0.1266744603 -0.01009200383 0.1141823202
0.1399436367 -0.002699335639 0.0859462993
0.1403167433 -0.001751381086 0.08495589112
0.1386578154 -0.00273163898 0.09046398759
0.1409257603 -0.002493121696 0.08218981483
0.1411675895 -0.001581880109 0.08186891359
0.1393936669 -0.001569325092 0.0879846155
0.1253345676 -0.01010592869 0.1154464889
0.1399433258 -0.001535815833 0.08625775371
0.1171808204 -0.01091568811 0.1181083972
0.1357297914 -0.005033045855 0.1001614701
0.1359445664 -0.005811550955 0.0996922629
0.1203331805 -0.01271275507 0.1139991117
0.1377412337 -0.005488063488 0.09559179434
0.1375823933 -0.003710829693 0.09870416976
0.1211846598 -0.009798993426 0.1168377076
0.07963794969 -0.01064270659 0.1118069444
0.1341828804 -0.009684065882 0.102207365
0.1386377563 -0.005164192187 0.09136212238
0.138002147 -0.00447381836 0.09543070059
0.1386554104 -0.001753523352 0.09029305562
0.1388809931 -0.001000491217 0.0896428385
0.07719093668 -0.01027335311 0.1196904166
0.1396659112 -0.001252001947 0.08723763862
0.1369873439 -0.004198473611 0.1004079872
0.1363326843 -0.00447162187 0.1002418326
0.1383954635 -0.002126131731 0.09132289911
0.1040486418 -0.01304982852 0.1183928488
0.1354063525 -0.005773113087 0.1007824441
0.1402502022 -0.0006600668625 0.08556363638
0.1355588901 -0.004625935732 0.1018830237
0.1405603972 -0.01100530209 0.05712197841
0.05240419926 -0.01022984532 0.09359485158
0.05874549476 -0.01206445391 0.1022922037
0.1407445406 -0.001860585839 0.08334719326
0.1372654332 -0.004485247371 0.09820770495
0.1416369259 -0.00898797023 0.05641852182
0.1398414854 -0.01192554194 0.05574503547
0.1392308412 -0.01294808906 0.05551819949
0.1388646634 -0.01378887953 0.05712661012
0.1411103973 -0.009675177193 0.05571994761
0.1412374537 -0.009124958074 0.05525070318
0.1433577149 -0.004760643637 0.05602818964
0.1424137625 -0.006726022054 0.054793183
0.1418869458 -0.008180831818 0.05581390942
0.1406512094 -0.01045009558 0.05570917717
0.1401761076 -0.01123326294 0.05555005041
0.1441895535 -0.001445560523 0.05592616896
0.1437205138 -0.003349291908 0.05533049576
0.1439861765 -0.002304446672 0.05534151007
0.1375087351 -0.009235580495 0.08068931643
0.1372899533 -0.01317084456 0.07144292761
0.1384890359 -0.01342860303 0.05421516319
0.1430057029 -0.003306880242 0.05166592693
0.1376165589 -0.007249913986 0.08056302281
0.1376720013 -0.004635452945 0.08088898519
0.1375394027 -0.009067154403 0.08154843138
0.1376867992 -0.008151342203 0.08137457913
0.1396147125 -0.001581649414 0.04061418943
0.1397216869 -0.002583718637 0.04279754981
0.1406459691 -0.00197668915 0.04335399436
0.1417745097 -0.006520005687 0.05203879958
0.1426593726 -0.005572491324 0.05279790002
0.1435940987 -0.002577255264 0.05351563991
0.1413811477 -0.007547446901 0.05277307274
0.1384959323 -0.01405501966 0.05534268317
0.1389919185 -0.01279817221 0.0544379662
0.1393562565 -0.01226371093 0.05468971123
0.1407955679 -0.009328321081 0.0542301407
0.1412102582 -0.008712930094 0.05436357353
0.1430647671 -0.004302927186 0.05305831385
0.1396791475 -0.01168890302 0.05471762176
0.1407880531 -0.009708212377 0.05486510791
0.1415110649 -0.008026087414 0.05400243239
0.1400258882 -0.01101271512 0.05460993855
0.1404065122 -0.01046921824 0.05477815436
0.1388480305 -0.01334377221 0.05478815937
0.14337226 -0.003401086497 0.05335160351
0.1400332788 -0.001753248595 0.04181007819
0.1421695503 -0.001756359636 0.04570205015
0.1417631511 -0.002065910833 0.04524762836
0.1412066408 -0.002309009478 0.0447690046
0.0488783571 0.004276678979 0.09151510634
0.0487473508 0.003337035842 0.09154197965
0.04874850922 0.003185169929 0.09151874602
0.0471146628 0.003713570794 0.09760335192
0.04694660098 0.002905082835 0.09757193354
0.04719487812 0.004276920062 0.09751229338
0.04724167481 0.004814088774 0.09746805703
0.0486977013 0.002876348774 0.09156200207
0.04847757916 0.00132325877 0.09155081031
0.0487253579 0.003019019383 0.09153302466
0.04669443127 0.001462797195 0.09739510752
0.04668333609 0.001305444798 0.09737266869
0.04906756652 0.005530531622 0.09163780499
0.04905626777 0.00548720472 0.09163288577
0.04905329568 0.005473964956 0.09163124619
0.05103132904 0.009246151263 0.0930563291
0.05056531611 0.008582056314 0.09269308942
0.05115525476 0.009489674926 0.09312697121
0.05118288838 0.01118175713 0.09335208999
0.05116828526 0.01108708874 0.09334307419
0.05110576513 0.01114687291 0.09333839693
0.04945290868 0.006559897991 0.09188475445
0.05026220156 0.007996880418 0.09243254984
0.04993926737 0.007590156774 0.09230475906
0.04953845286 0.006781981128 0.09196560811
0.04813422249 0.00742527958 0.09699692529
0.0488175785 0.009186633201 0.09294383552
0.04895639042 0.009447032806 0.09293155943
0.04986856427 0.01058588858 0.09302298403
0.04744961869 0.005511117692 0.09739427338
0.04798764198 0.007179788294 0.09703401411
0.04803613871 0.007272965799 0.0970159357
0.04806953475 0.007340456197 0.0970045194
0.04807160348 0.00734409303 0.09700379356
0.04668170755 0.001214472417 0.09736112014
0.04668178708 0.001190287118 0.09735832248
0.04845858157 0.0009892063975 0.09153182085
0.04839210964 0.0005062392672 0.09158582127
0.0483637655 1.549252345e-05 0.09156696477
0.0483637655 1.549252345e-05 0.09156696477
0.04660655891 7.423462888e-06 0.09725249716
0.04874396128 -0.003302742772 0.09153808558
0.0488753595 -0.004242513245 0.09151181945
0.04874509304 -0.003150812346 0.09151484907
0.04696195338 -0.002897010078 0.09758438658
0.04711988529 -0.003695055118 0.09760720249
0.04726110521 -0.004300464254 0.09759608081
0.04731970231 -0.004815579217 0.09755857445
0.04869385701 -0.00284199778 0.09155727249
0.04847717752 -0.001288600434 0.09155041741
0.04872175941 -0.002984647474 0.09152878216
0.04668236561 -0.001295459389 0.09737221503
0.04669271868 -0.001453896381 0.09739431778
0.04906375117 -0.005497058353 0.0916335182
0.04905246829 -0.005453671213 0.09162862487
0.04904950477 -0.005440414403 0.09162699627
0.05056086903 -0.008555229188 0.09268769659
0.05102554017 -0.009221182118 0.09305194253
0.0511465089 -0.0094646535 0.09312373779
0.05113895403 -0.01105687449 0.09332792221
0.05115284808 -0.0111511401 0.09333604093
0.05107685268 -0.01111648369 0.09332304275
0.04944879001 -0.006528384605 0.09188003378
0.05025776501 -0.007968863698 0.09242721933
0.04993507437 -0.007561422066 0.09229983772
0.04953429241 -0.006750982336 0.09196081709
0.04813012116 -0.00741513444 0.09699443194
0.0488111305 -0.009153660882 0.09293622853
0.04894979032 -0.009414173813 0.09292374739
0.0498571564 -0.01055486262 0.09301451368
0.0474577107 -0.005491704399 0.09739923564
0.04798354137 -0.007169605997 0.09703154477
0.04803204318 -0.007262782896 0.09701345424
0.04806543507 -0.007330279203 0.09700203026
0.04806750378 -0.007333916764 0.09700130412
0.04667997052 -0.00118009963 0.09735631833
0.04668027616 -0.001204676497 0.09735968325
0.0484586839 -0.0009544828712 0.09153185358
0.04839330439 -0.0004715900019 0.09158662106
0.04660655891 7.423462888e-06 0.09725249716
3 0 1 2
3 3 4 5
3 6 7 8
3 11 9 10
3 14 12 13
3 17 15 16
3 18 12 19
3 21 22 20
3 24 25 23
3 26 27 24
3 29 30 28
3 31 32 29
3 33 34 31
3 35 36 33
3 38 37 18
3 39 37 40
3 42 43 41
3 46 44 45
3 48 49 47
3 51 52 50
3 53 54 42
3 56 57 55
3 60 58 59
3 63 61 62
3 66 64 65
3 69 67 68
3 70 71 72
3 73 74 75
3 77 76 60
3 79 80 78
3 78 82 81
3 13 6 8
3 85 83 84
3 88 86 87
3 88 89 86
3 88 90 89
3 90 91 89
3 92 93 87
3 93 88 87
3 96 94 95
3 96 97 94
3 100 98 99
3 100 95 98
3 101 95 100
3 101 96 95
3 103 104 102
3 104 99 102
3 86 89 103
3 89 104 103
3 105 99 104
3 105 100 99
3 89 91 104
3 91 105 104
3 106 100 105
3 106 101 100
3 107 108 105
3 108 106 105
3 105 91 90
3 107 105 90
3 109 107 88
3 107 90 88
3 109 88 93
3 110 109 93
3 111 110 92
3 110 93 92
3 112 111 92
3 113 111 112
3 116 114 115
3 113 114 116
3 117 118 112
3 119 117 112
3 114 113 118
3 118 113 112
3 114 118 117
3 115 114 117
3 120 117 119
3 121 120 119
3 120 115 117
3 122 115 120
3 123 120 121
3 124 123 121
3 123 122 120
3 125 122 123
3 126 123 124
3 127 126 124
3 126 125 123
3 128 125 126
3 129 126 127
3 129 128 126
3 130 128 129
3 133 131 132
3 134 135 136
3 139 137 138
3 139 140 137
3 94 97 138
3 97 139 138
3 98 95 141
3 95 142 141
3 95 138 142
3 94 138 95
3 96 139 97
3 143 139 96
3 145 102 144
3 102 146 144
3 147 145 144
3 99 146 102
3 99 148 146
3 99 141 148
3 98 141 99
3 101 143 96
3 149 143 101
3 106 149 101
3 150 149 106
3 150 106 108
3 151 150 108
3 152 153 109
3 153 107 109
3 152 109 110
3 154 152 110
3 151 107 153
3 151 108 107
3 155 154 111
3 154 110 111
3 113 155 111
3 156 155 113
3 116 156 113
3 157 156 116
3 158 157 115
3 157 116 115
3 122 158 115
3 159 158 122
3 125 159 122
3 160 159 125
3 128 160 125
3 161 160 128
3 130 161 128
3 162 161 130
3 131 162 130
3 163 162 131
3 133 163 131
3 131 129 164
3 165 166 167
3 168 165 167
3 169 168 167
3 170 168 169
3 171 170 169
3 172 170 171
3 173 172 171
3 174 172 173
3 175 174 173
3 176 174 175
3 179 177 178
3 179 180 177
3 179 181 180
3 181 182 180
3 181 183 182
3 184 13 8
3 187 185 186
3 187 178 185
3 187 188 178
3 188 179 178
3 190 186 189
3 190 187 186
3 192 189 191
3 192 190 189
3 137 140 193
3 140 194 193
3 195 191 194
3 195 192 191
3 138 193 196
3 138 137 193
3 197 195 194
3 139 194 140
3 199 200 198
3 198 200 201
3 147 202 199
3 199 202 200
3 198 147 199
3 200 203 201
3 203 204 201
3 203 205 204
3 205 196 204
3 141 142 203
3 142 205 203
3 142 196 205
3 142 138 196
3 206 207 200
3 207 203 200
3 148 206 146
3 148 207 206
3 146 200 202
3 146 206 200
3 148 203 207
3 148 141 203
3 208 143 149
3 209 208 149
3 209 149 150
3 210 209 150
3 211 212 152
3 152 212 153
3 211 152 154
3 213 211 154
3 214 213 155
3 213 154 155
3 156 214 155
3 215 214 156
3 157 215 156
3 216 215 157
3 217 216 158
3 158 216 157
3 217 158 159
3 218 217 159
3 160 218 159
3 219 218 160
3 161 219 160
3 220 219 161
3 162 220 161
3 221 220 162
3 163 221 162
3 222 221 163
3 133 222 163
3 135 222 133
3 224 225 223
3 226 223 225
3 227 223 226
3 166 227 226
3 228 226 225
3 229 226 228
3 166 226 229
3 167 166 229
3 229 228 230
3 231 229 230
3 231 167 229
3 169 167 231
3 231 230 232
3 233 231 232
3 233 169 231
3 171 169 233
3 234 233 232
3 235 233 234
3 235 171 233
3 173 171 235
3 173 235 236
3 175 173 236
3 238 236 237
3 175 236 238
3 240 225 239
3 228 225 240
3 238 237 241
3 242 238 241
3 243 242 241
3 245 239 244
3 240 239 245
3 177 180 246
3 180 247 246
3 180 182 247
3 182 10 247
3 185 178 248
3 178 249 248
3 178 246 249
3 177 246 178
3 252 250 251
3 252 253 250
3 254 253 252
3 254 248 253
3 186 248 254
3 186 185 248
3 255 256 179
3 256 181 179
3 255 179 188
3 257 255 188
3 256 258 181
3 258 183 181
3 260 251 259
3 260 252 251
3 261 252 260
3 261 254 252
3 189 254 261
3 189 186 254
3 262 257 187
3 257 188 187
3 262 187 190
3 263 262 190
3 266 264 265
3 266 259 264
3 266 267 259
3 267 260 259
3 268 260 267
3 268 261 260
3 191 261 268
3 191 189 261
3 270 263 269
3 263 190 192
3 269 263 192
3 272 265 271
3 272 266 265
3 273 266 272
3 273 267 266
3 274 267 273
3 274 268 267
3 193 194 273
3 194 274 273
3 194 268 274
3 194 191 268
3 276 269 275
3 276 270 269
3 269 192 195
3 275 269 195
3 277 198 201
3 277 201 278
3 279 271 278
3 279 272 271
3 201 204 278
3 204 279 278
3 280 272 279
3 280 273 272
3 196 279 204
3 196 280 279
3 196 273 280
3 193 273 196
3 275 195 197
3 281 275 197
3 210 282 209
3 283 282 210
3 284 285 211
3 211 285 212
3 213 284 211
3 286 284 213
3 287 286 214
3 214 286 213
3 287 214 215
3 288 287 215
3 217 289 215
3 217 215 216
3 290 288 289
3 289 288 215
3 290 289 217
3 291 290 217
3 218 291 217
3 292 291 218
3 219 292 218
3 293 292 219
3 220 293 219
3 294 293 220
3 221 294 220
3 295 294 221
3 222 295 221
3 296 295 222
3 82 297 298
3 135 296 222
3 134 296 135
3 224 299 300
3 223 299 224
3 0 2 301
3 224 300 302
3 225 224 302
3 239 302 303
3 225 302 239
3 0 301 304
3 306 4 305
3 308 309 307
3 309 310 307
3 307 310 228
3 230 228 310
3 228 240 307
3 308 307 240
3 309 311 310
3 311 312 310
3 312 230 310
3 232 230 312
3 311 313 312
3 313 314 312
3 232 312 314
3 234 232 314
3 315 314 313
3 315 316 314
3 234 314 316
3 237 234 316
3 317 316 315
3 317 318 316
3 237 316 318
3 241 237 318
3 241 318 319
3 243 241 319
3 320 244 303
3 239 303 244
3 322 308 321
3 322 309 308
3 245 308 240
3 321 308 245
3 322 323 309
3 323 311 309
3 323 324 311
3 324 313 311
3 324 325 313
3 325 315 313
3 326 315 325
3 326 317 315
3 327 328 320
3 328 321 320
3 320 321 244
3 321 245 244
3 183 11 10
3 182 183 10
3 330 3 329
3 331 332 333
3 328 334 321
3 334 322 321
3 335 322 334
3 335 323 322
3 335 336 323
3 336 324 323
3 246 247 335
3 247 336 335
3 336 9 324
3 9 325 324
3 247 10 336
3 10 9 336
3 337 325 9
3 337 326 325
3 338 339 327
3 339 328 327
3 250 253 338
3 253 339 338
3 329 3 5
3 332 340 333
3 339 341 328
3 341 334 328
3 253 248 339
3 248 341 339
3 341 342 334
3 342 335 334
3 248 249 341
3 249 342 341
3 249 335 342
3 246 335 249
3 344 343 15
3 251 338 345
3 251 250 338
3 348 346 347
3 348 349 346
3 346 349 255
3 349 256 255
3 346 255 257
3 347 346 257
3 350 351 352
3 350 352 353
3 258 11 183
3 354 349 348
3 354 355 349
3 349 355 256
3 355 258 256
3 11 337 9
3 356 350 343
3 264 259 357
3 259 358 357
3 259 345 358
3 259 251 345
3 359 331 360
3 363 361 362
3 363 347 361
3 361 347 262
3 347 257 262
3 361 262 263
3 362 361 263
3 8 7 359
3 364 347 363
3 364 348 347
3 343 350 353
3 343 353 365
3 265 264 357
3 366 363 270
3 367 344 15
3 14 13 184
3 366 270 276
3 368 366 276
3 23 21 20
3 369 277 370
3 38 18 371
3 370 277 278
3 370 278 372
3 19 12 373
3 374 368 275
3 368 276 275
3 374 275 281
3 375 374 281
3 377 375 376
3 375 281 376
3 377 376 378
3 379 377 378
3 380 25 24
3 282 379 378
3 381 379 282
3 283 381 282
3 382 381 283
3 383 384 284
3 284 384 285
3 383 284 286
3 385 383 286
3 287 386 385
3 287 385 286
3 386 287 288
3 387 386 288
3 82 388 297
3 389 387 290
3 290 387 288
3 389 290 291
3 390 389 291
3 292 390 291
3 28 390 292
3 293 28 292
3 29 28 293
3 294 29 293
3 31 29 294
3 295 31 294
3 33 31 295
3 296 33 295
3 35 33 296
3 391 133 132
3 136 135 391
3 134 35 296
3 298 35 134
3 1 393 392
3 299 393 1
3 300 1 0
3 300 299 1
3 394 300 0
3 302 300 394
3 4 303 394
3 302 394 303
3 396 318 395
3 319 318 396
3 317 395 318
3 397 395 317
3 3 320 4
3 320 303 4
3 326 397 317
3 340 327 3
3 327 320 3
3 332 338 340
3 340 338 327
3 331 345 332
3 338 332 345
3 398 352 354
3 353 352 398
3 358 359 7
3 359 358 331
3 358 345 331
3 353 398 348
3 398 354 348
3 353 348 364
3 365 353 364
3 343 365 363
3 365 364 363
3 366 343 363
3 15 343 366
3 15 366 368
3 16 15 368
3 20 16 374
3 16 368 374
3 20 374 375
3 23 20 375
3 24 23 377
3 377 23 375
3 379 24 377
3 26 24 379
3 381 26 379
3 399 26 381
3 382 399 381
3 400 399 382
3 401 402 383
3 383 402 384
3 385 401 383
3 403 401 385
3 403 386 404
3 385 386 403
3 387 404 386
3 405 404 387
3 389 405 387
3 28 406 390
3 407 30 29
3 408 32 31
3 409 34 33
3 410 36 35
3 81 134 136
3 378 208 209
3 282 378 209
3 378 376 208
3 411 400 382
3 411 382 412
3 412 382 283
3 285 411 412
3 384 411 285
3 412 283 413
3 413 283 210
3 212 412 413
3 285 412 212
3 414 150 153
3 153 150 151
3 413 210 414
3 414 210 150
3 413 414 153
3 212 413 153
3 278 271 372
3 271 265 372
3 369 370 37
3 39 369 37
3 416 53 415
3 417 418 419
3 421 75 420
3 423 424 422
3 427 425 426
3 428 429 427
3 64 66 72
3 47 430 431
3 432 433 434
3 435 436 437
3 440 438 439
3 443 441 442
3 42 54 444
3 445 76 77
3 448 446 447
3 49 449 47
3 82 450 388
3 446 451 447
3 452 65 428
3 438 453 439
3 456 454 455
3 458 459 457
3 460 461 462
3 463 464 465
3 467 468 466
3 471 469 470
3 472 473 474
3 475 472 476
3 475 477 472
3 479 480 478
3 478 480 475
3 481 479 478
3 483 484 482
3 485 486 483
3 487 485 483
3 488 485 487
3 489 485 488
3 489 490 485
3 456 455 491
3 494 492 493
3 495 496 494
3 498 499 497
3 500 499 498
3 501 500 498
3 503 502 501
3 503 501 504
3 507 505 506
3 508 509 510
3 4241 4242 511
3 512 505 507
3 513 512 507
3 511 4243 514
3 514 516 515
3 515 516 517
3 519 520 518
3 4244 521 4245
3 522 4244 4246
3 525 523 524
3 526 527 522
3 529 530 528
3 522 527 531
3 532 529 528
3 535 533 534
3 536 537 538
3 534 539 535
3 540 536 538
3 541 531 527
3 542 529 532
3 543 541 527
3 539 534 544
3 68 529 542
3 546 547 545
3 548 546 545
3 549 543 550
3 551 549 552
3 553 68 542
3 552 549 550
3 555 556 554
3 558 553 557
3 548 559 546
3 560 553 558
3 563 561 562
3 565 560 564
3 568 566 567
3 569 570 571
3 455 565 564
3 454 565 455
3 574 572 573
3 575 576 569
3 575 569 429
3 577 575 429
3 580 578 579
3 581 416 415
3 584 582 583
3 585 575 577
3 585 587 586
3 588 587 585
3 589 42 590
3 592 591 584
3 581 415 589
3 589 590 593
3 589 593 594
3 595 596 597
3 598 599 591
3 600 601 602
3 603 604 600
3 598 605 599
3 608 606 607
3 606 588 607
3 597 610 609
3 612 611 598
3 611 605 598
3 613 608 614
3 608 607 614
3 615 616 617
3 618 613 619
3 616 620 617
3 623 621 622
3 618 619 624
3 625 626 620
3 629 627 628
3 632 630 631
3 627 439 633
3 634 635 636
3 638 465 637
3 639 624 640
3 641 630 632
3 642 462 459
3 644 643 438
3 646 639 645
3 626 647 648
3 458 457 649
3 643 650 438
3 647 651 648
3 652 646 645
3 648 651 653
3 651 654 653
3 651 655 656
3 658 652 657
3 652 645 657
3 660 661 659
3 660 658 661
3 662 660 659
3 655 663 664
3 666 659 665
3 663 667 664
3 668 666 665
3 669 670 667
3 668 665 671
3 673 668 672
3 675 676 674
3 674 676 677
3 678 679 680
3 679 682 681
3 685 683 684
3 688 686 687
3 690 689 683
3 691 688 692
3 688 687 692
3 683 689 693
3 689 695 694
3 696 695 689
3 694 695 697
3 695 699 698
3 702 700 701
3 700 691 703
3 691 692 703
3 706 704 705
3 708 707 704
3 710 711 709
3 711 712 713
3 711 714 712
3 714 715 712
3 715 716 712
3 717 718 716
3 712 716 719
3 720 496 495
3 554 561 563
3 649 457 721
3 722 511 514
3 672 668 671
3 651 656 654
3 724 637 723
3 512 517 505
3 662 659 666
3 502 500 501
3 644 438 440
3 604 601 600
3 695 698 697
3 726 616 725
3 466 579 727
3 655 664 656
3 545 536 540
3 728 729 670
3 480 477 475
3 553 542 557
3 730 731 707
3 476 472 474
3 732 673 672
3 733 526 522
3 735 736 734
3 737 641 632
3 738 704 706
3 539 544 739
3 466 727 740
3 474 473 471
3 613 614 619
3 571 559 548
3 656 664 741
3 507 506 509
3 545 547 536
3 743 742 530
3 744 745 746
3 674 677 747
3 739 544 556
3 593 596 595
3 748 631 463
3 749 572 574
3 530 742 750
3 529 743 530
3 738 708 704
3 643 721 650
3 566 751 567
3 742 519 750
3 473 752 471
3 706 705 699
3 753 552 550
3 634 636 641
3 525 754 523
3 755 416 581
3 484 756 481
3 708 730 707
3 733 4246 4247
3 729 747 670
3 566 753 751
3 471 752 469
3 730 710 731
3 757 597 609
3 758 574 759
3 549 541 543
3 724 723 460
3 515 517 512
3 729 675 674
3 493 490 489
3 760 584 583
3 616 625 620
3 680 679 681
3 600 602 761
3 729 674 747
3 623 609 621
3 622 762 763
3 482 484 481
3 514 764 516
3 523 509 508
3 676 685 684
3 574 573 759
3 765 496 720
3 496 492 494
3 679 672 682
3 628 627 766
3 603 600 761
3 768 767 568
3 586 575 585
3 468 579 466
3 725 616 615
3 415 42 589
3 499 769 497
3 732 672 679
3 579 578 770
3 603 761 578
3 601 725 615
3 766 771 611
3 700 703 701
3 592 584 760
3 669 728 670
3 520 503 504
3 631 772 773
3 641 774 630
3 609 610 775
3 628 766 776
3 759 777 755
3 701 703 778
3 703 441 779
3 770 780 781
3 554 782 561
3 470 469 783
3 784 470 785
3 786 470 784
3 788 789 787
3 45 789 788
3 790 475 789
3 45 790 789
3 44 790 45
3 791 792 793
3 478 475 790
3 792 478 790
3 794 478 792
3 794 481 478
3 791 795 794
3 796 795 791
3 482 481 795
3 487 483 482
3 797 487 798
3 799 488 797
3 800 488 799
3 800 489 488
3 801 802 726
3 803 79 769
3 803 769 499
3 804 499 500
3 804 803 499
3 805 804 502
3 510 807 806
3 808 807 510
3 508 510 806
3 505 809 808
3 505 808 506
3 810 809 505
3 811 4248 4249
3 811 4250 4248
3 764 4243 4250
3 764 812 516
3 516 812 813
3 517 516 810
3 517 810 505
3 815 508 814
3 816 815 814
3 4251 817 4252
3 742 818 519
3 819 818 742
3 524 523 815
3 521 820 817
3 524 535 525
3 820 821 822
3 823 535 524
3 826 824 825
3 743 819 742
3 533 535 823
3 422 819 743
3 522 531 821
3 422 743 529
3 828 827 824
3 829 821 531
3 68 830 529
3 830 422 529
3 534 533 831
3 545 540 827
3 832 545 827
3 833 541 549
3 551 833 549
3 556 834 782
3 835 69 68
3 548 545 836
3 837 833 551
3 556 782 554
3 835 68 553
3 838 553 560
3 425 548 839
3 840 571 548
3 566 841 753
3 842 843 566
3 844 734 838
3 842 566 568
3 845 843 842
3 846 844 565
3 568 847 842
3 849 850 848
3 568 767 847
3 572 851 573
3 745 853 852
3 745 740 853
3 573 854 777
3 855 856 454
3 740 727 853
3 777 854 416
3 579 770 727
3 781 857 858
3 853 781 858
3 582 456 583
3 582 855 456
3 859 855 582
3 578 860 770
3 65 577 861
3 862 585 577
3 591 863 584
3 863 56 55
3 862 588 585
3 761 602 860
3 590 41 596
3 864 56 863
3 71 862 64
3 591 599 863
3 609 775 621
3 599 865 864
3 607 71 866
3 621 775 867
3 601 615 868
3 614 607 869
3 622 867 762
3 762 867 870
3 872 869 871
3 617 874 873
3 763 870 875
3 619 869 876
3 617 620 874
3 635 48 47
3 635 47 636
3 636 47 774
3 875 48 635
3 774 877 772
3 463 773 464
3 773 878 464
3 766 633 771
3 631 773 463
3 465 879 637
3 626 648 620
3 723 417 880
3 460 723 461
3 439 881 633
3 633 881 882
3 640 876 883
3 439 453 881
3 883 876 884
3 459 462 885
3 438 650 453
3 645 639 886
3 886 883 887
3 648 653 888
3 721 889 650
3 645 887 890
3 658 657 661
3 774 47 877
3 654 741 446
3 656 741 654
3 661 657 891
3 657 890 891
3 664 892 741
3 894 895 893
3 659 661 895
3 895 891 893
3 661 891 895
3 667 897 896
3 659 895 898
3 899 900 432
3 899 898 900
3 672 671 901
3 672 901 682
3 904 902 903
3 901 902 904
3 682 901 904
3 681 682 905
3 682 904 905
3 676 906 677
3 677 906 907
3 676 684 906
3 681 905 908
3 686 680 908
3 680 681 908
3 908 905 909
3 687 908 910
3 686 908 687
3 912 693 911
3 692 687 913
3 689 694 693
3 914 697 915
3 915 916 917
3 915 917 914
3 916 918 917
3 697 916 915
3 698 705 916
3 699 705 698
3 731 709 919
3 778 703 779
3 707 919 920
3 709 921 919
3 709 713 921
3 709 711 713
3 713 719 922
3 719 923 922
3 702 778 718
3 719 716 924
3 716 925 924
3 718 926 925
3 718 778 926
3 844 838 565
3 605 865 599
3 841 552 753
3 710 709 731
3 664 896 892
3 703 692 441
3 630 772 631
3 814 508 806
3 876 869 872
3 573 851 854
3 521 4251 4245
3 906 912 927
3 457 889 721
3 615 617 868
3 928 929 818
3 869 70 871
3 869 607 866
3 861 577 429
3 781 780 857
3 445 828 826
3 771 882 930
3 667 670 897
3 415 53 42
3 885 51 50
3 683 912 684
3 657 645 890
3 624 619 640
3 770 860 780
3 741 892 446
3 876 872 884
3 429 569 931
3 759 573 777
3 705 932 933
3 702 701 778
3 665 898 671
3 720 495 934
3 683 693 912
3 453 935 881
3 762 870 763
3 847 746 936
3 875 937 48
3 843 841 566
3 465 464 879
3 723 880 461
3 746 745 852
3 41 938 596
3 633 882 771
3 619 614 869
3 627 633 766
3 796 482 795
3 855 454 456
3 833 829 541
3 791 794 792
3 620 888 874
3 795 481 794
3 65 862 577
3 789 475 476
3 789 476 787
3 650 939 453
3 897 747 940
3 787 474 786
3 704 932 705
3 898 895 900
3 839 836 941
3 869 866 70
3 870 937 875
3 904 903 905
3 671 899 901
3 826 825 76
3 798 482 796
3 462 51 885
3 866 71 70
3 838 835 553
3 665 659 898
3 828 824 826
3 540 538 824
3 544 831 556
3 852 853 942
3 611 771 605
3 856 846 454
3 601 868 602
3 487 482 798
3 935 943 944
3 687 910 913
3 908 909 910
3 476 474 787
3 488 487 797
3 693 694 945
3 727 781 853
3 719 924 923
3 727 770 781
3 670 747 897
3 731 919 707
3 852 942 936
3 827 540 824
3 839 548 836
3 425 839 941
3 863 55 859
3 522 821 521
3 931 571 840
3 470 783 785
3 792 790 44
3 71 607 862
3 524 815 816
3 457 50 889
3 838 734 835
3 778 779 926
3 829 822 821
3 705 933 916
3 639 640 886
3 637 879 417
3 901 899 902
3 934 494 800
3 461 946 462
3 684 912 906
3 502 804 500
3 584 863 582
3 734 69 835
3 836 545 832
3 713 922 921
3 454 846 565
3 582 863 859
3 462 946 51
3 832 827 828
3 429 931 947
3 621 867 622
3 588 862 607
3 712 719 713
3 578 761 860
3 716 718 925
3 704 707 932
3 755 777 416
3 824 948 825
3 534 831 544
3 521 821 820
3 931 840 425
3 620 648 888
3 824 538 948
3 825 949 58
3 841 551 552
3 929 805 818
3 886 640 883
3 645 886 887
3 506 808 510
3 924 925 923
3 474 471 786
3 885 50 457
3 868 617 873
3 599 864 863
3 640 619 876
3 565 838 560
3 664 667 896
3 561 782 950
3 671 898 899
3 767 746 847
3 459 885 457
3 818 520 519
3 786 471 470
3 593 590 596
3 840 548 425
3 541 829 531
3 815 523 508
3 948 949 825
3 495 494 934
3 952 953 951
3 955 956 954
3 958 954 957
3 960 961 959
3 962 963 964
3 966 964 965
3 629 439 627
3 967 968 969
3 440 439 970
3 971 968 967
3 967 969 972
3 967 972 973
3 974 440 970
3 976 977 975
3 979 980 978
3 983 981 982
3 980 612 984
3 987 985 986
3 988 989 952
3 989 990 953
3 986 991 992
3 953 990 993
3 583 456 994
3 996 997 995
3 1000 998 999
3 491 455 1001
3 1004 1002 1003
3 1007 1005 1006
3 564 1005 1001
3 964 1008 1009
3 1010 649 1011
3 1012 1013 963
3 1014 1015 1016
3 1017 460 642
3 1020 1018 1019
3 1021 460 1017
3 1018 1022 1019
3 1023 1024 1018
3 1024 1025 1022
3 1026 1027 1024
3 1029 1026 1028
3 1030 959 1029
3 959 1031 1032
3 1032 1033 1034
3 1033 1035 1034
3 1033 1036 1035
3 1037 1038 1036
3 954 1039 1040
3 1040 1037 1041
3 1044 1042 1043
3 1046 1045 1044
3 1048 1049 1047
3 1051 1050 1049
3 1050 1053 1052
3 1054 595 757
3 594 595 1054
3 1057 1055 1056
3 1058 1059 1060
3 1061 1062 1055
3 1063 1064 1065
3 1066 1067 1068
3 1069 1070 1071
3 1067 562 749
3 555 554 1072
3 1073 555 1072
3 1074 535 539
3 848 1074 539
3 1075 850 849
3 1076 1077 1078
3 1078 1080 1079
3 1076 1081 1082
3 1083 467 1081
3 1086 1084 1085
3 1088 1089 1087
3 1090 1085 1058
3 1090 1058 1091
3 1092 1090 1091
3 1056 1093 1094
3 1095 1096 1097
3 1099 1100 1098
3 1101 1102 663
3 1103 729 728
3 1104 1102 1101
3 1105 1106 1107
3 1108 1109 1110
3 1112 1113 1111
3 1114 1115 1116
3 1119 1117 1118
3 1120 580 468
3 1121 1078 1079
3 1078 1122 1076
3 1123 1124 1125
3 1126 1123 1125
3 1121 1079 1127
3 1129 1128 1084
3 1130 468 467
3 1129 1132 1131
3 1122 1083 1081
3 1095 1133 1096
3 1087 1086 1134
3 1135 1129 1089
3 580 1136 603
3 1088 1135 1089
3 1089 1084 1087
3 1137 1134 1138
3 1137 1139 1136
3 1079 1140 1127
3 1133 1141 1096
3 1142 1143 1144
3 1137 1138 1139
3 1133 1145 1141
3 1146 1145 1133
3 1147 1148 1100
3 1104 1149 1102
3 1151 1152 1150
3 1153 1154 1155
3 1153 1156 1154
3 1157 1156 1153
3 1158 1159 1160
3 1162 1163 1161
3 1163 1119 1161
3 1162 1161 1164
3 1115 1165 1166
3 1168 1169 1167
3 1115 1114 1167
3 1172 1170 1171
3 1107 1173 1174
3 1106 1175 1107
3 1175 1176 1107
3 1171 1177 1108
3 1172 1178 1179
3 1180 1179 1181
3 1175 1180 1181
3 1114 1182 1168
3 1183 1111 1182
3 1115 1167 1165
3 1110 1111 1184
3 1113 1185 1186
3 1187 1185 1113
3 1116 1166 1188
3 1189 1116 1190
3 1191 1192 1193
3 1191 1162 1164
3 1165 1191 1194
3 1191 1195 1192
3 1167 1196 1195
3 1197 1099 1198
3 1198 1099 1199
3 1202 1200 1201
3 1146 1133 1095
3 1200 1203 1204
3 1202 1203 1200
3 717 702 718
3 1105 1174 1205
3 1207 1208 1206
3 1210 1211 1209
3 1089 1129 1084
3 1136 1139 604
3 1130 1120 468
3 1081 467 745
3 1212 1129 1213
3 1122 1081 1076
3 1138 1145 1146
3 1211 1143 1095
3 1096 1214 1097
3 1203 1215 1216
3 1217 1210 1200
3 1218 1215 1203
3 1207 1206 1149
3 1208 1105 1205
3 1208 1205 1206
3 1218 1207 1215
3 1202 1219 1203
3 1202 1201 1220
3 1204 1203 1216
3 1203 1219 1218
3 1222 1216 1221
3 1221 1224 1223
3 1039 1043 1037
3 492 490 493
3 1227 1225 1226
3 1229 1228 679
3 1230 1231 1232
3 1233 1234 1235
3 1236 1237 1238
3 1240 1241 1239
3 1240 1242 1241
3 1244 1239 1243
3 1244 1240 1239
3 1244 1243 1245
3 1246 1242 1240
3 1247 1240 1244
3 1246 1248 1242
3 1249 1250 1248
3 1249 1248 1246
3 473 1251 752
3 1252 1250 1249
3 1253 1247 1251
3 1254 1253 1251
3 1249 1246 1255
3 1256 1255 1246
3 1257 1252 1249
3 1258 1256 1253
3 1259 1253 1254
3 1257 1249 1255
3 477 1254 472
3 1260 1228 1229
3 1261 1257 1262
3 477 1259 1254
3 1263 1264 1258
3 1266 1265 1259
3 1262 1255 1267
3 1264 1267 1255
3 1266 1259 477
3 1261 1262 1268
3 1268 1262 1267
3 1269 1267 1264
3 1263 1269 1264
3 1270 1263 1265
3 1271 1270 1266
3 1270 1272 1263
3 1274 1275 1273
3 1276 1269 1272
3 1276 1273 1269
3 1274 1273 1277
3 1278 1279 1270
3 756 1280 479
3 1036 634 737
3 1281 1276 1279
3 1281 1282 1276
3 1284 1283 1274
3 1277 1273 1276
3 1285 1283 1284
3 1286 1281 1278
3 1288 1289 1287
3 1232 1284 1277
3 1289 1286 1278
3 1290 1282 1281
3 1286 1290 1281
3 484 1287 756
3 486 1287 484
3 1291 1290 1286
3 1292 1291 1286
3 486 1288 1287
3 1295 1293 1294
3 1294 1293 1232
3 1296 1297 1291
3 486 1298 1288
3 1299 1295 1294
3 1227 1300 1301
3 1299 1294 1231
3 1302 1299 1231
3 1304 1298 1303
3 1305 1231 1230
3 1306 1307 1296
3 1308 1304 1303
3 1305 1302 1231
3 1309 1307 1306
3 1308 1303 485
3 490 1304 1308
3 1310 1305 1230
3 1310 1230 1307
3 1311 1309 1306
3 1313 1312 1305
3 1311 1306 1304
3 1314 1311 1304
3 1316 1315 1302
3 1317 1313 1310
3 1318 1309 1311
3 1314 1318 1311
3 1318 1317 1309
3 1319 1314 492
3 492 1314 490
3 1313 1320 1312
3 1321 1320 1313
3 1322 1152 1151
3 1323 1318 1314
3 1325 1317 1324
3 1324 1317 1318
3 1323 1324 1318
3 1327 1326 1320
3 1328 1324 1323
3 1330 1329 1321
3 1330 1321 1325
3 1331 1328 1323
3 1331 1323 1319
3 1332 1319 496
3 1329 1327 1320
3 1333 1334 1335
3 1336 1337 1328
3 1336 1328 1331
3 1338 1336 1331
3 1339 1334 1333
3 1333 1335 1340
3 1337 1341 1330
3 1342 1343 765
3 1342 765 720
3 1340 1335 1327
3 506 510 509
3 1344 1339 1333
3 1344 1340 1345
3 1346 1337 1336
3 1344 1333 1340
3 1343 1348 1347
3 1349 1344 1345
3 1351 1341 1350
3 1352 1353 1354
3 1355 1350 1346
3 1357 1358 1356
3 1359 1355 1346
3 1359 1346 1348
3 1360 1359 1348
3 1361 1348 1343
3 1356 1344 1349
3 1362 1353 1352
3 1363 1361 1343
3 1364 1356 1349
3 1362 1352 1351
3 1365 1361 1363
3 1364 1349 1366
3 1362 1366 1353
3 1367 1357 1356
3 1365 1360 1361
3 1369 1368 1355
3 1360 1355 1359
3 1370 1367 1364
3 1371 1364 1366
3 1372 1357 1367
3 1369 1355 1360
3 1373 1360 1365
3 1371 1370 1364
3 1374 1369 1360
3 1375 1372 1367
3 1377 1362 1376
3 1378 1370 1371
3 1300 1377 1376
3 1300 1376 1379
3 1380 1378 1371
3 1379 1376 1368
3 1373 1374 1360
3 1382 1383 1381
3 1385 1386 1384
3 1375 1367 1370
3 1375 1370 1387
3 1380 1387 1378
3 498 497 1383
3 1383 497 1388
3 1382 1381 1389
3 1389 1381 1390
3 1385 1384 1391
3 1392 1387 1380
3 1393 1379 1374
3 1394 1375 1387
3 1395 498 1383
3 1389 1390 1396
3 1301 1300 1379
3 1395 1383 1382
3 1397 1389 1396
3 1398 1391 1375
3 1394 1387 1399
3 1399 1387 1392
3 1400 1301 1379
3 1398 1375 1394
3 1399 1392 1225
3 1234 1391 1398
3 1402 1397 1401
3 1403 1301 1400
3 1404 1399 1225
3 1403 1227 1301
3 1405 1396 1233
3 501 1395 1406
3 1406 1395 1402
3 1235 1234 1407
3 1408 1394 1409
3 1409 1394 1399
3 1410 1398 1408
3 1412 1401 1411
3 504 501 1406
3 1411 1233 1235
3 1413 1235 1407
3 1415 1416 1414
3 1417 1418 1419
3 1420 1406 1421
3 1413 1407 1410
3 1422 1409 1404
3 1424 509 1423
3 1425 1426 1417
3 1428 1417 1427
3 1429 1422 1404
3 1429 1404 1416
3 1430 1415 1414
3 1425 1431 1426
3 1432 1419 1418
3 504 1406 1420
3 1433 1235 1413
3 1434 4253 4254
3 4254 4255 1434
3 4256 4257 1435
3 4258 4256 1435
3 1436 1431 1425
3 1431 1424 1437
3 1431 513 1424
3 518 504 1420
3 1438 1411 1433
3 1439 1413 1410
3 1440 1439 1410
3 1440 1408 1422
3 511 4255 4241
3 4259 4260 1441
3 1442 1443 1428
3 1444 1421 1412
3 1445 1413 1439
3 4259 1441 4261
3 1434 511 722
3 4253 1446 4262
3 1447 4257 4263
3 1447 4264 4265
3 1435 4260 4258
3 1446 722 1448
3 1435 1447 1449
3 1447 1446 1448
3 1448 722 515
3 1449 1447 1450
3 1447 1448 1450
3 1450 1448 1451
3 1448 515 1451
3 1454 1452 1453
3 1452 1455 1453
3 1449 1450 1456
3 1455 1449 1456
3 1451 515 1457
3 1455 1456 1453
3 1450 1451 1436
3 1454 1453 1458
3 1453 1456 1459
3 1457 513 1431
3 1436 1451 1431
3 1457 512 513
3 1456 1436 1425
3 1458 1453 1443
3 1458 1443 1442
3 1460 1437 1423
3 1460 1432 1437
3 1461 1427 1462
3 1464 1427 1463
3 1420 1421 1444
3 1465 1433 1413
3 1466 1440 1422
3 1467 1468 1429
3 1469 1463 1419
3 1432 1469 1419
3 1444 1412 1470
3 1470 1411 1438
3 1438 1433 1465
3 1471 1445 1440
3 1466 1471 1440
3 1472 4266 4267
3 4268 1472 4267
3 4261 1474 4269
3 1475 1441 1452
3 754 1423 523
3 1476 1420 1444
3 1477 1470 1438
3 1438 1465 1478
3 754 1460 1423
3 1479 1469 1432
3 1469 1464 1463
3 518 1420 1480
3 1481 1470 1477
3 1468 1466 1422
3 1480 1420 1476
3 1476 1444 1481
3 1482 1438 1478
3 1483 1466 1468
3 1475 1454 1484
3 1460 1479 1432
3 1485 1464 1469
3 750 518 1480
3 1487 1478 1486
3 1471 1488 1445
3 4270 733 4247
3 1472 1489 1473
3 1490 1484 1458
3 1493 1491 1492
3 1492 1491 1494
3 1495 1461 1462
3 1496 1487 1486
3 1483 1497 1466
3 1499 1467 1498
3 1500 1501 1502
3 1474 1503 1504
3 1505 1484 1490
3 1490 1458 1491
3 1507 1479 1506
3 1508 1509 1510
3 1511 1476 1481
3 1489 526 1473
3 1472 1504 1512
3 1472 1512 1489
3 1513 1484 1505
3 1475 1484 1513
3 1505 1490 1493
3 1514 1515 1516
3 1517 1485 1469
3 1518 1492 1495
3 750 1480 1519
3 1519 1480 1511
3 1480 1476 1511
3 1520 1481 1477
3 1520 1477 1482
3 1496 1486 1488
3 1504 1503 1512
3 1513 1521 1503
3 1521 1505 1522
3 535 1523 754
3 535 754 525
3 1507 1517 1479
3 1508 1518 1509
3 1514 1524 1515
3 1525 1478 1487
3 1526 1497 1483
3 526 1527 527
3 1528 1529 1521
3 1513 1505 1521
3 1511 1481 1520
3 1520 1482 1530
3 1531 1525 1487
3 1532 1526 1468
3 538 1533 948
3 1512 1534 1527
3 1535 1528 1521
3 1505 1493 1536
3 1537 1492 1538
3 1519 1511 1539
3 1540 1496 1488
3 1541 1471 1497
3 1536 1493 1537
3 1542 528 1519
3 1539 1520 1543
3 1545 1531 1544
3 1546 1544 1540
3 1547 1488 1471
3 1541 1547 1471
3 1535 1521 1522
3 1549 1522 1548
3 1548 1505 1536
3 848 1550 1507
3 1542 1519 1551
3 1543 1520 1530
3 1530 1552 1553
3 1554 1545 1544
3 1556 1527 1555
3 1557 1536 1537
3 848 1507 1523
3 1074 1523 535
3 1550 1485 1517
3 1553 1525 1545
3 1553 1552 1525
3 1558 1541 1497
3 1559 1526 1532
3 538 537 1533
3 1548 1536 1557
3 1561 1560 1514
3 1543 1530 1562
3 1547 1540 1488
3 1492 1494 1495
3 532 528 1542
3 1562 1530 1553
3 536 1563 537
3 543 527 1556
3 1564 1561 1550
3 1510 1524 1560
3 532 1542 1565
3 1566 1543 1562
3 1568 1567 1545
3 1569 1540 1547
3 1559 1558 1526
3 1570 1559 1571
3 1572 1556 1573
3 1574 1535 1549
3 999 996 1575
3 1495 1576 1515
3 1577 1562 1553
3 1578 1547 1541
3 1556 1555 1573
3 1579 1548 1557
3 1580 1538 1508
3 849 848 539
3 850 1564 1550
3 1516 1515 1576
3 1509 1515 1524
3 1577 1553 1567
3 1581 1568 1554
3 1558 1578 1541
3 1574 1549 1579
3 1509 1495 1515
3 542 532 1002
3 1566 1562 1577
3 1582 1583 1566
3 1584 1579 1557
3 1580 1508 1585
3 1585 1508 1586
3 1587 1564 850
3 1576 1462 1516
3 1564 1588 1561
3 1589 1560 1588
3 1518 1495 1509
3 1590 1566 1577
3 1591 1546 1569
3 1592 1593 1559
3 1592 1559 1570
3 1594 1573 1535
3 849 539 739
3 1494 1461 1495
3 1510 1509 1524
3 1595 1551 1583
3 1596 1581 1591
3 1578 1569 1547
3 1597 1593 1592
3 1599 1574 1598
3 1587 1600 1564
3 1600 1589 1564
3 1582 1566 1590
3 1601 1572 1573
3 1602 1594 1599
3 849 739 555
3 1590 1577 1603
3 550 543 1601
3 1124 1585 1125
3 555 1075 849
3 1604 1600 1587
3 1605 1603 1567
3 1606 1581 1596
3 1607 1608 1578
3 546 1609 547
3 1609 1610 547
3 1611 1612 1589
3 557 1002 1004
3 1613 1590 1603
3 1614 1605 1615
3 1597 1607 1616
3 1602 1601 1594
3 1617 1602 1599
3 1070 1587 1075
3 1070 1075 555
3 558 557 1004
3 1614 1603 1605
3 1618 1590 1613
3 1619 1582 1618
3 1609 1620 1610
3 1621 1597 1592
3 1125 1612 1622
3 1596 1591 1569
3 1003 1595 1619
3 1623 1606 1596
3 751 550 1601
3 751 1601 1624
3 1624 1601 1602
3 1140 1626 1625
3 1140 1124 1123
3 1627 1613 1614
3 1628 1620 1609
3 1624 1602 1617
3 1617 1599 1626
3 1622 1612 1611
3 1622 1611 1629
3 560 558 1630
3 1631 1618 1613
3 1633 1615 1632
3 1632 1615 1606
3 1634 1607 1597
3 1636 1637 1635
3 1638 1624 1617
3 1126 1125 1622
3 1630 1004 1006
3 1639 1619 1618
3 1640 1633 1632
3 567 751 1624
3 1079 1080 1626
3 1126 1622 1641
3 1005 560 1630
3 1005 1630 1006
3 1006 1004 1642
3 1072 554 563
3 1627 1614 1633
3 1643 1632 1623
3 561 950 562
3 1634 1644 1607
3 1645 1628 559
3 1628 1646 1620
3 1379 1368 1369
3 1127 1123 1126
3 1140 1123 1127
3 1127 1126 1647
3 1641 1622 1629
3 1071 1073 1066
3 1575 1613 1627
3 1644 1608 1607
3 1077 1617 1080
3 1649 1604 1648
3 1631 1639 1618
3 1650 1646 1628
3 1647 1126 1641
3 1651 1629 1649
3 1604 1069 1648
3 1652 1069 1064
3 1066 563 1067
3 996 1639 1631
3 571 570 559
3 1653 1650 1645
3 1654 1655 1656
3 1654 1656 1646
3 768 1638 1076
3 1082 768 1076
3 1078 1121 1122
3 1127 1212 1121
3 1139 1138 1142
3 995 1639 996
3 1657 1575 1627
3 1658 1640 1643
3 768 1082 767
3 1068 1067 1659
3 1067 749 1659
3 1001 1005 1007
3 1660 1007 1006
3 1661 1660 1006
3 997 1661 1642
3 1663 1643 1662
3 1662 1643 1664
3 1665 1662 1664
3 1665 1664 1644
3 570 1653 1645
3 1653 1654 1650
3 1082 744 767
3 1082 1081 744
3 1132 1641 1131
3 1132 1647 1641
3 1131 1641 1651
3 1651 1649 1666
3 1064 1068 1065
3 455 564 1001
3 1660 1661 997
3 1662 1665 1663
3 1131 1651 1666
3 1667 1652 1063
3 1668 1007 1660
3 998 1660 997
3 999 997 996
3 576 1653 569
3 569 1653 570
3 1669 1654 1653
3 1670 1655 1654
3 1669 1670 1654
3 767 744 746
3 1081 745 744
3 1212 1132 1129
3 1667 1666 1648
3 1065 1068 1659
3 1659 749 574
3 999 998 997
3 1128 1131 1666
3 1672 1671 1575
3 1673 1575 1657
3 1675 1674 1665
3 467 466 745
3 758 759 1676
3 998 1668 1660
3 1672 1575 1673
3 1677 1675 1678
3 1677 1678 1679
3 576 1680 1653
3 1681 1679 1670
3 1130 1088 1120
3 1065 758 1060
3 1682 1683 1668
3 1000 999 1671
3 1681 1677 1679
3 1685 1021 1684
3 1084 1686 1085
3 456 491 994
3 1687 491 1688
3 1683 1688 1668
3 1690 1674 1689
3 1680 1681 1669
3 1087 1084 1086
3 1060 758 1676
3 1687 994 491
3 951 1683 1682
3 1691 992 1671
3 1691 1671 1672
3 1692 1672 1673
3 1693 1673 1690
3 1690 1689 1693
3 1689 1674 1675
3 575 586 576
3 1694 1681 1680
3 992 991 1000
3 1692 1673 1693
3 586 1694 1680
3 906 927 907
3 1060 1676 1061
3 1676 759 1062
3 759 755 1062
3 993 994 1687
3 1695 1682 991
3 1696 992 1691
3 1697 1675 1698
3 1699 1677 1681
3 1700 1698 1699
3 1694 1699 1681
3 468 580 579
3 1120 1136 580
3 760 583 994
3 1695 951 1682
3 1696 986 992
3 986 1695 991
3 1061 1676 1062
3 953 993 951
3 587 1694 586
3 1134 1090 1092
3 1091 1058 1701
3 987 986 1696
3 1691 1672 1692
3 1693 1702 1703
3 1704 1698 1700
3 1055 1062 581
3 1062 755 581
3 993 990 994
3 952 951 1695
3 985 1695 986
3 1705 1691 1692
3 1703 1702 1706
3 1707 1697 1698
3 1704 1694 1708
3 1708 1694 587
3 1136 1087 1137
3 1137 1087 1134
3 1092 1091 1709
3 1709 1091 1701
3 1711 1701 1710
3 1712 1692 1703
3 1713 1704 1708
3 1708 587 588
3 1714 1061 1057
3 1061 1055 1057
3 990 592 760
3 1715 985 987
3 1716 1697 1707
3 1138 1134 1145
3 1709 1701 1717
3 1717 1711 1718
3 1055 581 1093
3 1056 1055 1093
3 581 589 1093
3 1719 1691 1705
3 1712 1705 1692
3 1713 1708 606
3 1710 1057 1056
3 1720 1721 592
3 1722 990 989
3 1723 1706 1716
3 606 1708 588
3 1724 688 691
3 1726 1715 1725
3 1725 1728 1727
3 1729 1713 606
3 1718 1711 1730
3 1093 589 594
3 1201 1209 1731
3 1721 598 591
3 1732 1726 1725
3 1727 1728 1719
3 1733 1719 1734
3 1734 1705 1712
3 1735 1734 1712
3 1735 1706 1723
3 1736 1723 1716
3 1716 1713 1729
3 1139 1142 801
3 1142 1146 1143
3 1718 1730 1737
3 1730 1738 1739
3 1094 1093 594
3 984 1721 1720
3 1740 1727 1719
3 1740 1719 1733
3 1142 1138 1146
3 595 597 757
3 612 598 1721
3 1732 1725 1727
3 1735 1723 1741
3 1742 606 608
3 1142 1144 801
3 1096 1141 1214
3 1739 1738 1051
3 1738 1094 1050
3 1743 984 1720
3 1743 1720 1744
3 982 1744 988
3 1734 1735 1745
3 1736 1729 1746
3 1746 1729 1742
3 1742 608 613
3 1214 1718 1747
3 1749 1739 1748
3 1738 1050 1051
3 1053 1054 1052
3 1053 594 1054
3 1750 1743 1744
3 1752 1732 1751
3 1753 1732 1727
3 1741 1723 1754
3 1754 1723 1736
3 1754 1736 1755
3 1755 1736 1746
3 1747 1737 1749
3 1756 757 623
3 978 984 1743
3 982 1750 1744
3 1757 1758 1752
3 1757 982 1758
3 1733 1745 1759
3 1760 1749 1748
3 1049 1052 1761
3 1750 978 1743
3 981 1750 982
3 1757 983 982
3 1762 1757 1752
3 1745 1741 1763
3 1754 1755 1764
3 1755 1746 1765
3 1765 1746 618
3 1766 1748 1048
3 1052 1054 1756
3 1054 757 1756
3 776 766 611
3 980 776 611
3 978 980 984
3 1767 978 1750
3 1768 983 1757
3 1768 981 983
3 726 625 616
3 1211 1095 1209
3 1047 1049 1761
3 1769 1048 1047
3 1501 1757 1762
3 1770 1751 1753
3 1771 1745 1763
3 1209 1095 1097
3 1052 1756 1761
3 1761 1756 1772
3 1772 623 622
3 1756 623 1772
3 1768 1773 981
3 1047 1761 1774
3 1775 1772 622
3 717 1776 702
3 1502 1762 1752
3 1763 1764 1777
3 1765 618 624
3 1731 1148 1147
3 1098 1766 1769
3 1775 622 1778
3 1778 622 763
3 1778 763 875
3 1779 979 1780
3 1781 1502 1752
3 1781 1752 1770
3 1770 1752 1751
3 1770 1753 1782
3 1784 1771 1783
3 1786 1763 1785
3 1777 1765 1787
3 1789 1769 1788
3 1774 1790 1045
3 1045 1790 1775
3 1790 1772 1775
3 1042 1775 1778
3 970 439 629
3 1791 1792 629
3 1791 629 979
3 1779 1791 979
3 977 1780 975
3 1781 1770 1793
3 1770 1782 1793
3 1785 1777 1794
3 1794 1777 1787
3 1787 624 639
3 625 647 626
3 1045 1775 1042
3 1042 1778 1795
3 1795 1778 875
3 1796 875 635
3 1797 465 638
3 1792 970 629
3 977 1779 1780
3 1798 1799 1800
3 1794 1787 646
3 1220 1731 1197
3 1789 1788 1801
3 1046 1774 1045
3 638 637 724
3 1792 974 970
3 1802 1803 977
3 1802 977 976
3 1803 1779 977
3 1804 1802 976
3 1805 1804 1798
3 1804 1799 1798
3 1804 976 1799
3 1806 1502 1781
3 1807 1783 1808
3 1783 1786 1808
3 646 1787 639
3 1810 1801 1809
3 1788 1046 956
3 1801 1788 955
3 955 1788 956
3 1797 463 465
3 972 969 1791
3 969 1792 1791
3 1781 1793 1811
3 1808 1786 1812
3 1786 1785 1812
3 1812 1785 1794
3 1813 1217 647
3 1200 1222 1217
3 1731 1147 1197
3 1043 1795 1814
3 1815 632 748
3 748 463 1797
3 1816 748 1797
3 1817 638 724
3 1015 458 1016
3 1011 649 721
3 968 974 1792
3 973 972 1803
3 1818 973 1804
3 1805 1798 1819
3 1819 1798 1500
3 1793 1820 1821
3 1217 1223 647
3 1809 1801 1822
3 1822 955 958
3 1037 1043 1814
3 1814 634 1036
3 1815 748 1816
3 1823 1824 1817
3 1017 1015 1014
3 1016 458 1010
3 1010 1011 1825
3 1009 1825 968
3 1825 644 974
3 968 1825 974
3 1827 1818 1826
3 1828 1808 1829
3 1200 1210 1201
3 1199 1789 1810
3 1816 1797 1824
3 1830 1817 1021
3 1831 1016 1008
3 1008 1825 1009
3 964 1009 971
3 971 1009 968
3 1829 1808 1832
3 1833 1198 1199
3 1039 1037 1040
3 1834 958 957
3 1034 737 632
3 1034 632 1815
3 1684 1014 1013
3 1013 1016 1831
3 1831 1008 964
3 1835 965 967
3 1836 1837 1827
3 1837 1838 1827
3 1812 652 658
3 1223 1224 1839
3 1840 1197 1198
3 1841 1842 1152
3 1842 1199 1810
3 1834 957 1843
3 1844 1815 1816
3 1685 1830 1021
3 1845 1685 1684
3 1837 1846 1838
3 1847 1805 1819
3 1811 1821 1848
3 660 1812 658
3 1839 655 651
3 1222 1221 1223
3 1152 1842 1809
3 1150 1809 1822
3 1150 1822 958
3 1834 1843 1849
3 954 1040 1850
3 1850 1040 1041
3 1843 957 961
3 1843 961 960
3 1034 1815 1844
3 1025 1027 1823
3 1022 1025 1830
3 1022 1830 1685
3 1851 1845 1684
3 1851 1684 1012
3 1852 963 962
3 1854 1853 1837
3 1846 1855 1838
3 1836 1827 1856
3 1856 1827 1826
3 1857 1858 1848
3 1221 1101 1224
3 1219 1197 1840
3 1840 1198 1841
3 1152 1809 1150
3 1156 958 1834
3 1859 1834 1849
3 1860 1849 1861
3 961 1031 959
3 1861 1030 1862
3 1861 1862 1863
3 1032 1844 1026
3 1864 1022 1685
3 1867 1865 1866
3 1868 1869 1852
3 1868 1852 962
3 1868 962 1870
3 1871 1870 1853
3 1871 1853 1854
3 1853 1870 1846
3 1872 1837 1836
3 1873 1826 1847
3 1875 1876 1874
3 1877 1832 662
3 1832 660 662
3 1878 1029 1028
3 1028 1026 1024
3 1024 1027 1025
3 1880 1881 1879
3 1865 1882 1883
3 1865 1883 1866
3 1883 1884 1869
3 1857 1848 1885
3 1848 1877 1886
3 1216 1101 1221
3 1151 1150 1157
3 1859 1849 1860
3 1023 1028 1024
3 1887 1888 1889
3 1018 1024 1022
3 1879 1890 1891
3 1882 1890 1884
3 1856 1873 1892
3 1208 1840 1841
3 1860 1861 1893
3 1893 1861 1863
3 1888 1023 1018
3 1888 1018 1020
3 1889 1888 1020
3 1889 1020 1881
3 1881 1020 1894
3 1020 1019 1894
3 1894 1019 1890
3 1872 1836 1892
3 1873 1895 1892
3 1886 1896 1897
3 1216 1104 1101
3 1322 1841 1152
3 1155 1154 1859
3 1155 1859 1898
3 1899 1882 1865
3 1874 1885 1900
3 1885 1886 1897
3 1896 662 666
3 1101 663 1224
3 1215 1149 1104
3 1322 1151 1901
3 1901 1151 1157
3 1898 1860 1893
3 1893 1863 1902
3 1903 1880 1879
3 1904 1867 1905
3 1907 1905 1906
3 1909 1900 1908
3 1900 1885 1910
3 1911 1865 1867
3 1904 1905 1907
3 1892 1895 1912
3 1896 666 668
3 1149 1913 1102
3 1171 1155 1898
3 1177 1898 1893
3 1177 1893 1187
3 1187 1893 1902
3 1902 1914 1185
3 1185 1914 1915
3 1915 1914 1887
3 1916 1899 1911
3 1917 1907 1918
3 1919 1892 1912
3 1260 1897 1228
3 1897 673 1228
3 1897 1896 673
3 1901 1157 1920
3 1920 1157 1153
3 1920 1153 1921
3 1185 1915 1186
3 1922 1880 1923
3 1911 1867 1904
3 1908 1900 1924
3 1924 1910 1925
3 1228 673 732
3 1926 1916 1911
3 1928 1908 1927
3 1930 1931 1929
3 1932 1933 1934
3 1102 669 663
3 1206 1935 1149
3 1106 1901 1920
3 1921 1153 1170
3 1186 1915 1936
3 1936 1922 1923
3 1923 1903 1169
3 1169 1937 1196
3 1196 1937 1916
3 1196 1916 1926
3 1918 1919 1938
3 1924 1925 1927
3 949 1939 58
3 1933 1941 1940
3 1943 1393 1942
3 1105 1107 1174
3 1920 1175 1106
3 1108 1177 1109
3 1113 1186 1182
3 1926 1944 1945
3 1946 1917 1938
3 1948 1927 1947
3 1927 1949 1947
3 1927 1925 1949
3 1925 1229 1950
3 1206 1174 1951
3 1172 1171 1178
3 1178 1171 1108
3 1110 1109 1112
3 1168 1936 1923
3 1945 1944 1952
3 1953 1928 1948
3 1947 1949 1950
3 1229 679 678
3 1937 1879 1891
3 1913 1103 728
3 1180 1170 1172
3 1110 1112 1111
3 1112 1187 1113
3 1196 1926 1192
3 1955 1948 1954
3 1943 1942 1956
3 1934 1956 1957
3 1932 1934 1931
3 1920 1921 1175
3 1182 1186 1936
3 1192 1926 1945
3 1958 1952 1917
3 1958 1917 1946
3 1946 1938 1959
3 1960 1961 1962
3 1175 1181 1176
3 1108 1110 1963
3 1195 1196 1192
3 1964 1945 1958
3 1946 1965 1958
3 1946 1959 1965
3 1954 1947 1966
3 1967 1968 1430
3 1969 1970 675
3 1951 1173 1969
3 1107 1176 1173
3 1193 1945 1964
3 1958 1971 1964
3 1973 1974 1972
3 1974 1954 1972
3 1972 1954 1975
3 1954 1966 1975
3 1976 678 680
3 1978 1977 1932
3 1173 1970 1969
3 1165 1194 1166
3 1971 1965 1973
3 1973 1972 1119
3 1934 1943 1956
3 1181 1980 1979
3 1963 1981 1982
3 1166 1194 1983
3 1191 1193 1162
3 1964 1971 1163
3 1119 1972 1984
3 1984 1975 1724
3 1975 1966 1985
3 1966 1976 1985
3 1976 680 686
3 1635 1637 1967
3 1940 1986 1393
3 1176 1979 1987
3 1981 1184 1988
3 1184 1189 1988
3 1191 1164 1194
3 1193 1163 1162
3 1979 1980 1989
3 1980 1990 1989
3 1982 1991 1992
3 1166 1983 1993
3 1983 1194 1158
3 1984 1724 1117
3 1985 688 1724
3 1994 1942 1373
3 1970 1995 685
3 1995 690 685
3 1990 1996 1989
3 1990 1992 1996
3 1194 1159 1158
3 1164 1161 1159
3 1161 1119 1118
3 1118 1117 1776
3 1117 1724 1997
3 1930 1932 1931
3 1995 1998 690
3 1998 689 690
3 1998 1999 696
3 696 2000 695
3 1991 2001 1992
3 1992 2001 1996
3 1190 1188 2002
3 1188 1993 2002
3 1159 2004 2003
3 2004 1118 2003
3 1118 1776 2003
3 2003 1776 717
3 1997 700 1776
3 1997 1724 700
3 1724 691 700
3 1999 2000 696
3 1996 2001 2000
3 2000 2005 699
3 2005 706 699
3 1988 2007 2006
3 1988 2008 2007
3 2008 2009 2007
3 2002 1993 2010
3 1160 2003 714
3 714 717 715
3 2001 2005 2000
3 2006 2011 738
3 2009 2012 2007
3 2007 2012 2011
3 2009 2002 2012
3 2002 2013 2012
3 2002 2010 2013
3 2014 1160 2015
3 2011 2012 2016
3 2011 2016 708
3 2013 710 730
3 2017 711 710
3 1947 1950 1966
3 1959 1955 1974
3 1625 1598 1584
3 1038 1814 1036
3 1728 2018 1719
3 1465 1413 1445
3 963 1831 964
3 1796 635 634
3 1686 1667 1085
3 673 1896 668
3 1560 1524 1514
3 1356 1358 1344
3 1262 1257 1255
3 2019 2020 2021
3 1111 1183 1184
3 1846 1870 1855
3 1749 1737 1739
3 1343 1347 1332
3 1538 1518 1508
3 1533 2022 2023
3 1158 1160 2014
3 675 1970 676
3 1440 1445 1439
3 1753 2024 1782
3 2026 1365 2025
3 1275 1261 1268
3 1139 801 725
3 1637 1968 1967
3 1016 1010 1008
3 1726 982 1715
3 1931 1934 1957
3 1910 1260 1925
3 1986 1403 1400
3 1258 1264 1256
3 1810 1789 1801
3 1824 638 1817
3 2027 1932 1930
3 1097 1214 1747
3 1134 1086 1090
3 1070 1604 1587
3 1799 976 1773
3 1111 1113 1182
3 1140 1625 1124
3 2003 717 714
3 1411 1405 1233
3 2016 2013 730
3 1806 1858 1876
3 1428 1425 1417
3 1866 1871 1906
3 1348 1346 1338
3 952 989 953
3 1955 1954 1974
3 1044 1043 1039
3 637 417 723
3 1421 1402 1401
3 2028 1342 2029
3 1906 1871 1854
3 1887 1889 1880
3 559 1609 546
3 973 1802 1804
3 1607 1578 1616
3 1501 1768 1757
3 1170 1153 1155
3 1414 1416 1227
3 1780 979 978
3 951 1687 1683
3 1047 1774 1046
3 1079 1626 1140
3 1427 1464 1462
3 1858 1811 1848
3 1713 1707 1704
3 1380 1371 1377
3 1564 1589 1588
3 2030 1931 1957
3 490 1308 485
3 1970 685 676
3 1165 1167 1195
3 632 631 748
3 1706 1697 1716
3 1876 1857 1874
3 1193 1192 1945
3 1626 1599 1598
3 556 555 739
3 1907 1906 1854
3 1942 1374 1373
3 1849 1843 960
3 1701 1714 1710
3 1232 1277 1282
3 2031 1784 1783
3 1814 1796 634
3 1265 1258 1253
3 1341 1329 1330
3 1826 1818 1805
3 1392 1380 1226
3 1951 1969 1935
3 2013 2017 710
3 1275 1268 1273
3 1821 1820 1828
3 1214 1141 1718
3 1414 1227 1403
3 1396 1390 1385
3 1071 1066 1064
3 1180 1921 1170
3 1159 2003 1160
3 1764 1765 1777
3 1494 1442 1461
3 1183 1182 1114
3 1784 1759 1771
3 1646 1656 1621
3 1181 1179 1980
3 1751 1732 1753
3 1467 1416 1415
3 1502 1501 1762
3 1141 1717 1718
3 802 1211 1813
3 985 952 1695
3 1986 1400 1393
3 1478 1465 1486
3 1679 1678 1670
3 1820 1783 1807
3 1957 2026 2032
3 1586 1510 1560
3 1272 1269 1263
3 1818 1804 1805
3 1467 1429 1416
3 1407 1234 1398
3 1204 1216 1222
3 1363 1343 2028
3 1508 1510 1586
3 1968 1498 1415
3 1858 1781 1811
3 1599 1594 1574
3 1013 1014 1016
3 2010 2017 2013
3 1172 1179 1180
3 1747 1718 1737
3 1178 1982 1179
3 1531 1487 1544
3 1037 1036 1033
3 1959 1953 1955
3 1086 1085 1090
3 1122 1213 1083
3 1638 567 1624
3 1129 1131 1128
3 1700 1699 1694
3 1042 1795 1043
3 1080 1617 1626
3 1212 1127 1132
3 1813 647 625
3 1182 1936 1168
3 1550 1561 1485
3 1287 1278 1280
3 1618 1582 1590
3 1149 1935 1103
3 1758 982 1726
3 1740 1733 1759
3 1855 966 1835
3 1741 1754 1763
3 1015 642 458
3 2005 738 706
3 2033 1851 1884
3 1776 700 702
3 1579 1549 1548
3 1402 1382 1397
3 472 1254 473
3 992 1000 1671
3 1663 1658 1643
3 765 1332 496
3 1961 1977 1978
3 1064 1066 1068
3 1565 1551 1595
3 1523 1506 754
3 1287 1280 756
3 1506 1479 1460
3 1935 1969 1103
3 1867 1866 1905
3 1409 1399 1404
3 1908 1924 1927
3 1498 1467 1415
3 1446 1434 722
3 1933 1940 1943
3 1506 1460 754
3 2034 2035 2020
3 956 1044 1039
3 1500 1502 1806
3 1819 1876 1875
3 1105 1901 1106
3 1827 2036 1818
3 2036 1835 973
3 1109 1177 1187
3 1551 1539 1583
3 2026 1373 1365
3 1822 1801 955
3 1856 1892 1836
3 1127 1647 1132
3 1957 1956 2026
3 1594 1535 1574
3 490 1314 1304
3 1507 1550 1517
3 1225 1392 1226
3 1725 987 1728
3 1706 1702 1697
3 1248 1250 1236
3 1248 1236 1242
3 2037 1968 1637
3 1563 2038 537
3 1437 1424 1423
3 2039 1828 1829
3 481 756 479
3 1224 663 655
3 445 826 76
3 1737 1730 1739
3 2040 1611 1589
3 1474 1504 1472
3 1884 1851 1012
3 1367 1356 1364
3 1940 1393 1943
3 1608 2041 1578
3 1154 1834 1859
3 2011 708 738
3 1635 2042 1961
3 1416 1404 1227
3 1827 1838 2036
3 988 1744 989
3 1208 1322 1105
3 1982 1992 1179
3 1424 507 509
3 1328 1325 1324
3 1075 1587 850
3 1678 1644 1634
3 1358 1339 1344
3 1387 1370 1378
3 1948 1947 1954
3 2038 2043 2022
3 1347 1331 1332
3 1371 1366 1362
3 1036 737 1035
3 2040 1589 1600
3 1544 1487 1496
3 1216 1215 1104
3 1446 4265 4262
3 1205 1174 1206
3 1304 1306 1298
3 1656 1634 1597
3 982 988 1715
3 1400 1379 1393
3 2044 2027 1930
3 1839 1224 655
3 1748 1739 1051
3 2024 1784 2031
3 1538 1492 1518
3 1688 491 1001
3 972 1791 1803
3 1673 1657 1690
3 1406 1402 1421
3 965 971 967
3 2037 1499 1968
3 1601 1573 1594
3 2045 1929 74
3 951 993 1687
3 1641 1629 1651
3 1211 1144 1143
3 1675 1665 1678
3 1069 1071 1064
3 1329 1320 1321
3 1678 1634 1655
3 1597 1616 1593
3 2036 973 1818
3 2027 1978 1932
3 1376 1362 1368
3 1841 1833 1842
3 1552 1478 1525
3 1971 1119 1163
3 797 798 436
3 1683 1687 1688
3 1076 1638 1077
3 1234 1396 1391
3 2041 1569 1578
3 956 1039 954
3 1173 1987 1970
3 1517 1469 1479
3 1855 1835 1838
3 1707 1698 1704
3 1728 987 2018
3 580 603 578
3 1697 1689 1675
3 1987 1995 1970
3 1758 1726 1732
3 1825 1011 643
3 995 1619 1639
3 1218 2046 1207
3 1664 1643 1623
3 1176 1987 1173
3 1251 1244 752
3 1942 1393 1374
3 1714 1057 1710
3 1361 1360 1348
3 1615 1568 1581
3 1041 1037 1033
3 543 1572 1601
3 802 1813 726
3 965 964 971
3 1875 1874 1909
3 2047 2032 75
3 1027 1824 1823
3 1909 1874 1900
3 1278 1270 1280
3 1484 1454 1458
3 1207 1149 1215
3 1128 1666 1686
3 1021 1017 1684
3 2046 1208 1207
3 746 852 936
3 1872 1892 1919
3 1727 1759 2024
3 1782 2031 1793
3 1190 1116 1188
3 2008 1190 2009
3 981 1767 1750
3 1945 1952 1958
3 1873 1847 1895
3 1773 975 981
3 1795 1796 1814
3 1474 1441 1475
3 1610 2049 2048
3 1571 1559 1532
3 2016 730 708
3 1575 1631 1613
3 537 2038 1533
3 1658 1627 1640
3 59 2050 2044
3 979 628 776
3 1391 1384 1375
3 2020 1571 2021
3 959 1032 1029
3 1670 1678 1655
3 1921 1180 1175
3 1307 1230 1297
3 1583 1543 1566
3 1228 732 679
3 1103 675 729
3 733 4271 1473
3 1635 1967 2042
3 1426 1437 1418
3 1752 1758 1732
3 1626 1598 1625
3 1108 1963 1178
3 1649 1629 2040
3 1312 1302 1305
3 1864 1685 1845
3 1134 1092 1145
3 1962 1978 2027
3 1612 1560 1589
3 2051 1888 1887
3 948 2023 949
3 2034 2020 2019
3 1070 555 1073
3 1125 1585 1586
3 2033 1845 1851
3 1219 1220 1197
3 1720 592 990
3 1461 1442 1427
3 2041 1596 1569
3 1160 714 2015
3 1230 1232 1297
3 1179 1990 1980
3 1481 1444 1470
3 1293 1285 1284
3 2000 699 695
3 1583 1539 1543
3 1956 1994 2026
3 1368 1362 1351
3 1914 2051 1887
3 1029 1032 1026
3 1402 1395 1382
3 1474 4268 4269
3 1829 1832 1877
3 1335 1326 1327
3 1059 1065 1060
3 1417 1419 1463
3 2020 1570 1571
3 2023 2022 949
3 1473 526 733
3 2047 1957 2032
3 958 955 954
3 1109 1187 1112
3 1886 1877 1896
3 1025 1823 1830
3 1200 1204 1222
3 1503 1529 1512
3 1847 1875 1909
3 1121 1212 1122
3 1149 1103 1913
3 2052 2035 2034
3 1866 1868 1871
3 1353 1345 1354
3 1102 1913 669
3 51 2053 52
3 1863 1862 1878
3 2032 2025 2054
3 1821 1828 2039
3 1165 1195 1191
3 1656 1597 1621
3 1972 1975 1984
3 1881 1894 1879
3 1616 1558 1593
3 1878 1023 1888
3 1491 1442 1494
3 1049 1050 1052
3 1346 1336 1338
3 1785 1763 1777
3 1489 1512 526
3 976 975 1773
3 1188 1166 1993
3 1684 1017 1014
3 1010 458 649
3 1719 2018 1691
3 1606 1615 1581
3 2035 1570 2020
3 1621 1592 2052
3 480 1266 477
3 1964 1163 1193
3 1838 1835 2036
3 1041 1033 1031
3 1646 1621 2052
3 1319 1323 1314
3 1401 1397 1405
3 2052 1592 2035
3 642 460 462
3 1799 1773 1800
3 559 1628 1609
3 1620 1646 2055
3 1913 728 669
3 1374 1379 1369
3 1854 1837 1872
3 1159 1161 2004
3 1877 662 1896
3 1183 1116 1189
3 1657 1658 1663
3 1898 1859 1860
3 1835 967 973
3 2030 1957 2047
3 984 612 1721
3 1099 1098 1199
3 1325 1321 1317
3 801 726 725
3 1307 1297 1296
3 59 2044 2045
3 995 1003 1619
3 1904 1907 1917
3 2028 1343 1342
3 1501 1800 1768
3 1002 1565 1003
3 1296 1291 1292
3 1012 963 1852
3 1787 1765 624
3 1937 1891 1899
3 1575 996 1631
3 1397 1382 1389
3 1139 725 604
3 997 1642 995
3 1242 2056 1241
3 1883 1868 1866
3 1212 1213 1122
3 1190 2002 2009
3 1491 1458 1442
3 1500 1800 1501
3 1528 1534 1529
3 1847 1909 1895
3 1788 1047 1046
3 952 985 1715
3 1560 1561 1588
3 1760 1748 1766
3 1297 1290 1291
3 1242 1236 2056
3 1213 1135 1083
3 1441 2057 1452
3 2057 1435 1449
3 1485 1516 1464
3 1452 2057 1449
3 2024 1759 1784
3 1861 960 1030
3 1148 1747 1749
3 1405 1397 1396
3 991 998 1000
3 1264 1255 1256
3 1320 1316 1312
3 1218 1840 2046
3 1332 1331 1319
3 1347 1338 1331
3 1819 1806 1876
3 1690 1657 1663
3 1328 1330 1325
3 2046 1840 1208
3 1919 1953 1938
3 1408 1398 1394
3 1198 1833 1841
3 1168 1923 1169
3 1051 1049 1048
3 1226 1380 1377
3 629 628 979
3 1748 1051 1048
3 2015 714 711
3 1847 1819 1875
3 1900 1910 1924
3 1410 1407 1398
3 70 72 871
3 1558 1497 1526
3 1019 1864 1845
3 1918 1938 1917
3 1218 1219 1840
3 1488 1486 1445
3 1674 1663 1665
3 1994 1373 2026
3 1803 1791 1779
3 1351 1352 1341
3 1135 1088 1130
3 1184 1183 1189
3 1956 1942 1994
3 1959 1974 1965
3 1568 1545 1554
3 1952 1904 1917
3 1337 1330 1328
3 2018 987 1696
3 1989 1999 1998
3 1253 1256 1247
3 1144 1211 802
3 1807 1808 1828
3 1879 1894 1890
3 1661 1006 1642
3 1019 1845 2033
3 1148 1760 1100
3 2054 61 2058
3 768 567 1638
3 1968 1415 1430
3 1027 1816 1824
3 1905 1866 1906
3 1114 1168 1167
3 1335 1334 1326
3 1613 1603 1614
3 1545 1525 1531
3 1512 1529 1534
3 2007 2011 2006
3 1457 515 512
3 1208 1841 1322
3 634 641 737
3 1485 1514 1516
3 530 750 528
3 1135 1213 1129
3 1817 724 1021
3 604 725 601
3 1451 1457 1431
3 1849 960 1861
3 1231 1294 1232
3 1097 1747 1148
3 1664 1623 1644
3 1312 1316 1302
3 1050 1094 1053
3 1730 1710 1738
3 1891 1890 1882
3 1632 1606 1623
3 1077 1638 1617
3 1571 1532 1499
3 1926 1911 1944
3 1210 1209 1201
3 1711 1710 1730
3 1144 802 801
3 1960 1635 1961
3 1640 1627 1633
3 1247 1256 1240
3 1442 1428 1427
3 1870 962 966
3 1084 1128 1686
3 1035 737 1034
3 1910 1897 1260
3 1698 1677 1699
3 1278 1281 1279
3 1899 1865 1911
3 1178 1963 1982
3 1880 1889 1881
3 1396 1385 1391
3 1678 1665 1644
3 750 519 518
3 1526 1483 1468
3 1474 1475 1503
3 1124 2059 1580
3 479 1271 480
3 1819 1500 1806
3 1124 1580 1585
3 1848 2039 1877
3 1209 1097 1731
3 1722 1720 990
3 2060 1365 1363
3 1619 1583 1582
3 1923 1880 1903
3 1645 1650 1628
3 1002 532 1565
3 1350 1341 1337
3 1116 1115 1166
3 1383 1388 1381
3 1136 604 603
3 1760 1766 1098
3 1910 1885 1897
3 1874 1857 1885
3 1915 1887 1922
3 1988 2006 2001
3 1551 1519 1539
3 1650 1654 1646
3 1996 2000 1999
3 1539 1511 1520
3 1826 1805 1847
3 1352 1354 1341
3 547 1610 536
3 568 567 768
3 1939 1962 2050
3 1682 1668 998
3 1976 686 688
3 1390 1386 1385
3 636 774 641
3 1070 1073 1071
3 1404 1225 1227
3 1982 1981 1991
3 528 750 1519
3 2018 1696 1691
3 1763 1754 1764
3 1032 1034 1844
3 1584 1557 2059
3 1895 1909 1908
3 1912 1928 1953
3 1303 1298 486
3 1811 1793 1821
3 968 1792 969
3 1988 1189 2008
3 1668 1001 1007
3 1698 1675 1677
3 1088 1136 1120
3 2059 1538 1580
3 1703 1692 1693
3 1148 1749 1760
3 1869 1012 1852
3 1573 1555 1528
3 1895 1908 1912
3 1774 1761 1790
3 975 1767 981
3 1850 1041 961
3 1738 1710 1094
3 1715 988 952
3 2039 1829 1877
3 1426 1431 1437
3 2017 2015 711
3 1871 1868 1870
3 1680 1669 1653
3 1985 1976 688
3 1941 1986 1940
3 1119 1984 1117
3 2061 1636 2043
3 1540 1544 1496
3 2021 2037 1636
3 1557 1537 1538
3 1440 1410 1408
3 1983 1158 2014
3 1499 1468 1467
3 1368 1351 1355
3 1989 1996 1999
3 2022 2043 1960
3 1885 1848 1886
3 1211 1217 1813
3 1100 1760 1098
3 1584 2059 1124
3 962 964 966
3 1512 1527 526
3 1384 1372 1375
3 1962 1961 1978
3 1045 1042 1044
3 1470 1412 1411
3 1555 1527 1534
3 1549 1535 1522
3 647 1839 651
3 1254 1251 473
3 1085 1059 1058
3 1767 1780 978
3 1117 1997 1776
3 1941 1403 1986
3 594 593 595
3 1468 1422 1429
3 1657 1627 1658
3 1783 1771 1786
3 1603 1577 1567
3 1326 1316 1320
3 642 459 458
3 1825 643 644
3 1605 1567 1568
3 1938 1953 1959
3 1623 1596 2041
3 1598 1574 1579
3 1257 1261 1252
3 1925 1260 1229
3 501 498 1395
3 647 1223 1839
3 1427 1417 1463
3 1284 1274 1277
3 1532 1468 1499
3 2050 1962 2027
3 75 2032 2054
3 1612 1586 1560
3 1157 1150 1156
3 1704 1700 1694
3 1690 1663 1674
3 1995 1989 1998
3 1808 1812 1832
3 1702 1689 1697
3 1211 1210 1217
3 1744 1722 989
3 1297 1232 1290
3 2044 1930 2045
3 1293 1284 1232
3 1282 1277 1276
3 570 1645 559
3 4272 1473 4271
3 1279 1272 1270
3 1453 1459 1443
3 966 965 1835
3 1270 1265 1266
3 1856 1826 1873
3 1652 1064 1063
3 2031 1783 1820
3 1934 1933 1943
3 1354 1345 1327
3 1844 1816 1027
3 1030 1029 1878
3 2051 1878 1888
3 1110 1184 1981
3 1167 1169 1196
3 1833 1199 1842
3 1441 1435 2057
3 1967 1430 1941
3 975 1780 1767
3 1950 678 1976
3 991 1682 998
3 1941 1414 1403
3 1341 1354 1329
3 1890 1019 2033
3 22 17 16
3 1648 1666 1649
3 496 1319 492
3 1072 563 1066
3 61 2060 62
3 1944 1911 1904
3 1217 1222 1223
3 1169 1903 1937
3 1782 2024 2031
3 2050 2027 2044
3 1348 1338 1347
3 1083 1130 467
3 1567 1553 1545
3 1604 1070 1069
3 1421 1401 1412
3 1306 1296 1298
3 722 514 515
3 1475 1452 1454
3 1975 1985 1724
3 1876 1858 1857
3 1561 1514 1485
3 1928 1927 1948
3 1037 1814 1038
3 1110 1981 1963
3 1993 2014 2010
3 1636 2037 1637
3 1026 1844 1027
3 1065 1059 1063
3 1503 1521 1529
3 1226 1377 1300
3 1793 2031 1820
3 1890 2033 1884
3 1701 1058 1714
3 1619 1595 1583
3 1227 1226 1300
3 956 1046 1044
3 1290 1232 1282
3 1731 1097 1148
3 1710 1056 1094
3 1477 1438 1482
3 1233 1396 1234
3 485 1303 486
3 1083 1135 1130
3 974 644 440
3 715 717 716
3 58 1939 2050
3 2019 2021 2061
3 1987 1989 1995
3 1401 1405 1411
3 1971 1973 1119
3 2025 1365 2060
3 1573 1528 1535
3 1733 1734 1745
3 1745 1735 1741
3 1633 1614 1615
3 1734 1719 1705
3 1269 1268 1267
3 957 1850 961
3 957 954 1850
3 2032 2026 2025
3 1953 1948 1955
3 1259 1265 1253
3 1968 1499 1498
3 1313 1305 1310
3 1346 1350 1337
3 1681 1670 1669
3 1659 574 758
3 1820 1807 1828
3 564 560 1005
3 1949 1925 1950
3 513 507 1424
3 2024 1753 1727
3 980 611 612
3 1958 1965 1971
3 1714 1060 1061
3 536 1610 1563
3 973 1803 1802
3 4273 1473 4272
3 1912 1908 1928
3 1769 1047 1788
3 1273 1268 1269
3 1717 1701 1711
3 831 834 556
3 1794 646 652
3 1950 1229 678
3 2054 2025 61
3 2012 2013 2016
3 1744 1720 1722
3 1280 1270 1271
3 1411 1235 1433
3 1523 1507 1506
3 1202 1220 1219
3 1848 1821 2039
3 1703 1706 1712
3 1537 1493 1492
3 1939 1960 1962
3 1693 1689 1702
3 2049 2019 2061
3 1417 1426 1418
3 1727 1740 1759
3 1171 1898 1177
3 1074 848 1523
3 745 466 740
3 990 760 994
3 1366 1349 1353
3 1289 1278 1287
3 1610 2055 2049
3 1991 1988 2001
3 2049 2034 2019
3 1648 1069 1652
3 1170 1155 1171
3 1298 1296 1292
3 1295 1285 1293
3 1655 1634 1656
3 1019 1022 1864
3 1914 1878 2051
3 520 504 518
3 1187 1902 1185
3 523 1423 509
3 483 486 484
3 1812 1794 652
3 1302 1315 1299
3 1598 1579 1584
3 825 58 76
3 1979 1989 1987
3 726 1813 625
3 543 1556 1572
3 1065 1659 758
3 2061 2021 1636
3 931 569 571
3 2048 2061 2038
3 1345 1340 1327
3 1555 1534 1528
3 1983 2014 1993
3 1937 1899 1916
3 1012 1684 1013
3 1642 1003 995
3 1206 1951 1935
3 2010 2014 2017
3 1919 1912 1953
3 1735 1712 1706
3 1058 1060 1714
3 1563 2048 2038
3 1918 1854 1872
3 1251 1247 1244
3 1459 1456 1425
3 1236 1238 2056
3 1671 999 1575
3 1317 1310 1309
3 1179 1992 1990
3 2059 1557 1538
3 1795 875 1796
3 1189 1190 2008
3 1713 1716 1707
3 1422 1408 1409
3 1292 1286 1289
3 1011 721 643
3 1620 2055 1610
3 1008 1010 1825
3 1377 1371 1362
3 1556 527 1527
3 960 959 1030
3 2038 2061 2043
3 1649 2040 1604
3 1078 1077 1080
3 1862 1030 1878
3 1884 1012 1869
3 586 1680 576
3 2014 2015 2017
3 1764 1755 1765
3 1565 1542 1551
3 1604 2040 1600
3 753 550 751
3 1616 1578 1558
3 2025 2060 61
3 1174 1173 1951
3 1154 1156 1834
3 1004 1003 1642
3 2021 1571 2037
3 1552 1482 1478
3 1493 1490 1491
3 1806 1781 1858
3 1462 1464 1516
3 1882 1884 1883
3 1966 1950 1976
3 1145 1092 1141
3 1625 1584 1124
3 1644 1623 1608
3 1085 1667 1059
3 1870 966 1855
3 1443 1425 1428
3 1288 1292 1289
3 1823 1817 1830
3 58 2050 59
3 1571 1499 2037
3 1256 1246 1240
3 1497 1471 1466
3 1872 1919 1918
3 1003 1565 1595
3 1161 1118 2004
3 1902 1863 1914
3 752 1245 469
3 1630 558 1004
3 1353 1349 1345
3 62 2060 2029
3 1832 1812 660
3 1668 1688 1001
3 1105 1322 1901
3 752 1244 1245
3 1271 1266 480
3 1929 1931 2030
3 1031 1033 1032
3 1456 1450 1436
3 2042 1941 1977
3 1321 1313 1317
3 948 1533 2023
3 692 913 441
3 1486 1465 1445
3 1798 1800 1500
3 1475 1513 1503
3 1384 1386 1372
3 2045 1930 1929
3 1646 2052 2034
3 2035 1592 1570
3 1667 1648 1652
3 1530 1482 1552
3 1883 1869 1868
3 1936 1915 1922
3 1998 696 689
3 479 1280 1271
3 1899 1891 1882
3 1981 1988 1991
3 1548 1522 1505
3 1141 1709 1717
3 1125 1586 1612
3 2060 1363 2028
3 1021 724 460
3 1907 1854 1918
3 1853 1846 1837
3 1194 1164 1159
3 1800 1773 1768
3 1239 1241 2062
3 1759 1745 1771
3 685 690 683
3 1643 1640 1632
3 1176 1181 1979
3 963 1013 1831
3 1610 2048 1563
3 1017 642 1015
3 1667 1063 1059
3 1608 1623 2041
3 1593 1558 1559
3 1355 1351 1350
3 1965 1974 1973
3 1143 1146 1095
3 1443 1459 1425
3 1279 1276 1272
3 1952 1944 1904
3 1432 1418 1437
3 1473 4274 4266
3 850 1550 848
3 1569 1546 1540
3 1088 1087 1136
3 1686 1666 1667
3 1309 1310 1307
3 1343 1332 765
3 1354 1327 1329
3 1729 606 1742
3 1736 1716 1729
3 1615 1605 1568
3 1298 1292 1288
3 1073 1072 1066
3 2022 1960 1939
3 1771 1763 1786
3 1094 594 1053
3 2043 1635 1960
3 1201 1731 1220
3 1766 1048 1769
3 1629 1611 2040
3 1903 1879 1937
3 1746 1742 613
3 1746 613 618
3 2029 1342 720
3 1824 1797 638
3 2006 738 2005
3 1761 1772 1790
3 1103 1969 675
3 2001 2006 2005
3 1265 1263 1258
3 557 542 1002
3 1114 1116 1183
3 1863 1878 1914
3 1977 1933 1932
3 902 899 432
3 942 853 858
3 902 432 903
3 516 813 810
3 912 911 927
3 903 432 434
3 900 895 894
3 900 894 433
3 891 890 2063
3 64 862 65
3 71 64 72
3 1878 1028 1023
3 1452 1449 1455
3 771 930 605
3 979 776 980
3 921 2064 2065
3 663 669 667
3 891 2063 893
3 861 429 428
3 65 861 428
3 2066 735 734
3 934 800 435
3 757 609 623
3 426 425 2067
3 1842 1810 1809
3 47 449 430
3 1430 1414 1941
3 461 880 946
3 1147 1100 1099
3 961 1041 1031
3 2060 2028 2029
3 2055 2034 2049
3 630 774 772
3 1977 1941 1933
3 884 2068 2069
3 563 562 1067
3 920 2070 2071
3 925 2072 2073
3 1098 1769 1789
3 432 900 433
3 855 2074 2075
3 1922 1887 1880
3 1961 2042 1977
3 436 798 796
3 1092 1709 1141
3 1199 1098 1789
3 2042 1967 1941
3 42 41 590
3 1533 2038 2022
3 949 2022 1939
3 2048 2049 2061
3 2043 1636 1635
3 1495 1462 1576
3 1721 591 592
3 884 872 2068
3 1715 987 1725
3 1646 2034 2055
3 1197 1147 1099
3 1156 1150 958
3 1238 2077 2076
3 1238 2078 2077
3 1241 2079 2062
3 2062 2079 2080
3 469 1245 2081
3 469 2081 783
3 1245 1243 2082
3 1243 1239 2083
3 1239 2062 2083
3 1237 2078 1238
3 1241 2056 2084
3 1241 2084 2079
3 2056 1238 2076
3 2056 2076 2085
3 784 785 2086
3 785 783 2087
3 2056 2085 2084
3 2062 2080 2083
3 1245 2082 2081
3 783 2081 2087
3 1243 2083 2082
3 2086 785 2088
3 785 2087 2088
3 1390 1381 1386
3 1386 1357 1372
3 1357 2089 1358
3 1358 2089 1339
3 1326 2090 1316
3 1316 2090 1315
3 2090 127 1295
3 1295 127 1285
3 127 124 1285
3 1285 124 1283
3 124 121 1283
3 1315 1295 1299
3 1315 2090 1295
3 1283 1275 1274
3 1283 121 1275
3 1275 121 1261
3 121 119 1261
3 1261 119 1252
3 119 112 1252
3 1252 112 1250
3 112 92 1237
3 92 87 2078
3 1237 92 2078
3 1250 1237 1236
3 1250 112 1237
3 2091 103 102
3 86 103 2091
3 144 146 202
3 147 144 202
3 2092 277 369
3 39 2092 369
3 139 197 194
3 143 208 139
3 208 197 139
3 238 176 175
3 165 227 166
3 223 393 299
3 236 234 237
3 236 235 234
3 376 197 208
3 376 281 197
3 227 393 223
3 242 176 238
3 129 2090 164
3 131 130 129
3 2090 129 127
3 136 391 2089
3 1388 2094 2093
3 2094 136 2093
3 2093 136 2089
3 2094 81 136
3 2095 2093 2089
3 2096 2093 2095
3 2096 2095 1386
3 1388 2093 2096
3 497 2094 1388
3 80 450 78
3 1381 1388 2096
3 1381 2096 1386
3 79 78 769
3 1386 2095 1357
3 2095 2089 1357
3 2089 391 1339
3 391 132 1339
3 132 131 164
3 1339 132 1334
3 1334 132 164
3 134 81 298
3 81 82 298
3 135 133 391
3 497 769 2094
3 78 81 2094
3 769 78 2094
3 2097 358 7
3 357 358 2097
3 265 357 2098
3 265 2098 372
3 12 2099 13
3 2101 2100 277
3 83 2102 39
3 2082 2103 2100
3 2078 2104 2077
3 2106 2105 102
3 2108 2107 147
3 2109 2101 277
3 2110 2106 102
3 2080 2111 2107
3 2108 147 2112
3 2082 2112 2103
3 2110 102 2113
3 2084 2113 2114
3 2077 2104 2115
3 2077 2115 2105
3 2087 2109 2116
3 2087 2116 2102
3 13 2099 2117
3 2098 2117 2099
3 2098 357 2117
3 372 2098 2099
3 13 2117 6
3 6 2117 2097
3 6 2097 7
3 357 2097 2117
3 2102 2092 39
3 2102 2116 2092
3 2116 2109 2092
3 2109 277 2092
3 2105 2091 102
3 2115 2091 2105
3 2115 2104 2091
3 2104 86 2091
3 2114 2113 145
3 2113 102 145
3 2085 2110 2113
3 2084 2085 2113
3 2103 147 198
3 2112 147 2103
3 2083 2108 2112
3 2082 2083 2112
3 2107 145 147
3 2111 145 2107
3 2079 2111 2080
3 2076 2106 2110
3 2085 2076 2110
3 2081 2101 2109
3 2087 2081 2109
3 2080 2107 2108
3 2083 2080 2108
3 2106 2077 2105
3 2076 2077 2106
3 2100 198 277
3 2100 2103 198
3 2118 39 40
3 2086 2088 83
3 2088 2087 2102
3 2088 2102 83
3 2101 2082 2100
3 2081 2082 2101
3 164 2090 1326
3 1334 164 1326
3 2078 87 2104
3 2104 87 86
3 2119 370 2120
3 2119 2120 12
3 18 2119 12
3 2120 2121 12
3 370 2121 2120
3 372 2121 370
3 37 2119 18
3 37 370 2119
3 372 2099 2121
3 12 2121 2099
3 22 16 20
3 355 11 258
3 352 351 355
3 2123 2122 395
3 2123 395 397
3 2123 397 326
3 2123 326 337
3 352 355 354
3 351 2123 355
3 355 2123 11
3 2123 337 11
3 427 931 425
3 427 429 947
3 947 931 427
3 2067 425 941
3 941 836 2124
3 872 871 2068
3 890 2125 2063
3 1 392 2126
3 394 0 304
3 4 394 305
3 396 395 2127
3 298 410 35
3 330 340 3
3 799 797 435
3 807 2129 2128
3 2130 928 818
3 2131 2132 837
3 950 2133 851
3 2134 2135 845
3 2137 2136 856
3 2138 920 2071
3 417 419 2139
3 2140 418 417
3 834 2142 2141
3 2143 2144 53
3 851 2133 2145
3 2146 2147 889
3 925 926 2072
3 441 913 2148
3 2150 787 2149
3 817 2151 2152
3 930 2153 865
3 2154 806 2128
3 814 806 2154
3 812 2155 2156
3 809 2158 2157
3 2154 816 814
3 4275 817 4276
3 423 422 830
3 2160 2159 833
3 836 832 2124
3 74 2047 75
3 2136 2066 844
3 2161 2134 936
3 2162 858 2163
3 859 2074 855
3 55 2074 859
3 47 431 877
3 453 943 935
3 874 888 2164
3 874 2164 2165
3 888 2166 2164
3 935 944 2167
3 946 2168 2169
3 946 2169 51
3 939 2170 453
3 654 446 448
3 892 2171 2172
3 907 927 2173
3 933 2174 918
3 919 2070 920
3 926 779 2175
3 919 2065 2070
3 923 925 2176
3 50 2177 2146
3 927 911 2178
3 446 892 451
3 937 2179 48
3 41 2180 938
3 873 2165 2181
3 653 654 2182
3 907 2173 2183
3 950 2184 2133
3 653 2182 2166
3 779 441 443
3 903 434 2185
3 810 2158 809
3 913 910 2186
3 860 602 2187
3 938 2189 2188
3 2190 2191 775
3 865 2193 2192
3 2159 2194 822
3 910 909 2186
3 56 2192 2195
3 813 2196 810
3 858 857 2197
3 812 2198 813
3 905 2185 2199
3 2157 2200 807
3 868 873 2181
3 2201 784 2202
3 819 2130 818
3 889 2204 2203
3 822 2194 2205
3 837 2160 833
3 936 2162 2206
3 2075 856 855
3 2135 2207 845
3 2208 816 2209
3 905 903 2185
3 860 2187 780
3 939 2203 2170
3 2066 734 844
3 878 2210 2211
3 2212 868 2181
3 772 2213 2210
3 424 2130 422
3 877 2214 772
3 445 832 828
3 909 2199 2215
3 2202 784 85
3 2216 2217 79
3 270 362 263
3 2126 392 2218
3 2127 395 2122
3 85 2086 83
3 363 362 270
3 402 400 384
3 2219 405 389
3 390 2219 389
3 406 2219 390
3 297 410 298
3 2220 406 28
3 41 43 2180
3 435 800 799
3 2197 857 2221
3 878 2211 2140
3 2222 2142 834
3 597 2188 610
3 597 596 2188
3 596 938 2188
3 851 2145 854
3 787 786 2149
3 818 805 502
3 809 2157 808
3 811 4277 2155
3 764 811 2155
3 2223 4277 4278
3 764 2155 812
3 2209 816 2154
3 2222 823 2208
3 533 823 2222
3 2159 822 829
3 831 2222 834
3 834 2141 782
3 782 2184 950
3 842 847 2134
3 2136 844 846
3 572 950 851
3 856 2136 846
3 693 945 914
3 864 2192 56
3 602 868 2212
3 870 2224 937
3 873 874 2165
3 772 2210 773
3 882 2153 930
3 882 881 2153
3 417 2139 880
3 887 883 2225
3 880 2139 2168
3 881 2167 2153
3 888 653 2166
3 50 2146 889
3 887 2225 2226
3 747 677 2227
3 677 907 2227
3 909 2215 2186
3 913 2186 2148
3 933 932 2174
3 2176 925 2073
3 880 2168 946
3 4252 817 4275
3 940 747 2227
3 817 820 2151
3 889 2203 650
3 782 2141 2184
3 464 878 2140
3 416 2143 53
3 945 697 914
3 805 2228 804
3 940 2227 2229
3 854 2145 2143
3 4280 4278 4279
3 883 884 2225
3 867 2224 870
3 2201 786 784
3 2131 551 841
3 907 2183 2227
3 897 940 2229
3 2134 845 842
3 51 2169 2053
3 854 2143 416
3 879 2140 417
3 533 2222 831
3 698 916 697
3 693 914 911
3 823 524 2208
3 932 707 2138
3 2149 786 2201
3 926 2175 2072
3 464 2140 879
3 808 2157 807
3 921 922 2230
3 2131 837 551
3 57 2074 55
3 2228 803 804
3 1544 1546 1554
3 1581 1554 1591
3 1591 1554 1546
3 2208 524 816
3 441 2148 442
3 420 75 2054
3 2188 2190 610
3 927 2178 2173
3 2216 79 803
3 360 331 333
3 942 858 2162
3 936 2134 847
3 909 905 2199
3 896 2171 892
3 896 897 2171
3 890 2226 2125
3 890 887 2226
3 773 2210 878
3 775 2224 867
3 936 942 2162
3 843 2207 841
3 818 502 503
3 807 2128 806
3 820 2205 2151
3 833 2159 829
3 2132 2160 837
3 916 933 918
3 820 822 2205
3 845 2207 843
3 2207 2131 841
3 650 2203 939
3 2228 2216 803
3 694 697 945
3 932 2138 2174
3 707 920 2138
3 2225 884 2069
3 2171 897 2229
3 865 2192 864
3 881 935 2167
3 610 2190 775
3 775 2191 2224
3 67 830 68
3 813 2198 2196
3 877 431 2214
3 784 2086 85
3 2111 2114 145
3 2079 2114 2111
3 2079 2084 2114
3 350 2231 351
3 436 796 791
3 788 787 2150
3 46 45 788
3 2 1 2126
3 4 306 5
3 84 39 2118
3 373 12 14
3 17 367 15
3 371 18 19
3 399 27 26
3 27 380 24
3 2217 80 79
3 30 2220 28
3 32 407 29
3 34 408 31
3 36 409 33
3 2232 37 38
3 40 37 2232
3 793 44 46
3 73 75 421
3 818 503 520
3 83 39 84
3 48 2179 49
3 921 2230 2064
3 52 2233 50
3 53 2234 54
3 2153 2193 865
3 56 2195 57
3 333 340 330
3 60 59 2235
3 2058 61 63
3 66 65 452
3 736 67 69
3 793 792 44
3 2236 934 435
3 605 930 865
3 736 69 734
3 63 62 2237
3 422 2130 819
3 450 82 78
3 1929 2030 74
3 344 356 343
3 356 2231 350
3 384 400 411
3 435 797 436
3 420 2054 2058
3 58 60 76
3 42 444 43
3 305 394 304
3 857 2187 2221
3 53 2144 2234
3 812 2156 2198
3 4276 2152 4281
3 2124 832 445
3 2161 936 2238
3 858 2197 2163
3 2170 943 453
3 654 448 2182
3 892 2172 451
3 923 2176 2230
3 50 2233 2177
3 67 423 830
3 562 950 572
3 779 443 2175
3 749 562 572
3 810 2196 2158
3 938 2180 2189
3 2200 2129 807
3 889 2147 2204
3 936 2206 2238
3 2075 2137 856
3 911 914 2178
3 772 2214 2213
3 929 2228 805
3 800 493 489
3 919 921 2065
3 74 2030 2047
3 73 2045 74
3 59 2045 73
3 2235 59 73
3 2237 62 2236
3 62 2029 2236
3 494 493 800
3 2236 720 934
3 2029 720 2236
3 437 436 793
3 436 791 793
3 25 21 23
3 602 2212 2187
3 780 2187 857
3 922 923 2230
3 2 2240 2239
3 2241 5 2242
3 2243 8 2244
3 2246 2247 2245
3 2248 14 2249
3 2251 2250 17
3 2252 19 2248
3 2253 22 21
3 2255 2254 25
3 2256 2255 27
3 2258 2257 30
3 2259 2258 32
3 2260 2259 34
3 2261 2260 36
3 2262 38 2252
3 2263 40 2262
3 43 2265 2264
3 2266 46 2267
3 49 2269 2268
3 52 2271 2270
3 54 2272 2265
3 57 2274 2273
3 2275 60 2276
3 2277 63 2278
3 2279 66 2280
3 2281 2282 67
3 72 2284 2283
3 2286 73 2285
3 2287 77 60
3 2289 2288 80
3 2288 2290 2291
3 2249 8 2243
3 85 84 2292
3 2295 2293 2294
3 2294 2293 2296
3 2294 2296 2297
3 2297 2296 2298
3 2300 2295 2299
3 2299 2295 2294
3 2302 2303 2301
3 2302 2301 2304
3 2306 2307 2305
3 2306 2305 2303
3 2308 2306 2303
3 2308 2303 2302
3 2310 2311 2309
3 2310 2309 2307
3 2296 2293 2311
3 2310 2296 2311
3 2312 2310 2307
3 2312 2307 2306
3 2298 2296 2310
3 2312 2298 2310
3 2313 2312 2306
3 2313 2306 2308
3 2315 2312 2314
3 2314 2312 2313
3 2297 2298 2312
3 2315 2297 2312
3 2316 2294 2315
3 2294 2297 2315
3 2299 2294 2316
3 2317 2299 2316
3 2318 2300 2317
3 2300 2299 2317
3 2319 2300 2318
3 2319 2318 2320
3 2322 2323 2321
3 2320 2322 2321
3 2324 2319 2325
3 2326 2319 2324
3 2325 2320 2321
3 2325 2319 2320
3 2324 2325 2321
3 2324 2321 2323
3 2326 2324 2327
3 2328 2326 2327
3 2327 2324 2323
3 2327 2323 2329
3 2328 2327 2330
3 2331 2328 2330
3 2330 2327 2329
3 2330 2329 2332
3 2331 2330 2333
3 2334 2331 2333
3 2333 2330 2332
3 2333 2332 2335
3 2334 2333 2336
3 2336 2333 2335
3 2336 2335 2337
3 2340 2338 2339
3 2342 2343 2341
3 2345 2346 2344
3 2345 2344 2347
3 2301 2346 2304
3 2345 2304 2346
3 2305 2348 2303
3 2303 2348 2349
3 2303 2349 2346
3 2301 2303 2346
3 2302 2304 2345
3 2350 2302 2345
3 2352 2351 2309
3 2309 2351 2353
3 2352 2354 2351
3 2307 2309 2353
3 2307 2353 2355
3 2307 2355 2348
3 2305 2307 2348
3 2308 2302 2350
3 2356 2308 2350
3 2313 2308 2356
3 2357 2313 2356
3 2314 2313 2357
3 2358 2314 2357
3 2316 2359 2360
3 2316 2315 2359
3 2317 2316 2360
3 2361 2317 2360
3 2359 2315 2358
3 2358 2315 2314
3 2362 2318 2361
3 2318 2317 2361
3 2320 2318 2362
3 2320 2362 2363
3 2322 2320 2363
3 2322 2363 2364
3 2323 2364 2365
3 2323 2322 2364
3 2329 2323 2365
3 2366 2329 2365
3 2332 2329 2366
3 2332 2366 2367
3 2335 2332 2367
3 2335 2367 2368
3 2337 2335 2368
3 2337 2368 2369
3 2338 2337 2369
3 2338 2369 2370
3 2338 2370 2339
3 2371 2336 2338
3 2373 2374 2372
3 2373 2372 2375
3 2373 2375 2376
3 2376 2375 2377
3 2376 2377 2378
3 2378 2377 2379
3 2378 2379 2380
3 2380 2379 2381
3 2380 2381 2382
3 2382 2381 2383
3 2385 2386 2384
3 2385 2384 2387
3 2385 2387 2388
3 2388 2387 2389
3 2388 2389 2390
3 184 8 2249
3 2392 2393 2391
3 2392 2391 2386
3 2392 2386 2394
3 2394 2386 2385
3 2395 2396 2393
3 2395 2393 2392
3 2397 2398 2396
3 2397 2396 2395
3 2344 2399 2347
3 2347 2399 2400
3 2401 2400 2398
3 2401 2398 2397
3 2346 2402 2399
3 2346 2399 2344
3 2403 2400 2401
3 2345 2347 2400
3 2406 2404 2405
3 2404 2407 2405
3 2354 2406 2408
3 2408 2406 2405
3 2354 2404 2406
3 2405 2407 2409
3 2409 2407 2410
3 2409 2410 2411
3 2411 2410 2402
3 2348 2409 2349
3 2349 2409 2411
3 2349 2411 2402
3 2349 2402 2346
3 2413 2405 2412
3 2409 2412 2405
3 2355 2353 2413
3 2355 2413 2412
3 2353 2408 2405
3 2353 2405 2413
3 2355 2412 2409
3 2355 2409 2348
3 2356 2350 2414
3 2415 2356 2414
3 2357 2356 2415
3 2357 2415 2416
3 2360 2417 2418
3 2360 2359 2417
3 2361 2360 2418
3 2361 2418 2419
3 2362 2419 2420
3 2362 2361 2419
3 2363 2362 2420
3 2421 2363 2420
3 2364 2363 2421
3 2422 2364 2421
3 2365 2422 2423
3 2365 2364 2422
3 2366 2365 2423
3 2366 2423 2424
3 2367 2366 2424
3 2367 2424 2425
3 2368 2367 2425
3 2368 2425 2426
3 2369 2368 2426
3 2369 2426 2427
3 2370 2369 2427
3 2370 2427 2428
3 2339 2370 2428
3 2339 2428 2343
3 2431 2429 2430
3 2430 2429 2432
3 2432 2429 2433
3 2432 2433 2374
3 2430 2432 2434
3 2434 2432 2435
3 2435 2432 2374
3 2435 2374 2373
3 2436 2434 2435
3 2436 2435 2437
3 2435 2373 2437
3 2437 2373 2376
3 2438 2436 2437
3 2438 2437 2439
3 2437 2376 2439
3 2439 2376 2378
3 2438 2439 2440
3 2440 2439 2441
3 2439 2378 2441
3 2441 2378 2380
3 2442 2441 2380
3 2442 2380 2382
3 2444 2442 2443
3 2443 2442 2382
3 2446 2430 2445
3 2445 2430 2434
3 2447 2444 2443
3 2447 2443 2448
3 2447 2448 2449
3 2451 2446 2450
3 2450 2446 2445
3 2384 2452 2387
3 2387 2452 2453
3 2387 2453 2389
3 2389 2453 2247
3 2391 2454 2386
3 2386 2454 2455
3 2386 2455 2452
3 2384 2386 2452
3 2457 2458 2456
3 2457 2456 2459
3 2460 2457 2459
3 2460 2459 2454
3 2393 2460 2454
3 2393 2454 2391
3 2462 2385 2461
3 2461 2385 2388
3 2462 2394 2385
3 2463 2394 2462
3 2461 2388 2464
3 2464 2388 2390
3 2465 2466 2458
3 2465 2458 2457
3 2467 2465 2457
3 2467 2457 2460
3 2396 2467 2460
3 2396 2460 2393
3 2468 2392 2463
3 2463 2392 2394
3 2468 2395 2392
3 2469 2395 2468
3 2471 2472 2470
3 2471 2470 2466
3 2471 2466 2473
3 2473 2466 2465
3 2474 2473 2465
3 2474 2465 2467
3 2398 2474 2467
3 2398 2467 2396
3 2475 2476 2469
3 2469 2397 2395
3 2476 2397 2469
3 2477 2478 2472
3 2477 2472 2471
3 2479 2477 2471
3 2479 2471 2473
3 2480 2479 2473
3 2480 2473 2474
3 2399 2479 2400
3 2400 2479 2480
3 2400 2480 2474
3 2400 2474 2398
3 2481 2482 2476
3 2481 2476 2475
3 2476 2401 2397
3 2482 2401 2476
3 2404 2483 2407
3 2483 2484 2407
3 2485 2484 2478
3 2485 2478 2477
3 2407 2484 2410
3 2410 2484 2485
3 2486 2485 2477
3 2486 2477 2479
3 2402 2410 2485
3 2402 2485 2486
3 2402 2486 2479
3 2399 2402 2479
3 2482 2403 2401
3 2487 2403 2482
3 2416 2415 2488
3 2416 2488 2489
3 2418 2490 2491
3 2418 2417 2490
3 2419 2418 2491
3 2492 2419 2491
3 2420 2492 2493
3 2420 2419 2492
3 2421 2420 2493
3 2494 2421 2493
3 2423 2421 2495
3 2422 2421 2423
3 2495 2494 2496
3 2495 2421 2494
3 2423 2495 2496
3 2497 2423 2496
3 2424 2423 2497
3 2424 2497 2498
3 2425 2424 2498
3 2425 2498 2499
3 2426 2425 2499
3 2426 2499 2500
3 2427 2426 2500
3 2427 2500 2501
3 2428 2427 2501
3 2428 2501 2502
3 297 2291 2503
3 2343 2428 2502
3 2343 2502 2341
3 2505 2504 2431
3 2431 2504 2429
3 301 2 2239
3 2506 2505 2431
3 2506 2431 2430
3 2507 2506 2446
3 2446 2506 2430
3 304 301 2239
3 2242 306 305
3 2510 2508 2509
3 2509 2508 2511
3 2508 2434 2511
3 2511 2434 2436
3 2508 2445 2434
3 2510 2445 2508
3 2509 2511 2512
3 2512 2511 2513
3 2511 2436 2513
3 2513 2436 2438
3 2512 2513 2514
3 2514 2513 2515
3 2515 2513 2438
3 2515 2438 2440
3 2516 2514 2515
3 2516 2515 2517
3 2517 2515 2440
3 2517 2440 2444
3 2518 2516 2517
3 2518 2517 2519
3 2519 2517 2444
3 2519 2444 2447
3 2520 2519 2447
3 2520 2447 2449
3 2521 2507 2451
3 2451 2507 2446
3 2522 2523 2510
3 2522 2510 2509
3 2450 2445 2510
3 2523 2450 2510
3 2522 2509 2524
3 2524 2509 2512
3 2524 2512 2525
3 2525 2512 2514
3 2525 2514 2526
3 2526 2514 2516
3 2527 2526 2516
3 2527 2516 2518
3 2529 2521 2528
3 2528 2521 2523
3 2521 2451 2523
3 2523 2451 2450
3 2390 2247 2246
3 2389 2247 2390
3 330 329 2241
3 2530 333 2531
3 2528 2523 2532
3 2532 2523 2522
3 2533 2532 2522
3 2533 2522 2524
3 2533 2524 2534
3 2534 2524 2525
3 2452 2533 2453
3 2453 2533 2534
3 2534 2525 2245
3 2245 2525 2526
3 2453 2534 2247
3 2247 2534 2245
3 2535 2245 2526
3 2535 2526 2527
3 2537 2529 2536
3 2536 2529 2528
3 2456 2537 2459
3 2459 2537 2536
3 2241 329 5
3 2531 333 2538
3 2536 2528 2539
3 2539 2528 2532
3 2459 2536 2454
3 2454 2536 2539
3 2539 2532 2540
3 2540 2532 2533
3 2454 2539 2455
3 2455 2539 2540
3 2455 2540 2533
3 2452 2455 2533
3 2250 2541 344
3 2458 2542 2537
3 2458 2537 2456
3 2544 2545 2543
3 2544 2543 2546
3 2543 2462 2546
3 2546 2462 2461
3 2543 2463 2462
3 2545 2463 2543
3 2547 2548 351
3 2549 2548 2547
3 2464 2390 2246
3 2550 2544 2546
3 2550 2546 2551
3 2546 2461 2551
3 2551 2461 2464
3 2246 2245 2535
3 2541 2547 356
3 2470 2552 2466
3 2466 2552 2553
3 2466 2553 2542
3 2466 2542 2458
3 2530 359 360
3 2555 2556 2554
3 2555 2554 2545
3 2554 2468 2545
3 2545 2468 2463
3 2554 2469 2468
3 2556 2469 2554
3 2244 8 359
3 2557 2555 2545
3 2557 2545 2544
3 2541 2549 2547
3 2558 2549 2541
3 2472 2552 2470
3 2475 2555 2559
3 2250 344 367
3 2249 14 184
3 2481 2475 2559
3 2560 2481 2559
3 2254 2253 21
3 2483 2561 2562
3 2252 38 371
3 2483 2562 2484
3 2484 2562 2563
3 2248 19 373
3 2564 2482 2560
3 2482 2481 2560
3 2487 2482 2564
3 2565 2487 2564
3 2566 2565 2567
3 2566 2487 2565
3 2568 2566 2567
3 2568 2567 2569
3 2255 25 380
3 2488 2568 2569
3 2488 2569 2570
3 2489 2488 2570
3 2489 2570 2571
3 2491 2572 2573
3 2491 2490 2572
3 2492 2491 2573
3 2492 2573 2574
3 2574 2575 2493
3 2493 2492 2574
3 2494 2493 2575
3 2494 2575 2576
3 388 2291 297
3 2496 2576 2577
3 2496 2494 2576
3 2497 2496 2577
3 2497 2577 2578
3 2498 2497 2578
3 2498 2578 2257
3 2499 2498 2257
3 2499 2257 2258
3 2500 2499 2258
3 2500 2258 2259
3 2501 2500 2259
3 2501 2259 2260
3 2502 2501 2260
3 2502 2260 2261
3 2579 2340 2339
3 2342 2579 2343
3 2341 2502 2261
3 2341 2261 2503
3 2581 2580 2240
3 2240 2580 2504
3 2239 2240 2505
3 2240 2504 2505
3 2239 2505 2582
3 2582 2505 2506
3 2507 2242 2582
3 2507 2582 2506
3 2584 2519 2583
3 2583 2519 2520
3 2518 2519 2584
3 2585 2518 2584
3 2521 2241 2242
3 2521 2242 2507
3 2527 2518 2585
3 2538 2241 2529
3 2529 2241 2521
3 2537 2531 2538
3 2537 2538 2529
3 2542 2530 2531
3 2537 2542 2531
3 2586 2550 2548
3 2549 2586 2548
3 359 2553 2244
3 2553 359 2530
3 2553 2530 2542
3 2544 2586 2549
3 2586 2544 2550
3 2557 2544 2549
3 2558 2557 2549
3 2555 2558 2541
3 2558 2555 2557
3 2559 2555 2541
3 2250 2559 2541
3 2560 2559 2250
3 2251 2560 2250
3 2253 2564 2251
3 2564 2560 2251
3 2565 2564 2253
3 2565 2253 2254
3 2567 2254 2255
3 2567 2565 2254
3 2569 2567 2255
3 2569 2255 2256
3 2570 2569 2256
3 2570 2256 399
3 2571 2570 399
3 2571 399 400
3 401 2573 402
3 2573 2572 402
3 2574 2573 401
3 403 2574 401
3 404 2575 403
3 403 2575 2574
3 2576 2575 404
3 405 2576 404
3 2577 2576 405
3 2257 2578 406
3 407 2258 30
3 408 2259 32
3 409 2260 34
3 410 2261 36
3 2342 2341 2290
3 2415 2414 2568
3 2415 2568 2488
3 2568 2414 2566
3 2587 2571 400
3 2588 2571 2587
3 2588 2489 2571
3 2490 2588 2587
3 2490 2587 2572
3 2589 2489 2588
3 2589 2416 2489
3 2417 2589 2588
3 2417 2588 2490
3 2359 2357 2590
3 2359 2358 2357
3 2590 2416 2589
3 2590 2357 2416
3 2359 2590 2589
3 2359 2589 2417
3 2484 2563 2478
3 2478 2563 2472
3 2561 2262 2562
3 2561 2263 2262
3 2272 2592 2591
3 418 2593 419
3 2285 421 420
3 423 2594 424
3 427 426 2595
3 2596 428 427
3 72 66 2279
3 430 2268 431
3 434 433 2597
3 2598 435 437
3 2599 2600 2601
3 442 2602 443
3 54 2265 444
3 2287 445 77
3 447 2603 448
3 449 49 2268
3 450 2291 388
3 447 451 2603
3 2280 452 428
3 2604 2599 2601
3 2606 2607 2605
3 2609 2610 2608
3 2613 2611 2612
3 2616 2614 2615
3 2617 2618 2619
3 2621 2622 2620
3 2623 2624 2625
3 2626 2627 2623
3 2628 2626 2623
3 2631 2629 2630
3 2630 2629 2626
3 2632 2629 2631
3 2635 2633 2634
3 2637 2635 2636
3 2637 2638 2635
3 2637 2639 2638
3 2640 2639 2637
3 2641 2640 2637
3 2642 2607 2606
3 2643 2644 2645
3 2646 2647 2644
3 2650 2648 2649
3 2651 2650 2649
3 2652 2650 2651
3 2654 2652 2653
3 2655 2652 2654
3 2656 2657 2658
3 2661 2659 2660
3 4282 4283 2662
3 2656 2663 2657
3 2663 2664 2657
3 2662 4284 4282
3 2667 2665 2666
3 2667 2666 2668
3 2671 2669 2670
3 4285 2672 4286
3 2673 4286 2672
3 2675 2676 2674
3 2673 2678 2677
3 2679 2680 2681
3 2682 2678 2673
3 2683 2679 2681
3 2684 2685 2686
3 2687 2688 2689
3 2690 2686 2685
3 2687 2691 2688
3 2678 2682 2692
3 2693 2683 2681
3 2694 2678 2692
3 2686 2690 2695
3 2693 2681 2282
3 2698 2696 2697
3 2698 2699 2696
3 2701 2694 2700
3 2703 2700 2702
3 2704 2693 2282
3 2701 2700 2703
3 2706 2707 2705
3 2709 2708 2704
3 2710 2699 2698
3 2711 2709 2704
3 2712 2713 2714
3 2716 2711 2715
3 2718 2719 2717
3 2720 2721 2722
3 2607 2716 2715
3 2607 2715 2605
3 2723 2724 2725
3 2727 2726 2720
3 2726 2596 2720
3 2728 2596 2726
3 2731 2729 2730
3 2592 2732 2591
3 2733 2734 2735
3 2728 2726 2736
3 2738 2736 2737
3 2739 2736 2738
3 2265 2740 2741
3 2742 2743 2734
3 2591 2732 2740
3 2741 2740 2744
3 2744 2740 2745
3 2748 2746 2747
3 2749 2750 2742
3 2752 2753 2751
3 2751 2754 2755
3 2756 2750 2749
3 2759 2757 2758
3 2759 2739 2757
3 2761 2747 2760
3 2762 2763 2750
3 2756 2762 2750
3 2765 2758 2764
3 2765 2759 2758
3 2767 2768 2766
3 2770 2764 2769
3 2767 2771 2768
3 2772 2773 2774
3 2775 2770 2769
3 2771 2776 2777
3 2778 2779 2780
3 2781 2782 2783
3 2601 2778 2784
3 2787 2785 2786
3 2615 2789 2788
3 2791 2775 2790
3 2781 2792 2782
3 2612 2793 2609
3 2794 2795 2599
3 2796 2790 2797
3 2799 2798 2776
3 2608 2610 2800
3 2801 2794 2599
3 2799 2802 2798
3 2796 2797 2803
3 2804 2802 2799
3 2804 2805 2802
3 2807 2806 2802
3 2808 2803 2809
3 2808 2796 2803
3 2810 2811 2812
3 2811 2809 2812
3 2810 2812 2813
3 2814 2815 2806
3 2816 2810 2817
3 2814 2818 2815
3 2816 2817 2819
3 2818 2820 2821
3 2822 2816 2819
3 2823 2819 2824
3 2825 2826 2827
3 2828 2826 2825
3 2830 2831 2829
3 2832 2833 2831
3 2836 2834 2835
3 2839 2837 2838
3 2834 2840 2841
3 2843 2838 2842
3 2843 2839 2838
3 2844 2840 2834
3 2845 2846 2840
3 2840 2846 2847
3 2848 2846 2845
3 2849 2850 2846
3 2853 2851 2852
3 2854 2842 2851
3 2854 2843 2842
3 2857 2855 2856
3 2855 2858 2859
3 2860 2861 2862
3 2864 2863 2861
3 2863 2865 2861
3 2863 2866 2865
3 2863 2867 2866
3 2867 2869 2868
3 2870 2867 2863
3 2646 2871 2647
3 2712 2705 2713
3 2608 2800 2872
3 2662 2873 2665
3 2822 2819 2823
3 2805 2807 2802
3 2788 2875 2874
3 2668 2663 2656
3 2817 2810 2813
3 2652 2651 2653
3 2599 2795 2600
3 2751 2753 2754
3 2848 2849 2846
3 2877 2768 2876
3 2878 2731 2617
3 2807 2814 2806
3 2687 2696 2691
3 2820 2879 2880
3 2630 2626 2628
3 2708 2693 2704
3 2858 2881 2882
3 2623 2627 2624
3 2823 2824 2883
3 2673 2677 2884
3 2885 736 735
3 2792 2886 2782
3 2856 2855 2887
3 2695 2690 2888
3 2889 2878 2617
3 2625 2624 2621
3 2770 2765 2764
3 2721 2699 2710
3 2890 2814 2807
3 2658 2657 2661
3 2697 2696 2687
3 2680 2891 2892
3 2894 2895 2893
3 2896 2828 2825
3 2695 2888 2706
3 2748 2744 2746
3 2783 2897 2614
3 2723 2898 2724
3 2680 2899 2891
3 2681 2680 2892
3 2855 2859 2887
3 2872 2794 2801
3 2719 2900 2717
3 2899 2671 2891
3 2625 2621 2901
3 2850 2857 2856
3 2902 2701 2703
3 2786 2785 2792
3 2903 2675 2674
3 2592 2904 2732
3 2634 2632 2905
3 2858 2882 2859
3 2884 4287 2673
3 2820 2896 2879
3 2900 2902 2717
3 2901 2621 2620
3 2881 2862 2882
3 2747 2906 2760
3 2724 2907 2908
3 2700 2694 2692
3 2874 2875 2611
3 2668 2666 2663
3 2825 2827 2879
3 2645 2640 2641
3 2734 2909 2735
3 2771 2777 2768
3 2832 2831 2830
3 2910 2752 2751
3 2896 2825 2879
3 2760 2773 2772
3 2911 2774 2912
3 2634 2633 2632
3 2913 2665 2667
3 2674 2659 2661
3 2836 2835 2826
3 2725 2724 2908
3 2914 2871 2646
3 2646 2644 2643
3 2833 2823 2831
3 2778 2780 2915
3 2910 2751 2755
3 2718 2916 2917
3 2736 2726 2737
3 2617 2731 2618
3 2766 2768 2877
3 2265 2591 2740
3 2649 2648 2918
3 2831 2823 2883
3 2919 2729 2731
3 2729 2910 2755
3 2766 2877 2753
3 2920 2915 2762
3 2853 2854 2851
3 2734 2743 2909
3 2820 2880 2821
3 2670 2655 2654
3 2922 2783 2921
3 2923 2792 2781
3 2761 2760 2924
3 2915 2780 2925
3 2926 2908 2904
3 2927 2854 2853
3 2928 2602 2854
3 2929 2930 2919
3 2931 2705 2712
3 2620 2622 2932
3 2622 2933 2934
3 2935 2933 2622
3 2937 788 2936
3 2267 788 2937
3 2938 2937 2626
3 2938 2267 2937
3 2266 2267 2938
3 2939 793 2940
3 2629 2938 2626
3 2629 2940 2938
3 2941 2940 2629
3 2632 2941 2629
3 2942 2939 2941
3 2943 2939 2942
3 2633 2942 2632
3 2635 2638 2633
3 2638 2944 2945
3 2639 2946 2944
3 2947 2946 2639
3 2640 2947 2639
3 2876 2949 2948
3 2950 2918 2289
3 2649 2918 2950
3 2651 2649 2951
3 2951 2649 2950
3 2653 2951 2952
3 2954 2660 2953
3 2954 2955 2660
3 2659 2953 2660
3 2956 2656 2955
3 2955 2656 2658
3 2956 2957 2656
3 4289 2958 4290
3 2958 4291 2913
3 2913 4284 2665
3 2959 2913 2667
3 2959 2667 2960
3 2667 2668 2957
3 2957 2668 2656
3 2962 2961 2659
3 2963 2961 2962
3 4292 2964 4293
3 2891 2671 2965
3 2891 2965 2966
3 2674 2676 2962
3 2964 2967 2672
3 2685 2676 2675
3 2969 2968 2967
3 2685 2970 2676
3 2971 2972 2973
3 2892 2891 2966
3 2684 2970 2685
3 2892 2966 2594
3 2968 2682 2673
3 2681 2892 2594
3 2974 2975 2971
3 2682 2968 2976
3 2282 2681 2977
3 2977 2681 2594
3 2684 2686 2978
3 2696 2974 2691
3 2696 2979 2974
3 2700 2692 2980
3 2702 2700 2980
3 2981 2706 2931
3 2982 2282 2281
3 2699 2983 2696
3 2702 2980 2984
3 2931 2706 2705
3 2704 2282 2982
3 2711 2704 2985
3 2699 2595 2986
3 2721 2987 2699
3 2717 2902 2988
3 2990 2717 2989
3 2991 2985 2885
3 2718 2717 2990
3 2990 2989 2992
3 2993 2715 2991
3 2990 2994 2718
3 2996 2997 2995
3 2994 2916 2718
3 2998 2723 2725
3 2999 3000 2895
3 3000 2889 2895
3 3001 2725 2926
3 3003 2605 3002
3 3000 2878 2889
3 3001 2926 2592
3 2878 2919 2731
3 3005 3004 2929
3 3005 2929 3000
3 2735 2606 2733
3 2733 2606 3003
3 2733 3003 3006
3 2919 3007 2729
3 2728 2280 3008
3 3009 2728 2736
3 3010 2742 2734
3 2274 3010 2273
3 2739 3009 2736
3 3007 2752 2910
3 2264 2741 2748
3 2274 3011 3010
3 2279 3009 2284
3 2749 2742 3010
3 2924 2760 2772
3 3012 2749 3011
3 3013 2284 2759
3 2924 2772 3014
3 3015 2766 2753
3 3016 2759 2765
3 3014 2774 2911
3 3014 2911 3017
3 871 3016 3018
3 3019 3020 2767
3 3017 2912 3021
3 3022 3016 2770
3 3020 2771 2767
3 2269 2787 2268
3 2268 2787 2786
3 2268 2786 2923
3 2269 3021 2787
3 3023 2923 2922
3 2921 2614 2616
3 3024 2921 2616
3 2784 2915 2920
3 2921 2783 2614
3 3025 2615 2788
3 2771 2799 2776
3 2593 2874 3026
3 2874 2611 2613
3 3027 2601 2784
3 3027 2784 3028
3 3029 3022 2791
3 2604 2601 3027
3 3030 3022 3029
3 2612 2609 3031
3 2801 2599 2604
3 3032 2790 2796
3 3033 3029 3032
3 3034 2804 2799
3 3035 2872 2801
3 3036 3033 2796
3 2811 2808 2809
3 2268 2923 3023
3 2603 2890 2805
3 2805 2890 2807
3 3037 2808 2811
3 3037 3036 2808
3 2890 3038 2814
3 3039 894 893
3 3039 2811 2810
3 893 3037 3039
3 3039 3037 2811
3 3040 3041 2818
3 3042 3039 2810
3 2597 3043 3044
3 3043 3042 3044
3 3045 2822 2823
3 2833 3045 2823
3 3048 3046 3047
3 3047 3046 3045
3 3047 3045 2833
3 3049 2833 2832
3 3049 3047 2833
3 2828 3050 2826
3 3051 3050 2828
3 3050 2836 2826
3 3052 3049 2832
3 3052 2830 2837
3 3052 2832 2830
3 3053 3049 3052
3 3054 3052 2839
3 2839 3052 2837
3 3056 2844 3055
3 3057 2839 2843
3 2844 2845 2840
3 3058 2848 914
3 917 3059 3058
3 914 917 3058
3 917 918 3059
3 3058 3059 2848
3 3059 2857 2849
3 2849 2857 2850
3 3060 2860 2881
3 2928 2854 2927
3 3061 3060 2858
3 3060 3062 2860
3 3062 2864 2860
3 2864 2861 2860
3 3063 2870 2864
3 3063 3064 2870
3 2869 2927 2852
3 3065 2867 2870
3 3065 3066 2867
3 3066 3067 2869
3 3067 2927 2869
3 2715 2985 2991
3 3012 2756 2749
3 2902 2703 2988
3 2881 2860 2862
3 3038 3040 2814
3 2602 2843 2854
3 2922 2781 2783
3 2659 2961 2953
3 3018 3016 3022
3 2998 2725 3001
3 2672 4293 2964
3 3068 3055 3050
3 3035 2608 2872
3 3015 2767 2766
3 928 2965 929
3 871 2283 3016
3 3013 2759 3016
3 2728 3008 2596
3 3004 2930 2929
3 2975 445 2972
3 3028 2920 3069
3 3041 2820 2818
3 2272 2591 2265
3 2271 3031 2270
3 2836 3055 2834
3 3036 2796 2808
3 2791 2770 2775
3 2930 3007 2919
3 2603 3038 2890
3 3030 3018 3022
3 2720 2596 3070
3 2725 2908 2926
3 3071 3072 2857
3 2927 2853 2852
3 2822 3042 2816
3 2871 3073 2647
3 3055 2844 2834
3 3074 2604 3027
3 3017 2911 2912
3 3075 2894 2994
3 937 3021 2269
3 2717 2988 2989
3 2616 2615 3025
3 3026 2874 2613
3 2999 2895 2894
3 3076 2264 2748
3 3028 2784 2920
3 3016 2765 2770
3 2784 2778 2915
3 2633 2943 2942
3 2606 2605 3003
3 2692 2976 2980
3 2941 2939 2940
3 3020 3034 2771
3 2942 2941 2632
3 3009 2280 2728
3 2626 2937 2627
3 2937 2936 2627
3 3077 2801 2604
3 3078 2896 3041
3 2624 2936 2935
3 2857 3072 2855
3 3043 3039 3042
3 2986 941 2983
3 2283 3013 3016
3 937 3017 3021
3 3049 3048 3047
3 3045 3044 2822
3 2972 2287 2973
3 2945 2943 2633
3 2271 2612 3031
3 2283 2284 3013
3 2704 2982 2985
3 3042 2810 2816
3 2975 2972 2971
3 2691 2971 2688
3 2978 2695 2706
3 3079 3000 2999
3 2920 2762 2756
3 2605 2993 3002
3 2752 3015 2753
3 2638 2945 2633
3 943 3074 944
3 3057 3054 2839
3 3054 3053 3052
3 2627 2936 2624
3 2639 2944 2638
3 3080 2845 2844
3 3000 2929 2878
3 3064 3065 2870
3 2929 2919 2878
3 3041 2896 2820
3 2858 3060 2881
3 3075 3079 2999
3 2974 2971 2691
3 2699 2986 2983
3 2595 941 2986
3 2273 3010 3006
3 2672 2968 2673
3 2721 3070 2987
3 2622 2934 2932
3 2940 2266 2938
3 2759 2284 3009
3 2676 2963 2962
3 2270 2608 3035
3 2985 2982 2885
3 3067 2928 2927
3 2976 2968 2969
3 3059 3071 2857
3 3032 2791 2790
3 3025 2788 2593
3 3046 3044 3045
3 2644 3073 2947
3 3081 2613 2612
3 3050 3055 2836
3 2653 2651 2951
3 3010 2734 2733
3 2885 2982 2281
3 2696 2983 2979
3 3062 3063 2864
3 2605 2715 2993
3 3010 2733 3006
3 3081 2612 2271
3 2979 2975 2974
3 2596 3082 3070
3 3014 2772 2774
3 2759 3009 2739
3 2864 2870 2863
3 3007 2910 2729
3 3066 2869 2867
3 3072 2858 2855
3 2926 2904 2592
3 2971 2973 3083
3 2978 2686 2695
3 2967 2968 2672
3 3070 2595 2987
3 3034 2799 2771
3 2688 2971 3083
3 3084 2973 2275
3 2988 2703 2702
3 2965 2952 929
3 3029 2791 3032
3 3033 3032 2796
3 2955 2658 2660
3 3064 3066 3065
3 2624 2935 2621
3 2270 3031 2608
3 3019 2767 3015
3 3011 2749 3010
3 3022 2770 2791
3 2715 2711 2985
3 3040 2818 2814
3 2931 2712 3085
3 3044 3042 2822
3 2994 2894 2916
3 3031 2609 2608
3 2671 2670 2965
3 2621 2935 2622
3 2741 2744 2748
3 2987 2595 2699
3 2692 2682 2976
3 2674 2962 2659
3 3083 2973 3084
3 2647 3073 2644
3 3087 3088 3086
3 3090 3091 3089
3 3089 3093 3092
3 3095 3096 3094
3 3099 3097 3098
3 3098 3100 3101
3 2601 2779 2778
3 3104 3102 3103
3 2601 2600 3105
3 3104 3106 3102
3 3103 3102 3107
3 3107 3102 3108
3 2600 3109 3105
3 3111 3112 3110
3 3114 3115 3113
3 3116 3117 3118
3 2763 3114 3119
3 3120 3121 3122
3 3124 3123 3088
3 3125 3124 3087
3 3126 3122 3127
3 3125 3087 3128
3 2735 3129 2606
3 3131 3132 3130
3 3133 3134 3135
3 2607 2642 3136
3 3138 3139 3137
3 3140 3141 3142
3 3136 3140 2716
3 3143 3098 3144
3 2800 3145 3146
3 3148 3147 3099
3 3151 3149 3150
3 2611 3152 2793
3 3153 3154 3155
3 2611 3156 3152
3 3157 3153 3155
3 3158 3159 3153
3 3160 3158 3157
3 3162 3161 3158
3 3161 3163 3164
3 3094 3165 3163
3 3166 3094 3167
3 3169 3167 3168
3 3170 3169 3168
3 3171 3169 3170
3 3173 3172 3171
3 3175 3089 3174
3 3172 3174 3176
3 3177 3178 3179
3 3180 3181 3178
3 3183 3184 3182
3 3185 3186 3183
3 3188 3185 3187
3 2746 3189 2906
3 2746 2745 3189
3 3190 3191 3192
3 3193 3194 3195
3 3196 3197 3190
3 3200 3198 3199
3 3203 3201 3202
3 3206 3204 3205
3 2714 3203 2898
3 2705 2707 3207
3 2707 3208 3207
3 2685 3209 2690
3 3209 2995 2690
3 3210 2997 2996
3 3212 3213 3211
3 3214 3215 3212
3 3216 3217 3211
3 3217 2619 3218
3 3220 3221 3219
3 3224 3222 3223
3 3225 3193 3221
3 3225 3226 3193
3 3227 3226 3225
3 3228 3192 3229
3 3230 3231 3232
3 3235 3233 3234
3 2815 3237 3236
3 2880 2879 3238
3 3236 3237 3239
3 3241 3242 3240
3 3243 3244 3245
3 3248 3246 3247
3 3250 3251 3249
3 3254 3252 3253
3 2618 2730 3255
3 3256 3214 3212
3 3211 3257 3212
3 3258 3259 3260
3 3261 3259 3258
3 3256 3262 3214
3 3264 3219 3263
3 2619 2618 3265
3 3264 3266 3267
3 3217 3218 3257
3 3230 3232 3268
3 3222 3269 3220
3 3270 3223 3264
3 2755 3271 2730
3 3224 3223 3270
3 3223 3222 3219
3 3272 3273 3269
3 3271 3274 3272
3 3214 3262 3275
3 3268 3232 3276
3 3278 3279 3277
3 3274 3273 3272
3 3268 3276 3280
3 3281 3268 3280
3 3282 3234 3283
3 3237 3284 3239
3 3287 3285 3286
3 3288 3289 3290
3 3288 3290 3291
3 3292 3288 3291
3 3294 3295 3293
3 3296 3297 3298
3 3296 3253 3297
3 3299 3296 3298
3 3301 3300 3251
3 3304 3302 3303
3 3251 3302 3249
3 3306 3307 3305
3 3308 3309 3241
3 3241 3310 3242
3 3241 3311 3310
3 3307 3243 3312
3 3314 3313 3306
3 3316 3314 3315
3 3316 3315 3310
3 3249 3304 3317
3 3318 3317 3246
3 3251 3300 3302
3 3319 3246 3244
3 3247 3320 3321
3 3322 3247 3321
3 3323 3301 3250
3 3325 3250 3324
3 3326 3327 3328
3 3299 3298 3326
3 3329 3326 3300
3 3326 3328 3330
3 3302 3330 3331
3 3332 3333 3235
3 3333 3334 3235
3 3336 3337 3335
3 3281 3230 3268
3 3339 3338 3335
3 3335 3338 3336
3 2869 2852 2868
3 3340 3308 3240
3 3341 3342 3343
3 3346 3344 3345
3 3223 3219 3264
3 2754 3274 3271
3 2618 3255 3265
3 2895 2619 3217
3 3348 3264 3347
3 3211 3217 3257
3 3273 3281 3280
3 3345 3230 3279
3 3232 3231 3349
3 3351 3350 3338
3 3335 3346 3352
3 3338 3350 3353
3 3284 3341 3343
3 3340 3240 3342
3 3341 3340 3342
3 3350 3343 3353
3 3338 3354 3336
3 3336 3355 3337
3 3351 3338 3339
3 3338 3353 3354
3 3356 3351 3357
3 3358 3359 3356
3 3179 3175 3172
3 2643 2645 2641
3 3360 3361 3362
3 2831 3363 3364
3 3367 3365 3366
3 3369 3370 3368
3 3373 3371 3372
3 3376 3374 3375
3 3377 3376 3375
3 3374 3378 3379
3 3376 3378 3374
3 3378 3380 3379
3 3381 3376 3377
3 3382 3378 3376
3 3383 3381 3377
3 3385 3384 3383
3 3384 3381 3383
3 3386 2625 2901
3 3387 3384 3385
3 3388 3386 3382
3 3388 3389 3386
3 3384 3390 3381
3 3390 3391 3381
3 3392 3384 3387
3 3393 3388 3391
3 3394 3389 3388
3 3392 3390 3384
3 2628 2623 3389
3 3364 3363 3395
3 3396 3397 3392
3 3394 2628 3389
3 3398 3393 3399
3 3400 3401 3394
3 3397 3402 3390
3 3402 3399 3390
3 3401 2628 3394
3 3396 3403 3397
3 3403 3402 3397
3 3404 3399 3402
3 3404 3398 3399
3 3398 3405 3400
3 3405 3406 3401
3 3407 3405 3398
3 3410 3408 3409
3 3411 3407 3404
3 3408 3411 3404
3 3410 3412 3408
3 3413 3414 3405
3 2905 2631 3415
3 2785 3171 2886
3 3416 3413 3411
3 3417 3416 3411
3 3419 3410 3418
3 3412 3411 3408
3 3420 3419 3418
3 3421 3414 3416
3 3424 3422 3423
3 3366 3412 3419
3 3421 3423 3414
3 3425 3416 3417
3 3425 3421 3416
3 3422 2634 2905
3 2636 2634 3422
3 3426 3421 3425
3 3426 3427 3421
3 3424 2636 3422
3 3429 3430 3428
3 3430 3366 3428
3 3432 3431 3426
3 3433 2636 3424
3 3434 3430 3429
3 3361 3436 3435
3 3434 3367 3430
3 3437 3367 3434
3 3438 3439 3433
3 3440 3365 3367
3 3442 3441 3431
3 3438 3443 3439
3 3437 3440 3367
3 3444 3441 3442
3 3443 2637 3439
3 3438 2641 3443
3 3440 3445 3365
3 3445 3442 3365
3 3444 3446 3441
3 3447 3448 3440
3 3446 3438 3441
3 3449 3438 3446
3 3451 3437 3450
3 3448 3452 3445
3 3453 3446 3444
3 3453 3449 3446
3 3452 3453 3444
3 3454 2643 3449
3 3449 2643 2641
3 3455 3448 3447
3 3455 3456 3448
3 3457 3287 3286
3 3458 3449 3453
3 3460 3459 3452
3 3459 3453 3452
3 3459 3458 3453
3 3462 3455 3461
3 3463 3458 3459
3 3464 3465 3456
3 3465 3460 3456
3 3463 3466 3458
3 3466 3454 3458
3 3467 2646 3454
3 3462 3464 3455
3 3468 3469 3470
3 3471 3472 3463
3 3472 3466 3463
3 3473 3466 3472
3 3474 3468 3470
3 3468 3475 3469
3 3476 3471 3465
3 3478 3477 2914
3 3477 2871 2914
3 3475 3462 3469
3 2660 2658 2661
3 3479 3468 3474
3 3479 3480 3475
3 3471 3481 3472
3 3479 3475 3468
3 3483 3478 3482
3 3484 3480 3479
3 3485 3486 3476
3 3489 3487 3488
3 3490 3481 3486
3 3493 3491 3492
3 3490 3494 3481
3 3494 3483 3481
3 3495 3483 3494
3 3496 3478 3483
3 3491 3484 3479
3 3489 3497 3487
3 3496 3498 3478
3 3499 3484 3491
3 3497 3485 3487
3 3500 3498 3496
3 3499 3501 3484
3 3501 3497 3489
3 3502 3491 3493
3 3495 3500 3496
3 3503 3504 3490
3 3490 3495 3494
3 3505 3499 3502
3 3506 3501 3499
3 3507 3502 3493
3 3504 3495 3490
3 3508 3500 3495
3 3505 3506 3499
3 3509 3495 3504
3 3510 3502 3507
3 3511 3512 3497
3 3513 3506 3505
3 3511 3435 3512
3 3435 3514 3512
3 3513 3515 3506
3 3512 3514 3503
3 3509 3508 3495
3 3518 3516 3517
3 3521 3519 3520
3 3510 3505 3502
3 3510 3522 3505
3 3522 3515 3513
3 3517 2648 2650
3 3517 3523 2648
3 3524 3516 3518
3 3524 3525 3516
3 3526 3519 3521
3 3522 3527 3515
3 3528 3509 3514
3 3529 3522 3510
3 3530 3517 2650
3 3531 3525 3524
3 3436 3514 3435
3 3518 3517 3530
3 3531 3524 3532
3 3533 3510 3526
3 3534 3522 3529
3 3522 3534 3527
3 3436 3535 3514
3 3533 3529 3510
3 3534 3360 3527
3 3370 3533 3526
3 3536 3532 3537
3 3538 3535 3436
3 3539 3360 3534
3 3361 3538 3436
3 3368 3531 3540
3 3541 3530 2652
3 3541 3537 3530
3 3369 3542 3370
3 3543 3544 3529
3 3544 3534 3529
3 3545 3543 3533
3 3546 3547 3536
3 2655 3541 2652
3 3369 3368 3547
3 3548 3542 3369
3 3551 3549 3550
3 3554 3552 3553
3 3555 3556 3541
3 3548 3545 3542
3 3557 3539 3544
3 2661 3558 3559
3 3560 3561 3552
3 3552 3563 3562
3 3557 3564 3539
3 3564 3550 3539
3 3551 3565 3549
3 3566 3561 3560
3 3553 3567 3554
3 3555 3541 2655
3 3568 3548 3369
3 4294 3569 4295
3 4296 4295 3569
3 4297 4298 3570
3 4298 4299 3570
3 3566 3571 3561
3 3558 3566 3572
3 2664 3566 3558
3 2669 3555 2655
3 3573 3568 3547
3 3574 3545 3548
3 3574 3575 3545
3 3575 3557 3543
3 4296 2662 4283
3 4300 4301 3576
3 3578 3577 3563
3 3579 3546 3556
3 3580 3574 3548
3 4302 3576 4301
3 2662 3569 2873
3 3581 4294 4303
3 4297 3582 4304
3 4305 3582 4306
3 4300 3570 4299
3 2873 3581 3583
3 3582 3570 3584
3 3581 3582 3583
3 2873 3583 2666
3 3582 3584 3585
3 3583 3582 3585
3 3583 3585 3586
3 2666 3583 3586
3 3587 3588 3589
3 3590 3587 3589
3 3585 3584 3591
3 3584 3590 3591
3 2666 3586 3592
3 3591 3590 3589
3 3586 3585 3571
3 3589 3588 3593
3 3591 3589 3594
3 2664 3592 3566
3 3586 3571 3566
3 2663 3592 2664
3 3571 3591 3561
3 3589 3593 3578
3 3578 3593 3577
3 3595 3559 3572
3 3567 3595 3572
3 3562 3596 3597
3 3598 3599 3562
3 3579 3556 3555
3 3600 3548 3568
3 3601 3557 3575
3 3602 3603 3564
3 3604 3553 3599
3 3604 3567 3553
3 3605 3546 3579
3 3573 3547 3605
3 3600 3568 3573
3 3606 3575 3580
3 3606 3601 3575
3 3608 4307 3607
3 4308 3608 4309
3 4302 3609 3576
3 3610 3587 3576
3 2903 2674 3559
3 3611 3579 3555
3 3612 3573 3605
3 3613 3600 3573
3 3595 2903 3559
3 3614 3567 3604
3 3598 3604 3599
3 3615 3555 2669
3 3612 3605 3616
3 3601 3602 3557
3 3615 3611 3555
3 3616 3579 3611
3 3617 3613 3573
3 3618 3602 3601
3 3610 3619 3588
3 3614 3595 3567
3 3620 3604 3598
3 3615 2669 2899
3 3613 3621 3622
3 3623 3606 3580
3 4288 2884 4311
3 3607 3624 3608
3 3625 3593 3619
3 3627 3628 3626
3 3628 3629 3626
3 3596 3630 3597
3 3631 3622 3621
3 3632 3618 3601
3 3634 3633 3603
3 3635 3636 3637
3 3639 3638 3609
3 3640 3625 3619
3 3625 3626 3593
3 3641 3642 3614
3 3643 3644 3645
3 3646 3616 3611
3 3607 2677 3624
3 3647 3639 3608
3 3624 3647 3608
3 3648 3640 3619
3 3648 3619 3610
3 3640 3627 3625
3 3649 3650 3651
3 3620 3652 3604
3 3653 3630 3628
3 3654 3615 2899
3 3654 3646 3615
3 3646 3611 3615
3 3655 3612 3616
3 3617 3612 3655
3 3631 3623 3622
3 3647 3638 3639
3 3638 3656 3648
3 3657 3640 3656
3 3658 2685 2903
3 2685 2675 2903
3 3652 3641 3614
3 3643 3645 3653
3 3659 3649 3651
3 3613 3660 3621
3 3632 3661 3618
3 2678 3662 2677
3 3656 3664 3663
3 3656 3640 3648
3 3655 3616 3646
3 3665 3617 3655
3 3660 3666 3621
3 3661 3667 3602
3 2688 3083 3668
3 3662 3669 3647
3 3670 3656 3663
3 3640 3671 3627
3 3672 3673 3628
3 3674 3646 3654
3 3675 3623 3631
3 3676 3632 3606
3 3671 3672 3627
3 3677 3654 2679
3 3678 3655 3674
3 3679 3680 3666
3 3681 3675 3680
3 3682 3606 3623
3 3682 3676 3606
3 3670 3657 3656
3 3684 3657 3683
3 3684 3671 3640
3 3685 2995 3641
3 3686 3654 3677
3 3678 3665 3655
3 3688 3687 3665
3 3689 3680 3679
3 3691 3662 3690
3 3692 3672 3671
3 2995 3658 3641
3 3209 2685 3658
3 3685 3652 3620
3 3679 3660 3688
3 3688 3660 3687
3 3676 3693 3632
3 3694 3667 3661
3 2689 2688 3668
3 3684 3692 3671
3 3695 3696 3649
3 3697 3665 3678
3 3675 3682 3623
3 3628 3630 3629
3 3677 2679 2683
3 3697 3688 3665
3 3698 2687 2689
3 3690 2678 2694
3 3699 3685 3696
3 3644 3695 3659
3 3700 3677 2683
3 3701 3697 3678
3 3703 3679 3702
3 3704 3682 3675
3 3693 3694 3661
3 3705 3706 3694
3 3707 3708 3690
3 3709 3683 3670
3 3132 3135 3710
3 3630 3651 3711
3 3712 3688 3697
3 3713 3676 3682
3 3708 3691 3690
3 3714 3692 3684
3 3715 3643 3673
3 2997 2690 2995
3 3699 2996 3685
3 3651 3650 3711
3 3645 3659 3651
3 3702 3688 3712
3 3716 3689 3703
3 3713 3693 3676
3 3714 3683 3709
3 3645 3651 3630
3 3137 2683 2693
3 3712 3697 3701
3 3717 3701 3718
3 3719 3692 3714
3 3715 3720 3643
3 3720 3721 3643
3 3722 2996 3699
3 3597 3711 3650
3 3723 3699 3696
3 3724 3723 3695
3 3653 3645 3630
3 3725 3712 3701
3 3726 3704 3681
3 3727 3728 3694
3 3728 3705 3694
3 3729 3670 3708
3 2690 2997 2888
3 3629 3630 3596
3 3644 3659 3645
3 3730 3718 3686
3 3716 3731 3726
3 3704 3713 3682
3 3732 3728 3727
3 3734 3709 3733
3 3735 3722 3699
3 3735 3699 3724
3 3725 3701 3717
3 3736 3708 3707
3 3733 3729 3737
3 2888 2997 2707
3 3738 3712 3725
3 2701 3736 2694
3 3260 3259 3720
3 3210 2707 2997
3 3739 3722 3735
3 3740 3702 3738
3 3741 3731 3716
3 3742 3743 3713
3 3744 2698 2697
3 3744 2697 3745
3 3747 3724 3746
3 3138 3137 2708
3 3748 3738 3725
3 3749 3750 3740
3 3743 3732 3751
3 3737 3729 3736
3 3752 3733 3737
3 3722 3206 3210
3 3206 2707 3210
3 3138 2708 2709
3 3749 3740 3738
3 3748 3725 3753
3 3753 3717 3754
3 3755 3744 3745
3 3732 3756 3728
3 3259 3757 3746
3 3731 3704 3726
3 3754 3730 3139
3 3741 3758 3731
3 2900 3736 2701
3 3759 3736 2900
3 3759 3737 3736
3 3275 3760 3761
3 3275 3258 3260
3 3762 3749 3748
3 3763 3744 3755
3 3752 3737 3759
3 3761 3733 3752
3 3757 3747 3746
3 3757 3764 3747
3 3765 2709 2711
3 3748 3753 3766
3 3767 3768 3750
3 3768 3741 3750
3 3769 3732 3743
3 3772 3770 3771
3 3752 3759 3773
3 3261 3757 3259
3 3142 3138 3765
3 3774 3753 3754
3 3775 3768 3767
3 2719 3759 2900
3 3214 3761 3215
3 3261 3776 3757
3 3140 3765 2711
3 3142 3765 3140
3 3142 3777 3138
3 2705 3207 2713
3 3762 3767 3749
3 3778 3758 3768
3 3085 2712 2714
3 3779 3769 3743
3 3780 2710 3763
3 3781 3763 3755
3 3514 3504 3503
3 3262 3261 3258
3 3275 3262 3258
3 3262 3782 3261
3 3776 3764 3757
3 3208 3205 3201
3 3710 3762 3748
3 3779 3743 3742
3 3215 3752 3213
3 3739 3783 3784
3 3766 3753 3774
3 3785 3763 3781
3 3782 3776 3261
3 3786 3783 3764
3 3204 3739 3784
3 3204 3787 3200
3 2713 3201 3203
3 3132 3766 3774
3 2722 2721 2710
3 3788 3780 3785
3 3791 3789 3790
3 3789 3781 3790
3 3211 3773 2917
3 3216 3211 2917
3 3257 3256 3212
3 3256 3347 3262
3 3274 3277 3273
3 3132 3774 3130
3 3792 3762 3710
3 3793 3778 3775
3 2916 3216 2917
3 3203 3202 3794
3 2898 3203 3794
3 3136 3141 3140
3 3141 3795 3142
3 3795 3796 3142
3 3796 3131 3777
3 3797 3798 3778
3 3798 3799 3778
3 3798 3800 3799
3 3800 3779 3799
3 3788 2722 3780
3 3789 3788 3785
3 2916 2893 3216
3 2893 3217 3216
3 3267 3266 3776
3 3267 3776 3782
3 3266 3786 3776
3 3786 3801 3783
3 3202 3200 3199
3 3136 2716 2607
3 3796 3795 3131
3 3797 3800 3798
3 3266 3801 3786
3 3802 3198 3787
3 3141 3803 3795
3 3795 3133 3131
3 3131 3135 3132
3 2727 2720 3788
3 3788 2720 2722
3 3804 3788 3789
3 3805 3789 3791
3 3805 3804 3789
3 2894 2893 2916
3 2893 2895 3217
3 3347 3264 3267
3 3801 3802 3784
3 3202 3199 3794
3 2898 3794 2724
3 3133 3135 3131
3 3263 3801 3266
3 3807 3710 3806
3 3808 3792 3710
3 3809 3810 3800
3 2895 2617 2619
3 2908 2907 3811
3 3803 3133 3795
3 3807 3808 3710
3 3810 3812 3813
3 3812 3814 3813
3 3815 2727 3788
3 3814 3816 3805
3 3255 3224 3265
3 2907 3199 3194
3 3818 3817 3803
3 3134 3806 3135
3 3812 3816 3814
3 3156 3819 3820
3 3219 3221 3821
3 3129 2642 2606
3 2642 3822 3823
3 3823 3818 3803
3 3824 3809 3825
3 3816 3815 3804
3 3222 3220 3219
3 2907 3194 3811
3 3129 3822 2642
3 3818 3086 3817
3 3127 3826 3806
3 3806 3826 3807
3 3827 3808 3807
3 3828 3825 3808
3 3828 3824 3825
3 3824 3810 3809
3 2737 2726 2727
3 3829 3815 3816
3 3126 3127 3134
3 3827 3828 3808
3 3829 2737 3815
3 3051 3068 3050
3 3811 3194 3197
3 2908 3811 3196
3 2904 2908 3196
3 3129 3128 3822
3 3817 3830 3126
3 3831 3826 3127
3 3832 3833 3810
3 3834 3816 3812
3 3833 3835 3834
3 3834 3829 3816
3 2731 2730 2618
3 2730 3271 3255
3 2735 2909 3129
3 3086 3830 3817
3 3122 3831 3127
3 3830 3122 3126
3 3811 3197 3196
3 3128 3087 3086
3 2738 2737 3829
3 3269 3227 3225
3 3226 3836 3193
3 3122 3121 3831
3 3826 3827 3807
3 3837 3838 3828
3 3833 3839 3835
3 3196 3190 2732
3 2904 3196 2732
3 3125 3128 3129
3 3086 3088 3830
3 3830 3120 3122
3 3840 3827 3826
3 3841 3838 3837
3 3832 3842 3833
3 3843 3829 3839
3 2738 3829 3843
3 3271 3272 3222
3 3272 3269 3222
3 3227 3844 3226
3 3844 3836 3226
3 3836 3845 3846
3 3847 3837 3827
3 3848 3843 3839
3 2739 2738 3843
3 3197 3849 3191
3 3190 3197 3191
3 2743 3125 2909
3 3120 3850 3121
3 3851 3842 3832
3 3273 3280 3269
3 3844 3852 3836
3 3852 3853 3845
3 2732 3190 3228
3 3190 3192 3228
3 2740 2732 3228
3 3854 3840 3826
3 3847 3827 3840
3 2757 3843 3848
3 3191 3846 3192
3 3855 3856 2743
3 3125 3857 3124
3 3858 3851 3841
3 2757 2739 3843
3 2842 2838 3859
3 3850 3860 3861
3 3861 3862 3863
3 2757 3848 3864
3 3853 3865 3845
3 2740 3228 2745
3 3337 3866 3344
3 2750 3855 2742
3 3860 3867 3861
3 3862 3854 3863
3 3868 3869 3854
3 3869 3847 3840
3 3870 3847 3869
3 3858 3841 3870
3 3858 3871 3851
3 3864 3848 3851
3 2948 3277 3274
3 3277 3279 3281
3 3853 3872 3865
3 3874 3865 3873
3 3228 3229 2745
3 3855 3119 3856
3 3875 3854 3862
3 3875 3868 3854
3 3277 3281 3273
3 2747 2746 2906
3 2750 2763 3855
3 3867 3862 3861
3 3876 3858 3870
3 2758 2757 3877
3 2948 3278 3277
3 3232 3349 3276
3 3874 3873 3186
3 3229 3874 3185
3 3119 3878 3856
3 3856 3878 3879
3 3879 3118 3123
3 3880 3870 3869
3 3881 3864 3871
3 3877 3864 3881
3 2764 2758 3877
3 3349 3882 3853
3 3883 3884 3873
3 3185 3874 3186
3 3189 3188 3187
3 2745 3188 3189
3 3878 3885 3879
3 3886 3887 3867
3 3888 3862 3867
3 3889 3858 3876
3 3871 3858 3889
3 3890 3871 3889
3 3881 3871 3890
3 3882 3883 3872
3 2906 3891 2773
3 3119 3113 3878
3 3885 3118 3879
3 3892 3886 3893
3 3118 3892 3893
3 3894 3880 3868
3 3895 3884 3883
3 3187 3183 3896
3 3113 3885 3878
3 3885 3116 3118
3 3117 3892 3118
3 3892 3897 3886
3 3898 3876 3880
3 3899 3890 3889
3 3900 3881 3890
3 2769 3881 3900
3 3884 3901 3184
3 3189 3187 3891
3 2906 3189 3891
3 2915 2925 2762
3 2925 3114 2762
3 3114 3113 3119
3 3113 3902 3885
3 3117 3903 3892
3 3116 3903 3117
3 2768 2777 2876
3 3345 3344 3230
3 3183 3182 3896
3 3184 3904 3182
3 3892 3637 3897
3 3905 3888 3887
3 3898 3880 3906
3 3344 3231 3230
3 3891 3187 3896
3 3891 3896 3907
3 2773 3907 2774
3 2773 3891 3907
3 3908 3903 3116
3 3896 3182 3909
3 3907 3910 2774
3 2852 3911 2868
3 3636 3886 3897
3 3912 3899 3898
3 2775 2769 3900
3 3866 3282 3283
3 3233 3904 3901
3 2774 3910 3913
3 2774 3913 2912
3 2912 3913 3021
3 3115 3914 3915
3 3916 3886 3636
3 3916 3905 3886
3 3905 3887 3886
3 3917 3888 3905
3 3919 3906 3918
3 3920 3898 3921
3 3922 3900 3912
3 3924 3923 3904
3 3925 3909 3180
3 3925 3180 3910
3 3907 3925 3910
3 3910 3177 3913
3 2601 3105 2779
3 3926 3927 2779
3 2779 3927 3115
3 3927 3914 3115
3 3915 3111 3110
3 3928 3905 3916
3 3928 3917 3905
3 3929 3912 3920
3 3922 3912 3929
3 2790 2775 3922
3 2776 2798 2777
3 3910 3180 3177
3 3913 3177 3930
3 3913 3930 3021
3 3021 3931 2787
3 2615 3932 2789
3 3105 3926 2779
3 3914 3111 3915
3 3935 3933 3934
3 2797 3922 3929
3 3355 3332 3866
3 3923 3924 3936
3 3909 3181 3180
3 2788 2789 2875
3 3109 3926 3105
3 3937 3938 3111
3 3111 3938 3112
3 3914 3937 3111
3 3938 3939 3112
3 3939 3940 3933
3 3935 3939 3933
3 3112 3939 3935
3 3941 3916 3636
3 3943 3919 3942
3 3943 3921 3919
3 2790 3922 2797
3 3944 3945 3936
3 3181 3923 3090
3 3923 3936 3091
3 3923 3091 3090
3 2614 3932 2615
3 3103 3107 3927
3 3926 3103 3927
3 3946 3928 3916
3 3947 3921 3943
3 3947 3920 3921
3 3929 3920 3947
3 2798 3352 3948
3 3352 3357 3335
3 3866 3332 3282
3 3930 3179 3949
3 2782 3950 2897
3 2614 2897 3932
3 2897 3951 3932
3 2789 3952 2875
3 2610 3151 3150
3 2800 3146 2872
3 3109 3104 3926
3 3107 3108 3937
3 3108 3953 3939
3 3940 3954 3933
3 3954 3635 3933
3 3956 3955 3928
3 2798 3358 3352
3 3945 3957 3936
3 3091 3957 3093
3 3179 3172 3949
3 2785 3949 3171
3 2897 3950 3951
3 3959 3958 3952
3 3151 3152 3149
3 2610 3150 3145
3 3146 3145 3960
3 3960 3144 3104
3 2795 3960 3109
3 3960 3104 3109
3 3953 3961 3962
3 3964 3943 3963
3 3335 3337 3346
3 3334 3944 3924
3 3932 3951 3959
3 3952 3965 3156
3 3150 3966 3143
3 3960 3143 3144
3 3144 3098 3106
3 3144 3106 3104
3 3967 3943 3964
3 3968 3334 3333
3 3172 3175 3174
3 3969 3092 3093
3 2886 3168 2782
3 2782 3168 3950
3 3149 3820 3148
3 3150 3148 3966
3 3143 3966 3098
3 3101 3970 3102
3 3971 3961 3972
3 3973 3972 3961
3 2809 2803 3947
3 3974 3359 3358
3 3975 3333 3332
3 3977 3286 3976
3 3976 3944 3334
3 3092 3969 3978
3 3950 3979 3951
3 3965 3819 3156
3 3819 3980 3820
3 3981 3972 3973
3 3982 3954 3940
3 3983 3956 3946
3 2809 3947 2812
3 2802 2806 3974
3 3358 3356 3357
3 3286 3945 3976
3 3285 3957 3945
3 3285 3093 3957
3 3969 3984 3978
3 3174 3089 3985
3 3174 3985 3176
3 3092 3978 3095
3 3095 3978 3096
3 3950 3168 3979
3 3162 3160 3958
3 3160 3157 3965
3 3965 3157 3819
3 3980 3986 3820
3 3820 3986 3147
3 3099 3987 3097
3 3988 3989 3972
3 3990 3981 3973
3 3971 3991 3961
3 3991 3962 3961
3 3983 3992 3993
3 3359 3236 3356
3 3354 3975 3332
3 3975 3977 3333
3 3286 3285 3945
3 3291 3969 3093
3 3994 3984 3969
3 3995 3996 3984
3 3166 3095 3094
3 3165 3996 3997
3 3997 3996 3998
3 3979 3167 3161
3 3157 3999 3819
3 4001 4002 4000
3 4003 4004 3987
3 3987 4004 3097
3 3097 4004 4005
3 4005 4006 3988
3 3988 4006 3989
3 4005 3988 3981
3 4007 3971 3972
3 4008 3982 3962
3 4009 4010 4011
3 2813 3967 4012
3 2813 2812 3967
3 3163 4013 3164
3 3161 3164 3158
3 3162 3158 3160
3 4015 4016 4014
3 4017 4000 4018
3 4018 4000 4002
3 4019 4018 4003
3 4020 3983 3993
3 4021 4012 3983
3 3356 3236 3351
3 3287 3292 3285
3 3994 3995 3984
3 3164 3159 3158
3 4024 4022 4023
3 3158 3153 3157
3 4026 4014 4025
3 4026 4017 4019
3 4027 4008 3991
3 3342 3977 3975
3 3995 4028 3996
3 4028 3998 3996
3 3159 4024 3153
3 3153 4024 3154
3 4024 4023 3154
3 3154 4023 4015
3 3154 4015 4029
3 3155 3154 4029
3 3155 4029 4026
3 4007 4027 3971
3 4027 4030 4008
3 4032 4031 4021
3 3236 3239 3351
3 3457 3286 3977
3 3289 3994 3290
3 3289 4033 3994
3 4034 4000 4017
3 4035 4020 4009
3 4032 4021 4020
3 2817 2813 4031
3 3359 2815 3236
3 3239 3284 3350
3 3457 4036 3287
3 4036 3292 3287
3 4033 4028 3995
3 4028 4037 3998
3 4038 4014 4016
3 4039 4040 4001
3 4041 4042 4040
3 4044 4035 4043
3 4045 4020 4035
3 4046 4001 4000
3 4039 4041 4040
3 4047 4030 4027
3 2819 2817 4031
3 3237 4048 3284
3 3307 4033 3289
3 3312 4028 4033
3 3312 3322 4028
3 3322 4037 4028
3 4037 3321 4049
3 3321 4050 4049
3 4050 4022 4049
3 4051 4046 4034
3 4052 4053 4041
3 4047 4027 4054
3 3363 4032 3395
3 3363 2824 4032
3 2824 4031 4032
3 4036 4055 3292
3 4055 3288 3292
3 4055 4056 3288
3 3321 3320 4050
3 4057 4058 4016
3 4046 4039 4001
3 4059 4035 4044
3 4060 4045 4059
3 2883 2824 3363
3 4061 4046 4051
3 4062 4044 4063
3 4066 4064 4065
3 4069 4067 4068
3 2815 2821 3237
3 3284 4070 3341
3 3242 4055 4036
3 4056 3305 3288
3 3320 4071 4050
3 4071 4058 4057
3 4058 3303 4038
3 3303 3331 4072
3 3331 4051 4072
3 3331 4061 4051
3 4073 4054 4053
3 4062 4060 4059
3 3084 2275 4074
3 4076 4069 4075
3 3528 4077 4078
3 3308 3241 3240
3 3242 3310 4055
3 3243 3245 3312
3 3247 3317 3320
3 4061 4079 4080
3 4081 4073 4052
3 4083 4062 4082
3 4083 4084 4062
3 4084 4060 4062
3 4085 3364 4060
3 4086 3308 3341
3 3306 3313 3307
3 3313 3243 3307
3 3244 3248 3245
3 3304 4058 4071
3 4079 4087 4080
3 4082 4063 4088
3 4085 4084 4083
3 2829 2831 3364
3 4072 4025 4014
3 2880 3238 4048
3 3315 3306 3305
3 3244 3246 3248
3 3248 3247 3322
3 3331 3328 4061
3 4089 4082 4090
3 4077 4091 4078
3 4068 4092 4091
3 4067 4065 4068
3 3310 4056 4055
3 3317 4071 3320
3 3328 4079 4061
3 4093 4052 4087
3 4093 4081 4052
3 4094 4073 4081
3 4095 4096 4097
3 3311 3316 3310
3 4098 3244 3243
3 3330 3328 3331
3 4099 4093 4079
3 4093 4100 4081
3 4100 4094 4081
3 4101 4083 4089
3 4102 4103 3565
3 2827 4105 4104
3 4104 3309 4086
3 3309 3311 3241
3 3327 4099 4079
3 4099 4106 4093
3 4107 4108 4109
3 4107 4089 4108
3 4110 4089 4107
3 4110 4101 4089
3 2830 2829 4111
3 4113 4067 4112
3 4104 4105 3309
3 3301 3329 3300
3 4109 4100 4106
3 3253 4107 4109
3 4077 4068 4091
3 4114 4115 3316
3 4117 4116 4098
3 4118 3329 3301
3 3298 3327 3326
3 3297 4106 4099
3 4119 4107 3253
3 3859 4110 4119
3 4120 4101 4110
3 4120 4111 4101
3 2837 2830 4111
3 3771 3770 4103
3 4121 4075 3528
3 4122 4114 3311
3 4123 3319 4116
3 4123 3324 3319
3 3329 3299 3326
3 3298 3297 3327
3 4124 4115 4114
3 4124 4125 4115
3 4127 4126 4117
3 4128 4118 3301
3 3293 3329 4118
3 3252 3859 4119
3 3859 2838 4120
3 4078 4129 3508
3 2835 4130 4105
3 2835 2841 4130
3 4124 4131 4125
3 4131 4127 4125
3 3293 3295 3329
3 3295 3296 3299
3 3254 3253 3296
3 3911 3252 3254
3 4132 3859 3252
3 4067 4066 4065
3 2841 4133 4130
3 2841 2840 4133
3 2847 4134 4133
3 2846 4135 2847
3 4127 4136 4126
3 4131 4136 4127
3 4137 3323 3325
3 4137 4128 3323
3 4138 4139 3295
3 4138 3254 4139
3 4138 3911 3254
3 2868 3911 4138
3 3911 2851 4132
3 2851 3859 4132
3 2851 2842 3859
3 2847 4135 4134
3 4135 4136 4131
3 2850 4140 4135
3 2850 2856 4140
3 4141 4142 4123
3 4142 4143 4123
3 4142 4144 4143
3 4145 4128 4137
3 2865 4138 3294
3 2866 2868 2865
3 4135 4140 4136
3 2887 4146 4141
3 4142 4147 4144
3 4146 4147 4142
3 4147 4137 4144
3 4147 4148 4137
3 4148 4145 4137
3 4150 3294 4149
3 4151 4147 4146
3 2859 4151 4146
3 2882 2862 4148
3 2862 2861 4152
3 4101 4085 4083
3 4108 4090 4094
3 3760 3719 3734
3 3949 3173 3171
3 3863 3854 4153
3 3600 3580 3548
3 3966 3099 3098
3 2787 3931 2785
3 3821 3221 3802
3 2819 4031 2824
3 3695 3649 3659
3 3491 3479 3492
3 3397 3390 3392
3 4156 4154 4155
3 3319 3318 3246
3 4005 3981 3990
3 3883 3873 3872
3 3482 3478 3467
3 3673 3643 3653
3 3668 4157 4158
3 4149 3294 3293
3 2826 4105 2827
3 3580 3575 3574
3 3917 4159 3888
3 4160 4161 3500
3 3409 3403 3396
3 2877 2948 3274
3 3771 4103 4102
3 3145 3150 3143
3 3118 3860 3850
3 4065 4092 4068
3 4060 3395 4045
3 3538 4121 3535
3 3399 3393 3391
3 3944 3936 3924
3 2789 3959 3952
3 4162 4066 4067
3 3231 3882 3349
3 3269 3225 3220
3 3739 3206 3722
3 3112 3935 3908
3 3246 3317 3247
3 3275 3260 3760
3 2865 2868 4138
3 3547 3368 3540
3 2882 4148 4151
3 4010 3992 3941
3 3561 3563 3552
3 4006 4002 4042
3 3481 3483 3473
3 3124 3088 3087
3 4108 4089 4090
3 3179 3178 3175
3 2593 2788 2874
3 3556 3536 3537
3 4163 4164 3477
3 4006 4042 3989
3 4023 4022 4016
3 2710 2698 3744
3 3938 3108 3939
3 3743 3751 3713
3 3903 3637 3892
3 3305 3289 3288
3 3550 3549 3361
3 3115 3915 3113
3 3822 3086 3818
3 3909 3182 3181
3 3275 3761 3214
3 3598 3562 3597
3 3983 3946 3992
3 3842 3848 3839
3 3515 3511 3506
3 3724 3699 3723
3 4065 4165 4092
3 2641 2637 3443
3 2826 2835 4105
3 3300 3330 3302
3 2783 2782 2897
3 3851 3832 3841
3 4009 3993 4010
3 3327 4079 3328
3 3761 3734 3733
3 2707 2706 2888
3 4041 3989 4042
3 4078 3508 3509
3 3978 3984 3096
3 3849 3836 3846
3 3366 3417 3412
3 3919 3918 4166
3 3931 3949 2785
3 3400 3388 3393
3 3476 3465 3464
3 3953 3962 3940
3 3527 3362 3515
3 4070 4104 4086
3 2862 4152 4148
3 3409 3408 3403
3 3963 3955 3956
3 3349 3853 3276
3 3549 3538 3361
3 3531 3521 3525
3 3201 3205 3200
3 3315 3305 4056
3 3294 4138 3295
3 3912 3900 3899
3 3577 3629 3596
3 3318 3249 3317
3 3906 3894 3918
3 3790 3781 3756
3 4115 3314 3316
3 3887 3888 3867
3 3603 3551 3550
3 3636 3897 3637
3 3276 3853 3852
3 3948 3345 2949
3 3088 3120 3830
3 4121 3528 3535
3 3613 3622 3600
3 3814 3805 3813
3 3942 3919 3955
3 4092 4167 4160
3 3721 3695 3644
3 3407 3398 3404
3 3939 3953 3940
3 3564 3603 3550
3 3542 3533 3370
3 3357 3351 3339
3 3498 4163 3478
3 3643 3721 3644
3 3633 4102 3551
3 3946 3916 3992
3 3733 3709 3729
3 3149 3148 3150
3 4148 4152 4145
3 3315 3314 3306
3 3882 3872 3853
3 3314 4117 3313
3 3666 3680 3621
3 3171 3172 3169
3 4090 4088 4094
3 3220 3225 3221
3 3218 3348 3257
3 3773 3759 2719
3 3264 3263 3266
3 3835 3829 3834
3 3930 3177 3179
3 3215 3761 3752
3 3347 3267 3262
3 2777 2798 3948
3 3317 3304 4071
3 3696 3685 3620
3 3414 3422 3415
3 3753 3725 3717
3 3238 4070 3284
3 3118 3893 3860
3 3894 3868 3875
3 3100 3990 3970
3 3898 3889 3876
3 2793 3151 2610
3 2856 2887 4140
3 3986 4168 4019
3 2852 2851 3911
3 3714 3684 3683
3 3532 3518 3537
3 3389 2623 2625
3 3134 3127 3806
3 3797 3778 3793
3 3467 2914 2646
3 4097 4113 4112
3 3201 3200 3202
3 3730 3686 3700
3 3658 2903 3642
3 3422 2905 3415
3 3614 3642 3595
3 3238 4104 4070
3 4001 4040 4002
3 3544 3539 3534
3 4062 4059 4044
3 3633 3551 3603
3 3569 3581 2873
3 4069 4077 4075
3 3642 2903 3595
3 4170 4169 4156
3 3178 3090 3175
3 3635 3941 3636
3 4011 4010 3954
3 3240 3242 4036
3 4171 3961 3953
3 3970 4171 3108
3 3245 3322 3312
3 3718 3674 3686
3 3508 4160 3500
3 3936 3957 3091
3 3971 4027 3991
3 3262 3267 3782
3 4091 4092 4160
3 3709 3670 3729
3 3449 2641 3438
3 3685 3641 3652
3 3360 3362 3527
3 3861 3863 3121
3 3841 3832 3838
3 3385 3383 3371
3 3383 3377 3371
3 4172 3771 4102
3 3698 2689 4173
3 3558 3572 3559
3 3964 3963 4174
3 2905 2632 2631
3 2806 2815 3359
3 2972 445 2287
3 3872 3873 3865
3 3747 4175 3724
3 3608 3639 3609
3 3986 4019 3147
3 3502 3499 3491
3 4075 4077 3528
3 3742 3713 4176
3 3290 3994 3969
3 2887 2859 4146
3 3770 4097 4177
3 3550 3361 3539
3 3973 3961 4171
3 3879 3123 3124
3 3342 3240 3457
3 3314 4127 4117
3 2657 3558 2661
3 3460 3463 3459
3 3722 3210 2996
3 3779 3813 3769
3 3492 3479 3474
3 3522 3513 3505
3 4089 4083 4082
3 4173 4158 4178
3 3482 3467 3466
3 3506 3497 3501
3 2886 3171 3170
3 4175 3735 3724
3 3680 3631 3621
3 3239 3350 3351
3 3581 4306 3582
3 3341 3308 3340
3 3441 3438 3433
3 3769 3790 3732
3 3123 3118 3850
3 3535 3528 3514
3 4162 4179 4066
3 2806 3359 3974
3 3873 3884 3186
3 4166 3918 4159
3 3673 3653 3628
3 2642 3823 3136
3 3927 3107 3937
3 3808 3825 3792
3 3556 3537 3541
3 3106 3101 3102
3 3634 4172 4102
3 3729 3708 3736
3 4180 2286 4064
3 3128 3086 3822
3 3776 3786 3764
3 3345 3279 3278
3 3810 3813 3800
3 3205 3204 3200
3 3464 3456 3455
3 3813 3791 3769
3 3751 3732 3727
3 3108 4171 3953
3 4113 4162 4067
3 3512 3503 3497
3 3977 3976 3968
3 3660 3613 3687
3 3297 3253 4106
3 2944 2598 2945
3 3822 3818 3823
3 3211 3213 3773
3 3370 3526 3531
3 4176 3713 3704
3 3175 3090 3089
3 4105 4122 3309
3 3652 3614 3604
3 3970 3990 3973
3 3842 3839 3833
3 3863 4153 3121
3 2729 2755 2730
3 3824 3832 3810
3 4105 4130 4122
3 3860 3893 3867
3 3146 3960 2794
3 3774 3754 3130
3 3343 4181 3353
3 3799 3758 3778
3 3309 4122 3311
3 3386 2901 3378
3 3528 4078 3509
3 3191 3849 3846
3 3495 3496 3483
3 3750 3716 3703
3 3172 3176 3169
3 3736 3707 2694
3 2876 3948 2949
3 3098 3101 3106
3 4043 4009 4011
3 4182 2285 4167
3 3959 3162 3958
3 4035 4009 4043
3 3414 3415 3405
3 3619 3593 3588
3 3350 3284 3343
3 3263 3821 3801
3 3152 3156 3820
3 3343 3342 4181
3 3075 2999 2894
3 4054 4027 4007
3 4159 3894 3862
3 3928 4166 3917
3 3323 3250 3325
3 4144 3325 4143
3 3902 3116 3885
3 4079 4093 4087
3 4030 3982 4008
3 3110 3908 3116
3 3931 3930 3949
3 3609 3610 3576
3 4184 3745 4183
3 3694 3706 3667
3 2859 2882 4151
3 3710 3748 3766
3 2689 3668 4173
3 3793 3775 3762
3 4185 2276 4179
3 2780 3115 2925
3 3526 3510 3519
3 4156 4155 3706
3 3167 3094 3163
3 3813 3805 3791
3 3310 3315 4056
3 3365 3442 3432
3 3701 3678 3718
3 2831 2883 3363
3 2879 2827 3238
3 4312 2884 3607
3 4103 3770 4177
3 3572 3560 3554
3 3886 3867 3893
3 3760 3734 3761
3 3313 4098 3243
3 3764 3783 4175
3 3447 3440 3437
3 3819 3999 3980
3 3269 3280 3227
3 4096 4162 4113
3 3746 3724 3695
3 4024 4186 4022
3 4157 3083 3084
3 4169 4154 4156
3 2707 3206 3208
3 3259 3721 3720
3 3980 4168 3986
3 3354 3332 3355
3 2743 3856 3125
3 3577 3596 3562
3 3731 4176 3704
3 4150 2865 3294
3 3365 3432 3366
3 4115 4125 3314
3 3616 3605 3579
3 3428 3419 3420
3 2846 2850 4135
3 3718 3678 3674
3 4091 4160 4129
3 3497 3503 3485
3 4186 4049 4022
3 3167 3163 3161
3 3537 3518 3530
3 3609 4309 3608
3 4012 3967 3964
3 3469 3462 3461
3 3199 3195 3194
3 3553 3552 3599
3 3705 4156 3706
3 4157 3084 4158
3 2884 2677 3607
3 4092 4182 4167
3 3091 3093 3089
3 3245 3248 3322
3 4031 4012 4021
3 3958 3160 3965
3 3357 3339 3335
3 3647 3664 3638
3 4043 4011 3982
3 3257 3347 3256
3 4048 3238 3284
3 4187 4169 4170
3 4004 4002 4006
3 3489 3488 3480
3 2821 4048 3237
3 2053 2271 52
3 3997 3998 4013
3 4167 4188 4161
3 4174 3963 3956
3 3300 3326 3330
3 3790 3756 3732
3 4119 4110 4107
3 4029 4015 4014
3 3751 3727 3693
3 3159 4013 4024
3 3577 3626 3629
3 3185 3183 3187
3 3481 3473 3472
3 3912 3898 3920
3 2677 3647 3624
3 3110 3112 3908
3 4128 3301 3323
3 3152 3820 3149
3 2610 3145 2800
3 3854 3826 4153
3 3741 3716 3750
3 4170 4156 3705
3 3756 4187 3728
3 3401 2630 2628
3 3327 3297 4099
3 3970 3973 4171
3 3169 3176 3166
3 3756 3781 4187
3 3458 3454 3449
3 3536 3540 3532
3 3728 4187 4170
3 2611 2793 2612
3 3908 3935 3934
3 3763 2710 3744
3 3781 3755 4189
3 2821 2880 4048
3 3514 3509 3504
3 3989 4007 3972
3 4139 3296 3295
3 4031 2813 4012
3 3324 3250 3318
3 3792 3797 3793
3 4033 3995 3994
3 3102 3970 3108
3 4165 4182 4092
3 2763 3119 3855
3 3235 3334 3233
3 3456 3460 3452
3 2877 2876 2948
3 3442 3431 3432
3 4179 2276 4180
3 3130 3754 3139
3 4039 4052 4041
3 3478 4163 3477
3 3934 3637 3903
3 3139 3700 3137
3 3431 3427 3426
3 3099 3147 3987
3 2775 3900 3922
3 4072 4034 4025
3 3710 3766 3132
3 3532 3524 3518
3 2754 2877 3274
3 3777 3131 3130
3 3377 3375 4190
3 4004 4018 4002
3 3257 3348 3347
3 4144 4137 3325
3 3593 3626 3577
3 3635 3637 3934
3 3663 3664 3669
3 4030 4043 3982
3 3182 3923 3181
3 3850 3120 3088
3 3696 3695 3723
3 3895 3901 3884
3 3432 3426 3425
3 3371 3377 4190
3 3218 3270 3348
3 4191 3576 3587
3 3570 4191 3584
3 3650 3620 3598
3 4191 3587 3584
3 3918 3894 4159
3 3096 3996 3165
3 3283 3883 3882
3 3540 3531 3532
3 3133 3126 3134
3 3399 3391 3390
3 3455 3447 3451
3 3353 4181 3975
3 3466 3467 3454
3 3473 3482 3466
3 4010 3941 3954
3 3825 3797 3792
3 3465 3463 3460
3 4181 3342 3975
3 4073 4088 4054
3 3543 3529 3533
3 3333 3977 3968
3 3304 3303 4058
3 3183 3186 3184
3 3515 3362 3511
3 2780 2779 3115
3 3186 3884 3184
3 2861 2865 4150
3 4011 3954 3982
3 4059 4045 4035
3 3545 3533 3542
3 871 72 2283
3 3693 3661 3632
3 3999 3155 3980
3 4052 4073 4053
3 3353 3975 3354
3 3623 3580 3622
3 3809 3800 3797
3 4129 4160 3508
3 3927 3937 3914
3 3487 3485 3476
3 3265 3224 3270
3 3324 3318 3319
3 4078 4091 4129
3 4100 4108 4094
3 3703 3689 3679
3 4087 4052 4039
3 3471 3463 3465
3 4153 3831 3121
3 4133 4134 4124
3 3391 3388 3382
3 2949 3345 3278
3 3963 3943 3942
3 4029 4014 4026
3 3142 3796 3777
3 3980 3155 4168
3 3283 3234 3895
3 4188 2058 2277
3 2917 3773 2719
3 4102 3565 3551
3 3951 3162 3959
3 4040 4042 4002
3 3249 3302 3304
3 3469 3461 3470
3 3748 3749 3738
3 3679 3666 3660
3 3669 3664 3647
3 4141 4146 4142
3 2666 3592 2663
3 3342 3457 3977
3 2792 2785 2886
3 3649 3620 3650
3 2679 2899 2680
3 3270 3264 3348
3 2875 3952 3156
3 2753 2877 2754
3 3592 3586 3566
3 3096 3984 3996
3 3367 3366 3430
3 3231 3283 3882
3 3799 3779 3758
3 3447 3437 3451
3 3229 3185 3188
3 3846 3865 3874
3 4026 4025 4017
3 3768 3758 3741
3 3213 3752 3773
3 3667 3706 3634
3 4061 4080 4046
3 3346 3337 3344
3 3846 3845 3865
3 2948 2949 3278
3 3770 4095 4097
3 3775 3767 3762
3 3391 3382 3376
3 3563 3577 3562
3 3097 4005 3100
3 3219 3821 3263
3 2886 3170 3168
3 3395 4032 4045
3 3833 3834 3812
3 3416 3414 3413
3 4034 4046 4000
3 4117 4098 3313
3 4023 4016 4015
3 3526 3521 3531
3 3800 3813 3779
3 2899 2669 2671
3 3661 3602 3618
3 3638 3610 3609
3 3260 3715 4192
3 3406 2631 2630
3 3954 3941 3635
3 3260 3720 3715
3 4012 4174 3983
3 3344 3866 3231
3 3856 3857 3125
3 3500 4193 3498
3 3717 3718 3754
3 4058 4038 4016
3 3785 3780 3763
3 3137 3700 2683
3 3486 3471 3476
3 3301 3251 3250
3 3516 3523 3517
3 2755 2754 3271
3 3895 3233 3901
3 4032 4020 4045
3 4020 3993 4009
3 4050 4057 4022
3 4136 4141 4123
3 3686 3674 3654
3 3789 3785 3781
3 4134 4135 4131
3 3674 3655 3646
3 3962 3982 3940
3 3487 3476 3488
3 2697 2687 3745
3 2917 2719 2718
3 4074 4185 4096
3 3803 3817 3133
3 2838 2837 4111
3 3521 3520 3525
3 2923 2786 2792
3 3208 3206 3205
3 3539 3361 3360
3 4126 4116 4117
3 2679 3654 2899
3 4153 3826 3831
3 3899 3889 3898
3 3168 3167 3979
3 3719 4192 3692
3 4044 4043 4030
3 4088 4063 4047
3 3439 2636 3433
3 3956 3928 3946
3 3926 3104 3103
3 4143 3324 4123
3 3136 3803 3141
3 3810 3833 3812
3 3255 3271 3224
3 4192 3715 3673
3 3837 3828 3827
3 3283 3895 3883
3 3147 4003 3987
3 3708 3663 3691
3 4047 4044 4030
3 3896 3909 3925
3 3902 3110 3116
3 3176 3985 3095
3 3846 3874 3229
3 3123 3850 3088
3 4012 3964 4174
3 3566 3560 3572
3 2861 4150 4152
3 4004 4006 4005
3 3815 3788 3804
3 2838 4111 4120
3 4076 4075 4121
3 3252 4119 3253
3 4194 4178 3772
3 3680 3675 3631
3 4155 3772 4172
3 3692 3673 3672
3 3575 3543 3545
3 4149 3293 4118
3 3602 3634 3603
3 3503 3490 3485
3 4134 4131 4124
3 4178 4158 4095
3 4021 3983 4020
3 3948 3352 3345
3 3234 3233 3895
3 3719 3260 4192
3 3098 3097 3100
3 2677 3662 3647
3 3519 3510 3507
3 4097 4096 4113
3 3177 3180 3178
3 3605 3547 3546
3 3691 3669 3662
3 3683 3657 3670
3 2802 3974 2798
3 3389 2625 3386
3 3221 3193 3195
3 3915 3902 3113
3 3911 4132 3252
3 3538 4076 4121
3 2744 2745 2746
3 3602 3564 3557
3 3792 3793 3762
3 3921 3906 3919
3 3738 3702 3712
3 3461 3455 3451
3 2609 2793 2610
3 2794 3960 2795
3 3740 3703 3702
3 4094 4088 4073
3 3758 4176 3731
3 3734 3714 3709
3 3396 3392 3387
3 3364 3395 4060
3 3530 2650 2652
3 3974 3358 2798
3 3552 3562 3599
3 3419 3412 3410
3 3667 3634 3602
3 4096 4185 4162
3 2285 4188 4167
3 3746 3695 3721
3 3292 3291 3285
3 3839 3829 3835
3 3809 3797 3825
3 4133 4124 4130
3 3967 3947 3943
3 3832 3824 3838
3 3352 3346 3345
3 3857 3879 3124
3 3366 3432 3425
3 4179 4180 4066
3 3428 3366 3419
3 3417 3411 3412
3 2722 2710 3780
3 4312 3607 4313
3 3413 3405 3407
3 3594 3589 3578
3 3101 3100 3970
3 3405 3401 3400
3 3991 4008 3962
3 3200 3787 3198
3 3955 3919 4166
3 4069 4068 4077
3 3480 3488 3462
3 3951 3979 3162
3 3163 3165 4013
3 4013 4186 4024
3 4116 3319 3244
3 3302 3331 3303
3 3968 3976 3334
3 3570 3576 4191
3 4103 4076 3565
3 3915 3110 3902
3 4111 2829 4085
3 3817 3126 3133
3 3549 4076 3538
3 3488 3476 3464
3 3155 4026 4168
3 22 2251 17
3 3801 3784 3783
3 3454 2646 2643
3 2713 3207 3201
3 2277 2278 4193
3 4080 4039 4046
3 3358 3357 3352
3 3303 4072 4038
3 4166 4159 3917
3 4185 4179 4162
3 3483 3482 3473
3 2619 3265 3218
3 3702 3679 3688
3 3206 3739 3204
3 3546 3536 3556
3 3441 3433 3431
3 2665 2873 2666
3 3610 3588 3587
3 3859 4120 4110
3 3993 3992 4010
3 3696 3620 3649
3 4082 4062 4063
3 3949 3172 3173
3 4098 4116 3244
3 4145 4149 4128
3 4172 3772 3771
3 3979 3161 3162
3 3195 3199 3198
3 3664 3656 3638
3 3362 3435 3511
3 3955 4166 3928
3 4168 4026 4019
3 3193 3836 3849
3 3754 3718 3730
3 3362 3361 3435
3 3181 3090 3178
3 3366 3425 3417
3 3866 3283 3231
3 3192 3846 3229
3 3617 3573 3612
3 3368 3370 3531
3 3439 2637 2636
3 3265 3270 3218
3 2795 3109 2600
3 2867 2868 2866
3 4074 2275 4185
3 4154 4194 4155
3 4130 4124 4122
3 3547 3540 3536
3 3253 4109 4106
3 3500 4161 4193
3 3670 3663 3708
3 3880 3869 3868
3 3876 3870 3880
3 3767 3750 3749
3 3869 3840 3854
3 3403 3404 3402
3 3985 3092 3095
3 3089 3092 3985
3 4160 4167 4161
3 4090 4082 4088
3 3400 3394 3388
3 3634 4102 3633
3 3448 3445 3440
3 3486 3481 3471
3 3816 3804 3805
3 2724 3794 2907
3 3963 3942 3955
3 2716 3140 2711
3 4085 4060 4084
3 2657 2664 3558
3 3888 4159 3862
3 2762 3114 2763
3 4106 4100 4093
3 3194 3849 3197
3 3745 2687 3698
3 3937 3108 3938
3 4313 3607 4314
3 4063 4044 4047
3 3182 3904 3923
3 3408 3404 3403
3 3852 3845 3836
3 2981 2978 2706
3 2803 2797 3929
3 2829 3364 4085
3 4161 4188 2277
3 4151 4148 4147
3 3856 3879 3857
3 3415 3406 3405
3 3568 3369 3547
3 3641 3658 3642
3 3336 3354 3355
3 4174 3956 3983
3 3847 3841 3837
3 3672 3628 3627
3 4095 4074 4096
3 3838 3824 3828
3 4184 4194 4154
3 3560 3552 3554
3 3894 3875 3862
3 3307 3312 4033
3 2995 3209 3658
3 2889 2617 2895
3 2909 3125 3129
3 3501 3489 3484
3 3423 3422 3414
3 4189 3745 4184
3 4136 4123 4126
3 4169 4184 4154
3 3204 3784 3787
3 3305 3307 3289
3 3431 3433 3427
3 3429 3428 3420
3 3791 3790 3769
3 3157 3155 3999
3 4013 4049 4186
3 2669 2655 2670
3 3322 3321 4037
3 3559 2674 2661
3 2636 2635 2634
3 2803 3929 3947
3 3437 3434 3450
3 3719 3714 3734
3 2973 2287 2275
3 4122 4124 4114
3 2777 3948 2876
3 3707 3690 2694
3 3794 3199 2907
3 4155 4194 3772
3 2720 3070 2721
3 4183 4173 4194
3 3480 3462 3475
3 3663 3669 3691
3 4128 4149 4118
3 4072 4051 4034
3 3820 3147 3148
3 3777 3130 3139
3 4070 4086 3341
3 4152 4149 4145
3 4088 4047 4054
3 3870 3841 3847
3 3194 3193 3849
3 4183 3698 4173
3 4053 4007 3989
3 3382 3386 3378
3 3591 3594 3561
3 3371 4190 3372
3 3806 3710 3135
3 3452 3444 3445
3 4125 4127 3314
3 4192 3673 3692
3 3021 3930 3931
3 4143 3325 3324
3 3851 3848 3842
3 3557 3544 3543
3 3427 3423 3421
3 2872 3146 2794
3 3755 3745 4189
3 3145 3143 3960
3 3506 3511 3497
3 3690 3662 2678
3 3094 3096 3165
3 4194 4173 4178
3 3783 3739 4175
3 3212 3215 3213
3 3165 3997 4013
3 3147 4019 4003
3 2737 2727 3815
3 4152 4150 4149
3 3900 3890 3899
3 3700 3686 3677
3 4175 3739 3735
3 2900 2701 2902
3 3713 3751 3693
3 4161 2277 4193
3 4086 3309 3308
3 3290 3969 3291
3 3777 3139 3138
3 3706 4155 4172
3 3687 3613 3617
3 3627 3626 3625
3 3992 3916 3941
3 3598 3597 3650
3 4019 4017 4018
3 4111 4085 4101
3 3280 3276 3227
3 3760 3260 3719
3 3758 3779 3742
3 3221 3195 3802
3 3100 4005 3990
3 3561 3578 3563
3 3427 3424 3423
3 3952 3958 3965
3 2275 2276 4185
3 3706 4172 3634
3 3391 3376 3381
3 3632 3601 3606
3 4053 4054 4007
3 3139 3730 3700
3 4139 3254 3296
3 4037 4049 3998
3 2901 2620 3380
3 3765 3138 2709
3 3484 3489 3480
3 4193 2278 4164
3 2812 3947 3967
3 3823 3803 3136
3 3240 4036 3457
3 3378 2901 3380
3 3406 2630 3401
3 4065 4064 4165
3 3169 3166 3167
3 3585 3591 3571
3 4177 4112 4076
3 3456 3452 3448
3 3668 3083 4157
3 2602 3057 2843
3 3622 3580 3600
3 3933 3635 3934
3 3638 3648 3610
3 3519 3507 3520
3 4066 4180 4064
3 4187 3781 4169
3 3728 4170 3705
3 3802 3787 3784
3 3665 3687 3617
3 4003 4018 4004
3 4071 4057 4050
3 2840 2847 4133
3 3415 2631 3406
3 4034 4017 4025
3 4126 4123 4116
3 3684 3640 3657
3 3276 3852 3844
3 3259 3746 3721
3 3498 4193 4163
3 2875 3156 2611
3 4041 4053 3989
3 3981 3988 3972
3 3295 3299 3329
3 3908 3934 3903
3 3375 3374 4195
3 3906 3880 3894
3 2834 2841 2835
3 3778 3768 3775
3 4114 3316 3311
3 3148 3099 3966
3 3745 3698 4183
3 2793 3152 3151
3 3802 3195 3198
3 3758 3742 4176
3 3727 3694 3693
3 3485 3490 3486
3 4109 4108 4100
3 3279 3230 3281
3 3594 3578 3561
3 3411 3413 3407
3 4087 4039 4080
3 3567 3572 3554
3 4315 3607 4307
3 2996 2995 3685
3 3681 3704 3675
3 3271 3222 3224
3 3821 3802 3801
3 3445 3444 3442
3 3478 2914 3467
3 3488 3464 3462
3 3877 2757 3864
3 3864 3851 3871
3 3750 3703 3740
3 3433 3424 3427
3 3207 3208 3201
3 4158 4074 4095
3 3921 3898 3906
3 2745 3229 3188
3 4178 4095 3770
3 3337 3355 3866
3 3184 3901 3904
3 3764 4175 3747
3 4038 4072 4014
3 2764 3877 3881
3 2769 2764 3881
3 3477 4164 2871
3 3932 3959 2789
3 4140 2887 4141
3 3907 3896 3925
3 2827 4104 3238
3 4140 4141 4136
3 3398 3400 3393
3 2708 3137 2693
3 3318 3250 3249
3 4013 3998 4049
3 4112 4067 4069
3 2597 3044 3046
3 3005 3000 3079
3 3048 2597 3046
3 2960 2667 2957
3 3068 3056 3055
3 434 2597 3048
3 894 3039 3043
3 433 894 3043
3 2063 3036 3037
3 2279 2280 3009
3 72 2279 2284
3 3164 4013 3159
3 3584 3587 3590
3 3069 2920 2756
3 2925 3115 3114
3 2065 2064 3062
3 2818 2821 2815
3 893 2063 3037
3 3008 428 2596
3 2280 428 3008
3 2066 2885 735
3 3073 435 2947
3 2760 2906 2773
3 426 2067 2595
3 3976 3945 3944
3 449 2268 430
3 3565 4076 3549
3 3026 2613 3081
3 3282 3235 3234
3 3176 3095 3166
3 4193 4164 4163
3 4189 4184 4169
3 2923 2781 2922
3 4076 4112 4069
3 2069 2068 3030
3 2714 2713 3203
3 2071 2070 3061
3 2073 2072 3066
3 3233 3924 3904
3 433 3043 2597
3 2074 3003 2075
3 4057 4016 4022
3 4177 4097 4112
3 2945 2598 2943
3 3227 3276 3844
3 3334 3924 3233
3 4103 4177 4076
3 2264 2265 2741
3 4173 3668 4158
3 4158 3084 4074
3 4184 4183 4194
3 3772 4178 3770
3 3597 3630 3711
3 2742 3855 2743
3 2068 3018 3030
3 3861 3121 3850
3 3781 4189 4169
3 3332 3235 3282
3 3291 3093 3285
3 3372 4196 4197
3 4198 3372 4197
3 3375 4195 4199
3 4199 4195 4200
3 3380 2620 4201
3 2620 2932 4201
3 3379 3380 4202
3 3374 3379 4203
3 3374 4203 4195
3 3373 3372 4198
3 4190 3375 4204
3 4204 3375 4199
3 3372 4190 4196
3 4196 4190 4205
3 2934 2933 4206
3 2932 2934 4207
3 4190 4204 4205
3 4195 4203 4200
3 3380 4201 4202
3 2932 4207 4201
3 3379 4202 4203
3 2934 4206 4208
3 2934 4208 4207
3 3525 3520 3516
3 3507 3493 3520
3 3493 3492 4209
3 3492 3474 4209
3 3461 3451 4210
3 3451 3450 4210
3 4210 3429 2334
3 3429 3420 2334
3 2334 3420 2331
3 3420 3418 2331
3 2331 3418 2328
3 3450 3434 3429
3 3450 3429 4210
3 3418 3410 3409
3 3418 3409 2328
3 3409 3396 2328
3 2328 3396 2326
3 3396 3387 2326
3 2326 3387 2319
3 2319 3387 3385
3 2319 3373 2300
3 2300 4198 2295
3 2300 3373 4198
3 3385 3371 3373
3 2319 3385 3373
3 2311 4211 2309
3 2311 2293 4211
3 2351 2408 2353
3 2351 2354 2408
3 4212 2561 2483
3 4212 2263 2561
3 2345 2400 2403
3 2350 2345 2414
3 2414 2345 2403
3 2382 2383 2443
3 2374 2433 2372
3 2504 2580 2429
3 2444 2440 2442
3 2440 2441 2442
3 2414 2403 2566
3 2566 2403 2487
3 2429 2580 2433
3 2443 2383 2448
3 2371 4210 2336
3 2336 2337 2338
3 4210 2334 2336
3 4209 2579 2342
3 3523 4213 4214
3 4213 2342 4214
3 4213 4209 2342
3 4214 2342 2290
3 4215 4209 4213
3 4216 4215 4213
3 3520 4215 4216
3 4216 4213 3523
3 3523 4214 2648
3 2288 450 80
3 3516 4216 3523
3 3520 4216 3516
3 2918 2288 2289
3 3520 3493 4215
3 3493 4209 4215
3 4209 3474 2579
3 3474 2340 2579
3 2340 2371 2338
3 3474 3470 2340
3 3470 2371 2340
3 2290 2341 2503
3 2291 2290 2503
3 2579 2339 2343
3 2648 4214 2918
3 4214 2290 2288
3 2918 4214 2288
3 4217 2244 2553
3 2552 4217 2553
3 2472 4218 2552
3 2472 2563 4218
3 2248 2249 4219
3 4221 2483 4220
3 4222 2292 2263
3 4202 4220 4223
3 4198 4197 4224
3 4226 2309 4225
3 4227 4228 2354
3 4221 4229 2483
3 4226 4230 2309
3 4231 4200 4227
3 4228 4232 2354
3 4232 4202 4223
3 4230 4233 2309
3 4204 4234 4233
3 4224 4197 4235
3 4197 4225 4235
3 4229 4207 4236
3 4207 4222 4236
3 4219 2249 4237
3 4218 4219 4237
3 4218 4237 2552
3 2563 4219 4218
3 4237 2249 2243
3 4237 2243 4217
3 4217 2243 2244
3 2552 4237 4217
3 4222 2263 4212
3 4236 4222 4212
3 4236 4212 4229
3 4229 4212 2483
3 4225 2309 4211
3 4235 4225 4211
3 4224 4235 4211
3 4224 4211 2293
3 4234 2352 4233
3 4233 2352 2309
3 4205 4233 4230
3 4205 4204 4233
3 4223 2404 2354
3 4232 4223 2354
3 4203 4232 4228
3 4203 4202 4232
3 4227 2354 2352
3 4231 4227 2352
3 4199 4200 4231
3 4196 4230 4226
3 4196 4205 4230
3 4201 4229 4221
3 4201 4207 4229
3 4200 4228 4227
3 4200 4203 4228
3 4197 4226 4225
3 4197 4196 4226
3 4220 2483 2404
3 4223 4220 2404
3 2263 2118 40
3 4206 2292 4208
3 4207 4208 4222
3 4208 2292 4222
3 4202 4221 4220
3 4202 4201 4221
3 2371 3461 4210
3 3470 3461 2371
3 2295 4198 4224
3 2295 4224 2293
3 2562 4238 4239
3 4238 2248 4239
3 4238 2252 2248
3 4239 2248 4240
3 2562 4239 4240
3 2563 2562 4240
3 2262 2252 4238
3 2562 2262 4238
3 2563 4240 4219
3 4240 2248 4219
3 2253 2251 22
3 2551 2464 2246
3 2548 2551 351
3 2584 2122 2123
3 2585 2584 2123
3 2527 2585 2123
3 2535 2527 2123
3 2550 2551 2548
3 2551 2123 351
3 2551 2246 2123
3 2246 2535 2123
3 3070 427 2595
3 2596 427 3082
3 3082 427 3070
3 2595 2067 941
3 2983 941 2124
3 2068 871 3018
3 2063 2125 3036
3 2126 2581 2240
3 304 2239 2582
3 2242 305 2582
3 2127 2584 2583
3 2503 2261 410
3 2538 330 2241
3 2946 435 2944
3 2129 2954 2128
3 2130 2965 928
3 2131 2984 2132
3 2133 3085 2998
3 2134 2992 2135
3 3002 2136 2137
3 2071 3061 2138
3 419 2593 2139
3 418 2140 2593
3 2142 2981 2141
3 2144 2143 2272
3 2133 2998 2145
3 2147 2146 3035
3 2072 3067 3066
3 2148 3057 2602
3 2150 2149 2936
3 2152 2151 2964
3 2153 3069 3012
3 2154 2128 2953
3 2961 2154 2953
3 2155 2959 2156
3 2158 2956 2157
3 2963 2154 2961
3 4316 2964 4317
3 2977 2594 423
3 2980 2159 2160
3 2983 2124 2979
3 2286 2285 4182
3 2991 2066 2136
3 2161 3075 2134
3 2163 3005 2162
3 3006 3003 2074
3 2273 3006 2074
3 431 2268 3023
3 943 2604 3074
3 2164 3034 3020
3 2165 2164 3020
3 2164 2166 3034
3 944 3074 2167
3 2168 3081 2169
3 2169 3081 2271
3 2170 3077 2604
3 448 2603 2805
3 2172 2171 3038
3 2173 3068 3051
3 918 2174 3071
3 3061 2070 3060
3 2175 2928 3067
3 2070 2065 3060
3 2176 3066 3064
3 2177 2270 2146
3 2178 3056 3068
3 451 3038 2603
3 2179 937 2269
3 2180 2264 3076
3 2181 2165 3019
3 2182 2805 2804
3 2183 2173 3051
3 2184 3085 2133
3 2166 2182 2804
3 443 2602 2928
3 2185 434 3048
3 2158 2957 2956
3 2186 3054 3057
3 2187 2752 3007
3 2189 3076 2188
3 2191 2190 2924
3 2193 3012 2192
3 2159 2969 2194
3 2186 3053 3054
3 2192 2274 2195
3 2196 2960 2957
3 2197 3004 3005
3 2198 2959 2960
3 2199 2185 3049
3 2200 2157 2954
3 2181 3019 3015
3 2201 2202 2933
3 2966 2965 2130
3 2204 3035 2203
3 2205 2194 2969
3 2984 2980 2160
3 2206 2162 3075
3 3003 3002 2075
3 2992 2207 2135
3 2208 2209 2963
3 2185 3048 3049
3 2930 2187 3007
3 2203 3077 2170
3 2991 2885 2066
3 2210 3024 2211
3 2181 3015 2212
3 2213 2922 2210
3 2594 2130 424
3 2214 3023 2922
3 2979 445 2975
3 2215 2199 3053
3 2933 2202 85
3 2216 2289 2217
3 2475 2469 2556
3 2218 2581 2126
3 2122 2584 2127
3 4206 85 2292
3 2555 2475 2556
3 402 2572 400
3 2577 405 2219
3 2578 2577 2219
3 406 2578 2219
3 2503 410 297
3 2257 406 2220
3 43 2264 2180
3 2947 435 2946
3 2221 3004 2197
3 2211 3024 2140
3 2142 2222 2981
3 2188 2747 2761
3 2748 2747 2188
3 3076 2748 2188
3 2145 2998 3001
3 2936 2149 2935
3 2965 2653 2952
3 2157 2956 2955
3 2958 4318 4290
3 2958 2913 2155
3 2223 4318 2155
3 2155 2913 2959
3 2963 2209 2154
3 2970 2222 2208
3 2970 2684 2222
3 2976 2969 2159
3 2222 2978 2981
3 2141 2981 2931
3 2184 2931 3085
3 2134 2994 2990
3 2993 2991 2136
3 3085 2723 2998
3 3002 2993 2136
3 914 3080 2844
3 2192 3011 2274
3 2212 3015 2752
3 2224 3017 937
3 2165 3020 3019
3 2210 2922 2921
3 2153 3028 3069
3 3027 3028 2153
3 2139 2593 3026
3 2225 3029 3033
3 2139 3026 2168
3 2167 3027 2153
3 2166 2804 3034
3 2146 2270 3035
3 2226 2225 3033
3 2227 2828 2896
3 2227 3051 2828
3 2186 2215 3053
3 2148 2186 3057
3 2174 3072 3071
3 2073 3066 2176
3 2168 3026 3081
3 4317 2964 4292
3 2227 2896 3078
3 2151 2967 2964
3 2203 3035 2801
3 2141 2931 2184
3 3024 2616 2140
3 2143 2592 2272
3 914 2848 3080
3 2952 2951 2228
3 2229 2227 3078
3 2145 3001 2143
3 4280 4319 2223
3 2225 3030 3029
3 2224 3014 3017
3 2935 2201 2933
3 2988 2702 2131
3 2227 2183 3051
3 2229 3078 3041
3 2990 2992 2134
3 2169 2271 2053
3 2143 3001 2592
3 2140 3025 2593
3 2222 2684 2978
3 2848 3059 2849
3 3056 914 2844
3 2970 2208 2676
3 2138 2858 3072
3 2935 2149 2201
3 2072 2175 3067
3 2140 2616 3025
3 2157 2955 2954
3 2230 3063 3062
3 2702 2984 2131
3 57 2273 2074
3 2951 2950 2228
3 3689 3681 3680
3 3716 3726 3689
3 3726 3681 3689
3 2676 2208 2963
3 442 2148 2602
3 2285 420 4188
3 2190 2188 2761
3 2173 2178 3068
3 2950 2289 2216
3 2530 360 333
3 2162 3005 3079
3 3075 2994 2134
3 2199 3049 3053
3 3038 2171 3040
3 2171 3041 3040
3 2125 2226 3036
3 2226 3033 3036
3 2210 2921 3024
3 2224 2924 3014
3 2162 3079 3075
3 2989 2988 2207
3 2654 2653 2965
3 2128 2954 2953
3 2151 2205 2967
3 2980 2976 2159
3 2984 2160 2132
3 918 3071 3059
3 2205 2969 2967
3 2992 2989 2207
3 2207 2988 2131
3 2203 2801 3077
3 2228 2950 2216
3 3080 2848 2845
3 2174 2138 3072
3 2138 3061 2858
3 2069 3030 2225
3 2229 3041 2171
3 2192 3012 3011
3 3074 3027 2167
3 2190 2761 2924
3 2191 2924 2224
3 2282 2977 67
3 2198 2960 2196
3 431 3023 2214
3 2933 85 4206
3 4234 4231 2352
3 4234 4199 4231
3 4204 4199 4234
3 351 2231 2547
3 2943 2598 2939
3 788 2150 2936
3 2267 46 788
3 2126 2240 2
3 5 306 2242
3 84 2118 2263
3 2248 373 14
3 2250 367 17
3 2252 371 19
3 2256 27 399
3 27 2255 380
3 2217 2289 80
3 30 2257 2220
3 32 2258 407
3 2259 408 34
3 2260 409 36
3 2262 2232 38
3 2262 40 2232
3 2266 793 46
3 2285 73 421
3 2670 2654 2965
3 2292 84 2263
3 2179 2269 49
3 2064 2230 3062
3 2233 52 2270
3 2234 2272 54
3 2193 2153 3012
3 2195 2274 57
3 2538 333 330
3 2276 60 2235
3 2277 2058 63
3 66 452 2280
3 736 2281 67
3 2940 793 2266
3 3073 2236 435
3 3069 2756 3012
3 2885 2281 736
3 2278 63 2237
3 2594 2966 2130
3 2288 2291 450
3 4064 2286 4165
3 344 2541 356
3 2547 2231 356
3 2572 2587 400
3 2944 435 2598
3 4188 420 2058
3 2287 60 2275
3 444 2265 43
3 305 304 2582
3 2221 2187 3004
3 2144 2272 2234
3 2156 2959 2198
3 4281 2152 4320
3 2979 2124 445
3 2238 3075 2161
3 2163 2197 3005
3 943 2170 2604
3 2182 448 2805
3 451 2172 3038
3 2230 2176 3064
3 2233 2270 2177
3 2977 423 67
3 3085 2714 2723
3 2175 443 2928
3 2714 2898 2723
3 2196 2957 2158
3 2180 3076 2189
3 2129 2200 2954
3 2147 3035 2204
3 2238 2206 3075
3 2075 3002 2137
3 2178 914 3056
3 2214 2922 2213
3 929 2952 2228
3 2645 2947 2640
3 2065 3062 3060
3 4165 2286 4182
3 4180 73 2286
3 2276 73 4180
3 2276 2235 73
3 2278 2237 2236
3 2278 2236 4164
3 2644 2947 2645
3 2871 2236 3073
3 4164 2236 2871
3 2598 437 793
3 2598 793 2939
3 2254 21 25
3 2187 2212 2752
3 3004 2187 2930
3 2230 3064 3063
3 511 4242 4243
3 522 521 4244
3 733 522 4246
3 811 764 4250
3 764 514 4243
3 521 817 4251
3 511 1434 4255
3 4253 1434 1446
3 1447 1435 4257
3 1447 4263 4264
3 1435 1441 4260
3 1472 1473 4266
3 4261 1441 1474
3 1446 1447 4265
3 733 4270 4271
3 1474 1472 4268
3 1473 4273 4274
3 811 4249 4277
3 2223 2155 4277
3 4280 2223 4278
3 4276 817 2152
3 2662 2665 4284
3 2673 4287 4286
3 2884 4288 4287
3 2958 4289 4291
3 2913 4291 4284
3 2672 4285 4293
3 4296 3569 2662
3 3581 3569 4294
3 4297 3570 3582
3 4305 4304 3582
3 4300 3576 3570
3 3608 4308 4307
3 4302 4310 3609
3 3581 4303 4306
3 4312 4311 2884
3 3609 4310 4309
3 4315 4314 3607
3 2958 2155 4318
3 2223 4319 4318
3 2152 2964 4316
3 2152 4316 4320
