# vtk DataFile Version 3.0
VolumeMesh
ASCII
DATASET UNSTRUCTURED_GRID

POINTS 3148 float
0.132260 0.019447 0.044605
0.132080 0.019359 0.045740
0.130290 0.019964 0.045683
0.130218 0.019457 0.044427
0.132250 -0.019449 0.044627
0.132073 -0.019337 0.045741
0.130281 -0.019964 0.045706
0.130209 -0.019456 0.044448
0.132165 0.019733 0.048022
0.130183 0.020404 0.047768
0.132166 -0.019716 0.048022
0.130181 -0.020385 0.047773
0.127945 0.019814 0.047951
0.128466 0.019363 0.045893
0.127936 -0.019810 0.047974
0.128457 -0.019360 0.045916
0.132285 0.020168 0.050371
0.130094 0.020434 0.049515
0.132284 -0.020147 0.050365
0.130092 -0.020415 0.049516
0.127671 0.020366 0.049964
0.127671 -0.020347 0.049972
0.126007 0.019477 0.050150
0.126484 0.018958 0.048240
0.126006 -0.019455 0.050158
0.126475 -0.018952 0.048262
0.133811 0.019416 0.050606
0.134249 0.020083 0.053090
0.132533 0.020796 0.052476
0.133812 -0.019395 0.050598
0.134251 -0.020063 0.053082
0.132536 -0.020776 0.052469
0.129972 0.021447 0.052078
0.129973 -0.021429 0.052077
0.127230 0.020920 0.052040
0.127232 -0.020901 0.052044
0.125481 0.019862 0.052170
0.125481 -0.019844 0.052178
0.135447 0.018971 0.053941
0.135654 0.019338 0.055481
0.134420 0.020379 0.055284
0.135450 -0.018950 0.053929
0.135659 -0.019319 0.055466
0.134424 -0.020361 0.055272
0.132889 0.021485 0.054567
0.132892 -0.021466 0.054560
0.129425 0.022177 0.054292
0.129429 -0.022159 0.054294
0.126864 0.021350 0.054255
0.126866 -0.021332 0.054259
0.124978 0.020184 0.054324
0.124982 -0.020163 0.054332
0.135486 0.019545 0.057090
0.134343 0.020520 0.057697
0.135494 -0.019528 0.057076
0.134351 -0.020500 0.057686
0.132866 0.022316 0.057565
0.132873 -0.022295 0.057561
0.129328 0.022862 0.058413
0.129327 -0.022844 0.058423
0.126258 0.021485 0.057564
0.126258 -0.021466 0.057572
0.124473 0.020403 0.056734
0.124471 -0.020385 0.056742
0.141004 0.017033 0.025350
0.141228 0.017543 0.027224
0.139065 0.018005 0.026904
0.139178 0.017164 0.025002
0.140996 -0.017061 0.025370
0.141220 -0.017569 0.027243
0.139052 -0.018207 0.026922
0.139166 -0.017186 0.025017
0.136720 0.017880 0.026738
0.137222 0.016912 0.025273
0.136703 -0.017889 0.026758
0.137211 -0.016929 0.025290
0.134783 0.017135 0.026757
0.135141 0.016300 0.025500
0.134769 -0.017131 0.026777
0.135130 -0.016311 0.025519
0.140819 0.017345 0.029362
0.138874 0.018026 0.029322
0.140810 -0.017367 0.029382
0.138860 -0.018212 0.029336
0.137278 0.018206 0.029153
0.137265 -0.018208 0.029170
0.134332 0.017579 0.029016
0.134320 -0.017563 0.029031
0.140225 0.017066 0.031381
0.138622 0.017925 0.031712
0.140216 -0.017062 0.031391
0.138614 -0.017944 0.031732
0.137151 0.018441 0.031608
0.137140 -0.018434 0.031621
0.133905 0.017963 0.031285
0.133897 -0.017942 0.031297
0.132128 0.016985 0.031364
0.132584 0.016566 0.029105
0.132126 -0.016950 0.031371
0.132578 -0.016538 0.029118
0.139334 0.016680 0.033159
0.138052 0.017510 0.033630
0.139328 -0.016681 0.033165
0.138044 -0.017526 0.033650
0.136713 0.018293 0.034046
0.136705 -0.018308 0.034067
0.133573 0.018426 0.033556
0.133564 -0.018399 0.033561
0.131634 0.017493 0.033673
0.131633 -0.017456 0.033675
0.137064 0.017196 0.035888
0.135869 0.018228 0.036404
0.137056 -0.017209 0.035907
0.135861 -0.018241 0.036425
0.133274 0.018895 0.035878
0.133266 -0.018869 0.035881
0.131084 0.018025 0.035840
0.131083 -0.017990 0.035837
0.129571 0.017002 0.035950
0.129916 0.016464 0.033902
0.129577 -0.016958 0.035944
0.129922 -0.016417 0.033900
0.135974 0.017172 0.037540
0.135150 0.017707 0.038541
0.135965 -0.017184 0.037560
0.135142 -0.017717 0.038560
0.133484 0.019140 0.038609
0.133477 -0.019118 0.038613
0.130684 0.018376 0.038188
0.130684 -0.018347 0.038186
0.129094 0.017330 0.038243
0.129099 -0.017291 0.038234
0.134376 0.017449 0.040683
0.133102 0.018952 0.041180
0.134368 -0.017455 0.040703
0.133093 -0.018958 0.041201
0.130411 0.018674 0.040501
0.130411 -0.018647 0.040497
0.128553 0.017555 0.040507
0.128556 -0.017523 0.040500
0.134532 0.017341 0.043282
0.132744 0.019228 0.043311
0.134527 -0.017321 0.043278
0.132735 -0.019232 0.043333
0.130105 0.019047 0.042808
0.130100 -0.019034 0.042817
0.128107 0.017965 0.042876
0.128876 0.018904 0.044159
0.128871 -0.018891 0.044166
0.128118 -0.017943 0.042869
0.126742 0.016880 0.043080
0.127249 0.016514 0.040704
0.126747 -0.016852 0.043081
0.127262 -0.016480 0.040695
0.134728 0.017180 0.046041
0.133098 0.018281 0.045549
0.134725 -0.017159 0.046034
0.133089 -0.018264 0.045551
0.130282 0.017991 0.045422
0.130273 -0.018166 0.045431
0.127587 0.018338 0.045177
0.127578 -0.018335 0.045199
0.126133 0.017279 0.045582
0.127121 0.018489 0.046132
0.127113 -0.018487 0.046154
0.126204 -0.017285 0.044945
0.134937 0.017422 0.048688
0.133169 0.018784 0.047765
0.133755 0.019235 0.049219
0.133753 -0.019213 0.049211
0.134936 -0.017399 0.048678
0.133167 -0.018763 0.047759
0.130177 0.017980 0.047794
0.130172 -0.018148 0.047800
0.127719 0.017983 0.047642
0.127702 -0.018155 0.047645
0.125433 0.017798 0.047656
0.125424 -0.017791 0.047676
0.136259 0.016323 0.049098
0.136039 0.016914 0.050245
0.135295 0.017948 0.051363
0.136257 -0.016300 0.049085
0.136039 -0.016890 0.050231
0.135296 -0.017925 0.051349
0.132455 0.018002 0.050285
0.132456 -0.018165 0.050278
0.130037 0.017983 0.050115
0.130037 -0.018147 0.050110
0.127617 0.017961 0.049980
0.127617 -0.018127 0.049984
0.124814 0.018543 0.050212
0.124811 -0.018523 0.050222
0.123673 0.017273 0.049872
0.123829 0.016900 0.048623
0.123669 -0.017252 0.049884
0.123822 -0.016893 0.048642
0.136309 0.017475 0.053343
0.135176 0.018639 0.052291
0.136312 -0.017453 0.053328
0.135178 -0.018617 0.052278
0.132269 0.017991 0.052664
0.132272 -0.018155 0.052654
0.129864 0.017976 0.052479
0.129867 -0.018143 0.052473
0.127441 0.017977 0.052271
0.127443 -0.018142 0.052271
0.124430 0.018847 0.051764
0.124429 -0.018830 0.051773
0.123289 0.017503 0.051219
0.123283 -0.017487 0.051240
0.136257 0.017890 0.055476
0.134462 0.018017 0.055256
0.136264 -0.017870 0.055461
0.134467 -0.018183 0.055243
0.132061 0.017994 0.055057
0.132066 -0.018160 0.055049
0.129639 0.017948 0.054842
0.129644 -0.018112 0.054832
0.127231 0.017926 0.054604
0.127236 -0.018092 0.054598
0.123821 0.019124 0.053873
0.123823 -0.019105 0.053884
0.122519 0.017883 0.054067
0.122525 -0.017861 0.054070
0.136534 0.017916 0.057802
0.136543 -0.017899 0.057786
0.134123 0.018173 0.058253
0.134132 -0.018156 0.058241
0.131578 0.019590 0.058412
0.131586 -0.019572 0.058407
0.129366 0.017915 0.057634
0.129375 -0.017895 0.057626
0.126766 0.017778 0.057502
0.126776 -0.017756 0.057503
0.123315 0.019426 0.056267
0.123315 -0.019408 0.056274
0.122084 0.018005 0.056176
0.122083 -0.018171 0.056184
0.120893 0.017029 0.056004
0.121384 0.016812 0.054316
0.120891 -0.017008 0.056011
0.121384 -0.016795 0.054323
0.135461 0.017227 0.059164
0.134168 0.017039 0.059698
0.135469 -0.017212 0.059150
0.134179 -0.017024 0.059686
0.132525 0.017541 0.058632
0.132534 -0.017523 0.058623
0.143140 0.014167 0.023716
0.143625 0.015033 0.025403
0.141802 0.015853 0.024507
0.141490 0.014753 0.023549
0.142649 0.016345 0.026108
0.142642 -0.016373 0.026126
0.143138 -0.014211 0.023716
0.143619 -0.015070 0.025405
0.141794 -0.015881 0.024526
0.141485 -0.014798 0.023546
0.139201 0.015945 0.023824
0.139443 0.014932 0.023250
0.139193 -0.015972 0.023843
0.139436 -0.014962 0.023267
0.136760 0.015788 0.024096
0.137164 0.014931 0.023362
0.136753 -0.015814 0.024114
0.137157 -0.014960 0.023379
0.134608 0.015223 0.024413
0.134912 0.014390 0.023335
0.134601 -0.015248 0.024430
0.134905 -0.014416 0.023351
0.144942 0.014021 0.025743
0.144945 0.014315 0.027595
0.143748 0.015466 0.027384
0.142688 0.016441 0.027261
0.142681 -0.016467 0.027280
0.144940 -0.014057 0.025736
0.144941 -0.014342 0.027587
0.143741 -0.015491 0.027388
0.141481 0.015579 0.027151
0.141470 -0.015785 0.027157
0.139072 0.015594 0.026938
0.139063 -0.015792 0.026944
0.136671 0.015596 0.026718
0.136663 -0.015782 0.026727
0.134266 0.015590 0.026500
0.134259 -0.015770 0.026514
0.132165 0.015211 0.026522
0.132367 0.014459 0.024410
0.132971 0.016145 0.026992
0.133446 0.015690 0.025520
0.132962 -0.016131 0.027010
0.133436 -0.015697 0.025540
0.132159 -0.015197 0.026536
0.132360 -0.014483 0.024427
0.144678 0.014289 0.029315
0.143325 0.015296 0.029833
0.142355 0.016442 0.029046
0.142348 -0.016456 0.029052
0.144675 -0.014309 0.029307
0.143319 -0.015309 0.029830
0.141287 0.015604 0.029562
0.141275 -0.015799 0.029563
0.138872 0.015592 0.029333
0.138865 -0.015781 0.029338
0.136475 0.015601 0.029108
0.136469 -0.015778 0.029114
0.134072 0.015601 0.028884
0.134069 -0.015767 0.028893
0.131665 0.015605 0.028659
0.131664 -0.015758 0.028672
0.130331 0.014421 0.028030
0.130692 0.014307 0.026701
0.131182 0.015736 0.029431
0.131181 -0.015700 0.029440
0.130333 -0.014385 0.028042
0.130696 -0.014278 0.026717
0.142876 0.014915 0.031540
0.141144 0.015674 0.032007
0.141963 0.016285 0.030824
0.141955 -0.016294 0.030831
0.142869 -0.014919 0.031536
0.141135 -0.015673 0.032005
0.138678 0.015596 0.031728
0.138670 -0.015784 0.031732
0.136267 0.015598 0.031496
0.136267 -0.015773 0.031505
0.133868 0.015610 0.031269
0.133872 -0.015766 0.031275
0.131463 0.015616 0.031043
0.131468 -0.015762 0.031047
0.129521 0.015070 0.031057
0.130387 0.015931 0.031468
0.130392 -0.015883 0.031470
0.129533 -0.015015 0.031060
0.141485 0.014828 0.032544
0.140170 0.015461 0.033350
0.141478 -0.014825 0.032538
0.140164 -0.015452 0.033348
0.138513 0.015569 0.034738
0.138508 -0.015567 0.034738
0.136065 0.015595 0.033884
0.136068 -0.015774 0.033892
0.133660 0.015611 0.033657
0.133668 -0.015770 0.033660
0.131261 0.015628 0.033431
0.131270 -0.015768 0.033431
0.128936 0.015542 0.033248
0.128948 -0.015489 0.033245
0.127593 0.014407 0.033446
0.128045 0.013961 0.031325
0.127611 -0.014350 0.033442
0.128066 -0.013905 0.031327
0.138690 0.014384 0.035213
0.137399 0.014977 0.035899
0.138689 -0.014372 0.035201
0.137398 -0.014968 0.035890
0.135860 0.015593 0.036277
0.135864 -0.015772 0.036282
0.133454 0.015614 0.036050
0.133465 -0.015774 0.036051
0.131061 0.015634 0.035819
0.131071 -0.015779 0.035819
0.128712 0.015826 0.034920
0.128725 -0.015775 0.034915
0.127073 0.014729 0.035685
0.128212 0.015880 0.036107
0.128226 -0.015832 0.036100
0.127095 -0.014675 0.035678
0.136621 0.015260 0.038073
0.135503 0.016348 0.038731
0.136624 -0.015244 0.038063
0.135503 -0.016344 0.038736
0.133256 0.015615 0.038437
0.133265 -0.015785 0.038443
0.130860 0.015636 0.038210
0.130872 -0.015785 0.038209
0.128455 0.015647 0.037995
0.128471 -0.015788 0.037989
0.126594 0.015048 0.037979
0.127733 0.016200 0.038401
0.127745 -0.016158 0.038392
0.126612 -0.015003 0.037968
0.136486 0.014489 0.040787
0.135418 0.015811 0.040939
0.136486 -0.014473 0.040772
0.135415 -0.015798 0.040931
0.133065 0.015608 0.040803
0.133067 -0.015778 0.040805
0.130660 0.015632 0.040604
0.130668 -0.015792 0.040605
0.128259 0.015645 0.040394
0.128270 -0.015796 0.040390
0.126115 0.015364 0.040279
0.126134 -0.015326 0.040270
0.136257 0.014360 0.043853
0.135443 0.015792 0.043347
0.136253 -0.014344 0.043838
0.135436 -0.015776 0.043338
0.132908 0.015588 0.043162
0.132904 -0.015755 0.043157
0.130469 0.015611 0.042981
0.130471 -0.015778 0.042981
0.128062 0.015644 0.042800
0.128074 -0.015802 0.042801
0.125623 0.015697 0.042585
0.125636 -0.015665 0.042575
0.124213 0.014595 0.042781
0.124759 0.014204 0.040452
0.124228 -0.014570 0.042774
0.124778 -0.014169 0.040444
0.136245 0.014794 0.045442
0.135339 0.015673 0.045111
0.136243 -0.014774 0.045428
0.135334 -0.015652 0.045098
0.132754 0.015580 0.045547
0.132751 -0.015743 0.045541
0.130317 0.015585 0.045355
0.130315 -0.015750 0.045351
0.127872 0.015603 0.045178
0.127871 -0.015777 0.045176
0.125096 0.016066 0.044246
0.125082 -0.016046 0.044537
0.123506 0.015010 0.045109
0.123514 -0.014992 0.045111
0.136734 0.015036 0.048517
0.135844 0.016202 0.048086
0.136734 -0.015012 0.048502
0.135842 -0.016181 0.048074
0.132602 0.015578 0.047916
0.132600 -0.015741 0.047907
0.130173 0.015566 0.047740
0.130169 -0.015731 0.047737
0.127745 0.015554 0.047540
0.127739 -0.015730 0.047528
0.124415 0.016620 0.047148
0.124407 -0.016614 0.047166
0.123084 0.015417 0.046806
0.123085 -0.015397 0.046809
0.136869 0.015621 0.050802
0.134850 0.015600 0.050468
0.136870 -0.015595 0.050787
0.134852 -0.015761 0.050454
0.132436 0.015579 0.050293
0.132438 -0.015740 0.050283
0.130017 0.015559 0.050111
0.130017 -0.015722 0.050103
0.127606 0.015541 0.049944
0.127606 -0.015708 0.049943
0.125177 0.015530 0.049739
0.125170 -0.015699 0.049743
0.122702 0.015588 0.049228
0.122649 -0.015764 0.049800
0.121566 0.014650 0.049652
0.121804 0.014293 0.047791
0.121558 -0.014640 0.049668
0.121797 -0.014284 0.047806
0.136913 0.016324 0.053030
0.136915 -0.016300 0.053014
0.134657 0.015602 0.052858
0.134662 -0.015763 0.052846
0.132245 0.015584 0.052671
0.132249 -0.015748 0.052660
0.129834 0.015550 0.052500
0.129838 -0.015715 0.052493
0.127428 0.015525 0.052307
0.127430 -0.015690 0.052304
0.125019 0.015533 0.052109
0.125021 -0.015699 0.052114
0.122201 0.015850 0.051322
0.122200 -0.015830 0.051349
0.121248 0.014788 0.051543
0.121245 -0.014768 0.051565
0.137087 0.016628 0.055413
0.137092 -0.016607 0.055398
0.134457 0.015600 0.055240
0.134462 -0.015766 0.055228
0.132036 0.015586 0.055075
0.132041 -0.015752 0.055065
0.129616 0.015582 0.054906
0.129620 -0.015747 0.054902
0.127208 0.015560 0.054742
0.127212 -0.015724 0.054740
0.124826 0.015536 0.054438
0.124829 -0.015702 0.054441
0.121551 0.016373 0.053505
0.121552 -0.016354 0.053517
0.120375 0.015200 0.053558
0.120374 -0.015184 0.053563
0.137716 0.015779 0.059030
0.137386 0.016704 0.058062
0.137723 -0.015763 0.059016
0.137395 -0.016687 0.058045
0.134259 0.015594 0.057638
0.134267 -0.015761 0.057627
0.131478 0.015571 0.057978
0.131485 -0.015555 0.057969
0.129556 0.015729 0.056821
0.129563 -0.015711 0.056819
0.127060 0.015903 0.056408
0.127067 -0.015884 0.056411
0.124467 0.015673 0.056862
0.124471 -0.015651 0.056868
0.122084 0.015593 0.056178
0.122083 -0.015760 0.056183
0.119901 0.015536 0.056110
0.119894 -0.015514 0.056113
0.137629 0.015506 0.060417
0.136391 0.016181 0.061248
0.137637 -0.015491 0.060403
0.136401 -0.016168 0.061235
0.134621 0.015427 0.060266
0.134629 -0.015413 0.060253
0.132661 0.015544 0.059322
0.132669 -0.015528 0.059311
0.138147 0.015122 0.062737
0.136458 0.015469 0.062528
0.138156 -0.015110 0.062726
0.136467 -0.015458 0.062516
0.138137 0.014660 0.064959
0.136709 0.014923 0.064823
0.138143 -0.014650 0.064948
0.136717 -0.014913 0.064814
0.137994 0.014087 0.067062
0.136841 0.014415 0.066802
0.138000 -0.014078 0.067052
0.136847 -0.014406 0.066792
0.145616 0.012286 0.024287
0.146112 0.012748 0.025405
0.144155 0.013189 0.025030
0.144092 0.012970 0.023505
0.144745 0.013814 0.024533
0.144743 -0.013857 0.024525
0.145621 -0.012330 0.024272
0.146115 -0.012787 0.025391
0.144151 -0.013413 0.025017
0.144091 -0.013018 0.023491
0.141742 0.013193 0.024827
0.141932 0.013039 0.022847
0.141736 -0.013407 0.024809
0.141934 -0.013089 0.022843
0.139304 0.013199 0.024591
0.139510 0.013022 0.022746
0.139295 -0.013404 0.024580
0.139505 -0.013065 0.022738
0.136879 0.013189 0.024359
0.137100 0.012945 0.022680
0.136868 -0.013388 0.024353
0.137085 -0.012978 0.022680
0.134463 0.013154 0.024116
0.134928 0.012765 0.022728
0.134453 -0.013349 0.024120
0.134914 -0.012787 0.022727
0.132033 0.013154 0.023941
0.132823 0.012380 0.023096
0.133439 0.013894 0.023729
0.133432 -0.013921 0.023745
0.132026 -0.013178 0.023955
0.132815 -0.012389 0.023101
0.130000 0.012366 0.024205
0.130970 0.011598 0.023363
0.131167 0.013626 0.024960
0.131161 -0.013651 0.024976
0.129995 -0.012390 0.024218
0.130967 -0.011611 0.023374
0.147100 0.011903 0.026130
0.147330 0.011866 0.027745
0.146176 0.013060 0.027655
0.147104 -0.011938 0.026112
0.147333 -0.011897 0.027726
0.146177 -0.013091 0.027641
0.143937 0.013209 0.027431
0.143932 -0.013417 0.027415
0.141521 0.013192 0.027208
0.141515 -0.013393 0.027195
0.139097 0.013178 0.026986
0.139091 -0.013372 0.026974
0.136676 0.013174 0.026753
0.136673 -0.013357 0.026745
0.134267 0.013166 0.026518
0.134266 -0.013342 0.026515
0.131866 0.013154 0.026297
0.131867 -0.013326 0.026300
0.129620 0.012958 0.026215
0.129628 -0.012939 0.026224
0.146690 0.011849 0.029262
0.145645 0.012808 0.029669
0.146695 -0.011874 0.029240
0.145647 -0.012829 0.029651
0.143716 0.013209 0.029824
0.143711 -0.013410 0.029808
0.141308 0.013194 0.029594
0.141303 -0.013386 0.029578
0.138894 0.013182 0.029363
0.138889 -0.013367 0.029350
0.136479 0.013177 0.029129
0.136480 -0.013349 0.029122
0.134071 0.013176 0.028899
0.134077 -0.013336 0.028896
0.131664 0.013180 0.028675
0.131678 -0.013325 0.028677
0.129032 0.013456 0.028328
0.129047 -0.013409 0.028341
0.127841 0.012417 0.027948
0.128151 0.012067 0.026426
0.127860 -0.012371 0.027960
0.128172 -0.012028 0.026441
0.144801 0.012359 0.031105
0.143255 0.012995 0.031832
0.144104 0.013748 0.030786
0.144101 -0.013762 0.030773
0.144804 -0.012375 0.031084
0.143253 -0.013001 0.031814
0.141094 0.013192 0.031979
0.141089 -0.013377 0.031960
0.138687 0.013179 0.031740
0.138683 -0.013357 0.031724
0.136277 0.013177 0.031505
0.136279 -0.013341 0.031495
0.133867 0.013183 0.031275
0.133878 -0.013333 0.031270
0.131458 0.013194 0.031050
0.131477 -0.013331 0.031050
0.128571 0.013957 0.030573
0.128591 -0.013901 0.030577
0.126985 0.012818 0.030771
0.127017 -0.012758 0.030773
0.141925 0.012548 0.033153
0.140509 0.013009 0.033867
0.141925 -0.012546 0.033129
0.140507 -0.013001 0.033845
0.138479 0.013176 0.034116
0.138476 -0.013349 0.034097
0.136072 0.013177 0.033881
0.136076 -0.013341 0.033867
0.133664 0.013188 0.033654
0.133676 -0.013338 0.033645
0.131253 0.013206 0.033427
0.131275 -0.013339 0.033424
0.128845 0.013219 0.033208
0.128870 -0.013346 0.033206
0.126458 0.013201 0.032999
0.126487 -0.013142 0.032996
0.125120 0.012232 0.033225
0.125644 0.011694 0.030960
0.125153 -0.012178 0.033222
0.125682 -0.011636 0.030963
0.139185 0.012099 0.035889
0.138000 0.013038 0.036280
0.139187 -0.012085 0.035854
0.138000 -0.013018 0.036255
0.135871 0.013177 0.036253
0.135874 -0.013341 0.036236
0.133466 0.013192 0.036031
0.133477 -0.013345 0.036022
0.131054 0.013212 0.035811
0.131076 -0.013350 0.035805
0.128645 0.013228 0.035594
0.128670 -0.013360 0.035590
0.125936 0.013554 0.035268
0.125965 -0.013501 0.035260
0.124599 0.012396 0.035491
0.125506 0.013833 0.036230
0.125531 -0.013783 0.036222
0.124631 -0.012348 0.035485
0.137577 0.012780 0.038372
0.135690 0.013175 0.038621
0.137580 -0.012760 0.038344
0.135693 -0.013341 0.038601
0.133272 0.013189 0.038408
0.133281 -0.013346 0.038395
0.130858 0.013214 0.038194
0.130877 -0.013359 0.038187
0.128451 0.013231 0.037982
0.128474 -0.013370 0.037977
0.126040 0.013237 0.037777
0.126066 -0.013376 0.037770
0.124118 0.012728 0.037381
0.125231 0.014166 0.038154
0.125254 -0.014123 0.038145
0.124146 -0.012685 0.037374
0.137162 0.012541 0.041264
0.135518 0.013176 0.040991
0.137165 -0.012528 0.041234
0.135519 -0.013343 0.040971
0.133093 0.013187 0.040784
0.133100 -0.013345 0.040770
0.130672 0.013208 0.040573
0.130685 -0.013360 0.040565
0.128260 0.013230 0.040370
0.128279 -0.013379 0.040366
0.125851 0.013242 0.040174
0.125874 -0.013388 0.040168
0.123618 0.013049 0.040037
0.123642 -0.013017 0.040031
0.137056 0.012486 0.043370
0.135360 0.013178 0.043352
0.137053 -0.012477 0.043344
0.135359 -0.013344 0.043333
0.132925 0.013187 0.043157
0.132928 -0.013345 0.043144
0.130497 0.013197 0.042952
0.130506 -0.013355 0.042944
0.128073 0.013220 0.042753
0.128085 -0.013377 0.042750
0.125660 0.013238 0.042569
0.125676 -0.013394 0.042570
0.123170 0.013524 0.042354
0.123189 -0.013499 0.042352
0.121790 0.012184 0.042088
0.122262 0.011881 0.040235
0.121812 -0.012162 0.042094
0.122284 -0.012105 0.040233
0.137205 0.013075 0.045786
0.135196 0.013177 0.045721
0.137203 -0.013060 0.045766
0.135194 -0.013340 0.045703
0.132764 0.013180 0.045527
0.132766 -0.013338 0.045514
0.130334 0.013182 0.045327
0.130338 -0.013343 0.045318
0.127899 0.013200 0.045133
0.127905 -0.013365 0.045131
0.125467 0.013225 0.044970
0.125474 -0.013394 0.044973
0.122679 0.013846 0.044665
0.122693 -0.013828 0.044668
0.121259 0.012573 0.044850
0.121270 -0.012560 0.044856
0.138751 0.012160 0.046717
0.138410 0.012468 0.048255
0.137660 0.013362 0.048224
0.138753 -0.012154 0.046691
0.138409 -0.012450 0.048232
0.137657 -0.013341 0.048206
0.135023 0.013185 0.048104
0.135024 -0.013342 0.048085
0.132600 0.013172 0.047904
0.132603 -0.013331 0.047892
0.130172 0.013163 0.047707
0.130174 -0.013328 0.047698
0.127745 0.013166 0.047511
0.127748 -0.013334 0.047507
0.125313 0.013179 0.047299
0.125316 -0.013351 0.047299
0.122020 0.014240 0.046877
0.122020 -0.014225 0.046892
0.120711 0.012918 0.047160
0.120716 -0.012902 0.047172
0.138414 0.012433 0.050136
0.137663 0.013407 0.051384
0.138415 -0.012409 0.050112
0.137663 -0.013379 0.051365
0.134839 0.013183 0.050481
0.134842 -0.013342 0.050464
0.132424 0.013166 0.050285
0.132427 -0.013327 0.050272
0.130005 0.013155 0.050090
0.130008 -0.013320 0.050080
0.127586 0.013135 0.049907
0.127587 -0.013303 0.049901
0.125174 0.013128 0.049729
0.125173 -0.013299 0.049731
0.122743 0.013140 0.049512
0.122740 -0.013317 0.049523
0.120427 0.013054 0.049595
0.120419 -0.013043 0.049610
0.119590 0.011880 0.049446
0.119604 0.011849 0.047036
0.119585 -0.011870 0.049459
0.119612 -0.011836 0.047040
0.136976 0.013320 0.052999
0.136979 -0.013296 0.052981
0.135828 0.012246 0.052950
0.135831 -0.012223 0.052935
0.132230 0.013169 0.052657
0.132234 -0.013334 0.052646
0.129808 0.013154 0.052501
0.129812 -0.013320 0.052493
0.127407 0.013136 0.052322
0.127410 -0.013301 0.052319
0.125008 0.013109 0.052123
0.125011 -0.013275 0.052123
0.122638 0.013099 0.051917
0.122639 -0.013263 0.051924
0.120134 0.013153 0.051614
0.120136 -0.013131 0.051626
0.118889 0.012190 0.051591
0.118888 -0.012173 0.051593
0.137792 0.014030 0.055899
0.137796 -0.014010 0.055885
0.136080 0.012769 0.054837
0.136085 -0.012749 0.054824
0.132030 0.013180 0.055004
0.132034 -0.013349 0.054996
0.129616 0.013158 0.054890
0.129621 -0.013325 0.054883
0.127193 0.013150 0.054727
0.127198 -0.013317 0.054725
0.124785 0.013135 0.054529
0.124789 -0.013302 0.054533
0.122334 0.013152 0.054269
0.122335 -0.013317 0.054273
0.119323 0.013630 0.053314
0.119322 -0.013614 0.053319
0.118057 0.012571 0.053309
0.118055 -0.012555 0.053314
0.138109 0.013686 0.058611
0.137905 0.013906 0.057312
0.138114 -0.013669 0.058599
0.137911 -0.013887 0.057300
0.134259 0.013180 0.057585
0.134264 -0.013349 0.057578
0.131524 0.013180 0.057875
0.131528 -0.013165 0.057866
0.129642 0.013189 0.056570
0.129649 -0.013171 0.056562
0.127141 0.013197 0.056012
0.127146 -0.013179 0.056008
0.124426 0.013293 0.056197
0.124432 -0.013274 0.056204
0.122041 0.013111 0.056593
0.122062 -0.013085 0.056404
0.118913 0.014127 0.055319
0.118847 -0.014119 0.055901
0.117843 0.012736 0.055755
0.117841 -0.012716 0.055759
0.138232 0.013169 0.060483
0.135407 0.014050 0.061687
0.138239 -0.013155 0.060473
0.135413 -0.014038 0.061677
0.134224 0.013133 0.059923
0.134231 -0.013121 0.059914
0.132800 0.013401 0.059058
0.132806 -0.013388 0.059051
0.138713 0.013179 0.062754
0.138721 -0.013350 0.062746
0.135791 0.013591 0.063569
0.135798 -0.013580 0.063558
0.135161 0.012822 0.062004
0.135168 -0.012811 0.061995
0.138540 0.013177 0.065154
0.138546 -0.013349 0.065146
0.136044 0.013237 0.065831
0.136049 -0.013228 0.065822
0.135685 0.012246 0.064264
0.135691 -0.012236 0.064256
0.138443 0.013078 0.067503
0.138448 -0.013068 0.067494
0.136193 0.013092 0.067350
0.136198 -0.013083 0.067341
0.135965 0.012578 0.066892
0.135971 -0.012571 0.066883
0.137573 0.012885 0.069659
0.137681 0.013634 0.068375
0.137687 -0.013626 0.068367
0.137578 -0.012877 0.069651
0.136705 0.012888 0.069551
0.137027 0.013559 0.068805
0.137032 -0.013552 0.068796
0.136709 -0.012880 0.069544
0.137542 0.011954 0.071426
0.136650 0.012010 0.071286
0.137547 -0.011947 0.071419
0.136655 -0.012004 0.071279
0.147910 0.009800 0.024587
0.148164 0.010218 0.025783
0.146587 0.010787 0.025275
0.146252 0.010379 0.023736
0.146853 0.011552 0.024826
0.146858 -0.011593 0.024808
0.147922 -0.009837 0.024568
0.148173 -0.010253 0.025763
0.146591 -0.011009 0.025255
0.146260 -0.010425 0.023711
0.144198 0.010781 0.025094
0.144311 0.010718 0.023078
0.144198 -0.011005 0.025065
0.144320 -0.010765 0.023063
0.141777 0.010762 0.024917
0.141972 0.010714 0.023007
0.141775 -0.010984 0.024881
0.141974 -0.010788 0.022948
0.139358 0.010753 0.024746
0.139573 0.010715 0.022771
0.139353 -0.010970 0.024703
0.139575 -0.010788 0.022712
0.136896 0.010752 0.024495
0.137189 0.010739 0.022639
0.136895 -0.010954 0.024458
0.137191 -0.010810 0.022579
0.134478 0.010737 0.024165
0.134799 0.010618 0.022361
0.134478 -0.010930 0.024152
0.134784 -0.010629 0.022363
0.132090 0.010724 0.023897
0.132432 0.010536 0.022596
0.132086 -0.010905 0.023898
0.132429 -0.010536 0.022600
0.129573 0.010804 0.023657
0.130548 0.010061 0.022840
0.129568 -0.010828 0.023669
0.130553 -0.010059 0.022848
0.127405 0.009797 0.023599
0.128677 0.009599 0.022961
0.128423 0.011595 0.024905
0.128416 -0.011617 0.024918
0.127400 -0.009821 0.023610
0.128680 -0.009611 0.022975
0.148070 0.010450 0.027851
0.146374 0.010804 0.027683
0.148079 -0.010478 0.027828
0.146378 -0.011017 0.027658
0.143963 0.010788 0.027469
0.143965 -0.010999 0.027441
0.141550 0.010775 0.027263
0.141549 -0.010980 0.027232
0.139117 0.010768 0.027044
0.139116 -0.010961 0.027015
0.136689 0.010755 0.026802
0.136690 -0.010935 0.026780
0.134268 0.010742 0.026544
0.134276 -0.010909 0.026531
0.131864 0.010735 0.026296
0.131877 -0.010898 0.026290
0.129470 0.010731 0.026091
0.129486 -0.010893 0.026087
0.127068 0.010719 0.025900
0.127097 -0.010695 0.025912
0.125596 0.009895 0.026144
0.126249 0.009311 0.024863
0.125630 -0.009873 0.026164
0.126263 -0.009308 0.024879
0.147699 0.010148 0.029283
0.146142 0.010806 0.030076
0.147709 -0.010173 0.029256
0.146149 -0.011012 0.030048
0.143739 0.010793 0.029851
0.143744 -0.010993 0.029822
0.141323 0.010774 0.029627
0.141324 -0.010964 0.029596
0.138904 0.010758 0.029397
0.138905 -0.010936 0.029368
0.136482 0.010747 0.029158
0.136486 -0.010909 0.029134
0.134072 0.010745 0.028913
0.134086 -0.010890 0.028896
0.131664 0.010750 0.028683
0.131688 -0.010886 0.028673
0.129251 0.010760 0.028463
0.129285 -0.010890 0.028464
0.126480 0.011203 0.028048
0.126513 -0.011155 0.028062
0.125041 0.010078 0.028313
0.125868 0.011322 0.029529
0.125905 -0.011269 0.029537
0.125085 -0.010035 0.028323
0.146888 0.009439 0.031088
0.145418 0.010410 0.031862
0.146086 0.011284 0.030771
0.146094 -0.011303 0.030745
0.146903 -0.009457 0.031056
0.145430 -0.010425 0.031831
0.143753 0.011012 0.032645
0.143762 -0.011023 0.032610
0.141105 0.010767 0.031998
0.141105 -0.010951 0.031960
0.138693 0.010752 0.031760
0.138694 -0.010921 0.031725
0.136281 0.010749 0.031520
0.136287 -0.010901 0.031493
0.133871 0.010757 0.031286
0.133887 -0.010892 0.031266
0.131458 0.010771 0.031054
0.131485 -0.010896 0.031045
0.129042 0.010788 0.030829
0.129080 -0.010907 0.030829
0.126624 0.010803 0.030613
0.126666 -0.010928 0.030617
0.124506 0.010486 0.030521
0.124550 -0.010438 0.030528
0.144749 0.009321 0.033687
0.143073 0.010518 0.034247
0.144770 -0.009334 0.033642
0.143081 -0.010526 0.034207
0.141035 0.010928 0.034592
0.141038 -0.010924 0.034548
0.138486 0.010743 0.034128
0.138485 -0.010909 0.034087
0.136080 0.010748 0.033889
0.136086 -0.010895 0.033858
0.133667 0.010764 0.033654
0.133688 -0.010897 0.033635
0.131258 0.010783 0.033433
0.131284 -0.010906 0.033420
0.128837 0.010806 0.033212
0.128877 -0.010922 0.033207
0.126415 0.010818 0.033002
0.126458 -0.010940 0.033002
0.123997 0.010815 0.032803
0.124039 -0.010950 0.032803
0.122641 0.009930 0.033024
0.123152 0.009351 0.030934
0.122680 -0.009896 0.033021
0.122912 -0.009316 0.031070
0.140086 0.010360 0.037175
0.140092 -0.010363 0.037113
0.138933 0.011275 0.036933
0.138935 -0.011263 0.036888
0.135883 0.010746 0.036256
0.135887 -0.010896 0.036222
0.133470 0.010769 0.036031
0.133489 -0.010905 0.036006
0.131058 0.010791 0.035806
0.131084 -0.010921 0.035791
0.128641 0.010810 0.035589
0.128675 -0.010935 0.035581
0.126224 0.010819 0.035381
0.126257 -0.010951 0.035379
0.123456 0.011182 0.035066
0.123489 -0.011143 0.035063
0.122127 0.010017 0.035332
0.122157 -0.009991 0.035332
0.139539 0.009767 0.038684
0.137994 0.010602 0.038840
0.139550 -0.009787 0.038612
0.137997 -0.010592 0.038790
0.135695 0.010751 0.038633
0.135700 -0.010907 0.038598
0.133281 0.010772 0.038405
0.133299 -0.010916 0.038382
0.130868 0.010794 0.038183
0.130890 -0.010930 0.038169
0.128450 0.010813 0.037969
0.128480 -0.010948 0.037961
0.126039 0.010823 0.037767
0.126067 -0.010963 0.037764
0.123128 0.011563 0.036793
0.123152 -0.011528 0.036790
0.121842 0.010199 0.036554
0.122774 0.011912 0.038488
0.122799 -0.011881 0.038487
0.121860 -0.010187 0.036556
0.139267 0.009595 0.041846
0.137845 0.010645 0.041216
0.139285 -0.009636 0.041783
0.137848 -0.010646 0.041172
0.135527 0.010754 0.041005
0.135537 -0.010915 0.040970
0.133105 0.010772 0.040785
0.133119 -0.010922 0.040761
0.130687 0.010794 0.040561
0.130709 -0.010938 0.040547
0.128265 0.010811 0.040350
0.128290 -0.010956 0.040343
0.125855 0.010821 0.040156
0.125878 -0.010971 0.040151
0.123454 0.010825 0.039986
0.123472 -0.010980 0.039985
0.121131 0.010719 0.039872
0.121148 -0.010700 0.039885
0.119786 0.009547 0.040104
0.120252 0.009206 0.038206
0.119790 -0.009823 0.040243
0.120247 -0.009210 0.038217
0.139814 0.010217 0.043866
0.138337 0.011338 0.043095
0.138958 0.011477 0.045237
0.138961 -0.011484 0.045204
0.139822 -0.010254 0.043822
0.138339 -0.011344 0.043057
0.135352 0.010763 0.043375
0.135358 -0.010925 0.043344
0.132949 0.010769 0.043163
0.132962 -0.010922 0.043140
0.130513 0.010790 0.042935
0.130530 -0.010940 0.042921
0.128086 0.010806 0.042730
0.128103 -0.010960 0.042722
0.125670 0.010821 0.042544
0.125688 -0.010979 0.042543
0.123260 0.010826 0.042376
0.123280 -0.010987 0.042379
0.120735 0.010917 0.041631
0.120760 -0.010901 0.041653
0.119343 0.009868 0.041698
0.120355 0.011112 0.042793
0.120373 -0.011097 0.042806
0.119361 -0.009857 0.041715
0.139660 0.010427 0.046271
0.137640 0.010787 0.045977
0.139674 -0.010435 0.046233
0.137649 -0.010961 0.045937
0.135070 0.009847 0.046727
0.135085 -0.009817 0.046693
0.133582 0.009640 0.047262
0.133594 -0.009613 0.047236
0.130342 0.010777 0.045307
0.130353 -0.010935 0.045295
0.127915 0.010790 0.045104
0.127926 -0.010951 0.045097
0.125490 0.010805 0.044917
0.125500 -0.010969 0.044917
0.123062 0.010826 0.044766
0.123076 -0.010994 0.044775
0.120656 0.010817 0.044605
0.120669 -0.010986 0.044613
0.118710 0.010250 0.044667
0.119803 0.011658 0.045174
0.119813 -0.011645 0.045180
0.118720 -0.010237 0.044676
0.139395 0.010633 0.048399
0.139410 -0.010617 0.048366
0.136904 0.009572 0.048953
0.136922 -0.009544 0.048912
0.135114 0.010622 0.048036
0.135123 -0.010593 0.048010
0.133283 0.010237 0.048139
0.133291 -0.010213 0.048119
0.130169 0.010765 0.047684
0.130177 -0.010927 0.047672
0.127747 0.010765 0.047494
0.127754 -0.010931 0.047488
0.125327 0.010771 0.047306
0.125332 -0.010940 0.047306
0.122905 0.010793 0.047105
0.122910 -0.010964 0.047112
0.120437 0.010808 0.047025
0.120442 -0.010977 0.047037
0.118473 0.010493 0.046808
0.118481 -0.010483 0.046812
0.138475 0.011124 0.049685
0.136777 0.010688 0.050453
0.138482 -0.011099 0.049655
0.136783 -0.010660 0.050425
0.134592 0.011156 0.050235
0.134597 -0.011132 0.050216
0.132812 0.010507 0.050346
0.132815 -0.010486 0.050331
0.129993 0.010752 0.050072
0.129996 -0.010917 0.050061
0.127572 0.010745 0.049881
0.127576 -0.010913 0.049876
0.125176 0.010735 0.049695
0.125179 -0.010905 0.049693
0.122760 0.010731 0.049520
0.122762 -0.010902 0.049525
0.120352 0.010751 0.049289
0.120346 -0.010923 0.049307
0.118435 0.010328 0.049411
0.118430 -0.010318 0.049423
0.136567 0.011579 0.051400
0.136570 -0.011553 0.051378
0.134612 0.011505 0.051957
0.134614 -0.011481 0.051943
0.132561 0.010629 0.052591
0.132564 -0.010612 0.052582
0.129801 0.010769 0.052422
0.129805 -0.010937 0.052415
0.127390 0.010733 0.052307
0.127392 -0.010900 0.052303
0.124999 0.010723 0.052121
0.125003 -0.010891 0.052121
0.122596 0.010694 0.051887
0.122600 -0.010862 0.051891
0.120196 0.010683 0.051748
0.120196 -0.010850 0.051752
0.117887 0.011376 0.051510
0.117887 -0.011360 0.051514
0.135336 0.011510 0.055853
0.134732 0.011227 0.054758
0.135341 -0.011492 0.055844
0.134736 -0.011208 0.054749
0.133320 0.010381 0.054050
0.133324 -0.010364 0.054042
0.129611 0.010749 0.054862
0.129616 -0.010917 0.054856
0.127198 0.010742 0.054704
0.127203 -0.010909 0.054702
0.124756 0.010737 0.054538
0.124759 -0.010904 0.054539
0.122384 0.010736 0.054302
0.122383 -0.010903 0.054305
0.119859 0.010776 0.053970
0.119856 -0.010944 0.053971
0.116990 0.011218 0.053526
0.116990 -0.011202 0.053529
0.115840 0.010137 0.053437
0.116452 0.009635 0.051683
0.115840 -0.010121 0.053441
0.116453 -0.009619 0.051686
0.137306 0.011090 0.059359
0.136244 0.010841 0.058104
0.137310 -0.011075 0.059351
0.136249 -0.010826 0.058098
0.134259 0.010768 0.057586
0.134263 -0.010938 0.057579
0.131609 0.010807 0.057702
0.131615 -0.010793 0.057695
0.129692 0.010697 0.056735
0.129697 -0.010682 0.056729
0.127130 0.010720 0.055924
0.127136 -0.010705 0.055921
0.124430 0.010738 0.055977
0.124435 -0.010720 0.055977
0.121931 0.010841 0.056415
0.121938 -0.010824 0.056418
0.119678 0.010770 0.056006
0.119677 -0.010936 0.056011
0.116735 0.011196 0.055787
0.116732 -0.011177 0.055792
0.115700 0.010133 0.055359
0.115700 -0.010119 0.055361
0.138081 0.010839 0.060781
0.136488 0.010768 0.060168
0.138085 -0.010825 0.060774
0.136491 -0.010938 0.060161
0.133937 0.010775 0.060090
0.133942 -0.010763 0.060084
0.132638 0.010464 0.059015
0.132642 -0.010452 0.059008
0.138984 0.009813 0.063498
0.138717 0.010764 0.062747
0.138988 -0.009800 0.063493
0.138722 -0.010936 0.062740
0.136311 0.010767 0.062573
0.136316 -0.010939 0.062566
0.134990 0.010646 0.062012
0.134994 -0.010635 0.062005
0.139129 0.010596 0.065319
0.139012 0.011912 0.065168
0.139133 -0.010585 0.065313
0.139017 -0.011901 0.065160
0.136133 0.010763 0.064975
0.136138 -0.010937 0.064969
0.135632 0.010700 0.064355
0.135637 -0.010690 0.064348
0.139028 0.010516 0.067610
0.138778 0.011662 0.067618
0.139031 -0.010507 0.067603
0.138783 -0.011653 0.067610
0.135958 0.010763 0.067379
0.135962 -0.010939 0.067373
0.135850 0.010839 0.067142
0.135855 -0.010831 0.067135
0.138841 0.010133 0.069753
0.138289 0.011199 0.070066
0.138845 -0.010124 0.069747
0.138293 -0.011192 0.070059
0.135924 0.010756 0.069774
0.135928 -0.010750 0.069768
0.138402 0.009856 0.071842
0.137565 0.011012 0.072201
0.138406 -0.009850 0.071836
0.137569 -0.011006 0.072196
0.136591 0.010860 0.072605
0.136596 -0.010856 0.072599
0.137339 0.009735 0.073690
0.136624 0.009776 0.073500
0.137342 -0.009729 0.073684
0.136629 -0.009771 0.073494
0.149974 0.007065 0.026047
0.149138 0.008642 0.025446
0.148463 0.007989 0.024145
0.149985 -0.007091 0.026026
0.149151 -0.008672 0.025427
0.148475 -0.008029 0.024123
0.146615 0.008373 0.025311
0.146722 0.008325 0.023357
0.146623 -0.008596 0.025284
0.146737 -0.008364 0.023339
0.144199 0.008352 0.025124
0.144380 0.008303 0.023166
0.144208 -0.008579 0.025091
0.144380 -0.008377 0.023119
0.141781 0.008317 0.024921
0.141967 0.008317 0.022749
0.141786 -0.008547 0.024885
0.141971 -0.008365 0.022724
0.139398 0.008314 0.024763
0.139575 0.008315 0.022581
0.139400 -0.008545 0.024724
0.139581 -0.008363 0.022554
0.136913 0.008310 0.024556
0.137186 0.008329 0.022727
0.136915 -0.008523 0.024522
0.137189 -0.008404 0.022681
0.134490 0.008299 0.024192
0.134775 0.008360 0.022397
0.134497 -0.008472 0.024179
0.134774 -0.008376 0.022381
0.132099 0.008312 0.023914
0.132334 0.008395 0.022365
0.132111 -0.008479 0.023912
0.132337 -0.008391 0.022363
0.129681 0.008321 0.023684
0.130084 0.008177 0.022598
0.129694 -0.008498 0.023683
0.130095 -0.008175 0.022603
0.126996 0.008330 0.023290
0.128091 0.007710 0.022866
0.126992 -0.008354 0.023300
0.128100 -0.007717 0.022869
0.125324 0.007661 0.023795
0.125321 -0.007683 0.023805
0.150147 0.006981 0.027858
0.149109 0.008713 0.027965
0.150159 -0.007003 0.027837
0.149121 -0.008737 0.027941
0.146394 0.008383 0.027698
0.146404 -0.008593 0.027670
0.143983 0.008368 0.027491
0.143991 -0.008580 0.027459
0.141568 0.008354 0.027302
0.141574 -0.008562 0.027265
0.139120 0.008329 0.027098
0.139122 -0.008522 0.027062
0.136691 0.008312 0.026841
0.136698 -0.008476 0.026809
0.134270 0.008308 0.026567
0.134287 -0.008459 0.026535
0.131866 0.008312 0.026304
0.131891 -0.008453 0.026286
0.129465 0.008320 0.026082
0.129497 -0.008469 0.026074
0.127054 0.008324 0.025886
0.127085 -0.008485 0.025884
0.124630 0.008345 0.025696
0.124654 -0.008520 0.025706
0.123314 0.007741 0.026166
0.123965 0.006750 0.024680
0.123345 -0.007732 0.026185
0.123963 -0.006770 0.024689
0.149279 0.007279 0.029844
0.148348 0.008715 0.029390
0.149295 -0.007295 0.029817
0.148363 -0.008738 0.029364
0.146170 0.008387 0.030083
0.146183 -0.008589 0.030052
0.143756 0.008372 0.029870
0.143768 -0.008572 0.029834
0.141327 0.008350 0.029653
0.141336 -0.008542 0.029613
0.138902 0.008321 0.029425
0.138903 -0.008488 0.029384
0.136485 0.008314 0.029183
0.136499 -0.008458 0.029147
0.134064 0.008314 0.028930
0.134091 -0.008444 0.028902
0.130888 0.008178 0.028619
0.130925 -0.008111 0.028598
0.129245 0.008335 0.028471
0.129295 -0.008456 0.028458
0.126833 0.008349 0.028264
0.126879 -0.008485 0.028262
0.124074 0.008932 0.027887
0.124118 -0.008898 0.027901
0.122964 0.007734 0.027212
0.123407 0.009243 0.029637
0.123451 -0.009208 0.029646
0.123000 -0.007716 0.027228
0.147396 0.008041 0.032238
0.146227 0.008677 0.032713
0.147418 -0.008052 0.032203
0.146248 -0.008689 0.032673
0.143527 0.008365 0.032244
0.143543 -0.008558 0.032198
0.141108 0.008341 0.032013
0.141116 -0.008520 0.031965
0.138689 0.008318 0.031778
0.138695 -0.008477 0.031728
0.136279 0.008311 0.031541
0.136292 -0.008441 0.031496
0.133872 0.008323 0.031294
0.133899 -0.008435 0.031264
0.130073 0.006856 0.032126
0.130136 -0.006762 0.032101
0.128935 0.007652 0.031974
0.128991 -0.007572 0.031957
0.127010 0.008575 0.031873
0.127063 -0.008509 0.031871
0.125565 0.007635 0.031657
0.125610 -0.007578 0.031657
0.121989 0.008195 0.030821
0.122030 -0.008163 0.030828
0.146934 0.007091 0.034267
0.145414 0.007936 0.034620
0.146968 -0.007095 0.034221
0.145447 -0.007950 0.034565
0.143594 0.008868 0.035032
0.143617 -0.008880 0.034974
0.141636 0.009691 0.035326
0.141648 -0.009697 0.035264
0.138485 0.008313 0.034146
0.138495 -0.008469 0.034087
0.136075 0.008312 0.033904
0.136091 -0.008446 0.033853
0.133677 0.008335 0.033669
0.133700 -0.008443 0.033627
0.129755 0.006707 0.032786
0.129816 -0.006614 0.032765
0.128516 0.007717 0.032498
0.128568 -0.007644 0.032488
0.126973 0.007800 0.032400
0.127017 -0.007741 0.032399
0.125686 0.007160 0.032343
0.125725 -0.007108 0.032347
0.121570 0.008401 0.032630
0.121606 -0.008558 0.032632
0.120420 0.007367 0.032934
0.120882 0.007038 0.030814
0.120451 -0.007351 0.032934
0.120920 -0.007018 0.030817
0.144755 0.007257 0.036693
0.143139 0.008337 0.036154
0.144807 -0.007279 0.036621
0.143171 -0.008361 0.036077
0.141686 0.009271 0.037079
0.141712 -0.009300 0.037001
0.138284 0.008296 0.036521
0.138294 -0.008464 0.036456
0.135880 0.008312 0.036281
0.135900 -0.008451 0.036230
0.133484 0.008344 0.036036
0.133497 -0.008464 0.036000
0.131054 0.008379 0.035801
0.131098 -0.008490 0.035777
0.128634 0.008389 0.035582
0.128680 -0.008514 0.035570
0.126225 0.008400 0.035366
0.126260 -0.008536 0.035367
0.123800 0.008400 0.035193
0.123823 -0.008552 0.035200
0.121093 0.008849 0.034949
0.121115 -0.008830 0.034953
0.120083 0.007540 0.034177
0.120105 -0.007530 0.034176
0.142796 0.008177 0.038089
0.141099 0.008749 0.038794
0.142847 -0.008236 0.037984
0.141125 -0.008796 0.038713
0.138088 0.008286 0.038888
0.138110 -0.008467 0.038825
0.135696 0.008315 0.038653
0.135715 -0.008466 0.038600
0.133289 0.008354 0.038408
0.133312 -0.008483 0.038372
0.130866 0.008381 0.038179
0.130905 -0.008506 0.038155
0.128451 0.008392 0.037951
0.128487 -0.008528 0.037941
0.126040 0.008397 0.037756
0.126069 -0.008543 0.037754
0.123641 0.008396 0.037565
0.123656 -0.008552 0.037568
0.121049 0.009472 0.036923
0.121045 -0.009479 0.036933
0.119277 0.007987 0.037441
0.119273 -0.007991 0.037450
0.142021 0.007415 0.041626
0.140530 0.008577 0.041128
0.142090 -0.007539 0.041514
0.140560 -0.008639 0.041045
0.137915 0.008296 0.041274
0.137952 -0.008496 0.041204
0.135498 0.008328 0.041031
0.135520 -0.008490 0.040981
0.133116 0.008366 0.040796
0.133143 -0.008503 0.040763
0.130686 0.008384 0.040553
0.130720 -0.008524 0.040533
0.128269 0.008392 0.040332
0.128299 -0.008540 0.040322
0.125863 0.008398 0.040134
0.125885 -0.008551 0.040133
0.123468 0.008397 0.039982
0.123484 -0.008560 0.039982
0.121060 0.008381 0.039839
0.121073 -0.008541 0.039861
0.118707 0.008276 0.039808
0.118703 -0.008276 0.039818
0.117700 0.007267 0.040116
0.118226 0.006873 0.037878
0.117697 -0.007268 0.040124
0.118224 -0.006876 0.037887
0.141661 0.007688 0.042945
0.140555 0.008818 0.043836
0.141706 -0.007802 0.042852
0.140590 -0.008879 0.043768
0.137760 0.008323 0.043643
0.137797 -0.008517 0.043587
0.134588 0.007606 0.044562
0.134622 -0.007582 0.044505
0.133673 0.007851 0.043835
0.133701 -0.007816 0.043805
0.130512 0.008377 0.042922
0.130538 -0.008528 0.042907
0.128097 0.008384 0.042707
0.128116 -0.008540 0.042700
0.125685 0.008395 0.042521
0.125703 -0.008555 0.042519
0.123273 0.008402 0.042357
0.123288 -0.008568 0.042361
0.120861 0.008403 0.042220
0.120878 -0.008564 0.042240
0.118321 0.008715 0.041592
0.118325 -0.008695 0.041619
0.117218 0.007667 0.042190
0.117224 -0.007656 0.042203
0.141764 0.007395 0.044802
0.140615 0.008661 0.046287
0.141827 -0.007504 0.044725
0.140642 -0.008685 0.046242
0.137648 0.008377 0.046040
0.137680 -0.008546 0.045988
0.135327 0.008406 0.045848
0.135361 -0.008381 0.045790
0.133616 0.008311 0.045900
0.133634 -0.008285 0.045876
0.130346 0.008364 0.045291
0.130363 -0.008525 0.045278
0.127923 0.008374 0.045082
0.127938 -0.008536 0.045075
0.125507 0.008385 0.044896
0.125519 -0.008549 0.044895
0.123091 0.008397 0.044730
0.123102 -0.008564 0.044737
0.120660 0.008410 0.044593
0.120668 -0.008579 0.044605
0.117693 0.009072 0.044292
0.117705 -0.009062 0.044300
0.116679 0.007883 0.044520
0.116683 -0.007876 0.044531
0.139681 0.008697 0.048152
0.139715 -0.008670 0.048093
0.137628 0.008536 0.048293
0.137663 -0.008510 0.048234
0.136293 0.008749 0.047447
0.136329 -0.008723 0.047390
0.132195 0.008398 0.047832
0.132202 -0.008379 0.047819
0.130167 0.008352 0.047668
0.130174 -0.008516 0.047658
0.127750 0.008359 0.047434
0.127753 -0.008524 0.047429
0.125337 0.008365 0.047291
0.125345 -0.008532 0.047292
0.122935 0.008366 0.047103
0.122939 -0.008537 0.047109
0.120486 0.008409 0.046931
0.120487 -0.008579 0.046942
0.117365 0.009041 0.047093
0.117361 -0.009034 0.047103
0.116379 0.007806 0.046715
0.116375 -0.007798 0.046724
0.138796 0.009606 0.049025
0.138816 -0.009584 0.048981
0.138021 0.009554 0.049296
0.138039 -0.009527 0.049253
0.132057 0.008378 0.050250
0.132059 -0.008360 0.050241
0.129979 0.008357 0.050015
0.129981 -0.008525 0.050011
0.127573 0.008339 0.049870
0.127578 -0.008506 0.049865
0.125177 0.008339 0.049682
0.125180 -0.008508 0.049682
0.122767 0.008337 0.049505
0.122769 -0.008507 0.049506
0.120376 0.008324 0.049270
0.120375 -0.008497 0.049273
0.117348 0.008946 0.049328
0.117344 -0.008935 0.049338
0.116186 0.007587 0.049496
0.116182 -0.007575 0.049504
0.132355 0.008385 0.052564
0.132357 -0.008369 0.052557
0.129802 0.008357 0.052421
0.129806 -0.008526 0.052416
0.127391 0.008339 0.052279
0.127394 -0.008508 0.052277
0.124988 0.008325 0.052106
0.124991 -0.008493 0.052104
0.122585 0.008319 0.051895
0.122588 -0.008487 0.051896
0.120175 0.008302 0.051716
0.120176 -0.008473 0.051716
0.116968 0.009230 0.051064
0.116966 -0.009217 0.051068
0.115546 0.008054 0.051011
0.115547 -0.008038 0.051015
0.133977 0.008340 0.055578
0.133183 0.008494 0.054485
0.133982 -0.008324 0.055572
0.133186 -0.008478 0.054477
0.129611 0.008346 0.054840
0.129615 -0.008515 0.054836
0.127197 0.008338 0.054678
0.127201 -0.008507 0.054675
0.124772 0.008339 0.054514
0.124773 -0.008508 0.054515
0.122353 0.008325 0.054315
0.122354 -0.008492 0.054316
0.119941 0.008310 0.054019
0.119941 -0.008480 0.054018
0.117396 0.008381 0.053664
0.117392 -0.008553 0.053656
0.115039 0.008357 0.053257
0.115038 -0.008526 0.053260
0.135104 0.008326 0.056865
0.136081 0.008393 0.058168
0.134260 0.008357 0.057585
0.135107 -0.008312 0.056861
0.136083 -0.008380 0.058162
0.134263 -0.008526 0.057580
0.130797 0.007609 0.058391
0.130800 -0.007597 0.058387
0.129496 0.008296 0.057099
0.129500 -0.008282 0.057095
0.127218 0.008137 0.056303
0.127224 -0.008124 0.056300
0.124467 0.008283 0.056024
0.124471 -0.008268 0.056024
0.122041 0.008293 0.056391
0.122041 -0.008276 0.056395
0.119583 0.008405 0.056448
0.119579 -0.008575 0.056445
0.117294 0.008415 0.055861
0.117295 -0.008397 0.055864
0.114875 0.008430 0.055276
0.114871 -0.008414 0.055283
0.136953 0.008502 0.059412
0.137918 0.008441 0.060877
0.136489 0.008356 0.060166
0.136956 -0.008489 0.059406
0.137921 -0.008428 0.060872
0.136491 -0.008526 0.060162
0.133715 0.008464 0.060353
0.133718 -0.008452 0.060348
0.132592 0.008148 0.059856
0.132594 -0.008136 0.059851
0.138894 0.008296 0.063350
0.138427 0.008328 0.061948
0.138897 -0.008283 0.063345
0.138431 -0.008315 0.061942
0.136312 0.008355 0.062572
0.136316 -0.008528 0.062567
0.134764 0.008260 0.062087
0.134767 -0.008247 0.062083
0.139160 0.008403 0.065476
0.138540 0.008354 0.065154
0.139164 -0.008392 0.065472
0.138544 -0.008528 0.065148
0.136135 0.008352 0.064971
0.136138 -0.008526 0.064966
0.135420 0.007831 0.064193
0.135422 -0.007821 0.064190
0.139336 0.008221 0.067728
0.138364 0.008354 0.067560
0.139339 -0.008212 0.067723
0.138367 -0.008528 0.067554
0.135940 0.008351 0.067377
0.135942 -0.008342 0.067372
0.135551 0.007904 0.066269
0.135553 -0.007896 0.066263
0.139325 0.008146 0.070141
0.138187 0.008353 0.069964
0.139328 -0.008137 0.070136
0.138191 -0.008530 0.069959
0.135979 0.008353 0.069781
0.135982 -0.008346 0.069776
0.139002 0.007975 0.072105
0.138011 0.008352 0.072370
0.139004 -0.007969 0.072100
0.138014 -0.008530 0.072364
0.136049 0.008333 0.072126
0.136052 -0.008328 0.072121
0.138358 0.007567 0.074067
0.137335 0.008640 0.074490
0.137911 0.009377 0.073282
0.137915 -0.009371 0.073276
0.138361 -0.007563 0.074062
0.137339 -0.008636 0.074485
0.136505 0.008099 0.073969
0.136508 -0.008094 0.073963
0.137665 0.007452 0.075238
0.136972 0.007587 0.074764
0.137667 -0.007447 0.075233
0.136975 -0.007582 0.074759
0.150387 0.005742 0.025825
0.149788 0.006237 0.024557
0.148920 0.005894 0.023822
0.150397 -0.005765 0.025806
0.149797 -0.006266 0.024538
0.148937 -0.005920 0.023804
0.146623 0.005947 0.025335
0.146759 0.005879 0.023383
0.146632 -0.006170 0.025310
0.146760 -0.005954 0.023351
0.144197 0.005925 0.025127
0.144396 0.005943 0.022946
0.144208 -0.006156 0.025098
0.144408 -0.005986 0.022919
0.141815 0.005937 0.024931
0.141988 0.005962 0.022878
0.141830 -0.006169 0.024896
0.142005 -0.006015 0.022839
0.139376 0.005912 0.024797
0.139682 0.006125 0.023095
0.139379 -0.006144 0.024764
0.139682 -0.006199 0.023061
0.136919 0.005868 0.024529
0.137137 0.006344 0.023279
0.136930 -0.006068 0.024496
0.137138 -0.006420 0.023244
0.134505 0.005880 0.024197
0.134738 0.006275 0.022867
0.134527 -0.006055 0.024171
0.134755 -0.006271 0.022844
0.132100 0.005898 0.023927
0.132290 0.006349 0.022761
0.132126 -0.006058 0.023913
0.132307 -0.006341 0.022747
0.129671 0.005913 0.023696
0.129800 0.006248 0.022636
0.129694 -0.006085 0.023687
0.129815 -0.006244 0.022630
0.126013 0.006142 0.023124
0.127775 0.006146 0.022691
0.126023 -0.006159 0.023118
0.127789 -0.006152 0.022685
0.124880 0.005841 0.023596
0.124877 -0.005864 0.023602
0.150333 0.005652 0.027967
0.148819 0.005968 0.027909
0.150344 -0.005670 0.027949
0.148831 -0.006175 0.027886
0.146412 0.005962 0.027703
0.146424 -0.006169 0.027676
0.144002 0.005954 0.027510
0.144016 -0.006162 0.027478
0.141565 0.005928 0.027322
0.141578 -0.006139 0.027288
0.139116 0.005894 0.027097
0.139126 -0.006090 0.027054
0.136678 0.005862 0.026850
0.136683 -0.006006 0.026808
0.134261 0.005860 0.026587
0.134294 -0.005933 0.026575
0.131863 0.005893 0.026318
0.131920 -0.005999 0.026301
0.129455 0.005911 0.026086
0.129500 -0.006057 0.026066
0.127044 0.005913 0.025885
0.127073 -0.006077 0.025872
0.124636 0.005911 0.025707
0.124657 -0.006092 0.025701
0.122325 0.006014 0.025591
0.123140 0.005344 0.023830
0.122340 -0.006021 0.025605
0.123137 -0.005364 0.023835
0.149878 0.005480 0.030266
0.148598 0.005974 0.030300
0.149894 -0.005488 0.030243
0.148613 -0.006169 0.030274
0.146191 0.005968 0.030087
0.146208 -0.006166 0.030055
0.143767 0.005953 0.029879
0.143785 -0.006148 0.029842
0.141333 0.005933 0.029666
0.141353 -0.006117 0.029623
0.138886 0.005902 0.029447
0.138903 -0.006076 0.029397
0.136457 0.005862 0.029206
0.136454 -0.005964 0.029146
0.134086 0.005883 0.028934
0.134100 -0.006003 0.028875
0.131642 0.005906 0.028710
0.131737 -0.005969 0.028663
0.129231 0.005919 0.028482
0.129296 -0.006046 0.028457
0.126827 0.005929 0.028277
0.126873 -0.006073 0.028263
0.124412 0.005939 0.028075
0.124451 -0.006093 0.028077
0.121920 0.006468 0.027027
0.121951 -0.006457 0.027039
0.120086 0.004359 0.026743
0.120741 0.004205 0.025589
0.121328 0.006512 0.028463
0.121362 -0.006499 0.028474
0.120111 -0.004360 0.026753
0.120758 -0.004208 0.025601
0.149273 0.005177 0.032309
0.148547 0.006097 0.032772
0.148694 0.006686 0.031676
0.148715 -0.006694 0.031647
0.149295 -0.005178 0.032281
0.148570 -0.006099 0.032739
0.145963 0.005965 0.032469
0.145986 -0.006154 0.032429
0.143541 0.005953 0.032244
0.143566 -0.006138 0.032199
0.141102 0.005923 0.032025
0.141126 -0.006103 0.031974
0.138670 0.005877 0.031811
0.138689 -0.006029 0.031753
0.136265 0.005865 0.031575
0.136290 -0.005969 0.031510
0.133866 0.005893 0.031318
0.133911 -0.005972 0.031254
0.131115 0.004752 0.032782
0.131204 -0.004647 0.032717
0.129129 0.005799 0.031599
0.129214 -0.005711 0.031556
0.126578 0.005337 0.031467
0.126642 -0.005275 0.031448
0.124640 0.006373 0.031339
0.124689 -0.006323 0.031341
0.123193 0.005188 0.031237
0.123229 -0.005152 0.031240
0.119868 0.005498 0.030195
0.119898 -0.005485 0.030202
0.148534 0.004903 0.034494
0.147765 0.005661 0.034864
0.148565 -0.004897 0.034457
0.147801 -0.005660 0.034819
0.145735 0.005957 0.034854
0.145769 -0.006144 0.034802
0.143322 0.005943 0.034624
0.143356 -0.006133 0.034565
0.140884 0.005908 0.034392
0.140913 -0.006084 0.034329
0.138457 0.005869 0.034165
0.138477 -0.006025 0.034099
0.136077 0.005851 0.033943
0.136115 -0.005946 0.033880
0.132803 0.004441 0.034009
0.132895 -0.004341 0.033951
0.131537 0.004588 0.033443
0.131589 -0.004508 0.033400
0.130410 0.003949 0.033841
0.130443 -0.003881 0.033831
0.126490 0.005980 0.032270
0.126520 -0.005930 0.032276
0.124628 0.005839 0.032014
0.124659 -0.005799 0.032020
0.123285 0.005002 0.031851
0.123314 -0.004968 0.031856
0.119326 0.005846 0.032522
0.119352 -0.005836 0.032524
0.146960 0.005181 0.036923
0.145511 0.005945 0.037250
0.146692 0.006460 0.035757
0.146735 -0.006468 0.035700
0.147011 -0.005182 0.036864
0.145564 -0.006147 0.037175
0.143100 0.005918 0.037013
0.143150 -0.006124 0.036939
0.140681 0.005894 0.036776
0.140720 -0.006086 0.036700
0.138244 0.005860 0.036541
0.138300 -0.006009 0.036453
0.135872 0.005869 0.036306
0.135913 -0.005978 0.036224
0.132910 0.003823 0.035666
0.133022 -0.003727 0.035600
0.131809 0.003972 0.035529
0.131877 -0.003899 0.035494
0.130386 0.003901 0.034792
0.130431 -0.003837 0.034779
0.126225 0.005975 0.035336
0.126255 -0.006118 0.035341
0.123814 0.005980 0.035172
0.123833 -0.006137 0.035182
0.121402 0.005982 0.035019
0.121413 -0.006156 0.035030
0.118980 0.006020 0.034082
0.118991 -0.006020 0.034085
0.117962 0.005236 0.035159
0.118578 0.005001 0.032898
0.118634 0.006609 0.036194
0.118630 -0.006613 0.036201
0.117970 -0.005236 0.035163
0.118596 -0.004997 0.032896
0.145861 0.005042 0.038999
0.145008 0.005618 0.039542
0.144128 0.006873 0.038047
0.144192 -0.006917 0.037955
0.145941 -0.005070 0.038909
0.145100 -0.005671 0.039433
0.143286 0.006812 0.039667
0.143369 -0.006893 0.039558
0.140467 0.005852 0.039178
0.140546 -0.006090 0.039077
0.138067 0.005849 0.038962
0.138121 -0.006059 0.038855
0.135671 0.005887 0.038701
0.135722 -0.006034 0.038624
0.133162 0.004769 0.038526
0.133226 -0.004710 0.038476
0.131974 0.004225 0.038261
0.132024 -0.004170 0.038231
0.128452 0.005968 0.037925
0.128488 -0.006108 0.037918
0.126047 0.005973 0.037728
0.126071 -0.006126 0.037729
0.123646 0.005969 0.037556
0.123658 -0.006135 0.037560
0.121238 0.005960 0.037395
0.121245 -0.006135 0.037401
0.118836 0.005936 0.037306
0.118836 -0.006123 0.037317
0.117345 0.005447 0.037444
0.117341 -0.005451 0.037453
0.144244 0.005417 0.041749
0.143111 0.006476 0.041942
0.144383 -0.005533 0.041606
0.143225 -0.006622 0.041814
0.140260 0.005797 0.041574
0.140371 -0.006089 0.041466
0.137897 0.005846 0.041316
0.137936 -0.006074 0.041252
0.135493 0.005907 0.041090
0.135548 -0.006072 0.041026
0.133088 0.005978 0.040802
0.133130 -0.005935 0.040770
0.131619 0.004765 0.040827
0.131650 -0.004726 0.040811
0.128272 0.005966 0.040307
0.128299 -0.006119 0.040298
0.125872 0.005972 0.040113
0.125890 -0.006130 0.040111
0.123472 0.005969 0.039948
0.123485 -0.006132 0.039948
0.121065 0.005949 0.039816
0.121068 -0.006126 0.039817
0.118644 0.005928 0.039690
0.118648 -0.006112 0.039700
0.116700 0.005636 0.039608
0.116709 -0.005634 0.039615
0.143638 0.005197 0.043408
0.142861 0.005616 0.044207
0.143808 -0.005348 0.043256
0.143008 -0.005786 0.044105
0.140102 0.005825 0.043937
0.140197 -0.006094 0.043848
0.137712 0.005889 0.043712
0.137799 -0.006085 0.043630
0.134561 0.006287 0.044227
0.134639 -0.006245 0.044167
0.133478 0.006727 0.042463
0.133511 -0.006685 0.042435
0.132148 0.004623 0.043027
0.132165 -0.004595 0.043017
0.128101 0.005963 0.042689
0.128119 -0.006121 0.042681
0.125696 0.005969 0.042496
0.125710 -0.006133 0.042492
0.123289 0.005974 0.042335
0.123300 -0.006140 0.042337
0.120884 0.005978 0.042187
0.120890 -0.006145 0.042194
0.118436 0.005962 0.042067
0.118440 -0.006135 0.042072
0.116194 0.005851 0.041950
0.116197 -0.005845 0.041954
0.141887 0.005801 0.044919
0.142006 -0.005918 0.044828
0.139768 0.006047 0.046109
0.139850 -0.006061 0.046018
0.137543 0.005711 0.046395
0.137626 -0.005698 0.046317
0.135641 0.006390 0.045856
0.135713 -0.006359 0.045784
0.132960 0.006224 0.045799
0.132964 -0.006202 0.045792
0.132635 0.005440 0.044234
0.132650 -0.005415 0.044222
0.127935 0.005950 0.045062
0.127946 -0.006115 0.045056
0.125517 0.005962 0.044881
0.125526 -0.006128 0.044879
0.123117 0.005973 0.044709
0.123124 -0.006140 0.044712
0.120692 0.005986 0.044559
0.120696 -0.006156 0.044568
0.118264 0.006005 0.044417
0.118263 -0.006178 0.044429
0.115835 0.005941 0.044390
0.115832 -0.006118 0.044397
0.139293 0.006910 0.047196
0.139328 -0.006885 0.047136
0.137341 0.006924 0.047460
0.137376 -0.006899 0.047401
0.136451 0.007084 0.047367
0.136487 -0.007058 0.047309
0.132802 0.006012 0.048078
0.132804 -0.005992 0.048072
0.130166 0.005932 0.047640
0.130168 -0.006100 0.047635
0.127750 0.005947 0.047432
0.127753 -0.006112 0.047429
0.125350 0.005948 0.047273
0.125356 -0.006117 0.047274
0.122943 0.005956 0.047099
0.122947 -0.006127 0.047102
0.120546 0.005963 0.046904
0.120546 -0.006136 0.046911
0.118084 0.006010 0.046769
0.118080 -0.006184 0.046781
0.115526 0.006007 0.046783
0.115524 -0.005998 0.046789
0.132463 0.005944 0.050202
0.132465 -0.005927 0.050196
0.129979 0.005946 0.050014
0.129981 -0.006113 0.050011
0.127574 0.005945 0.049838
0.127580 -0.006108 0.049848
0.125179 0.005935 0.049682
0.125183 -0.006105 0.049680
0.122780 0.005936 0.049482
0.122782 -0.006105 0.049484
0.120368 0.005926 0.049324
0.120368 -0.006098 0.049329
0.118018 0.005909 0.049017
0.118016 -0.006084 0.049028
0.115230 0.006065 0.049094
0.115227 -0.006054 0.049101
0.132919 0.006347 0.052430
0.132921 -0.006330 0.052425
0.129803 0.005945 0.052420
0.129806 -0.006114 0.052417
0.127398 0.005935 0.052261
0.127398 -0.006104 0.052261
0.124985 0.005932 0.052085
0.124987 -0.006100 0.052086
0.122589 0.005922 0.051907
0.122590 -0.006092 0.051907
0.120182 0.005905 0.051655
0.120183 -0.006076 0.051658
0.117748 0.005875 0.051593
0.117748 -0.006044 0.051598
0.114369 0.006428 0.050449
0.114369 -0.006412 0.050452
0.134214 0.005883 0.055328
0.133445 0.006408 0.053981
0.134217 -0.005867 0.055324
0.133449 -0.006391 0.053976
0.129626 0.005945 0.054825
0.129628 -0.006114 0.054822
0.127199 0.005933 0.054660
0.127202 -0.006103 0.054659
0.124780 0.005931 0.054493
0.124781 -0.006101 0.054493
0.122351 0.005932 0.054299
0.122352 -0.006100 0.054301
0.119936 0.005928 0.054117
0.119937 -0.006096 0.054118
0.117467 0.005922 0.053762
0.117466 -0.006092 0.053761
0.113787 0.006416 0.053126
0.113787 -0.006401 0.053127
0.135339 0.005806 0.056649
0.136379 0.005851 0.057990
0.134258 0.005942 0.057578
0.135341 -0.005791 0.056644
0.136381 -0.005838 0.057987
0.134261 -0.006111 0.057575
0.130963 0.006710 0.059386
0.130966 -0.006698 0.059381
0.129205 0.006151 0.057727
0.129209 -0.006137 0.057724
0.127090 0.005859 0.056901
0.127094 -0.005846 0.056898
0.124589 0.005783 0.056579
0.124592 -0.005769 0.056578
0.122153 0.006018 0.056857
0.122154 -0.006003 0.056858
0.119649 0.005938 0.056416
0.119650 -0.006107 0.056415
0.117230 0.006779 0.056329
0.117230 -0.006761 0.056332
0.114388 0.006229 0.054921
0.114387 -0.006211 0.054924
0.137530 0.005439 0.059212
0.138246 0.005801 0.060596
0.136487 0.005943 0.060159
0.137531 -0.005423 0.059208
0.138248 -0.005788 0.060593
0.136489 -0.006113 0.060155
0.133207 0.006361 0.060709
0.133210 -0.006350 0.060705
0.131866 0.006221 0.060055
0.131867 -0.006208 0.060051
0.139195 0.005539 0.063190
0.138723 0.005918 0.061892
0.139197 -0.005526 0.063188
0.138725 -0.005906 0.061889
0.136312 0.005943 0.062571
0.136314 -0.006116 0.062568
0.134021 0.005887 0.062324
0.134022 -0.005877 0.062321
0.139498 0.005629 0.065523
0.138540 0.005942 0.065153
0.139501 -0.005618 0.065520
0.138542 -0.006116 0.065150
0.136135 0.005942 0.064969
0.136137 -0.006115 0.064966
0.134767 0.005595 0.064515
0.134768 -0.005586 0.064512
0.139795 0.005732 0.067865
0.138365 0.005942 0.067558
0.139796 -0.005722 0.067861
0.138367 -0.006116 0.067554
0.135613 0.006011 0.067428
0.135615 -0.006003 0.067425
0.135287 0.005362 0.066732
0.135289 -0.005353 0.066729
0.139846 0.005767 0.070133
0.138188 0.005941 0.069964
0.139848 -0.005760 0.070130
0.138190 -0.006118 0.069960
0.135916 0.005926 0.069775
0.135919 -0.005919 0.069772
0.139552 0.005710 0.072276
0.138011 0.005941 0.072369
0.139554 -0.005704 0.072273
0.138013 -0.006118 0.072366
0.136014 0.005945 0.072186
0.136017 -0.005938 0.072183
0.138941 0.005490 0.074396
0.137470 0.006124 0.073997
0.138942 -0.005485 0.074393
0.137471 -0.006118 0.073993
0.136425 0.005910 0.074197
0.136427 -0.005906 0.074194
0.138261 0.005178 0.075403
0.137486 0.005513 0.075686
0.138241 0.007225 0.074619
0.138242 -0.007220 0.074615
0.138264 -0.005173 0.075400
0.137489 -0.005509 0.075683
0.136851 0.005482 0.075328
0.136854 -0.005479 0.075325
0.150795 0.003379 0.025862
0.150316 0.003909 0.024837
0.149029 0.003474 0.023597
0.150801 -0.003401 0.025850
0.150321 -0.003937 0.024825
0.149032 -0.003495 0.023588
0.146631 0.003521 0.025334
0.146780 0.003491 0.023291
0.146636 -0.003742 0.025316
0.146781 -0.003565 0.023271
0.144224 0.003527 0.025121
0.144410 0.003526 0.023151
0.144234 -0.003749 0.025098
0.144419 -0.003560 0.023131
0.141400 0.003078 0.024407
0.142107 0.003764 0.023590
0.141401 -0.003160 0.024390
0.142108 -0.003842 0.023569
0.139435 0.003865 0.024937
0.139999 0.004574 0.023820
0.139455 -0.003895 0.024891
0.139998 -0.004652 0.023795
0.136866 0.004068 0.024828
0.136980 0.005137 0.023383
0.136903 -0.004069 0.024760
0.137007 -0.005175 0.023312
0.134448 0.004035 0.024525
0.134630 0.004986 0.023232
0.134492 -0.004004 0.024463
0.134655 -0.004997 0.023195
0.132021 0.003735 0.024185
0.131995 0.004820 0.022914
0.132047 -0.003703 0.024143
0.132015 -0.004808 0.022884
0.129429 0.003232 0.023860
0.129740 0.004724 0.022745
0.129453 -0.003223 0.023827
0.129757 -0.004723 0.022726
0.126381 0.004187 0.022909
0.128204 0.004437 0.022709
0.126385 -0.004199 0.022891
0.128217 -0.004441 0.022691
0.124071 0.003484 0.023119
0.124074 -0.003503 0.023105
0.122729 0.003308 0.023645
0.122729 -0.003328 0.023649
0.151012 0.003482 0.028097
0.151021 -0.003495 0.028084
0.148832 0.003545 0.027909
0.148842 -0.003748 0.027894
0.146428 0.003541 0.027704
0.146438 -0.003745 0.027686
0.144015 0.003531 0.027520
0.144028 -0.003736 0.027496
0.141571 0.003523 0.027308
0.141593 -0.003718 0.027280
0.138998 0.002896 0.026918
0.139034 -0.002900 0.026868
0.137192 0.002708 0.026383
0.137250 -0.002660 0.026311
0.134361 0.003008 0.026098
0.134418 -0.002929 0.026024
0.132032 0.002661 0.025671
0.132096 -0.002591 0.025633
0.129659 0.002361 0.025517
0.129688 -0.002334 0.025465
0.127414 0.001935 0.025127
0.127427 -0.001927 0.025088
0.125738 0.001659 0.024997
0.125748 -0.001660 0.024967
0.123433 0.001487 0.024725
0.123441 -0.001490 0.024707
0.120187 0.000929 0.025041
0.121221 0.002073 0.024088
0.121560 0.004708 0.024749
0.121567 -0.004719 0.024758
0.120186 -0.000946 0.025042
0.121221 -0.002093 0.024091
0.150672 0.003452 0.030443
0.150683 -0.003455 0.030428
0.148617 0.003550 0.030295
0.148629 -0.003740 0.030274
0.146209 0.003545 0.030085
0.146221 -0.003736 0.030064
0.143782 0.003540 0.029876
0.143801 -0.003727 0.029849
0.141343 0.003523 0.029663
0.141362 -0.003701 0.029628
0.139131 0.001826 0.028355
0.139179 -0.001809 0.028313
0.137105 0.002205 0.027799
0.137172 -0.002191 0.027721
0.134178 0.002316 0.027583
0.134376 -0.001799 0.027455
0.131950 0.002190 0.027009
0.132033 -0.002105 0.026947
0.129559 0.001890 0.026618
0.129586 -0.001855 0.026557
0.126997 0.001384 0.026463
0.127015 -0.001368 0.026418
0.125377 0.000993 0.026349
0.125390 -0.000987 0.026315
0.122464 0.000546 0.026002
0.122472 -0.000549 0.025988
0.119170 0.000515 0.025754
0.119177 -0.000523 0.025755
0.118480 0.002072 0.028356
0.119163 0.003626 0.028285
0.119184 -0.003624 0.028291
0.118495 -0.002075 0.028359
0.149970 0.003307 0.032566
0.149986 -0.003300 0.032547
0.148393 0.003550 0.032681
0.148411 -0.003732 0.032656
0.145984 0.003546 0.032462
0.146001 -0.003726 0.032433
0.143565 0.003543 0.032240
0.143586 -0.003716 0.032211
0.141108 0.003530 0.032031
0.141155 -0.003690 0.031983
0.138658 0.003499 0.031824
0.138699 -0.003650 0.031758
0.136248 0.003457 0.031611
0.136282 -0.003542 0.031537
0.133856 0.003472 0.031347
0.133901 -0.003596 0.031237
0.130997 0.004005 0.032327
0.131109 -0.003895 0.032238
0.128932 0.003460 0.031555
0.129012 -0.003390 0.031501
0.126577 0.003456 0.031299
0.126639 -0.003395 0.031266
0.124212 0.003363 0.031086
0.124261 -0.003323 0.031070
0.121837 0.003561 0.031092
0.121871 -0.003532 0.031093
0.120643 0.002095 0.031393
0.120664 -0.002078 0.031393
0.118193 0.002846 0.030221
0.119154 0.004745 0.030469
0.119184 -0.004738 0.030472
0.118210 -0.002845 0.030224
0.149142 0.003128 0.034708
0.148168 0.003551 0.035070
0.149163 -0.003114 0.034683
0.148194 -0.003724 0.035038
0.145761 0.003545 0.034844
0.145789 -0.003724 0.034806
0.143345 0.003533 0.034624
0.143373 -0.003701 0.034579
0.140907 0.003545 0.034380
0.140937 -0.003740 0.034349
0.136766 0.002539 0.034780
0.136973 -0.002323 0.034634
0.135798 0.002957 0.034136
0.136009 -0.002724 0.033971
0.133834 0.003797 0.033667
0.133934 -0.003723 0.033637
0.132135 0.004077 0.032837
0.132201 -0.003979 0.032759
0.129061 0.003207 0.033791
0.129081 -0.003147 0.033792
0.126479 0.003588 0.032694
0.126499 -0.003546 0.032699
0.123902 0.003642 0.032176
0.123917 -0.003612 0.032183
0.121891 0.003584 0.031656
0.121909 -0.003565 0.031662
0.120672 0.002022 0.031673
0.120684 -0.002009 0.031675
0.117647 0.003049 0.032526
0.117662 -0.003048 0.032528
0.148377 0.002938 0.036448
0.147673 0.003466 0.037295
0.148000 0.004371 0.036275
0.148039 -0.004365 0.036232
0.148408 -0.002924 0.036415
0.147716 -0.003455 0.037250
0.145543 0.003533 0.037236
0.145581 -0.003719 0.037182
0.143123 0.003521 0.037007
0.143169 -0.003708 0.036950
0.140700 0.003502 0.036787
0.140746 -0.003686 0.036730
0.137393 0.002409 0.036819
0.137468 -0.002393 0.036757
0.135755 0.003327 0.036483
0.135974 -0.003204 0.036297
0.134200 0.003559 0.035859
0.134310 -0.003513 0.035774
0.130842 0.003645 0.035865
0.130884 -0.003582 0.035850
0.129633 0.002987 0.035825
0.129658 -0.002935 0.035827
0.126227 0.003558 0.035302
0.126249 -0.003706 0.035308
0.123824 0.003551 0.035140
0.123836 -0.003713 0.035148
0.121413 0.003544 0.034994
0.121422 -0.003719 0.035002
0.118995 0.003547 0.034848
0.119004 -0.003730 0.034853
0.117052 0.003322 0.034821
0.117061 -0.003322 0.034821
0.146594 0.003239 0.039118
0.145311 0.003506 0.039641
0.146656 -0.003243 0.039056
0.145388 -0.003722 0.039560
0.142901 0.003486 0.039407
0.142975 -0.003715 0.039332
0.139015 0.001930 0.039867
0.139111 -0.001968 0.039800
0.138104 0.001960 0.038790
0.138156 -0.001961 0.038741
0.135734 0.003735 0.038756
0.135763 -0.003716 0.038677
0.134229 0.004283 0.038359
0.134150 -0.003930 0.038262
0.131121 0.003278 0.038101
0.131147 -0.003234 0.038090
0.129122 0.002676 0.037436
0.129147 -0.002638 0.037432
0.126054 0.003549 0.037695
0.126069 -0.003705 0.037698
0.123648 0.003546 0.037528
0.123658 -0.003714 0.037532
0.121245 0.003547 0.037381
0.121250 -0.003722 0.037386
0.118819 0.003532 0.037249
0.118822 -0.003716 0.037252
0.116442 0.003509 0.037103
0.116448 -0.003509 0.037103
0.145532 0.003471 0.041069
0.144744 0.003129 0.041896
0.145023 0.004624 0.041103
0.145143 -0.004703 0.040985
0.145640 -0.003529 0.040975
0.144895 -0.003216 0.041550
0.142650 0.003393 0.041855
0.142798 -0.003688 0.041721
0.139734 0.002773 0.042044
0.139861 -0.002865 0.041947
0.137886 0.003442 0.041434
0.138110 -0.003521 0.041237
0.135647 0.004022 0.040989
0.135748 -0.003997 0.040960
0.134163 0.004687 0.040456
0.134223 -0.004650 0.040406
0.130546 0.003791 0.040038
0.130566 -0.003754 0.040031
0.129118 0.002321 0.040125
0.129132 -0.002292 0.040123
0.125878 0.003547 0.040088
0.125891 -0.003708 0.040087
0.123477 0.003546 0.039915
0.123483 -0.003716 0.039915
0.121068 0.003543 0.039767
0.121071 -0.003719 0.039770
0.118642 0.003538 0.039624
0.118645 -0.003718 0.039627
0.115860 0.003700 0.039469
0.115858 -0.003700 0.039474
0.143967 0.003431 0.043587
0.144136 -0.003572 0.043453
0.142260 0.003648 0.044559
0.142489 -0.003816 0.044349
0.140251 0.003555 0.043849
0.140479 -0.003717 0.043644
0.137843 0.004009 0.043656
0.137958 -0.004000 0.043577
0.135693 0.004468 0.043275
0.135819 -0.004467 0.043179
0.134348 0.004812 0.042597
0.134453 -0.004766 0.042556
0.131499 0.003312 0.042666
0.131507 -0.003284 0.042665
0.130294 0.002774 0.041418
0.130306 -0.002747 0.041415
0.125704 0.003544 0.042470
0.125713 -0.003708 0.042469
0.123301 0.003549 0.042309
0.123307 -0.003720 0.042309
0.120898 0.003548 0.042148
0.120902 -0.003722 0.042151
0.118472 0.003568 0.042006
0.118471 -0.003746 0.042012
0.115231 0.003849 0.041749
0.115229 -0.003845 0.041753
0.140682 0.004858 0.044982
0.140835 -0.004942 0.044843
0.139316 0.005086 0.045373
0.139429 -0.005106 0.045258
0.137755 0.004649 0.045290
0.137885 -0.004662 0.045201
0.135828 0.004981 0.045050
0.135920 -0.004940 0.044973
0.133135 0.003862 0.046220
0.133139 -0.003842 0.046217
0.132745 0.003699 0.044543
0.132750 -0.003675 0.044539
0.127928 0.003534 0.045027
0.127929 -0.003701 0.045025
0.125527 0.003540 0.044867
0.125532 -0.003707 0.044865
0.123135 0.003548 0.044693
0.123138 -0.003717 0.044694
0.120726 0.003558 0.044532
0.120726 -0.003731 0.044535
0.118330 0.003573 0.044342
0.118329 -0.003752 0.044347
0.114643 0.003910 0.044211
0.114641 -0.003905 0.044215
0.132917 0.003695 0.047933
0.132918 -0.003676 0.047931
0.130162 0.003523 0.047619
0.130162 -0.003690 0.047616
0.127751 0.003535 0.047433
0.127752 -0.003700 0.047430
0.125359 0.003536 0.047265
0.125360 -0.003705 0.047265
0.122961 0.003539 0.047091
0.122963 -0.003711 0.047091
0.120566 0.003545 0.046897
0.120567 -0.003716 0.046900
0.118172 0.003538 0.046729
0.118170 -0.003714 0.046736
0.114529 0.004217 0.046440
0.114533 -0.004210 0.046445
0.132844 0.003581 0.050098
0.132845 -0.003563 0.050095
0.129979 0.003534 0.050015
0.129982 -0.003702 0.050013
0.127582 0.003532 0.049848
0.127583 -0.003700 0.049843
0.125182 0.003530 0.049673
0.125185 -0.003700 0.049674
0.122786 0.003527 0.049481
0.122788 -0.003697 0.049482
0.120379 0.003524 0.049296
0.120380 -0.003695 0.049298
0.117983 0.003506 0.049104
0.117985 -0.003679 0.049110
0.114354 0.004182 0.048318
0.114357 -0.004170 0.048322
0.133451 0.003364 0.052364
0.133452 -0.003348 0.052361
0.129804 0.003533 0.052419
0.129804 -0.003702 0.052417
0.127397 0.003533 0.052253
0.127398 -0.003699 0.052254
0.124993 0.003528 0.052075
0.124992 -0.003697 0.052075
0.122586 0.003524 0.051896
0.122586 -0.003694 0.051897
0.120184 0.003515 0.051668
0.120185 -0.003686 0.051672
0.117732 0.003492 0.051483
0.117732 -0.003659 0.051487
0.113417 0.004141 0.050427
0.113417 -0.004124 0.050428
0.135733 0.003201 0.056308
0.134546 0.004059 0.055026
0.135734 -0.003186 0.056305
0.134548 -0.004044 0.055024
0.132030 0.003529 0.054999
0.132030 -0.003698 0.054996
0.129626 0.003533 0.054825
0.129628 -0.003702 0.054823
0.127205 0.003527 0.054651
0.127205 -0.003696 0.054650
0.124783 0.003527 0.054482
0.124783 -0.003698 0.054483
0.122365 0.003530 0.054283
0.122365 -0.003699 0.054284
0.119951 0.003538 0.054071
0.119950 -0.003706 0.054075
0.117502 0.003528 0.053760
0.117502 -0.003697 0.053763
0.113029 0.004187 0.052983
0.113030 -0.004170 0.052986
0.137783 0.003368 0.058864
0.136666 0.003530 0.057752
0.137785 -0.003354 0.058862
0.136666 -0.003700 0.057750
0.134260 0.003531 0.057578
0.134262 -0.003700 0.057576
0.129980 0.004992 0.059183
0.129982 -0.004980 0.059181
0.128834 0.004451 0.058469
0.128836 -0.004439 0.058468
0.126666 0.004532 0.057836
0.126666 -0.004519 0.057835
0.124543 0.004081 0.057492
0.124544 -0.004067 0.057492
0.122249 0.004107 0.057616
0.122249 -0.004092 0.057618
0.119992 0.004254 0.057945
0.119991 -0.004239 0.057945
0.117364 0.005426 0.056820
0.117365 -0.005409 0.056822
0.114063 0.004253 0.054664
0.114062 -0.004235 0.054666
0.138650 0.003494 0.060413
0.138652 -0.003480 0.060410
0.136488 0.003533 0.060159
0.136490 -0.003703 0.060157
0.132808 0.004627 0.061539
0.132809 -0.004616 0.061537
0.130607 0.004484 0.060341
0.130609 -0.004472 0.060339
0.129185 0.003532 0.060473
0.129186 -0.003519 0.060473
0.126392 0.003382 0.059295
0.126391 -0.003370 0.059294
0.124415 0.002856 0.058687
0.124415 -0.002844 0.058686
0.121943 0.002901 0.058529
0.121942 -0.002886 0.058529
0.119230 0.003531 0.058399
0.119230 -0.003516 0.058400
0.117073 0.003491 0.057823
0.117075 -0.003474 0.057821
0.139641 0.003294 0.063394
0.139038 0.003779 0.061645
0.139643 -0.003281 0.063392
0.139038 -0.003765 0.061644
0.136313 0.003531 0.062570
0.136314 -0.003704 0.062568
0.133127 0.004206 0.062774
0.133128 -0.004194 0.062772
0.131531 0.003518 0.062051
0.131533 -0.003508 0.062050
0.129587 0.002399 0.062318
0.129660 -0.002389 0.061314
0.127550 0.002329 0.060956
0.127548 -0.002317 0.060955
0.139980 0.003329 0.065460
0.138542 0.003531 0.065151
0.139980 -0.003317 0.065458
0.138542 -0.003704 0.065150
0.136134 0.003530 0.064968
0.136136 -0.003703 0.064966
0.133614 0.003616 0.064840
0.133615 -0.003606 0.064840
0.132050 0.002837 0.064156
0.132051 -0.002828 0.064155
0.140285 0.003425 0.067796
0.138364 0.003531 0.067557
0.140285 -0.003415 0.067794
0.138367 -0.003705 0.067556
0.135002 0.004074 0.067680
0.135002 -0.004066 0.067678
0.134199 0.003138 0.067484
0.134199 -0.003130 0.067482
0.132721 0.002366 0.066011
0.132722 -0.002358 0.066010
0.140337 0.003477 0.070119
0.140339 -0.003468 0.070117
0.138189 0.003529 0.069963
0.138189 -0.003706 0.069962
0.135439 0.003628 0.069829
0.135440 -0.003622 0.069827
0.134383 0.002812 0.068958
0.134775 -0.002774 0.068985
0.140080 0.003459 0.072428
0.140080 -0.003453 0.072425
0.138012 0.003529 0.072368
0.138013 -0.003707 0.072365
0.135752 0.003498 0.072165
0.135754 -0.003492 0.072164
0.135201 0.002761 0.071632
0.135201 -0.002755 0.071631
0.139331 0.003378 0.074562
0.139333 -0.003373 0.074560
0.137835 0.003527 0.074773
0.137837 -0.003708 0.074771
0.136281 0.003460 0.074328
0.136282 -0.003455 0.074326
0.138433 0.003099 0.076003
0.137459 0.003287 0.076315
0.138434 -0.003095 0.076001
0.137461 -0.003283 0.076314
0.136935 0.003302 0.075900
0.136935 -0.003297 0.075898
0.150971 0.001080 0.025839
0.150260 0.001386 0.024693
0.148978 0.001128 0.023750
0.150974 -0.001101 0.025834
0.150262 -0.001419 0.024689
0.148978 -0.001203 0.023743
0.146630 0.001100 0.025322
0.146797 0.001121 0.023218
0.146632 -0.001322 0.025315
0.146797 -0.001149 0.023209
0.144256 0.001094 0.025147
0.144448 0.001098 0.023202
0.144258 -0.001321 0.025140
0.144451 -0.001138 0.023200
0.141670 0.001066 0.024770
0.142844 0.001292 0.023822
0.141679 -0.001106 0.024756
0.142845 -0.001370 0.023814
0.141089 0.001471 0.025584
0.141104 -0.001502 0.025561
0.151244 0.001121 0.028114
0.151247 -0.001316 0.028108
0.148843 0.001116 0.027902
0.148846 -0.001316 0.027898
0.146443 0.001116 0.027708
0.146447 -0.001317 0.027702
0.144018 0.001113 0.027510
0.144022 -0.001313 0.027502
0.141595 0.001103 0.027290
0.141609 -0.001294 0.027275
0.139774 0.001184 0.027530
0.139788 -0.001176 0.027504
0.151028 0.001124 0.030500
0.151032 -0.001306 0.030495
0.148629 0.001122 0.030288
0.148634 -0.001309 0.030282
0.146220 0.001120 0.030079
0.146225 -0.001307 0.030072
0.143803 0.001121 0.029869
0.143810 -0.001299 0.029859
0.141367 0.001132 0.029648
0.141381 -0.001292 0.029635
0.139085 0.001255 0.029492
0.139112 -0.001230 0.029459
0.136997 0.001482 0.029067
0.137127 -0.001456 0.029015
0.133687 0.001695 0.029115
0.133878 -0.001258 0.029015
0.131260 0.001561 0.028549
0.131273 -0.001517 0.028500
0.129147 0.001423 0.028572
0.129190 -0.001368 0.028499
0.126822 0.000999 0.028291
0.126847 -0.000973 0.028245
0.125033 0.000662 0.028131
0.125051 -0.000642 0.028094
0.121854 0.000127 0.028116
0.121865 -0.000124 0.028104
0.118604 0.000274 0.026772
0.118612 -0.000282 0.026772
0.117972 0.001003 0.028577
0.117982 -0.001013 0.028578
0.150547 0.001076 0.032785
0.150553 -0.001064 0.032779
0.148407 0.001126 0.032671
0.148415 -0.001302 0.032662
0.146001 0.001126 0.032453
0.146008 -0.001300 0.032442
0.143582 0.001126 0.032235
0.143590 -0.001292 0.032226
0.141160 0.001146 0.032008
0.141185 -0.001283 0.031990
0.138418 0.001020 0.031739
0.138479 -0.000926 0.031672
0.136862 0.001555 0.031574
0.136889 -0.001468 0.031469
0.134022 0.001378 0.030768
0.134078 -0.001295 0.030715
0.130454 0.001260 0.031950
0.130570 -0.001188 0.031832
0.128563 0.001371 0.031732
0.128618 -0.001296 0.031678
0.126462 0.001147 0.031559
0.126520 -0.001095 0.031504
0.124277 0.000826 0.031413
0.124315 -0.000785 0.031382
0.121670 0.000512 0.031367
0.121691 -0.000489 0.031351
0.119588 0.000175 0.031084
0.119592 -0.000165 0.031082
0.117579 0.001011 0.030066
0.117589 -0.001019 0.030066
0.149686 0.000954 0.034910
0.149693 -0.000935 0.034903
0.148187 0.001129 0.035058
0.148196 -0.001298 0.035045
0.145780 0.001125 0.034832
0.145791 -0.001294 0.034818
0.143371 0.001128 0.034608
0.143376 -0.001295 0.034592
0.140951 0.001150 0.034396
0.140996 -0.001269 0.034378
0.138203 0.000950 0.034205
0.138263 -0.000858 0.034170
0.136901 0.002223 0.033831
0.137103 -0.001962 0.033700
0.134158 0.001514 0.033186
0.134224 -0.001429 0.033077
0.132368 0.001378 0.032789
0.132440 -0.001286 0.032705
0.127446 0.002544 0.033586
0.127458 -0.002496 0.033592
0.125722 0.001593 0.033354
0.125729 -0.001559 0.033362
0.123871 0.000870 0.032992
0.123875 -0.000847 0.032995
0.121712 0.000524 0.032308
0.121715 -0.000510 0.032310
0.119751 0.000287 0.031566
0.119755 -0.000279 0.031566
0.117033 0.001050 0.032427
0.117032 -0.001058 0.032428
0.148842 0.000956 0.036519
0.147967 0.001130 0.037448
0.148851 -0.000937 0.036509
0.147983 -0.001297 0.037432
0.145566 0.001120 0.037217
0.145580 -0.001296 0.037198
0.143155 0.001120 0.036994
0.143173 -0.001294 0.036972
0.140739 0.001128 0.036790
0.140777 -0.001277 0.036764
0.138372 0.001122 0.036589
0.138402 -0.001087 0.036568
0.128168 0.001683 0.035993
0.128178 -0.001641 0.035999
0.126266 0.001034 0.035448
0.126270 -0.001002 0.035453
0.124817 0.000454 0.034611
0.124818 -0.000429 0.034613
0.121736 0.000220 0.033061
0.121737 -0.000204 0.033063
0.120644 0.000355 0.032804
0.120645 -0.000346 0.032806
0.116353 0.001192 0.034689
0.116352 -0.001199 0.034691
0.146822 0.001132 0.038970
0.146843 -0.001122 0.038950
0.145346 0.001108 0.039615
0.145379 -0.001301 0.039583
0.142937 0.001102 0.039387
0.142972 -0.001300 0.039354
0.139761 0.000734 0.039993
0.139792 -0.000785 0.039975
0.138823 0.000810 0.038526
0.138858 -0.000843 0.038506
0.127862 0.001702 0.037491
0.127872 -0.001669 0.037495
0.126562 0.000697 0.037893
0.126566 -0.000671 0.037896
0.125481 0.000580 0.036251
0.125483 -0.000554 0.036253
0.123486 0.000419 0.034017
0.123489 -0.000399 0.034020
0.118839 0.001124 0.037240
0.118838 -0.001307 0.037241
0.115704 0.001355 0.036961
0.115704 -0.001358 0.036962
0.145680 0.001402 0.040092
0.144268 0.001726 0.041286
0.145722 -0.001416 0.040054
0.144343 -0.001771 0.041225
0.142683 0.001046 0.041809
0.142781 -0.001112 0.041746
0.140806 0.001267 0.041154
0.140855 -0.001342 0.041132
0.128768 0.000939 0.039839
0.128771 -0.000910 0.039841
0.127420 0.000918 0.038748
0.127426 -0.000890 0.038748
0.123476 0.001125 0.039893
0.123478 -0.001294 0.039895
0.121077 0.001121 0.039750
0.121078 -0.001298 0.039751
0.118656 0.001123 0.039614
0.118657 -0.001306 0.039616
0.115059 0.001508 0.039227
0.115058 -0.001507 0.039228
0.143302 0.002273 0.043463
0.142350 0.002083 0.043540
0.143510 -0.002377 0.043319
0.142558 -0.002204 0.043405
0.141109 0.002225 0.043141
0.141319 -0.002343 0.042999
0.131969 0.001232 0.043117
0.130638 0.000978 0.041787
0.131972 -0.001206 0.043117
0.130642 -0.000952 0.041786
0.125699 0.001124 0.042444
0.125700 -0.001288 0.042444
0.123307 0.001128 0.042291
0.123309 -0.001299 0.042292
0.120908 0.001128 0.042134
0.120909 -0.001303 0.042135
0.118511 0.001131 0.041960
0.118511 -0.001312 0.041961
0.114457 0.001746 0.041519
0.114455 -0.001743 0.041522
0.133126 0.002129 0.046214
0.132829 0.002214 0.044710
0.133128 -0.002107 0.046213
0.132832 -0.002189 0.044710
0.127928 0.001123 0.045026
0.127928 -0.001289 0.045025
0.125536 0.001121 0.044852
0.125538 -0.001289 0.044852
0.123143 0.001125 0.044687
0.123144 -0.001297 0.044687
0.120749 0.001127 0.044504
0.120748 -0.001302 0.044505
0.118354 0.001124 0.044356
0.118354 -0.001302 0.044358
0.113974 0.001721 0.043890
0.113975 -0.001715 0.043891
0.133121 0.000834 0.047818
0.133121 -0.000816 0.047817
0.130157 0.001122 0.047608
0.130156 -0.001289 0.047608
0.127751 0.001123 0.047431
0.127753 -0.001289 0.047431
0.125363 0.001124 0.047261
0.125363 -0.001292 0.047261
0.122970 0.001122 0.047080
0.122971 -0.001293 0.047080
0.120584 0.001126 0.046900
0.120585 -0.001298 0.046900
0.118175 0.001117 0.046700
0.118176 -0.001291 0.046702
0.113623 0.001760 0.046149
0.113624 -0.001751 0.046151
0.133073 0.001337 0.050072
0.133074 -0.001319 0.050071
0.129981 0.001122 0.050013
0.129981 -0.001290 0.050013
0.127583 0.001121 0.049841
0.127584 -0.001289 0.049842
0.125185 0.001120 0.049669
0.125185 -0.001290 0.049669
0.122790 0.001120 0.049481
0.122791 -0.001291 0.049480
0.120383 0.001117 0.049290
0.120383 -0.001288 0.049290
0.117978 0.001109 0.049066
0.117978 -0.001280 0.049066
0.113280 0.001947 0.048204
0.113281 -0.001935 0.048206
0.133498 0.001431 0.052174
0.133498 -0.001414 0.052172
0.129803 0.001122 0.052419
0.129804 -0.001290 0.052418
0.127397 0.001121 0.052252
0.127398 -0.001290 0.052250
0.124994 0.001120 0.052072
0.124994 -0.001289 0.052071
0.122590 0.001120 0.051884
0.122589 -0.001290 0.051883
0.120178 0.001112 0.051662
0.120179 -0.001283 0.051663
0.117735 0.001112 0.051459
0.117734 -0.001282 0.051460
0.112629 0.001407 0.050511
0.112629 -0.001391 0.050511
0.135935 0.001128 0.056209
0.134719 0.001119 0.054909
0.135935 -0.001112 0.056208
0.134721 -0.001103 0.054908
0.132033 0.001121 0.055001
0.132032 -0.001290 0.054999
0.129627 0.001121 0.054824
0.129627 -0.001291 0.054823
0.127207 0.001121 0.054645
0.127207 -0.001290 0.054646
0.124785 0.001119 0.054472
0.124785 -0.001289 0.054472
0.122375 0.001122 0.054275
0.122376 -0.001292 0.054276
0.119962 0.001122 0.054046
0.119962 -0.001292 0.054047
0.117502 0.001128 0.053743
0.117501 -0.001297 0.053744
0.112427 0.001173 0.052562
0.112427 -0.001158 0.052562
0.137880 0.001109 0.058693
0.137008 0.001134 0.057465
0.137882 -0.001095 0.058692
0.137008 -0.001119 0.057465
0.134260 0.001119 0.057577
0.134261 -0.001289 0.057576
0.131856 0.001120 0.057405
0.131857 -0.001292 0.057405
0.129432 0.001117 0.057216
0.129433 -0.001288 0.057215
0.127005 0.001117 0.057039
0.127005 -0.001287 0.057038
0.124580 0.001118 0.056861
0.124580 -0.001287 0.056862
0.122141 0.001117 0.056671
0.122141 -0.001286 0.056672
0.119731 0.001131 0.056410
0.119729 -0.001300 0.056410
0.113896 0.001307 0.056718
0.113896 -0.001289 0.056718
0.112491 0.001680 0.055761
0.112492 -0.001662 0.055763
0.138812 0.001124 0.060369
0.138813 -0.001110 0.060369
0.136489 0.001121 0.060164
0.136490 -0.001291 0.060163
0.134085 0.001120 0.059988
0.134085 -0.001292 0.059987
0.131667 0.001117 0.059796
0.131667 -0.001290 0.059796
0.129250 0.001117 0.059616
0.129251 -0.001289 0.059616
0.125114 0.001026 0.060664
0.125114 -0.001014 0.060663
0.123437 0.000667 0.059714
0.123436 -0.000654 0.059713
0.121903 0.001288 0.059272
0.121902 -0.001274 0.059271
0.119470 0.001140 0.058839
0.119467 -0.001308 0.058842
0.115475 0.000510 0.057535
0.115475 -0.000492 0.057535
0.139927 0.000993 0.063323
0.139386 0.001395 0.061824
0.139929 -0.000982 0.063322
0.139387 -0.001382 0.061823
0.136314 0.001120 0.062570
0.136313 -0.001292 0.062569
0.133901 0.001120 0.062381
0.133900 -0.001293 0.062380
0.131490 0.001118 0.062199
0.131490 -0.001292 0.062197
0.128092 0.000638 0.062712
0.128092 -0.000628 0.062712
0.126675 0.000763 0.061788
0.126675 -0.000752 0.061787
0.140328 0.001079 0.065408
0.138542 0.001119 0.065152
0.140329 -0.001067 0.065408
0.138543 -0.001292 0.065150
0.136135 0.001119 0.064966
0.136135 -0.001293 0.064964
0.133726 0.001118 0.064784
0.133726 -0.001293 0.064782
0.130757 0.000698 0.065359
0.130759 -0.000690 0.065359
0.129515 0.000673 0.064294
0.130649 0.002217 0.063521
0.130651 -0.002207 0.063520
0.129515 -0.000664 0.064293
0.140629 0.001119 0.067745
0.140630 -0.001108 0.067743
0.138365 0.001119 0.067557
0.138366 -0.001293 0.067556
0.135959 0.001118 0.067369
0.135959 -0.001293 0.067368
0.133176 0.000857 0.068006
0.133176 -0.000849 0.068005
0.131850 0.001003 0.066591
0.131850 -0.000996 0.066590
0.140593 0.001118 0.070134
0.140594 -0.001294 0.070133
0.138188 0.001117 0.069962
0.138189 -0.001294 0.069961
0.135783 0.001117 0.069775
0.135783 -0.001294 0.069774
0.133902 0.000837 0.069365
0.133901 -0.000830 0.069364
0.140417 0.001118 0.072540
0.140418 -0.001294 0.072539
0.138012 0.001117 0.072368
0.138012 -0.001295 0.072367
0.135230 0.001191 0.072293
0.135230 -0.001186 0.072292
0.134552 0.001113 0.071028
0.134552 -0.001107 0.071027
0.139654 0.001019 0.074724
0.139655 -0.001013 0.074724
0.137836 0.001116 0.074774
0.137836 -0.001296 0.074772
0.136041 0.001018 0.074351
0.136040 -0.001014 0.074349
0.138727 0.000996 0.075999
0.137701 0.001115 0.076869
0.138727 -0.000992 0.075998
0.137702 -0.001110 0.076868
0.136711 0.000920 0.076046
0.136711 -0.000916 0.076045
0.134085 0.001350 0.053409
0.134085 -0.001335 0.053408
0.133912 -0.003966 0.053453
0.133911 0.003982 0.053455
0.133960 -0.004927 0.054226
0.133957 0.004943 0.054231
0.122261 0.004392 0.027458
0.124411 0.003593 0.011580
0.122259 -0.004408 0.027463
0.124412 -0.003607 0.011560
0.138644 0.015686 0.024679
0.125170 0.005491 0.012145
0.138637 -0.015714 0.024696
0.125171 -0.005509 0.012115
0.140991 -0.008310 0.030885
0.140704 0.008749 0.031321
0.143159 -0.008093 0.028752
0.139669 0.006710 0.038250
0.139935 -0.006613 0.037904
0.142873 0.008661 0.029180
0.120170 0.018809 0.056731
0.130610 0.024697 0.041976
0.120170 -0.018791 0.056738
0.130598 -0.024701 0.042004
0.117872 0.016509 0.054936
0.125739 0.014893 0.030346
0.117872 -0.016491 0.054943
0.125732 -0.014907 0.030363
0.129402 0.008709 0.049047
0.119207 0.002996 0.034133
0.129405 -0.008691 0.049042
0.119206 -0.003004 0.034136
0.136493 0.006155 0.029979
0.119696 0.001593 0.028154
0.136495 -0.006444 0.029909
0.119695 -0.001607 0.028155
0.139376 0.010469 0.027717
0.134458 0.009769 0.020492
0.139380 -0.010731 0.027599
0.134460 -0.009831 0.020439
0.141769 0.011668 0.027907
0.150096 0.001488 0.014051
0.141773 -0.011932 0.027776
0.150096 -0.001512 0.014043
0.130111 0.018793 0.032106
0.134675 0.008100 -0.053570
0.130103 -0.018807 0.032127
0.134675 -0.008100 -0.053570
0.112370 0.008008 0.052342
0.133243 0.004600 -0.046367
0.112370 -0.007992 0.052345
0.133243 -0.004600 -0.046367
0.136640 0.011101 0.009071
0.136513 0.012000 0.010334
0.136642 -0.011099 0.009010
0.136513 -0.012000 0.010334
0.148528 -0.000003 0.010959
0.149277 0.000000 0.012454
0.126525 0.000008 0.006258
0.125430 0.000000 0.007357
0.141997 0.005363 0.022866
0.140197 0.009663 0.028779
0.141998 -0.005437 0.022837
0.140200 -0.009937 0.028670
0.144176 0.005445 0.029754
0.141026 0.007250 0.031036
0.144177 -0.005555 0.029724
0.141029 -0.007549 0.030954
0.141482 0.010659 0.024345
0.141401 0.010970 0.027475
0.141485 -0.010741 0.024286
0.141404 -0.011229 0.027352
0.141276 0.005452 0.027023
0.139730 0.005365 0.028318
0.141277 -0.005548 0.026993
0.139731 -0.005635 0.028257
0.144428 0.007950 0.027774
0.142773 0.009661 0.029178
0.144430 -0.008050 0.027730
0.142776 -0.009939 0.029069
0.125650 0.000010 0.041450
0.118481 -0.000005 0.031969
0.140670 0.024710 0.064714
0.143678 0.024503 0.055184
0.140670 -0.024690 0.064724
0.143666 -0.024497 0.055212
0.111650 0.000008 0.049749
0.112324 0.000002 0.040997
0.120355 0.013505 0.049571
0.122103 0.018009 0.055407
0.120348 -0.013495 0.049587
0.122103 -0.017991 0.055414
0.128340 0.020901 0.046408
0.134536 0.024510 0.061419
0.128331 -0.020899 0.046431
0.134536 -0.024490 0.061429
0.140206 0.024398 0.044867
0.128004 0.021809 0.058428
0.140194 -0.024402 0.044895
0.128004 -0.021791 0.058436
0.120355 0.013505 0.049571
0.116737 0.012008 0.051603
0.120348 -0.013495 0.049587
0.116737 -0.011992 0.051607
0.143453 0.006480 0.016963
0.143316 0.016481 0.016631
0.143455 -0.006520 0.016927
0.143308 -0.016519 0.016650
0.123904 -0.000004 0.010327
0.119537 -0.000010 0.022723
0.119631 0.000193 0.028952
0.132590 0.002763 0.028558
0.119631 -0.000207 0.028952
0.132591 -0.003037 0.028525
0.131866 0.000006 0.057848
0.112994 0.000008 0.054182
0.134357 0.012607 0.058036
0.126014 0.019009 0.059216
0.134362 -0.012593 0.058028
0.126014 -0.018991 0.059223

CELLS 2062 18558
8 141 144 158 155 0 3 2 1
8 4 7 6 5 143 145 159 157
8 144 146 160 158 3 147 13 2
8 15 6 7 148 161 159 145 149
8 155 158 172 167 1 2 9 8
8 5 6 11 10 157 159 173 171
8 158 160 174 172 2 13 12 9
8 6 15 14 11 159 161 175 173
8 160 162 176 174 13 163 23 12
8 15 164 25 14 161 165 177 175
8 166 167 184 180 168 8 16 26
8 169 10 18 29 170 171 185 183
8 167 172 186 184 8 9 17 16
8 10 11 19 18 171 173 187 185
8 172 174 188 186 9 12 20 17
8 11 14 21 19 173 175 189 187
8 174 176 190 188 12 23 22 20
8 14 25 24 21 175 177 191 189
8 180 184 200 197 26 16 28 27
8 29 18 31 30 183 185 201 199
8 184 186 202 200 16 17 32 28
8 18 19 33 31 185 187 203 201
8 186 188 204 202 17 20 34 32
8 19 21 35 33 187 189 205 203
8 188 190 206 204 20 22 36 34
8 21 24 37 35 189 191 207 205
8 196 197 211 210 38 27 40 39
8 41 30 43 42 198 199 213 212
8 197 200 214 211 27 28 44 40
8 30 31 45 43 199 201 215 213
8 200 202 216 214 28 32 46 44
8 31 33 47 45 201 203 217 215
8 202 204 218 216 32 34 48 46
8 33 35 49 47 203 205 219 217
8 204 206 220 218 34 36 50 48
8 35 37 51 49 205 207 221 219
8 210 211 226 224 39 40 53 52
8 42 43 55 54 212 213 227 225
8 211 214 228 226 40 44 56 53
8 43 45 57 55 213 215 229 227
8 214 216 230 228 44 46 58 56
8 45 47 59 57 215 217 231 229
8 216 218 232 230 46 48 60 58
8 47 49 61 59 217 219 233 231
8 218 220 234 232 48 50 62 60
8 49 51 63 61 219 221 235 233
8 249 250 278 272 252 64 65 273
8 253 68 69 274 255 256 279 277
8 250 258 280 278 64 67 66 65
8 68 71 70 69 256 260 281 279
8 258 262 282 280 67 73 72 66
8 71 75 74 70 260 264 283 281
8 262 266 284 282 73 77 76 72
8 75 79 78 74 264 268 285 283
8 266 287 286 284 77 289 288 76
8 79 291 290 78 268 293 292 285
8 272 278 300 295 273 65 80 296
8 274 69 82 297 277 279 301 299
8 278 280 302 300 65 66 81 80
8 69 70 83 82 279 281 303 301
8 280 282 304 302 66 72 84 81
8 70 74 85 83 281 283 305 303
8 282 284 306 304 72 76 86 84
8 74 78 87 85 283 285 307 305
8 284 286 308 306 76 288 97 86
8 78 290 99 87 285 292 309 307
8 295 300 317 316 296 80 88 318
8 297 82 90 319 299 301 321 320
8 300 302 322 317 80 81 89 88
8 82 83 91 90 301 303 323 321
8 302 304 324 322 81 84 92 89
8 83 85 93 91 303 305 325 323
8 304 306 326 324 84 86 94 92
8 85 87 95 93 305 307 327 325
8 306 308 328 326 86 97 96 94
8 87 99 98 95 307 309 329 327
8 308 310 330 328 97 312 331 96
8 99 313 332 98 309 314 333 329
8 317 322 338 335 88 89 101 100
8 90 91 103 102 321 323 339 337
8 322 324 340 338 89 92 104 101
8 91 93 105 103 323 325 341 339
8 324 326 342 340 92 94 106 104
8 93 95 107 105 325 327 343 341
8 326 328 344 342 94 96 108 106
8 95 98 109 107 327 329 345 343
8 328 330 346 344 96 331 119 108
8 98 332 121 109 329 333 347 345
8 338 340 356 353 101 104 111 110
8 103 105 113 112 339 341 357 355
8 340 342 358 356 104 106 114 111
8 105 107 115 113 341 343 359 357
8 342 344 360 358 106 108 116 114
8 107 109 117 115 343 345 361 359
8 344 346 362 360 108 119 118 116
8 109 121 120 117 345 347 363 361
8 353 356 369 368 110 111 123 122
8 112 113 125 124 355 357 371 370
8 356 358 372 369 111 114 126 123
8 113 115 127 125 357 359 373 371
8 358 360 374 372 114 116 128 126
8 115 117 129 127 359 361 375 373
8 360 362 376 374 116 118 130 128
8 117 120 131 129 361 363 377 375
8 362 364 378 376 118 365 379 130
8 120 366 380 131 363 367 381 377
8 369 372 386 383 123 126 133 132
8 125 127 135 134 371 373 387 385
8 372 374 388 386 126 128 136 133
8 127 129 137 135 373 375 389 387
8 374 376 390 388 128 130 138 136
8 129 131 139 137 375 377 391 389
8 376 378 392 390 130 379 151 138
8 131 380 153 139 377 381 393 391
8 383 386 398 395 132 133 141 140
8 134 135 143 142 385 387 399 397
8 386 388 400 398 133 136 144 141
8 135 137 145 143 387 389 401 399
8 388 390 402 400 136 138 146 144
8 137 139 149 145 389 391 403 401
8 390 392 404 402 138 151 150 146
8 139 153 152 149 391 393 405 403
8 395 398 414 411 140 141 155 154
8 142 143 157 156 397 399 415 413
8 398 400 416 414 141 144 158 155
8 143 145 159 157 399 401 417 415
8 400 402 418 416 144 146 160 158
8 145 149 161 159 401 403 419 417
8 402 404 420 418 146 150 162 160
8 149 152 165 161 403 405 421 419
8 411 414 428 425 154 155 167 166
8 156 157 171 170 413 415 429 427
8 414 416 430 428 155 158 172 167
8 157 159 173 171 415 417 431 429
8 416 418 432 430 158 160 174 172
8 159 161 175 173 417 419 433 431
8 418 420 434 432 160 162 176 174
8 161 165 177 175 419 421 435 433
8 424 425 439 438 178 166 180 179
8 181 170 183 182 426 427 441 440
8 425 428 442 439 166 167 184 180
8 170 171 185 183 427 429 443 441
8 428 430 444 442 167 172 186 184
8 171 173 187 185 429 431 445 443
8 430 432 446 444 172 174 188 186
8 173 175 189 187 431 433 447 445
8 432 434 448 446 174 176 190 188
8 175 177 191 189 433 435 449 447
8 434 436 450 448 176 193 192 190
8 177 195 194 191 435 437 451 449
8 438 439 458 456 179 180 197 196
8 182 183 199 198 440 441 459 457
8 439 442 460 458 180 184 200 197
8 183 185 201 199 441 443 461 459
8 442 444 462 460 184 186 202 200
8 185 187 203 201 443 445 463 461
8 444 446 464 462 186 188 204 202
8 187 189 205 203 445 447 465 463
8 446 448 466 464 188 190 206 204
8 189 191 207 205 447 449 467 465
8 448 450 468 466 190 192 208 206
8 191 194 209 207 449 451 469 467
8 456 458 474 472 196 197 211 210
8 198 199 213 212 457 459 475 473
8 458 460 476 474 197 200 214 211
8 199 201 215 213 459 461 477 475
8 460 462 478 476 200 202 216 214
8 201 203 217 215 461 463 479 477
8 462 464 480 478 202 204 218 216
8 203 205 219 217 463 465 481 479
8 464 466 482 480 204 206 220 218
8 205 207 221 219 465 467 483 481
8 466 468 484 482 206 208 222 220
8 207 209 223 221 467 469 485 483
8 472 474 492 489 210 211 226 224
8 212 213 227 225 473 475 493 491
8 474 476 494 492 211 214 228 226
8 213 215 229 227 475 477 495 493
8 476 478 496 494 214 216 230 228
8 215 217 231 229 477 479 497 495
8 478 480 498 496 216 218 232 230
8 217 219 233 231 479 481 499 497
8 480 482 500 498 218 220 234 232
8 219 221 235 233 481 483 501 499
8 482 484 502 500 220 222 236 234
8 221 223 237 235 483 485 503 501
8 484 486 504 502 222 239 238 236
8 223 241 240 237 485 487 505 503
8 489 492 510 507 224 226 243 242
8 225 227 245 244 491 493 511 509
8 492 494 512 510 226 228 246 243
8 227 229 247 245 493 495 513 511
8 526 529 528 527 530 248 249 270
8 531 254 255 275 532 535 534 533
8 529 537 536 528 248 251 250 249
8 254 257 256 255 535 539 538 534
8 537 541 540 536 251 259 258 250
8 257 261 260 256 539 543 542 538
8 541 545 544 540 259 263 262 258
8 261 265 264 260 543 547 546 542
8 545 549 548 544 263 267 266 262
8 265 269 268 264 547 551 550 546
8 549 553 552 548 267 554 287 266
8 269 555 293 268 551 557 556 550
8 527 528 570 566 270 249 272 271
8 275 255 277 276 533 534 571 569
8 528 536 572 570 249 250 278 272
8 255 256 279 277 534 538 573 571
8 536 540 574 572 250 258 280 278
8 256 260 281 279 538 542 575 573
8 540 544 576 574 258 262 282 280
8 260 264 283 281 542 546 577 575
8 544 548 578 576 262 266 284 282
8 264 268 285 283 546 550 579 577
8 548 552 580 578 266 287 286 284
8 268 293 292 285 550 556 581 579
8 552 558 582 580 287 560 311 286
8 293 561 315 292 556 562 583 581
8 566 570 588 585 271 272 295 294
8 276 277 299 298 569 571 589 587
8 570 572 590 588 272 278 300 295
8 277 279 301 299 571 573 591 589
8 572 574 592 590 278 280 302 300
8 279 281 303 301 573 575 593 591
8 574 576 594 592 280 282 304 302
8 281 283 305 303 575 577 595 593
8 576 578 596 594 282 284 306 304
8 283 285 307 305 577 579 597 595
8 578 580 598 596 284 286 308 306
8 285 292 309 307 579 581 599 597
8 580 582 600 598 286 311 310 308
8 292 315 314 309 581 583 601 599
8 585 588 607 606 294 295 316 608
8 298 299 320 609 587 589 611 610
8 588 590 612 607 295 300 317 316
8 299 301 321 320 589 591 613 611
8 590 592 614 612 300 302 322 317
8 301 303 323 321 591 593 615 613
8 592 594 616 614 302 304 324 322
8 303 305 325 323 593 595 617 615
8 594 596 618 616 304 306 326 324
8 305 307 327 325 595 597 619 617
8 596 598 620 618 306 308 328 326
8 307 309 329 327 597 599 621 619
8 598 600 622 620 308 310 330 328
8 309 314 333 329 599 601 623 621
8 607 612 627 626 316 317 335 334
8 320 321 337 336 611 613 629 628
8 612 614 630 627 317 322 338 335
8 321 323 339 337 613 615 631 629
8 614 616 632 630 322 324 340 338
8 323 325 341 339 615 617 633 631
8 616 618 634 632 324 326 342 340
8 325 327 343 341 617 619 635 633
8 618 620 636 634 326 328 344 342
8 327 329 345 343 619 621 637 635
8 620 622 638 636 328 330 346 344
8 329 333 347 345 621 623 639 637
8 622 624 640 638 330 349 348 346
8 333 351 350 347 623 625 641 639
8 627 630 647 646 335 338 353 352
8 337 339 355 354 629 631 649 648
8 630 632 650 647 338 340 356 353
8 339 341 357 355 631 633 651 649
8 632 634 652 650 340 342 358 356
8 341 343 359 357 633 635 653 651
8 634 636 654 652 342 344 360 358
8 343 345 361 359 635 637 655 653
8 636 638 656 654 344 346 362 360
8 345 347 363 361 637 639 657 655
8 638 640 658 656 346 348 364 362
8 347 350 367 363 639 641 659 657
8 647 650 665 664 353 356 369 368
8 355 357 371 370 649 651 667 666
8 650 652 668 665 356 358 372 369
8 357 359 373 371 651 653 669 667
8 652 654 670 668 358 360 374 372
8 359 361 375 373 653 655 671 669
8 654 656 672 670 360 362 376 374
8 361 363 377 375 655 657 673 671
8 656 658 674 672 362 364 378 376
8 363 367 381 377 657 659 675 673
8 658 660 676 674 364 661 677 378
8 367 662 678 381 659 663 679 675
8 664 665 681 680 368 369 383 382
8 370 371 385 384 666 667 683 682
8 665 668 684 681 369 372 386 383
8 371 373 387 385 667 669 685 683
8 668 670 686 684 372 374 388 386
8 373 375 389 387 669 671 687 685
8 670 672 688 686 374 376 390 388
8 375 377 391 389 671 673 689 687
8 672 674 690 688 376 378 392 390
8 377 381 393 391 673 675 691 689
8 674 676 692 690 378 677 407 392
8 381 678 409 393 675 679 693 691
8 680 681 695 694 382 383 395 394
8 384 385 397 396 682 683 697 696
8 681 684 698 695 383 386 398 395
8 385 387 399 397 683 685 699 697
8 684 686 700 698 386 388 400 398
8 387 389 401 399 685 687 701 699
8 686 688 702 700 388 390 402 400
8 389 391 403 401 687 689 703 701
8 688 690 704 702 390 392 404 402
8 391 393 405 403 689 691 705 703
8 690 692 706 704 392 407 406 404
8 393 409 408 405 691 693 707 705
8 694 695 713 712 394 395 411 410
8 396 397 413 412 696 697 715 714
8 695 698 716 713 395 398 414 411
8 397 399 415 413 697 699 717 715
8 698 700 718 716 398 400 416 414
8 399 401 417 415 699 701 719 717
8 700 702 720 718 400 402 418 416
8 401 403 419 417 701 703 721 719
8 702 704 722 720 402 404 420 418
8 403 405 421 419 703 705 723 721
8 704 706 724 722 404 406 422 420
8 405 408 423 421 705 707 725 723
8 712 713 734 730 410 411 425 424
8 412 413 427 426 714 715 735 733
8 713 716 736 734 411 414 428 425
8 413 415 429 427 715 717 737 735
8 716 718 738 736 414 416 430 428
8 415 417 431 429 717 719 739 737
8 718 720 740 738 416 418 432 430
8 417 419 433 431 719 721 741 739
8 720 722 742 740 418 420 434 432
8 419 421 435 433 721 723 743 741
8 722 724 744 742 420 422 436 434
8 421 423 437 435 723 725 745 743
8 730 734 752 749 424 425 439 438
8 426 427 441 440 733 735 753 751
8 734 736 754 752 425 428 442 439
8 427 429 443 441 735 737 755 753
8 736 738 756 754 428 430 444 442
8 429 431 445 443 737 739 757 755
8 738 740 758 756 430 432 446 444
8 431 433 447 445 739 741 759 757
8 740 742 760 758 432 434 448 446
8 433 435 449 447 741 743 761 759
8 742 744 762 760 434 436 450 448
8 435 437 451 449 743 745 763 761
8 744 746 764 762 436 453 452 450
8 437 455 454 451 745 747 765 763
8 749 752 772 770 438 439 458 456
8 440 441 459 457 751 753 773 771
8 752 754 774 772 439 442 460 458
8 441 443 461 459 753 755 775 773
8 754 756 776 774 442 444 462 460
8 443 445 463 461 755 757 777 775
8 756 758 778 776 444 446 464 462
8 445 447 465 463 757 759 779 777
8 758 760 780 778 446 448 466 464
8 447 449 467 465 759 761 781 779
8 760 762 782 780 448 450 468 466
8 449 451 469 467 761 763 783 781
8 762 764 784 782 450 452 470 468
8 451 454 471 469 763 765 785 783
8 770 772 790 788 456 458 474 472
8 457 459 475 473 771 773 791 789
8 772 774 792 790 458 460 476 474
8 459 461 477 475 773 775 793 791
8 774 776 794 792 460 462 478 476
8 461 463 479 477 775 777 795 793
8 776 778 796 794 462 464 480 478
8 463 465 481 479 777 779 797 795
8 778 780 798 796 464 466 482 480
8 465 467 483 481 779 781 799 797
8 780 782 800 798 466 468 484 482
8 467 469 485 483 781 783 801 799
8 782 784 802 800 468 470 486 484
8 469 471 487 485 783 785 803 801
8 788 790 810 807 472 474 492 489
8 473 475 493 491 789 791 811 809
8 790 792 812 810 474 476 494 492
8 475 477 495 493 791 793 813 811
8 792 794 814 812 476 478 496 494
8 477 479 497 495 793 795 815 813
8 794 796 816 814 478 480 498 496
8 479 481 499 497 795 797 817 815
8 796 798 818 816 480 482 500 498
8 481 483 501 499 797 799 819 817
8 798 800 820 818 482 484 502 500
8 483 485 503 501 799 801 821 819
8 800 802 822 820 484 486 504 502
8 485 487 505 503 801 803 823 821
8 806 807 827 826 488 489 507 506
8 490 491 509 508 808 809 829 828
8 807 810 830 827 489 492 510 507
8 491 493 511 509 809 811 831 829
8 810 812 832 830 492 494 512 510
8 493 495 513 511 811 813 833 831
8 826 827 836 834 506 507 515 514
8 508 509 517 516 828 829 837 835
8 834 836 842 840 514 515 519 518
8 516 517 521 520 835 837 843 841
8 840 842 848 846 518 519 523 522
8 520 521 525 524 841 843 849 847
8 846 848 856 852 522 523 857 853
8 524 525 858 854 847 849 859 855
8 864 867 866 865 868 526 527 564
8 869 532 533 567 870 873 872 871
8 867 875 874 866 526 529 528 527
8 532 535 534 533 873 877 876 872
8 875 879 878 874 529 537 536 528
8 535 539 538 534 877 881 880 876
8 879 883 882 878 537 541 540 536
8 539 543 542 538 881 885 884 880
8 883 887 886 882 541 545 544 540
8 543 547 546 542 885 889 888 884
8 887 891 890 886 545 549 548 544
8 547 551 550 546 889 893 892 888
8 891 895 894 890 549 553 552 548
8 551 557 556 550 893 897 896 892
8 895 899 898 894 553 559 558 552
8 557 563 562 556 897 901 900 896
8 865 866 909 908 564 527 566 565
8 567 533 569 568 871 872 911 910
8 866 874 912 909 527 528 570 566
8 533 534 571 569 872 876 913 911
8 874 878 914 912 528 536 572 570
8 534 538 573 571 876 880 915 913
8 878 882 916 914 536 540 574 572
8 538 542 575 573 880 884 917 915
8 882 886 918 916 540 544 576 574
8 542 546 577 575 884 888 919 917
8 886 890 920 918 544 548 578 576
8 546 550 579 577 888 892 921 919
8 890 894 922 920 548 552 580 578
8 550 556 581 579 892 896 923 921
8 894 898 924 922 552 558 582 580
8 556 562 583 581 896 900 925 923
8 898 902 926 924 558 904 603 582
8 562 905 605 583 900 906 927 925
8 908 909 933 932 565 566 585 584
8 568 569 587 586 910 911 935 934
8 909 912 936 933 566 570 588 585
8 569 571 589 587 911 913 937 935
8 912 914 938 936 570 572 590 588
8 571 573 591 589 913 915 939 937
8 914 916 940 938 572 574 592 590
8 573 575 593 591 915 917 941 939
8 916 918 942 940 574 576 594 592
8 575 577 595 593 917 919 943 941
8 918 920 944 942 576 578 596 594
8 577 579 597 595 919 921 945 943
8 920 922 946 944 578 580 598 596
8 579 581 599 597 921 923 947 945
8 922 924 948 946 580 582 600 598
8 581 583 601 599 923 925 949 947
8 924 926 950 948 582 603 602 600
8 583 605 604 601 925 927 951 949
8 932 933 957 956 584 585 606 958
8 586 587 610 959 934 935 961 960
8 933 936 962 957 585 588 607 606
8 587 589 611 610 935 937 963 961
8 936 938 964 962 588 590 612 607
8 589 591 613 611 937 939 965 963
8 938 940 966 964 590 592 614 612
8 591 593 615 613 939 941 967 965
8 940 942 968 966 592 594 616 614
8 593 595 617 615 941 943 969 967
8 942 944 970 968 594 596 618 616
8 595 597 619 617 943 945 971 969
8 944 946 972 970 596 598 620 618
8 597 599 621 619 945 947 973 971
8 946 948 974 972 598 600 622 620
8 599 601 623 621 947 949 975 973
8 948 950 976 974 600 602 624 622
8 601 604 625 623 949 951 977 975
8 950 952 978 976 602 953 643 624
8 604 954 645 625 951 955 979 977
8 962 964 984 981 607 612 627 626
8 611 613 629 628 963 965 985 983
8 964 966 986 984 612 614 630 627
8 613 615 631 629 965 967 987 985
8 966 968 988 986 614 616 632 630
8 615 617 633 631 967 969 989 987
8 968 970 990 988 616 618 634 632
8 617 619 635 633 969 971 991 989
8 970 972 992 990 618 620 636 634
8 619 621 637 635 971 973 993 991
8 972 974 994 992 620 622 638 636
8 621 623 639 637 973 975 995 993
8 974 976 996 994 622 624 640 638
8 623 625 641 639 975 977 997 995
8 976 978 998 996 624 643 642 640
8 625 645 644 641 977 979 999 997
8 984 986 1006 1004 627 630 647 646
8 629 631 649 648 985 987 1007 1005
8 986 988 1008 1006 630 632 650 647
8 631 633 651 649 987 989 1009 1007
8 988 990 1010 1008 632 634 652 650
8 633 635 653 651 989 991 1011 1009
8 990 992 1012 1010 634 636 654 652
8 635 637 655 653 991 993 1013 1011
8 992 994 1014 1012 636 638 656 654
8 637 639 657 655 993 995 1015 1013
8 994 996 1016 1014 638 640 658 656
8 639 641 659 657 995 997 1017 1015
8 996 998 1018 1016 640 642 660 658
8 641 644 663 659 997 999 1019 1017
8 1006 1008 1026 1023 647 650 665 664
8 649 651 667 666 1007 1009 1027 1025
8 1008 1010 1028 1026 650 652 668 665
8 651 653 669 667 1009 1011 1029 1027
8 1010 1012 1030 1028 652 654 670 668
8 653 655 671 669 1011 1013 1031 1029
8 1012 1014 1032 1030 654 656 672 670
8 655 657 673 671 1013 1015 1033 1031
8 1014 1016 1034 1032 656 658 674 672
8 657 659 675 673 1015 1017 1035 1033
8 1016 1018 1036 1034 658 660 676 674
8 659 663 679 675 1017 1019 1037 1035
8 1023 1026 1046 1043 664 665 681 680
8 666 667 683 682 1025 1027 1047 1045
8 1026 1028 1048 1046 665 668 684 681
8 667 669 685 683 1027 1029 1049 1047
8 1028 1030 1050 1048 668 670 686 684
8 669 671 687 685 1029 1031 1051 1049
8 1030 1032 1052 1050 670 672 688 686
8 671 673 689 687 1031 1033 1053 1051
8 1032 1034 1054 1052 672 674 690 688
8 673 675 691 689 1033 1035 1055 1053
8 1034 1036 1056 1054 674 676 692 690
8 675 679 693 691 1035 1037 1057 1055
8 1036 1038 1058 1056 676 1039 709 692
8 679 1040 711 693 1037 1041 1059 1057
8 1043 1046 1070 1065 680 681 695 694
8 682 683 697 696 1045 1047 1071 1069
8 1046 1048 1072 1070 681 684 698 695
8 683 685 699 697 1047 1049 1073 1071
8 1048 1050 1074 1072 684 686 700 698
8 685 687 701 699 1049 1051 1075 1073
8 1050 1052 1076 1074 686 688 702 700
8 687 689 703 701 1051 1053 1077 1075
8 1052 1054 1078 1076 688 690 704 702
8 689 691 705 703 1053 1055 1079 1077
8 1054 1056 1080 1078 690 692 706 704
8 691 693 707 705 1055 1057 1081 1079
8 1056 1058 1082 1080 692 709 708 706
8 693 711 710 707 1057 1059 1083 1081
8 1064 1065 1089 1088 1066 694 712 728
8 1067 696 714 731 1068 1069 1091 1090
8 1065 1070 1092 1089 694 695 713 712
8 696 697 715 714 1069 1071 1093 1091
8 1070 1072 1094 1092 695 698 716 713
8 697 699 717 715 1071 1073 1095 1093
8 1072 1074 1096 1094 698 700 718 716
8 699 701 719 717 1073 1075 1097 1095
8 1074 1076 1098 1096 700 702 720 718
8 701 703 721 719 1075 1077 1099 1097
8 1076 1078 1100 1098 702 704 722 720
8 703 705 723 721 1077 1079 1101 1099
8 1078 1080 1102 1100 704 706 724 722
8 705 707 725 723 1079 1081 1103 1101
8 1080 1082 1104 1102 706 708 726 724
8 707 710 727 725 1081 1083 1105 1103
8 1082 1084 1106 1104 708 1085 1107 726
8 710 1086 1108 727 1083 1087 1109 1105
8 1088 1089 1112 1110 728 712 730 729
8 731 714 733 732 1090 1091 1113 1111
8 1089 1092 1114 1112 712 713 734 730
8 714 715 735 733 1091 1093 1115 1113
8 1092 1094 1116 1114 713 716 736 734
8 715 717 737 735 1093 1095 1117 1115
8 1094 1096 1118 1116 716 718 738 736
8 717 719 739 737 1095 1097 1119 1117
8 1096 1098 1120 1118 718 720 740 738
8 719 721 741 739 1097 1099 1121 1119
8 1098 1100 1122 1120 720 722 742 740
8 721 723 743 741 1099 1101 1123 1121
8 1100 1102 1124 1122 722 724 744 742
8 723 725 745 743 1101 1103 1125 1123
8 1102 1104 1126 1124 724 726 746 744
8 725 727 747 745 1103 1105 1127 1125
8 1104 1106 1128 1126 726 1107 767 746
8 727 1108 769 747 1105 1109 1129 1127
8 1110 1112 1131 1130 729 730 749 748
8 732 733 751 750 1111 1113 1133 1132
8 1112 1114 1134 1131 730 734 752 749
8 733 735 753 751 1113 1115 1135 1133
8 1114 1116 1136 1134 734 736 754 752
8 735 737 755 753 1115 1117 1137 1135
8 1116 1118 1138 1136 736 738 756 754
8 737 739 757 755 1117 1119 1139 1137
8 1118 1120 1140 1138 738 740 758 756
8 739 741 759 757 1119 1121 1141 1139
8 1120 1122 1142 1140 740 742 760 758
8 741 743 761 759 1121 1123 1143 1141
8 1122 1124 1144 1142 742 744 762 760
8 743 745 763 761 1123 1125 1145 1143
8 1124 1126 1146 1144 744 746 764 762
8 745 747 765 763 1125 1127 1147 1145
8 1126 1128 1148 1146 746 767 766 764
8 747 769 768 765 1127 1129 1149 1147
8 1131 1134 1152 1150 749 752 772 770
8 751 753 773 771 1133 1135 1153 1151
8 1134 1136 1154 1152 752 754 774 772
8 753 755 775 773 1135 1137 1155 1153
8 1136 1138 1156 1154 754 756 776 774
8 755 757 777 775 1137 1139 1157 1155
8 1138 1140 1158 1156 756 758 778 776
8 757 759 779 777 1139 1141 1159 1157
8 1140 1142 1160 1158 758 760 780 778
8 759 761 781 779 1141 1143 1161 1159
8 1142 1144 1162 1160 760 762 782 780
8 761 763 783 781 1143 1145 1163 1161
8 1144 1146 1164 1162 762 764 784 782
8 763 765 785 783 1145 1147 1165 1163
8 1146 1148 1166 1164 764 766 786 784
8 765 768 787 785 1147 1149 1167 1165
8 1152 1154 1172 1169 772 774 792 790
8 773 775 793 791 1153 1155 1173 1171
8 1154 1156 1174 1172 774 776 794 792
8 775 777 795 793 1155 1157 1175 1173
8 1156 1158 1176 1174 776 778 796 794
8 777 779 797 795 1157 1159 1177 1175
8 1158 1160 1178 1176 778 780 798 796
8 779 781 799 797 1159 1161 1179 1177
8 1160 1162 1180 1178 780 782 800 798
8 781 783 801 799 1161 1163 1181 1179
8 1162 1164 1182 1180 782 784 802 800
8 783 785 803 801 1163 1165 1183 1181
8 1164 1166 1184 1182 784 786 804 802
8 785 787 805 803 1165 1167 1185 1183
8 1194 1191 1168 1169 810 807 788 790
8 789 791 811 809 1170 1171 1195 1193
8 1169 1172 1196 1194 790 792 812 810
8 791 793 813 811 1171 1173 1197 1195
8 1172 1174 1198 1196 792 794 814 812
8 793 795 815 813 1173 1175 1199 1197
8 1174 1176 1200 1198 794 796 816 814
8 795 797 817 815 1175 1177 1201 1199
8 1176 1178 1202 1200 796 798 818 816
8 797 799 819 817 1177 1179 1203 1201
8 1178 1180 1204 1202 798 800 820 818
8 799 801 821 819 1179 1181 1205 1203
8 1180 1182 1206 1204 800 802 822 820
8 801 803 823 821 1181 1183 1207 1205
8 1182 1184 1208 1206 802 804 824 822
8 803 805 825 823 1183 1185 1209 1207
8 1190 1191 1213 1212 806 807 827 826
8 808 809 829 828 1192 1193 1215 1214
8 1191 1194 1216 1213 807 810 830 827
8 809 811 831 829 1193 1195 1217 1215
8 1194 1196 1218 1216 810 812 832 830
8 811 813 833 831 1195 1197 1219 1217
8 1212 1213 1224 1221 826 827 836 834
8 828 829 837 835 1214 1215 1225 1223
8 1213 1216 1226 1224 827 830 838 836
8 829 831 839 837 1215 1217 1227 1225
8 1221 1224 1232 1229 834 836 842 840
8 835 837 843 841 1223 1225 1233 1231
8 1224 1226 1234 1232 836 838 844 842
8 837 839 845 843 1225 1227 1235 1233
8 1229 1232 1240 1237 840 842 848 846
8 841 843 849 847 1231 1233 1241 1239
8 1232 1234 1242 1240 842 844 850 848
8 843 845 851 849 1233 1235 1243 1241
8 1237 1240 1248 1245 846 848 856 852
8 847 849 859 855 1239 1241 1249 1247
8 1245 1248 1254 1251 852 856 861 860
8 855 859 863 862 1247 1249 1255 1253
8 1262 1267 1266 1261 864 867 866 865
8 870 873 872 871 1265 1269 1268 1264
8 1267 1271 1270 1266 867 875 874 866
8 873 877 876 872 1269 1273 1272 1268
8 1271 1275 1274 1270 875 879 878 874
8 877 881 880 876 1273 1277 1276 1272
8 1275 1279 1278 1274 879 883 882 878
8 881 885 884 880 1277 1281 1280 1276
8 1279 1283 1282 1278 883 887 886 882
8 885 889 888 884 1281 1285 1284 1280
8 1283 1287 1286 1282 887 891 890 886
8 889 893 892 888 1285 1289 1288 1284
8 1287 1291 1290 1286 891 895 894 890
8 893 897 896 892 1289 1293 1292 1288
8 1291 1295 1294 1290 895 899 898 894
8 897 901 900 896 1293 1297 1296 1292
8 1295 1299 1298 1294 899 903 902 898
8 901 907 906 900 1297 1301 1300 1296
8 1261 1266 1308 1305 865 866 909 908
8 871 872 911 910 1264 1268 1309 1307
8 1266 1270 1310 1308 866 874 912 909
8 872 876 913 911 1268 1272 1311 1309
8 1270 1274 1312 1310 874 878 914 912
8 876 880 915 913 1272 1276 1313 1311
8 1274 1278 1314 1312 878 882 916 914
8 880 884 917 915 1276 1280 1315 1313
8 1278 1282 1316 1314 882 886 918 916
8 884 888 919 917 1280 1284 1317 1315
8 1282 1286 1318 1316 886 890 920 918
8 888 892 921 919 1284 1288 1319 1317
8 1286 1290 1320 1318 890 894 922 920
8 892 896 923 921 1288 1292 1321 1319
8 1290 1294 1322 1320 894 898 924 922
8 896 900 925 923 1292 1296 1323 1321
8 1294 1298 1324 1322 898 902 926 924
8 900 906 927 925 1296 1300 1325 1323
8 1298 1302 1326 1324 902 929 928 926
8 906 931 930 927 1300 1303 1327 1325
8 1305 1308 1336 1333 908 909 933 932
8 910 911 935 934 1307 1309 1337 1335
8 1308 1310 1338 1336 909 912 936 933
8 911 913 937 935 1309 1311 1339 1337
8 1310 1312 1340 1338 912 914 938 936
8 913 915 939 937 1311 1313 1341 1339
8 1312 1314 1342 1340 914 916 940 938
8 915 917 941 939 1313 1315 1343 1341
8 1314 1316 1344 1342 916 918 942 940
8 917 919 943 941 1315 1317 1345 1343
8 1316 1318 1346 1344 918 920 944 942
8 919 921 945 943 1317 1319 1347 1345
8 1318 1320 1348 1346 920 922 946 944
8 921 923 947 945 1319 1321 1349 1347
8 1320 1322 1350 1348 922 924 948 946
8 923 925 949 947 1321 1323 1351 1349
8 1322 1324 1352 1350 924 926 950 948
8 925 927 951 949 1323 1325 1353 1351
8 1324 1326 1354 1352 926 928 952 950
8 927 930 955 951 1325 1327 1355 1353
8 1333 1336 1361 1360 932 933 957 956
8 934 935 961 960 1335 1337 1363 1362
8 1336 1338 1364 1361 933 936 962 957
8 935 937 963 961 1337 1339 1365 1363
8 1338 1340 1366 1364 936 938 964 962
8 937 939 965 963 1339 1341 1367 1365
8 1340 1342 1368 1366 938 940 966 964
8 939 941 967 965 1341 1343 1369 1367
8 1342 1344 1370 1368 940 942 968 966
8 941 943 969 967 1343 1345 1371 1369
8 1344 1346 1372 1370 942 944 970 968
8 943 945 971 969 1345 1347 1373 1371
8 1346 1348 1374 1372 944 946 972 970
8 945 947 973 971 1347 1349 1375 1373
8 1348 1350 1376 1374 946 948 974 972
8 947 949 975 973 1349 1351 1377 1375
8 1350 1352 1378 1376 948 950 976 974
8 949 951 977 975 1351 1353 1379 1377
8 1352 1354 1380 1378 950 952 978 976
8 951 955 979 977 1353 1355 1381 1379
8 1382 1380 1354 1356 1001 978 952 1357
8 955 1358 1003 979 1355 1359 1383 1381
8 1361 1364 1388 1385 957 962 981 980
8 961 963 983 982 1363 1365 1389 1387
8 1364 1366 1390 1388 962 964 984 981
8 963 965 985 983 1365 1367 1391 1389
8 1366 1368 1392 1390 964 966 986 984
8 965 967 987 985 1367 1369 1393 1391
8 1368 1370 1394 1392 966 968 988 986
8 967 969 989 987 1369 1371 1395 1393
8 1370 1372 1396 1394 968 970 990 988
8 969 971 991 989 1371 1373 1397 1395
8 1372 1374 1398 1396 970 972 992 990
8 971 973 993 991 1373 1375 1399 1397
8 1374 1376 1400 1398 972 974 994 992
8 973 975 995 993 1375 1377 1401 1399
8 1376 1378 1402 1400 974 976 996 994
8 975 977 997 995 1377 1379 1403 1401
8 1378 1380 1404 1402 976 978 998 996
8 977 979 999 997 1379 1381 1405 1403
8 1380 1382 1406 1404 978 1001 1000 998
8 979 1003 1002 999 1381 1383 1407 1405
8 1390 1392 1418 1416 984 986 1006 1004
8 985 987 1007 1005 1391 1393 1419 1417
8 1392 1394 1420 1418 986 988 1008 1006
8 987 989 1009 1007 1393 1395 1421 1419
8 1394 1396 1422 1420 988 990 1010 1008
8 989 991 1011 1009 1395 1397 1423 1421
8 1396 1398 1424 1422 990 992 1012 1010
8 991 993 1013 1011 1397 1399 1425 1423
8 1398 1400 1426 1424 992 994 1014 1012
8 993 995 1015 1013 1399 1401 1427 1425
8 1400 1402 1428 1426 994 996 1016 1014
8 995 997 1017 1015 1401 1403 1429 1427
8 1402 1404 1430 1428 996 998 1018 1016
8 997 999 1019 1017 1403 1405 1431 1429
8 1404 1406 1432 1430 998 1000 1020 1018
8 999 1002 1021 1019 1405 1407 1433 1431
8 1416 1418 1440 1437 1004 1006 1023 1022
8 1005 1007 1025 1024 1417 1419 1441 1439
8 1418 1420 1442 1440 1006 1008 1026 1023
8 1007 1009 1027 1025 1419 1421 1443 1441
8 1420 1422 1444 1442 1008 1010 1028 1026
8 1009 1011 1029 1027 1421 1423 1445 1443
8 1422 1424 1446 1444 1010 1012 1030 1028
8 1011 1013 1031 1029 1423 1425 1447 1445
8 1424 1426 1448 1446 1012 1014 1032 1030
8 1013 1015 1033 1031 1425 1427 1449 1447
8 1426 1428 1450 1448 1014 1016 1034 1032
8 1015 1017 1035 1033 1427 1429 1451 1449
8 1428 1430 1452 1450 1016 1018 1036 1034
8 1017 1019 1037 1035 1429 1431 1453 1451
8 1430 1432 1454 1452 1018 1020 1038 1036
8 1019 1021 1041 1037 1431 1433 1455 1453
8 1437 1440 1462 1459 1022 1023 1043 1042
8 1024 1025 1045 1044 1439 1441 1463 1461
8 1440 1442 1464 1462 1023 1026 1046 1043
8 1025 1027 1047 1045 1441 1443 1465 1463
8 1442 1444 1466 1464 1026 1028 1048 1046
8 1027 1029 1049 1047 1443 1445 1467 1465
8 1444 1446 1468 1466 1028 1030 1050 1048
8 1029 1031 1051 1049 1445 1447 1469 1467
8 1446 1448 1470 1468 1030 1032 1052 1050
8 1031 1033 1053 1051 1447 1449 1471 1469
8 1448 1450 1472 1470 1032 1034 1054 1052
8 1033 1035 1055 1053 1449 1451 1473 1471
8 1450 1452 1474 1472 1034 1036 1056 1054
8 1035 1037 1057 1055 1451 1453 1475 1473
8 1452 1454 1476 1474 1036 1038 1058 1056
8 1037 1041 1059 1057 1453 1455 1477 1475
8 1454 1456 1478 1476 1038 1061 1060 1058
8 1041 1063 1062 1059 1455 1457 1479 1477
8 1459 1462 1488 1485 1042 1043 1065 1064
8 1069 1068 1044 1045 1489 1487 1461 1463
8 1462 1464 1490 1488 1043 1046 1070 1065
8 1045 1047 1071 1069 1463 1465 1491 1489
8 1464 1466 1492 1490 1046 1048 1072 1070
8 1047 1049 1073 1071 1465 1467 1493 1491
8 1466 1468 1494 1492 1048 1050 1074 1072
8 1049 1051 1075 1073 1467 1469 1495 1493
8 1468 1470 1496 1494 1050 1052 1076 1074
8 1051 1053 1077 1075 1469 1471 1497 1495
8 1470 1472 1498 1496 1052 1054 1078 1076
8 1053 1055 1079 1077 1471 1473 1499 1497
8 1472 1474 1500 1498 1054 1056 1080 1078
8 1055 1057 1081 1079 1473 1475 1501 1499
8 1474 1476 1502 1500 1056 1058 1082 1080
8 1057 1059 1083 1081 1475 1477 1503 1501
8 1476 1478 1504 1502 1058 1060 1084 1082
8 1059 1062 1087 1083 1477 1479 1505 1503
8 1485 1488 1512 1509 1064 1065 1089 1088
8 1068 1069 1091 1090 1487 1489 1513 1511
8 1488 1490 1514 1512 1065 1070 1092 1089
8 1069 1071 1093 1091 1489 1491 1515 1513
8 1490 1492 1516 1514 1070 1072 1094 1092
8 1071 1073 1095 1093 1491 1493 1517 1515
8 1492 1494 1518 1516 1072 1074 1096 1094
8 1073 1075 1097 1095 1493 1495 1519 1517
8 1494 1496 1520 1518 1074 1076 1098 1096
8 1075 1077 1099 1097 1495 1497 1521 1519
8 1496 1498 1522 1520 1076 1078 1100 1098
8 1077 1079 1101 1099 1497 1499 1523 1521
8 1498 1500 1524 1522 1078 1080 1102 1100
8 1079 1081 1103 1101 1499 1501 1525 1523
8 1500 1502 1526 1524 1080 1082 1104 1102
8 1081 1083 1105 1103 1501 1503 1527 1525
8 1502 1504 1528 1526 1082 1084 1106 1104
8 1083 1087 1109 1105 1503 1505 1529 1527
8 1509 1512 1534 1532 1088 1089 1112 1110
8 1090 1091 1113 1111 1511 1513 1535 1533
8 1512 1514 1536 1534 1089 1092 1114 1112
8 1091 1093 1115 1113 1513 1515 1537 1535
8 1516 1518 1540 1538 1094 1096 1118 1116
8 1095 1097 1119 1117 1517 1519 1541 1539
8 1518 1520 1542 1540 1096 1098 1120 1118
8 1097 1099 1121 1119 1519 1521 1543 1541
8 1520 1522 1544 1542 1098 1100 1122 1120
8 1099 1101 1123 1121 1521 1523 1545 1543
8 1522 1524 1546 1544 1100 1102 1124 1122
8 1101 1103 1125 1123 1523 1525 1547 1545
8 1524 1526 1548 1546 1102 1104 1126 1124
8 1103 1105 1127 1125 1525 1527 1549 1547
8 1526 1528 1550 1548 1104 1106 1128 1126
8 1105 1109 1129 1127 1527 1529 1551 1549
8 1532 1534 1556 1554 1110 1112 1131 1130
8 1111 1113 1133 1132 1533 1535 1557 1555
8 1538 1540 1560 1558 1116 1118 1138 1136
8 1117 1119 1139 1137 1539 1541 1561 1559
8 1540 1542 1562 1560 1118 1120 1140 1138
8 1119 1121 1141 1139 1541 1543 1563 1561
8 1542 1544 1564 1562 1120 1122 1142 1140
8 1121 1123 1143 1141 1543 1545 1565 1563
8 1544 1546 1566 1564 1122 1124 1144 1142
8 1123 1125 1145 1143 1545 1547 1567 1565
8 1546 1548 1568 1566 1124 1126 1146 1144
8 1125 1127 1147 1145 1547 1549 1569 1567
8 1548 1550 1570 1568 1126 1128 1148 1146
8 1127 1129 1149 1147 1549 1551 1571 1569
8 1558 1560 1576 1574 1136 1138 1156 1154
8 1137 1139 1157 1155 1559 1561 1577 1575
8 1560 1562 1578 1576 1138 1140 1158 1156
8 1139 1141 1159 1157 1561 1563 1579 1577
8 1562 1564 1580 1578 1140 1142 1160 1158
8 1141 1143 1161 1159 1563 1565 1581 1579
8 1564 1566 1582 1580 1142 1144 1162 1160
8 1143 1145 1163 1161 1565 1567 1583 1581
8 1566 1568 1584 1582 1144 1146 1164 1162
8 1145 1147 1165 1163 1567 1569 1585 1583
8 1568 1570 1586 1584 1146 1148 1166 1164
8 1147 1149 1167 1165 1569 1571 1587 1585
8 1574 1576 1594 1591 1154 1156 1174 1172
8 1155 1157 1175 1173 1575 1577 1595 1593
8 1576 1578 1596 1594 1156 1158 1176 1174
8 1157 1159 1177 1175 1577 1579 1597 1595
8 1578 1580 1598 1596 1158 1160 1178 1176
8 1159 1161 1179 1177 1579 1581 1599 1597
8 1580 1582 1600 1598 1160 1162 1180 1178
8 1161 1163 1181 1179 1581 1583 1601 1599
8 1582 1584 1602 1600 1162 1164 1182 1180
8 1163 1165 1183 1181 1583 1585 1603 1601
8 1584 1586 1604 1602 1164 1166 1184 1182
8 1165 1167 1185 1183 1585 1587 1605 1603
8 1586 1588 1606 1604 1166 1187 1186 1184
8 1167 1189 1188 1185 1587 1589 1607 1605
8 1608 1590 1610 1609 1168 1169 1194 1191
8 1170 1171 1195 1193 1611 1592 1613 1612
8 1590 1591 1614 1610 1169 1172 1196 1194
8 1171 1173 1197 1195 1592 1593 1615 1613
8 1591 1594 1616 1614 1172 1174 1198 1196
8 1173 1175 1199 1197 1593 1595 1617 1615
8 1594 1596 1618 1616 1174 1176 1200 1198
8 1175 1177 1201 1199 1595 1597 1619 1617
8 1596 1598 1620 1618 1176 1178 1202 1200
8 1177 1179 1203 1201 1597 1599 1621 1619
8 1598 1600 1622 1620 1178 1180 1204 1202
8 1179 1181 1205 1203 1599 1601 1623 1621
8 1600 1602 1624 1622 1180 1182 1206 1204
8 1181 1183 1207 1205 1601 1603 1625 1623
8 1602 1604 1626 1624 1182 1184 1208 1206
8 1183 1185 1209 1207 1603 1605 1627 1625
8 1604 1606 1628 1626 1184 1186 1210 1208
8 1185 1188 1211 1209 1605 1607 1629 1627
8 1630 1609 1632 1631 1190 1191 1213 1212
8 1192 1193 1215 1214 1633 1612 1635 1634
8 1609 1610 1636 1632 1191 1194 1216 1213
8 1193 1195 1217 1215 1612 1613 1637 1635
8 1610 1614 1638 1636 1194 1196 1218 1216
8 1195 1197 1219 1217 1613 1615 1639 1637
8 1631 1632 1644 1641 1212 1213 1224 1221
8 1214 1215 1225 1223 1634 1635 1645 1643
8 1632 1636 1646 1644 1213 1216 1226 1224
8 1215 1217 1227 1225 1635 1637 1647 1645
8 1640 1641 1649 1648 1220 1221 1229 1228
8 1222 1223 1231 1230 1642 1643 1651 1650
8 1641 1644 1652 1649 1221 1224 1232 1229
8 1223 1225 1233 1231 1643 1645 1653 1651
8 1644 1646 1654 1652 1224 1226 1234 1232
8 1225 1227 1235 1233 1645 1647 1655 1653
8 1648 1649 1657 1656 1228 1229 1237 1236
8 1230 1231 1239 1238 1650 1651 1659 1658
8 1649 1652 1660 1657 1229 1232 1240 1237
8 1231 1233 1241 1239 1651 1653 1661 1659
8 1652 1654 1662 1660 1232 1234 1242 1240
8 1233 1235 1243 1241 1653 1655 1663 1661
8 1656 1657 1665 1664 1236 1237 1245 1244
8 1238 1239 1247 1246 1658 1659 1667 1666
8 1657 1660 1668 1665 1237 1240 1248 1245
8 1239 1241 1249 1247 1659 1661 1669 1667
8 1664 1665 1671 1670 1244 1245 1251 1250
8 1246 1247 1253 1252 1666 1667 1673 1672
8 1665 1668 1674 1671 1245 1248 1254 1251
8 1247 1249 1255 1253 1667 1669 1675 1673
8 1670 1671 1677 1676 1250 1251 1256 1678
8 1252 1253 1258 1679 1672 1673 1681 1680
8 1671 1674 1682 1677 1251 1254 1257 1256
8 1253 1255 1259 1258 1673 1675 1683 1681
8 1690 1695 1694 1689 1262 1267 1266 1261
8 1265 1269 1268 1264 1693 1697 1696 1692
8 1695 1699 1698 1694 1267 1271 1270 1266
8 1269 1273 1272 1268 1697 1701 1700 1696
8 1699 1703 1702 1698 1271 1275 1274 1270
8 1273 1277 1276 1272 1701 1705 1704 1700
8 1703 1707 1706 1702 1275 1279 1278 1274
8 1277 1281 1280 1276 1705 1709 1708 1704
8 1707 1711 1710 1706 1279 1283 1282 1278
8 1281 1285 1284 1280 1709 1713 1712 1708
8 1711 1715 1714 1710 1283 1287 1286 1282
8 1285 1289 1288 1284 1713 1717 1716 1712
8 1715 1719 1718 1714 1287 1291 1290 1286
8 1289 1293 1292 1288 1717 1721 1720 1716
8 1719 1723 1722 1718 1291 1295 1294 1290
8 1293 1297 1296 1292 1721 1725 1724 1720
8 1723 1727 1726 1722 1295 1299 1298 1294
8 1297 1301 1300 1296 1725 1729 1728 1724
8 1688 1689 1733 1732 1260 1261 1305 1304
8 1263 1264 1307 1306 1691 1692 1735 1734
8 1689 1694 1736 1733 1261 1266 1308 1305
8 1264 1268 1309 1307 1692 1696 1737 1735
8 1694 1698 1738 1736 1266 1270 1310 1308
8 1268 1272 1311 1309 1696 1700 1739 1737
8 1698 1702 1740 1738 1270 1274 1312 1310
8 1272 1276 1313 1311 1700 1704 1741 1739
8 1702 1706 1742 1740 1274 1278 1314 1312
8 1276 1280 1315 1313 1704 1708 1743 1741
8 1706 1710 1744 1742 1278 1282 1316 1314
8 1280 1284 1317 1315 1708 1712 1745 1743
8 1710 1714 1746 1744 1282 1286 1318 1316
8 1284 1288 1319 1317 1712 1716 1747 1745
8 1714 1718 1748 1746 1286 1290 1320 1318
8 1288 1292 1321 1319 1716 1720 1749 1747
8 1718 1722 1750 1748 1290 1294 1322 1320
8 1292 1296 1323 1321 1720 1724 1751 1749
8 1722 1726 1752 1750 1294 1298 1324 1322
8 1296 1300 1325 1323 1724 1728 1753 1751
8 1726 1730 1754 1752 1298 1302 1326 1324
8 1300 1303 1327 1325 1728 1731 1755 1753
8 1730 1757 1756 1754 1302 1329 1328 1326
8 1303 1331 1330 1327 1731 1759 1758 1755
8 1732 1733 1761 1760 1304 1305 1333 1332
8 1306 1307 1335 1334 1734 1735 1763 1762
8 1733 1736 1764 1761 1305 1308 1336 1333
8 1307 1309 1337 1335 1735 1737 1765 1763
8 1736 1738 1766 1764 1308 1310 1338 1336
8 1309 1311 1339 1337 1737 1739 1767 1765
8 1738 1740 1768 1766 1310 1312 1340 1338
8 1311 1313 1341 1339 1739 1741 1769 1767
8 1740 1742 1770 1768 1312 1314 1342 1340
8 1313 1315 1343 1341 1741 1743 1771 1769
8 1742 1744 1772 1770 1314 1316 1344 1342
8 1315 1317 1345 1343 1743 1745 1773 1771
8 1744 1746 1774 1772 1316 1318 1346 1344
8 1317 1319 1347 1345 1745 1747 1775 1773
8 1746 1748 1776 1774 1318 1320 1348 1346
8 1319 1321 1349 1347 1747 1749 1777 1775
8 1748 1750 1778 1776 1320 1322 1350 1348
8 1321 1323 1351 1349 1749 1751 1779 1777
8 1750 1752 1780 1778 1322 1324 1352 1350
8 1323 1325 1353 1351 1751 1753 1781 1779
8 1752 1754 1782 1780 1324 1326 1354 1352
8 1325 1327 1355 1353 1753 1755 1783 1781
8 1754 1756 1784 1782 1326 1328 1356 1354
8 1327 1330 1359 1355 1755 1758 1785 1783
8 1760 1761 1793 1792 1332 1333 1360 1794
8 1334 1335 1362 1795 1762 1763 1797 1796
8 1761 1764 1798 1793 1333 1336 1361 1360
8 1335 1337 1363 1362 1763 1765 1799 1797
8 1764 1766 1800 1798 1336 1338 1364 1361
8 1337 1339 1365 1363 1765 1767 1801 1799
8 1766 1768 1802 1800 1338 1340 1366 1364
8 1339 1341 1367 1365 1767 1769 1803 1801
8 1768 1770 1804 1802 1340 1342 1368 1366
8 1341 1343 1369 1367 1769 1771 1805 1803
8 1770 1772 1806 1804 1342 1344 1370 1368
8 1343 1345 1371 1369 1771 1773 1807 1805
8 1772 1774 1808 1806 1344 1346 1372 1370
8 1345 1347 1373 1371 1773 1775 1809 1807
8 1774 1776 1810 1808 1346 1348 1374 1372
8 1347 1349 1375 1373 1775 1777 1811 1809
8 1776 1778 1812 1810 1348 1350 1376 1374
8 1349 1351 1377 1375 1777 1779 1813 1811
8 1778 1780 1814 1812 1350 1352 1378 1376
8 1351 1353 1379 1377 1779 1781 1815 1813
8 1780 1782 1816 1814 1352 1354 1380 1378
8 1353 1355 1381 1379 1781 1783 1817 1815
8 1782 1784 1818 1816 1354 1356 1382 1380
8 1355 1359 1383 1381 1783 1785 1819 1817
8 1784 1786 1820 1818 1356 1788 1409 1382
8 1359 1789 1411 1383 1785 1790 1821 1819
8 1793 1798 1826 1823 1360 1361 1385 1384
8 1362 1363 1387 1386 1797 1799 1827 1825
8 1798 1800 1828 1826 1361 1364 1388 1385
8 1363 1365 1389 1387 1799 1801 1829 1827
8 1800 1802 1830 1828 1364 1366 1390 1388
8 1365 1367 1391 1389 1801 1803 1831 1829
8 1802 1804 1832 1830 1366 1368 1392 1390
8 1367 1369 1393 1391 1803 1805 1833 1831
8 1804 1806 1834 1832 1368 1370 1394 1392
8 1369 1371 1395 1393 1805 1807 1835 1833
8 1806 1808 1836 1834 1370 1372 1396 1394
8 1371 1373 1397 1395 1807 1809 1837 1835
8 1808 1810 1838 1836 1372 1374 1398 1396
8 1373 1375 1399 1397 1809 1811 1839 1837
8 1816 1818 1846 1844 1380 1382 1406 1404
8 1381 1383 1407 1405 1817 1819 1847 1845
8 1818 1820 1848 1846 1382 1409 1408 1406
8 1383 1411 1410 1407 1819 1821 1849 1847
8 1823 1826 1851 1850 1384 1385 1412 1852
8 1386 1387 1414 1853 1825 1827 1855 1854
8 1826 1828 1856 1851 1385 1388 1413 1412
8 1387 1389 1415 1414 1827 1829 1857 1855
8 1828 1830 1858 1856 1388 1390 1416 1413
8 1389 1391 1417 1415 1829 1831 1859 1857
8 1830 1832 1860 1858 1390 1392 1418 1416
8 1391 1393 1419 1417 1831 1833 1861 1859
8 1832 1834 1862 1860 1392 1394 1420 1418
8 1393 1395 1421 1419 1833 1835 1863 1861
8 1834 1836 1864 1862 1394 1396 1422 1420
8 1395 1397 1423 1421 1835 1837 1865 1863
8 1836 1838 1866 1864 1396 1398 1424 1422
8 1397 1399 1425 1423 1837 1839 1867 1865
8 1838 1840 1868 1866 1398 1400 1426 1424
8 1399 1401 1427 1425 1839 1841 1869 1867
8 1840 1842 1870 1868 1400 1402 1428 1426
8 1401 1403 1429 1427 1841 1843 1871 1869
8 1842 1844 1872 1870 1402 1404 1430 1428
8 1403 1405 1431 1429 1843 1845 1873 1871
8 1844 1846 1874 1872 1404 1406 1432 1430
8 1405 1407 1433 1431 1845 1847 1875 1873
8 1846 1848 1876 1874 1406 1408 1434 1432
8 1407 1410 1435 1433 1847 1849 1877 1875
8 1851 1856 1890 1885 1412 1413 1436 1886
8 1414 1415 1438 1887 1855 1857 1891 1889
8 1856 1858 1892 1890 1413 1416 1437 1436
8 1415 1417 1439 1438 1857 1859 1893 1891
8 1858 1860 1894 1892 1416 1418 1440 1437
8 1417 1419 1441 1439 1859 1861 1895 1893
8 1860 1862 1896 1894 1418 1420 1442 1440
8 1419 1421 1443 1441 1861 1863 1897 1895
8 1862 1864 1898 1896 1420 1422 1444 1442
8 1421 1423 1445 1443 1863 1865 1899 1897
8 1864 1866 1900 1898 1422 1424 1446 1444
8 1423 1425 1447 1445 1865 1867 1901 1899
8 1866 1868 1902 1900 1424 1426 1448 1446
8 1425 1427 1449 1447 1867 1869 1903 1901
8 1868 1870 1904 1902 1426 1428 1450 1448
8 1427 1429 1451 1449 1869 1871 1905 1903
8 1870 1872 1906 1904 1428 1430 1452 1450
8 1429 1431 1453 1451 1871 1873 1907 1905
8 1872 1874 1908 1906 1430 1432 1454 1452
8 1431 1433 1455 1453 1873 1875 1909 1907
8 1874 1876 1910 1908 1432 1434 1456 1454
8 1433 1435 1457 1455 1875 1877 1911 1909
8 1876 1878 1912 1910 1434 1880 1481 1456
8 1435 1881 1483 1457 1877 1882 1913 1911
8 1890 1892 1918 1915 1436 1437 1459 1458
8 1438 1439 1461 1460 1891 1893 1919 1917
8 1892 1894 1920 1918 1437 1440 1462 1459
8 1439 1441 1463 1461 1893 1895 1921 1919
8 1894 1896 1922 1920 1440 1442 1464 1462
8 1441 1443 1465 1463 1895 1897 1923 1921
8 1896 1898 1924 1922 1442 1444 1466 1464
8 1443 1445 1467 1465 1897 1899 1925 1923
8 1898 1900 1926 1924 1444 1446 1468 1466
8 1445 1447 1469 1467 1899 1901 1927 1925
8 1900 1902 1928 1926 1446 1448 1470 1468
8 1447 1449 1471 1469 1901 1903 1929 1927
8 1902 1904 1930 1928 1448 1450 1472 1470
8 1449 1451 1473 1471 1903 1905 1931 1929
8 1904 1906 1932 1930 1450 1452 1474 1472
8 1451 1453 1475 1473 1905 1907 1933 1931
8 1906 1908 1934 1932 1452 1454 1476 1474
8 1453 1455 1477 1475 1907 1909 1935 1933
8 1908 1910 1936 1934 1454 1456 1478 1476
8 1455 1457 1479 1477 1909 1911 1937 1935
8 1910 1912 1938 1936 1456 1481 1480 1478
8 1457 1483 1482 1479 1911 1913 1939 1937
8 1915 1918 1944 1941 1458 1459 1485 1484
8 1460 1461 1487 1486 1917 1919 1945 1943
8 1918 1920 1946 1944 1459 1462 1488 1485
8 1461 1463 1489 1487 1919 1921 1947 1945
8 1920 1922 1948 1946 1462 1464 1490 1488
8 1463 1465 1491 1489 1921 1923 1949 1947
8 1922 1924 1950 1948 1464 1466 1492 1490
8 1465 1467 1493 1491 1923 1925 1951 1949
8 1924 1926 1952 1950 1466 1468 1494 1492
8 1467 1469 1495 1493 1925 1927 1953 1951
8 1926 1928 1954 1952 1468 1470 1496 1494
8 1469 1471 1497 1495 1927 1929 1955 1953
8 1928 1930 1956 1954 1470 1472 1498 1496
8 1471 1473 1499 1497 1929 1931 1957 1955
8 1930 1932 1958 1956 1472 1474 1500 1498
8 1473 1475 1501 1499 1931 1933 1959 1957
8 1932 1934 1960 1958 1474 1476 1502 1500
8 1475 1477 1503 1501 1933 1935 1961 1959
8 1934 1936 1962 1960 1476 1478 1504 1502
8 1477 1479 1505 1503 1935 1937 1963 1961
8 1936 1938 1964 1962 1478 1480 1506 1504
8 1479 1482 1507 1505 1937 1939 1965 1963
8 1941 1944 1968 1966 1484 1485 1509 1508
8 1486 1487 1511 1510 1943 1945 1969 1967
8 1944 1946 1970 1968 1485 1488 1512 1509
8 1487 1489 1513 1511 1945 1947 1971 1969
8 1946 1948 1972 1970 1488 1490 1514 1512
8 1489 1491 1515 1513 1947 1949 1973 1971
8 1950 1952 1976 1974 1492 1494 1518 1516
8 1493 1495 1519 1517 1951 1953 1977 1975
8 1952 1954 1978 1976 1494 1496 1520 1518
8 1495 1497 1521 1519 1953 1955 1979 1977
8 1954 1956 1980 1978 1496 1498 1522 1520
8 1497 1499 1523 1521 1955 1957 1981 1979
8 1956 1958 1982 1980 1498 1500 1524 1522
8 1499 1501 1525 1523 1957 1959 1983 1981
8 1958 1960 1984 1982 1500 1502 1526 1524
8 1501 1503 1527 1525 1959 1961 1985 1983
8 1960 1962 1986 1984 1502 1504 1528 1526
8 1503 1505 1529 1527 1961 1963 1987 1985
8 1962 1964 1988 1986 1504 1506 1530 1528
8 1505 1507 1531 1529 1963 1965 1989 1987
8 1968 1970 1992 1990 1509 1512 1534 1532
8 1511 1513 1535 1533 1969 1971 1993 1991
8 1970 1972 1994 1992 1512 1514 1536 1534
8 1513 1515 1537 1535 1971 1973 1995 1993
8 1976 1978 2000 1998 1518 1520 1542 1540
8 1519 1521 1543 1541 1977 1979 2001 1999
8 1978 1980 2002 2000 1520 1522 1544 1542
8 1521 1523 1545 1543 1979 1981 2003 2001
8 1980 1982 2004 2002 1522 1524 1546 1544
8 1523 1525 1547 1545 1981 1983 2005 2003
8 1982 1984 2006 2004 1524 1526 1548 1546
8 1525 1527 1549 1547 1983 1985 2007 2005
8 1984 1986 2008 2006 1526 1528 1550 1548
8 1527 1529 1551 1549 1985 1987 2009 2007
8 1986 1988 2010 2008 1528 1530 1552 1550
8 1529 1531 1553 1551 1987 1989 2011 2009
8 1996 1998 2014 2012 1538 1540 1560 1558
8 1539 1541 1561 1559 1997 1999 2015 2013
8 1998 2000 2016 2014 1540 1542 1562 1560
8 1541 1543 1563 1561 1999 2001 2017 2015
8 2000 2002 2018 2016 1542 1544 1564 1562
8 1543 1545 1565 1563 2001 2003 2019 2017
8 2002 2004 2020 2018 1544 1546 1566 1564
8 1545 1547 1567 1565 2003 2005 2021 2019
8 2004 2006 2022 2020 1546 1548 1568 1566
8 1547 1549 1569 1567 2005 2007 2023 2021
8 2006 2008 2024 2022 1548 1550 1570 1568
8 1549 1551 1571 1569 2007 2009 2025 2023
8 2008 2010 2026 2024 1550 1552 1572 1570
8 1551 1553 1573 1571 2009 2011 2027 2025
8 2012 2014 2030 2028 1558 1560 1576 1574
8 1559 1561 1577 1575 2013 2015 2031 2029
8 2014 2016 2032 2030 1560 1562 1578 1576
8 1561 1563 1579 1577 2015 2017 2033 2031
8 2016 2018 2034 2032 1562 1564 1580 1578
8 1563 1565 1581 1579 2017 2019 2035 2033
8 2018 2020 2036 2034 1564 1566 1582 1580
8 1565 1567 1583 1581 2019 2021 2037 2035
8 2020 2022 2038 2036 1566 1568 1584 1582
8 1567 1569 1585 1583 2021 2023 2039 2037
8 2022 2024 2040 2038 1568 1570 1586 1584
8 1569 1571 1587 1585 2023 2025 2041 2039
8 2024 2026 2042 2040 1570 1572 1588 1586
8 1571 1573 1589 1587 2025 2027 2043 2041
8 2028 2030 2048 2045 1574 1576 1594 1591
8 1575 1577 1595 1593 2029 2031 2049 2047
8 2030 2032 2050 2048 1576 1578 1596 1594
8 1577 1579 1597 1595 2031 2033 2051 2049
8 2032 2034 2052 2050 1578 1580 1598 1596
8 1579 1581 1599 1597 2033 2035 2053 2051
8 2034 2036 2054 2052 1580 1582 1600 1598
8 1581 1583 1601 1599 2035 2037 2055 2053
8 2036 2038 2056 2054 1582 1584 1602 1600
8 1583 1585 1603 1601 2037 2039 2057 2055
8 2038 2040 2058 2056 1584 1586 1604 1602
8 1585 1587 1605 1603 2039 2041 2059 2057
8 2040 2042 2060 2058 1586 1588 1606 1604
8 1587 1589 1607 1605 2041 2043 2061 2059
8 2062 2044 2064 2063 1608 1590 1610 1609
8 1611 1592 1613 1612 2065 2046 2067 2066
8 2044 2045 2068 2064 1590 1591 1614 1610
8 1592 1593 1615 1613 2046 2047 2069 2067
8 2045 2048 2070 2068 1591 1594 1616 1614
8 1593 1595 1617 1615 2047 2049 2071 2069
8 2048 2050 2072 2070 1594 1596 1618 1616
8 1595 1597 1619 1617 2049 2051 2073 2071
8 2050 2052 2074 2072 1596 1598 1620 1618
8 1597 1599 1621 1619 2051 2053 2075 2073
8 2052 2054 2076 2074 1598 1600 1622 1620
8 1599 1601 1623 1621 2053 2055 2077 2075
8 2054 2056 2078 2076 1600 1602 1624 1622
8 1601 1603 1625 1623 2055 2057 2079 2077
8 2056 2058 2080 2078 1602 1604 1626 1624
8 1603 1605 1627 1625 2057 2059 2081 2079
8 2058 2060 2082 2080 1604 1606 1628 1626
8 1605 1607 1629 1627 2059 2061 2083 2081
8 2084 2063 2086 2085 1630 1609 1632 1631
8 1633 1612 1635 1634 2087 2066 2089 2088
8 2063 2064 2090 2086 1609 1610 1636 1632
8 1612 1613 1637 1635 2066 2067 2091 2089
8 2064 2068 2092 2090 1610 1614 1638 1636
8 1613 1615 1639 1637 2067 2069 2093 2091
8 2085 2086 2098 2095 1631 1632 1644 1641
8 1634 1635 1645 1643 2088 2089 2099 2097
8 2086 2090 2100 2098 1632 1636 1646 1644
8 1635 1637 1647 1645 2089 2091 2101 2099
8 2094 2095 2103 2102 1640 1641 1649 1648
8 1642 1643 1651 1650 2096 2097 2105 2104
8 2095 2098 2106 2103 1641 1644 1652 1649
8 1643 1645 1653 1651 2097 2099 2107 2105
8 2098 2100 2108 2106 1644 1646 1654 1652
8 1645 1647 1655 1653 2099 2101 2109 2107
8 2102 2103 2111 2110 1648 1649 1657 1656
8 1650 1651 1659 1658 2104 2105 2113 2112
8 2103 2106 2114 2111 1649 1652 1660 1657
8 1651 1653 1661 1659 2105 2107 2115 2113
8 2106 2108 2116 2114 1652 1654 1662 1660
8 1653 1655 1663 1661 2107 2109 2117 2115
8 2110 2111 2119 2118 1656 1657 1665 1664
8 1658 1659 1667 1666 2112 2113 2121 2120
8 2111 2114 2122 2119 1657 1660 1668 1665
8 1659 1661 1669 1667 2113 2115 2123 2121
8 2118 2119 2125 2124 1664 1665 1671 1670
8 1666 1667 1673 1672 2120 2121 2127 2126
8 2119 2122 2128 2125 1665 1668 1674 1671
8 1667 1669 1675 1673 2121 2123 2129 2127
8 2124 2125 2131 2130 1670 1671 1677 1676
8 1672 1673 1681 1680 2126 2127 2133 2132
8 2125 2128 2134 2131 1671 1674 1682 1677
8 1673 1675 1683 1681 2127 2129 2135 2133
8 2130 2131 2137 2136 1676 1677 1684 2138
8 1680 1681 1686 2139 2132 2133 2141 2140
8 2131 2134 2142 2137 1677 1682 1685 1684
8 1681 1683 1687 1686 2133 2135 2143 2141
8 2146 2151 2150 2145 1690 1695 1694 1689
8 1693 1697 1696 1692 2149 2153 2152 2148
8 2151 2155 2154 2150 1695 1699 1698 1694
8 1697 1701 1700 1696 2153 2157 2156 2152
8 2155 2159 2158 2154 1699 1703 1702 1698
8 1701 1705 1704 1700 2157 2161 2160 2156
8 2159 2163 2162 2158 1703 1707 1706 1702
8 1705 1709 1708 1704 2161 2165 2164 2160
8 2163 2167 2166 2162 1707 1711 1710 1706
8 1709 1713 1712 1708 2165 2169 2168 2164
8 2167 2171 2170 2166 1711 1715 1714 1710
8 1713 1717 1716 1712 2169 2173 2172 2168
8 2171 2175 2174 2170 1715 1719 1718 1714
8 1717 1721 1720 1716 2173 2177 2176 2172
8 2175 2179 2178 2174 1719 1723 1722 1718
8 1721 1725 1724 1720 2177 2181 2180 2176
8 2179 2183 2182 2178 1723 1727 1726 1722
8 1725 1729 1728 1724 2181 2185 2184 2180
8 2144 2145 2192 2190 1688 1689 1733 1732
8 1691 1692 1735 1734 2147 2148 2193 2191
8 2145 2150 2194 2192 1689 1694 1736 1733
8 1692 1696 1737 1735 2148 2152 2195 2193
8 2150 2154 2196 2194 1694 1698 1738 1736
8 1696 1700 1739 1737 2152 2156 2197 2195
8 2154 2158 2198 2196 1698 1702 1740 1738
8 1700 1704 1741 1739 2156 2160 2199 2197
8 2158 2162 2200 2198 1702 1706 1742 1740
8 1704 1708 1743 1741 2160 2164 2201 2199
8 2162 2166 2202 2200 1706 1710 1744 1742
8 1708 1712 1745 1743 2164 2168 2203 2201
8 2166 2170 2204 2202 1710 1714 1746 1744
8 1712 1716 1747 1745 2168 2172 2205 2203
8 2170 2174 2206 2204 1714 1718 1748 1746
8 1716 1720 1749 1747 2172 2176 2207 2205
8 2174 2178 2208 2206 1718 1722 1750 1748
8 1720 1724 1751 1749 2176 2180 2209 2207
8 2178 2182 2210 2208 1722 1726 1752 1750
8 1724 1728 1753 1751 2180 2184 2211 2209
8 2182 2186 2212 2210 1726 1730 1754 1752
8 1728 1731 1755 1753 2184 2187 2213 2211
8 2186 2188 2214 2212 1730 1757 1756 1754
8 1731 1759 1758 1755 2187 2189 2215 2213
8 2188 2217 2216 2214 1757 2218 1787 1756
8 1759 2219 1791 1758 2189 2221 2220 2215
8 2190 2192 2224 2222 1732 1733 1761 1760
8 1734 1735 1763 1762 2191 2193 2225 2223
8 2192 2194 2226 2224 1733 1736 1764 1761
8 1735 1737 1765 1763 2193 2195 2227 2225
8 2194 2196 2228 2226 1736 1738 1766 1764
8 1737 1739 1767 1765 2195 2197 2229 2227
8 2196 2198 2230 2228 1738 1740 1768 1766
8 1739 1741 1769 1767 2197 2199 2231 2229
8 2198 2200 2232 2230 1740 1742 1770 1768
8 1741 1743 1771 1769 2199 2201 2233 2231
8 2200 2202 2234 2232 1742 1744 1772 1770
8 1743 1745 1773 1771 2201 2203 2235 2233
8 2202 2204 2236 2234 1744 1746 1774 1772
8 1745 1747 1775 1773 2203 2205 2237 2235
8 2204 2206 2238 2236 1746 1748 1776 1774
8 1747 1749 1777 1775 2205 2207 2239 2237
8 2206 2208 2240 2238 1748 1750 1778 1776
8 1749 1751 1779 1777 2207 2209 2241 2239
8 2208 2210 2242 2240 1750 1752 1780 1778
8 1751 1753 1781 1779 2209 2211 2243 2241
8 2210 2212 2244 2242 1752 1754 1782 1780
8 1753 1755 1783 1781 2211 2213 2245 2243
8 2212 2214 2246 2244 1754 1756 1784 1782
8 1755 1758 1785 1783 2213 2215 2247 2245
8 2214 2216 2248 2246 1756 1787 1786 1784
8 1758 1791 1790 1785 2215 2220 2249 2247
8 2222 2224 2256 2254 1760 1761 1793 1792
8 1762 1763 1797 1796 2223 2225 2257 2255
8 2224 2226 2258 2256 1761 1764 1798 1793
8 1763 1765 1799 1797 2225 2227 2259 2257
8 2226 2228 2260 2258 1764 1766 1800 1798
8 1765 1767 1801 1799 2227 2229 2261 2259
8 2228 2230 2262 2260 1766 1768 1802 1800
8 1767 1769 1803 1801 2229 2231 2263 2261
8 2230 2232 2264 2262 1768 1770 1804 1802
8 1769 1771 1805 1803 2231 2233 2265 2263
8 2232 2234 2266 2264 1770 1772 1806 1804
8 1771 1773 1807 1805 2233 2235 2267 2265
8 2234 2236 2268 2266 1772 1774 1808 1806
8 1773 1775 1809 1807 2235 2237 2269 2267
8 2236 2238 2270 2268 1774 1776 1810 1808
8 1775 1777 1811 1809 2237 2239 2271 2269
8 2238 2240 2272 2270 1776 1778 1812 1810
8 1777 1779 1813 1811 2239 2241 2273 2271
8 2240 2242 2274 2272 1778 1780 1814 1812
8 1779 1781 1815 1813 2241 2243 2275 2273
8 2242 2244 2276 2274 1780 1782 1816 1814
8 1781 1783 1817 1815 2243 2245 2277 2275
8 2244 2246 2278 2276 1782 1784 1818 1816
8 1783 1785 1819 1817 2245 2247 2279 2277
8 2246 2248 2280 2278 1784 1786 1820 1818
8 1785 1790 1821 1819 2247 2249 2281 2279
8 2248 2250 2282 2280 1786 2251 2283 1820
8 1790 2252 2284 1821 2249 2253 2285 2281
8 2254 2256 2287 2286 1792 1793 1823 1822
8 1796 1797 1825 1824 2255 2257 2289 2288
8 2256 2258 2290 2287 1793 1798 1826 1823
8 1797 1799 1827 1825 2257 2259 2291 2289
8 2258 2260 2292 2290 1798 1800 1828 1826
8 1799 1801 1829 1827 2259 2261 2293 2291
8 2260 2262 2294 2292 1800 1802 1830 1828
8 1801 1803 1831 1829 2261 2263 2295 2293
8 2262 2264 2296 2294 1802 1804 1832 1830
8 1803 1805 1833 1831 2263 2265 2297 2295
8 2264 2266 2298 2296 1804 1806 1834 1832
8 1805 1807 1835 1833 2265 2267 2299 2297
8 2266 2268 2300 2298 1806 1808 1836 1834
8 1807 1809 1837 1835 2267 2269 2301 2299
8 2268 2270 2302 2300 1808 1810 1838 1836
8 1809 1811 1839 1837 2269 2271 2303 2301
8 2278 2280 2312 2310 1818 1820 1848 1846
8 1819 1821 1849 1847 2279 2281 2313 2311
8 2280 2282 2314 2312 1820 2283 1879 1848
8 1821 2284 1883 1849 2281 2285 2315 2313
8 2286 2287 2317 2316 1822 1823 1850 2318
8 1824 1825 1854 2319 2288 2289 2321 2320
8 2287 2290 2322 2317 1823 1826 1851 1850
8 1825 1827 1855 1854 2289 2291 2323 2321
8 2290 2292 2324 2322 1826 1828 1856 1851
8 1827 1829 1857 1855 2291 2293 2325 2323
8 2292 2294 2326 2324 1828 1830 1858 1856
8 1829 1831 1859 1857 2293 2295 2327 2325
8 2294 2296 2328 2326 1830 1832 1860 1858
8 1831 1833 1861 1859 2295 2297 2329 2327
8 2296 2298 2330 2328 1832 1834 1862 1860
8 1833 1835 1863 1861 2297 2299 2331 2329
8 2298 2300 2332 2330 1834 1836 1864 1862
8 1835 1837 1865 1863 2299 2301 2333 2331
8 2304 2306 2338 2336 1840 1842 1870 1868
8 1841 1843 1871 1869 2305 2307 2339 2337
8 2306 2308 2340 2338 1842 1844 1872 1870
8 1843 1845 1873 1871 2307 2309 2341 2339
8 2308 2310 2342 2340 1844 1846 1874 1872
8 1845 1847 1875 1873 2309 2311 2343 2341
8 2344 2342 2310 2312 1876 1874 1846 1848
8 1847 1849 1877 1875 2311 2313 2345 2343
8 2312 2314 2346 2344 1848 1879 1878 1876
8 1849 1883 1882 1877 2313 2315 2347 2345
8 2317 2322 2349 2348 1850 1851 1885 1884
8 1854 1855 1889 1888 2321 2323 2351 2350
8 2322 2324 2352 2349 1851 1856 1890 1885
8 1855 1857 1891 1889 2323 2325 2353 2351
8 2324 2326 2354 2352 1856 1858 1892 1890
8 1857 1859 1893 1891 2325 2327 2355 2353
8 2326 2328 2356 2354 1858 1860 1894 1892
8 1859 1861 1895 1893 2327 2329 2357 2355
8 2328 2330 2358 2356 1860 1862 1896 1894
8 1861 1863 1897 1895 2329 2331 2359 2357
8 2330 2332 2360 2358 1862 1864 1898 1896
8 1863 1865 1899 1897 2331 2333 2361 2359
8 2364 2362 2334 2336 1902 1900 1866 1868
8 1867 1869 1903 1901 2335 2337 2365 2363
8 2336 2338 2366 2364 1868 1870 1904 1902
8 1869 1871 1905 1903 2337 2339 2367 2365
8 2338 2340 2368 2366 1870 1872 1906 1904
8 1871 1873 1907 1905 2339 2341 2369 2367
8 2340 2342 2370 2368 1872 1874 1908 1906
8 1873 1875 1909 1907 2341 2343 2371 2369
8 2342 2344 2372 2370 1874 1876 1910 1908
8 1875 1877 1911 1909 2343 2345 2373 2371
8 2344 2346 2374 2372 1876 1878 1912 1910
8 1877 1882 1913 1911 2345 2347 2375 2373
8 2348 2349 2377 2376 1884 1885 1914 2378
8 1888 1889 1916 2379 2350 2351 2381 2380
8 2349 2352 2382 2377 1885 1890 1915 1914
8 1889 1891 1917 1916 2351 2353 2383 2381
8 2352 2354 2384 2382 1890 1892 1918 1915
8 1891 1893 1919 1917 2353 2355 2385 2383
8 2354 2356 2386 2384 1892 1894 1920 1918
8 1893 1895 1921 1919 2355 2357 2387 2385
8 2356 2358 2388 2386 1894 1896 1922 1920
8 1895 1897 1923 1921 2357 2359 2389 2387
8 2358 2360 2390 2388 1896 1898 1924 1922
8 1897 1899 1925 1923 2359 2361 2391 2389
8 2362 2364 2394 2392 1900 1902 1928 1926
8 1901 1903 1929 1927 2363 2365 2395 2393
8 2364 2366 2396 2394 1902 1904 1930 1928
8 1903 1905 1931 1929 2365 2367 2397 2395
8 2366 2368 2398 2396 1904 1906 1932 1930
8 1905 1907 1933 1931 2367 2369 2399 2397
8 2368 2370 2400 2398 1906 1908 1934 1932
8 1907 1909 1935 1933 2369 2371 2401 2399
8 2370 2372 2402 2400 1908 1910 1936 1934
8 1909 1911 1937 1935 2371 2373 2403 2401
8 2372 2374 2404 2402 1910 1912 1938 1936
8 1911 1913 1939 1937 2373 2375 2405 2403
8 2377 2382 2408 2406 1914 1915 1941 1940
8 1916 1917 1943 1942 2381 2383 2409 2407
8 2382 2384 2410 2408 1915 1918 1944 1941
8 1917 1919 1945 1943 2383 2385 2411 2409
8 2384 2386 2412 2410 1918 1920 1946 1944
8 1919 1921 1947 1945 2385 2387 2413 2411
8 2386 2388 2414 2412 1920 1922 1948 1946
8 1921 1923 1949 1947 2387 2389 2415 2413
8 2388 2390 2416 2414 1922 1924 1950 1948
8 1923 1925 1951 1949 2389 2391 2417 2415
8 2392 2394 2420 2418 1926 1928 1954 1952
8 1927 1929 1955 1953 2393 2395 2421 2419
8 2394 2396 2422 2420 1928 1930 1956 1954
8 1929 1931 1957 1955 2395 2397 2423 2421
8 2396 2398 2424 2422 1930 1932 1958 1956
8 1931 1933 1959 1957 2397 2399 2425 2423
8 2398 2400 2426 2424 1932 1934 1960 1958
8 1933 1935 1961 1959 2399 2401 2427 2425
8 2400 2402 2428 2426 1934 1936 1962 1960
8 1935 1937 1963 1961 2401 2403 2429 2427
8 2402 2404 2430 2428 1936 1938 1964 1962
8 1937 1939 1965 1963 2403 2405 2431 2429
8 2408 2410 2434 2432 1941 1944 1968 1966
8 1943 1945 1969 1967 2409 2411 2435 2433
8 2410 2412 2436 2434 1944 1946 1970 1968
8 1945 1947 1971 1969 2411 2413 2437 2435
8 2412 2414 2438 2436 1946 1948 1972 1970
8 1947 1949 1973 1971 2413 2415 2439 2437
8 2418 2420 2444 2442 1952 1954 1978 1976
8 1953 1955 1979 1977 2419 2421 2445 2443
8 2420 2422 2446 2444 1954 1956 1980 1978
8 1955 1957 1981 1979 2421 2423 2447 2445
8 2422 2424 2448 2446 1956 1958 1982 1980
8 1957 1959 1983 1981 2423 2425 2449 2447
8 2424 2426 2450 2448 1958 1960 1984 1982
8 1959 1961 1985 1983 2425 2427 2451 2449
8 2426 2428 2452 2450 1960 1962 1986 1984
8 1961 1963 1987 1985 2427 2429 2453 2451
8 2428 2430 2454 2452 1962 1964 1988 1986
8 1963 1965 1989 1987 2429 2431 2455 2453
8 2442 2444 2460 2458 1976 1978 2000 1998
8 1977 1979 2001 1999 2443 2445 2461 2459
8 2444 2446 2462 2460 1978 1980 2002 2000
8 1979 1981 2003 2001 2445 2447 2463 2461
8 2446 2448 2464 2462 1980 1982 2004 2002
8 1981 1983 2005 2003 2447 2449 2465 2463
8 2448 2450 2466 2464 1982 1984 2006 2004
8 1983 1985 2007 2005 2449 2451 2467 2465
8 2450 2452 2468 2466 1984 1986 2008 2006
8 1985 1987 2009 2007 2451 2453 2469 2467
8 2452 2454 2470 2468 1986 1988 2010 2008
8 1987 1989 2011 2009 2453 2455 2471 2469
8 2458 2460 2476 2474 1998 2000 2016 2014
8 1999 2001 2017 2015 2459 2461 2477 2475
8 2460 2462 2478 2476 2000 2002 2018 2016
8 2001 2003 2019 2017 2461 2463 2479 2477
8 2462 2464 2480 2478 2002 2004 2020 2018
8 2003 2005 2021 2019 2463 2465 2481 2479
8 2464 2466 2482 2480 2004 2006 2022 2020
8 2005 2007 2023 2021 2465 2467 2483 2481
8 2466 2468 2484 2482 2006 2008 2024 2022
8 2007 2009 2025 2023 2467 2469 2485 2483
8 2468 2470 2486 2484 2008 2010 2026 2024
8 2009 2011 2027 2025 2469 2471 2487 2485
8 2472 2474 2490 2488 2012 2014 2030 2028
8 2013 2015 2031 2029 2473 2475 2491 2489
8 2474 2476 2492 2490 2014 2016 2032 2030
8 2015 2017 2033 2031 2475 2477 2493 2491
8 2476 2478 2494 2492 2016 2018 2034 2032
8 2017 2019 2035 2033 2477 2479 2495 2493
8 2478 2480 2496 2494 2018 2020 2036 2034
8 2019 2021 2037 2035 2479 2481 2497 2495
8 2480 2482 2498 2496 2020 2022 2038 2036
8 2021 2023 2039 2037 2481 2483 2499 2497
8 2482 2484 2500 2498 2022 2024 2040 2038
8 2023 2025 2041 2039 2483 2485 2501 2499
8 2484 2486 2502 2500 2024 2026 2042 2040
8 2025 2027 2043 2041 2485 2487 2503 2501
8 2488 2490 2510 2508 2028 2030 2048 2045
8 2029 2031 2049 2047 2489 2491 2511 2509
8 2490 2492 2512 2510 2030 2032 2050 2048
8 2031 2033 2051 2049 2491 2493 2513 2511
8 2492 2494 2514 2512 2032 2034 2052 2050
8 2033 2035 2053 2051 2493 2495 2515 2513
8 2494 2496 2516 2514 2034 2036 2054 2052
8 2035 2037 2055 2053 2495 2497 2517 2515
8 2496 2498 2518 2516 2036 2038 2056 2054
8 2037 2039 2057 2055 2497 2499 2519 2517
8 2498 2500 2520 2518 2038 2040 2058 2056
8 2039 2041 2059 2057 2499 2501 2521 2519
8 2500 2502 2522 2520 2040 2042 2060 2058
8 2041 2043 2061 2059 2501 2503 2523 2521
8 2504 2505 2528 2525 2062 2044 2064 2063
8 2065 2046 2067 2066 2506 2507 2529 2527
8 2505 2508 2530 2528 2044 2045 2068 2064
8 2046 2047 2069 2067 2507 2509 2531 2529
8 2508 2510 2532 2530 2045 2048 2070 2068
8 2047 2049 2071 2069 2509 2511 2533 2531
8 2510 2512 2534 2532 2048 2050 2072 2070
8 2049 2051 2073 2071 2511 2513 2535 2533
8 2512 2514 2536 2534 2050 2052 2074 2072
8 2051 2053 2075 2073 2513 2515 2537 2535
8 2514 2516 2538 2536 2052 2054 2076 2074
8 2053 2055 2077 2075 2515 2517 2539 2537
8 2516 2518 2540 2538 2054 2056 2078 2076
8 2055 2057 2079 2077 2517 2519 2541 2539
8 2518 2520 2542 2540 2056 2058 2080 2078
8 2057 2059 2081 2079 2519 2521 2543 2541
8 2520 2522 2544 2542 2058 2060 2082 2080
8 2059 2061 2083 2081 2521 2523 2545 2543
8 2524 2525 2548 2546 2084 2063 2086 2085
8 2087 2066 2089 2088 2526 2527 2549 2547
8 2525 2528 2550 2548 2063 2064 2090 2086
8 2066 2067 2091 2089 2527 2529 2551 2549
8 2528 2530 2552 2550 2064 2068 2092 2090
8 2067 2069 2093 2091 2529 2531 2553 2551
8 2546 2548 2570 2567 2085 2086 2098 2095
8 2088 2089 2099 2097 2547 2549 2571 2569
8 2548 2550 2572 2570 2086 2090 2100 2098
8 2089 2091 2101 2099 2549 2551 2573 2571
8 2566 2567 2581 2580 2094 2095 2103 2102
8 2096 2097 2105 2104 2568 2569 2583 2582
8 2567 2570 2584 2581 2095 2098 2106 2103
8 2097 2099 2107 2105 2569 2571 2585 2583
8 2570 2572 2586 2584 2098 2100 2108 2106
8 2099 2101 2109 2107 2571 2573 2587 2585
8 2580 2581 2591 2590 2102 2103 2111 2110
8 2104 2105 2113 2112 2582 2583 2593 2592
8 2581 2584 2594 2591 2103 2106 2114 2111
8 2105 2107 2115 2113 2583 2585 2595 2593
8 2584 2586 2596 2594 2106 2108 2116 2114
8 2107 2109 2117 2115 2585 2587 2597 2595
8 2590 2591 2602 2600 2110 2111 2119 2118
8 2112 2113 2121 2120 2592 2593 2603 2601
8 2591 2594 2604 2602 2111 2114 2122 2119
8 2113 2115 2123 2121 2593 2595 2605 2603
8 2600 2602 2610 2608 2118 2119 2125 2124
8 2120 2121 2127 2126 2601 2603 2611 2609
8 2602 2604 2612 2610 2119 2122 2128 2125
8 2121 2123 2129 2127 2603 2605 2613 2611
8 2608 2610 2618 2616 2124 2125 2131 2130
8 2126 2127 2133 2132 2609 2611 2619 2617
8 2610 2612 2620 2618 2125 2128 2134 2131
8 2127 2129 2135 2133 2611 2613 2621 2619
8 2616 2618 2623 2622 2130 2131 2137 2136
8 2132 2133 2141 2140 2617 2619 2625 2624
8 2618 2620 2626 2623 2131 2134 2142 2137
8 2133 2135 2143 2141 2619 2621 2627 2625
8 2630 2635 2634 2629 2146 2151 2150 2145
8 2149 2153 2152 2148 2633 2637 2636 2632
8 2635 2639 2638 2634 2151 2155 2154 2150
8 2153 2157 2156 2152 2637 2641 2640 2636
8 2639 2643 2642 2638 2155 2159 2158 2154
8 2157 2161 2160 2156 2641 2645 2644 2640
8 2628 2629 2650 2648 2144 2145 2192 2190
8 2147 2148 2193 2191 2631 2632 2651 2649
8 2629 2634 2652 2650 2145 2150 2194 2192
8 2148 2152 2195 2193 2632 2636 2653 2651
8 2634 2638 2654 2652 2150 2154 2196 2194
8 2152 2156 2197 2195 2636 2640 2655 2653
8 2638 2642 2656 2654 2154 2158 2198 2196
8 2156 2160 2199 2197 2640 2644 2657 2655
8 2642 2646 2658 2656 2158 2162 2200 2198
8 2160 2164 2201 2199 2644 2647 2659 2657
8 2648 2650 2662 2660 2190 2192 2224 2222
8 2191 2193 2225 2223 2649 2651 2663 2661
8 2650 2652 2664 2662 2192 2194 2226 2224
8 2193 2195 2227 2225 2651 2653 2665 2663
8 2652 2654 2666 2664 2194 2196 2228 2226
8 2195 2197 2229 2227 2653 2655 2667 2665
8 2654 2656 2668 2666 2196 2198 2230 2228
8 2197 2199 2231 2229 2655 2657 2669 2667
8 2656 2658 2670 2668 2198 2200 2232 2230
8 2199 2201 2233 2231 2657 2659 2671 2669
8 2660 2662 2692 2690 2222 2224 2256 2254
8 2223 2225 2257 2255 2661 2663 2693 2691
8 2662 2664 2694 2692 2224 2226 2258 2256
8 2225 2227 2259 2257 2663 2665 2695 2693
8 2664 2666 2696 2694 2226 2228 2260 2258
8 2227 2229 2261 2259 2665 2667 2697 2695
8 2666 2668 2698 2696 2228 2230 2262 2260
8 2229 2231 2263 2261 2667 2669 2699 2697
8 2668 2670 2700 2698 2230 2232 2264 2262
8 2231 2233 2265 2263 2669 2671 2701 2699
8 2670 2672 2702 2700 2232 2234 2266 2264
8 2233 2235 2267 2265 2671 2673 2703 2701
8 2672 2674 2704 2702 2234 2236 2268 2266
8 2235 2237 2269 2267 2673 2675 2705 2703
8 2674 2676 2706 2704 2236 2238 2270 2268
8 2237 2239 2271 2269 2675 2677 2707 2705
8 2676 2678 2708 2706 2238 2240 2272 2270
8 2239 2241 2273 2271 2677 2679 2709 2707
8 2678 2680 2710 2708 2240 2242 2274 2272
8 2241 2243 2275 2273 2679 2681 2711 2709
8 2680 2682 2712 2710 2242 2244 2276 2274
8 2243 2245 2277 2275 2681 2683 2713 2711
8 2682 2684 2714 2712 2244 2246 2278 2276
8 2245 2247 2279 2277 2683 2685 2715 2713
8 2684 2686 2716 2714 2246 2248 2280 2278
8 2247 2249 2281 2279 2685 2687 2717 2715
8 2686 2688 2718 2716 2248 2250 2282 2280
8 2249 2253 2285 2281 2687 2689 2719 2717
8 2690 2692 2722 2720 2254 2256 2287 2286
8 2255 2257 2289 2288 2691 2693 2723 2721
8 2692 2694 2724 2722 2256 2258 2290 2287
8 2257 2259 2291 2289 2693 2695 2725 2723
8 2694 2696 2726 2724 2258 2260 2292 2290
8 2259 2261 2293 2291 2695 2697 2727 2725
8 2696 2698 2728 2726 2260 2262 2294 2292
8 2261 2263 2295 2293 2697 2699 2729 2727
8 2698 2700 2730 2728 2262 2264 2296 2294
8 2263 2265 2297 2295 2699 2701 2731 2729
8 2700 2702 2732 2730 2264 2266 2298 2296
8 2265 2267 2299 2297 2701 2703 2733 2731
8 2702 2704 2734 2732 2266 2268 2300 2298
8 2267 2269 2301 2299 2703 2705 2735 2733
8 2704 2706 2736 2734 2268 2270 2302 2300
8 2269 2271 2303 2301 2705 2707 2737 2735
8 2716 2718 2748 2746 2280 2282 2314 2312
8 2281 2285 2315 2313 2717 2719 2749 2747
8 2720 2722 2751 2750 2286 2287 2317 2316
8 2288 2289 2321 2320 2721 2723 2753 2752
8 2722 2724 2754 2751 2287 2290 2322 2317
8 2289 2291 2323 2321 2723 2725 2755 2753
8 2724 2726 2756 2754 2290 2292 2324 2322
8 2291 2293 2325 2323 2725 2727 2757 2755
8 2726 2728 2758 2756 2292 2294 2326 2324
8 2293 2295 2327 2325 2727 2729 2759 2757
8 2728 2730 2760 2758 2294 2296 2328 2326
8 2295 2297 2329 2327 2729 2731 2761 2759
8 2764 2762 2738 2740 2338 2336 2304 2306
8 2305 2307 2339 2337 2739 2741 2765 2763
8 2740 2742 2766 2764 2306 2308 2340 2338
8 2307 2309 2341 2339 2741 2743 2767 2765
8 2742 2744 2768 2766 2308 2310 2342 2340
8 2309 2311 2343 2341 2743 2745 2769 2767
8 2744 2746 2770 2768 2310 2312 2344 2342
8 2311 2313 2345 2343 2745 2747 2771 2769
8 2746 2748 2772 2770 2312 2314 2346 2344
8 2313 2315 2347 2345 2747 2749 2773 2771
8 2751 2754 2776 2774 2317 2322 2349 2348
8 2321 2323 2351 2350 2753 2755 2777 2775
8 2754 2756 2778 2776 2322 2324 2352 2349
8 2323 2325 2353 2351 2755 2757 2779 2777
8 2756 2758 2780 2778 2324 2326 2354 2352
8 2325 2327 2355 2353 2757 2759 2781 2779
8 2758 2760 2782 2780 2326 2328 2356 2354
8 2327 2329 2357 2355 2759 2761 2783 2781
8 2762 2764 2786 2784 2336 2338 2366 2364
8 2337 2339 2367 2365 2763 2765 2787 2785
8 2764 2766 2788 2786 2338 2340 2368 2366
8 2339 2341 2369 2367 2765 2767 2789 2787
8 2766 2768 2790 2788 2340 2342 2370 2368
8 2341 2343 2371 2369 2767 2769 2791 2789
8 2768 2770 2792 2790 2342 2344 2372 2370
8 2343 2345 2373 2371 2769 2771 2793 2791
8 2770 2772 2794 2792 2344 2346 2374 2372
8 2345 2347 2375 2373 2771 2773 2795 2793
8 2774 2776 2797 2796 2348 2349 2377 2376
8 2350 2351 2381 2380 2775 2777 2799 2798
8 2776 2778 2800 2797 2349 2352 2382 2377
8 2351 2353 2383 2381 2777 2779 2801 2799
8 2778 2780 2802 2800 2352 2354 2384 2382
8 2353 2355 2385 2383 2779 2781 2803 2801
8 2784 2786 2806 2804 2364 2366 2396 2394
8 2365 2367 2397 2395 2785 2787 2807 2805
8 2808 2806 2786 2788 2398 2396 2366 2368
8 2367 2369 2399 2397 2787 2789 2809 2807
8 2788 2790 2810 2808 2368 2370 2400 2398
8 2369 2371 2401 2399 2789 2791 2811 2809
8 2790 2792 2812 2810 2370 2372 2402 2400
8 2371 2373 2403 2401 2791 2793 2813 2811
8 2792 2794 2814 2812 2372 2374 2404 2402
8 2373 2375 2405 2403 2793 2795 2815 2813
8 2797 2800 2817 2816 2377 2382 2408 2406
8 2381 2383 2409 2407 2799 2801 2819 2818
8 2800 2802 2820 2817 2382 2384 2410 2408
8 2383 2385 2411 2409 2801 2803 2821 2819
8 2804 2806 2826 2823 2394 2396 2422 2420
8 2395 2397 2423 2421 2805 2807 2827 2825
8 2806 2808 2828 2826 2396 2398 2424 2422
8 2397 2399 2425 2423 2807 2809 2829 2827
8 2808 2810 2830 2828 2398 2400 2426 2424
8 2399 2401 2427 2425 2809 2811 2831 2829
8 2810 2812 2832 2830 2400 2402 2428 2426
8 2401 2403 2429 2427 2811 2813 2833 2831
8 2812 2814 2834 2832 2402 2404 2430 2428
8 2403 2405 2431 2429 2813 2815 2835 2833
8 2822 2823 2840 2837 2418 2420 2444 2442
8 2419 2421 2445 2443 2824 2825 2841 2839
8 2823 2826 2842 2840 2420 2422 2446 2444
8 2421 2423 2447 2445 2825 2827 2843 2841
8 2826 2828 2844 2842 2422 2424 2448 2446
8 2423 2425 2449 2447 2827 2829 2845 2843
8 2828 2830 2846 2844 2424 2426 2450 2448
8 2425 2427 2451 2449 2829 2831 2847 2845
8 2830 2832 2848 2846 2426 2428 2452 2450
8 2427 2429 2453 2451 2831 2833 2849 2847
8 2832 2834 2850 2848 2428 2430 2454 2452
8 2429 2431 2455 2453 2833 2835 2851 2849
8 2836 2837 2854 2852 2440 2442 2458 2456
8 2441 2443 2459 2457 2838 2839 2855 2853
8 2837 2840 2856 2854 2442 2444 2460 2458
8 2443 2445 2461 2459 2839 2841 2857 2855
8 2840 2842 2858 2856 2444 2446 2462 2460
8 2445 2447 2463 2461 2841 2843 2859 2857
8 2842 2844 2860 2858 2446 2448 2464 2462
8 2447 2449 2465 2463 2843 2845 2861 2859
8 2844 2846 2862 2860 2448 2450 2466 2464
8 2449 2451 2467 2465 2845 2847 2863 2861
8 2846 2848 2864 2862 2450 2452 2468 2466
8 2451 2453 2469 2467 2847 2849 2865 2863
8 2848 2850 2866 2864 2452 2454 2470 2468
8 2453 2455 2471 2469 2849 2851 2867 2865
8 2852 2854 2870 2868 2456 2458 2474 2472
8 2457 2459 2475 2473 2853 2855 2871 2869
8 2854 2856 2872 2870 2458 2460 2476 2474
8 2459 2461 2477 2475 2855 2857 2873 2871
8 2856 2858 2874 2872 2460 2462 2478 2476
8 2461 2463 2479 2477 2857 2859 2875 2873
8 2858 2860 2876 2874 2462 2464 2480 2478
8 2463 2465 2481 2479 2859 2861 2877 2875
8 2860 2862 2878 2876 2464 2466 2482 2480
8 2465 2467 2483 2481 2861 2863 2879 2877
8 2862 2864 2880 2878 2466 2468 2484 2482
8 2467 2469 2485 2483 2863 2865 2881 2879
8 2864 2866 2882 2880 2468 2470 2486 2484
8 2469 2471 2487 2485 2865 2867 2883 2881
8 2868 2870 2886 2884 2472 2474 2490 2488
8 2473 2475 2491 2489 2869 2871 2887 2885
8 2870 2872 2888 2886 2474 2476 2492 2490
8 2475 2477 2493 2491 2871 2873 2889 2887
8 2872 2874 2890 2888 2476 2478 2494 2492
8 2477 2479 2495 2493 2873 2875 2891 2889
8 2874 2876 2892 2890 2478 2480 2496 2494
8 2479 2481 2497 2495 2875 2877 2893 2891
8 2876 2878 2894 2892 2480 2482 2498 2496
8 2481 2483 2499 2497 2877 2879 2895 2893
8 2878 2880 2896 2894 2482 2484 2500 2498
8 2483 2485 2501 2499 2879 2881 2897 2895
8 2880 2882 2898 2896 2484 2486 2502 2500
8 2485 2487 2503 2501 2881 2883 2899 2897
8 2884 2886 2906 2904 2488 2490 2510 2508
8 2489 2491 2511 2509 2885 2887 2907 2905
8 2886 2888 2908 2906 2490 2492 2512 2510
8 2491 2493 2513 2511 2887 2889 2909 2907
8 2888 2890 2910 2908 2492 2494 2514 2512
8 2493 2495 2515 2513 2889 2891 2911 2909
8 2890 2892 2912 2910 2494 2496 2516 2514
8 2495 2497 2517 2515 2891 2893 2913 2911
8 2892 2894 2914 2912 2496 2498 2518 2516
8 2497 2499 2519 2517 2893 2895 2915 2913
8 2894 2896 2916 2914 2498 2500 2520 2518
8 2499 2501 2521 2519 2895 2897 2917 2915
8 2896 2898 2918 2916 2500 2502 2522 2520
8 2501 2503 2523 2521 2897 2899 2919 2917
8 2900 2901 2924 2921 2504 2505 2528 2525
8 2506 2507 2529 2527 2902 2903 2925 2923
8 2901 2904 2926 2924 2505 2508 2530 2528
8 2507 2509 2531 2529 2903 2905 2927 2925
8 2904 2906 2928 2926 2508 2510 2532 2530
8 2509 2511 2533 2531 2905 2907 2929 2927
8 2906 2908 2930 2928 2510 2512 2534 2532
8 2511 2513 2535 2533 2907 2909 2931 2929
8 2908 2910 2932 2930 2512 2514 2536 2534
8 2513 2515 2537 2535 2909 2911 2933 2931
8 2910 2912 2934 2932 2514 2516 2538 2536
8 2515 2517 2539 2537 2911 2913 2935 2933
8 2912 2914 2936 2934 2516 2518 2540 2538
8 2517 2519 2541 2539 2913 2915 2937 2935
8 2914 2916 2938 2936 2518 2520 2542 2540
8 2519 2521 2543 2541 2915 2917 2939 2937
8 2916 2918 2940 2938 2520 2522 2544 2542
8 2521 2523 2545 2543 2917 2919 2941 2939
8 2920 2921 2944 2942 2524 2525 2548 2546
8 2526 2527 2549 2547 2922 2923 2945 2943
8 2921 2924 2946 2944 2525 2528 2550 2548
8 2527 2529 2551 2549 2923 2925 2947 2945
8 2924 2926 2948 2946 2528 2530 2552 2550
8 2529 2531 2553 2551 2925 2927 2949 2947
8 2926 2928 2950 2948 2530 2532 2554 2552
8 2531 2533 2555 2553 2927 2929 2951 2949
8 2928 2930 2952 2950 2532 2534 2556 2554
8 2533 2535 2557 2555 2929 2931 2953 2951
8 2930 2932 2954 2952 2534 2536 2558 2556
8 2535 2537 2559 2557 2931 2933 2955 2953
8 2932 2934 2956 2954 2536 2538 2560 2558
8 2537 2539 2561 2559 2933 2935 2957 2955
8 2934 2936 2958 2956 2538 2540 2562 2560
8 2539 2541 2563 2561 2935 2937 2959 2957
8 2936 2938 2960 2958 2540 2542 2564 2562
8 2541 2543 2565 2563 2937 2939 2961 2959
8 2942 2944 2966 2963 2546 2548 2570 2567
8 2547 2549 2571 2569 2943 2945 2967 2965
8 2944 2946 2968 2966 2548 2550 2572 2570
8 2549 2551 2573 2571 2945 2947 2969 2967
8 2946 2948 2970 2968 2550 2552 2574 2572
8 2551 2553 2575 2573 2947 2949 2971 2969
8 2948 2950 2972 2970 2552 2554 2576 2574
8 2553 2555 2577 2575 2949 2951 2973 2971
8 2950 2952 2974 2972 2554 2556 2578 2576
8 2555 2557 2579 2577 2951 2953 2975 2973
8 2962 2963 2977 2976 2566 2567 2581 2580
8 2568 2569 2583 2582 2964 2965 2979 2978
8 2963 2966 2980 2977 2567 2570 2584 2581
8 2569 2571 2585 2583 2965 2967 2981 2979
8 2966 2968 2982 2980 2570 2572 2586 2584
8 2571 2573 2587 2585 2967 2969 2983 2981
8 2968 2970 2984 2982 2572 2574 2588 2586
8 2573 2575 2589 2587 2969 2971 2985 2983
8 2970 2972 2986 2984 2574 2576 2987 2588
8 2575 2577 2988 2589 2971 2973 2989 2985
8 2976 2977 2992 2990 2580 2581 2591 2590
8 2582 2583 2593 2592 2978 2979 2993 2991
8 2977 2980 2994 2992 2581 2584 2594 2591
8 2583 2585 2595 2593 2979 2981 2995 2993
8 2980 2982 2996 2994 2584 2586 2596 2594
8 2585 2587 2597 2595 2981 2983 2997 2995
8 2982 2984 2998 2996 2586 2588 2598 2596
8 2587 2589 2599 2597 2983 2985 2999 2997
8 2990 2992 3002 3000 2590 2591 2602 2600
8 2592 2593 2603 2601 2991 2993 3003 3001
8 2992 2994 3004 3002 2591 2594 2604 2602
8 2593 2595 2605 2603 2993 2995 3005 3003
8 2994 2996 3006 3004 2594 2596 2606 2604
8 2595 2597 2607 2605 2995 2997 3007 3005
8 3000 3002 3010 3008 2600 2602 2610 2608
8 2601 2603 2611 2609 3001 3003 3011 3009
8 3002 3004 3012 3010 2602 2604 2612 2610
8 2603 2605 2613 2611 3003 3005 3013 3011
8 3004 3006 3014 3012 2604 2606 2614 2612
8 2605 2607 2615 2613 3005 3007 3015 3013
8 3008 3010 3018 3016 2608 2610 2618 2616
8 2609 2611 2619 2617 3009 3011 3019 3017
8 3010 3012 3020 3018 2610 2612 2620 2618
8 2611 2613 2621 2619 3011 3013 3021 3019
8 3016 3018 3023 3022 2616 2618 2623 2622
8 2617 2619 2625 2624 3017 3019 3025 3024
8 3018 3020 3026 3023 2618 2620 2626 2623
8 2619 2621 2627 2625 3019 3021 3027 3025
8 2633 2637 2636 2632 2630 2635 2634 2629
8 2637 2641 2640 2636 2635 2639 2638 2634
8 2641 2645 2644 2640 2639 2643 2642 2638
8 2631 2632 2651 2649 2628 2629 2650 2648
8 2632 2636 2653 2651 2629 2634 2652 2650
8 2636 2640 2655 2653 2634 2638 2654 2652
8 2640 2644 2657 2655 2638 2642 2656 2654
8 2644 2647 2659 2657 2642 2646 2658 2656
8 2649 2651 2663 2661 2648 2650 2662 2660
8 2651 2653 2665 2663 2650 2652 2664 2662
8 2653 2655 2667 2665 2652 2654 2666 2664
8 2655 2657 2669 2667 2654 2656 2668 2666
8 2657 2659 2671 2669 2656 2658 2670 2668
8 2661 2663 2693 2691 2660 2662 2692 2690
8 2663 2665 2695 2693 2662 2664 2694 2692
8 2665 2667 2697 2695 2664 2666 2696 2694
8 2667 2669 2699 2697 2666 2668 2698 2696
8 2669 2671 2701 2699 2668 2670 2700 2698
8 2687 2689 2719 2717 2686 2688 2718 2716
8 2691 2693 2723 2721 2690 2692 2722 2720
8 2693 2695 2725 2723 2692 2694 2724 2722
8 2695 2697 2727 2725 2694 2696 2726 2724
8 2697 2699 2729 2727 2696 2698 2728 2726
8 2699 2701 2731 2729 2698 2700 2730 2728
8 2717 2719 2749 2747 2716 2718 2748 2746
8 2721 2723 2753 2752 2720 2722 2751 2750
8 2723 2725 2755 2753 2722 2724 2754 2751
8 2725 2727 2757 2755 2724 2726 2756 2754
8 2727 2729 2759 2757 2726 2728 2758 2756
8 2729 2731 2761 2759 2728 2730 2760 2758
8 2747 2749 2773 2771 2746 2748 2772 2770
8 2753 2755 2777 2775 2751 2754 2776 2774
8 2755 2757 2779 2777 2754 2756 2778 2776
8 2757 2759 2781 2779 2756 2758 2780 2778
8 2759 2761 2783 2781 2758 2760 2782 2780
8 2769 2771 2793 2791 2768 2770 2792 2790
8 2771 2773 2795 2793 2770 2772 2794 2792
8 2775 2777 2799 2798 2774 2776 2797 2796
8 2777 2779 2801 2799 2776 2778 2800 2797
8 2779 2781 2803 2801 2778 2780 2802 2800
8 2809 2807 2787 2789 2808 2806 2786 2788
8 2789 2791 2811 2809 2788 2790 2810 2808
8 2791 2793 2813 2811 2790 2792 2812 2810
8 2793 2795 2815 2813 2792 2794 2814 2812
8 2805 2807 2827 2825 2804 2806 2826 2823
8 2807 2809 2829 2827 2806 2808 2828 2826
8 2809 2811 2831 2829 2808 2810 2830 2828
8 2811 2813 2833 2831 2810 2812 2832 2830
8 2813 2815 2835 2833 2812 2814 2834 2832
8 2824 2825 2841 2839 2822 2823 2840 2837
8 2825 2827 2843 2841 2823 2826 2842 2840
8 2827 2829 2845 2843 2826 2828 2844 2842
8 2829 2831 2847 2845 2828 2830 2846 2844
8 2831 2833 2849 2847 2830 2832 2848 2846
8 2833 2835 2851 2849 2832 2834 2850 2848
8 2838 2839 2855 2853 2836 2837 2854 2852
8 2839 2841 2857 2855 2837 2840 2856 2854
8 2841 2843 2859 2857 2840 2842 2858 2856
8 2843 2845 2861 2859 2842 2844 2860 2858
8 2845 2847 2863 2861 2844 2846 2862 2860
8 2847 2849 2865 2863 2846 2848 2864 2862
8 2849 2851 2867 2865 2848 2850 2866 2864
8 2853 2855 2871 2869 2852 2854 2870 2868
8 2855 2857 2873 2871 2854 2856 2872 2870
8 2857 2859 2875 2873 2856 2858 2874 2872
8 2859 2861 2877 2875 2858 2860 2876 2874
8 2861 2863 2879 2877 2860 2862 2878 2876
8 2863 2865 2881 2879 2862 2864 2880 2878
8 2865 2867 2883 2881 2864 2866 2882 2880
8 2869 2871 2887 2885 2868 2870 2886 2884
8 2871 2873 2889 2887 2870 2872 2888 2886
8 2873 2875 2891 2889 2872 2874 2890 2888
8 2875 2877 2893 2891 2874 2876 2892 2890
8 2877 2879 2895 2893 2876 2878 2894 2892
8 2879 2881 2897 2895 2878 2880 2896 2894
8 2881 2883 2899 2897 2880 2882 2898 2896
8 2885 2887 2907 2905 2884 2886 2906 2904
8 2887 2889 2909 2907 2886 2888 2908 2906
8 2889 2891 2911 2909 2888 2890 2910 2908
8 2891 2893 2913 2911 2890 2892 2912 2910
8 2893 2895 2915 2913 2892 2894 2914 2912
8 2895 2897 2917 2915 2894 2896 2916 2914
8 2897 2899 2919 2917 2896 2898 2918 2916
8 2902 2903 2925 2923 2900 2901 2924 2921
8 2903 2905 2927 2925 2901 2904 2926 2924
8 2905 2907 2929 2927 2904 2906 2928 2926
8 2907 2909 2931 2929 2906 2908 2930 2928
8 2909 2911 2933 2931 2908 2910 2932 2930
8 2911 2913 2935 2933 2910 2912 2934 2932
8 2913 2915 2937 2935 2912 2914 2936 2934
8 2915 2917 2939 2937 2914 2916 2938 2936
8 2917 2919 2941 2939 2916 2918 2940 2938
8 2922 2923 2945 2943 2920 2921 2944 2942
8 2923 2925 2947 2945 2921 2924 2946 2944
8 2925 2927 2949 2947 2924 2926 2948 2946
8 2927 2929 2951 2949 2926 2928 2950 2948
8 2929 2931 2953 2951 2928 2930 2952 2950
8 2931 2933 2955 2953 2930 2932 2954 2952
8 2933 2935 2957 2955 2932 2934 2956 2954
8 2935 2937 2959 2957 2934 2936 2958 2956
8 2937 2939 2961 2959 2936 2938 2960 2958
8 2943 2945 2967 2965 2942 2944 2966 2963
8 2945 2947 2969 2967 2944 2946 2968 2966
8 2947 2949 2971 2969 2946 2948 2970 2968
8 2949 2951 2973 2971 2948 2950 2972 2970
8 2951 2953 2975 2973 2950 2952 2974 2972
8 2964 2965 2979 2978 2962 2963 2977 2976
8 2965 2967 2981 2979 2963 2966 2980 2977
8 2967 2969 2983 2981 2966 2968 2982 2980
8 2969 2971 2985 2983 2968 2970 2984 2982
8 2978 2979 2993 2991 2976 2977 2992 2990
8 2979 2981 2995 2993 2977 2980 2994 2992
8 2981 2983 2997 2995 2980 2982 2996 2994
8 2991 2993 3003 3001 2990 2992 3002 3000
8 2993 2995 3005 3003 2992 2994 3004 3002
8 2995 2997 3007 3005 2994 2996 3006 3004
8 3001 3003 3011 3009 3000 3002 3010 3008
8 3003 3005 3013 3011 3002 3004 3012 3010
8 3005 3007 3015 3013 3004 3006 3014 3012
8 3009 3011 3019 3017 3008 3010 3018 3016
8 3011 3013 3021 3019 3010 3012 3020 3018
8 3017 3019 3025 3024 3016 3018 3023 3022
8 3019 3021 3027 3025 3018 3020 3026 3023
8 1997 1999 2015 2013 2457 2459 2475 2473
8 2456 2458 2474 2472 1996 1998 2014 2012
8 1517 1519 1541 1539 1975 1977 1999 1997
8 1974 1976 1998 1996 1516 1518 1540 1538
8 1975 1977 1999 1997 2441 2443 2459 2457
8 2440 2442 2458 2456 1974 1976 1998 1996
8 3029 2885 2905 2903 3028 2884 2904 2901
8 3030 2489 2509 2507 3029 2885 2905 2903
8 3028 2884 2904 2901 3031 2488 2508 2505
8 2047 2046 3032 2029 2509 2507 3030 2489
8 3031 2488 2508 2505 3033 2028 2045 2044
8 2983 2985 2999 2997 2982 2984 2998 2996
8 2971 2973 2989 2985 2970 2972 2986 2984

CELL_TYPES 2062
12
12
12
12
12
12
12
12
12
12
12
12
12
12
12
12
12
12
12
12
12
12
12
12
12
12
12
12
12
12
12
12
12
12
12
12
12
12
12
12
12
12
12
12
12
12
12
12
12
12
12
12
12
12
12
12
12
12
12
12
12
12
12
12
12
12
12
12
12
12
12
12
12
12
12
12
12
12
12
12
12
12
12
12
12
12
12
12
12
12
12
12
12
12
12
12
12
12
12
12
12
12
12
12
12
12
12
12
12
12
12
12
12
12
12
12
12
12
12
12
12
12
12
12
12
12
12
12
12
12
12
12
12
12
12
12
12
12
12
12
12
12
12
12
12
12
12
12
12
12
12
12
12
12
12
12
12
12
12
12
12
12
12
12
12
12
12
12
12
12
12
12
12
12
12
12
12
12
12
12
12
12
12
12
12
12
12
12
12
12
12
12
12
12
12
12
12
12
12
12
12
12
12
12
12
12
12
12
12
12
12
12
12
12
12
12
12
12
12
12
12
12
12
12
12
12
12
12
12
12
12
12
12
12
12
12
12
12
12
12
12
12
12
12
12
12
12
12
12
12
12
12
12
12
12
12
12
12
12
12
12
12
12
12
12
12
12
12
12
12
12
12
12
12
12
12
12
12
12
12
12
12
12
12
12
12
12
12
12
12
12
12
12
12
12
12
12
12
12
12
12
12
12
12
12
12
12
12
12
12
12
12
12
12
12
12
12
12
12
12
12
12
12
12
12
12
12
12
12
12
12
12
12
12
12
12
12
12
12
12
12
12
12
12
12
12
12
12
12
12
12
12
12
12
12
12
12
12
12
12
12
12
12
12
12
12
12
12
12
12
12
12
12
12
12
12
12
12
12
12
12
12
12
12
12
12
12
12
12
12
12
12
12
12
12
12
12
12
12
12
12
12
12
12
12
12
12
12
12
12
12
12
12
12
12
12
12
12
12
12
12
12
12
12
12
12
12
12
12
12
12
12
12
12
12
12
12
12
12
12
12
12
12
12
12
12
12
12
12
12
12
12
12
12
12
12
12
12
12
12
12
12
12
12
12
12
12
12
12
12
12
12
12
12
12
12
12
12
12
12
12
12
12
12
12
12
12
12
12
12
12
12
12
12
12
12
12
12
12
12
12
12
12
12
12
12
12
12
12
12
12
12
12
12
12
12
12
12
12
12
12
12
12
12
12
12
12
12
12
12
12
12
12
12
12
12
12
12
12
12
12
12
12
12
12
12
12
12
12
12
12
12
12
12
12
12
12
12
12
12
12
12
12
12
12
12
12
12
12
12
12
12
12
12
12
12
12
12
12
12
12
12
12
12
12
12
12
12
12
12
12
12
12
12
12
12
12
12
12
12
12
12
12
12
12
12
12
12
12
12
12
12
12
12
12
12
12
12
12
12
12
12
12
12
12
12
12
12
12
12
12
12
12
12
12
12
12
12
12
12
12
12
12
12
12
12
12
12
12
12
12
12
12
12
12
12
12
12
12
12
12
12
12
12
12
12
12
12
12
12
12
12
12
12
12
12
12
12
12
12
12
12
12
12
12
12
12
12
12
12
12
12
12
12
12
12
12
12
12
12
12
12
12
12
12
12
12
12
12
12
12
12
12
12
12
12
12
12
12
12
12
12
12
12
12
12
12
12
12
12
12
12
12
12
12
12
12
12
12
12
12
12
12
12
12
12
12
12
12
12
12
12
12
12
12
12
12
12
12
12
12
12
12
12
12
12
12
12
12
12
12
12
12
12
12
12
12
12
12
12
12
12
12
12
12
12
12
12
12
12
12
12
12
12
12
12
12
12
12
12
12
12
12
12
12
12
12
12
12
12
12
12
12
12
12
12
12
12
12
12
12
12
12
12
12
12
12
12
12
12
12
12
12
12
12
12
12
12
12
12
12
12
12
12
12
12
12
12
12
12
12
12
12
12
12
12
12
12
12
12
12
12
12
12
12
12
12
12
12
12
12
12
12
12
12
12
12
12
12
12
12
12
12
12
12
12
12
12
12
12
12
12
12
12
12
12
12
12
12
12
12
12
12
12
12
12
12
12
12
12
12
12
12
12
12
12
12
12
12
12
12
12
12
12
12
12
12
12
12
12
12
12
12
12
12
12
12
12
12
12
12
12
12
12
12
12
12
12
12
12
12
12
12
12
12
12
12
12
12
12
12
12
12
12
12
12
12
12
12
12
12
12
12
12
12
12
12
12
12
12
12
12
12
12
12
12
12
12
12
12
12
12
12
12
12
12
12
12
12
12
12
12
12
12
12
12
12
12
12
12
12
12
12
12
12
12
12
12
12
12
12
12
12
12
12
12
12
12
12
12
12
12
12
12
12
12
12
12
12
12
12
12
12
12
12
12
12
12
12
12
12
12
12
12
12
12
12
12
12
12
12
12
12
12
12
12
12
12
12
12
12
12
12
12
12
12
12
12
12
12
12
12
12
12
12
12
12
12
12
12
12
12
12
12
12
12
12
12
12
12
12
12
12
12
12
12
12
12
12
12
12
12
12
12
12
12
12
12
12
12
12
12
12
12
12
12
12
12
12
12
12
12
12
12
12
12
12
12
12
12
12
12
12
12
12
12
12
12
12
12
12
12
12
12
12
12
12
12
12
12
12
12
12
12
12
12
12
12
12
12
12
12
12
12
12
12
12
12
12
12
12
12
12
12
12
12
12
12
12
12
12
12
12
12
12
12
12
12
12
12
12
12
12
12
12
12
12
12
12
12
12
12
12
12
12
12
12
12
12
12
12
12
12
12
12
12
12
12
12
12
12
12
12
12
12
12
12
12
12
12
12
12
12
12
12
12
12
12
12
12
12
12
12
12
12
12
12
12
12
12
12
12
12
12
12
12
12
12
12
12
12
12
12
12
12
12
12
12
12
12
12
12
12
12
12
12
12
12
12
12
12
12
12
12
12
12
12
12
12
12
12
12
12
12
12
12
12
12
12
12
12
12
12
12
12
12
12
12
12
12
12
12
12
12
12
12
12
12
12
12
12
12
12
12
12
12
12
12
12
12
12
12
12
12
12
12
12
12
12
12
12
12
12
12
12
12
12
12
12
12
12
12
12
12
12
12
12
12
12
12
12
12
12
12
12
12
12
12
12
12
12
12
12
12
12
12
12
12
12
12
12
12
12
12
12
12
12
12
12
12
12
12
12
12
12
12
12
12
12
12
12
12
12
12
12
12
12
12
12
12
12
12
12
12
12
12
12
12
12
12
12
12
12
12
12
12
12
12
12
12
12
12
12
12
12
12
12
12
12
12
12
12
12
12
12
12
12
12
12
12
12
12
12
12
12
12
12
12
12
12
12
12
12
12
12
12
12
12
12
12
12
12
12
12
12
12
12
12
12
12
12
12
12
12
12
12
12
12
12
12
12
12
12
12
12
12
12
12
12
12
12
12
12
12
12
12
12
12
12
12
12
12
12
12
12
12
12
12
12
12
12
12
12
12
12
12
12
12
12
12
12
12
12
12
12
12
12
12
12
12
12
12
12
12
12
12
12
12
12
12
12
12
12
12
12
12
12
12
12
12
12
12
12
12
12
12
12
12
12
12
12
12
12
12
12
12
12
12
12
12
12
12
12
12
12
12
12
12
12
12
12
12
12
12
12
12
12
12
12
12
12
12
12
12
12
12
12
12
12
12
12
12
12
12
12
12
12
12
12
12
12
12
12
12
12
12
12
12
12
12
12
12
12
12
12
12
12
12
12
12
12
12
12
12
12
12
12
12
12
12
12
12
12
12
12
12
12
12
12
12
12
12
12
12
12
12
12
12
12
12
12
12
12
12
12
12
12
12
12
12
12
12
12
12
12
12
12
12
12
12
12
12
12
12
12
12
12
12
12
12
12
12
12
12
12
12
12
12
12
12
12
12
12
12
12
12
12
12
12
12
12
12
12
12
12
12
12
12
12
12
12
12
12
12
12
12
12
12
12
12
12
12
12
12
12
12
12
12
12
12
12
12
12
12
12
12
12
12
12
12
12
12
12
12
12
12
12
12
12
12
12
12
12
12
12
12
12
12
12
12
12
12
12
12
12
12
12
12
12
12
12
12
12
12
12
12
12
12
12
12
12
12
12
12
12
12
12
12
12
12
12
12
12
12
12
12
12
12
12
12
12
12
12
12
12
12
12
12
12
12
12
12
12
12
12
12
12
12
12
12
12
12
12
12
12
12
12
12
12
12
12
12
12
12
12
12
12
12
12
12
12
12
12
12
12
12
12
12
12
12
12
12
12
12
12
12
12
12
12
12
12
12
12
12
12
12
12
12
12
12
12
12
12
12
12
12
12
12
12
12
12
12
12
12
12
12
12
12
12
12
12
12
12
12
12
12
12
12
12
12
12
12
12
12
12
12
12
12
12
12
12
12
12
12
12
12
12
12
12
12
12
12
12
12
12
12
12
12
12
12
12
12
12
12
12
12
12
12
12
12
12
12
12
12
12
12
12
12
12
12
12
12
12
12
12
12
12
12
12
12
12
12
12
12
12
12
12
12
12
12
12
12
12
12
12
12
12
12
12
12
12
12
12
12
12
12
12
12
12
12
12
12
12
12
12
12
12
12
12
12
12
12
12
12
12
12
12
12
12
12
12
12
12
12
12
12
12
12
12
12
12
12
12
12
12
12
12
12
12
12
12
12
