0 5000000000 1.0
Cubic 15 explicit
0.0  0.1806641 0.0 -2.905273 1.655273 0.0 -2.319336 2.802734 0.0 -2.006836 3.764648 0.0 -1.586914 4.980469 0.0 -1.37207
1.4008  0.1806641 0.0 -2.905273 1.655273 0.0 -2.319336 2.802734 0.0 -2.006836 3.764648 0.0 -1.586914 4.980469 0.0 -1.37207
1.4024  0.1806641 0.0 -2.905273 1.655273 0.0 -2.314453 2.802734 0.0 -2.006836 3.764648 0.0 -1.582031 4.980469 0.0 -1.376953
1.404  0.1806641 0.0 -2.905273 1.660156 0.0 -2.314453 2.807617 0.0 -2.001953 3.764648 0.0 -1.582031 4.980469 0.0 -1.376953
1.4056  0.1806641 0.0 -2.905273 1.660156 0.0 -2.30957 2.807617 0.0 -2.001953 3.764648 0.0 -1.582031 4.985352 0.0 -1.376953
1.4072  0.1806641 0.0 -2.905273 1.660156 0.0 -2.30957 2.807617 0.0 -1.99707 3.764648 0.0 -1.582031 4.985352 0.0 -1.376953
1.4088  0.1806641 0.0 -2.905273 1.660156 0.0 -2.30957 2.807617 0.0 -1.99707 3.769531 0.0 -1.577148 4.985352 0.0 -1.376953
1.4104  0.1806641 0.0 -2.905273 1.660156 0.0 -2.304688 2.807617 0.0 -1.99707 3.769531 0.0 -1.577148 4.985352 0.0 -1.376953
1.412  0.1855469 0.0 -2.905273 1.665039 0.0 -2.299805 2.8125 0.0 -1.992188 3.769531 0.0 -1.572266 4.985352 0.0 -1.37207
1.4136  0.1855469 0.0 -2.900391 1.665039 0.0 -2.299805 2.8125 0.0 -1.992188 3.769531 0.0 -1.572266 4.985352 0.0 -1.37207
1.4152  0.1855469 0.0 -2.900391 1.665039 0.0 -2.294922 2.8125 0.0 -1.987305 3.769531 0.0 -1.572266 4.990234 0.0 -1.37207
1.4168  0.1855469 0.0 -2.900391 1.665039 0.0 -2.294922 2.8125 0.0 -1.982422 3.774414 0.0 -1.567383 4.990234 0.0 -1.37207
1.4184  0.1855469 0.0 -2.900391 1.665039 0.0 -2.290039 2.8125 0.0 -1.982422 3.774414 0.0 -1.567383 4.990234 0.0 -1.37207
1.42  0.1855469 0.0 -2.900391 1.669922 0.0 -2.290039 2.817383 0.0 -1.977539 3.774414 0.0 -1.5625 4.990234 0.0 -1.37207
1.4216  0.1904297 0.0 -2.900391 1.669922 0.0 -2.285156 2.817383 0.0 -1.977539 3.774414 0.0 -1.5625 4.990234 0.0 -1.37207
1.4232  0.1904297 0.0 -2.900391 1.669922 0.0 -2.280273 2.817383 0.0 -1.972656 3.774414 0.0 -1.557617 4.990234 0.0 -1.37207
1.4248  0.1904297 0.0 -2.895508 1.669922 0.0 -2.280273 2.817383 0.0 -1.972656 3.779297 0.0 -1.557617 4.995117 0.0 -1.367188
1.4264  0.1904297 0.0 -2.895508 1.669922 0.0 -2.275391 2.817383 0.0 -1.967773 3.779297 0.0 -1.552734 4.995117 0.0 -1.367188
1.428  0.1904297 0.0 -2.895508 1.669922 0.0 -2.270508 2.817383 0.0 -1.962891 3.779297 0.0 -1.552734 4.995117 0.0 -1.367188
1.4296  0.1904297 0.0 -2.895508 1.669922 0.0 -2.270508 2.822266 0.0 -1.962891 3.779297 0.0 -1.547852 4.995117 0.0 -1.367188
1.4312  0.1904297 0.0 -2.890625 1.674805 0.0 -2.265625 2.822266 0.0 -1.958008 3.779297 0.0 -1.547852 4.995117 0.0 -1.367188
1.4328  0.1953125 0.0 -2.890625 1.674805 0.0 -2.260742 2.822266 0.0 -1.953125 3.779297 0.0 -1.542969 4.995117 0.0 -1.367188
1.4344  0.1953125 0.0 -2.890625 1.674805 0.0 -2.255859 2.822266 0.0 -1.953125 3.78418 0.0 -1.542969 4.995117 0.0 -1.362305
1.436  0.1953125 0.0 -2.890625 1.674805 0.0 -2.255859 2.822266 0.0 -1.948242 3.78418 0.0 -1.538086 4.995117 0.0 -1.362305
1.4376  0.1953125 0.0 -2.885742 1.674805 0.0 -2.250977 2.822266 0.0 -1.943359 3.78418 0.0 -1.538086 4.995117 0.0 -1.362305
1.4392  0.1953125 0.0 -2.885742 1.674805 0.0 -2.246094 2.822266 0.0 -1.938477 3.78418 0.0 -1.533203 4.995117 0.0 -1.362305
1.4408  0.1953125 0.0 -2.885742 1.674805 0.0 -2.241211 2.822266 0.0 -1.938477 3.78418 0.0 -1.533203 4.995117 0.0 -1.362305
1.4424  0.1953125 0.0 -2.880859 1.674805 0.0 -2.236328 2.822266 0.0 -1.933594 3.78418 0.0 -1.52832 4.995117 0.0 -1.357422
1.444  0.1953125 0.0 -2.880859 1.674805 0.0 -2.236328 2.822266 0.0 -1.928711 3.78418 0.0 -1.52832 4.995117 0.0 -1.357422
1.4456  0.1953125 0.0 -2.880859 1.674805 0.0 -2.231445 2.822266 0.0 -1.923828 3.78418 0.0 -1.523438 4.995117 0.0 -1.357422
1.4472  0.1953125 0.0 -2.875977 1.674805 0.0 -2.226563 2.822266 0.0 -1.918945 3.78418 0.0 -1.523438 4.995117 0.0 -1.357422
1.4488  0.1953125 0.0 -2.875977 1.674805 0.0 -2.22168 2.822266 0.0 -1.918945 3.78418 0.0 -1.523438 4.995117 0.0 -1.357422
1.4504  0.2001953 0.0 -2.875977 1.669922 0.0 -2.216797 2.822266 0.0 -1.914063 3.78418 0.0 -1.518555 4.995117 0.0 -1.357422
1.452  0.2001953 0.0 -2.871094 1.669922 0.0 -2.211914 2.822266 0.0 -1.90918 3.78418 0.0 -1.518555 4.995117 0.0 -1.352539
1.4536  0.2001953 0.0 -2.871094 1.669922 0.0 -2.207031 2.822266 0.0 -1.904297 3.78418 0.0 -1.513672 4.995117 0.0 -1.352539
1.4552  0.2001953 0.0 -2.866211 1.669922 0.0 -2.202148 2.817383 0.0 -1.899414 3.78418 0.0 -1.513672 4.995117 0.0 -1.352539
1.4568  0.2001953 0.0 -2.866211 1.669922 0.0 -2.197266 2.817383 0.0 -1.894531 3.78418 0.0 -1.508789 4.990234 0.0 -1.352539
1.4584  0.2001953 0.0 -2.861328 1.669922 0.0 -2.192383 2.817383 0.0 -1.889648 3.78418 0.0 -1.508789 4.990234 0.0 -1.352539
1.46  0.2001953 0.0 -2.861328 1.669922 0.0 -2.1875 2.817383 0.0 -1.884766 3.78418 0.0 -1.503906 4.990234 0.0 -1.352539
1.4616  0.2001953 0.0 -2.861328 1.665039 0.0 -2.182617 2.817383 0.0 -1.879883 3.78418 0.0 -1.503906 4.990234 0.0 -1.352539
1.4632  0.2001953 0.0 -2.856445 1.665039 0.0 -2.177734 2.817383 0.0 -1.875 3.78418 0.0 -1.503906 4.990234 0.0 -1.347656
1.4648  0.2001953 0.0 -2.856445 1.665039 0.0 -2.172852 2.817383 0.0 -1.870117 3.78418 0.0 -1.499023 4.990234 0.0 -1.347656
1.4664  0.2001953 0.0 -2.851563 1.665039 0.0 -2.163086 2.8125 0.0 -1.865234 3.78418 0.0 -1.499023 4.990234 0.0 -1.347656
1.468  0.2001953 0.0 -2.851563 1.665039 0.0 -2.158203 2.8125 0.0 -1.860352 3.78418 0.0 -1.494141 4.985352 0.0 -1.347656
1.4696  0.2001953 0.0 -2.84668 1.665039 0.0 -2.15332 2.8125 0.0 -1.855469 3.779297 0.0 -1.494141 4.985352 0.0 -1.347656
1.4712  0.2001953 0.0 -2.84668 1.660156 0.0 -2.148438 2.8125 0.0 -1.850586 3.779297 0.0 -1.489258 4.985352 0.0 -1.347656
1.4728  0.2001953 0.0 -2.841797 1.660156 0.0 -2.143555 2.807617 0.0 -1.84082 3.779297 0.0 -1.489258 4.985352 0.0 -1.342773
1.4744  0.2001953 0.0 -2.841797 1.660156 0.0 -2.133789 2.807617 0.0 -1.835938 3.779297 0.0 -1.484375 4.985352 0.0 -1.342773
1.476  0.2001953 0.0 -2.836914 1.660156 0.0 -2.128906 2.807617 0.0 -1.831055 3.779297 0.0 -1.479492 4.985352 0.0 -1.342773
1.4776  0.2001953 0.0 -2.836914 1.655273 0.0 -2.124023 2.807617 0.0 -1.826172 3.779297 0.0 -1.479492 4.980469 0.0 -1.342773
1.4792  0.2001953 0.0 -2.832031 1.655273 0.0 -2.114258 2.802734 0.0 -1.821289 3.779297 0.0 -1.474609 4.980469 0.0 -1.342773
1.4808  0.2001953 0.0 -2.827148 1.655273 0.0 -2.109375 2.802734 0.0 -1.811523 3.779297 0.0 -1.469727 4.980469 0.0 -1.337891
1.4824  0.2001953 0.0 -2.827148 1.655273 0.0 -2.099609 2.802734 0.0 -1.806641 3.779297 0.0 -1.469727 4.980469 0.0 -1.337891
1.484  0.2001953 0.0 -2.822266 1.650391 0.0 -2.094727 2.802734 0.0 -1.801758 3.779297 0.0 -1.464844 4.980469 0.0 -1.337891
1.4856  0.2001953 0.0 -2.822266 1.650391 0.0 -2.084961 2.797852 0.0 -1.791992 3.779297 0.0 -1.459961 4.980469 0.0 -1.333008
1.4872  0.2001953 0.0 -2.817383 1.650391 0.0 -2.080078 2.797852 0.0 -1.787109 3.779297 0.0 -1.455078 4.975586 0.0 -1.333008
1.4888  0.2001953 0.0 -2.817383 1.650391 0.0 -2.070313 2.797852 0.0 -1.777344 3.779297 0.0 -1.450195 4.975586 0.0 -1.333008
1.4904  0.2001953 0.0 -2.8125 1.645508 0.0 -2.06543 2.792969 0.0 -1.772461 3.779297 0.0 -1.450195 4.975586 0.0 -1.328125
1.492  0.2001953 0.0 -2.807617 1.645508 0.0 -2.055664 2.792969 0.0 -1.762695 3.779297 0.0 -1.445313 4.975586 0.0 -1.328125
1.4936  0.2001953 0.0 -2.807617 1.645508 0.0 -2.045898 2.792969 0.0 -1.757813 3.779297 0.0 -1.44043 4.975586 0.0 -1.323242
1.4952  0.2001953 0.0 -2.802734 1.640625 0.0 -2.041016 2.788086 0.0 -1.748047 3.779297 0.0 -1.435547 4.970703 0.0 -1.323242
1.4968  0.2001953 0.0 -2.797852 1.640625 0.0 -2.03125 2.788086 0.0 -1.738281 3.779297 0.0 -1.430664 4.970703 0.0 -1.318359
1.4984  0.2001953 0.0 -2.797852 1.640625 0.0 -2.021484 2.783203 0.0 -1.733398 3.774414 0.0 -1.420898 4.970703 0.0 -1.318359
1.5  0.2001953 0.0 -2.792969 1.635742 0.0 -2.011719 2.783203 0.0 -1.723633 3.774414 0.0 -1.416016 4.970703 0.0 -1.313477
1.5016  0.2001953 0.0 -2.792969 1.635742 0.0 -2.001953 2.783203 0.0 -1.713867 3.774414 0.0 -1.411133 4.96582 0.0 -1.313477
1.5032  0.1953125 0.0 -2.788086 1.630859 0.0 -1.992188 2.77832 0.0 -1.704102 3.774414 0.0 -1.40625 4.96582 0.0 -1.308594
1.5048  0.1953125 0.0 -2.783203 1.630859 0.0 -1.987305 2.77832 0.0 -1.694336 3.774414 0.0 -1.401367 4.96582 0.0 -1.303711
1.5064  0.1953125 0.0 -2.77832 1.630859 0.0 -1.977539 2.77832 0.0 -1.68457 3.774414 0.0 -1.391602 4.96582 0.0 -1.303711
1.508  0.1953125 0.0 -2.77832 1.625977 0.0 -1.967773 2.773438 0.0 -1.674805 3.774414 0.0 -1.386719 4.96582 0.0 -1.298828
1.5096  0.1953125 0.0 -2.773438 1.625977 0.0 -1.953125 2.773438 0.0 -1.665039 3.774414 0.0 -1.376953 4.96582 0.0 -1.293945
1.5112  0.1953125 0.0 -2.768555 1.625977 0.0 -1.943359 2.768555 0.0 -1.655273 3.769531 0.0 -1.37207 4.960938 0.0 -1.289063
1.5128  0.1953125 0.0 -2.768555 1.621094 0.0 -1.933594 2.768555 0.0 -1.645508 3.769531 0.0 -1.362305 4.960938 0.0 -1.28418
1.5144  0.1953125 0.0 -2.763672 1.621094 0.0 -1.923828 2.768555 0.0 -1.635742 3.769531 0.0 -1.357422 4.960938 0.0 -1.28418
1.516  0.1953125 0.0 -2.758789 1.616211 0.0 -1.914063 2.763672 0.0 -1.625977 3.769531 0.0 -1.347656 4.960938 0.0 -1.279297
1.5176  0.1953125 0.0 -2.753906 1.616211 0.0 -1.904297 2.763672 0.0 -1.611328 3.769531 0.0 -1.337891 4.960938 0.0 -1.274414
1.5192  0.1953125 0.0 -2.753906 1.616211 0.0 -1.889648 2.758789 0.0 -1.601563 3.769531 0.0 -1.328125 4.960938 0.0 -1.269531
1.5208  0.1953125 0.0 -2.749023 1.611328 0.0 -1.879883 2.758789 0.0 -1.586914 3.769531 0.0 -1.318359 4.956055 0.0 -1.264648
1.5224  0.1953125 0.0 -2.744141 1.611328 0.0 -1.870117 2.758789 0.0 -1.577148 3.769531 0.0 -1.308594 4.956055 0.0 -1.254883
1.524  0.1904297 0.0 -2.739258 1.611328 0.0 -1.855469 2.753906 0.0 -1.5625 3.769531 0.0 -1.303711 4.956055 0.0 -1.25
1.5256  0.1904297 0.0 -2.734375 1.606445 0.0 -1.845703 2.753906 0.0 -1.552734 3.769531 0.0 -1.289063 4.956055 0.0 -1.245117
1.5272  0.1904297 0.0 -2.729492 1.606445 0.0 -1.835938 2.749023 0.0 -1.538086 3.769531 0.0 -1.279297 4.956055 0.0 -1.240234
1.5288  0.1904297 0.0 -2.724609 1.606445 0.0 -1.821289 2.749023 0.0 -1.523438 3.769531 0.0 -1.269531 4.956055 0.0 -1.235352
1.5304  0.1904297 0.0 -2.724609 1.601563 0.0 -1.811523 2.744141 0.0 -1.513672 3.769531 0.0 -1.259766 4.951172 0.0 -1.230469
1.532  0.1904297 0.0 -2.719727 1.601563 0.0 -1.796875 2.744141 0.0 -1.499023 3.769531 0.0 -1.25 4.951172 0.0 -1.220703
1.5336  0.1904297 0.0 -2.714844 1.601563 0.0 -1.787109 2.744141 0.0 -1.484375 3.769531 0.0 -1.240234 4.951172 0.0 -1.21582
1.5352  0.1904297 0.0 -2.709961 1.59668 0.0 -1.772461 2.739258 0.0 -1.469727 3.769531 0.0 -1.225586 4.951172 0.0 -1.210938
1.5368  0.1855469 0.0 -2.705078 1.59668 0.0 -1.762695 2.739258 0.0 -1.459961 3.769531 0.0 -1.21582 4.951172 0.0 -1.201172
1.5384  0.1855469 0.0 -2.700195 1.591797 0.0 -1.748047 2.734375 0.0 -1.445313 3.769531 0.0 -1.206055 4.946289 0.0 -1.196289
1.54  0.1855469 0.0 -2.695313 1.591797 0.0 -1.738281 2.734375 0.0 -1.430664 3.769531 0.0 -1.191406 4.946289 0.0 -1.191406
1.5416  0.1855469 0.0 -2.69043 1.591797 0.0 -1.723633 2.729492 0.0 -1.416016 3.769531 0.0 -1.181641 4.946289 0.0 -1.181641
1.5432  0.1855469 0.0 -2.685547 1.586914 0.0 -1.708984 2.729492 0.0 -1.401367 3.769531 0.0 -1.166992 4.941406 0.0 -1.176758
1.5448  0.1855469 0.0 -2.680664 1.586914 0.0 -1.699219 2.724609 0.0 -1.386719 3.769531 0.0 -1.157227 4.941406 0.0 -1.171875
1.5464  0.1855469 0.0 -2.675781 1.582031 0.0 -1.68457 2.724609 0.0 -1.37207 3.769531 0.0 -1.142578 4.941406 0.0 -1.162109
1.548  0.1806641 0.0 -2.670898 1.582031 0.0 -1.669922 2.719727 0.0 -1.357422 3.769531 0.0 -1.132813 4.936523 0.0 -1.157227
1.5496  0.1806641 0.0 -2.666016 1.582031 0.0 -1.655273 2.719727 0.0 -1.342773 3.769531 0.0 -1.118164 4.936523 0.0 -1.152344
1.5512  0.1806641 0.0 -2.661133 1.577148 0.0 -1.640625 2.714844 0.0 -1.328125 3.769531 0.0 -1.108398 4.936523 0.0 -1.142578
1.5528  0.1806641 0.0 -2.65625 1.577148 0.0 -1.625977 2.714844 0.0 -1.313477 3.769531 0.0 -1.09375 4.931641 0.0 -1.137695
1.5544  0.1806641 0.0 -2.651367 1.572266 0.0 -1.616211 2.709961 0.0 -1.298828 3.764648 0.0 -1.083984 4.931641 0.0 -1.12793
1.556  0.1757813 0.0 -2.646484 1.572266 0.0 -1.601563 2.709961 0.0 -1.28418 3.764648 0.0 -1.069336 4.926758 0.0 -1.123047
1.5576  0.1757813 0.0 -2.641602 1.567383 0.0 -1.586914 2.705078 0.0 -1.264648 3.764648 0.0 -1.054688 4.926758 0.0 -1.113281
1.5592  0.1757813 0.0 -2.636719 1.5625 0.0 -1.572266 2.700195 0.0 -1.25 3.764648 0.0 -1.044922 4.921875 0.0 -1.108398
1.5608  0.1757813 0.0 -2.631836 1.5625 0.0 -1.557617 2.700195 0.0 -1.235352 3.764648 0.0 -1.030273 4.921875 0.0 -1.103516
1.5624  0.1757813 0.0 -2.626953 1.557617 0.0 -1.542969 2.695313 0.0 -1.220703 3.764648 0.0 -1.015625 4.916992 0.0 -1.09375
1.564  0.1708984 0.0 -2.62207 1.557617 0.0 -1.523438 2.695313 0.0 -1.206055 3.764648 0.0 -1.005859 4.916992 0.0 -1.088867
1.5656  0.1708984 0.0 -2.617188 1.552734 0.0 -1.508789 2.69043 0.0 -1.191406 3.764648 0.0 -0.9912109 4.912109 0.0 -1.079102
1.5672  0.1708984 0.0 -2.612305 1.552734 0.0 -1.494141 2.685547 0.0 -1.176758 3.759766 0.0 -0.9814453 4.907227 0.0 -1.074219
1.5688  0.1708984 0.0 -2.607422 1.547852 0.0 -1.479492 2.685547 0.0 -1.162109 3.759766 0.0 -0.9667969 4.907227 0.0 -1.064453
1.5704  0.1708984 0.0 -2.607422 1.542969 0.0 -1.459961 2.680664 0.0 -1.147461 3.759766 0.0 -0.9570313 4.902344 0.0 -1.05957
1.572  0.1708984 0.0 -2.602539 1.542969 0.0 -1.445313 2.680664 0.0 -1.12793 3.759766 0.0 -0.9423828 4.897461 0.0 -1.049805
1.5736  0.1708984 0.0 -2.597656 1.538086 0.0 -1.430664 2.675781 0.0 -1.113281 3.759766 0.0 -0.9326172 4.897461 0.0 -1.044922
1.5752  0.1660156 0.0 -2.592773 1.533203 0.0 -1.411133 2.670898 0.0 -1.098633 3.759766 0.0 -0.9179688 4.892578 0.0 -1.040039
1.5768  0.1660156 0.0 -2.587891 1.533203 0.0 -1.391602 2.670898 0.0 -1.083984 3.754883 0.0 -0.9082031 4.887695 0.0 -1.030273
1.5784  0.1660156 0.0 -2.583008 1.52832 0.0 -1.376953 2.666016 0.0 -1.069336 3.754883 0.0 -0.8935547 4.882813 0.0 -1.025391
1.58  0.1660156 0.0 -2.578125 1.52832 0.0 -1.357422 2.661133 0.0 -1.054688 3.754883 0.0 -0.8837891 4.882813 0.0 -1.015625
1.5816  0.1660156 0.0 -2.573242 1.523438 0.0 -1.337891 2.661133 0.0 -1.040039 3.754883 0.0 -0.8691406 4.87793 0.0 -1.010742
1.5832  0.1660156 0.0 -2.568359 1.523438 0.0 -1.318359 2.65625 0.0 -1.025391 3.754883 0.0 -0.859375 4.873047 0.0 -1.000977
1.5848  0.1660156 0.0 -2.563477 1.518555 0.0 -1.298828 2.651367 0.0 -1.005859 3.75 0.0 -0.8447266 4.868164 0.0 -0.9960938
1.5864  0.1660156 0.0 -2.558594 1.513672 0.0 -1.279297 2.651367 0.0 -0.9912109 3.75 0.0 -0.8349609 4.863281 0.0 -0.9912109
1.588  0.1611328 0.0 -2.553711 1.513672 0.0 -1.259766 2.646484 0.0 -0.9765625 3.75 0.0 -0.8251953 4.858398 0.0 -0.9814453
1.5896  0.1611328 0.0 -2.548828 1.508789 0.0 -1.235352 2.646484 0.0 -0.9619141 3.75 0.0 -0.8105469 4.858398 0.0 -0.9765625
1.5912  0.1611328 0.0 -2.543945 1.508789 0.0 -1.21582 2.641602 0.0 -0.9472656 3.75 0.0 -0.8007813 4.853516 0.0 -0.9667969
1.5928  0.1611328 0.0 -2.539063 1.503906 0.0 -1.191406 2.636719 0.0 -0.9326172 3.745117 0.0 -0.7910156 4.848633 0.0 -0.9619141
1.5944  0.1611328 0.0 -2.53418 1.503906 0.0 -1.171875 2.636719 0.0 -0.9130859 3.745117 0.0 -0.7763672 4.84375 0.0 -0.9570313
1.596  0.1611328 0.0 -2.529297 1.503906 0.0 -1.147461 2.631836 0.0 -0.8984375 3.745117 0.0 -0.7666016 4.838867 0.0 -0.9472656
1.5976  0.1611328 0.0 -2.524414 1.499023 0.0 -1.123047 2.626953 0.0 -0.8837891 3.745117 0.0 -0.7519531 4.833984 0.0 -0.9423828
1.5992  0.1611328 0.0 -2.519531 1.499023 0.0 -1.098633 2.626953 0.0 -0.8691406 3.740234 0.0 -0.7421875 4.829102 0.0 -0.9326172
1.6008  0.1611328 0.0 -2.514648 1.494141 0.0 -1.074219 2.62207 0.0 -0.8544922 3.740234 0.0 -0.7324219 4.824219 0.0 -0.9277344
1.6024  0.15625 0.0 -2.509766 1.494141 0.0 -1.049805 2.62207 0.0 -0.8398438 3.740234 0.0 -0.7177734 4.819336 0.0 -0.9179688
1.604  0.15625 0.0 -2.509766 1.494141 0.0 -1.025391 2.617188 0.0 -0.8203125 3.735352 0.0 -0.7080078 4.814453 0.0 -0.9130859
1.6056  0.15625 0.0 -2.504883 1.489258 0.0 -1.000977 2.612305 0.0 -0.8056641 3.735352 0.0 -0.6982422 4.80957 0.0 -0.9082031
1.6072  0.15625 0.0 -2.5 1.489258 0.0 -0.9765625 2.612305 0.0 -0.7910156 3.735352 0.0 -0.6835938 4.804688 0.0 -0.8984375
1.6088  0.15625 0.0 -2.495117 1.489258 0.0 -0.9472656 2.607422 0.0 -0.7763672 3.730469 0.0 -0.6738281 4.799805 0.0 -0.8935547
1.6104  0.15625 0.0 -2.490234 1.489258 0.0 -0.9228516 2.602539 0.0 -0.7617188 3.730469 0.0 -0.6640625 4.790039 0.0 -0.8837891
1.612  0.1513672 0.0 -2.485352 1.484375 0.0 -0.8984375 2.597656 0.0 -0.7470703 3.725586 0.0 -0.6494141 4.785156 0.0 -0.8789063
1.6136  0.1513672 0.0 -2.480469 1.484375 0.0 -0.8740234 2.597656 0.0 -0.7324219 3.725586 0.0 -0.6396484 4.780273 0.0 -0.8691406
1.6152  0.1513672 0.0 -2.475586 1.484375 0.0 -0.8447266 2.592773 0.0 -0.7177734 3.720703 0.0 -0.6298828 4.775391 0.0 -0.859375
1.6168  0.1513672 0.0 -2.470703 1.484375 0.0 -0.8203125 2.587891 0.0 -0.703125 3.720703 0.0 -0.6201172 4.770508 0.0 -0.8544922
1.6184  0.1513672 0.0 -2.470703 1.479492 0.0 -0.7958984 2.583008 0.0 -0.6884766 3.71582 0.0 -0.6054688 4.765625 0.0 -0.8447266
1.62  0.1513672 0.0 -2.46582 1.479492 0.0 -0.7714844 2.578125 0.0 -0.6738281 3.71582 0.0 -0.5957031 4.755859 0.0 -0.8398438
1.6216  0.1464844 0.0 -2.460938 1.479492 0.0 -0.7470703 2.578125 0.0 -0.6591797 3.710938 0.0 -0.5859375 4.750977 0.0 -0.8300781
1.6232  0.1464844 0.0 -2.456055 1.479492 0.0 -0.7226563 2.573242 0.0 -0.6445313 3.710938 0.0 -0.5712891 4.746094 0.0 -0.8203125
1.6248  0.1464844 0.0 -2.451172 1.479492 0.0 -0.703125 2.568359 0.0 -0.6298828 3.706055 0.0 -0.5615234 4.736328 0.0 -0.8154297
1.6264  0.1464844 0.0 -2.446289 1.479492 0.0 -0.6787109 2.563477 0.0 -0.6152344 3.701172 0.0 -0.5517578 4.731445 0.0 -0.8056641
1.628  0.1464844 0.0 -2.441406 1.474609 0.0 -0.6542969 2.558594 0.0 -0.6054688 3.696289 0.0 -0.5419922 4.726563 0.0 -0.7958984
1.6296  0.1416016 0.0 -2.436523 1.474609 0.0 -0.6347656 2.553711 0.0 -0.5908203 3.696289 0.0 -0.5322266 4.716797 0.0 -0.7910156
1.6312  0.1416016 0.0 -2.431641 1.474609 0.0 -0.6152344 2.548828 0.0 -0.5810547 3.691406 0.0 -0.5175781 4.711914 0.0 -0.78125
1.6328  0.1416016 0.0 -2.431641 1.474609 0.0 -0.5957031 2.539063 0.0 -0.5664063 3.686523 0.0 -0.5078125 4.707031 0.0 -0.7714844
1.6344  0.1416016 0.0 -2.426758 1.469727 0.0 -0.5761719 2.53418 0.0 -0.5566406 3.681641 0.0 -0.4980469 4.697266 0.0 -0.7666016
1.636  0.1367188 0.0 -2.421875 1.469727 0.0 -0.5566406 2.529297 0.0 -0.5419922 3.676758 0.0 -0.4882813 4.692383 0.0 -0.7568359
1.6376  0.1367188 0.0 -2.416992 1.469727 0.0 -0.5419922 2.524414 0.0 -0.5322266 3.676758 0.0 -0.4785156 4.6875 0.0 -0.7470703
1.6392  0.1367188 0.0 -2.412109 1.469727 0.0 -0.5224609 2.519531 0.0 -0.5224609 3.671875 0.0 -0.46875 4.677734 0.0 -0.7373047
1.6408  0.1367188 0.0 -2.407227 1.469727 0.0 -0.5078125 2.509766 0.0 -0.5126953 3.666992 0.0 -0.4541016 4.672852 0.0 -0.7275391
1.6424  0.1318359 0.0 -2.402344 1.464844 0.0 -0.4931641 2.504883 0.0 -0.5029297 3.662109 0.0 -0.4443359 4.667969 0.0 -0.7177734
1.644  0.1318359 0.0 -2.397461 1.464844 0.0 -0.4785156 2.5 0.0 -0.4931641 3.657227 0.0 -0.4345703 4.663086 0.0 -0.7128906
1.6456  0.1318359 0.0 -2.392578 1.464844 0.0 -0.46875 2.490234 0.0 -0.4833984 3.652344 0.0 -0.4248047 4.65332 0.0 -0.703125
1.6472  0.1318359 0.0 -2.392578 1.459961 0.0 -0.4541016 2.485352 0.0 -0.4736328 3.647461 0.0 -0.4150391 4.648438 0.0 -0.6933594
1.6488  0.1269531 0.0 -2.387695 1.459961 0.0 -0.4443359 2.480469 0.0 -0.4638672 3.642578 0.0 -0.4052734 4.643555 0.0 -0.6835938
1.6504  0.1269531 0.0 -2.382813 1.459961 0.0 -0.4345703 2.470703 0.0 -0.4589844 3.637695 0.0 -0.3955078 4.638672 0.0 -0.6738281
1.652  0.1269531 0.0 -2.37793 1.459961 0.0 -0.4248047 2.46582 0.0 -0.4492188 3.632813 0.0 -0.3857422 4.633789 0.0 -0.6640625
1.6536  0.1269531 0.0 -2.373047 1.455078 0.0 -0.4150391 2.460938 0.0 -0.4443359 3.62793 0.0 -0.3759766 4.624023 0.0 -0.6542969
1.6552  0.1269531 0.0 -2.368164 1.455078 0.0 -0.4101563 2.451172 0.0 -0.4345703 3.623047 0.0 -0.3662109 4.619141 0.0 -0.6445313
1.6568  0.1220703 0.0 -2.363281 1.455078 0.0 -0.4003906 2.446289 0.0 -0.4296875 3.618164 0.0 -0.3564453 4.614258 0.0 -0.6347656
1.6584  0.1220703 0.0 -2.363281 1.450195 0.0 -0.3955078 2.441406 0.0 -0.4199219 3.613281 0.0 -0.3466797 4.609375 0.0 -0.625
1.66  0.1220703 0.0 -2.358398 1.450195 0.0 -0.390625 2.431641 0.0 -0.4150391 3.608398 0.0 -0.3369141 4.604492 0.0 -0.6152344
1.6616  0.1220703 0.0 -2.353516 1.450195 0.0 -0.3857422 2.426758 0.0 -0.4101563 3.603516 0.0 -0.3271484 4.599609 0.0 -0.6054688
1.6632  0.1171875 0.0 -2.348633 1.445313 0.0 -0.3808594 2.421875 0.0 -0.4052734 3.598633 0.0 -0.3173828 4.599609 0.0 -0.5957031
1.6648  0.1171875 0.0 -2.34375 1.445313 0.0 -0.3759766 2.412109 0.0 -0.3955078 3.59375 0.0 -0.3125 4.594727 0.0 -0.5908203
1.6664  0.1171875 0.0 -2.34375 1.445313 0.0 -0.3710938 2.407227 0.0 -0.390625 3.588867 0.0 -0.3027344 4.589844 0.0 -0.5810547
1.668  0.1171875 0.0 -2.338867 1.44043 0.0 -0.3662109 2.402344 0.0 -0.3857422 3.583984 0.0 -0.2929688 4.584961 0.0 -0.5712891
1.6696  0.1123047 0.0 -2.333984 1.44043 0.0 -0.3613281 2.397461 0.0 -0.3808594 3.583984 0.0 -0.2832031 4.580078 0.0 -0.5615234
1.6712  0.1123047 0.0 -2.329102 1.44043 0.0 -0.3613281 2.387695 0.0 -0.3759766 3.579102 0.0 -0.2734375 4.575195 0.0 -0.5517578
1.6728  0.1123047 0.0 -2.329102 1.435547 0.0 -0.3564453 2.382813 0.0 -0.3710938 3.574219 0.0 -0.2636719 4.575195 0.0 -0.5419922
1.6744  0.1123047 0.0 -2.324219 1.435547 0.0 -0.3564453 2.37793 0.0 -0.3662109 3.569336 0.0 -0.2587891 4.570313 0.0 -0.5322266
1.676  0.1074219 0.0 -2.319336 1.435547 0.0 -0.3564453 2.373047 0.0 -0.3613281 3.564453 0.0 -0.2490234 4.56543 0.0 -0.5224609
1.6776  0.1074219 0.0 -2.319336 1.430664 0.0 -0.3515625 2.368164 0.0 -0.3564453 3.564453 0.0 -0.2392578 4.56543 0.0 -0.5175781
1.6792  0.1074219 0.0 -2.314453 1.430664 0.0 -0.3515625 2.358398 0.0 -0.3515625 3.55957 0.0 -0.234375 4.560547 0.0 -0.5078125
1.6808  0.1074219 0.0 -2.30957 1.430664 0.0 -0.3515625 2.353516 0.0 -0.3515625 3.554688 0.0 -0.2246094 4.560547 0.0 -0.4980469
1.6824  0.1025391 0.0 -2.30957 1.425781 0.0 -0.3466797 2.348633 0.0 -0.3466797 3.549805 0.0 -0.2148438 4.555664 0.0 -0.4882813
1.684  0.1025391 0.0 -2.304688 1.425781 0.0 -0.3466797 2.34375 0.0 -0.3417969 3.549805 0.0 -0.2050781 4.550781 0.0 -0.4785156
1.6856  0.1025391 0.0 -2.304688 1.425781 0.0 -0.3466797 2.338867 0.0 -0.3369141 3.544922 0.0 -0.2001953 4.550781 0.0 -0.4736328
1.6872  0.1025391 0.0 -2.299805 1.420898 0.0 -0.3466797 2.333984 0.0 -0.3320313 3.540039 0.0 -0.1904297 4.545898 0.0 -0.4638672
1.6888  0.1025391 0.0 -2.299805 1.420898 0.0 -0.3466797 2.329102 0.0 -0.3271484 3.540039 0.0 -0.1855469 4.545898 0.0 -0.4541016
1.6904  0.09765625 0.0 -2.294922 1.420898 0.0 -0.3417969 2.324219 0.0 -0.3222656 3.535156 0.0 -0.1757813 4.541016 0.0 -0.4443359
1.692  0.09765625 0.0 -2.294922 1.416016 0.0 -0.3417969 2.319336 0.0 -0.3173828 3.535156 0.0 -0.1660156 4.541016 0.0 -0.4345703
1.6936  0.09765625 0.0 -2.290039 1.416016 0.0 -0.3417969 2.314453 0.0 -0.3125 3.530273 0.0 -0.1611328 4.536133 0.0 -0.4296875
1.6952  0.09765625 0.0 -2.290039 1.416016 0.0 -0.3417969 2.30957 0.0 -0.3125 3.525391 0.0 -0.1513672 4.536133 0.0 -0.4199219
1.6968  0.09765625 0.0 -2.285156 1.411133 0.0 -0.3417969 2.304688 0.0 -0.3076172 3.525391 0.0 -0.1416016 4.53125 0.0 -0.4101563
1.6984  0.09765625 0.0 -2.285156 1.411133 0.0 -0.3417969 2.299805 0.0 -0.3027344 3.520508 0.0 -0.1367188 4.53125 0.0 -0.4003906
1.7  0.09277344 0.0 -2.285156 1.411133 0.0 -0.3417969 2.294922 0.0 -0.2978516 3.520508 0.0 -0.1269531 4.526367 0.0 -0.3955078
1.7016  0.09277344 0.0 -2.280273 1.411133 0.0 -0.3417969 2.290039 0.0 -0.2929688 3.515625 0.0 -0.1171875 4.526367 0.0 -0.3857422
1.7032  0.09277344 0.0 -2.280273 1.40625 0.0 -0.3417969 2.285156 0.0 -0.2880859 3.515625 0.0 -0.1123047 4.521484 0.0 -0.3759766
1.7048  0.09277344 0.0 -2.280273 1.40625 0.0 -0.3417969 2.285156 0.0 -0.2832031 3.510742 0.0 -0.1025391 4.521484 0.0 -0.3710938
1.7064  0.09277344 0.0 -2.280273 1.40625 0.0 -0.3417969 2.280273 0.0 -0.2783203 3.510742 0.0 -0.09277344 4.516602 0.0 -0.3613281
1.708  0.09277344 0.0 -2.275391 1.401367 0.0 -0.3417969 2.275391 0.0 -0.2734375 3.505859 0.0 -0.08789063 4.516602 0.0 -0.3515625
1.7096  0.09277344 0.0 -2.275391 1.401367 0.0 -0.3417969 2.270508 0.0 -0.2685547 3.505859 0.0 -0.078125 4.511719 0.0 -0.3417969
1.7112  0.09277344 0.0 -2.275391 1.401367 0.0 -0.3417969 2.265625 0.0 -0.2685547 3.500977 0.0 -0.06835938 4.506836 0.0 -0.3320313
1.7128  0.09277344 0.0 -2.275391 1.401367 0.0 -0.3417969 2.260742 0.0 -0.2636719 3.496094 0.0 -0.06347656 4.506836 0.0 -0.3271484
1.7144  0.09277344 0.0 -2.275391 1.396484 0.0 -0.3417969 2.255859 0.0 -0.2587891 3.496094 0.0 -0.05371094 4.501953 0.0 -0.3173828
1.716  0.09277344 0.0 -2.270508 1.396484 0.0 -0.3417969 2.250977 0.0 -0.2539063 3.491211 0.0 -0.04394531 4.49707 0.0 -0.3076172
1.7176  0.09277344 0.0 -2.270508 1.396484 0.0 -0.3466797 2.246094 0.0 -0.2490234 3.486328 0.0 -0.03417969 4.49707 0.0 -0.2978516
1.7192  0.09277344 0.0 -2.270508 1.391602 0.0 -0.3466797 2.241211 0.0 -0.2441406 3.486328 0.0 -0.02441406 4.492188 0.0 -0.2880859
1.7208  0.09277344 0.0 -2.270508 1.391602 0.0 -0.3466797 2.236328 0.0 -0.2392578 3.481445 0.0 -0.01953125 4.487305 0.0 -0.2783203
1.7224  0.09277344 0.0 -2.270508 1.391602 0.0 -0.3466797 2.231445 0.0 -0.234375 3.476563 0.0 -0.009765625 4.487305 0.0 -0.2685547
1.724  0.09277344 0.0 -2.270508 1.386719 0.0 -0.3466797 2.226563 0.0 -0.2294922 3.47168 0.0 0.0 4.482422 0.0 -0.2587891
1.7256  0.09277344 0.0 -2.270508 1.386719 0.0 -0.3515625 2.216797 0.0 -0.2246094 3.47168 0.0 0.009765625 4.477539 0.0 -0.2490234
1.7272  0.09277344 0.0 -2.270508 1.386719 0.0 -0.3515625 2.211914 0.0 -0.2197266 3.466797 0.0 0.01953125 4.472656 0.0 -0.2392578
1.7288  0.09277344 0.0 -2.270508 1.381836 0.0 -0.3515625 2.207031 0.0 -0.2148438 3.461914 0.0 0.02929688 4.467773 0.0 -0.2294922
1.7304  0.09277344 0.0 -2.270508 1.381836 0.0 -0.3564453 2.202148 0.0 -0.2099609 3.457031 0.0 0.0390625 4.467773 0.0 -0.2197266
1.732  0.09277344 0.0 -2.270508 1.376953 0.0 -0.3564453 2.192383 0.0 -0.2050781 3.452148 0.0 0.04882813 4.462891 0.0 -0.2099609
1.7336  0.09277344 0.0 -2.270508 1.376953 0.0 -0.3613281 2.1875 0.0 -0.2001953 3.442383 0.0 0.05859375 4.458008 0.0 -0.2001953
1.7352  0.09277344 0.0 -2.275391 1.37207 0.0 -0.3662109 2.177734 0.0 -0.1953125 3.4375 0.0 0.06835938 4.453125 0.0 -0.1904297
1.7368  0.09277344 0.0 -2.275391 1.367188 0.0 -0.3662109 2.172852 0.0 -0.1904297 3.432617 0.0 0.078125 4.448242 0.0 -0.1757813
1.7384  0.09277344 0.0 -2.275391 1.367188 0.0 -0.3710938 2.163086 0.0 -0.1904297 3.427734 0.0 0.08789063 4.443359 0.0 -0.1660156
1.74  0.09277344 0.0 -2.275391 1.362305 0.0 -0.3759766 2.15332 0.0 -0.1855469 3.417969 0.0 0.09765625 4.433594 0.0 -0.15625
1.7416  0.09277344 0.0 -2.275391 1.357422 0.0 -0.3808594 2.148438 0.0 -0.1806641 3.413086 0.0 0.1074219 4.428711 0.0 -0.1416016
1.7432  0.09277344 0.0 -2.275391 1.352539 0.0 -0.3857422 2.138672 0.0 -0.1757813 3.40332 0.0 0.1171875 4.423828 0.0 -0.1318359
1.7448  0.09277344 0.0 -2.280273 1.347656 0.0 -0.390625 2.128906 0.0 -0.1757813 3.393555 0.0 0.1269531 4.418945 0.0 -0.1171875
1.7464  0.09277344 0.0 -2.280273 1.342773 0.0 -0.4003906 2.119141 0.0 -0.1708984 3.383789 0.0 0.1416016 4.40918 0.0 -0.1074219
1.748  0.09277344 0.0 -2.280273 1.337891 0.0 -0.4052734 2.109375 0.0 -0.1708984 3.378906 0.0 0.1513672 4.404297 0.0 -0.09277344
1.7496  0.09277344 0.0 -2.285156 1.328125 0.0 -0.4150391 2.099609 0.0 -0.1660156 3.369141 0.0 0.1611328 4.394531 0.0 -0.08300781
1.7512  0.09277344 0.0 -2.285156 1.323242 0.0 -0.4199219 2.084961 0.0 -0.1660156 3.354492 0.0 0.1708984 4.389648 0.0 -0.06835938
1.7528  0.09277344 0.0 -2.285156 1.313477 0.0 -0.4296875 2.075195 0.0 -0.1660156 3.344727 0.0 0.1806641 4.379883 0.0 -0.05371094
1.7544  0.09277344 0.0 -2.290039 1.308594 0.0 -0.4394531 2.06543 0.0 -0.1611328 3.334961 0.0 0.1904297 4.375 0.0 -0.04394531
1.756  0.09277344 0.0 -2.290039 1.298828 0.0 -0.4541016 2.050781 0.0 -0.1611328 3.320313 0.0 0.2001953 4.365234 0.0 -0.02929688
1.7576  0.09277344 0.0 -2.294922 1.289063 0.0 -0.4638672 2.036133 0.0 -0.1611328 3.310547 0.0 0.2099609 4.355469 0.0 -0.01953125
1.7592  0.09277344 0.0 -2.294922 1.279297 0.0 -0.4736328 2.026367 0.0 -0.1611328 3.295898 0.0 0.2197266 4.345703 0.0 -0.004882813
1.7608  0.09277344 0.0 -2.299805 1.269531 0.0 -0.4882813 2.011719 0.0 -0.1611328 3.286133 0.0 0.2294922 4.335938 0.0 0.009765625
1.7624  0.09277344 0.0 -2.299805 1.259766 0.0 -0.5029297 1.99707 0.0 -0.1611328 3.271484 0.0 0.2392578 4.331055 0.0 0.01953125
1.764  0.09277344 0.0 -2.304688 1.25 0.0 -0.5175781 1.982422 0.0 -0.1611328 3.256836 0.0 0.2490234 4.321289 0.0 0.03417969
1.7656  0.09277344 0.0 -2.30957 1.235352 0.0 -0.5371094 1.967773 0.0 -0.1660156 3.242188 0.0 0.2587891 4.311523 0.0 0.04882813
1.7672  0.09765625 0.0 -2.30957 1.225586 0.0 -0.5517578 1.953125 0.0 -0.1660156 3.227539 0.0 0.2685547 4.301758 0.0 0.05859375
1.7688  0.09765625 0.0 -2.314453 1.210938 0.0 -0.5712891 1.938477 0.0 -0.1660156 3.212891 0.0 0.2783203 4.291992 0.0 0.07324219
1.7704  0.09765625 0.0 -2.319336 1.201172 0.0 -0.5908203 1.923828 0.0 -0.1708984 3.198242 0.0 0.2832031 4.277344 0.0 0.08789063
1.772  0.09765625 0.0 -2.324219 1.186523 0.0 -0.6103516 1.90918 0.0 -0.1757813 3.183594 0.0 0.2929688 4.267578 0.0 0.09765625
1.7736  0.09765625 0.0 -2.329102 1.171875 0.0 -0.6298828 1.894531 0.0 -0.1757813 3.164063 0.0 0.3027344 4.257813 0.0 0.1123047
1.7752  0.09765625 0.0 -2.333984 1.162109 0.0 -0.6542969 1.879883 0.0 -0.1806641 3.149414 0.0 0.3076172 4.248047 0.0 0.1269531
1.7768  0.1025391 0.0 -2.338867 1.147461 0.0 -0.6787109 1.860352 0.0 -0.1855469 3.134766 0.0 0.3173828 4.238281 0.0 0.1367188
1.7784  0.1025391 0.0 -2.34375 1.132813 0.0 -0.6982422 1.845703 0.0 -0.1904297 3.115234 0.0 0.3222656 4.228516 0.0 0.1513672
1.78  0.1025391 0.0 -2.348633 1.118164 0.0 -0.7275391 1.831055 0.0 -0.1953125 3.100586 0.0 0.3320313 4.213867 0.0 0.1611328
1.7816  0.1074219 0.0 -2.353516 1.108398 0.0 -0.7519531 1.816406 0.0 -0.2001953 3.085938 0.0 0.3369141 4.204102 0.0 0.1757813
1.7832  0.1074219 0.0 -2.358398 1.09375 0.0 -0.7763672 1.796875 0.0 -0.2050781 3.066406 0.0 0.3417969 4.194336 0.0 0.1855469
1.7848  0.1074219 0.0 -2.363281 1.079102 0.0 -0.8056641 1.782227 0.0 -0.2099609 3.051758 0.0 0.3466797 4.18457 0.0 0.1953125
1.7864  0.1123047 0.0 -2.373047 1.069336 0.0 -0.8300781 1.767578 0.0 -0.2197266 3.037109 0.0 0.3515625 4.174805 0.0 0.2099609
1.788  0.1123047 0.0 -2.37793 1.054688 0.0 -0.859375 1.75293 0.0 -0.2246094 3.017578 0.0 0.3564453 4.165039 0.0 0.2197266
1.7896  0.1123047 0.0 -2.382813 1.044922 0.0 -0.8886719 1.738281 0.0 -0.234375 3.00293 0.0 0.3613281 4.155273 0.0 0.2294922
1.7912  0.1171875 0.0 -2.392578 1.030273 0.0 -0.9179688 1.723633 0.0 -0.2392578 2.988281 0.0 0.3662109 4.145508 0.0 0.2392578
1.7928  0.1171875 0.0 -2.397461 1.020508 0.0 -0.9472656 1.708984 0.0 -0.2490234 2.973633 0.0 0.3710938 4.135742 0.0 0.2490234
1.7944  0.1220703 0.0 -2.402344 1.010742 0.0 -0.9765625 1.699219 0.0 -0.2539063 2.958984 0.0 0.3759766 4.125977 0.0 0.2587891
1.796  0.1220703 0.0 -2.412109 1.000977 0.0 -1.005859 1.68457 0.0 -0.2636719 2.939453 0.0 0.3759766 4.116211 0.0 0.2685547
1.7976  0.1220703 0.0 -2.416992 0.9912109 0.0 -1.035156 1.669922 0.0 -0.2685547 2.924805 0.0 0.3808594 4.106445 0.0 0.2783203
1.7992  0.1269531 0.0 -2.426758 0.9863281 0.0 -1.064453 1.660156 0.0 -0.2783203 2.915039 0.0 0.3808594 4.101563 0.0 0.2880859
1.8008  0.1269531 0.0 -2.431641 0.9765625 0.0 -1.09375 1.645508 0.0 -0.2880859 2.900391 0.0 0.3857422 4.091797 0.0 0.2978516
1.8024  0.1318359 0.0 -2.441406 0.9716797 0.0 -1.118164 1.635742 0.0 -0.2929688 2.885742 0.0 0.3857422 4.082031 0.0 0.3027344
1.804  0.1318359 0.0 -2.446289 0.9619141 0.0 -1.147461 1.621094 0.0 -0.3027344 2.871094 0.0 0.390625 4.077148 0.0 0.3125
1.8056  0.1367188 0.0 -2.451172 0.9570313 0.0 -1.176758 1.611328 0.0 -0.3125 2.861328 0.0 0.390625 4.067383 0.0 0.3222656
1.8072  0.1367188 0.0 -2.460938 0.9521484 0.0 -1.201172 1.601563 0.0 -0.3222656 2.84668 0.0 0.390625 4.0625 0.0 0.3271484
1.8088  0.1416016 0.0 -2.46582 0.9472656 0.0 -1.230469 1.591797 0.0 -0.3271484 2.836914 0.0 0.390625 4.057617 0.0 0.3369141
1.8104  0.1416016 0.0 -2.475586 0.9472656 0.0 -1.254883 1.582031 0.0 -0.3369141 2.827148 0.0 0.3955078 4.047852 0.0 0.3417969
1.812  0.1416016 0.0 -2.480469 0.9423828 0.0 -1.279297 1.572266 0.0 -0.3466797 2.8125 0.0 0.3955078 4.042969 0.0 0.3515625
1.8136  0.1464844 0.0 -2.485352 0.9423828 0.0 -1.303711 1.5625 0.0 -0.3515625 2.802734 0.0 0.3955078 4.038086 0.0 0.3564453
1.8152  0.1464844 0.0 -2.495117 0.9375 0.0 -1.328125 1.557617 0.0 -0.3613281 2.792969 0.0 0.3955078 4.033203 0.0 0.3613281
1.8168  0.1513672 0.0 -2.5 0.9375 0.0 -1.347656 1.547852 0.0 -0.3662109 2.783203 0.0 0.3955078 4.02832 0.0 0.3710938
1.8184  0.1513672 0.0 -2.504883 0.9375 0.0 -1.37207 1.542969 0.0 -0.3759766 2.77832 0.0 0.3955078 4.023438 0.0 0.3759766
1.82  0.1513672 0.0 -2.509766 0.9375 0.0 -1.391602 1.533203 0.0 -0.3808594 2.768555 0.0 0.3955078 4.018555 0.0 0.3808594
1.8216  0.15625 0.0 -2.519531 0.9375 0.0 -1.411133 1.52832 0.0 -0.390625 2.758789 0.0 0.3955078 4.013672 0.0 0.3857422
1.8232  0.15625 0.0 -2.524414 0.9375 0.0 -1.430664 1.523438 0.0 -0.3955078 2.753906 0.0 0.3955078 4.008789 0.0 0.390625
1.8248  0.15625 0.0 -2.529297 0.9375 0.0 -1.445313 1.518555 0.0 -0.4003906 2.744141 0.0 0.3955078 4.008789 0.0 0.4003906
1.8264  0.15625 0.0 -2.53418 0.9423828 0.0 -1.464844 1.513672 0.0 -0.4101563 2.739258 0.0 0.4003906 4.003906 0.0 0.4052734
1.828  0.1611328 0.0 -2.539063 0.9423828 0.0 -1.479492 1.508789 0.0 -0.4150391 2.734375 0.0 0.4003906 4.003906 0.0 0.4101563
1.8296  0.1611328 0.0 -2.543945 0.9423828 0.0 -1.494141 1.503906 0.0 -0.4199219 2.724609 0.0 0.4003906 3.999023 0.0 0.4150391
1.8312  0.1611328 0.0 -2.548828 0.9472656 0.0 -1.508789 1.499023 0.0 -0.4248047 2.719727 0.0 0.4003906 3.999023 0.0 0.4199219
1.8328  0.1611328 0.0 -2.553711 0.9472656 0.0 -1.518555 1.494141 0.0 -0.4296875 2.714844 0.0 0.4003906 3.994141 0.0 0.4248047
1.8344  0.1660156 0.0 -2.553711 0.9521484 0.0 -1.533203 1.489258 0.0 -0.4345703 2.709961 0.0 0.4003906 3.994141 0.0 0.4296875
1.836  0.1660156 0.0 -2.558594 0.9521484 0.0 -1.542969 1.489258 0.0 -0.4394531 2.705078 0.0 0.4003906 3.989258 0.0 0.4345703
1.8376  0.1660156 0.0 -2.563477 0.9570313 0.0 -1.557617 1.484375 0.0 -0.4394531 2.705078 0.0 0.4052734 3.989258 0.0 0.4394531
1.8392  0.1660156 0.0 -2.568359 0.9570313 0.0 -1.567383 1.479492 0.0 -0.4443359 2.700195 0.0 0.4052734 3.989258 0.0 0.4443359
1.8408  0.1660156 0.0 -2.568359 0.9619141 0.0 -1.572266 1.479492 0.0 -0.4492188 2.695313 0.0 0.4052734 3.989258 0.0 0.4492188
1.8424  0.1708984 0.0 -2.573242 0.9619141 0.0 -1.582031 1.474609 0.0 -0.4492188 2.69043 0.0 0.4052734 3.989258 0.0 0.4541016
1.844  0.1708984 0.0 -2.573242 0.9667969 0.0 -1.591797 1.474609 0.0 -0.4492188 2.69043 0.0 0.4101563 3.984375 0.0 0.4589844
1.8456  0.1708984 0.0 -2.578125 0.9667969 0.0 -1.59668 1.474609 0.0 -0.4541016 2.685547 0.0 0.4101563 3.984375 0.0 0.4638672
1.8472  0.1708984 0.0 -2.578125 0.9716797 0.0 -1.606445 1.469727 0.0 -0.4541016 2.685547 0.0 0.4101563 3.984375 0.0 0.46875
1.8488  0.1708984 0.0 -2.583008 0.9765625 0.0 -1.611328 1.469727 0.0 -0.4541016 2.680664 0.0 0.4150391 3.984375 0.0 0.4736328
1.8504  0.1708984 0.0 -2.583008 0.9765625 0.0 -1.616211 1.469727 0.0 -0.4541016 2.680664 0.0 0.4150391 3.984375 0.0 0.4785156
1.852  0.1708984 0.0 -2.587891 0.9814453 0.0 -1.621094 1.469727 0.0 -0.4541016 2.680664 0.0 0.4199219 3.984375 0.0 0.4833984
1.8536  0.1757813 0.0 -2.587891 0.9814453 0.0 -1.625977 1.469727 0.0 -0.4541016 2.675781 0.0 0.4199219 3.984375 0.0 0.4882813
1.8552  0.1757813 0.0 -2.587891 0.9863281 0.0 -1.630859 1.464844 0.0 -0.4541016 2.675781 0.0 0.4199219 3.984375 0.0 0.4931641
1.8568  0.1757813 0.0 -2.592773 0.9863281 0.0 -1.630859 1.464844 0.0 -0.4541016 2.675781 0.0 0.4248047 3.984375 0.0 0.4980469
1.8584  0.1757813 0.0 -2.592773 0.9912109 0.0 -1.635742 1.464844 0.0 -0.4541016 2.675781 0.0 0.4248047 3.984375 0.0 0.5029297
1.86  0.1757813 0.0 -2.592773 0.9912109 0.0 -1.635742 1.464844 0.0 -0.4541016 2.670898 0.0 0.4296875 3.984375 0.0 0.5029297
1.8616  0.1757813 0.0 -2.597656 0.9960938 0.0 -1.640625 1.464844 0.0 -0.4492188 2.670898 0.0 0.4296875 3.984375 0.0 0.5078125
1.8632  0.1757813 0.0 -2.597656 0.9960938 0.0 -1.640625 1.464844 0.0 -0.4492188 2.670898 0.0 0.4345703 3.984375 0.0 0.5126953
1.8648  0.1757813 0.0 -2.597656 0.9960938 0.0 -1.645508 1.464844 0.0 -0.4443359 2.670898 0.0 0.4394531 3.984375 0.0 0.5175781
1.8664  0.1757813 0.0 -2.597656 1.000977 0.0 -1.645508 1.464844 0.0 -0.4443359 2.670898 0.0 0.4394531 3.979492 0.0 0.5224609
1.868  0.1757813 0.0 -2.597656 1.000977 0.0 -1.645508 1.464844 0.0 -0.4394531 2.670898 0.0 0.4443359 3.979492 0.0 0.5224609
1.8696  0.1757813 0.0 -2.602539 1.000977 0.0 -1.645508 1.464844 0.0 -0.4394531 2.666016 0.0 0.4443359 3.979492 0.0 0.5273438
1.8712  0.1757813 0.0 -2.602539 1.005859 0.0 -1.645508 1.464844 0.0 -0.4345703 2.666016 0.0 0.4492188 3.979492 0.0 0.5322266
1.8728  0.1757813 0.0 -2.602539 1.005859 0.0 -1.645508 1.464844 0.0 -0.4296875 2.666016 0.0 0.4541016 3.979492 0.0 0.5322266
1.8744  0.1757813 0.0 -2.602539 1.005859 0.0 -1.645508 1.464844 0.0 -0.4296875 2.666016 0.0 0.4541016 3.979492 0.0 0.5371094
1.876  0.1757813 0.0 -2.602539 1.005859 0.0 -1.645508 1.464844 0.0 -0.4248047 2.666016 0.0 0.4589844 3.979492 0.0 0.5371094
1.8776  0.1757813 0.0 -2.602539 1.005859 0.0 -1.645508 1.464844 0.0 -0.4199219 2.666016 0.0 0.4589844 3.979492 0.0 0.5419922
1.8792  0.1708984 0.0 -2.602539 1.005859 0.0 -1.640625 1.459961 0.0 -0.4150391 2.666016 0.0 0.4638672 3.979492 0.0 0.5419922
1.8808  0.1708984 0.0 -2.602539 1.010742 0.0 -1.640625 1.459961 0.0 -0.4150391 2.666016 0.0 0.46875 3.979492 0.0 0.546875
1.8824  0.1708984 0.0 -2.602539 1.010742 0.0 -1.640625 1.459961 0.0 -0.4101563 2.666016 0.0 0.46875 3.979492 0.0 0.546875
1.884  0.1708984 0.0 -2.602539 1.010742 0.0 -1.640625 1.459961 0.0 -0.4052734 2.670898 0.0 0.4736328 3.979492 0.0 0.546875
1.8856  0.1708984 0.0 -2.597656 1.010742 0.0 -1.635742 1.459961 0.0 -0.4003906 2.670898 0.0 0.4785156 3.979492 0.0 0.5517578
1.8872  0.1708984 0.0 -2.597656 1.010742 0.0 -1.635742 1.459961 0.0 -0.3955078 2.670898 0.0 0.4785156 3.979492 0.0 0.5517578
1.8888  0.1708984 0.0 -2.597656 1.010742 0.0 -1.635742 1.459961 0.0 -0.390625 2.670898 0.0 0.4833984 3.979492 0.0 0.5517578
1.8904  0.1660156 0.0 -2.597656 1.010742 0.0 -1.630859 1.459961 0.0 -0.3857422 2.670898 0.0 0.4882813 3.979492 0.0 0.5566406
1.892  0.1660156 0.0 -2.597656 1.010742 0.0 -1.630859 1.459961 0.0 -0.3808594 2.670898 0.0 0.4882813 3.979492 0.0 0.5566406
1.8936  0.1660156 0.0 -2.597656 1.010742 0.0 -1.625977 1.459961 0.0 -0.3808594 2.670898 0.0 0.4931641 3.979492 0.0 0.5566406
1.8952  0.1660156 0.0 -2.597656 1.010742 0.0 -1.625977 1.464844 0.0 -0.3759766 2.670898 0.0 0.4931641 3.979492 0.0 0.5566406
1.8968  0.1660156 0.0 -2.597656 1.010742 0.0 -1.625977 1.464844 0.0 -0.3710938 2.675781 0.0 0.4980469 3.979492 0.0 0.5566406
1.8984  0.1611328 0.0 -2.597656 1.010742 0.0 -1.621094 1.464844 0.0 -0.3662109 2.675781 0.0 0.4980469 3.979492 0.0 0.5566406
1.9  0.1611328 0.0 -2.592773 1.010742 0.0 -1.621094 1.464844 0.0 -0.3613281 2.675781 0.0 0.5029297 3.979492 0.0 0.5615234
1.9016  0.1611328 0.0 -2.592773 1.010742 0.0 -1.616211 1.464844 0.0 -0.3564453 2.675781 0.0 0.5029297 3.979492 0.0 0.5615234
1.9032  0.1611328 0.0 -2.592773 1.010742 0.0 -1.616211 1.464844 0.0 -0.3564453 2.675781 0.0 0.5078125 3.979492 0.0 0.5615234
1.9048  0.1611328 0.0 -2.592773 1.010742 0.0 -1.616211 1.464844 0.0 -0.3515625 2.675781 0.0 0.5078125 3.979492 0.0 0.5615234
1.9064  0.1611328 0.0 -2.592773 1.015625 0.0 -1.611328 1.464844 0.0 -0.3466797 2.680664 0.0 0.5126953 3.979492 0.0 0.5615234
1.908  0.1611328 0.0 -2.592773 1.015625 0.0 -1.611328 1.464844 0.0 -0.3417969 2.680664 0.0 0.5126953 3.979492 0.0 0.5615234
1.9096  0.15625 0.0 -2.592773 1.015625 0.0 -1.611328 1.469727 0.0 -0.3417969 2.680664 0.0 0.5126953 3.979492 0.0 0.5615234
1.9112  0.15625 0.0 -2.592773 1.015625 0.0 -1.606445 1.469727 0.0 -0.3369141 2.680664 0.0 0.5175781 3.979492 0.0 0.5615234
1.9128  0.15625 0.0 -2.592773 1.015625 0.0 -1.606445 1.469727 0.0 -0.3320313 2.685547 0.0 0.5175781 3.979492 0.0 0.5615234
1.9144  0.15625 0.0 -2.592773 1.015625 0.0 -1.606445 1.469727 0.0 -0.3320313 2.685547 0.0 0.5175781 3.979492 0.0 0.5615234
1.916  0.15625 0.0 -2.587891 1.015625 0.0 -1.601563 1.469727 0.0 -0.3271484 2.685547 0.0 0.5175781 3.979492 0.0 0.5566406
1.9176  0.15625 0.0 -2.587891 1.020508 0.0 -1.601563 1.469727 0.0 -0.3271484 2.685547 0.0 0.5175781 3.979492 0.0 0.5566406
1.9192  0.15625 0.0 -2.587891 1.020508 0.0 -1.601563 1.474609 0.0 -0.3222656 2.685547 0.0 0.5224609 3.979492 0.0 0.5566406
1.9208  0.15625 0.0 -2.587891 1.020508 0.0 -1.59668 1.474609 0.0 -0.3222656 2.69043 0.0 0.5224609 3.979492 0.0 0.5566406
1.9224  0.15625 0.0 -2.587891 1.020508 0.0 -1.59668 1.474609 0.0 -0.3173828 2.69043 0.0 0.5224609 3.979492 0.0 0.5566406
1.924  0.15625 0.0 -2.587891 1.020508 0.0 -1.59668 1.474609 0.0 -0.3173828 2.69043 0.0 0.5224609 3.979492 0.0 0.5566406
1.9256  0.1513672 0.0 -2.587891 1.020508 0.0 -1.59668 1.474609 0.0 -0.3173828 2.69043 0.0 0.5224609 3.979492 0.0 0.5566406
1.9272  0.1513672 0.0 -2.587891 1.025391 0.0 -1.59668 1.479492 0.0 -0.3125 2.69043 0.0 0.5224609 3.979492 0.0 0.5566406
1.9288  0.1513672 0.0 -2.587891 1.025391 0.0 -1.59668 1.479492 0.0 -0.3125 2.69043 0.0 0.5224609 3.984375 0.0 0.5566406
1.9304  0.1513672 0.0 -2.587891 1.025391 0.0 -1.591797 1.479492 0.0 -0.3125 2.69043 0.0 0.5224609 3.984375 0.0 0.5517578
1.932  0.1513672 0.0 -2.587891 1.025391 0.0 -1.591797 1.479492 0.0 -0.3076172 2.695313 0.0 0.5224609 3.984375 0.0 0.5517578
1.9336  0.1513672 0.0 -2.587891 1.025391 0.0 -1.591797 1.479492 0.0 -0.3076172 2.695313 0.0 0.5224609 3.984375 0.0 0.5517578
1.9352  0.1513672 0.0 -2.587891 1.025391 0.0 -1.591797 1.484375 0.0 -0.3076172 2.695313 0.0 0.5224609 3.984375 0.0 0.5517578
1.9368  0.1513672 0.0 -2.587891 1.030273 0.0 -1.591797 1.484375 0.0 -0.3076172 2.695313 0.0 0.5224609 3.984375 0.0 0.5517578
1.9384  0.1513672 0.0 -2.587891 1.030273 0.0 -1.591797 1.484375 0.0 -0.3027344 2.695313 0.0 0.5224609 3.984375 0.0 0.5517578
1.94  0.1513672 0.0 -2.587891 1.030273 0.0 -1.591797 1.484375 0.0 -0.3027344 2.695313 0.0 0.5224609 3.984375 0.0 0.5517578
1.9416  0.1513672 0.0 -2.587891 1.030273 0.0 -1.591797 1.489258 0.0 -0.3027344 2.695313 0.0 0.5224609 3.984375 0.0 0.5517578
1.9432  0.1513672 0.0 -2.587891 1.030273 0.0 -1.591797 1.489258 0.0 -0.3027344 2.695313 0.0 0.5224609 3.984375 0.0 0.546875
1.9448  0.1513672 0.0 -2.587891 1.030273 0.0 -1.591797 1.489258 0.0 -0.3027344 2.695313 0.0 0.5224609 3.984375 0.0 0.546875
1.9464  0.1513672 0.0 -2.587891 1.030273 0.0 -1.591797 1.489258 0.0 -0.2978516 2.700195 0.0 0.5224609 3.984375 0.0 0.546875
1.948  0.1513672 0.0 -2.587891 1.035156 0.0 -1.586914 1.494141 0.0 -0.2978516 2.700195 0.0 0.5175781 3.984375 0.0 0.546875
1.9496  0.1513672 0.0 -2.587891 1.035156 0.0 -1.586914 1.494141 0.0 -0.2978516 2.700195 0.0 0.5175781 3.984375 0.0 0.546875
1.9512  0.1513672 0.0 -2.587891 1.035156 0.0 -1.586914 1.494141 0.0 -0.2978516 2.700195 0.0 0.5175781 3.984375 0.0 0.546875
1.9528  0.1513672 0.0 -2.587891 1.035156 0.0 -1.586914 1.499023 0.0 -0.2978516 2.700195 0.0 0.5175781 3.984375 0.0 0.546875
1.9544  0.1513672 0.0 -2.587891 1.035156 0.0 -1.586914 1.499023 0.0 -0.2978516 2.700195 0.0 0.5175781 3.984375 0.0 0.546875
1.956  0.1513672 0.0 -2.587891 1.035156 0.0 -1.586914 1.499023 0.0 -0.2978516 2.700195 0.0 0.5175781 3.984375 0.0 0.546875
1.9576  0.1513672 0.0 -2.587891 1.035156 0.0 -1.586914 1.499023 0.0 -0.2978516 2.705078 0.0 0.5175781 3.984375 0.0 0.546875
1.9592  0.1513672 0.0 -2.587891 1.035156 0.0 -1.586914 1.503906 0.0 -0.2929688 2.705078 0.0 0.5175781 3.984375 0.0 0.5419922
1.9608  0.1513672 0.0 -2.587891 1.040039 0.0 -1.586914 1.503906 0.0 -0.2929688 2.705078 0.0 0.5126953 3.984375 0.0 0.5419922
1.9624  0.1513672 0.0 -2.583008 1.040039 0.0 -1.582031 1.503906 0.0 -0.2929688 2.705078 0.0 0.5126953 3.984375 0.0 0.5419922
1.964  0.1513672 0.0 -2.583008 1.040039 0.0 -1.582031 1.508789 0.0 -0.2929688 2.705078 0.0 0.5126953 3.984375 0.0 0.5419922
1.9656  0.1513672 0.0 -2.583008 1.040039 0.0 -1.582031 1.508789 0.0 -0.2929688 2.705078 0.0 0.5126953 3.984375 0.0 0.5419922
1.9672  0.1464844 0.0 -2.583008 1.040039 0.0 -1.582031 1.508789 0.0 -0.2929688 2.709961 0.0 0.5126953 3.989258 0.0 0.5419922
1.9688  0.1464844 0.0 -2.583008 1.040039 0.0 -1.582031 1.513672 0.0 -0.2929688 2.709961 0.0 0.5078125 3.989258 0.0 0.5419922
1.9704  0.1464844 0.0 -2.583008 1.040039 0.0 -1.582031 1.513672 0.0 -0.2929688 2.709961 0.0 0.5078125 3.989258 0.0 0.5419922
1.972  0.1464844 0.0 -2.583008 1.040039 0.0 -1.582031 1.513672 0.0 -0.2929688 2.709961 0.0 0.5078125 3.989258 0.0 0.5419922
1.9736  0.1464844 0.0 -2.578125 1.040039 0.0 -1.582031 1.513672 0.0 -0.2929688 2.709961 0.0 0.5078125 3.989258 0.0 0.5419922
1.9752  0.1464844 0.0 -2.578125 1.040039 0.0 -1.577148 1.518555 0.0 -0.2929688 2.709961 0.0 0.5078125 3.989258 0.0 0.5419922
1.9768  0.1416016 0.0 -2.578125 1.040039 0.0 -1.577148 1.518555 0.0 -0.2929688 2.714844 0.0 0.5029297 3.989258 0.0 0.5419922
1.9784  0.1416016 0.0 -2.578125 1.040039 0.0 -1.577148 1.518555 0.0 -0.2929688 2.714844 0.0 0.5029297 3.989258 0.0 0.5419922
1.98  0.1416016 0.0 -2.573242 1.040039 0.0 -1.577148 1.523438 0.0 -0.2929688 2.714844 0.0 0.5029297 3.989258 0.0 0.5419922
1.9816  0.1416016 0.0 -2.573242 1.040039 0.0 -1.577148 1.523438 0.0 -0.2929688 2.714844 0.0 0.5029297 3.989258 0.0 0.5419922
1.9832  0.1416016 0.0 -2.573242 1.040039 0.0 -1.572266 1.523438 0.0 -0.2880859 2.714844 0.0 0.4980469 3.989258 0.0 0.5419922
1.9848  0.1367188 0.0 -2.573242 1.040039 0.0 -1.572266 1.52832 0.0 -0.2880859 2.714844 0.0 0.4980469 3.989258 0.0 0.5419922
1.9864  0.1367188 0.0 -2.568359 1.040039 0.0 -1.572266 1.52832 0.0 -0.2880859 2.714844 0.0 0.4980469 3.989258 0.0 0.5419922
1.988  0.1367188 0.0 -2.568359 1.040039 0.0 -1.572266 1.52832 0.0 -0.2880859 2.714844 0.0 0.4980469 3.994141 0.0 0.5419922
1.9896  0.1367188 0.0 -2.568359 1.040039 0.0 -1.572266 1.533203 0.0 -0.2929688 2.714844 0.0 0.4931641 3.994141 0.0 0.5419922
1.9912  0.1318359 0.0 -2.568359 1.040039 0.0 -1.567383 1.533203 0.0 -0.2929688 2.719727 0.0 0.4931641 3.994141 0.0 0.5419922
1.9928  0.1318359 0.0 -2.563477 1.040039 0.0 -1.567383 1.538086 0.0 -0.2929688 2.719727 0.0 0.4931641 3.994141 0.0 0.5419922
1.9944  0.1318359 0.0 -2.563477 1.040039 0.0 -1.567383 1.538086 0.0 -0.2929688 2.719727 0.0 0.4931641 3.994141 0.0 0.5419922
1.996  0.1318359 0.0 -2.563477 1.040039 0.0 -1.567383 1.538086 0.0 -0.2929688 2.719727 0.0 0.4882813 3.994141 0.0 0.5419922
1.9976  0.1269531 0.0 -2.558594 1.040039 0.0 -1.567383 1.542969 0.0 -0.2929688 2.719727 0.0 0.4882813 3.994141 0.0 0.5419922
1.9992  0.1269531 0.0 -2.558594 1.040039 0.0 -1.5625 1.542969 0.0 -0.2929688 2.719727 0.0 0.4833984 3.999023 0.0 0.5419922
2.0008  0.1269531 0.0 -2.553711 1.040039 0.0 -1.5625 1.547852 0.0 -0.2929688 2.724609 0.0 0.4833984 3.999023 0.0 0.5419922
2.0024  0.1269531 0.0 -2.553711 1.044922 0.0 -1.5625 1.547852 0.0 -0.2929688 2.724609 0.0 0.4833984 3.999023 0.0 0.5371094
2.004  0.1269531 0.0 -2.553711 1.044922 0.0 -1.5625 1.552734 0.0 -0.2978516 2.724609 0.0 0.4785156 3.999023 0.0 0.5371094
2.0056  0.1220703 0.0 -2.548828 1.044922 0.0 -1.5625 1.552734 0.0 -0.2978516 2.724609 0.0 0.4785156 3.999023 0.0 0.5371094
2.0072  0.1220703 0.0 -2.548828 1.044922 0.0 -1.5625 1.557617 0.0 -0.2978516 2.729492 0.0 0.4736328 4.003906 0.0 0.5371094
2.0088  0.1220703 0.0 -2.543945 1.044922 0.0 -1.5625 1.5625 0.0 -0.2978516 2.729492 0.0 0.4736328 4.003906 0.0 0.5371094
2.0104  0.1220703 0.0 -2.543945 1.044922 0.0 -1.557617 1.5625 0.0 -0.3027344 2.729492 0.0 0.46875 4.003906 0.0 0.5371094
2.012  0.1220703 0.0 -2.543945 1.049805 0.0 -1.557617 1.567383 0.0 -0.3027344 2.734375 0.0 0.46875 4.008789 0.0 0.5371094
2.0136  0.1171875 0.0 -2.539063 1.049805 0.0 -1.557617 1.572266 0.0 -0.3027344 2.734375 0.0 0.4638672 4.008789 0.0 0.5322266
2.0152  0.1171875 0.0 -2.539063 1.049805 0.0 -1.557617 1.572266 0.0 -0.3076172 2.739258 0.0 0.4589844 4.008789 0.0 0.5322266
2.0168  0.1171875 0.0 -2.53418 1.049805 0.0 -1.557617 1.577148 0.0 -0.3076172 2.739258 0.0 0.4541016 4.013672 0.0 0.5322266
2.0184  0.1171875 0.0 -2.53418 1.049805 0.0 -1.557617 1.582031 0.0 -0.3125 2.744141 0.0 0.4541016 4.013672 0.0 0.5322266
2.02  0.1171875 0.0 -2.529297 1.054688 0.0 -1.557617 1.586914 0.0 -0.3125 2.744141 0.0 0.4492188 4.018555 0.0 0.5273438
2.0216  0.1123047 0.0 -2.529297 1.054688 0.0 -1.557617 1.591797 0.0 -0.3173828 2.749023 0.0 0.4443359 4.018555 0.0 0.5273438
2.0232  0.1123047 0.0 -2.524414 1.054688 0.0 -1.557617 1.591797 0.0 -0.3173828 2.753906 0.0 0.4394531 4.023438 0.0 0.5224609
2.0248  0.1123047 0.0 -2.524414 1.05957 0.0 -1.557617 1.59668 0.0 -0.3222656 2.753906 0.0 0.4345703 4.023438 0.0 0.5224609
2.0264  0.1123047 0.0 -2.519531 1.05957 0.0 -1.5625 1.601563 0.0 -0.3271484 2.758789 0.0 0.4296875 4.02832 0.0 0.5175781
2.028  0.1074219 0.0 -2.514648 1.05957 0.0 -1.5625 1.606445 0.0 -0.3320313 2.763672 0.0 0.4199219 4.033203 0.0 0.5175781
2.0296  0.1074219 0.0 -2.514648 1.064453 0.0 -1.5625 1.611328 0.0 -0.3369141 2.768555 0.0 0.4150391 4.033203 0.0 0.5126953
2.0312  0.1074219 0.0 -2.509766 1.064453 0.0 -1.5625 1.616211 0.0 -0.3369141 2.773438 0.0 0.4101563 4.038086 0.0 0.5078125
2.0328  0.1025391 0.0 -2.509766 1.069336 0.0 -1.5625 1.621094 0.0 -0.3417969 2.77832 0.0 0.4003906 4.042969 0.0 0.5029297
2.0344  0.1025391 0.0 -2.504883 1.069336 0.0 -1.567383 1.625977 0.0 -0.3466797 2.77832 0.0 0.3955078 4.047852 0.0 0.4980469
2.036  0.1025391 0.0 -2.5 1.074219 0.0 -1.567383 1.635742 0.0 -0.3515625 2.783203 0.0 0.3857422 4.052734 0.0 0.4931641
2.0376  0.09765625 0.0 -2.5 1.074219 0.0 -1.567383 1.640625 0.0 -0.3613281 2.788086 0.0 0.3808594 4.057617 0.0 0.4882813
2.0392  0.09765625 0.0 -2.495117 1.079102 0.0 -1.572266 1.645508 0.0 -0.3662109 2.797852 0.0 0.3710938 4.0625 0.0 0.4833984
2.0408  0.09277344 0.0 -2.490234 1.079102 0.0 -1.572266 1.650391 0.0 -0.3710938 2.802734 0.0 0.3613281 4.067383 0.0 0.4785156
2.0424  0.09277344 0.0 -2.490234 1.083984 0.0 -1.577148 1.660156 0.0 -0.3759766 2.807617 0.0 0.3515625 4.072266 0.0 0.46875
2.044  0.09277344 0.0 -2.485352 1.083984 0.0 -1.577148 1.665039 0.0 -0.3857422 2.8125 0.0 0.3417969 4.077148 0.0 0.4638672
2.0456  0.08789063 0.0 -2.480469 1.088867 0.0 -1.577148 1.669922 0.0 -0.390625 2.817383 0.0 0.3320313 4.082031 0.0 0.4541016
2.0472  0.08789063 0.0 -2.475586 1.09375 0.0 -1.582031 1.679688 0.0 -0.3955078 2.827148 0.0 0.3222656 4.086914 0.0 0.4492188
2.0488  0.08300781 0.0 -2.475586 1.09375 0.0 -1.582031 1.68457 0.0 -0.4052734 2.832031 0.0 0.3125 4.09668 0.0 0.4394531
2.0504  0.08300781 0.0 -2.470703 1.098633 0.0 -1.586914 1.694336 0.0 -0.4101563 2.841797 0.0 0.3027344 4.101563 0.0 0.4296875
2.052  0.078125 0.0 -2.46582 1.103516 0.0 -1.586914 1.704102 0.0 -0.4199219 2.84668 0.0 0.2929688 4.111328 0.0 0.4199219
2.0536  0.078125 0.0 -2.460938 1.108398 0.0 -1.591797 1.713867 0.0 -0.4296875 2.856445 0.0 0.2832031 4.116211 0.0 0.4101563
2.0552  0.078125 0.0 -2.456055 1.113281 0.0 -1.591797 1.71875 0.0 -0.4345703 2.861328 0.0 0.2734375 4.125977 0.0 0.4003906
2.0568  0.07324219 0.0 -2.456055 1.113281 0.0 -1.59668 1.728516 0.0 -0.4443359 2.871094 0.0 0.2587891 4.130859 0.0 0.390625
2.0584  0.07324219 0.0 -2.451172 1.118164 0.0 -1.601563 1.738281 0.0 -0.4541016 2.880859 0.0 0.2490234 4.140625 0.0 0.3759766
2.06  0.06835938 0.0 -2.446289 1.123047 0.0 -1.601563 1.748047 0.0 -0.4638672 2.890625 0.0 0.234375 4.150391 0.0 0.3662109
2.0616  0.06835938 0.0 -2.441406 1.12793 0.0 -1.606445 1.757813 0.0 -0.4736328 2.900391 0.0 0.2246094 4.160156 0.0 0.3515625
2.0632  0.06347656 0.0 -2.436523 1.132813 0.0 -1.606445 1.772461 0.0 -0.4785156 2.910156 0.0 0.2099609 4.169922 0.0 0.3417969
2.0648  0.06347656 0.0 -2.431641 1.137695 0.0 -1.611328 1.782227 0.0 -0.4882813 2.919922 0.0 0.2001953 4.179688 0.0 0.3271484
2.0664  0.06347656 0.0 -2.426758 1.147461 0.0 -1.611328 1.791992 0.0 -0.4980469 2.929688 0.0 0.1855469 4.189453 0.0 0.3173828
2.068  0.05859375 0.0 -2.421875 1.152344 0.0 -1.616211 1.806641 0.0 -0.5078125 2.944336 0.0 0.1757813 4.199219 0.0 0.3027344
2.0696  0.05859375 0.0 -2.416992 1.157227 0.0 -1.616211 1.816406 0.0 -0.5175781 2.954102 0.0 0.1611328 4.208984 0.0 0.2880859
2.0712  0.05371094 0.0 -2.412109 1.162109 0.0 -1.621094 1.826172 0.0 -0.5273438 2.963867 0.0 0.1513672 4.21875 0.0 0.2734375
2.0728  0.05371094 0.0 -2.407227 1.166992 0.0 -1.625977 1.84082 0.0 -0.5371094 2.978516 0.0 0.1367188 4.228516 0.0 0.2587891
2.0744  0.05371094 0.0 -2.402344 1.171875 0.0 -1.625977 1.855469 0.0 -0.546875 2.988281 0.0 0.1220703 4.243164 0.0 0.2441406
2.076  0.04882813 0.0 -2.397461 1.181641 0.0 -1.630859 1.865234 0.0 -0.5566406 3.00293 0.0 0.1074219 4.25293 0.0 0.2294922
2.0776  0.04882813 0.0 -2.392578 1.186523 0.0 -1.630859 1.879883 0.0 -0.5664063 3.017578 0.0 0.09765625 4.262695 0.0 0.2148438
2.0792  0.04394531 0.0 -2.387695 1.191406 0.0 -1.635742 1.889648 0.0 -0.5761719 3.027344 0.0 0.08300781 4.277344 0.0 0.2001953
2.0808  0.04394531 0.0 -2.382813 1.201172 0.0 -1.635742 1.904297 0.0 -0.5908203 3.041992 0.0 0.06835938 4.287109 0.0 0.1855469
2.0824  0.0390625 0.0 -2.37793 1.206055 0.0 -1.640625 1.918945 0.0 -0.6005859 3.056641 0.0 0.05371094 4.296875 0.0 0.1660156
2.084  0.0390625 0.0 -2.373047 1.210938 0.0 -1.640625 1.933594 0.0 -0.6103516 3.071289 0.0 0.04394531 4.311523 0.0 0.1513672
2.0856  0.03417969 0.0 -2.368164 1.220703 0.0 -1.645508 1.943359 0.0 -0.6201172 3.085938 0.0 0.02929688 4.321289 0.0 0.1367188
2.0872  0.03417969 0.0 -2.363281 1.225586 0.0 -1.645508 1.958008 0.0 -0.6298828 3.095703 0.0 0.01464844 4.335938 0.0 0.1171875
2.0888  0.02929688 0.0 -2.358398 1.235352 0.0 -1.645508 1.972656 0.0 -0.6396484 3.110352 0.0 0.0 4.345703 0.0 0.1025391
2.0904  0.02929688 0.0 -2.348633 1.240234 0.0 -1.650391 1.987305 0.0 -0.6494141 3.125 0.0 -0.009765625 4.360352 0.0 0.08789063
2.092  0.02441406 0.0 -2.34375 1.245117 0.0 -1.650391 2.001953 0.0 -0.6591797 3.139648 0.0 -0.02441406 4.370117 0.0 0.07324219
2.0936  0.02441406 0.0 -2.338867 1.254883 0.0 -1.655273 2.016602 0.0 -0.6689453 3.154297 0.0 -0.0390625 4.384766 0.0 0.05371094
2.0952  0.01953125 0.0 -2.333984 1.259766 0.0 -1.655273 2.03125 0.0 -0.6787109 3.168945 0.0 -0.05371094 4.399414 0.0 0.0390625
2.0968  0.01953125 0.0 -2.329102 1.269531 0.0 -1.655273 2.041016 0.0 -0.6884766 3.183594 0.0 -0.06347656 4.40918 0.0 0.02441406
2.0984  0.01464844 0.0 -2.324219 1.274414 0.0 -1.660156 2.055664 0.0 -0.6982422 3.198242 0.0 -0.078125 4.423828 0.0 0.004882813
2.1  0.01464844 0.0 -2.314453 1.28418 0.0 -1.660156 2.070313 0.0 -0.7080078 3.212891 0.0 -0.09277344 4.433594 0.0 -0.009765625
2.1016  0.009765625 0.0 -2.30957 1.289063 0.0 -1.660156 2.084961 0.0 -0.7177734 3.227539 0.0 -0.1025391 4.448242 0.0 -0.02441406
2.1032  0.009765625 0.0 -2.304688 1.298828 0.0 -1.660156 2.099609 0.0 -0.7275391 3.242188 0.0 -0.1171875 4.462891 0.0 -0.04394531
2.1048  0.004882813 0.0 -2.299805 1.303711 0.0 -1.660156 2.114258 0.0 -0.7373047 3.256836 0.0 -0.1318359 4.472656 0.0 -0.05859375
2.1064  0.004882813 0.0 -2.294922 1.313477 0.0 -1.665039 2.128906 0.0 -0.7421875 3.271484 0.0 -0.1416016 4.487305 0.0 -0.07324219
2.108  0.0 0.0 -2.290039 1.318359 0.0 -1.665039 2.143555 0.0 -0.7519531 3.286133 0.0 -0.15625 4.49707 0.0 -0.08789063
2.1096  0.0 0.0 -2.285156 1.328125 0.0 -1.665039 2.15332 0.0 -0.7617188 3.295898 0.0 -0.1660156 4.511719 0.0 -0.1025391
2.1112  -0.004882813 0.0 -2.275391 1.333008 0.0 -1.665039 2.167969 0.0 -0.7714844 3.310547 0.0 -0.1806641 4.521484 0.0 -0.1220703
2.1128  -0.004882813 0.0 -2.270508 1.342773 0.0 -1.665039 2.182617 0.0 -0.78125 3.325195 0.0 -0.1904297 4.536133 0.0 -0.1367188
2.1144  -0.004882813 0.0 -2.265625 1.347656 0.0 -1.665039 2.197266 0.0 -0.7861328 3.339844 0.0 -0.2050781 4.545898 0.0 -0.1513672
2.116  -0.009765625 0.0 -2.260742 1.357422 0.0 -1.665039 2.211914 0.0 -0.7958984 3.354492 0.0 -0.2148438 4.560547 0.0 -0.1660156
2.1176  -0.009765625 0.0 -2.255859 1.362305 0.0 -1.665039 2.22168 0.0 -0.8056641 3.364258 0.0 -0.2294922 4.570313 0.0 -0.1806641
2.1192  -0.009765625 0.0 -2.250977 1.37207 0.0 -1.665039 2.236328 0.0 -0.8105469 3.378906 0.0 -0.2392578 4.584961 0.0 -0.1953125
2.1208  -0.01464844 0.0 -2.246094 1.376953 0.0 -1.665039 2.250977 0.0 -0.8203125 3.393555 0.0 -0.2539063 4.594727 0.0 -0.2099609
2.1224  -0.01464844 0.0 -2.241211 1.386719 0.0 -1.665039 2.260742 0.0 -0.8251953 3.40332 0.0 -0.2636719 4.609375 0.0 -0.2246094
2.124  -0.01464844 0.0 -2.236328 1.391602 0.0 -1.665039 2.275391 0.0 -0.8349609 3.417969 0.0 -0.2783203 4.619141 0.0 -0.2392578
2.1256  -0.01953125 0.0 -2.231445 1.401367 0.0 -1.665039 2.290039 0.0 -0.8447266 3.432617 0.0 -0.2880859 4.628906 0.0 -0.2490234
2.1272  -0.01953125 0.0 -2.226563 1.40625 0.0 -1.660156 2.299805 0.0 -0.8496094 3.442383 0.0 -0.2978516 4.638672 0.0 -0.2636719
2.1288  -0.01953125 0.0 -2.22168 1.416016 0.0 -1.660156 2.314453 0.0 -0.859375 3.457031 0.0 -0.3125 4.65332 0.0 -0.2783203
2.1304  -0.02441406 0.0 -2.216797 1.420898 0.0 -1.660156 2.324219 0.0 -0.8642578 3.466797 0.0 -0.3222656 4.663086 0.0 -0.2929688
2.132  -0.02441406 0.0 -2.216797 1.425781 0.0 -1.660156 2.333984 0.0 -0.8740234 3.476563 0.0 -0.3320313 4.672852 0.0 -0.3027344
2.1336  -0.02441406 0.0 -2.211914 1.435547 0.0 -1.660156 2.348633 0.0 -0.8789063 3.491211 0.0 -0.3417969 4.682617 0.0 -0.3173828
2.1352  -0.02441406 0.0 -2.207031 1.44043 0.0 -1.660156 2.358398 0.0 -0.8886719 3.500977 0.0 -0.3564453 4.692383 0.0 -0.3320313
2.1368  -0.02441406 0.0 -2.202148 1.445313 0.0 -1.660156 2.368164 0.0 -0.8935547 3.510742 0.0 -0.3662109 4.702148 0.0 -0.3417969
2.1384  -0.02929688 0.0 -2.197266 1.455078 0.0 -1.655273 2.37793 0.0 -0.9033203 3.520508 0.0 -0.3759766 4.711914 0.0 -0.3564453
2.14  -0.02929688 0.0 -2.197266 1.459961 0.0 -1.655273 2.387695 0.0 -0.9082031 3.530273 0.0 -0.3857422 4.72168 0.0 -0.3662109
2.1416  -0.02929688 0.0 -2.192383 1.464844 0.0 -1.655273 2.397461 0.0 -0.9179688 3.540039 0.0 -0.4003906 4.726563 0.0 -0.3759766
2.1432  -0.02929688 0.0 -2.1875 1.469727 0.0 -1.655273 2.407227 0.0 -0.9228516 3.549805 0.0 -0.4101563 4.736328 0.0 -0.390625
2.1448  -0.02929688 0.0 -2.1875 1.474609 0.0 -1.655273 2.416992 0.0 -0.9326172 3.55957 0.0 -0.4199219 4.746094 0.0 -0.4003906
2.1464  -0.02929688 0.0 -2.182617 1.479492 0.0 -1.655273 2.426758 0.0 -0.9375 3.564453 0.0 -0.4296875 4.750977 0.0 -0.4101563
2.148  -0.02929688 0.0 -2.177734 1.484375 0.0 -1.655273 2.436523 0.0 -0.9472656 3.574219 0.0 -0.4394531 4.760742 0.0 -0.4248047
2.1496  -0.03417969 0.0 -2.177734 1.489258 0.0 -1.655273 2.441406 0.0 -0.9521484 3.583984 0.0 -0.4492188 4.765625 0.0 -0.4345703
2.1512  -0.03417969 0.0 -2.172852 1.494141 0.0 -1.655273 2.451172 0.0 -0.9619141 3.588867 0.0 -0.4638672 4.775391 0.0 -0.4443359
2.1528  -0.03417969 0.0 -2.172852 1.499023 0.0 -1.655273 2.460938 0.0 -0.9667969 3.598633 0.0 -0.4736328 4.780273 0.0 -0.4541016
2.1544  -0.03417969 0.0 -2.167969 1.503906 0.0 -1.655273 2.46582 0.0 -0.9765625 3.603516 0.0 -0.4833984 4.785156 0.0 -0.4638672
2.156  -0.03417969 0.0 -2.167969 1.503906 0.0 -1.655273 2.475586 0.0 -0.9814453 3.613281 0.0 -0.4931641 4.794922 0.0 -0.4736328
2.1576  -0.03417969 0.0 -2.163086 1.508789 0.0 -1.655273 2.480469 0.0 -0.9912109 3.618164 0.0 -0.5029297 4.799805 0.0 -0.4833984
2.1592  -0.03417969 0.0 -2.163086 1.513672 0.0 -1.655273 2.485352 0.0 -0.9960938 3.623047 0.0 -0.5126953 4.804688 0.0 -0.4931641
2.1608  -0.03417969 0.0 -2.163086 1.518555 0.0 -1.655273 2.495117 0.0 -1.005859 3.62793 0.0 -0.5224609 4.80957 0.0 -0.5029297
2.1624  -0.03417969 0.0 -2.158203 1.518555 0.0 -1.655273 2.5 0.0 -1.010742 3.632813 0.0 -0.5322266 4.814453 0.0 -0.5126953
2.164  -0.03417969 0.0 -2.158203 1.523438 0.0 -1.655273 2.504883 0.0 -1.020508 3.637695 0.0 -0.5419922 4.819336 0.0 -0.5224609
2.1656  -0.03417969 0.0 -2.158203 1.52832 0.0 -1.660156 2.509766 0.0 -1.025391 3.642578 0.0 -0.5517578 4.824219 0.0 -0.5322266
2.1672  -0.03417969 0.0 -2.158203 1.52832 0.0 -1.660156 2.514648 0.0 -1.035156 3.647461 0.0 -0.5615234 4.829102 0.0 -0.5371094
2.1688  -0.03417969 0.0 -2.15332 1.533203 0.0 -1.660156 2.524414 0.0 -1.044922 3.652344 0.0 -0.5712891 4.833984 0.0 -0.546875
2.1704  -0.03417969 0.0 -2.15332 1.538086 0.0 -1.665039 2.529297 0.0 -1.049805 3.657227 0.0 -0.5810547 4.838867 0.0 -0.5566406
2.172  -0.03417969 0.0 -2.15332 1.538086 0.0 -1.665039 2.53418 0.0 -1.05957 3.662109 0.0 -0.5908203 4.84375 0.0 -0.5615234
2.1736  -0.03417969 0.0 -2.15332 1.542969 0.0 -1.665039 2.539063 0.0 -1.064453 3.666992 0.0 -0.6005859 4.848633 0.0 -0.5712891
2.1752  -0.03417969 0.0 -2.15332 1.542969 0.0 -1.669922 2.543945 0.0 -1.074219 3.671875 0.0 -0.6103516 4.853516 0.0 -0.5810547
2.1768  -0.03417969 0.0 -2.15332 1.547852 0.0 -1.669922 2.548828 0.0 -1.083984 3.676758 0.0 -0.6201172 4.853516 0.0 -0.5859375
2.1784  -0.03417969 0.0 -2.15332 1.547852 0.0 -1.674805 2.553711 0.0 -1.088867 3.676758 0.0 -0.6298828 4.858398 0.0 -0.5957031
2.18  -0.03417969 0.0 -2.15332 1.552734 0.0 -1.674805 2.558594 0.0 -1.098633 3.681641 0.0 -0.6396484 4.863281 0.0 -0.6005859
2.1816  -0.03417969 0.0 -2.15332 1.552734 0.0 -1.679688 2.563477 0.0 -1.108398 3.686523 0.0 -0.6494141 4.868164 0.0 -0.6103516
2.1832  -0.03417969 0.0 -2.15332 1.557617 0.0 -1.68457 2.568359 0.0 -1.113281 3.686523 0.0 -0.6542969 4.873047 0.0 -0.6201172
2.1848  -0.03417969 0.0 -2.15332 1.557617 0.0 -1.68457 2.573242 0.0 -1.123047 3.691406 0.0 -0.6640625 4.873047 0.0 -0.625
2.1864  -0.03417969 0.0 -2.15332 1.5625 0.0 -1.689453 2.573242 0.0 -1.132813 3.696289 0.0 -0.6738281 4.87793 0.0 -0.6347656
2.188  -0.03417969 0.0 -2.15332 1.5625 0.0 -1.694336 2.578125 0.0 -1.142578 3.696289 0.0 -0.6835938 4.882813 0.0 -0.6396484
2.1896  -0.03417969 0.0 -2.158203 1.567383 0.0 -1.699219 2.583008 0.0 -1.152344 3.701172 0.0 -0.6933594 4.887695 0.0 -0.6494141
2.1912  -0.02929688 0.0 -2.158203 1.567383 0.0 -1.704102 2.587891 0.0 -1.162109 3.706055 0.0 -0.703125 4.887695 0.0 -0.6542969
2.1928  -0.02929688 0.0 -2.158203 1.567383 0.0 -1.708984 2.592773 0.0 -1.166992 3.706055 0.0 -0.7128906 4.892578 0.0 -0.6640625
2.1944  -0.02929688 0.0 -2.163086 1.572266 0.0 -1.708984 2.597656 0.0 -1.176758 3.710938 0.0 -0.7226563 4.897461 0.0 -0.6738281
2.196  -0.02929688 0.0 -2.163086 1.572266 0.0 -1.713867 2.597656 0.0 -1.186523 3.710938 0.0 -0.7324219 4.902344 0.0 -0.6787109
2.1976  -0.02929688 0.0 -2.163086 1.577148 0.0 -1.71875 2.602539 0.0 -1.196289 3.71582 0.0 -0.7373047 4.902344 0.0 -0.6884766
2.1992  -0.02929688 0.0 -2.167969 1.577148 0.0 -1.728516 2.607422 0.0 -1.206055 3.720703 0.0 -0.7470703 4.907227 0.0 -0.6982422
2.2008  -0.02929688 0.0 -2.167969 1.577148 0.0 -1.733398 2.612305 0.0 -1.21582 3.720703 0.0 -0.7568359 4.912109 0.0 -0.7080078
2.2024  -0.02929688 0.0 -2.172852 1.582031 0.0 -1.738281 2.617188 0.0 -1.230469 3.725586 0.0 -0.7666016 4.916992 0.0 -0.7177734
2.204  -0.02441406 0.0 -2.172852 1.582031 0.0 -1.743164 2.617188 0.0 -1.240234 3.725586 0.0 -0.7763672 4.916992 0.0 -0.7226563
2.2056  -0.02441406 0.0 -2.177734 1.586914 0.0 -1.748047 2.62207 0.0 -1.25 3.730469 0.0 -0.7861328 4.921875 0.0 -0.7324219
2.2072  -0.02441406 0.0 -2.182617 1.586914 0.0 -1.757813 2.626953 0.0 -1.259766 3.730469 0.0 -0.8007813 4.926758 0.0 -0.7421875
2.2088  -0.02441406 0.0 -2.182617 1.586914 0.0 -1.762695 2.631836 0.0 -1.269531 3.735352 0.0 -0.8105469 4.926758 0.0 -0.7519531
2.2104  -0.02441406 0.0 -2.1875 1.591797 0.0 -1.767578 2.631836 0.0 -1.28418 3.735352 0.0 -0.8203125 4.931641 0.0 -0.7617188
2.212  -0.02441406 0.0 -2.192383 1.591797 0.0 -1.777344 2.636719 0.0 -1.293945 3.740234 0.0 -0.8300781 4.936523 0.0 -0.7714844
2.2136  -0.01953125 0.0 -2.197266 1.59668 0.0 -1.782227 2.641602 0.0 -1.303711 3.740234 0.0 -0.8398438 4.941406 0.0 -0.78125
2.2152  -0.01953125 0.0 -2.202148 1.59668 0.0 -1.791992 2.646484 0.0 -1.318359 3.745117 0.0 -0.8496094 4.941406 0.0 -0.7910156
2.2168  -0.01953125 0.0 -2.207031 1.59668 0.0 -1.796875 2.651367 0.0 -1.328125 3.745117 0.0 -0.859375 4.946289 0.0 -0.8007813
2.2184  -0.01953125 0.0 -2.211914 1.601563 0.0 -1.806641 2.651367 0.0 -1.337891 3.75 0.0 -0.8691406 4.951172 0.0 -0.8105469
2.22  -0.01464844 0.0 -2.216797 1.601563 0.0 -1.811523 2.65625 0.0 -1.352539 3.75 0.0 -0.8789063 4.951172 0.0 -0.8203125
2.2216  -0.01464844 0.0 -2.226563 1.606445 0.0 -1.821289 2.661133 0.0 -1.362305 3.754883 0.0 -0.8935547 4.956055 0.0 -0.8251953
2.2232  -0.01464844 0.0 -2.231445 1.606445 0.0 -1.831055 2.666016 0.0 -1.376953 3.754883 0.0 -0.9033203 4.960938 0.0 -0.8349609
2.2248  -0.009765625 0.0 -2.236328 1.606445 0.0 -1.84082 2.670898 0.0 -1.386719 3.759766 0.0 -0.9130859 4.960938 0.0 -0.8447266
2.2264  -0.009765625 0.0 -2.246094 1.611328 0.0 -1.845703 2.670898 0.0 -1.396484 3.759766 0.0 -0.9228516 4.96582 0.0 -0.8544922
2.228  -0.009765625 0.0 -2.250977 1.611328 0.0 -1.855469 2.675781 0.0 -1.411133 3.764648 0.0 -0.9326172 4.96582 0.0 -0.8642578
2.2296  -0.004882813 0.0 -2.260742 1.616211 0.0 -1.865234 2.680664 0.0 -1.420898 3.764648 0.0 -0.9423828 4.970703 0.0 -0.8691406
2.2312  -0.004882813 0.0 -2.265625 1.616211 0.0 -1.875 2.685547 0.0 -1.435547 3.764648 0.0 -0.9570313 4.975586 0.0 -0.8789063
2.2328  0.0 0.0 -2.275391 1.616211 0.0 -1.884766 2.685547 0.0 -1.445313 3.769531 0.0 -0.9667969 4.975586 0.0 -0.8886719
2.2344  0.0 0.0 -2.285156 1.621094 0.0 -1.894531 2.69043 0.0 -1.459961 3.769531 0.0 -0.9765625 4.980469 0.0 -0.8935547
2.236  0.004882813 0.0 -2.290039 1.621094 0.0 -1.899414 2.695313 0.0 -1.469727 3.769531 0.0 -0.9863281 4.980469 0.0 -0.9033203
2.2376  0.004882813 0.0 -2.299805 1.625977 0.0 -1.90918 2.695313 0.0 -1.479492 3.774414 0.0 -0.9960938 4.980469 0.0 -0.9130859
2.2392  0.009765625 0.0 -2.30957 1.625977 0.0 -1.918945 2.700195 0.0 -1.494141 3.774414 0.0 -1.005859 4.985352 0.0 -0.9179688
2.2408  0.009765625 0.0 -2.319336 1.625977 0.0 -1.928711 2.705078 0.0 -1.503906 3.774414 0.0 -1.015625 4.985352 0.0 -0.9277344
2.2424  0.01464844 0.0 -2.329102 1.625977 0.0 -1.938477 2.705078 0.0 -1.518555 3.774414 0.0 -1.030273 4.985352 0.0 -0.9326172
2.244  0.01464844 0.0 -2.338867 1.630859 0.0 -1.948242 2.709961 0.0 -1.52832 3.774414 0.0 -1.040039 4.990234 0.0 -0.9375
2.2456  0.01953125 0.0 -2.353516 1.630859 0.0 -1.958008 2.709961 0.0 -1.538086 3.779297 0.0 -1.049805 4.990234 0.0 -0.9472656
2.2472  0.01953125 0.0 -2.363281 1.630859 0.0 -1.967773 2.714844 0.0 -1.552734 3.779297 0.0 -1.05957 4.990234 0.0 -0.9521484
2.2488  0.02441406 0.0 -2.373047 1.630859 0.0 -1.977539 2.714844 0.0 -1.5625 3.779297 0.0 -1.069336 4.990234 0.0 -0.9570313
2.2504  0.02929688 0.0 -2.382813 1.635742 0.0 -1.987305 2.719727 0.0 -1.572266 3.779297 0.0 -1.079102 4.990234 0.0 -0.9619141
2.252  0.02929688 0.0 -2.392578 1.635742 0.0 -1.99707 2.719727 0.0 -1.582031 3.774414 0.0 -1.088867 4.990234 0.0 -0.9667969
2.2536  0.03417969 0.0 -2.407227 1.635742 0.0 -2.006836 2.719727 0.0 -1.591797 3.774414 0.0 -1.098633 4.990234 0.0 -0.9716797
2.2552  0.03417969 0.0 -2.416992 1.635742 0.0 -2.016602 2.724609 0.0 -1.601563 3.774414 0.0 -1.108398 4.990234 0.0 -0.9814453
2.2568  0.0390625 0.0 -2.431641 1.635742 0.0 -2.026367 2.724609 0.0 -1.616211 3.774414 0.0 -1.118164 4.985352 0.0 -0.9814453
2.2584  0.04394531 0.0 -2.441406 1.635742 0.0 -2.036133 2.724609 0.0 -1.625977 3.774414 0.0 -1.12793 4.985352 0.0 -0.9863281
2.26  0.04394531 0.0 -2.451172 1.635742 0.0 -2.045898 2.724609 0.0 -1.635742 3.769531 0.0 -1.132813 4.985352 0.0 -0.9912109
2.2616  0.04882813 0.0 -2.46582 1.635742 0.0 -2.050781 2.724609 0.0 -1.645508 3.769531 0.0 -1.142578 4.980469 0.0 -0.9960938
2.2632  0.05371094 0.0 -2.475586 1.635742 0.0 -2.060547 2.724609 0.0 -1.650391 3.769531 0.0 -1.152344 4.980469 0.0 -1.000977
2.2648  0.05371094 0.0 -2.490234 1.630859 0.0 -2.070313 2.729492 0.0 -1.660156 3.764648 0.0 -1.162109 4.980469 0.0 -1.005859
2.2664  0.05859375 0.0 -2.5 1.630859 0.0 -2.075195 2.729492 0.0 -1.669922 3.764648 0.0 -1.166992 4.975586 0.0 -1.005859
2.268  0.05859375 0.0 -2.514648 1.630859 0.0 -2.084961 2.729492 0.0 -1.679688 3.759766 0.0 -1.176758 4.970703 0.0 -1.010742
2.2696  0.06347656 0.0 -2.524414 1.630859 0.0 -2.094727 2.729492 0.0 -1.689453 3.759766 0.0 -1.186523 4.970703 0.0 -1.015625
2.2712  0.06835938 0.0 -2.53418 1.630859 0.0 -2.099609 2.729492 0.0 -1.699219 3.754883 0.0 -1.191406 4.96582 0.0 -1.015625
2.2728  0.06835938 0.0 -2.548828 1.625977 0.0 -2.109375 2.724609 0.0 -1.704102 3.754883 0.0 -1.201172 4.96582 0.0 -1.020508
2.2744  0.07324219 0.0 -2.558594 1.625977 0.0 -2.114258 2.724609 0.0 -1.713867 3.75 0.0 -1.206055 4.960938 0.0 -1.025391
2.276  0.07324219 0.0 -2.568359 1.625977 0.0 -2.124023 2.724609 0.0 -1.723633 3.745117 0.0 -1.210938 4.956055 0.0 -1.025391
2.2776  0.078125 0.0 -2.583008 1.621094 0.0 -2.128906 2.724609 0.0 -1.728516 3.745117 0.0 -1.220703 4.956055 0.0 -1.030273
2.2792  0.078125 0.0 -2.592773 1.621094 0.0 -2.138672 2.724609 0.0 -1.738281 3.740234 0.0 -1.225586 4.951172 0.0 -1.030273
2.2808  0.08300781 0.0 -2.602539 1.621094 0.0 -2.143555 2.724609 0.0 -1.743164 3.735352 0.0 -1.230469 4.946289 0.0 -1.035156
2.2824  0.08300781 0.0 -2.617188 1.616211 0.0 -2.148438 2.724609 0.0 -1.75293 3.735352 0.0 -1.240234 4.946289 0.0 -1.035156
2.284  0.08789063 0.0 -2.626953 1.616211 0.0 -2.158203 2.719727 0.0 -1.762695 3.730469 0.0 -1.245117 4.941406 0.0 -1.040039
2.2856  0.08789063 0.0 -2.636719 1.616211 0.0 -2.163086 2.719727 0.0 -1.767578 3.725586 0.0 -1.25 4.936523 0.0 -1.040039
2.2872  0.08789063 0.0 -2.646484 1.611328 0.0 -2.167969 2.719727 0.0 -1.777344 3.725586 0.0 -1.254883 4.936523 0.0 -1.040039
2.2888  0.09277344 0.0 -2.65625 1.611328 0.0 -2.177734 2.719727 0.0 -1.782227 3.720703 0.0 -1.259766 4.931641 0.0 -1.044922
2.2904  0.09277344 0.0 -2.666016 1.611328 0.0 -2.182617 2.719727 0.0 -1.787109 3.71582 0.0 -1.269531 4.926758 0.0 -1.044922
2.292  0.09765625 0.0 -2.675781 1.606445 0.0 -2.1875 2.719727 0.0 -1.796875 3.71582 0.0 -1.274414 4.926758 0.0 -1.049805
2.2936  0.09765625 0.0 -2.685547 1.606445 0.0 -2.192383 2.719727 0.0 -1.801758 3.710938 0.0 -1.279297 4.921875 0.0 -1.049805
2.2952  0.09765625 0.0 -2.695313 1.606445 0.0 -2.197266 2.719727 0.0 -1.811523 3.710938 0.0 -1.28418 4.921875 0.0 -1.054688
2.2968  0.1025391 0.0 -2.705078 1.606445 0.0 -2.202148 2.719727 0.0 -1.816406 3.706055 0.0 -1.289063 4.916992 0.0 -1.054688
2.2984  0.1025391 0.0 -2.714844 1.606445 0.0 -2.211914 2.719727 0.0 -1.821289 3.706055 0.0 -1.293945 4.916992 0.0 -1.05957
2.3  0.1074219 0.0 -2.719727 1.606445 0.0 -2.216797 2.719727 0.0 -1.831055 3.701172 0.0 -1.298828 4.912109 0.0 -1.05957
2.3016  0.1074219 0.0 -2.729492 1.601563 0.0 -2.22168 2.719727 0.0 -1.835938 3.701172 0.0 -1.303711 4.912109 0.0 -1.064453
2.3032  0.1074219 0.0 -2.739258 1.601563 0.0 -2.226563 2.719727 0.0 -1.84082 3.701172 0.0 -1.308594 4.912109 0.0 -1.069336
2.3048  0.1123047 0.0 -2.744141 1.601563 0.0 -2.231445 2.719727 0.0 -1.845703 3.696289 0.0 -1.313477 4.907227 0.0 -1.069336
2.3064  0.1123047 0.0 -2.753906 1.601563 0.0 -2.236328 2.719727 0.0 -1.855469 3.696289 0.0 -1.318359 4.907227 0.0 -1.074219
2.308  0.1123047 0.0 -2.758789 1.601563 0.0 -2.241211 2.719727 0.0 -1.860352 3.696289 0.0 -1.323242 4.907227 0.0 -1.074219
2.3096  0.1171875 0.0 -2.768555 1.606445 0.0 -2.246094 2.719727 0.0 -1.865234 3.691406 0.0 -1.328125 4.902344 0.0 -1.079102
2.3112  0.1171875 0.0 -2.773438 1.606445 0.0 -2.250977 2.724609 0.0 -1.870117 3.691406 0.0 -1.328125 4.902344 0.0 -1.079102
2.3128  0.1171875 0.0 -2.77832 1.606445 0.0 -2.250977 2.724609 0.0 -1.875 3.691406 0.0 -1.333008 4.902344 0.0 -1.083984
2.3144  0.1220703 0.0 -2.783203 1.606445 0.0 -2.255859 2.724609 0.0 -1.879883 3.691406 0.0 -1.337891 4.902344 0.0 -1.083984
2.316  0.1220703 0.0 -2.792969 1.606445 0.0 -2.260742 2.724609 0.0 -1.884766 3.691406 0.0 -1.342773 4.902344 0.0 -1.088867
2.3176  0.1220703 0.0 -2.797852 1.606445 0.0 -2.265625 2.729492 0.0 -1.889648 3.686523 0.0 -1.347656 4.902344 0.0 -1.09375
2.3192  0.1220703 0.0 -2.802734 1.606445 0.0 -2.270508 2.729492 0.0 -1.894531 3.686523 0.0 -1.352539 4.897461 0.0 -1.09375
2.3208  0.1269531 0.0 -2.807617 1.611328 0.0 -2.270508 2.729492 0.0 -1.899414 3.686523 0.0 -1.352539 4.897461 0.0 -1.098633
2.3224  0.1269531 0.0 -2.8125 1.611328 0.0 -2.275391 2.729492 0.0 -1.904297 3.686523 0.0 -1.357422 4.897461 0.0 -1.098633
2.324  0.1269531 0.0 -2.817383 1.611328 0.0 -2.280273 2.734375 0.0 -1.90918 3.686523 0.0 -1.362305 4.897461 0.0 -1.103516
2.3256  0.1318359 0.0 -2.817383 1.611328 0.0 -2.280273 2.734375 0.0 -1.914063 3.686523 0.0 -1.367188 4.897461 0.0 -1.103516
2.3272  0.1318359 0.0 -2.822266 1.616211 0.0 -2.285156 2.734375 0.0 -1.918945 3.686523 0.0 -1.367188 4.897461 0.0 -1.108398
2.3288  0.1318359 0.0 -2.827148 1.616211 0.0 -2.285156 2.739258 0.0 -1.918945 3.686523 0.0 -1.37207 4.897461 0.0 -1.108398
2.3304  0.1318359 0.0 -2.832031 1.616211 0.0 -2.290039 2.739258 0.0 -1.923828 3.686523 0.0 -1.376953 4.897461 0.0 -1.113281
2.332  0.1318359 0.0 -2.832031 1.616211 0.0 -2.290039 2.739258 0.0 -1.928711 3.686523 0.0 -1.381836 4.897461 0.0 -1.113281
2.3336  0.1367188 0.0 -2.836914 1.616211 0.0 -2.290039 2.744141 0.0 -1.928711 3.686523 0.0 -1.381836 4.897461 0.0 -1.118164
2.3352  0.1367188 0.0 -2.836914 1.621094 0.0 -2.294922 2.744141 0.0 -1.933594 3.686523 0.0 -1.386719 4.897461 0.0 -1.118164
2.3368  0.1367188 0.0 -2.841797 1.621094 0.0 -2.294922 2.744141 0.0 -1.938477 3.686523 0.0 -1.391602 4.897461 0.0 -1.123047
2.3384  0.1367188 0.0 -2.841797 1.621094 0.0 -2.294922 2.744141 0.0 -1.938477 3.686523 0.0 -1.391602 4.892578 0.0 -1.123047
2.34  0.1367188 0.0 -2.84668 1.621094 0.0 -2.299805 2.749023 0.0 -1.943359 3.686523 0.0 -1.396484 4.892578 0.0 -1.12793
2.3416  0.1367188 0.0 -2.84668 1.621094 0.0 -2.299805 2.749023 0.0 -1.943359 3.686523 0.0 -1.396484 4.892578 0.0 -1.12793
2.3432  0.1367188 0.0 -2.851563 1.625977 0.0 -2.299805 2.749023 0.0 -1.948242 3.691406 0.0 -1.401367 4.892578 0.0 -1.132813
2.3448  0.1416016 0.0 -2.851563 1.625977 0.0 -2.299805 2.749023 0.0 -1.948242 3.691406 0.0 -1.40625 4.892578 0.0 -1.132813
2.3464  0.1416016 0.0 -2.851563 1.625977 0.0 -2.299805 2.753906 0.0 -1.953125 3.691406 0.0 -1.40625 4.892578 0.0 -1.137695
2.348  0.1416016 0.0 -2.856445 1.625977 0.0 -2.299805 2.753906 0.0 -1.953125 3.691406 0.0 -1.411133 4.892578 0.0 -1.137695
2.3496  0.1416016 0.0 -2.856445 1.625977 0.0 -2.299805 2.753906 0.0 -1.958008 3.691406 0.0 -1.411133 4.892578 0.0 -1.142578
2.3512  0.1416016 0.0 -2.856445 1.630859 0.0 -2.299805 2.758789 0.0 -1.958008 3.691406 0.0 -1.416016 4.892578 0.0 -1.142578
2.3528  0.1416016 0.0 -2.856445 1.630859 0.0 -2.299805 2.758789 0.0 -1.958008 3.691406 0.0 -1.420898 4.892578 0.0 -1.147461
2.3544  0.1416016 0.0 -2.856445 1.630859 0.0 -2.299805 2.758789 0.0 -1.958008 3.696289 0.0 -1.420898 4.892578 0.0 -1.147461
2.356  0.1416016 0.0 -2.861328 1.630859 0.0 -2.299805 2.758789 0.0 -1.962891 3.696289 0.0 -1.425781 4.897461 0.0 -1.152344
2.3576  0.1416016 0.0 -2.861328 1.635742 0.0 -2.299805 2.763672 0.0 -1.962891 3.696289 0.0 -1.425781 4.897461 0.0 -1.152344
2.3592  0.1464844 0.0 -2.861328 1.635742 0.0 -2.299805 2.763672 0.0 -1.962891 3.696289 0.0 -1.430664 4.897461 0.0 -1.157227
2.3608  0.1464844 0.0 -2.861328 1.635742 0.0 -2.294922 2.763672 0.0 -1.962891 3.696289 0.0 -1.430664 4.897461 0.0 -1.157227
2.3624  0.1464844 0.0 -2.861328 1.635742 0.0 -2.294922 2.763672 0.0 -1.962891 3.701172 0.0 -1.435547 4.897461 0.0 -1.162109
2.364  0.1464844 0.0 -2.861328 1.635742 0.0 -2.294922 2.768555 0.0 -1.967773 3.701172 0.0 -1.435547 4.897461 0.0 -1.162109
2.3656  0.1464844 0.0 -2.861328 1.640625 0.0 -2.294922 2.768555 0.0 -1.967773 3.701172 0.0 -1.435547 4.897461 0.0 -1.166992
2.3672  0.1464844 0.0 -2.861328 1.640625 0.0 -2.290039 2.768555 0.0 -1.967773 3.701172 0.0 -1.44043 4.902344 0.0 -1.166992
2.3688  0.1464844 0.0 -2.861328 1.640625 0.0 -2.290039 2.773438 0.0 -1.967773 3.706055 0.0 -1.44043 4.902344 0.0 -1.171875
2.3704  0.1464844 0.0 -2.861328 1.645508 0.0 -2.290039 2.773438 0.0 -1.967773 3.706055 0.0 -1.44043 4.902344 0.0 -1.171875
2.372  0.1464844 0.0 -2.861328 1.645508 0.0 -2.285156 2.773438 0.0 -1.967773 3.706055 0.0 -1.445313 4.902344 0.0 -1.176758
2.3736  0.1464844 0.0 -2.856445 1.645508 0.0 -2.285156 2.773438 0.0 -1.962891 3.706055 0.0 -1.445313 4.902344 0.0 -1.176758
2.3752  0.1464844 0.0 -2.856445 1.645508 0.0 -2.280273 2.77832 0.0 -1.962891 3.710938 0.0 -1.445313 4.907227 0.0 -1.181641
2.3768  0.1464844 0.0 -2.856445 1.650391 0.0 -2.280273 2.77832 0.0 -1.962891 3.710938 0.0 -1.445313 4.907227 0.0 -1.181641
2.3784  0.1464844 0.0 -2.856445 1.650391 0.0 -2.280273 2.77832 0.0 -1.962891 3.710938 0.0 -1.450195 4.907227 0.0 -1.186523
2.38  0.1464844 0.0 -2.856445 1.650391 0.0 -2.275391 2.783203 0.0 -1.962891 3.71582 0.0 -1.450195 4.907227 0.0 -1.186523
2.3816  0.1464844 0.0 -2.856445 1.650391 0.0 -2.275391 2.783203 0.0 -1.962891 3.71582 0.0 -1.450195 4.912109 0.0 -1.186523
2.3832  0.1464844 0.0 -2.851563 1.655273 0.0 -2.270508 2.783203 0.0 -1.958008 3.71582 0.0 -1.450195 4.912109 0.0 -1.191406
2.3848  0.1464844 0.0 -2.851563 1.655273 0.0 -2.265625 2.783203 0.0 -1.958008 3.71582 0.0 -1.450195 4.912109 0.0 -1.191406
2.3864  0.1464844 0.0 -2.851563 1.655273 0.0 -2.265625 2.788086 0.0 -1.958008 3.720703 0.0 -1.450195 4.912109 0.0 -1.191406
2.388  0.1464844 0.0 -2.84668 1.655273 0.0 -2.260742 2.788086 0.0 -1.953125 3.720703 0.0 -1.450195 4.916992 0.0 -1.191406
2.3896  0.1464844 0.0 -2.84668 1.655273 0.0 -2.260742 2.788086 0.0 -1.953125 3.720703 0.0 -1.450195 4.916992 0.0 -1.196289
2.3912  0.1464844 0.0 -2.84668 1.660156 0.0 -2.255859 2.788086 0.0 -1.953125 3.725586 0.0 -1.450195 4.916992 0.0 -1.196289
2.3928  0.1464844 0.0 -2.841797 1.660156 0.0 -2.250977 2.792969 0.0 -1.948242 3.725586 0.0 -1.450195 4.916992 0.0 -1.196289
2.3944  0.1464844 0.0 -2.841797 1.660156 0.0 -2.250977 2.792969 0.0 -1.948242 3.725586 0.0 -1.445313 4.921875 0.0 -1.196289
2.396  0.1464844 0.0 -2.841797 1.660156 0.0 -2.246094 2.792969 0.0 -1.943359 3.725586 0.0 -1.445313 4.921875 0.0 -1.196289
2.3976  0.1464844 0.0 -2.836914 1.660156 0.0 -2.241211 2.792969 0.0 -1.943359 3.730469 0.0 -1.445313 4.921875 0.0 -1.201172
2.3992  0.1464844 0.0 -2.836914 1.665039 0.0 -2.241211 2.792969 0.0 -1.938477 3.730469 0.0 -1.44043 4.926758 0.0 -1.201172
2.4008  0.1464844 0.0 -2.836914 1.665039 0.0 -2.236328 2.797852 0.0 -1.938477 3.730469 0.0 -1.44043 4.926758 0.0 -1.201172
2.4024  0.1464844 0.0 -2.832031 1.665039 0.0 -2.231445 2.797852 0.0 -1.933594 3.730469 0.0 -1.44043 4.926758 0.0 -1.201172
2.404  0.1464844 0.0 -2.832031 1.665039 0.0 -2.226563 2.797852 0.0 -1.933594 3.735352 0.0 -1.435547 4.926758 0.0 -1.201172
2.4056  0.1416016 0.0 -2.827148 1.665039 0.0 -2.22168 2.797852 0.0 -1.928711 3.735352 0.0 -1.435547 4.931641 0.0 -1.201172
2.4072  0.1416016 0.0 -2.827148 1.665039 0.0 -2.22168 2.797852 0.0 -1.923828 3.735352 0.0 -1.430664 4.931641 0.0 -1.201172
2.4088  0.1416016 0.0 -2.822266 1.665039 0.0 -2.216797 2.797852 0.0 -1.923828 3.735352 0.0 -1.430664 4.931641 0.0 -1.201172
2.4104  0.1416016 0.0 -2.822266 1.669922 0.0 -2.211914 2.797852 0.0 -1.918945 3.740234 0.0 -1.425781 4.936523 0.0 -1.201172
2.412  0.1416016 0.0 -2.817383 1.669922 0.0 -2.207031 2.797852 0.0 -1.914063 3.740234 0.0 -1.425781 4.936523 0.0 -1.201172
2.4136  0.1416016 0.0 -2.817383 1.669922 0.0 -2.202148 2.797852 0.0 -1.90918 3.740234 0.0 -1.420898 4.936523 0.0 -1.201172
2.4152  0.1416016 0.0 -2.8125 1.669922 0.0 -2.197266 2.802734 0.0 -1.904297 3.740234 0.0 -1.420898 4.936523 0.0 -1.201172
2.4168  0.1416016 0.0 -2.8125 1.669922 0.0 -2.192383 2.802734 0.0 -1.899414 3.740234 0.0 -1.416016 4.941406 0.0 -1.201172
2.4184  0.1416016 0.0 -2.807617 1.669922 0.0 -2.1875 2.802734 0.0 -1.899414 3.745117 0.0 -1.416016 4.941406 0.0 -1.201172
2.42  0.1416016 0.0 -2.807617 1.669922 0.0 -2.182617 2.802734 0.0 -1.894531 3.745117 0.0 -1.411133 4.941406 0.0 -1.201172
2.4216  0.1416016 0.0 -2.802734 1.669922 0.0 -2.177734 2.802734 0.0 -1.889648 3.745117 0.0 -1.40625 4.946289 0.0 -1.201172
2.4232  0.1416016 0.0 -2.797852 1.669922 0.0 -2.172852 2.802734 0.0 -1.884766 3.745117 0.0 -1.40625 4.946289 0.0 -1.201172
2.4248  0.1416016 0.0 -2.797852 1.669922 0.0 -2.167969 2.802734 0.0 -1.879883 3.745117 0.0 -1.401367 4.946289 0.0 -1.201172
2.4264  0.1416016 0.0 -2.792969 1.669922 0.0 -2.163086 2.802734 0.0 -1.875 3.745117 0.0 -1.401367 4.946289 0.0 -1.201172
2.428  0.1416016 0.0 -2.792969 1.669922 0.0 -2.158203 2.802734 0.0 -1.865234 3.75 0.0 -1.396484 4.946289 0.0 -1.201172
2.4296  0.1367188 0.0 -2.788086 1.669922 0.0 -2.148438 2.797852 0.0 -1.860352 3.75 0.0 -1.391602 4.951172 0.0 -1.201172
2.4312  0.1367188 0.0 -2.783203 1.669922 0.0 -2.143555 2.797852 0.0 -1.855469 3.75 0.0 -1.391602 4.951172 0.0 -1.201172
2.4328  0.1367188 0.0 -2.783203 1.669922 0.0 -2.138672 2.797852 0.0 -1.850586 3.75 0.0 -1.386719 4.951172 0.0 -1.201172
2.4344  0.1367188 0.0 -2.77832 1.669922 0.0 -2.133789 2.797852 0.0 -1.845703 3.75 0.0 -1.381836 4.951172 0.0 -1.201172
2.436  0.1367188 0.0 -2.773438 1.669922 0.0 -2.128906 2.797852 0.0 -1.84082 3.75 0.0 -1.381836 4.951172 0.0 -1.201172
2.4376  0.1367188 0.0 -2.773438 1.669922 0.0 -2.119141 2.797852 0.0 -1.831055 3.75 0.0 -1.376953 4.951172 0.0 -1.201172
2.4392  0.1367188 0.0 -2.768555 1.665039 0.0 -2.114258 2.797852 0.0 -1.826172 3.75 0.0 -1.37207 4.956055 0.0 -1.201172
2.4408  0.1367188 0.0 -2.763672 1.665039 0.0 -2.109375 2.797852 0.0 -1.821289 3.75 0.0 -1.367188 4.956055 0.0 -1.201172
2.4424  0.1367188 0.0 -2.763672 1.665039 0.0 -2.099609 2.797852 0.0 -1.811523 3.754883 0.0 -1.367188 4.956055 0.0 -1.201172
2.444  0.1318359 0.0 -2.758789 1.665039 0.0 -2.094727 2.792969 0.0 -1.806641 3.754883 0.0 -1.362305 4.956055 0.0 -1.201172
2.4456  0.1318359 0.0 -2.753906 1.665039 0.0 -2.084961 2.792969 0.0 -1.796875 3.754883 0.0 -1.357422 4.956055 0.0 -1.201172
2.4472  0.1318359 0.0 -2.753906 1.665039 0.0 -2.080078 2.792969 0.0 -1.791992 3.754883 0.0 -1.357422 4.956055 0.0 -1.201172
2.4488  0.1318359 0.0 -2.749023 1.665039 0.0 -2.070313 2.792969 0.0 -1.782227 3.754883 0.0 -1.352539 4.956055 0.0 -1.201172
2.4504  0.1318359 0.0 -2.744141 1.665039 0.0 -2.06543 2.792969 0.0 -1.777344 3.754883 0.0 -1.347656 4.956055 0.0 -1.201172
2.452  0.1318359 0.0 -2.744141 1.660156 0.0 -2.055664 2.792969 0.0 -1.767578 3.754883 0.0 -1.342773 4.956055 0.0 -1.201172
2.4536  0.1318359 0.0 -2.739258 1.660156 0.0 -2.050781 2.788086 0.0 -1.762695 3.754883 0.0 -1.342773 4.960938 0.0 -1.201172
2.4552  0.1318359 0.0 -2.734375 1.660156 0.0 -2.041016 2.788086 0.0 -1.75293 3.754883 0.0 -1.337891 4.960938 0.0 -1.201172
2.4568  0.1318359 0.0 -2.729492 1.660156 0.0 -2.036133 2.788086 0.0 -1.748047 3.754883 0.0 -1.333008 4.960938 0.0 -1.196289
2.4584  0.1318359 0.0 -2.729492 1.660156 0.0 -2.026367 2.788086 0.0 -1.738281 3.754883 0.0 -1.328125 4.960938 0.0 -1.196289
2.46  0.1318359 0.0 -2.724609 1.660156 0.0 -2.016602 2.788086 0.0 -1.728516 3.754883 0.0 -1.323242 4.960938 0.0 -1.196289
2.4616  0.1318359 0.0 -2.719727 1.655273 0.0 -2.011719 2.783203 0.0 -1.723633 3.754883 0.0 -1.323242 4.960938 0.0 -1.196289
2.4632  0.1318359 0.0 -2.719727 1.655273 0.0 -2.001953 2.783203 0.0 -1.713867 3.754883 0.0 -1.318359 4.960938 0.0 -1.196289
2.4648  0.1318359 0.0 -2.714844 1.655273 0.0 -1.992188 2.783203 0.0 -1.704102 3.754883 0.0 -1.313477 4.960938 0.0 -1.196289
2.4664  0.1318359 0.0 -2.709961 1.655273 0.0 -1.987305 2.783203 0.0 -1.694336 3.754883 0.0 -1.308594 4.960938 0.0 -1.196289
2.468  0.1318359 0.0 -2.709961 1.650391 0.0 -1.977539 2.77832 0.0 -1.68457 3.754883 0.0 -1.303711 4.960938 0.0 -1.196289
2.4696  0.1318359 0.0 -2.705078 1.650391 0.0 -1.967773 2.77832 0.0 -1.679688 3.754883 0.0 -1.298828 4.960938 0.0 -1.191406
2.4712  0.1318359 0.0 -2.700195 1.650391 0.0 -1.962891 2.77832 0.0 -1.669922 3.759766 0.0 -1.293945 4.960938 0.0 -1.191406
2.4728  0.1318359 0.0 -2.695313 1.650391 0.0 -1.953125 2.773438 0.0 -1.660156 3.759766 0.0 -1.293945 4.960938 0.0 -1.191406
2.4744  0.1318359 0.0 -2.695313 1.645508 0.0 -1.943359 2.773438 0.0 -1.650391 3.759766 0.0 -1.289063 4.960938 0.0 -1.191406
2.476  0.1318359 0.0 -2.69043 1.645508 0.0 -1.933594 2.773438 0.0 -1.640625 3.759766 0.0 -1.28418 4.960938 0.0 -1.191406
2.4776  0.1269531 0.0 -2.685547 1.645508 0.0 -1.923828 2.773438 0.0 -1.630859 3.759766 0.0 -1.279297 4.960938 0.0 -1.191406
2.4792  0.1269531 0.0 -2.685547 1.640625 0.0 -1.918945 2.768555 0.0 -1.621094 3.759766 0.0 -1.274414 4.956055 0.0 -1.191406
2.4808  0.1269531 0.0 -2.680664 1.640625 0.0 -1.90918 2.768555 0.0 -1.616211 3.759766 0.0 -1.269531 4.956055 0.0 -1.186523
2.4824  0.1269531 0.0 -2.675781 1.640625 0.0 -1.899414 2.768555 0.0 -1.606445 3.759766 0.0 -1.264648 4.956055 0.0 -1.186523
2.484  0.1269531 0.0 -2.675781 1.635742 0.0 -1.889648 2.763672 0.0 -1.59668 3.759766 0.0 -1.259766 4.956055 0.0 -1.186523
2.4856  0.1269531 0.0 -2.670898 1.635742 0.0 -1.879883 2.763672 0.0 -1.586914 3.759766 0.0 -1.254883 4.956055 0.0 -1.186523
2.4872  0.1269531 0.0 -2.666016 1.635742 0.0 -1.870117 2.763672 0.0 -1.577148 3.759766 0.0 -1.25 4.956055 0.0 -1.181641
2.4888  0.1269531 0.0 -2.661133 1.630859 0.0 -1.860352 2.758789 0.0 -1.567383 3.759766 0.0 -1.240234 4.956055 0.0 -1.181641
2.4904  0.1269531 0.0 -2.661133 1.630859 0.0 -1.850586 2.758789 0.0 -1.557617 3.759766 0.0 -1.235352 4.956055 0.0 -1.181641
2.492  0.1269531 0.0 -2.65625 1.630859 0.0 -1.845703 2.758789 0.0 -1.547852 3.759766 0.0 -1.230469 4.956055 0.0 -1.181641
2.4936  0.1269531 0.0 -2.651367 1.625977 0.0 -1.835938 2.758789 0.0 -1.538086 3.759766 0.0 -1.225586 4.956055 0.0 -1.176758
2.4952  0.1269531 0.0 -2.651367 1.625977 0.0 -1.826172 2.753906 0.0 -1.52832 3.759766 0.0 -1.220703 4.956055 0.0 -1.176758
2.4968  0.1269531 0.0 -2.646484 1.625977 0.0 -1.816406 2.753906 0.0 -1.518555 3.759766 0.0 -1.210938 4.956055 0.0 -1.176758
2.4984  0.1269531 0.0 -2.641602 1.621094 0.0 -1.806641 2.753906 0.0 -1.508789 3.759766 0.0 -1.206055 4.956055 0.0 -1.171875
2.5  0.1269531 0.0 -2.636719 1.621094 0.0 -1.796875 2.753906 0.0 -1.494141 3.759766 0.0 -1.201172 4.956055 0.0 -1.171875
2.5016  0.1269531 0.0 -2.636719 1.621094 0.0 -1.787109 2.749023 0.0 -1.484375 3.759766 0.0 -1.191406 4.951172 0.0 -1.166992
2.5032  0.1269531 0.0 -2.631836 1.621094 0.0 -1.772461 2.749023 0.0 -1.474609 3.759766 0.0 -1.186523 4.951172 0.0 -1.166992
2.5048  0.1269531 0.0 -2.626953 1.616211 0.0 -1.762695 2.749023 0.0 -1.464844 3.759766 0.0 -1.176758 4.951172 0.0 -1.162109
2.5064  0.1269531 0.0 -2.62207 1.616211 0.0 -1.75293 2.749023 0.0 -1.455078 3.759766 0.0 -1.171875 4.951172 0.0 -1.162109
2.508  0.1269531 0.0 -2.62207 1.616211 0.0 -1.743164 2.744141 0.0 -1.445313 3.759766 0.0 -1.166992 4.951172 0.0 -1.157227
2.5096  0.1269531 0.0 -2.617188 1.611328 0.0 -1.733398 2.744141 0.0 -1.430664 3.759766 0.0 -1.157227 4.951172 0.0 -1.157227
2.5112  0.1269531 0.0 -2.612305 1.611328 0.0 -1.723633 2.744141 0.0 -1.420898 3.759766 0.0 -1.147461 4.951172 0.0 -1.152344
2.5128  0.1269531 0.0 -2.607422 1.611328 0.0 -1.713867 2.744141 0.0 -1.411133 3.759766 0.0 -1.142578 4.946289 0.0 -1.152344
2.5144  0.1269531 0.0 -2.602539 1.611328 0.0 -1.699219 2.744141 0.0 -1.401367 3.759766 0.0 -1.132813 4.946289 0.0 -1.147461
2.516  0.1269531 0.0 -2.602539 1.606445 0.0 -1.689453 2.739258 0.0 -1.386719 3.759766 0.0 -1.12793 4.946289 0.0 -1.142578
2.5176  0.1269531 0.0 -2.597656 1.606445 0.0 -1.679688 2.739258 0.0 -1.376953 3.759766 0.0 -1.118164 4.946289 0.0 -1.142578
2.5192  0.1269531 0.0 -2.592773 1.606445 0.0 -1.665039 2.739258 0.0 -1.367188 3.759766 0.0 -1.108398 4.946289 0.0 -1.137695
2.5208  0.1269531 0.0 -2.587891 1.601563 0.0 -1.655273 2.739258 0.0 -1.352539 3.759766 0.0 -1.103516 4.941406 0.0 -1.132813
2.5224  0.1269531 0.0 -2.583008 1.601563 0.0 -1.645508 2.739258 0.0 -1.342773 3.759766 0.0 -1.09375 4.941406 0.0 -1.12793
2.524  0.1269531 0.0 -2.578125 1.601563 0.0 -1.630859 2.734375 0.0 -1.333008 3.759766 0.0 -1.083984 4.941406 0.0 -1.12793
2.5256  0.1269531 0.0 -2.578125 1.601563 0.0 -1.621094 2.734375 0.0 -1.318359 3.759766 0.0 -1.074219 4.941406 0.0 -1.123047
2.5272  0.1220703 0.0 -2.573242 1.59668 0.0 -1.606445 2.734375 0.0 -1.308594 3.759766 0.0 -1.069336 4.936523 0.0 -1.118164
2.5288  0.1220703 0.0 -2.568359 1.59668 0.0 -1.59668 2.734375 0.0 -1.293945 3.759766 0.0 -1.05957 4.936523 0.0 -1.113281
2.5304  0.1220703 0.0 -2.563477 1.59668 0.0 -1.586914 2.729492 0.0 -1.28418 3.759766 0.0 -1.049805 4.936523 0.0 -1.108398
2.532  0.1220703 0.0 -2.558594 1.591797 0.0 -1.572266 2.729492 0.0 -1.269531 3.759766 0.0 -1.040039 4.936523 0.0 -1.103516
2.5336  0.1220703 0.0 -2.553711 1.591797 0.0 -1.557617 2.729492 0.0 -1.259766 3.759766 0.0 -1.030273 4.931641 0.0 -1.103516
2.5352  0.1220703 0.0 -2.548828 1.591797 0.0 -1.547852 2.729492 0.0 -1.245117 3.759766 0.0 -1.025391 4.931641 0.0 -1.098633
2.5368  0.1220703 0.0 -2.543945 1.586914 0.0 -1.533203 2.724609 0.0 -1.235352 3.759766 0.0 -1.015625 4.931641 0.0 -1.09375
2.5384  0.1220703 0.0 -2.539063 1.586914 0.0 -1.523438 2.724609 0.0 -1.220703 3.759766 0.0 -1.005859 4.926758 0.0 -1.088867
2.54  0.1220703 0.0 -2.539063 1.586914 0.0 -1.508789 2.724609 0.0 -1.210938 3.759766 0.0 -0.9960938 4.926758 0.0 -1.083984
2.5416  0.1171875 0.0 -2.53418 1.586914 0.0 -1.494141 2.724609 0.0 -1.196289 3.759766 0.0 -0.9863281 4.926758 0.0 -1.079102
2.5432  0.1171875 0.0 -2.529297 1.582031 0.0 -1.484375 2.724609 0.0 -1.186523 3.764648 0.0 -0.9765625 4.926758 0.0 -1.074219
2.5448  0.1171875 0.0 -2.524414 1.582031 0.0 -1.469727 2.719727 0.0 -1.171875 3.764648 0.0 -0.9667969 4.921875 0.0 -1.069336
2.5464  0.1171875 0.0 -2.519531 1.582031 0.0 -1.455078 2.719727 0.0 -1.162109 3.764648 0.0 -0.9570313 4.921875 0.0 -1.064453
2.548  0.1171875 0.0 -2.514648 1.582031 0.0 -1.44043 2.719727 0.0 -1.147461 3.764648 0.0 -0.9472656 4.921875 0.0 -1.05957
2.5496  0.1171875 0.0 -2.509766 1.577148 0.0 -1.425781 2.719727 0.0 -1.132813 3.764648 0.0 -0.9375 4.916992 0.0 -1.054688
2.5512  0.1171875 0.0 -2.504883 1.577148 0.0 -1.411133 2.719727 0.0 -1.123047 3.764648 0.0 -0.9277344 4.916992 0.0 -1.049805
2.5528  0.1123047 0.0 -2.504883 1.577148 0.0 -1.401367 2.719727 0.0 -1.108398 3.769531 0.0 -0.9179688 4.916992 0.0 -1.044922
2.5544  0.1123047 0.0 -2.5 1.577148 0.0 -1.386719 2.714844 0.0 -1.09375 3.769531 0.0 -0.9082031 4.916992 0.0 -1.040039
2.556  0.1123047 0.0 -2.495117 1.577148 0.0 -1.37207 2.714844 0.0 -1.083984 3.769531 0.0 -0.8984375 4.912109 0.0 -1.035156
2.5576  0.1123047 0.0 -2.490234 1.572266 0.0 -1.357422 2.714844 0.0 -1.069336 3.769531 0.0 -0.8886719 4.912109 0.0 -1.030273
2.5592  0.1123047 0.0 -2.485352 1.572266 0.0 -1.342773 2.714844 0.0 -1.054688 3.769531 0.0 -0.8789063 4.912109 0.0 -1.025391
2.5608  0.1123047 0.0 -2.480469 1.572266 0.0 -1.328125 2.714844 0.0 -1.044922 3.774414 0.0 -0.8691406 4.907227 0.0 -1.015625
2.5624  0.1123047 0.0 -2.475586 1.572266 0.0 -1.308594 2.714844 0.0 -1.030273 3.774414 0.0 -0.859375 4.907227 0.0 -1.010742
2.564  0.1074219 0.0 -2.475586 1.572266 0.0 -1.293945 2.714844 0.0 -1.015625 3.774414 0.0 -0.8496094 4.907227 0.0 -1.005859
2.5656  0.1074219 0.0 -2.470703 1.572266 0.0 -1.279297 2.709961 0.0 -1.005859 3.774414 0.0 -0.8398438 4.902344 0.0 -1.000977
2.5672  0.1074219 0.0 -2.46582 1.572266 0.0 -1.264648 2.709961 0.0 -0.9912109 3.774414 0.0 -0.8300781 4.902344 0.0 -0.9960938
2.5688  0.1074219 0.0 -2.460938 1.572266 0.0 -1.25 2.709961 0.0 -0.9765625 3.779297 0.0 -0.8203125 4.902344 0.0 -0.9912109
2.5704  0.1074219 0.0 -2.456055 1.572266 0.0 -1.230469 2.709961 0.0 -0.9619141 3.779297 0.0 -0.8105469 4.897461 0.0 -0.9863281
2.572  0.1074219 0.0 -2.451172 1.567383 0.0 -1.21582 2.709961 0.0 -0.9521484 3.779297 0.0 -0.8007813 4.897461 0.0 -0.9765625
2.5736  0.1025391 0.0 -2.451172 1.567383 0.0 -1.201172 2.709961 0.0 -0.9375 3.779297 0.0 -0.7910156 4.897461 0.0 -0.9716797
2.5752  0.1025391 0.0 -2.446289 1.567383 0.0 -1.181641 2.709961 0.0 -0.9228516 3.779297 0.0 -0.78125 4.892578 0.0 -0.9667969
2.5768  0.1025391 0.0 -2.441406 1.567383 0.0 -1.166992 2.705078 0.0 -0.9082031 3.779297 0.0 -0.7714844 4.892578 0.0 -0.9619141
2.5784  0.1025391 0.0 -2.436523 1.567383 0.0 -1.147461 2.705078 0.0 -0.8935547 3.779297 0.0 -0.7617188 4.887695 0.0 -0.9570313
2.58  0.1025391 0.0 -2.431641 1.567383 0.0 -1.132813 2.705078 0.0 -0.8837891 3.78418 0.0 -0.7519531 4.887695 0.0 -0.9472656
2.5816  0.1025391 0.0 -2.431641 1.567383 0.0 -1.113281 2.705078 0.0 -0.8691406 3.78418 0.0 -0.7421875 4.887695 0.0 -0.9423828
2.5832  0.09765625 0.0 -2.426758 1.567383 0.0 -1.09375 2.705078 0.0 -0.8544922 3.78418 0.0 -0.7324219 4.882813 0.0 -0.9375
2.5848  0.09765625 0.0 -2.421875 1.567383 0.0 -1.079102 2.700195 0.0 -0.8398438 3.78418 0.0 -0.7226563 4.882813 0.0 -0.9326172
2.5864  0.09765625 0.0 -2.416992 1.5625 0.0 -1.05957 2.700195 0.0 -0.8300781 3.78418 0.0 -0.7128906 4.87793 0.0 -0.9277344
2.588  0.09765625 0.0 -2.416992 1.5625 0.0 -1.040039 2.700195 0.0 -0.8154297 3.78418 0.0 -0.703125 4.873047 0.0 -0.9179688
2.5896  0.09765625 0.0 -2.412109 1.5625 0.0 -1.020508 2.700195 0.0 -0.8007813 3.78418 0.0 -0.6933594 4.873047 0.0 -0.9130859
2.5912  0.09765625 0.0 -2.407227 1.5625 0.0 -1.000977 2.695313 0.0 -0.7861328 3.78418 0.0 -0.6835938 4.868164 0.0 -0.9082031
2.5928  0.09277344 0.0 -2.402344 1.5625 0.0 -0.9863281 2.695313 0.0 -0.7714844 3.78418 0.0 -0.6738281 4.868164 0.0 -0.8984375
2.5944  0.09277344 0.0 -2.402344 1.557617 0.0 -0.9667969 2.695313 0.0 -0.7617188 3.78418 0.0 -0.6640625 4.863281 0.0 -0.8935547
2.596  0.09277344 0.0 -2.397461 1.557617 0.0 -0.9472656 2.69043 0.0 -0.7470703 3.78418 0.0 -0.6542969 4.858398 0.0 -0.8886719
2.5976  0.09277344 0.0 -2.392578 1.557617 0.0 -0.9277344 2.69043 0.0 -0.7324219 3.78418 0.0 -0.6445313 4.858398 0.0 -0.8789063
2.5992  0.09277344 0.0 -2.387695 1.557617 0.0 -0.9082031 2.69043 0.0 -0.7177734 3.779297 0.0 -0.6347656 4.853516 0.0 -0.8740234
2.6008  0.08789063 0.0 -2.387695 1.552734 0.0 -0.8886719 2.685547 0.0 -0.703125 3.779297 0.0 -0.625 4.848633 0.0 -0.8691406
2.6024  0.08789063 0.0 -2.382813 1.552734 0.0 -0.8642578 2.685547 0.0 -0.6933594 3.779297 0.0 -0.6103516 4.84375 0.0 -0.859375
2.604  0.08789063 0.0 -2.37793 1.552734 0.0 -0.8447266 2.680664 0.0 -0.6787109 3.779297 0.0 -0.6005859 4.838867 0.0 -0.8544922
2.6056  0.08789063 0.0 -2.373047 1.547852 0.0 -0.8251953 2.680664 0.0 -0.6640625 3.779297 0.0 -0.5908203 4.833984 0.0 -0.8447266
2.6072  0.08789063 0.0 -2.373047 1.547852 0.0 -0.8056641 2.675781 0.0 -0.6494141 3.774414 0.0 -0.5810547 4.829102 0.0 -0.8398438
2.6088  0.08789063 0.0 -2.368164 1.547852 0.0 -0.7861328 2.675781 0.0 -0.6396484 3.774414 0.0 -0.5712891 4.824219 0.0 -0.8349609
2.6104  0.08789063 0.0 -2.363281 1.542969 0.0 -0.7666016 2.670898 0.0 -0.625 3.774414 0.0 -0.5615234 4.819336 0.0 -0.8251953
2.612  0.08300781 0.0 -2.363281 1.542969 0.0 -0.7470703 2.666016 0.0 -0.6103516 3.769531 0.0 -0.546875 4.814453 0.0 -0.8203125
2.6136  0.08300781 0.0 -2.358398 1.538086 0.0 -0.7226563 2.666016 0.0 -0.5957031 3.769531 0.0 -0.5371094 4.80957 0.0 -0.8105469
2.6152  0.08300781 0.0 -2.353516 1.538086 0.0 -0.703125 2.661133 0.0 -0.5859375 3.764648 0.0 -0.5273438 4.804688 0.0 -0.8007813
2.6168  0.08300781 0.0 -2.348633 1.533203 0.0 -0.6835938 2.65625 0.0 -0.5712891 3.764648 0.0 -0.5175781 4.799805 0.0 -0.7958984
2.6184  0.08300781 0.0 -2.348633 1.533203 0.0 -0.6640625 2.651367 0.0 -0.5566406 3.759766 0.0 -0.5078125 4.794922 0.0 -0.7861328
2.62  0.08300781 0.0 -2.34375 1.52832 0.0 -0.6445313 2.646484 0.0 -0.546875 3.759766 0.0 -0.4931641 4.785156 0.0 -0.78125
2.6216  0.08300781 0.0 -2.338867 1.52832 0.0 -0.625 2.641602 0.0 -0.5322266 3.754883 0.0 -0.4833984 4.780273 0.0 -0.7714844
2.6232  0.08300781 0.0 -2.338867 1.523438 0.0 -0.6054688 2.636719 0.0 -0.5175781 3.75 0.0 -0.4736328 4.775391 0.0 -0.7666016
2.6248  0.078125 0.0 -2.333984 1.523438 0.0 -0.5859375 2.631836 0.0 -0.5078125 3.75 0.0 -0.4638672 4.765625 0.0 -0.7568359
2.6264  0.078125 0.0 -2.329102 1.518555 0.0 -0.5664063 2.626953 0.0 -0.4931641 3.745117 0.0 -0.4541016 4.760742 0.0 -0.7470703
2.628  0.078125 0.0 -2.329102 1.518555 0.0 -0.546875 2.62207 0.0 -0.4833984 3.740234 0.0 -0.4394531 4.750977 0.0 -0.7421875
2.6296  0.078125 0.0 -2.324219 1.513672 0.0 -0.5322266 2.617188 0.0 -0.46875 3.735352 0.0 -0.4296875 4.746094 0.0 -0.7324219
2.6312  0.078125 0.0 -2.319336 1.513672 0.0 -0.5126953 2.612305 0.0 -0.4589844 3.730469 0.0 -0.4199219 4.741211 0.0 -0.7226563
2.6328  0.078125 0.0 -2.319336 1.508789 0.0 -0.4980469 2.607422 0.0 -0.4443359 3.730469 0.0 -0.4101563 4.731445 0.0 -0.7177734
2.6344  0.078125 0.0 -2.314453 1.503906 0.0 -0.4785156 2.602539 0.0 -0.4345703 3.725586 0.0 -0.4003906 4.726563 0.0 -0.7080078
2.636  0.078125 0.0 -2.314453 1.503906 0.0 -0.4638672 2.592773 0.0 -0.4248047 3.720703 0.0 -0.390625 4.716797 0.0 -0.6982422
2.6376  0.078125 0.0 -2.30957 1.499023 0.0 -0.4492188 2.587891 0.0 -0.4101563 3.71582 0.0 -0.3808594 4.711914 0.0 -0.6933594
2.6392  0.078125 0.0 -2.304688 1.494141 0.0 -0.4345703 2.583008 0.0 -0.4003906 3.710938 0.0 -0.3710938 4.702148 0.0 -0.6835938
2.6408  0.07324219 0.0 -2.304688 1.494141 0.0 -0.4199219 2.578125 0.0 -0.390625 3.706055 0.0 -0.3613281 4.697266 0.0 -0.6738281
2.6424  0.07324219 0.0 -2.299805 1.489258 0.0 -0.4052734 2.568359 0.0 -0.3808594 3.701172 0.0 -0.3515625 4.6875 0.0 -0.6689453
2.644  0.07324219 0.0 -2.294922 1.489258 0.0 -0.3955078 2.563477 0.0 -0.3710938 3.696289 0.0 -0.3417969 4.682617 0.0 -0.6591797
2.6456  0.07324219 0.0 -2.294922 1.484375 0.0 -0.3857422 2.558594 0.0 -0.3613281 3.686523 0.0 -0.3320313 4.672852 0.0 -0.6542969
2.6472  0.07324219 0.0 -2.290039 1.479492 0.0 -0.3710938 2.548828 0.0 -0.3515625 3.681641 0.0 -0.3222656 4.667969 0.0 -0.6445313
2.6488  0.07324219 0.0 -2.290039 1.479492 0.0 -0.3613281 2.543945 0.0 -0.3417969 3.676758 0.0 -0.3125 4.663086 0.0 -0.6347656
2.6504  0.07324219 0.0 -2.285156 1.474609 0.0 -0.3515625 2.539063 0.0 -0.3320313 3.671875 0.0 -0.3027344 4.65332 0.0 -0.6298828
2.652  0.07324219 0.0 -2.280273 1.469727 0.0 -0.3417969 2.529297 0.0 -0.3271484 3.666992 0.0 -0.2929688 4.648438 0.0 -0.6201172
2.6536  0.07324219 0.0 -2.280273 1.469727 0.0 -0.3369141 2.524414 0.0 -0.3173828 3.662109 0.0 -0.2880859 4.638672 0.0 -0.6152344
2.6552  0.06835938 0.0 -2.275391 1.464844 0.0 -0.3271484 2.514648 0.0 -0.3076172 3.657227 0.0 -0.2783203 4.633789 0.0 -0.6054688
2.6568  0.06835938 0.0 -2.275391 1.464844 0.0 -0.3222656 2.509766 0.0 -0.3027344 3.652344 0.0 -0.2685547 4.628906 0.0 -0.5957031
2.6584  0.06835938 0.0 -2.270508 1.459961 0.0 -0.3125 2.504883 0.0 -0.2929688 3.647461 0.0 -0.2587891 4.619141 0.0 -0.5908203
2.66  0.06835938 0.0 -2.270508 1.455078 0.0 -0.3076172 2.495117 0.0 -0.2880859 3.642578 0.0 -0.2539063 4.614258 0.0 -0.5810547
2.6616  0.06835938 0.0 -2.265625 1.455078 0.0 -0.3027344 2.490234 0.0 -0.2783203 3.637695 0.0 -0.2441406 4.609375 0.0 -0.5761719
2.6632  0.06835938 0.0 -2.265625 1.450195 0.0 -0.2978516 2.485352 0.0 -0.2734375 3.632813 0.0 -0.234375 4.604492 0.0 -0.5664063
2.6648  0.06835938 0.0 -2.260742 1.450195 0.0 -0.2929688 2.480469 0.0 -0.2685547 3.62793 0.0 -0.2294922 4.599609 0.0 -0.5615234
2.6664  0.06835938 0.0 -2.260742 1.445313 0.0 -0.2929688 2.470703 0.0 -0.2587891 3.623047 0.0 -0.2197266 4.594727 0.0 -0.5517578
2.668  0.06835938 0.0 -2.255859 1.445313 0.0 -0.2880859 2.46582 0.0 -0.2539063 3.618164 0.0 -0.2148438 4.589844 0.0 -0.5419922
2.6696  0.06835938 0.0 -2.255859 1.44043 0.0 -0.2832031 2.460938 0.0 -0.2490234 3.613281 0.0 -0.2050781 4.584961 0.0 -0.5371094
2.6712  0.06347656 0.0 -2.250977 1.44043 0.0 -0.2832031 2.456055 0.0 -0.2441406 3.608398 0.0 -0.1953125 4.580078 0.0 -0.5273438
2.6728  0.06347656 0.0 -2.250977 1.435547 0.0 -0.2832031 2.451172 0.0 -0.2392578 3.608398 0.0 -0.1904297 4.575195 0.0 -0.5224609
2.6744  0.06347656 0.0 -2.246094 1.435547 0.0 -0.2783203 2.441406 0.0 -0.234375 3.603516 0.0 -0.1806641 4.570313 0.0 -0.5126953
2.676  0.06347656 0.0 -2.246094 1.435547 0.0 -0.2783203 2.436523 0.0 -0.2294922 3.598633 0.0 -0.1757813 4.56543 0.0 -0.5078125
2.6776  0.06347656 0.0 -2.241211 1.430664 0.0 -0.2783203 2.431641 0.0 -0.2246094 3.59375 0.0 -0.1708984 4.56543 0.0 -0.4980469
2.6792  0.06347656 0.0 -2.241211 1.430664 0.0 -0.2734375 2.426758 0.0 -0.2197266 3.59375 0.0 -0.1611328 4.560547 0.0 -0.4931641
2.6808  0.06347656 0.0 -2.241211 1.430664 0.0 -0.2734375 2.421875 0.0 -0.2197266 3.588867 0.0 -0.15625 4.555664 0.0 -0.4833984
2.6824  0.06347656 0.0 -2.236328 1.425781 0.0 -0.2734375 2.416992 0.0 -0.2148438 3.588867 0.0 -0.1464844 4.555664 0.0 -0.4785156
2.684  0.06835938 0.0 -2.236328 1.425781 0.0 -0.2734375 2.412109 0.0 -0.2099609 3.583984 0.0 -0.1416016 4.550781 0.0 -0.4736328
2.6856  0.06835938 0.0 -2.236328 1.425781 0.0 -0.2734375 2.407227 0.0 -0.2050781 3.583984 0.0 -0.1367188 4.545898 0.0 -0.4638672
2.6872  0.06835938 0.0 -2.231445 1.425781 0.0 -0.2734375 2.402344 0.0 -0.2001953 3.579102 0.0 -0.1269531 4.545898 0.0 -0.4589844
2.6888  0.06835938 0.0 -2.231445 1.420898 0.0 -0.2734375 2.397461 0.0 -0.2001953 3.579102 0.0 -0.1220703 4.541016 0.0 -0.4492188
2.6904  0.06835938 0.0 -2.231445 1.420898 0.0 -0.2734375 2.392578 0.0 -0.1953125 3.574219 0.0 -0.1171875 4.541016 0.0 -0.4443359
2.692  0.06835938 0.0 -2.231445 1.420898 0.0 -0.2783203 2.387695 0.0 -0.1953125 3.574219 0.0 -0.1123047 4.536133 0.0 -0.4394531
2.6936  0.06835938 0.0 -2.231445 1.420898 0.0 -0.2783203 2.382813 0.0 -0.1904297 3.574219 0.0 -0.1074219 4.536133 0.0 -0.4296875
2.6952  0.06835938 0.0 -2.226563 1.420898 0.0 -0.2783203 2.382813 0.0 -0.1855469 3.569336 0.0 -0.09765625 4.53125 0.0 -0.4248047
2.6968  0.06835938 0.0 -2.226563 1.420898 0.0 -0.2783203 2.37793 0.0 -0.1855469 3.569336 0.0 -0.09277344 4.53125 0.0 -0.4150391
2.6984  0.06835938 0.0 -2.226563 1.416016 0.0 -0.2783203 2.373047 0.0 -0.1806641 3.564453 0.0 -0.08789063 4.526367 0.0 -0.4101563
2.7  0.06835938 0.0 -2.226563 1.416016 0.0 -0.2783203 2.368164 0.0 -0.1806641 3.564453 0.0 -0.08300781 4.526367 0.0 -0.4052734
2.7016  0.06835938 0.0 -2.226563 1.416016 0.0 -0.2832031 2.363281 0.0 -0.1757813 3.55957 0.0 -0.078125 4.526367 0.0 -0.3955078
2.7032  0.07324219 0.0 -2.226563 1.416016 0.0 -0.2832031 2.358398 0.0 -0.1757813 3.55957 0.0 -0.07324219 4.521484 0.0 -0.390625
2.7048  0.07324219 0.0 -2.226563 1.416016 0.0 -0.2832031 2.353516 0.0 -0.1708984 3.554688 0.0 -0.06835938 4.521484 0.0 -0.3857422
2.7064  0.07324219 0.0 -2.226563 1.411133 0.0 -0.2832031 2.348633 0.0 -0.1708984 3.554688 0.0 -0.05859375 4.516602 0.0 -0.3759766
2.708  0.07324219 0.0 -2.226563 1.411133 0.0 -0.2832031 2.34375 0.0 -0.1660156 3.554688 0.0 -0.05371094 4.516602 0.0 -0.3710938
2.7096  0.07324219 0.0 -2.226563 1.411133 0.0 -0.2880859 2.338867 0.0 -0.1660156 3.549805 0.0 -0.04882813 4.511719 0.0 -0.3662109
2.7112  0.07324219 0.0 -2.226563 1.411133 0.0 -0.2880859 2.338867 0.0 -0.1611328 3.544922 0.0 -0.04394531 4.511719 0.0 -0.3564453
2.7128  0.07324219 0.0 -2.226563 1.411133 0.0 -0.2880859 2.333984 0.0 -0.1611328 3.544922 0.0 -0.0390625 4.506836 0.0 -0.3515625
2.7144  0.07324219 0.0 -2.226563 1.40625 0.0 -0.2929688 2.329102 0.0 -0.15625 3.540039 0.0 -0.03417969 4.506836 0.0 -0.3466797
2.716  0.07324219 0.0 -2.226563 1.40625 0.0 -0.2929688 2.324219 0.0 -0.15625 3.540039 0.0 -0.02929688 4.501953 0.0 -0.3369141
2.7176  0.07324219 0.0 -2.226563 1.40625 0.0 -0.2929688 2.319336 0.0 -0.1513672 3.535156 0.0 -0.02441406 4.501953 0.0 -0.3320313
2.7192  0.07324219 0.0 -2.226563 1.40625 0.0 -0.2929688 2.314453 0.0 -0.1513672 3.530273 0.0 -0.01953125 4.49707 0.0 -0.3222656
2.7208  0.078125 0.0 -2.231445 1.401367 0.0 -0.2978516 2.30957 0.0 -0.1464844 3.530273 0.0 -0.01464844 4.49707 0.0 -0.3173828
2.7224  0.078125 0.0 -2.231445 1.401367 0.0 -0.2978516 2.304688 0.0 -0.1464844 3.525391 0.0 -0.009765625 4.492188 0.0 -0.3076172
2.724  0.078125 0.0 -2.231445 1.401367 0.0 -0.3027344 2.299805 0.0 -0.1464844 3.520508 0.0 -0.004882813 4.492188 0.0 -0.3027344
2.7256  0.078125 0.0 -2.231445 1.396484 0.0 -0.3027344 2.294922 0.0 -0.1416016 3.520508 0.0 0.0 4.487305 0.0 -0.2978516
2.7272  0.078125 0.0 -2.231445 1.396484 0.0 -0.3027344 2.290039 0.0 -0.1416016 3.515625 0.0 0.004882813 4.482422 0.0 -0.2880859
2.7288  0.078125 0.0 -2.236328 1.396484 0.0 -0.3076172 2.285156 0.0 -0.1416016 3.510742 0.0 0.01464844 4.482422 0.0 -0.2832031
2.7304  0.078125 0.0 -2.236328 1.391602 0.0 -0.3076172 2.280273 0.0 -0.1367188 3.505859 0.0 0.01953125 4.477539 0.0 -0.2734375
2.732  0.08300781 0.0 -2.236328 1.391602 0.0 -0.3125 2.275391 0.0 -0.1367188 3.500977 0.0 0.02441406 4.472656 0.0 -0.2636719
2.7336  0.08300781 0.0 -2.236328 1.386719 0.0 -0.3125 2.265625 0.0 -0.1367188 3.496094 0.0 0.02929688 4.472656 0.0 -0.2587891
2.7352  0.08300781 0.0 -2.241211 1.386719 0.0 -0.3173828 2.260742 0.0 -0.1318359 3.496094 0.0 0.03417969 4.467773 0.0 -0.2490234
2.7368  0.08300781 0.0 -2.241211 1.381836 0.0 -0.3222656 2.255859 0.0 -0.1318359 3.491211 0.0 0.0390625 4.462891 0.0 -0.2441406
2.7384  0.08300781 0.0 -2.241211 1.381836 0.0 -0.3222656 2.250977 0.0 -0.1318359 3.486328 0.0 0.04394531 4.462891 0.0 -0.234375
2.74  0.08300781 0.0 -2.246094 1.376953 0.0 -0.3271484 2.246094 0.0 -0.1318359 3.481445 0.0 0.04882813 4.458008 0.0 -0.2246094
2.7416  0.08789063 0.0 -2.246094 1.376953 0.0 -0.3320313 2.236328 0.0 -0.1269531 3.476563 0.0 0.05859375 4.453125 0.0 -0.2197266
2.7432  0.08789063 0.0 -2.246094 1.37207 0.0 -0.3369141 2.231445 0.0 -0.1269531 3.47168 0.0 0.06347656 4.448242 0.0 -0.2099609
2.7448  0.08789063 0.0 -2.250977 1.367188 0.0 -0.3417969 2.226563 0.0 -0.1269531 3.466797 0.0 0.06835938 4.443359 0.0 -0.2001953
2.7464  0.08789063 0.0 -2.250977 1.367188 0.0 -0.3466797 2.216797 0.0 -0.1269531 3.457031 0.0 0.07324219 4.443359 0.0 -0.1904297
2.748  0.08789063 0.0 -2.255859 1.362305 0.0 -0.3515625 2.211914 0.0 -0.1269531 3.452148 0.0 0.08300781 4.438477 0.0 -0.1806641
2.7496  0.08789063 0.0 -2.255859 1.357422 0.0 -0.3613281 2.202148 0.0 -0.1269531 3.447266 0.0 0.08789063 4.433594 0.0 -0.1708984
2.7512  0.09277344 0.0 -2.260742 1.352539 0.0 -0.3662109 2.197266 0.0 -0.1269531 3.442383 0.0 0.09277344 4.428711 0.0 -0.1611328
2.7528  0.09277344 0.0 -2.260742 1.347656 0.0 -0.3710938 2.1875 0.0 -0.1220703 3.4375 0.0 0.09765625 4.423828 0.0 -0.15625
2.7544  0.09277344 0.0 -2.265625 1.342773 0.0 -0.3808594 2.177734 0.0 -0.1220703 3.427734 0.0 0.1074219 4.418945 0.0 -0.1464844
2.756  0.09277344 0.0 -2.265625 1.337891 0.0 -0.390625 2.172852 0.0 -0.1269531 3.422852 0.0 0.1123047 4.414063 0.0 -0.1318359
2.7576  0.09277344 0.0 -2.270508 1.328125 0.0 -0.4003906 2.163086 0.0 -0.1269531 3.417969 0.0 0.1171875 4.40918 0.0 -0.1220703
2.7592  0.09277344 0.0 -2.270508 1.323242 0.0 -0.4101563 2.15332 0.0 -0.1269531 3.408203 0.0 0.1269531 4.404297 0.0 -0.1123047
2.7608  0.09277344 0.0 -2.275391 1.318359 0.0 -0.4199219 2.143555 0.0 -0.1269531 3.40332 0.0 0.1318359 4.399414 0.0 -0.1025391
2.7624  0.09765625 0.0 -2.280273 1.308594 0.0 -0.4345703 2.138672 0.0 -0.1269531 3.398438 0.0 0.1367188 4.394531 0.0 -0.09277344
2.764  0.09765625 0.0 -2.285156 1.298828 0.0 -0.4443359 2.128906 0.0 -0.1269531 3.388672 0.0 0.1464844 4.389648 0.0 -0.08300781
2.7656  0.09765625 0.0 -2.285156 1.293945 0.0 -0.4589844 2.119141 0.0 -0.1318359 3.378906 0.0 0.1513672 4.384766 0.0 -0.07324219
2.7672  0.09765625 0.0 -2.290039 1.28418 0.0 -0.4736328 2.109375 0.0 -0.1318359 3.374023 0.0 0.1611328 4.379883 0.0 -0.05859375
2.7688  0.09765625 0.0 -2.294922 1.274414 0.0 -0.4882813 2.099609 0.0 -0.1367188 3.364258 0.0 0.1660156 4.375 0.0 -0.04882813
2.7704  0.1025391 0.0 -2.299805 1.264648 0.0 -0.5078125 2.089844 0.0 -0.1367188 3.359375 0.0 0.1708984 4.370117 0.0 -0.0390625
2.772  0.1025391 0.0 -2.304688 1.254883 0.0 -0.5224609 2.080078 0.0 -0.1416016 3.349609 0.0 0.1806641 4.365234 0.0 -0.02929688
2.7736  0.1025391 0.0 -2.30957 1.245117 0.0 -0.5419922 2.070313 0.0 -0.1416016 3.339844 0.0 0.1855469 4.360352 0.0 -0.01464844
2.7752  0.1074219 0.0 -2.314453 1.235352 0.0 -0.5615234 2.060547 0.0 -0.1464844 3.334961 0.0 0.1904297 4.355469 0.0 -0.004882813
2.7768  0.1074219 0.0 -2.319336 1.225586 0.0 -0.5810547 2.050781 0.0 -0.1464844 3.325195 0.0 0.2001953 4.350586 0.0 0.004882813
2.7784  0.1074219 0.0 -2.324219 1.21582 0.0 -0.6005859 2.041016 0.0 -0.1513672 3.31543 0.0 0.2050781 4.345703 0.0 0.01953125
2.78  0.1123047 0.0 -2.333984 1.206055 0.0 -0.625 2.026367 0.0 -0.15625 3.305664 0.0 0.2099609 4.34082 0.0 0.02929688
2.7816  0.1123047 0.0 -2.338867 1.196289 0.0 -0.6494141 2.016602 0.0 -0.1611328 3.295898 0.0 0.2197266 4.335938 0.0 0.0390625
2.7832  0.1123047 0.0 -2.34375 1.186523 0.0 -0.6689453 2.006836 0.0 -0.1660156 3.291016 0.0 0.2246094 4.331055 0.0 0.05371094
2.7848  0.1171875 0.0 -2.353516 1.176758 0.0 -0.6982422 1.99707 0.0 -0.1708984 3.28125 0.0 0.2294922 4.326172 0.0 0.06347656
2.7864  0.1171875 0.0 -2.358398 1.166992 0.0 -0.7226563 1.987305 0.0 -0.1757813 3.271484 0.0 0.2392578 4.321289 0.0 0.07324219
2.788  0.1171875 0.0 -2.363281 1.157227 0.0 -0.7470703 1.977539 0.0 -0.1806641 3.261719 0.0 0.2441406 4.316406 0.0 0.08300781
2.7896  0.1220703 0.0 -2.373047 1.147461 0.0 -0.7714844 1.967773 0.0 -0.1855469 3.256836 0.0 0.2490234 4.311523 0.0 0.09765625
2.7912  0.1220703 0.0 -2.37793 1.137695 0.0 -0.8007813 1.958008 0.0 -0.1904297 3.24707 0.0 0.2539063 4.306641 0.0 0.1074219
2.7928  0.1269531 0.0 -2.387695 1.132813 0.0 -0.8251953 1.948242 0.0 -0.1953125 3.237305 0.0 0.2587891 4.301758 0.0 0.1171875
2.7944  0.1269531 0.0 -2.392578 1.123047 0.0 -0.8544922 1.938477 0.0 -0.2001953 3.227539 0.0 0.2636719 4.301758 0.0 0.1269531
2.796  0.1318359 0.0 -2.402344 1.118164 0.0 -0.8789063 1.933594 0.0 -0.2050781 3.217773 0.0 0.2685547 4.296875 0.0 0.1416016
2.7976  0.1318359 0.0 -2.407227 1.108398 0.0 -0.9082031 1.923828 0.0 -0.2148438 3.212891 0.0 0.2734375 4.291992 0.0 0.1513672
2.7992  0.1367188 0.0 -2.416992 1.103516 0.0 -0.9326172 1.914063 0.0 -0.2197266 3.203125 0.0 0.2783203 4.287109 0.0 0.1611328
2.8008  0.1367188 0.0 -2.426758 1.098633 0.0 -0.9619141 1.904297 0.0 -0.2246094 3.193359 0.0 0.2832031 4.282227 0.0 0.1708984
2.8024  0.1416016 0.0 -2.431641 1.09375 0.0 -0.9863281 1.894531 0.0 -0.234375 3.183594 0.0 0.2880859 4.277344 0.0 0.1806641
2.804  0.1416016 0.0 -2.441406 1.088867 0.0 -1.015625 1.884766 0.0 -0.2392578 3.178711 0.0 0.2929688 4.272461 0.0 0.1904297
2.8056  0.1464844 0.0 -2.446289 1.083984 0.0 -1.040039 1.879883 0.0 -0.2441406 3.168945 0.0 0.2978516 4.272461 0.0 0.2001953
2.8072  0.1464844 0.0 -2.456055 1.083984 0.0 -1.064453 1.870117 0.0 -0.2490234 3.15918 0.0 0.3027344 4.267578 0.0 0.2099609
2.8088  0.1513672 0.0 -2.460938 1.079102 0.0 -1.088867 1.860352 0.0 -0.2587891 3.154297 0.0 0.3076172 4.262695 0.0 0.2197266
2.8104  0.1513672 0.0 -2.470703 1.079102 0.0 -1.113281 1.855469 0.0 -0.2636719 3.144531 0.0 0.3125 4.257813 0.0 0.2294922
2.812  0.1513672 0.0 -2.480469 1.074219 0.0 -1.137695 1.845703 0.0 -0.2685547 3.134766 0.0 0.3125 4.25293 0.0 0.2392578
2.8136  0.15625 0.0 -2.485352 1.074219 0.0 -1.162109 1.84082 0.0 -0.2783203 3.129883 0.0 0.3173828 4.25293 0.0 0.2490234
2.8152  0.15625 0.0 -2.490234 1.074219 0.0 -1.186523 1.831055 0.0 -0.2832031 3.120117 0.0 0.3222656 4.248047 0.0 0.2539063
2.8168  0.1611328 0.0 -2.5 1.074219 0.0 -1.206055 1.826172 0.0 -0.2880859 3.110352 0.0 0.3222656 4.243164 0.0 0.2636719
2.8184  0.1611328 0.0 -2.504883 1.074219 0.0 -1.230469 1.816406 0.0 -0.2929688 3.105469 0.0 0.3271484 4.238281 0.0 0.2734375
2.82  0.1611328 0.0 -2.514648 1.074219 0.0 -1.25 1.811523 0.0 -0.2978516 3.095703 0.0 0.3320313 4.238281 0.0 0.2832031
2.8216  0.1660156 0.0 -2.519531 1.074219 0.0 -1.269531 1.801758 0.0 -0.3027344 3.085938 0.0 0.3369141 4.233398 0.0 0.2880859
2.8232  0.1660156 0.0 -2.524414 1.074219 0.0 -1.289063 1.796875 0.0 -0.3125 3.081055 0.0 0.3369141 4.228516 0.0 0.2978516
2.8248  0.1660156 0.0 -2.529297 1.074219 0.0 -1.308594 1.791992 0.0 -0.3173828 3.071289 0.0 0.3417969 4.223633 0.0 0.3076172
2.8264  0.1708984 0.0 -2.539063 1.079102 0.0 -1.323242 1.782227 0.0 -0.3222656 3.061523 0.0 0.3417969 4.223633 0.0 0.3125
2.828  0.1708984 0.0 -2.543945 1.079102 0.0 -1.342773 1.777344 0.0 -0.3271484 3.056641 0.0 0.3466797 4.21875 0.0 0.3222656
2.8296  0.1708984 0.0 -2.548828 1.079102 0.0 -1.357422 1.772461 0.0 -0.3271484 3.046875 0.0 0.3515625 4.213867 0.0 0.3271484
2.8312  0.1708984 0.0 -2.553711 1.083984 0.0 -1.37207 1.762695 0.0 -0.3320313 3.041992 0.0 0.3515625 4.208984 0.0 0.3369141
2.8328  0.1757813 0.0 -2.558594 1.083984 0.0 -1.386719 1.757813 0.0 -0.3369141 3.032227 0.0 0.3564453 4.208984 0.0 0.3466797
2.8344  0.1757813 0.0 -2.563477 1.083984 0.0 -1.401367 1.75293 0.0 -0.3417969 3.027344 0.0 0.3613281 4.204102 0.0 0.3515625
2.836  0.1757813 0.0 -2.568359 1.088867 0.0 -1.416016 1.748047 0.0 -0.3466797 3.017578 0.0 0.3613281 4.199219 0.0 0.3613281
2.8376  0.1757813 0.0 -2.573242 1.088867 0.0 -1.430664 1.743164 0.0 -0.3466797 3.012695 0.0 0.3662109 4.194336 0.0 0.3662109
2.8392  0.1757813 0.0 -2.578125 1.09375 0.0 -1.44043 1.738281 0.0 -0.3515625 3.00293 0.0 0.3710938 4.194336 0.0 0.3759766
2.8408  0.1757813 0.0 -2.583008 1.09375 0.0 -1.455078 1.728516 0.0 -0.3515625 2.998047 0.0 0.3710938 4.189453 0.0 0.3808594
2.8424  0.1757813 0.0 -2.583008 1.09375 0.0 -1.464844 1.723633 0.0 -0.3564453 2.988281 0.0 0.3759766 4.18457 0.0 0.390625
2.844  0.1806641 0.0 -2.587891 1.098633 0.0 -1.474609 1.71875 0.0 -0.3564453 2.983398 0.0 0.3759766 4.18457 0.0 0.3955078
2.8456  0.1806641 0.0 -2.592773 1.098633 0.0 -1.484375 1.713867 0.0 -0.3613281 2.978516 0.0 0.3808594 4.179688 0.0 0.4003906
2.8472  0.1806641 0.0 -2.597656 1.103516 0.0 -1.494141 1.708984 0.0 -0.3613281 2.96875 0.0 0.3857422 4.174805 0.0 0.4101563
2.8488  0.1806641 0.0 -2.597656 1.103516 0.0 -1.503906 1.704102 0.0 -0.3613281 2.963867 0.0 0.3857422 4.174805 0.0 0.4150391
2.8504  0.1806641 0.0 -2.602539 1.103516 0.0 -1.513672 1.699219 0.0 -0.3613281 2.958984 0.0 0.390625 4.169922 0.0 0.4199219
2.852  0.1806641 0.0 -2.602539 1.108398 0.0 -1.518555 1.699219 0.0 -0.3613281 2.954102 0.0 0.3955078 4.169922 0.0 0.4296875
2.8536  0.1806641 0.0 -2.607422 1.108398 0.0 -1.52832 1.694336 0.0 -0.3662109 2.949219 0.0 0.3955078 4.165039 0.0 0.4345703
2.8552  0.1806641 0.0 -2.607422 1.108398 0.0 -1.533203 1.689453 0.0 -0.3662109 2.939453 0.0 0.4003906 4.160156 0.0 0.4394531
2.8568  0.1806641 0.0 -2.612305 1.113281 0.0 -1.542969 1.68457 0.0 -0.3662109 2.93457 0.0 0.4052734 4.160156 0.0 0.4443359
2.8584  0.1806641 0.0 -2.612305 1.113281 0.0 -1.547852 1.679688 0.0 -0.3662109 2.929688 0.0 0.4052734 4.155273 0.0 0.4492188
2.86  0.1806641 0.0 -2.617188 1.113281 0.0 -1.552734 1.674805 0.0 -0.3662109 2.924805 0.0 0.4101563 4.155273 0.0 0.4541016
2.8616  0.1806641 0.0 -2.617188 1.113281 0.0 -1.557617 1.674805 0.0 -0.3662109 2.919922 0.0 0.4150391 4.150391 0.0 0.4589844
2.8632  0.1806641 0.0 -2.62207 1.113281 0.0 -1.5625 1.669922 0.0 -0.3662109 2.915039 0.0 0.4150391 4.150391 0.0 0.4638672
2.8648  0.1806641 0.0 -2.62207 1.118164 0.0 -1.567383 1.665039 0.0 -0.3613281 2.910156 0.0 0.4199219 4.150391 0.0 0.46875
2.8664  0.1757813 0.0 -2.62207 1.118164 0.0 -1.572266 1.665039 0.0 -0.3613281 2.905273 0.0 0.4199219 4.145508 0.0 0.4736328
2.868  0.1757813 0.0 -2.626953 1.118164 0.0 -1.577148 1.660156 0.0 -0.3613281 2.900391 0.0 0.4248047 4.145508 0.0 0.4785156
2.8696  0.1757813 0.0 -2.626953 1.118164 0.0 -1.582031 1.655273 0.0 -0.3613281 2.900391 0.0 0.4296875 4.140625 0.0 0.4833984
2.8712  0.1757813 0.0 -2.626953 1.118164 0.0 -1.582031 1.655273 0.0 -0.3613281 2.895508 0.0 0.4296875 4.140625 0.0 0.4833984
2.8728  0.1757813 0.0 -2.626953 1.118164 0.0 -1.586914 1.650391 0.0 -0.3564453 2.890625 0.0 0.4345703 4.140625 0.0 0.4882813
2.8744  0.1757813 0.0 -2.631836 1.118164 0.0 -1.586914 1.650391 0.0 -0.3564453 2.885742 0.0 0.4394531 4.135742 0.0 0.4931641
2.876  0.1757813 0.0 -2.631836 1.123047 0.0 -1.591797 1.645508 0.0 -0.3564453 2.880859 0.0 0.4394531 4.135742 0.0 0.4931641
2.8776  0.1757813 0.0 -2.631836 1.123047 0.0 -1.591797 1.645508 0.0 -0.3515625 2.880859 0.0 0.4443359 4.135742 0.0 0.4980469
2.8792  0.1708984 0.0 -2.631836 1.123047 0.0 -1.59668 1.640625 0.0 -0.3515625 2.875977 0.0 0.4443359 4.130859 0.0 0.4980469
2.8808  0.1708984 0.0 -2.631836 1.123047 0.0 -1.59668 1.640625 0.0 -0.3515625 2.875977 0.0 0.4492188 4.130859 0.0 0.5029297
2.8824  0.1708984 0.0 -2.631836 1.123047 0.0 -1.59668 1.635742 0.0 -0.3466797 2.871094 0.0 0.4492188 4.130859 0.0 0.5029297
2.884  0.1708984 0.0 -2.636719 1.123047 0.0 -1.59668 1.635742 0.0 -0.3466797 2.866211 0.0 0.4541016 4.130859 0.0 0.5078125
2.8856  0.1708984 0.0 -2.636719 1.123047 0.0 -1.59668 1.635742 0.0 -0.3417969 2.866211 0.0 0.4589844 4.125977 0.0 0.5078125
2.8872  0.1708984 0.0 -2.636719 1.123047 0.0 -1.601563 1.630859 0.0 -0.3417969 2.866211 0.0 0.4589844 4.125977 0.0 0.5078125
2.8888  0.1660156 0.0 -2.636719 1.123047 0.0 -1.601563 1.630859 0.0 -0.3369141 2.861328 0.0 0.4638672 4.125977 0.0 0.5126953
2.8904  0.1660156 0.0 -2.636719 1.123047 0.0 -1.601563 1.630859 0.0 -0.3369141 2.861328 0.0 0.4638672 4.125977 0.0 0.5126953
2.892  0.1660156 0.0 -2.636719 1.123047 0.0 -1.601563 1.625977 0.0 -0.3320313 2.856445 0.0 0.46875 4.125977 0.0 0.5126953
2.8936  0.1660156 0.0 -2.636719 1.123047 0.0 -1.601563 1.625977 0.0 -0.3320313 2.856445 0.0 0.46875 4.121094 0.0 0.5175781
2.8952  0.1660156 0.0 -2.636719 1.123047 0.0 -1.59668 1.625977 0.0 -0.3271484 2.856445 0.0 0.4736328 4.121094 0.0 0.5175781
2.8968  0.1660156 0.0 -2.636719 1.123047 0.0 -1.59668 1.625977 0.0 -0.3271484 2.856445 0.0 0.4736328 4.121094 0.0 0.5175781
2.8984  0.1611328 0.0 -2.636719 1.123047 0.0 -1.59668 1.621094 0.0 -0.3222656 2.851563 0.0 0.4785156 4.121094 0.0 0.5175781
2.9  0.1611328 0.0 -2.636719 1.123047 0.0 -1.59668 1.621094 0.0 -0.3222656 2.851563 0.0 0.4785156 4.121094 0.0 0.5224609
2.9016  0.1611328 0.0 -2.636719 1.123047 0.0 -1.59668 1.621094 0.0 -0.3173828 2.851563 0.0 0.4833984 4.121094 0.0 0.5224609
2.9032  0.1611328 0.0 -2.636719 1.123047 0.0 -1.59668 1.621094 0.0 -0.3173828 2.851563 0.0 0.4833984 4.121094 0.0 0.5224609
2.9048  0.1611328 0.0 -2.636719 1.123047 0.0 -1.591797 1.621094 0.0 -0.3125 2.851563 0.0 0.4882813 4.116211 0.0 0.5224609
2.9064  0.1611328 0.0 -2.631836 1.118164 0.0 -1.591797 1.621094 0.0 -0.3125 2.851563 0.0 0.4882813 4.116211 0.0 0.5224609
2.908  0.15625 0.0 -2.631836 1.118164 0.0 -1.591797 1.616211 0.0 -0.3076172 2.84668 0.0 0.4931641 4.116211 0.0 0.5273438
2.9096  0.15625 0.0 -2.631836 1.118164 0.0 -1.591797 1.616211 0.0 -0.3076172 2.84668 0.0 0.4931641 4.116211 0.0 0.5273438
2.9112  0.15625 0.0 -2.631836 1.118164 0.0 -1.586914 1.616211 0.0 -0.3027344 2.84668 0.0 0.4980469 4.116211 0.0 0.5273438
2.9128  0.15625 0.0 -2.631836 1.118164 0.0 -1.586914 1.616211 0.0 -0.3027344 2.84668 0.0 0.4980469 4.116211 0.0 0.5273438
2.9144  0.1513672 0.0 -2.631836 1.118164 0.0 -1.586914 1.616211 0.0 -0.3027344 2.84668 0.0 0.5029297 4.116211 0.0 0.5273438
2.916  0.1513672 0.0 -2.631836 1.118164 0.0 -1.586914 1.616211 0.0 -0.2978516 2.84668 0.0 0.5029297 4.116211 0.0 0.5273438
2.9176  0.1513672 0.0 -2.626953 1.118164 0.0 -1.582031 1.616211 0.0 -0.2978516 2.84668 0.0 0.5029297 4.111328 0.0 0.5273438
2.9192  0.1513672 0.0 -2.626953 1.113281 0.0 -1.582031 1.616211 0.0 -0.2929688 2.84668 0.0 0.5078125 4.111328 0.0 0.5322266
2.9208  0.1513672 0.0 -2.626953 1.113281 0.0 -1.582031 1.611328 0.0 -0.2929688 2.84668 0.0 0.5078125 4.111328 0.0 0.5322266
2.9224  0.1464844 0.0 -2.626953 1.113281 0.0 -1.582031 1.611328 0.0 -0.2929688 2.84668 0.0 0.5126953 4.111328 0.0 0.5322266
2.924  0.1464844 0.0 -2.626953 1.113281 0.0 -1.577148 1.611328 0.0 -0.2880859 2.84668 0.0 0.5126953 4.111328 0.0 0.5322266
2.9256  0.1464844 0.0 -2.62207 1.113281 0.0 -1.577148 1.611328 0.0 -0.2880859 2.84668 0.0 0.5126953 4.111328 0.0 0.5322266
2.9272  0.1464844 0.0 -2.62207 1.113281 0.0 -1.577148 1.611328 0.0 -0.2880859 2.84668 0.0 0.5175781 4.111328 0.0 0.5322266
2.9288  0.1416016 0.0 -2.62207 1.113281 0.0 -1.572266 1.611328 0.0 -0.2832031 2.84668 0.0 0.5175781 4.111328 0.0 0.5371094
2.9304  0.1416016 0.0 -2.62207 1.113281 0.0 -1.572266 1.611328 0.0 -0.2832031 2.84668 0.0 0.5175781 4.111328 0.0 0.5371094
2.932  0.1416016 0.0 -2.62207 1.108398 0.0 -1.572266 1.611328 0.0 -0.2832031 2.84668 0.0 0.5224609 4.106445 0.0 0.5371094
2.9336  0.1416016 0.0 -2.617188 1.108398 0.0 -1.572266 1.611328 0.0 -0.2783203 2.841797 0.0 0.5224609 4.106445 0.0 0.5371094
2.9352  0.1416016 0.0 -2.617188 1.108398 0.0 -1.567383 1.611328 0.0 -0.2783203 2.841797 0.0 0.5224609 4.106445 0.0 0.5371094
2.9368  0.1367188 0.0 -2.617188 1.108398 0.0 -1.567383 1.611328 0.0 -0.2783203 2.841797 0.0 0.5224609 4.106445 0.0 0.5371094
2.9384  0.1367188 0.0 -2.617188 1.108398 0.0 -1.567383 1.611328 0.0 -0.2783203 2.841797 0.0 0.5273438 4.106445 0.0 0.5371094
2.94  0.1367188 0.0 -2.617188 1.108398 0.0 -1.567383 1.611328 0.0 -0.2783203 2.841797 0.0 0.5273438 4.106445 0.0 0.5371094
2.9416  0.1367188 0.0 -2.617188 1.108398 0.0 -1.5625 1.611328 0.0 -0.2734375 2.841797 0.0 0.5273438 4.106445 0.0 0.5419922
2.9432  0.1318359 0.0 -2.612305 1.108398 0.0 -1.5625 1.611328 0.0 -0.2734375 2.841797 0.0 0.5273438 4.106445 0.0 0.5419922
2.9448  0.1318359 0.0 -2.612305 1.108398 0.0 -1.5625 1.611328 0.0 -0.2734375 2.841797 0.0 0.5273438 4.106445 0.0 0.5419922
2.9464  0.1318359 0.0 -2.612305 1.108398 0.0 -1.5625 1.611328 0.0 -0.2734375 2.841797 0.0 0.5273438 4.106445 0.0 0.5419922
2.948  0.1318359 0.0 -2.612305 1.108398 0.0 -1.557617 1.611328 0.0 -0.2734375 2.841797 0.0 0.5273438 4.106445 0.0 0.5419922
2.9496  0.1318359 0.0 -2.612305 1.108398 0.0 -1.557617 1.611328 0.0 -0.2685547 2.841797 0.0 0.5273438 4.106445 0.0 0.5419922
2.9512  0.1318359 0.0 -2.612305 1.108398 0.0 -1.557617 1.611328 0.0 -0.2685547 2.841797 0.0 0.5273438 4.106445 0.0 0.5419922
2.9528  0.1318359 0.0 -2.612305 1.108398 0.0 -1.557617 1.611328 0.0 -0.2685547 2.841797 0.0 0.5273438 4.106445 0.0 0.5419922
2.9544  0.1269531 0.0 -2.612305 1.108398 0.0 -1.552734 1.611328 0.0 -0.2685547 2.841797 0.0 0.5273438 4.106445 0.0 0.5419922
2.956  0.1269531 0.0 -2.612305 1.108398 0.0 -1.552734 1.616211 0.0 -0.2685547 2.841797 0.0 0.5273438 4.106445 0.0 0.5419922
2.9576  0.1269531 0.0 -2.612305 1.103516 0.0 -1.552734 1.616211 0.0 -0.2685547 2.841797 0.0 0.5273438 4.106445 0.0 0.5419922
2.9592  0.1269531 0.0 -2.612305 1.103516 0.0 -1.552734 1.616211 0.0 -0.2685547 2.841797 0.0 0.5273438 4.106445 0.0 0.5419922
2.9608  0.1269531 0.0 -2.612305 1.103516 0.0 -1.552734 1.616211 0.0 -0.2685547 2.84668 0.0 0.5273438 4.106445 0.0 0.5419922
2.9624  0.1269531 0.0 -2.607422 1.103516 0.0 -1.547852 1.616211 0.0 -0.2636719 2.84668 0.0 0.5224609 4.106445 0.0 0.5419922
2.964  0.1269531 0.0 -2.607422 1.103516 0.0 -1.547852 1.616211 0.0 -0.2636719 2.84668 0.0 0.5224609 4.106445 0.0 0.5419922
2.9656  0.1220703 0.0 -2.607422 1.103516 0.0 -1.547852 1.621094 0.0 -0.2636719 2.84668 0.0 0.5224609 4.106445 0.0 0.5419922
2.9672  0.1220703 0.0 -2.607422 1.103516 0.0 -1.547852 1.621094 0.0 -0.2636719 2.84668 0.0 0.5224609 4.106445 0.0 0.5419922
2.9688  0.1220703 0.0 -2.607422 1.103516 0.0 -1.542969 1.621094 0.0 -0.2636719 2.84668 0.0 0.5175781 4.106445 0.0 0.5419922
2.9704  0.1220703 0.0 -2.607422 1.103516 0.0 -1.542969 1.621094 0.0 -0.2636719 2.84668 0.0 0.5175781 4.106445 0.0 0.5419922
2.972  0.1220703 0.0 -2.607422 1.103516 0.0 -1.542969 1.625977 0.0 -0.2636719 2.84668 0.0 0.5175781 4.106445 0.0 0.5419922
2.9736  0.1220703 0.0 -2.607422 1.103516 0.0 -1.542969 1.625977 0.0 -0.2636719 2.84668 0.0 0.5126953 4.111328 0.0 0.5419922
2.9752  0.1220703 0.0 -2.607422 1.103516 0.0 -1.542969 1.625977 0.0 -0.2636719 2.851563 0.0 0.5126953 4.111328 0.0 0.5419922
2.9768  0.1220703 0.0 -2.607422 1.103516 0.0 -1.542969 1.625977 0.0 -0.2636719 2.851563 0.0 0.5126953 4.111328 0.0 0.5419922
2.9784  0.1220703 0.0 -2.607422 1.103516 0.0 -1.538086 1.630859 0.0 -0.2636719 2.851563 0.0 0.5078125 4.111328 0.0 0.5419922
2.98  0.1171875 0.0 -2.607422 1.103516 0.0 -1.538086 1.630859 0.0 -0.2636719 2.851563 0.0 0.5078125 4.111328 0.0 0.5371094
2.9816  0.1171875 0.0 -2.607422 1.103516 0.0 -1.538086 1.630859 0.0 -0.2636719 2.851563 0.0 0.5029297 4.111328 0.0 0.5371094
2.9832  0.1171875 0.0 -2.607422 1.103516 0.0 -1.538086 1.630859 0.0 -0.2685547 2.851563 0.0 0.5029297 4.111328 0.0 0.5371094
2.9848  0.1171875 0.0 -2.607422 1.103516 0.0 -1.538086 1.635742 0.0 -0.2685547 2.851563 0.0 0.5029297 4.111328 0.0 0.5371094
2.9864  0.1171875 0.0 -2.607422 1.103516 0.0 -1.538086 1.635742 0.0 -0.2685547 2.851563 0.0 0.4980469 4.111328 0.0 0.5371094
2.988  0.1171875 0.0 -2.602539 1.103516 0.0 -1.533203 1.635742 0.0 -0.2685547 2.856445 0.0 0.4980469 4.116211 0.0 0.5371094
2.9896  0.1171875 0.0 -2.602539 1.103516 0.0 -1.533203 1.640625 0.0 -0.2685547 2.856445 0.0 0.4931641 4.116211 0.0 0.5371094
2.9912  0.1123047 0.0 -2.602539 1.103516 0.0 -1.533203 1.640625 0.0 -0.2685547 2.856445 0.0 0.4882813 4.116211 0.0 0.5371094
2.9928  0.1123047 0.0 -2.602539 1.098633 0.0 -1.533203 1.640625 0.0 -0.2685547 2.856445 0.0 0.4882813 4.116211 0.0 0.5371094
2.9944  0.1123047 0.0 -2.602539 1.098633 0.0 -1.533203 1.645508 0.0 -0.2734375 2.856445 0.0 0.4833984 4.116211 0.0 0.5322266
2.996  0.1123047 0.0 -2.602539 1.098633 0.0 -1.533203 1.645508 0.0 -0.2734375 2.856445 0.0 0.4833984 4.116211 0.0 0.5322266
2.9976  0.1074219 0.0 -2.602539 1.098633 0.0 -1.533203 1.645508 0.0 -0.2734375 2.856445 0.0 0.4785156 4.116211 0.0 0.5322266
2.9992  0.1074219 0.0 -2.602539 1.098633 0.0 -1.52832 1.650391 0.0 -0.2734375 2.861328 0.0 0.4736328 4.116211 0.0 0.5322266
3.0008  0.1074219 0.0 -2.602539 1.098633 0.0 -1.52832 1.650391 0.0 -0.2734375 2.861328 0.0 0.4736328 4.121094 0.0 0.5322266
3.0024  0.1074219 0.0 -2.597656 1.098633 0.0 -1.52832 1.650391 0.0 -0.2783203 2.861328 0.0 0.46875 4.121094 0.0 0.5322266
3.004  0.1074219 0.0 -2.597656 1.098633 0.0 -1.52832 1.655273 0.0 -0.2783203 2.861328 0.0 0.4638672 4.121094 0.0 0.5322266
3.0056  0.1025391 0.0 -2.597656 1.098633 0.0 -1.52832 1.655273 0.0 -0.2832031 2.861328 0.0 0.4638672 4.121094 0.0 0.5322266
3.0072  0.1025391 0.0 -2.597656 1.098633 0.0 -1.52832 1.660156 0.0 -0.2832031 2.861328 0.0 0.4589844 4.121094 0.0 0.5273438
3.0088  0.1025391 0.0 -2.597656 1.098633 0.0 -1.52832 1.660156 0.0 -0.2832031 2.861328 0.0 0.4541016 4.121094 0.0 0.5273438
3.0104  0.1025391 0.0 -2.592773 1.098633 0.0 -1.52832 1.660156 0.0 -0.2880859 2.861328 0.0 0.4492188 4.121094 0.0 0.5273438
3.012  0.09765625 0.0 -2.592773 1.098633 0.0 -1.533203 1.665039 0.0 -0.2880859 2.866211 0.0 0.4443359 4.121094 0.0 0.5273438
3.0136  0.09765625 0.0 -2.592773 1.098633 0.0 -1.533203 1.665039 0.0 -0.2929688 2.866211 0.0 0.4394531 4.125977 0.0 0.5224609
3.0152  0.09765625 0.0 -2.587891 1.098633 0.0 -1.533203 1.669922 0.0 -0.2978516 2.866211 0.0 0.4345703 4.125977 0.0 0.5224609
3.0168  0.09277344 0.0 -2.587891 1.103516 0.0 -1.533203 1.669922 0.0 -0.2978516 2.866211 0.0 0.4296875 4.125977 0.0 0.5224609
3.0184  0.09277344 0.0 -2.587891 1.103516 0.0 -1.533203 1.674805 0.0 -0.3027344 2.866211 0.0 0.4248047 4.125977 0.0 0.5175781
3.02  0.09277344 0.0 -2.583008 1.103516 0.0 -1.538086 1.674805 0.0 -0.3076172 2.866211 0.0 0.4199219 4.125977 0.0 0.5175781
3.0216  0.08789063 0.0 -2.583008 1.103516 0.0 -1.538086 1.679688 0.0 -0.3125 2.866211 0.0 0.4150391 4.125977 0.0 0.5175781
3.0232  0.08789063 0.0 -2.578125 1.103516 0.0 -1.538086 1.679688 0.0 -0.3173828 2.871094 0.0 0.4101563 4.130859 0.0 0.5126953
3.0248  0.08789063 0.0 -2.578125 1.108398 0.0 -1.542969 1.68457 0.0 -0.3222656 2.871094 0.0 0.4052734 4.130859 0.0 0.5126953
3.0264  0.08300781 0.0 -2.573242 1.108398 0.0 -1.542969 1.689453 0.0 -0.3271484 2.871094 0.0 0.4003906 4.130859 0.0 0.5078125
3.028  0.08300781 0.0 -2.573242 1.108398 0.0 -1.547852 1.689453 0.0 -0.3320313 2.871094 0.0 0.390625 4.130859 0.0 0.5029297
3.0296  0.078125 0.0 -2.568359 1.113281 0.0 -1.547852 1.694336 0.0 -0.3369141 2.875977 0.0 0.3857422 4.135742 0.0 0.5029297
3.0312  0.078125 0.0 -2.568359 1.113281 0.0 -1.552734 1.699219 0.0 -0.3417969 2.875977 0.0 0.3759766 4.135742 0.0 0.4980469
3.0328  0.078125 0.0 -2.563477 1.113281 0.0 -1.552734 1.699219 0.0 -0.3466797 2.875977 0.0 0.3710938 4.135742 0.0 0.4931641
3.0344  0.07324219 0.0 -2.563477 1.118164 0.0 -1.557617 1.704102 0.0 -0.3564453 2.880859 0.0 0.3662109 4.140625 0.0 0.4882813
3.036  0.07324219 0.0 -2.558594 1.118164 0.0 -1.5625 1.708984 0.0 -0.3613281 2.880859 0.0 0.3564453 4.140625 0.0 0.4833984
3.0376  0.06835938 0.0 -2.553711 1.123047 0.0 -1.5625 1.713867 0.0 -0.3710938 2.880859 0.0 0.3466797 4.140625 0.0 0.4785156
3.0392  0.06835938 0.0 -2.553711 1.123047 0.0 -1.567383 1.71875 0.0 -0.3759766 2.885742 0.0 0.3417969 4.145508 0.0 0.4736328
3.0408  0.06347656 0.0 -2.548828 1.123047 0.0 -1.572266 1.723633 0.0 -0.3857422 2.885742 0.0 0.3320313 4.145508 0.0 0.46875
3.0424  0.06347656 0.0 -2.543945 1.12793 0.0 -1.577148 1.723633 0.0 -0.390625 2.890625 0.0 0.3222656 4.150391 0.0 0.4589844
3.044  0.05859375 0.0 -2.539063 1.132813 0.0 -1.582031 1.728516 0.0 -0.4003906 2.895508 0.0 0.3125 4.155273 0.0 0.4541016
3.0456  0.05859375 0.0 -2.539063 1.132813 0.0 -1.582031 1.738281 0.0 -0.4101563 2.895508 0.0 0.3027344 4.155273 0.0 0.4443359
3.0472  0.05371094 0.0 -2.53418 1.137695 0.0 -1.586914 1.743164 0.0 -0.4150391 2.900391 0.0 0.2929688 4.160156 0.0 0.4394531
3.0488  0.05371094 0.0 -2.529297 1.137695 0.0 -1.591797 1.748047 0.0 -0.4248047 2.905273 0.0 0.2832031 4.165039 0.0 0.4296875
3.0504  0.04882813 0.0 -2.524414 1.142578 0.0 -1.59668 1.75293 0.0 -0.4345703 2.910156 0.0 0.2734375 4.165039 0.0 0.4199219
3.052  0.04882813 0.0 -2.519531 1.147461 0.0 -1.601563 1.757813 0.0 -0.4443359 2.915039 0.0 0.2636719 4.169922 0.0 0.4101563
3.0536  0.04394531 0.0 -2.514648 1.147461 0.0 -1.606445 1.762695 0.0 -0.4541016 2.919922 0.0 0.2539063 4.174805 0.0 0.4003906
3.0552  0.04394531 0.0 -2.514648 1.152344 0.0 -1.611328 1.772461 0.0 -0.4638672 2.924805 0.0 0.2441406 4.179688 0.0 0.390625
3.0568  0.0390625 0.0 -2.509766 1.157227 0.0 -1.616211 1.777344 0.0 -0.4736328 2.929688 0.0 0.2294922 4.18457 0.0 0.3808594
3.0584  0.0390625 0.0 -2.504883 1.157227 0.0 -1.625977 1.782227 0.0 -0.4833984 2.93457 0.0 0.2197266 4.189453 0.0 0.3710938
3.06  0.03417969 0.0 -2.5 1.162109 0.0 -1.630859 1.791992 0.0 -0.4931641 2.939453 0.0 0.2050781 4.199219 0.0 0.3564453
3.0616  0.03417969 0.0 -2.495117 1.166992 0.0 -1.635742 1.796875 0.0 -0.5029297 2.949219 0.0 0.1953125 4.204102 0.0 0.3466797
3.0632  0.02929688 0.0 -2.490234 1.171875 0.0 -1.640625 1.806641 0.0 -0.5175781 2.954102 0.0 0.1806641 4.208984 0.0 0.3320313
3.0648  0.02929688 0.0 -2.485352 1.171875 0.0 -1.645508 1.816406 0.0 -0.5273438 2.958984 0.0 0.1708984 4.213867 0.0 0.3173828
3.0664  0.02441406 0.0 -2.480469 1.176758 0.0 -1.650391 1.821289 0.0 -0.5371094 2.96875 0.0 0.15625 4.223633 0.0 0.3076172
3.068  0.02441406 0.0 -2.475586 1.181641 0.0 -1.655273 1.831055 0.0 -0.546875 2.973633 0.0 0.1416016 4.228516 0.0 0.2929688
3.0696  0.01953125 0.0 -2.46582 1.186523 0.0 -1.660156 1.84082 0.0 -0.5615234 2.983398 0.0 0.1269531 4.238281 0.0 0.2783203
3.0712  0.01953125 0.0 -2.460938 1.186523 0.0 -1.665039 1.850586 0.0 -0.5712891 2.993164 0.0 0.1123047 4.243164 0.0 0.2636719
3.0728  0.01464844 0.0 -2.456055 1.191406 0.0 -1.669922 1.860352 0.0 -0.5810547 2.998047 0.0 0.1025391 4.25293 0.0 0.2490234
3.0744  0.01464844 0.0 -2.451172 1.196289 0.0 -1.674805 1.865234 0.0 -0.5957031 3.007813 0.0 0.08789063 4.257813 0.0 0.234375
3.076  0.009765625 0.0 -2.446289 1.201172 0.0 -1.679688 1.875 0.0 -0.6054688 3.017578 0.0 0.07324219 4.267578 0.0 0.2148438
3.0776  0.009765625 0.0 -2.441406 1.206055 0.0 -1.68457 1.884766 0.0 -0.6152344 3.027344 0.0 0.05859375 4.272461 0.0 0.2001953
3.0792  0.004882813 0.0 -2.436523 1.206055 0.0 -1.689453 1.894531 0.0 -0.6298828 3.037109 0.0 0.04394531 4.282227 0.0 0.1855469
3.0808  0.0 0.0 -2.431641 1.210938 0.0 -1.694336 1.904297 0.0 -0.6396484 3.046875 0.0 0.02929688 4.291992 0.0 0.1708984
3.0824  0.0 0.0 -2.426758 1.21582 0.0 -1.699219 1.914063 0.0 -0.6494141 3.051758 0.0 0.01464844 4.301758 0.0 0.1513672
3.084  -0.004882813 0.0 -2.421875 1.220703 0.0 -1.704102 1.923828 0.0 -0.6640625 3.061523 0.0 -0.004882813 4.311523 0.0 0.1367188
3.0856  -0.004882813 0.0 -2.412109 1.225586 0.0 -1.708984 1.938477 0.0 -0.6738281 3.071289 0.0 -0.01953125 4.316406 0.0 0.1220703
3.0872  -0.009765625 0.0 -2.407227 1.230469 0.0 -1.713867 1.948242 0.0 -0.6835938 3.085938 0.0 -0.03417969 4.326172 0.0 0.1025391
3.0888  -0.009765625 0.0 -2.402344 1.235352 0.0 -1.713867 1.958008 0.0 -0.6933594 3.095703 0.0 -0.04882813 4.335938 0.0 0.08789063
3.0904  -0.01464844 0.0 -2.397461 1.235352 0.0 -1.71875 1.967773 0.0 -0.7080078 3.105469 0.0 -0.06347656 4.345703 0.0 0.06835938
3.092  -0.01464844 0.0 -2.392578 1.240234 0.0 -1.723633 1.977539 0.0 -0.7177734 3.115234 0.0 -0.078125 4.355469 0.0 0.05371094
3.0936  -0.01953125 0.0 -2.387695 1.245117 0.0 -1.723633 1.992188 0.0 -0.7275391 3.125 0.0 -0.09277344 4.365234 0.0 0.03417969
3.0952  -0.01953125 0.0 -2.382813 1.25 0.0 -1.728516 2.001953 0.0 -0.7373047 3.134766 0.0 -0.1074219 4.375 0.0 0.01953125
3.0968  -0.02441406 0.0 -2.37793 1.254883 0.0 -1.733398 2.011719 0.0 -0.7519531 3.144531 0.0 -0.1220703 4.384766 0.0 0.004882813
3.0984  -0.02441406 0.0 -2.373047 1.259766 0.0 -1.733398 2.021484 0.0 -0.7617188 3.15918 0.0 -0.1367188 4.394531 0.0 -0.01464844
3.1  -0.02929688 0.0 -2.368164 1.264648 0.0 -1.738281 2.03125 0.0 -0.7714844 3.168945 0.0 -0.1513672 4.404297 0.0 -0.02929688
3.1016  -0.02929688 0.0 -2.363281 1.269531 0.0 -1.738281 2.045898 0.0 -0.78125 3.178711 0.0 -0.1660156 4.414063 0.0 -0.04394531
3.1032  -0.02929688 0.0 -2.358398 1.274414 0.0 -1.743164 2.055664 0.0 -0.7910156 3.188477 0.0 -0.1806641 4.423828 0.0 -0.06347656
3.1048  -0.03417969 0.0 -2.353516 1.279297 0.0 -1.743164 2.06543 0.0 -0.8007813 3.203125 0.0 -0.1953125 4.433594 0.0 -0.078125
3.1064  -0.03417969 0.0 -2.348633 1.28418 0.0 -1.748047 2.080078 0.0 -0.8105469 3.212891 0.0 -0.2099609 4.443359 0.0 -0.09277344
3.108  -0.0390625 0.0 -2.34375 1.289063 0.0 -1.748047 2.089844 0.0 -0.8203125 3.222656 0.0 -0.2246094 4.453125 0.0 -0.1074219
3.1096  -0.0390625 0.0 -2.338867 1.293945 0.0 -1.75293 2.099609 0.0 -0.8300781 3.232422 0.0 -0.2392578 4.462891 0.0 -0.1269531
3.1112  -0.04394531 0.0 -2.333984 1.298828 0.0 -1.75293 2.109375 0.0 -0.8398438 3.24707 0.0 -0.2539063 4.472656 0.0 -0.1416016
3.1128  -0.04394531 0.0 -2.329102 1.303711 0.0 -1.757813 2.119141 0.0 -0.8496094 3.256836 0.0 -0.2685547 4.482422 0.0 -0.15625
3.1144  -0.04394531 0.0 -2.329102 1.308594 0.0 -1.757813 2.133789 0.0 -0.859375 3.266602 0.0 -0.2832031 4.492188 0.0 -0.1708984
3.116  -0.04882813 0.0 -2.324219 1.313477 0.0 -1.757813 2.143555 0.0 -0.8691406 3.276367 0.0 -0.2929688 4.501953 0.0 -0.1855469
3.1176  -0.04882813 0.0 -2.319336 1.318359 0.0 -1.762695 2.15332 0.0 -0.8789063 3.286133 0.0 -0.3076172 4.511719 0.0 -0.2001953
3.1192  -0.04882813 0.0 -2.314453 1.323242 0.0 -1.762695 2.163086 0.0 -0.8886719 3.295898 0.0 -0.3222656 4.521484 0.0 -0.2148438
3.1208  -0.05371094 0.0 -2.30957 1.328125 0.0 -1.762695 2.172852 0.0 -0.8984375 3.310547 0.0 -0.3369141 4.53125 0.0 -0.2294922
3.1224  -0.05371094 0.0 -2.304688 1.333008 0.0 -1.767578 2.1875 0.0 -0.9082031 3.320313 0.0 -0.3466797 4.541016 0.0 -0.2392578
3.124  -0.05371094 0.0 -2.304688 1.337891 0.0 -1.767578 2.197266 0.0 -0.9179688 3.330078 0.0 -0.3613281 4.550781 0.0 -0.2539063
3.1256  -0.05859375 0.0 -2.299805 1.342773 0.0 -1.767578 2.207031 0.0 -0.9277344 3.339844 0.0 -0.3759766 4.560547 0.0 -0.2685547
3.1272  -0.05859375 0.0 -2.294922 1.347656 0.0 -1.767578 2.216797 0.0 -0.9375 3.349609 0.0 -0.3857422 4.56543 0.0 -0.2832031
3.1288  -0.05859375 0.0 -2.294922 1.352539 0.0 -1.772461 2.226563 0.0 -0.9423828 3.359375 0.0 -0.4003906 4.575195 0.0 -0.2978516
3.1304  -0.05859375 0.0 -2.290039 1.357422 0.0 -1.772461 2.236328 0.0 -0.9521484 3.369141 0.0 -0.4101563 4.584961 0.0 -0.3076172
3.132  -0.06347656 0.0 -2.285156 1.362305 0.0 -1.772461 2.246094 0.0 -0.9619141 3.378906 0.0 -0.4248047 4.594727 0.0 -0.3222656
3.1336  -0.06347656 0.0 -2.285156 1.367188 0.0 -1.772461 2.255859 0.0 -0.9716797 3.388672 0.0 -0.4345703 4.604492 0.0 -0.3320313
3.1352  -0.06347656 0.0 -2.280273 1.37207 0.0 -1.772461 2.265625 0.0 -0.9765625 3.398438 0.0 -0.4492188 4.614258 0.0 -0.3466797
3.1368  -0.06347656 0.0 -2.275391 1.376953 0.0 -1.777344 2.275391 0.0 -0.9863281 3.408203 0.0 -0.4589844 4.619141 0.0 -0.3564453
3.1384  -0.06835938 0.0 -2.275391 1.381836 0.0 -1.777344 2.285156 0.0 -0.9960938 3.413086 0.0 -0.4736328 4.628906 0.0 -0.3710938
3.14  -0.06835938 0.0 -2.270508 1.386719 0.0 -1.777344 2.294922 0.0 -1.005859 3.422852 0.0 -0.4833984 4.638672 0.0 -0.3808594
3.1416  -0.06835938 0.0 -2.270508 1.391602 0.0 -1.777344 2.304688 0.0 -1.010742 3.432617 0.0 -0.4931641 4.643555 0.0 -0.3955078
3.1432  -0.06835938 0.0 -2.265625 1.396484 0.0 -1.777344 2.314453 0.0 -1.020508 3.442383 0.0 -0.5078125 4.65332 0.0 -0.4052734
3.1448  -0.06835938 0.0 -2.265625 1.401367 0.0 -1.782227 2.324219 0.0 -1.030273 3.452148 0.0 -0.5175781 4.663086 0.0 -0.4150391
3.1464  -0.06835938 0.0 -2.260742 1.40625 0.0 -1.782227 2.329102 0.0 -1.040039 3.457031 0.0 -0.5273438 4.667969 0.0 -0.4296875
3.148  -0.06835938 0.0 -2.260742 1.40625 0.0 -1.782227 2.338867 0.0 -1.044922 3.466797 0.0 -0.5419922 4.677734 0.0 -0.4394531
3.1496  -0.06835938 0.0 -2.255859 1.411133 0.0 -1.782227 2.348633 0.0 -1.054688 3.476563 0.0 -0.5517578 4.682617 0.0 -0.4492188
3.1512  -0.07324219 0.0 -2.255859 1.416016 0.0 -1.782227 2.358398 0.0 -1.064453 3.481445 0.0 -0.5615234 4.692383 0.0 -0.4589844
3.1528  -0.07324219 0.0 -2.255859 1.420898 0.0 -1.787109 2.363281 0.0 -1.069336 3.491211 0.0 -0.5712891 4.697266 0.0 -0.46875
3.1544  -0.07324219 0.0 -2.250977 1.425781 0.0 -1.787109 2.373047 0.0 -1.079102 3.496094 0.0 -0.5859375 4.707031 0.0 -0.4785156
3.156  -0.07324219 0.0 -2.250977 1.425781 0.0 -1.787109 2.382813 0.0 -1.088867 3.505859 0.0 -0.5957031 4.711914 0.0 -0.4931641
3.1576  -0.07324219 0.0 -2.250977 1.430664 0.0 -1.787109 2.387695 0.0 -1.098633 3.510742 0.0 -0.6054688 4.72168 0.0 -0.5029297
3.1592  -0.07324219 0.0 -2.246094 1.435547 0.0 -1.791992 2.397461 0.0 -1.103516 3.520508 0.0 -0.6152344 4.726563 0.0 -0.5126953
3.1608  -0.07324219 0.0 -2.246094 1.44043 0.0 -1.791992 2.402344 0.0 -1.113281 3.525391 0.0 -0.625 4.731445 0.0 -0.5224609
3.1624  -0.07324219 0.0 -2.246094 1.44043 0.0 -1.791992 2.412109 0.0 -1.123047 3.530273 0.0 -0.6347656 4.736328 0.0 -0.5322266
3.164  -0.07324219 0.0 -2.246094 1.445313 0.0 -1.796875 2.416992 0.0 -1.12793 3.540039 0.0 -0.6445313 4.746094 0.0 -0.5419922
3.1656  -0.07324219 0.0 -2.246094 1.450195 0.0 -1.796875 2.421875 0.0 -1.137695 3.544922 0.0 -0.6591797 4.750977 0.0 -0.5517578
3.1672  -0.07324219 0.0 -2.246094 1.450195 0.0 -1.796875 2.431641 0.0 -1.147461 3.549805 0.0 -0.6689453 4.755859 0.0 -0.5615234
3.1688  -0.078125 0.0 -2.241211 1.455078 0.0 -1.801758 2.436523 0.0 -1.157227 3.554688 0.0 -0.6787109 4.760742 0.0 -0.5712891
3.1704  -0.078125 0.0 -2.241211 1.459961 0.0 -1.801758 2.441406 0.0 -1.166992 3.55957 0.0 -0.6884766 4.765625 0.0 -0.5810547
3.172  -0.078125 0.0 -2.241211 1.459961 0.0 -1.806641 2.446289 0.0 -1.176758 3.564453 0.0 -0.6982422 4.770508 0.0 -0.5908203
3.1736  -0.078125 0.0 -2.241211 1.464844 0.0 -1.806641 2.456055 0.0 -1.181641 3.574219 0.0 -0.7080078 4.775391 0.0 -0.6005859
3.1752  -0.078125 0.0 -2.241211 1.464844 0.0 -1.811523 2.460938 0.0 -1.191406 3.579102 0.0 -0.7177734 4.780273 0.0 -0.6103516
3.1768  -0.078125 0.0 -2.241211 1.469727 0.0 -1.811523 2.46582 0.0 -1.201172 3.583984 0.0 -0.7275391 4.785156 0.0 -0.6152344
3.1784  -0.078125 0.0 -2.241211 1.469727 0.0 -1.816406 2.470703 0.0 -1.210938 3.588867 0.0 -0.7373047 4.790039 0.0 -0.625
3.18  -0.078125 0.0 -2.246094 1.474609 0.0 -1.821289 2.475586 0.0 -1.220703 3.59375 0.0 -0.7470703 4.794922 0.0 -0.6347656
3.1816  -0.078125 0.0 -2.246094 1.474609 0.0 -1.821289 2.480469 0.0 -1.230469 3.59375 0.0 -0.7568359 4.799805 0.0 -0.6445313
3.1832  -0.078125 0.0 -2.246094 1.479492 0.0 -1.826172 2.485352 0.0 -1.240234 3.598633 0.0 -0.7666016 4.804688 0.0 -0.6542969
3.1848  -0.078125 0.0 -2.246094 1.484375 0.0 -1.831055 2.490234 0.0 -1.25 3.603516 0.0 -0.7763672 4.80957 0.0 -0.6640625
3.1864  -0.078125 0.0 -2.246094 1.484375 0.0 -1.835938 2.5 0.0 -1.259766 3.608398 0.0 -0.7910156 4.814453 0.0 -0.6738281
3.188  -0.078125 0.0 -2.250977 1.489258 0.0 -1.84082 2.504883 0.0 -1.269531 3.613281 0.0 -0.8007813 4.819336 0.0 -0.6835938
3.1896  -0.078125 0.0 -2.250977 1.489258 0.0 -1.84082 2.509766 0.0 -1.279297 3.618164 0.0 -0.8105469 4.824219 0.0 -0.6933594
3.1912  -0.078125 0.0 -2.250977 1.494141 0.0 -1.845703 2.509766 0.0 -1.289063 3.623047 0.0 -0.8203125 4.824219 0.0 -0.6982422
3.1928  -0.078125 0.0 -2.255859 1.494141 0.0 -1.850586 2.514648 0.0 -1.298828 3.623047 0.0 -0.8300781 4.829102 0.0 -0.7080078
3.1944  -0.07324219 0.0 -2.255859 1.499023 0.0 -1.855469 2.519531 0.0 -1.308594 3.62793 0.0 -0.8398438 4.833984 0.0 -0.7177734
3.196  -0.07324219 0.0 -2.260742 1.499023 0.0 -1.860352 2.524414 0.0 -1.318359 3.632813 0.0 -0.8496094 4.838867 0.0 -0.7275391
3.1976  -0.07324219 0.0 -2.260742 1.503906 0.0 -1.870117 2.529297 0.0 -1.328125 3.632813 0.0 -0.859375 4.84375 0.0 -0.7373047
3.1992  -0.07324219 0.0 -2.265625 1.503906 0.0 -1.875 2.53418 0.0 -1.337891 3.637695 0.0 -0.8691406 4.84375 0.0 -0.7470703
3.2008  -0.07324219 0.0 -2.265625 1.508789 0.0 -1.879883 2.539063 0.0 -1.347656 3.642578 0.0 -0.8789063 4.848633 0.0 -0.7519531
3.2024  -0.06835938 0.0 -2.270508 1.508789 0.0 -1.884766 2.543945 0.0 -1.357422 3.647461 0.0 -0.8886719 4.853516 0.0 -0.7617188
3.204  -0.06835938 0.0 -2.275391 1.513672 0.0 -1.889648 2.548828 0.0 -1.37207 3.647461 0.0 -0.8984375 4.858398 0.0 -0.7714844
3.2056  -0.06835938 0.0 -2.275391 1.513672 0.0 -1.899414 2.553711 0.0 -1.381836 3.652344 0.0 -0.9082031 4.858398 0.0 -0.7763672
3.2072  -0.06347656 0.0 -2.280273 1.518555 0.0 -1.904297 2.558594 0.0 -1.391602 3.657227 0.0 -0.9179688 4.863281 0.0 -0.7861328
3.2088  -0.06347656 0.0 -2.285156 1.518555 0.0 -1.90918 2.563477 0.0 -1.401367 3.657227 0.0 -0.9277344 4.868164 0.0 -0.7958984
3.2104  -0.05859375 0.0 -2.290039 1.523438 0.0 -1.914063 2.568359 0.0 -1.411133 3.662109 0.0 -0.9375 4.873047 0.0 -0.8007813
3.212  -0.05859375 0.0 -2.294922 1.523438 0.0 -1.923828 2.573242 0.0 -1.420898 3.662109 0.0 -0.9472656 4.873047 0.0 -0.8105469
3.2136  -0.05859375 0.0 -2.299805 1.52832 0.0 -1.928711 2.573242 0.0 -1.430664 3.666992 0.0 -0.9570313 4.87793 0.0 -0.8154297
3.2152  -0.05371094 0.0 -2.304688 1.533203 0.0 -1.938477 2.578125 0.0 -1.44043 3.666992 0.0 -0.9619141 4.87793 0.0 -0.8251953
3.2168  -0.05371094 0.0 -2.30957 1.533203 0.0 -1.943359 2.583008 0.0 -1.450195 3.671875 0.0 -0.9716797 4.882813 0.0 -0.8300781
3.2184  -0.04882813 0.0 -2.314453 1.538086 0.0 -1.948242 2.587891 0.0 -1.459961 3.671875 0.0 -0.9814453 4.887695 0.0 -0.8398438
3.22  -0.04882813 0.0 -2.324219 1.538086 0.0 -1.958008 2.592773 0.0 -1.474609 3.676758 0.0 -0.9912109 4.887695 0.0 -0.8447266
3.2216  -0.04394531 0.0 -2.329102 1.542969 0.0 -1.962891 2.597656 0.0 -1.484375 3.676758 0.0 -1.000977 4.892578 0.0 -0.8496094
3.2232  -0.0390625 0.0 -2.333984 1.542969 0.0 -1.972656 2.602539 0.0 -1.494141 3.681641 0.0 -1.005859 4.892578 0.0 -0.8544922
3.2248  -0.0390625 0.0 -2.34375 1.542969 0.0 -1.977539 2.602539 0.0 -1.503906 3.681641 0.0 -1.015625 4.897461 0.0 -0.8642578
3.2264  -0.03417969 0.0 -2.348633 1.547852 0.0 -1.987305 2.607422 0.0 -1.513672 3.686523 0.0 -1.025391 4.897461 0.0 -0.8691406
3.228  -0.03417969 0.0 -2.358398 1.547852 0.0 -1.992188 2.612305 0.0 -1.523438 3.686523 0.0 -1.030273 4.902344 0.0 -0.8740234
3.2296  -0.02929688 0.0 -2.368164 1.552734 0.0 -2.001953 2.617188 0.0 -1.533203 3.686523 0.0 -1.040039 4.902344 0.0 -0.8789063
3.2312  -0.02441406 0.0 -2.373047 1.552734 0.0 -2.006836 2.617188 0.0 -1.542969 3.691406 0.0 -1.044922 4.902344 0.0 -0.8837891
3.2328  -0.02441406 0.0 -2.382813 1.557617 0.0 -2.016602 2.62207 0.0 -1.552734 3.691406 0.0 -1.054688 4.907227 0.0 -0.8886719
3.2344  -0.01953125 0.0 -2.392578 1.557617 0.0 -2.026367 2.626953 0.0 -1.5625 3.691406 0.0 -1.064453 4.907227 0.0 -0.8935547
3.236  -0.01464844 0.0 -2.402344 1.557617 0.0 -2.03125 2.626953 0.0 -1.572266 3.691406 0.0 -1.069336 4.907227 0.0 -0.8984375
3.2376  -0.01464844 0.0 -2.412109 1.557617 0.0 -2.041016 2.631836 0.0 -1.582031 3.691406 0.0 -1.079102 4.907227 0.0 -0.9033203
3.2392  -0.009765625 0.0 -2.421875 1.5625 0.0 -2.045898 2.631836 0.0 -1.591797 3.691406 0.0 -1.083984 4.907227 0.0 -0.9082031
3.2408  -0.004882813 0.0 -2.431641 1.5625 0.0 -2.055664 2.636719 0.0 -1.59668 3.691406 0.0 -1.088867 4.907227 0.0 -0.9130859
3.2424  -0.004882813 0.0 -2.441406 1.5625 0.0 -2.060547 2.636719 0.0 -1.606445 3.691406 0.0 -1.098633 4.907227 0.0 -0.9179688
3.244  0.0 0.0 -2.451172 1.5625 0.0 -2.070313 2.641602 0.0 -1.616211 3.691406 0.0 -1.103516 4.907227 0.0 -0.9179688
3.2456  0.004882813 0.0 -2.460938 1.5625 0.0 -2.075195 2.641602 0.0 -1.625977 3.691406 0.0 -1.113281 4.907227 0.0 -0.9228516
3.2472  0.004882813 0.0 -2.470703 1.567383 0.0 -2.080078 2.646484 0.0 -1.635742 3.691406 0.0 -1.118164 4.907227 0.0 -0.9277344
3.2488  0.009765625 0.0 -2.480469 1.567383 0.0 -2.089844 2.646484 0.0 -1.640625 3.691406 0.0 -1.123047 4.907227 0.0 -0.9326172
3.2504  0.01464844 0.0 -2.495117 1.567383 0.0 -2.094727 2.646484 0.0 -1.650391 3.691406 0.0 -1.132813 4.907227 0.0 -0.9326172
3.252  0.01464844 0.0 -2.504883 1.567383 0.0 -2.104492 2.651367 0.0 -1.660156 3.691406 0.0 -1.137695 4.907227 0.0 -0.9375
3.2536  0.01953125 0.0 -2.514648 1.567383 0.0 -2.109375 2.651367 0.0 -1.665039 3.686523 0.0 -1.142578 4.902344 0.0 -0.9375
3.2552  0.01953125 0.0 -2.529297 1.567383 0.0 -2.114258 2.651367 0.0 -1.674805 3.686523 0.0 -1.152344 4.902344 0.0 -0.9423828
3.2568  0.02441406 0.0 -2.539063 1.567383 0.0 -2.124023 2.651367 0.0 -1.679688 3.686523 0.0 -1.157227 4.902344 0.0 -0.9423828
3.2584  0.02929688 0.0 -2.548828 1.567383 0.0 -2.128906 2.65625 0.0 -1.689453 3.681641 0.0 -1.162109 4.902344 0.0 -0.9472656
3.26  0.02929688 0.0 -2.563477 1.567383 0.0 -2.133789 2.65625 0.0 -1.694336 3.681641 0.0 -1.166992 4.897461 0.0 -0.9472656
3.2616  0.03417969 0.0 -2.573242 1.567383 0.0 -2.143555 2.65625 0.0 -1.704102 3.681641 0.0 -1.176758 4.897461 0.0 -0.9521484
3.2632  0.0390625 0.0 -2.587891 1.567383 0.0 -2.148438 2.65625 0.0 -1.708984 3.676758 0.0 -1.181641 4.892578 0.0 -0.9521484
3.2648  0.0390625 0.0 -2.597656 1.567383 0.0 -2.15332 2.65625 0.0 -1.71875 3.676758 0.0 -1.186523 4.892578 0.0 -0.9570313
3.2664  0.04394531 0.0 -2.607422 1.567383 0.0 -2.158203 2.65625 0.0 -1.723633 3.676758 0.0 -1.191406 4.887695 0.0 -0.9570313
3.268  0.04394531 0.0 -2.62207 1.5625 0.0 -2.167969 2.65625 0.0 -1.728516 3.671875 0.0 -1.201172 4.887695 0.0 -0.9619141
3.2696  0.04882813 0.0 -2.631836 1.5625 0.0 -2.172852 2.65625 0.0 -1.738281 3.671875 0.0 -1.206055 4.882813 0.0 -0.9619141
3.2712  0.05371094 0.0 -2.641602 1.5625 0.0 -2.177734 2.65625 0.0 -1.743164 3.666992 0.0 -1.210938 4.882813 0.0 -0.9667969
3.2728  0.05371094 0.0 -2.65625 1.5625 0.0 -2.182617 2.65625 0.0 -1.748047 3.666992 0.0 -1.21582 4.87793 0.0 -0.9667969
3.2744  0.05859375 0.0 -2.666016 1.5625 0.0 -2.192383 2.65625 0.0 -1.757813 3.666992 0.0 -1.220703 4.87793 0.0 -0.9716797
3.276  0.05859375 0.0 -2.675781 1.5625 0.0 -2.197266 2.65625 0.0 -1.762695 3.662109 0.0 -1.230469 4.873047 0.0 -0.9716797
3.2776  0.06347656 0.0 -2.69043 1.557617 0.0 -2.202148 2.65625 0.0 -1.767578 3.662109 0.0 -1.235352 4.873047 0.0 -0.9765625
3.2792  0.06835938 0.0 -2.700195 1.557617 0.0 -2.207031 2.65625 0.0 -1.777344 3.657227 0.0 -1.240234 4.868164 0.0 -0.9765625
3.2808  0.06835938 0.0 -2.709961 1.557617 0.0 -2.211914 2.65625 0.0 -1.782227 3.657227 0.0 -1.245117 4.868164 0.0 -0.9814453
3.2824  0.07324219 0.0 -2.719727 1.557617 0.0 -2.216797 2.65625 0.0 -1.787109 3.652344 0.0 -1.25 4.863281 0.0 -0.9814453
3.284  0.07324219 0.0 -2.729492 1.552734 0.0 -2.22168 2.65625 0.0 -1.791992 3.652344 0.0 -1.259766 4.863281 0.0 -0.9863281
3.2856  0.078125 0.0 -2.739258 1.552734 0.0 -2.231445 2.65625 0.0 -1.796875 3.647461 0.0 -1.264648 4.858398 0.0 -0.9863281
3.2872  0.078125 0.0 -2.753906 1.552734 0.0 -2.236328 2.65625 0.0 -1.806641 3.647461 0.0 -1.269531 4.858398 0.0 -0.9912109
3.2888  0.08300781 0.0 -2.758789 1.552734 0.0 -2.241211 2.65625 0.0 -1.811523 3.647461 0.0 -1.274414 4.853516 0.0 -0.9960938
3.2904  0.08300781 0.0 -2.768555 1.547852 0.0 -2.246094 2.65625 0.0 -1.816406 3.642578 0.0 -1.279297 4.853516 0.0 -0.9960938
3.292  0.08300781 0.0 -2.77832 1.547852 0.0 -2.250977 2.65625 0.0 -1.821289 3.642578 0.0 -1.289063 4.848633 0.0 -1.000977
3.2936  0.08789063 0.0 -2.788086 1.547852 0.0 -2.255859 2.65625 0.0 -1.826172 3.637695 0.0 -1.293945 4.848633 0.0 -1.005859
3.2952  0.08789063 0.0 -2.797852 1.547852 0.0 -2.260742 2.65625 0.0 -1.831055 3.637695 0.0 -1.298828 4.84375 0.0 -1.005859
3.2968  0.09277344 0.0 -2.807617 1.542969 0.0 -2.265625 2.65625 0.0 -1.84082 3.632813 0.0 -1.303711 4.84375 0.0 -1.010742
3.2984  0.09277344 0.0 -2.8125 1.542969 0.0 -2.270508 2.65625 0.0 -1.845703 3.632813 0.0 -1.308594 4.84375 0.0 -1.015625
3.3  0.09277344 0.0 -2.822266 1.542969 0.0 -2.275391 2.65625 0.0 -1.850586 3.632813 0.0 -1.313477 4.838867 0.0 -1.015625

