0 5000000000 1.0
Cubic 15 explicit
0.0  0.3173828 0.0 -3.125 1.591797 0.0 -2.163086 2.744141 0.0 -1.860352 3.686523 0.0 -1.396484 4.790039 0.0 -1.12793
1.4008  0.3173828 0.0 -3.125 1.591797 0.0 -2.163086 2.744141 0.0 -1.860352 3.686523 0.0 -1.396484 4.790039 0.0 -1.12793
1.4024  0.3125 0.0 -3.115234 1.591797 0.0 -2.148438 2.744141 0.0 -1.850586 3.686523 0.0 -1.391602 4.790039 0.0 -1.123047
1.404  0.3125 0.0 -3.100586 1.591797 0.0 -2.138672 2.744141 0.0 -1.84082 3.686523 0.0 -1.386719 4.790039 0.0 -1.123047
1.4056  0.3076172 0.0 -3.09082 1.586914 0.0 -2.128906 2.744141 0.0 -1.831055 3.686523 0.0 -1.381836 4.794922 0.0 -1.118164
1.4072  0.3076172 0.0 -3.076172 1.586914 0.0 -2.114258 2.744141 0.0 -1.821289 3.691406 0.0 -1.376953 4.794922 0.0 -1.118164
1.4088  0.3027344 0.0 -3.066406 1.586914 0.0 -2.104492 2.744141 0.0 -1.811523 3.691406 0.0 -1.367188 4.794922 0.0 -1.113281
1.4104  0.3027344 0.0 -3.051758 1.586914 0.0 -2.089844 2.744141 0.0 -1.801758 3.691406 0.0 -1.362305 4.794922 0.0 -1.108398
1.412  0.3027344 0.0 -3.037109 1.586914 0.0 -2.075195 2.744141 0.0 -1.791992 3.691406 0.0 -1.357422 4.799805 0.0 -1.108398
1.4136  0.2978516 0.0 -3.027344 1.586914 0.0 -2.06543 2.744141 0.0 -1.777344 3.691406 0.0 -1.352539 4.799805 0.0 -1.103516
1.4152  0.2978516 0.0 -3.012695 1.582031 0.0 -2.050781 2.744141 0.0 -1.767578 3.696289 0.0 -1.347656 4.799805 0.0 -1.098633
1.4168  0.2978516 0.0 -2.998047 1.582031 0.0 -2.036133 2.744141 0.0 -1.757813 3.696289 0.0 -1.337891 4.804688 0.0 -1.098633
1.4184  0.2929688 0.0 -2.988281 1.582031 0.0 -2.026367 2.744141 0.0 -1.743164 3.696289 0.0 -1.333008 4.804688 0.0 -1.09375
1.42  0.2929688 0.0 -2.973633 1.582031 0.0 -2.011719 2.744141 0.0 -1.733398 3.696289 0.0 -1.328125 4.804688 0.0 -1.09375
1.4216  0.2880859 0.0 -2.958984 1.582031 0.0 -1.99707 2.744141 0.0 -1.723633 3.696289 0.0 -1.318359 4.804688 0.0 -1.088867
1.4232  0.2880859 0.0 -2.944336 1.582031 0.0 -1.982422 2.744141 0.0 -1.708984 3.701172 0.0 -1.313477 4.80957 0.0 -1.083984
1.4248  0.2880859 0.0 -2.929688 1.582031 0.0 -1.967773 2.744141 0.0 -1.699219 3.701172 0.0 -1.308594 4.80957 0.0 -1.083984
1.4264  0.2832031 0.0 -2.919922 1.577148 0.0 -1.953125 2.744141 0.0 -1.68457 3.701172 0.0 -1.298828 4.80957 0.0 -1.079102
1.428  0.2832031 0.0 -2.905273 1.577148 0.0 -1.943359 2.744141 0.0 -1.674805 3.701172 0.0 -1.293945 4.80957 0.0 -1.074219
1.4296  0.2832031 0.0 -2.890625 1.577148 0.0 -1.928711 2.744141 0.0 -1.660156 3.701172 0.0 -1.289063 4.814453 0.0 -1.074219
1.4312  0.2783203 0.0 -2.875977 1.577148 0.0 -1.914063 2.744141 0.0 -1.650391 3.706055 0.0 -1.279297 4.814453 0.0 -1.069336
1.4328  0.2783203 0.0 -2.861328 1.577148 0.0 -1.894531 2.744141 0.0 -1.635742 3.706055 0.0 -1.274414 4.814453 0.0 -1.064453
1.4344  0.2783203 0.0 -2.84668 1.577148 0.0 -1.879883 2.744141 0.0 -1.625977 3.706055 0.0 -1.269531 4.814453 0.0 -1.05957
1.436  0.2734375 0.0 -2.832031 1.572266 0.0 -1.865234 2.744141 0.0 -1.611328 3.706055 0.0 -1.259766 4.814453 0.0 -1.05957
1.4376  0.2734375 0.0 -2.817383 1.572266 0.0 -1.850586 2.744141 0.0 -1.59668 3.710938 0.0 -1.254883 4.819336 0.0 -1.054688
1.4392  0.2734375 0.0 -2.807617 1.572266 0.0 -1.835938 2.744141 0.0 -1.586914 3.710938 0.0 -1.245117 4.819336 0.0 -1.049805
1.4408  0.2734375 0.0 -2.792969 1.572266 0.0 -1.821289 2.744141 0.0 -1.572266 3.710938 0.0 -1.240234 4.819336 0.0 -1.049805
1.4424  0.2685547 0.0 -2.77832 1.567383 0.0 -1.806641 2.744141 0.0 -1.557617 3.710938 0.0 -1.230469 4.819336 0.0 -1.044922
1.444  0.2685547 0.0 -2.763672 1.567383 0.0 -1.787109 2.744141 0.0 -1.547852 3.710938 0.0 -1.225586 4.819336 0.0 -1.040039
1.4456  0.2685547 0.0 -2.749023 1.567383 0.0 -1.772461 2.744141 0.0 -1.533203 3.71582 0.0 -1.220703 4.819336 0.0 -1.040039
1.4472  0.2636719 0.0 -2.734375 1.567383 0.0 -1.757813 2.744141 0.0 -1.518555 3.71582 0.0 -1.210938 4.819336 0.0 -1.035156
1.4488  0.2636719 0.0 -2.719727 1.5625 0.0 -1.738281 2.744141 0.0 -1.508789 3.71582 0.0 -1.206055 4.819336 0.0 -1.030273
1.4504  0.2636719 0.0 -2.709961 1.5625 0.0 -1.723633 2.744141 0.0 -1.494141 3.71582 0.0 -1.201172 4.819336 0.0 -1.030273
1.452  0.2587891 0.0 -2.695313 1.557617 0.0 -1.708984 2.739258 0.0 -1.479492 3.71582 0.0 -1.191406 4.819336 0.0 -1.025391
1.4536  0.2587891 0.0 -2.680664 1.557617 0.0 -1.689453 2.739258 0.0 -1.469727 3.71582 0.0 -1.186523 4.819336 0.0 -1.025391
1.4552  0.2539063 0.0 -2.666016 1.557617 0.0 -1.674805 2.739258 0.0 -1.455078 3.71582 0.0 -1.176758 4.819336 0.0 -1.020508
1.4568  0.2539063 0.0 -2.651367 1.552734 0.0 -1.660156 2.739258 0.0 -1.44043 3.71582 0.0 -1.171875 4.819336 0.0 -1.015625
1.4584  0.2539063 0.0 -2.636719 1.552734 0.0 -1.640625 2.739258 0.0 -1.425781 3.71582 0.0 -1.166992 4.819336 0.0 -1.015625
1.46  0.2490234 0.0 -2.626953 1.547852 0.0 -1.625977 2.734375 0.0 -1.411133 3.71582 0.0 -1.157227 4.819336 0.0 -1.010742
1.4616  0.2490234 0.0 -2.612305 1.547852 0.0 -1.606445 2.734375 0.0 -1.401367 3.71582 0.0 -1.152344 4.819336 0.0 -1.010742
1.4632  0.2441406 0.0 -2.597656 1.542969 0.0 -1.591797 2.734375 0.0 -1.386719 3.71582 0.0 -1.147461 4.814453 0.0 -1.005859
1.4648  0.2441406 0.0 -2.583008 1.538086 0.0 -1.577148 2.729492 0.0 -1.37207 3.71582 0.0 -1.142578 4.814453 0.0 -1.000977
1.4664  0.2392578 0.0 -2.568359 1.538086 0.0 -1.557617 2.729492 0.0 -1.357422 3.71582 0.0 -1.132813 4.814453 0.0 -1.000977
1.468  0.2392578 0.0 -2.558594 1.533203 0.0 -1.542969 2.729492 0.0 -1.342773 3.710938 0.0 -1.12793 4.814453 0.0 -0.9960938
1.4696  0.234375 0.0 -2.543945 1.533203 0.0 -1.523438 2.724609 0.0 -1.333008 3.710938 0.0 -1.123047 4.80957 0.0 -0.9960938
1.4712  0.234375 0.0 -2.529297 1.52832 0.0 -1.508789 2.724609 0.0 -1.318359 3.710938 0.0 -1.113281 4.80957 0.0 -0.9912109
1.4728  0.2294922 0.0 -2.514648 1.523438 0.0 -1.489258 2.724609 0.0 -1.303711 3.706055 0.0 -1.108398 4.804688 0.0 -0.9863281
1.4744  0.2294922 0.0 -2.504883 1.523438 0.0 -1.474609 2.719727 0.0 -1.289063 3.706055 0.0 -1.103516 4.804688 0.0 -0.9863281
1.476  0.2246094 0.0 -2.490234 1.518555 0.0 -1.455078 2.719727 0.0 -1.274414 3.706055 0.0 -1.098633 4.804688 0.0 -0.9814453
1.4776  0.2246094 0.0 -2.475586 1.518555 0.0 -1.44043 2.714844 0.0 -1.259766 3.701172 0.0 -1.09375 4.799805 0.0 -0.9814453
1.4792  0.2197266 0.0 -2.46582 1.513672 0.0 -1.420898 2.714844 0.0 -1.25 3.701172 0.0 -1.083984 4.799805 0.0 -0.9765625
1.4808  0.2197266 0.0 -2.451172 1.508789 0.0 -1.40625 2.714844 0.0 -1.235352 3.701172 0.0 -1.079102 4.794922 0.0 -0.9716797
1.4824  0.2148438 0.0 -2.436523 1.508789 0.0 -1.391602 2.709961 0.0 -1.220703 3.696289 0.0 -1.074219 4.794922 0.0 -0.9716797
1.484  0.2148438 0.0 -2.426758 1.503906 0.0 -1.37207 2.709961 0.0 -1.206055 3.696289 0.0 -1.069336 4.790039 0.0 -0.9667969
1.4856  0.2099609 0.0 -2.412109 1.499023 0.0 -1.357422 2.705078 0.0 -1.191406 3.691406 0.0 -1.05957 4.790039 0.0 -0.9619141
1.4872  0.2099609 0.0 -2.402344 1.499023 0.0 -1.337891 2.705078 0.0 -1.176758 3.691406 0.0 -1.054688 4.785156 0.0 -0.9619141
1.4888  0.2099609 0.0 -2.387695 1.494141 0.0 -1.323242 2.700195 0.0 -1.166992 3.691406 0.0 -1.049805 4.785156 0.0 -0.9570313
1.4904  0.2050781 0.0 -2.37793 1.489258 0.0 -1.303711 2.700195 0.0 -1.152344 3.686523 0.0 -1.044922 4.780273 0.0 -0.9521484
1.492  0.2050781 0.0 -2.363281 1.489258 0.0 -1.289063 2.700195 0.0 -1.137695 3.686523 0.0 -1.040039 4.775391 0.0 -0.9521484
1.4936  0.2001953 0.0 -2.353516 1.484375 0.0 -1.269531 2.695313 0.0 -1.123047 3.681641 0.0 -1.035156 4.775391 0.0 -0.9472656
1.4952  0.2001953 0.0 -2.338867 1.479492 0.0 -1.254883 2.695313 0.0 -1.108398 3.681641 0.0 -1.030273 4.770508 0.0 -0.9423828
1.4968  0.2001953 0.0 -2.329102 1.479492 0.0 -1.240234 2.69043 0.0 -1.098633 3.676758 0.0 -1.020508 4.765625 0.0 -0.9423828
1.4984  0.1953125 0.0 -2.314453 1.474609 0.0 -1.220703 2.69043 0.0 -1.083984 3.676758 0.0 -1.015625 4.765625 0.0 -0.9375
1.5  0.1953125 0.0 -2.304688 1.469727 0.0 -1.206055 2.685547 0.0 -1.069336 3.671875 0.0 -1.010742 4.760742 0.0 -0.9326172
1.5016  0.1904297 0.0 -2.294922 1.464844 0.0 -1.186523 2.685547 0.0 -1.054688 3.671875 0.0 -1.005859 4.755859 0.0 -0.9326172
1.5032  0.1904297 0.0 -2.280273 1.464844 0.0 -1.171875 2.680664 0.0 -1.044922 3.666992 0.0 -1.000977 4.755859 0.0 -0.9277344
1.5048  0.1904297 0.0 -2.270508 1.459961 0.0 -1.157227 2.680664 0.0 -1.030273 3.666992 0.0 -0.9960938 4.750977 0.0 -0.9228516
1.5064  0.1855469 0.0 -2.260742 1.455078 0.0 -1.137695 2.675781 0.0 -1.015625 3.662109 0.0 -0.9912109 4.746094 0.0 -0.9228516
1.508  0.1855469 0.0 -2.250977 1.455078 0.0 -1.123047 2.675781 0.0 -1.005859 3.657227 0.0 -0.9863281 4.741211 0.0 -0.9179688
1.5096  0.1855469 0.0 -2.241211 1.450195 0.0 -1.108398 2.670898 0.0 -0.9912109 3.657227 0.0 -0.9814453 4.736328 0.0 -0.9130859
1.5112  0.1806641 0.0 -2.226563 1.445313 0.0 -1.088867 2.666016 0.0 -0.9814453 3.652344 0.0 -0.9765625 4.731445 0.0 -0.9082031
1.5128  0.1806641 0.0 -2.216797 1.44043 0.0 -1.074219 2.666016 0.0 -0.9667969 3.652344 0.0 -0.9716797 4.731445 0.0 -0.9082031
1.5144  0.1757813 0.0 -2.207031 1.435547 0.0 -1.05957 2.661133 0.0 -0.9570313 3.647461 0.0 -0.9667969 4.726563 0.0 -0.9033203
1.516  0.1757813 0.0 -2.197266 1.435547 0.0 -1.044922 2.661133 0.0 -0.9423828 3.642578 0.0 -0.9619141 4.72168 0.0 -0.8984375
1.5176  0.1757813 0.0 -2.1875 1.430664 0.0 -1.025391 2.65625 0.0 -0.9326172 3.642578 0.0 -0.9570313 4.716797 0.0 -0.8984375
1.5192  0.1708984 0.0 -2.177734 1.425781 0.0 -1.010742 2.651367 0.0 -0.9179688 3.637695 0.0 -0.9521484 4.711914 0.0 -0.8935547
1.5208  0.1708984 0.0 -2.167969 1.420898 0.0 -0.9960938 2.651367 0.0 -0.9082031 3.632813 0.0 -0.9472656 4.707031 0.0 -0.8886719
1.5224  0.1660156 0.0 -2.158203 1.416016 0.0 -0.9814453 2.646484 0.0 -0.8935547 3.62793 0.0 -0.9423828 4.702148 0.0 -0.8886719
1.524  0.1660156 0.0 -2.148438 1.411133 0.0 -0.9667969 2.641602 0.0 -0.8837891 3.62793 0.0 -0.9375 4.697266 0.0 -0.8837891
1.5256  0.1660156 0.0 -2.138672 1.411133 0.0 -0.9521484 2.641602 0.0 -0.8691406 3.623047 0.0 -0.9326172 4.692383 0.0 -0.8789063
1.5272  0.1611328 0.0 -2.133789 1.40625 0.0 -0.9375 2.636719 0.0 -0.859375 3.618164 0.0 -0.9277344 4.6875 0.0 -0.8740234
1.5288  0.1611328 0.0 -2.124023 1.401367 0.0 -0.9228516 2.631836 0.0 -0.8496094 3.613281 0.0 -0.9228516 4.682617 0.0 -0.8740234
1.5304  0.15625 0.0 -2.114258 1.396484 0.0 -0.9082031 2.631836 0.0 -0.8349609 3.608398 0.0 -0.9179688 4.677734 0.0 -0.8691406
1.532  0.15625 0.0 -2.104492 1.391602 0.0 -0.8935547 2.626953 0.0 -0.8251953 3.608398 0.0 -0.9130859 4.672852 0.0 -0.8642578
1.5336  0.15625 0.0 -2.094727 1.386719 0.0 -0.8789063 2.62207 0.0 -0.8154297 3.603516 0.0 -0.9082031 4.667969 0.0 -0.859375
1.5352  0.1513672 0.0 -2.089844 1.386719 0.0 -0.8642578 2.617188 0.0 -0.8056641 3.598633 0.0 -0.9033203 4.663086 0.0 -0.8544922
1.5368  0.1513672 0.0 -2.080078 1.381836 0.0 -0.8496094 2.617188 0.0 -0.7910156 3.59375 0.0 -0.8984375 4.658203 0.0 -0.8544922
1.5384  0.1464844 0.0 -2.070313 1.376953 0.0 -0.8349609 2.612305 0.0 -0.78125 3.588867 0.0 -0.8935547 4.65332 0.0 -0.8496094
1.54  0.1464844 0.0 -2.06543 1.37207 0.0 -0.8203125 2.607422 0.0 -0.7714844 3.583984 0.0 -0.8886719 4.648438 0.0 -0.8447266
1.5416  0.1464844 0.0 -2.055664 1.367188 0.0 -0.8056641 2.607422 0.0 -0.7617188 3.583984 0.0 -0.8837891 4.643555 0.0 -0.8398438
1.5432  0.1416016 0.0 -2.045898 1.362305 0.0 -0.7910156 2.602539 0.0 -0.7519531 3.579102 0.0 -0.8789063 4.638672 0.0 -0.8349609
1.5448  0.1416016 0.0 -2.041016 1.362305 0.0 -0.7763672 2.597656 0.0 -0.7373047 3.574219 0.0 -0.8740234 4.633789 0.0 -0.8300781
1.5464  0.1416016 0.0 -2.03125 1.357422 0.0 -0.7666016 2.592773 0.0 -0.7275391 3.569336 0.0 -0.8740234 4.628906 0.0 -0.8251953
1.548  0.1367188 0.0 -2.026367 1.352539 0.0 -0.7519531 2.592773 0.0 -0.7177734 3.564453 0.0 -0.8691406 4.624023 0.0 -0.8251953
1.5496  0.1367188 0.0 -2.016602 1.347656 0.0 -0.7373047 2.587891 0.0 -0.7080078 3.55957 0.0 -0.8642578 4.619141 0.0 -0.8203125
1.5512  0.1318359 0.0 -2.011719 1.342773 0.0 -0.7275391 2.583008 0.0 -0.6982422 3.55957 0.0 -0.859375 4.614258 0.0 -0.8154297
1.5528  0.1318359 0.0 -2.001953 1.342773 0.0 -0.7128906 2.583008 0.0 -0.6884766 3.554688 0.0 -0.8544922 4.609375 0.0 -0.8105469
1.5544  0.1318359 0.0 -1.99707 1.337891 0.0 -0.703125 2.578125 0.0 -0.6787109 3.549805 0.0 -0.8496094 4.604492 0.0 -0.8056641
1.556  0.1269531 0.0 -1.992188 1.333008 0.0 -0.6884766 2.573242 0.0 -0.6689453 3.544922 0.0 -0.8447266 4.599609 0.0 -0.8007813
1.5576  0.1269531 0.0 -1.982422 1.328125 0.0 -0.6787109 2.573242 0.0 -0.6591797 3.544922 0.0 -0.8447266 4.594727 0.0 -0.7958984
1.5592  0.1269531 0.0 -1.977539 1.328125 0.0 -0.6640625 2.568359 0.0 -0.6494141 3.540039 0.0 -0.8398438 4.589844 0.0 -0.7910156
1.5608  0.1220703 0.0 -1.972656 1.323242 0.0 -0.6542969 2.568359 0.0 -0.6445313 3.535156 0.0 -0.8349609 4.584961 0.0 -0.7910156
1.5624  0.1220703 0.0 -1.962891 1.318359 0.0 -0.6445313 2.563477 0.0 -0.6347656 3.530273 0.0 -0.8300781 4.580078 0.0 -0.7861328
1.564  0.1220703 0.0 -1.958008 1.313477 0.0 -0.6347656 2.558594 0.0 -0.625 3.525391 0.0 -0.8300781 4.575195 0.0 -0.78125
1.5656  0.1171875 0.0 -1.953125 1.313477 0.0 -0.625 2.558594 0.0 -0.6152344 3.525391 0.0 -0.8251953 4.570313 0.0 -0.7763672
1.5672  0.1171875 0.0 -1.948242 1.308594 0.0 -0.6152344 2.553711 0.0 -0.6103516 3.520508 0.0 -0.8203125 4.570313 0.0 -0.7714844
1.5688  0.1171875 0.0 -1.938477 1.303711 0.0 -0.6054688 2.553711 0.0 -0.6005859 3.515625 0.0 -0.8154297 4.56543 0.0 -0.7714844
1.5704  0.1171875 0.0 -1.933594 1.298828 0.0 -0.5957031 2.548828 0.0 -0.5908203 3.515625 0.0 -0.8154297 4.560547 0.0 -0.7666016
1.572  0.1123047 0.0 -1.928711 1.298828 0.0 -0.5859375 2.543945 0.0 -0.5859375 3.510742 0.0 -0.8105469 4.555664 0.0 -0.7617188
1.5736  0.1123047 0.0 -1.923828 1.293945 0.0 -0.5761719 2.543945 0.0 -0.5761719 3.505859 0.0 -0.8056641 4.550781 0.0 -0.7617188
1.5752  0.1123047 0.0 -1.918945 1.289063 0.0 -0.5664063 2.539063 0.0 -0.5712891 3.500977 0.0 -0.8056641 4.550781 0.0 -0.7568359
1.5768  0.1074219 0.0 -1.914063 1.289063 0.0 -0.5615234 2.539063 0.0 -0.5615234 3.500977 0.0 -0.8007813 4.545898 0.0 -0.7519531
1.5784  0.1074219 0.0 -1.90918 1.28418 0.0 -0.5517578 2.53418 0.0 -0.5566406 3.496094 0.0 -0.8007813 4.541016 0.0 -0.7519531
1.58  0.1074219 0.0 -1.904297 1.279297 0.0 -0.5419922 2.53418 0.0 -0.546875 3.496094 0.0 -0.7958984 4.536133 0.0 -0.7470703
1.5816  0.1074219 0.0 -1.899414 1.274414 0.0 -0.5371094 2.529297 0.0 -0.5419922 3.491211 0.0 -0.7910156 4.536133 0.0 -0.7470703
1.5832  0.1025391 0.0 -1.894531 1.274414 0.0 -0.5273438 2.529297 0.0 -0.5371094 3.486328 0.0 -0.7910156 4.53125 0.0 -0.7421875
1.5848  0.1025391 0.0 -1.889648 1.269531 0.0 -0.5224609 2.529297 0.0 -0.5273438 3.486328 0.0 -0.7861328 4.526367 0.0 -0.7421875
1.5864  0.1025391 0.0 -1.884766 1.264648 0.0 -0.5175781 2.524414 0.0 -0.5224609 3.481445 0.0 -0.7861328 4.526367 0.0 -0.7373047
1.588  0.09765625 0.0 -1.879883 1.264648 0.0 -0.5078125 2.524414 0.0 -0.5175781 3.481445 0.0 -0.78125 4.521484 0.0 -0.7373047
1.5896  0.09765625 0.0 -1.875 1.259766 0.0 -0.5029297 2.519531 0.0 -0.5126953 3.476563 0.0 -0.78125 4.521484 0.0 -0.7373047
1.5912  0.09765625 0.0 -1.875 1.254883 0.0 -0.4980469 2.519531 0.0 -0.5078125 3.476563 0.0 -0.7763672 4.516602 0.0 -0.7324219
1.5928  0.09277344 0.0 -1.870117 1.254883 0.0 -0.4931641 2.519531 0.0 -0.5029297 3.47168 0.0 -0.7763672 4.516602 0.0 -0.7324219
1.5944  0.09277344 0.0 -1.865234 1.25 0.0 -0.4882813 2.514648 0.0 -0.4931641 3.47168 0.0 -0.7714844 4.511719 0.0 -0.7324219
1.596  0.09277344 0.0 -1.860352 1.25 0.0 -0.4833984 2.514648 0.0 -0.4882813 3.47168 0.0 -0.7714844 4.511719 0.0 -0.7275391
1.5976  0.08789063 0.0 -1.855469 1.245117 0.0 -0.4785156 2.509766 0.0 -0.4833984 3.466797 0.0 -0.7714844 4.506836 0.0 -0.7275391
1.5992  0.08789063 0.0 -1.855469 1.245117 0.0 -0.4736328 2.509766 0.0 -0.4785156 3.466797 0.0 -0.7666016 4.506836 0.0 -0.7275391
1.6008  0.08300781 0.0 -1.850586 1.240234 0.0 -0.46875 2.509766 0.0 -0.4736328 3.466797 0.0 -0.7666016 4.501953 0.0 -0.7275391
1.6024  0.08300781 0.0 -1.845703 1.235352 0.0 -0.4638672 2.504883 0.0 -0.46875 3.461914 0.0 -0.7617188 4.501953 0.0 -0.7226563
1.604  0.08300781 0.0 -1.845703 1.235352 0.0 -0.4589844 2.504883 0.0 -0.46875 3.461914 0.0 -0.7617188 4.501953 0.0 -0.7226563
1.6056  0.078125 0.0 -1.84082 1.230469 0.0 -0.4589844 2.504883 0.0 -0.4638672 3.461914 0.0 -0.7617188 4.49707 0.0 -0.7226563
1.6072  0.078125 0.0 -1.84082 1.230469 0.0 -0.4541016 2.504883 0.0 -0.4589844 3.457031 0.0 -0.7568359 4.49707 0.0 -0.7226563
1.6088  0.07324219 0.0 -1.835938 1.230469 0.0 -0.4492188 2.5 0.0 -0.4541016 3.457031 0.0 -0.7568359 4.492188 0.0 -0.7226563
1.6104  0.07324219 0.0 -1.831055 1.225586 0.0 -0.4492188 2.5 0.0 -0.4492188 3.457031 0.0 -0.7568359 4.492188 0.0 -0.7226563
1.612  0.07324219 0.0 -1.831055 1.225586 0.0 -0.4443359 2.5 0.0 -0.4443359 3.457031 0.0 -0.7568359 4.492188 0.0 -0.7226563
1.6136  0.06835938 0.0 -1.826172 1.220703 0.0 -0.4443359 2.495117 0.0 -0.4443359 3.452148 0.0 -0.7519531 4.492188 0.0 -0.7177734
1.6152  0.06835938 0.0 -1.826172 1.220703 0.0 -0.4394531 2.495117 0.0 -0.4394531 3.452148 0.0 -0.7519531 4.487305 0.0 -0.7177734
1.6168  0.06347656 0.0 -1.826172 1.21582 0.0 -0.4394531 2.495117 0.0 -0.4345703 3.452148 0.0 -0.7519531 4.487305 0.0 -0.7177734
1.6184  0.06347656 0.0 -1.821289 1.21582 0.0 -0.4394531 2.495117 0.0 -0.4345703 3.452148 0.0 -0.7519531 4.487305 0.0 -0.7177734
1.62  0.06347656 0.0 -1.821289 1.21582 0.0 -0.4345703 2.495117 0.0 -0.4296875 3.452148 0.0 -0.7470703 4.487305 0.0 -0.7177734
1.6216  0.05859375 0.0 -1.821289 1.210938 0.0 -0.4345703 2.490234 0.0 -0.4248047 3.452148 0.0 -0.7470703 4.482422 0.0 -0.7177734
1.6232  0.05859375 0.0 -1.816406 1.210938 0.0 -0.4345703 2.490234 0.0 -0.4248047 3.452148 0.0 -0.7470703 4.482422 0.0 -0.7177734
1.6248  0.05859375 0.0 -1.816406 1.210938 0.0 -0.4345703 2.490234 0.0 -0.4199219 3.447266 0.0 -0.7470703 4.482422 0.0 -0.7177734
1.6264  0.05371094 0.0 -1.816406 1.210938 0.0 -0.4296875 2.490234 0.0 -0.4199219 3.447266 0.0 -0.7421875 4.482422 0.0 -0.7177734
1.628  0.05371094 0.0 -1.816406 1.206055 0.0 -0.4296875 2.485352 0.0 -0.4150391 3.447266 0.0 -0.7421875 4.482422 0.0 -0.7177734
1.6296  0.05371094 0.0 -1.816406 1.206055 0.0 -0.4296875 2.485352 0.0 -0.4150391 3.447266 0.0 -0.7421875 4.477539 0.0 -0.7177734
1.6312  0.04882813 0.0 -1.816406 1.206055 0.0 -0.4296875 2.485352 0.0 -0.4101563 3.447266 0.0 -0.7421875 4.477539 0.0 -0.7226563
1.6328  0.04882813 0.0 -1.811523 1.201172 0.0 -0.4296875 2.485352 0.0 -0.4101563 3.447266 0.0 -0.7421875 4.477539 0.0 -0.7226563
1.6344  0.04882813 0.0 -1.816406 1.201172 0.0 -0.4296875 2.485352 0.0 -0.4052734 3.447266 0.0 -0.7421875 4.477539 0.0 -0.7226563
1.636  0.04394531 0.0 -1.816406 1.201172 0.0 -0.4296875 2.480469 0.0 -0.4052734 3.447266 0.0 -0.7421875 4.477539 0.0 -0.7226563
1.6376  0.04394531 0.0 -1.816406 1.201172 0.0 -0.4296875 2.480469 0.0 -0.4052734 3.447266 0.0 -0.7421875 4.477539 0.0 -0.7226563
1.6392  0.04394531 0.0 -1.816406 1.196289 0.0 -0.4345703 2.480469 0.0 -0.4052734 3.447266 0.0 -0.7373047 4.477539 0.0 -0.7226563
1.6408  0.04394531 0.0 -1.816406 1.196289 0.0 -0.4345703 2.480469 0.0 -0.4003906 3.447266 0.0 -0.7373047 4.477539 0.0 -0.7226563
1.6424  0.04394531 0.0 -1.816406 1.196289 0.0 -0.4345703 2.480469 0.0 -0.4003906 3.447266 0.0 -0.7373047 4.472656 0.0 -0.7226563
1.644  0.04394531 0.0 -1.821289 1.196289 0.0 -0.4394531 2.475586 0.0 -0.4003906 3.447266 0.0 -0.7373047 4.472656 0.0 -0.7226563
1.6456  0.0390625 0.0 -1.821289 1.191406 0.0 -0.4394531 2.475586 0.0 -0.4003906 3.447266 0.0 -0.7373047 4.472656 0.0 -0.7226563
1.6472  0.0390625 0.0 -1.826172 1.191406 0.0 -0.4443359 2.475586 0.0 -0.4003906 3.447266 0.0 -0.7373047 4.472656 0.0 -0.7226563
1.6488  0.0390625 0.0 -1.826172 1.191406 0.0 -0.4443359 2.475586 0.0 -0.4003906 3.447266 0.0 -0.7373047 4.472656 0.0 -0.7226563
1.6504  0.0390625 0.0 -1.831055 1.186523 0.0 -0.4492188 2.470703 0.0 -0.4003906 3.447266 0.0 -0.7373047 4.472656 0.0 -0.7226563
1.652  0.0390625 0.0 -1.831055 1.186523 0.0 -0.4541016 2.470703 0.0 -0.4003906 3.442383 0.0 -0.7373047 4.472656 0.0 -0.7226563
1.6536  0.0390625 0.0 -1.835938 1.186523 0.0 -0.4541016 2.470703 0.0 -0.4003906 3.442383 0.0 -0.7373047 4.472656 0.0 -0.7226563
1.6552  0.0390625 0.0 -1.84082 1.181641 0.0 -0.4589844 2.470703 0.0 -0.4052734 3.442383 0.0 -0.7373047 4.472656 0.0 -0.7226563
1.6568  0.0390625 0.0 -1.845703 1.181641 0.0 -0.4638672 2.46582 0.0 -0.4052734 3.442383 0.0 -0.7373047 4.472656 0.0 -0.7275391
1.6584  0.04394531 0.0 -1.850586 1.181641 0.0 -0.46875 2.46582 0.0 -0.4052734 3.442383 0.0 -0.7373047 4.472656 0.0 -0.7275391
1.66  0.04394531 0.0 -1.855469 1.176758 0.0 -0.4785156 2.46582 0.0 -0.4101563 3.442383 0.0 -0.7421875 4.472656 0.0 -0.7275391
1.6616  0.04394531 0.0 -1.860352 1.176758 0.0 -0.4833984 2.460938 0.0 -0.4101563 3.442383 0.0 -0.7421875 4.472656 0.0 -0.7275391
1.6632  0.04394531 0.0 -1.870117 1.176758 0.0 -0.4931641 2.460938 0.0 -0.4150391 3.442383 0.0 -0.7421875 4.472656 0.0 -0.7275391
1.6648  0.04394531 0.0 -1.875 1.171875 0.0 -0.4980469 2.460938 0.0 -0.4199219 3.442383 0.0 -0.7421875 4.477539 0.0 -0.7275391
1.6664  0.04882813 0.0 -1.879883 1.171875 0.0 -0.5078125 2.456055 0.0 -0.4199219 3.442383 0.0 -0.7421875 4.477539 0.0 -0.7275391
1.668  0.04882813 0.0 -1.889648 1.171875 0.0 -0.5175781 2.456055 0.0 -0.4248047 3.442383 0.0 -0.7470703 4.477539 0.0 -0.7275391
1.6696  0.04882813 0.0 -1.899414 1.166992 0.0 -0.5273438 2.456055 0.0 -0.4296875 3.442383 0.0 -0.7470703 4.477539 0.0 -0.7324219
1.6712  0.04882813 0.0 -1.90918 1.166992 0.0 -0.5371094 2.451172 0.0 -0.4345703 3.442383 0.0 -0.7470703 4.477539 0.0 -0.7324219
1.6728  0.05371094 0.0 -1.914063 1.166992 0.0 -0.546875 2.451172 0.0 -0.4394531 3.442383 0.0 -0.7470703 4.477539 0.0 -0.7324219
1.6744  0.05371094 0.0 -1.928711 1.162109 0.0 -0.5615234 2.451172 0.0 -0.4443359 3.442383 0.0 -0.7519531 4.482422 0.0 -0.7324219
1.676  0.05859375 0.0 -1.938477 1.162109 0.0 -0.5761719 2.446289 0.0 -0.4541016 3.442383 0.0 -0.7519531 4.482422 0.0 -0.7324219
1.6776  0.05859375 0.0 -1.948242 1.162109 0.0 -0.5908203 2.446289 0.0 -0.4589844 3.442383 0.0 -0.7568359 4.482422 0.0 -0.7373047
1.6792  0.06347656 0.0 -1.962891 1.162109 0.0 -0.6054688 2.446289 0.0 -0.46875 3.447266 0.0 -0.7568359 4.487305 0.0 -0.7373047
1.6808  0.06347656 0.0 -1.972656 1.157227 0.0 -0.6201172 2.441406 0.0 -0.4736328 3.447266 0.0 -0.7617188 4.487305 0.0 -0.7373047
1.6824  0.06835938 0.0 -1.987305 1.157227 0.0 -0.6347656 2.441406 0.0 -0.4833984 3.447266 0.0 -0.7617188 4.492188 0.0 -0.7373047
1.684  0.06835938 0.0 -2.001953 1.157227 0.0 -0.6542969 2.441406 0.0 -0.4931641 3.447266 0.0 -0.7666016 4.492188 0.0 -0.7421875
1.6856  0.07324219 0.0 -2.016602 1.157227 0.0 -0.6738281 2.441406 0.0 -0.5029297 3.452148 0.0 -0.7666016 4.49707 0.0 -0.7421875
1.6872  0.078125 0.0 -2.03125 1.157227 0.0 -0.6933594 2.436523 0.0 -0.5126953 3.452148 0.0 -0.7714844 4.49707 0.0 -0.7421875
1.6888  0.078125 0.0 -2.045898 1.157227 0.0 -0.7128906 2.436523 0.0 -0.5224609 3.452148 0.0 -0.7763672 4.501953 0.0 -0.7470703
1.6904  0.08300781 0.0 -2.06543 1.157227 0.0 -0.7324219 2.436523 0.0 -0.5371094 3.457031 0.0 -0.78125 4.501953 0.0 -0.7470703
1.692  0.08789063 0.0 -2.080078 1.157227 0.0 -0.7568359 2.436523 0.0 -0.546875 3.457031 0.0 -0.78125 4.506836 0.0 -0.7519531
1.6936  0.09277344 0.0 -2.099609 1.162109 0.0 -0.78125 2.436523 0.0 -0.5615234 3.461914 0.0 -0.7861328 4.511719 0.0 -0.7519531
1.6952  0.09765625 0.0 -2.119141 1.162109 0.0 -0.8056641 2.436523 0.0 -0.5761719 3.461914 0.0 -0.7910156 4.516602 0.0 -0.7568359
1.6968  0.09765625 0.0 -2.138672 1.166992 0.0 -0.8300781 2.436523 0.0 -0.5908203 3.466797 0.0 -0.7958984 4.521484 0.0 -0.7568359
1.6984  0.1025391 0.0 -2.158203 1.166992 0.0 -0.8544922 2.436523 0.0 -0.6054688 3.466797 0.0 -0.8007813 4.526367 0.0 -0.7617188
1.7  0.1074219 0.0 -2.177734 1.171875 0.0 -0.8837891 2.436523 0.0 -0.6201172 3.47168 0.0 -0.8056641 4.53125 0.0 -0.7617188
1.7016  0.1123047 0.0 -2.202148 1.171875 0.0 -0.9082031 2.436523 0.0 -0.6347656 3.476563 0.0 -0.8154297 4.536133 0.0 -0.7666016
1.7032  0.1171875 0.0 -2.22168 1.176758 0.0 -0.9375 2.436523 0.0 -0.6542969 3.481445 0.0 -0.8203125 4.541016 0.0 -0.7714844
1.7048  0.1220703 0.0 -2.246094 1.181641 0.0 -0.9667969 2.441406 0.0 -0.6689453 3.481445 0.0 -0.8251953 4.545898 0.0 -0.7763672
1.7064  0.1269531 0.0 -2.265625 1.186523 0.0 -0.9960938 2.441406 0.0 -0.6884766 3.486328 0.0 -0.8349609 4.555664 0.0 -0.78125
1.708  0.1367188 0.0 -2.290039 1.191406 0.0 -1.025391 2.446289 0.0 -0.7080078 3.491211 0.0 -0.8398438 4.560547 0.0 -0.78125
1.7096  0.1416016 0.0 -2.314453 1.196289 0.0 -1.05957 2.446289 0.0 -0.7275391 3.496094 0.0 -0.8496094 4.570313 0.0 -0.7861328
1.7112  0.1464844 0.0 -2.338867 1.201172 0.0 -1.088867 2.451172 0.0 -0.7470703 3.500977 0.0 -0.8544922 4.575195 0.0 -0.7910156
1.7128  0.1513672 0.0 -2.363281 1.210938 0.0 -1.118164 2.451172 0.0 -0.7666016 3.505859 0.0 -0.8642578 4.584961 0.0 -0.7958984
1.7144  0.15625 0.0 -2.387695 1.21582 0.0 -1.152344 2.456055 0.0 -0.7861328 3.510742 0.0 -0.8740234 4.589844 0.0 -0.8056641
1.716  0.1611328 0.0 -2.412109 1.220703 0.0 -1.186523 2.460938 0.0 -0.8105469 3.515625 0.0 -0.8789063 4.599609 0.0 -0.8105469
1.7176  0.1708984 0.0 -2.436523 1.230469 0.0 -1.21582 2.46582 0.0 -0.8300781 3.520508 0.0 -0.8886719 4.604492 0.0 -0.8154297
1.7192  0.1757813 0.0 -2.460938 1.240234 0.0 -1.25 2.470703 0.0 -0.8544922 3.525391 0.0 -0.8984375 4.614258 0.0 -0.8203125
1.7208  0.1806641 0.0 -2.485352 1.245117 0.0 -1.28418 2.475586 0.0 -0.8740234 3.535156 0.0 -0.9082031 4.624023 0.0 -0.8251953
1.7224  0.1855469 0.0 -2.514648 1.254883 0.0 -1.313477 2.480469 0.0 -0.8984375 3.540039 0.0 -0.9179688 4.628906 0.0 -0.8300781
1.724  0.1953125 0.0 -2.539063 1.264648 0.0 -1.347656 2.485352 0.0 -0.9228516 3.544922 0.0 -0.9277344 4.638672 0.0 -0.8398438
1.7256  0.2001953 0.0 -2.563477 1.274414 0.0 -1.381836 2.490234 0.0 -0.9472656 3.549805 0.0 -0.9375 4.648438 0.0 -0.8447266
1.7272  0.2050781 0.0 -2.587891 1.279297 0.0 -1.411133 2.495117 0.0 -0.9716797 3.554688 0.0 -0.9521484 4.65332 0.0 -0.8496094
1.7288  0.2099609 0.0 -2.617188 1.289063 0.0 -1.445313 2.504883 0.0 -0.9912109 3.55957 0.0 -0.9619141 4.663086 0.0 -0.859375
1.7304  0.2197266 0.0 -2.641602 1.298828 0.0 -1.479492 2.509766 0.0 -1.015625 3.569336 0.0 -0.9716797 4.672852 0.0 -0.8642578
1.732  0.2246094 0.0 -2.666016 1.308594 0.0 -1.508789 2.514648 0.0 -1.040039 3.574219 0.0 -0.9814453 4.682617 0.0 -0.8691406
1.7336  0.2294922 0.0 -2.69043 1.318359 0.0 -1.542969 2.524414 0.0 -1.064453 3.579102 0.0 -0.9912109 4.6875 0.0 -0.8789063
1.7352  0.234375 0.0 -2.714844 1.328125 0.0 -1.572266 2.529297 0.0 -1.088867 3.583984 0.0 -1.005859 4.697266 0.0 -0.8837891
1.7368  0.2392578 0.0 -2.739258 1.337891 0.0 -1.601563 2.53418 0.0 -1.113281 3.588867 0.0 -1.015625 4.702148 0.0 -0.8886719
1.7384  0.2441406 0.0 -2.763672 1.347656 0.0 -1.630859 2.543945 0.0 -1.137695 3.59375 0.0 -1.025391 4.711914 0.0 -0.8935547
1.74  0.2490234 0.0 -2.788086 1.357422 0.0 -1.660156 2.548828 0.0 -1.162109 3.598633 0.0 -1.035156 4.716797 0.0 -0.9033203
1.7416  0.2587891 0.0 -2.8125 1.367188 0.0 -1.689453 2.553711 0.0 -1.186523 3.603516 0.0 -1.049805 4.726563 0.0 -0.9082031
1.7432  0.2636719 0.0 -2.836914 1.376953 0.0 -1.71875 2.563477 0.0 -1.210938 3.608398 0.0 -1.05957 4.731445 0.0 -0.9130859
1.7448  0.2636719 0.0 -2.856445 1.381836 0.0 -1.748047 2.568359 0.0 -1.235352 3.613281 0.0 -1.069336 4.736328 0.0 -0.9179688
1.7464  0.2685547 0.0 -2.880859 1.391602 0.0 -1.772461 2.573242 0.0 -1.259766 3.618164 0.0 -1.079102 4.741211 0.0 -0.9228516
1.748  0.2734375 0.0 -2.900391 1.401367 0.0 -1.801758 2.583008 0.0 -1.279297 3.618164 0.0 -1.088867 4.746094 0.0 -0.9326172
1.7496  0.2783203 0.0 -2.924805 1.411133 0.0 -1.826172 2.587891 0.0 -1.303711 3.623047 0.0 -1.103516 4.750977 0.0 -0.9375
1.7512  0.2832031 0.0 -2.944336 1.416016 0.0 -1.850586 2.592773 0.0 -1.323242 3.62793 0.0 -1.113281 4.755859 0.0 -0.9423828
1.7528  0.2880859 0.0 -2.963867 1.425781 0.0 -1.875 2.597656 0.0 -1.347656 3.62793 0.0 -1.123047 4.760742 0.0 -0.9472656
1.7544  0.2929688 0.0 -2.983398 1.430664 0.0 -1.899414 2.602539 0.0 -1.367188 3.632813 0.0 -1.132813 4.765625 0.0 -0.9521484
1.756  0.2929688 0.0 -3.00293 1.44043 0.0 -1.923828 2.612305 0.0 -1.391602 3.632813 0.0 -1.142578 4.770508 0.0 -0.9570313
1.7576  0.2978516 0.0 -3.022461 1.445313 0.0 -1.943359 2.617188 0.0 -1.411133 3.637695 0.0 -1.152344 4.770508 0.0 -0.9619141
1.7592  0.3027344 0.0 -3.041992 1.455078 0.0 -1.967773 2.62207 0.0 -1.430664 3.637695 0.0 -1.157227 4.775391 0.0 -0.9619141
1.7608  0.3027344 0.0 -3.061523 1.459961 0.0 -1.987305 2.626953 0.0 -1.450195 3.642578 0.0 -1.166992 4.775391 0.0 -0.9667969
1.7624  0.3076172 0.0 -3.076172 1.464844 0.0 -2.006836 2.626953 0.0 -1.469727 3.642578 0.0 -1.176758 4.780273 0.0 -0.9716797
1.764  0.3076172 0.0 -3.09082 1.469727 0.0 -2.026367 2.631836 0.0 -1.489258 3.642578 0.0 -1.186523 4.780273 0.0 -0.9765625
1.7656  0.3125 0.0 -3.110352 1.474609 0.0 -2.045898 2.636719 0.0 -1.503906 3.642578 0.0 -1.196289 4.780273 0.0 -0.9814453
1.7672  0.3173828 0.0 -3.125 1.479492 0.0 -2.06543 2.641602 0.0 -1.523438 3.642578 0.0 -1.201172 4.780273 0.0 -0.9814453
1.7688  0.3173828 0.0 -3.139648 1.484375 0.0 -2.080078 2.646484 0.0 -1.542969 3.647461 0.0 -1.210938 4.780273 0.0 -0.9863281
1.7704  0.3173828 0.0 -3.154297 1.489258 0.0 -2.099609 2.646484 0.0 -1.557617 3.647461 0.0 -1.220703 4.780273 0.0 -0.9912109
1.772  0.3222656 0.0 -3.168945 1.494141 0.0 -2.114258 2.651367 0.0 -1.572266 3.647461 0.0 -1.225586 4.785156 0.0 -0.9912109
1.7736  0.3222656 0.0 -3.183594 1.499023 0.0 -2.128906 2.65625 0.0 -1.591797 3.647461 0.0 -1.235352 4.780273 0.0 -0.9960938
1.7752  0.3271484 0.0 -3.193359 1.503906 0.0 -2.148438 2.65625 0.0 -1.606445 3.647461 0.0 -1.240234 4.780273 0.0 -1.000977
1.7768  0.3271484 0.0 -3.208008 1.503906 0.0 -2.163086 2.661133 0.0 -1.621094 3.647461 0.0 -1.25 4.780273 0.0 -1.000977
1.7784  0.3271484 0.0 -3.222656 1.508789 0.0 -2.172852 2.661133 0.0 -1.635742 3.647461 0.0 -1.254883 4.780273 0.0 -1.005859
1.78  0.3320313 0.0 -3.232422 1.513672 0.0 -2.1875 2.666016 0.0 -1.650391 3.642578 0.0 -1.264648 4.780273 0.0 -1.005859
1.7816  0.3320313 0.0 -3.242188 1.513672 0.0 -2.202148 2.666016 0.0 -1.665039 3.642578 0.0 -1.269531 4.780273 0.0 -1.010742
1.7832  0.3320313 0.0 -3.256836 1.518555 0.0 -2.216797 2.666016 0.0 -1.674805 3.642578 0.0 -1.274414 4.780273 0.0 -1.010742
1.7848  0.3369141 0.0 -3.266602 1.518555 0.0 -2.226563 2.670898 0.0 -1.689453 3.642578 0.0 -1.28418 4.775391 0.0 -1.015625
1.7864  0.3369141 0.0 -3.276367 1.523438 0.0 -2.241211 2.670898 0.0 -1.704102 3.642578 0.0 -1.289063 4.775391 0.0 -1.020508
1.788  0.3369141 0.0 -3.286133 1.523438 0.0 -2.250977 2.670898 0.0 -1.713867 3.642578 0.0 -1.293945 4.775391 0.0 -1.020508
1.7896  0.3369141 0.0 -3.295898 1.52832 0.0 -2.260742 2.675781 0.0 -1.728516 3.642578 0.0 -1.303711 4.770508 0.0 -1.025391
1.7912  0.3369141 0.0 -3.305664 1.52832 0.0 -2.275391 2.675781 0.0 -1.738281 3.637695 0.0 -1.308594 4.770508 0.0 -1.025391
1.7928  0.3369141 0.0 -3.31543 1.533203 0.0 -2.285156 2.675781 0.0 -1.75293 3.637695 0.0 -1.313477 4.770508 0.0 -1.030273
1.7944  0.3369141 0.0 -3.325195 1.533203 0.0 -2.294922 2.680664 0.0 -1.762695 3.637695 0.0 -1.318359 4.770508 0.0 -1.035156
1.796  0.3369141 0.0 -3.330078 1.533203 0.0 -2.304688 2.680664 0.0 -1.772461 3.637695 0.0 -1.328125 4.765625 0.0 -1.035156
1.7976  0.3369141 0.0 -3.339844 1.538086 0.0 -2.314453 2.680664 0.0 -1.787109 3.637695 0.0 -1.333008 4.765625 0.0 -1.040039
1.7992  0.3369141 0.0 -3.349609 1.538086 0.0 -2.324219 2.680664 0.0 -1.796875 3.632813 0.0 -1.337891 4.760742 0.0 -1.044922
1.8008  0.3369141 0.0 -3.354492 1.538086 0.0 -2.333984 2.680664 0.0 -1.806641 3.632813 0.0 -1.342773 4.760742 0.0 -1.044922
1.8024  0.3369141 0.0 -3.364258 1.542969 0.0 -2.34375 2.685547 0.0 -1.816406 3.632813 0.0 -1.347656 4.760742 0.0 -1.049805
1.804  0.3369141 0.0 -3.369141 1.542969 0.0 -2.348633 2.685547 0.0 -1.826172 3.632813 0.0 -1.352539 4.755859 0.0 -1.049805
1.8056  0.3369141 0.0 -3.378906 1.542969 0.0 -2.358398 2.685547 0.0 -1.835938 3.632813 0.0 -1.357422 4.755859 0.0 -1.054688
1.8072  0.3369141 0.0 -3.383789 1.542969 0.0 -2.368164 2.685547 0.0 -1.845703 3.632813 0.0 -1.367188 4.755859 0.0 -1.05957
1.8088  0.3369141 0.0 -3.393555 1.547852 0.0 -2.373047 2.685547 0.0 -1.855469 3.632813 0.0 -1.37207 4.755859 0.0 -1.05957
1.8104  0.3369141 0.0 -3.398438 1.547852 0.0 -2.382813 2.69043 0.0 -1.865234 3.62793 0.0 -1.376953 4.750977 0.0 -1.064453
1.812  0.3369141 0.0 -3.40332 1.547852 0.0 -2.387695 2.69043 0.0 -1.875 3.62793 0.0 -1.381836 4.750977 0.0 -1.069336
1.8136  0.3369141 0.0 -3.413086 1.552734 0.0 -2.397461 2.69043 0.0 -1.879883 3.62793 0.0 -1.386719 4.750977 0.0 -1.069336
1.8152  0.3369141 0.0 -3.417969 1.552734 0.0 -2.402344 2.69043 0.0 -1.889648 3.62793 0.0 -1.391602 4.746094 0.0 -1.074219
1.8168  0.3369141 0.0 -3.422852 1.552734 0.0 -2.412109 2.69043 0.0 -1.899414 3.62793 0.0 -1.396484 4.746094 0.0 -1.079102
1.8184  0.3369141 0.0 -3.427734 1.552734 0.0 -2.416992 2.695313 0.0 -1.90918 3.62793 0.0 -1.401367 4.746094 0.0 -1.079102
1.82  0.3369141 0.0 -3.432617 1.557617 0.0 -2.426758 2.695313 0.0 -1.914063 3.62793 0.0 -1.401367 4.746094 0.0 -1.083984
1.8216  0.3369141 0.0 -3.442383 1.557617 0.0 -2.431641 2.695313 0.0 -1.923828 3.62793 0.0 -1.40625 4.746094 0.0 -1.083984
1.8232  0.3369141 0.0 -3.447266 1.557617 0.0 -2.436523 2.695313 0.0 -1.928711 3.62793 0.0 -1.411133 4.741211 0.0 -1.088867
1.8248  0.3369141 0.0 -3.452148 1.557617 0.0 -2.446289 2.700195 0.0 -1.938477 3.62793 0.0 -1.416016 4.741211 0.0 -1.09375
1.8264  0.3369141 0.0 -3.457031 1.5625 0.0 -2.451172 2.700195 0.0 -1.943359 3.62793 0.0 -1.420898 4.741211 0.0 -1.09375
1.828  0.3369141 0.0 -3.461914 1.5625 0.0 -2.456055 2.700195 0.0 -1.953125 3.62793 0.0 -1.425781 4.741211 0.0 -1.098633
1.8296  0.3369141 0.0 -3.466797 1.5625 0.0 -2.460938 2.700195 0.0 -1.958008 3.62793 0.0 -1.430664 4.741211 0.0 -1.103516
1.8312  0.3320313 0.0 -3.47168 1.5625 0.0 -2.46582 2.700195 0.0 -1.967773 3.62793 0.0 -1.435547 4.736328 0.0 -1.103516
1.8328  0.3320313 0.0 -3.47168 1.5625 0.0 -2.475586 2.700195 0.0 -1.972656 3.62793 0.0 -1.435547 4.736328 0.0 -1.108398
1.8344  0.3320313 0.0 -3.476563 1.567383 0.0 -2.480469 2.705078 0.0 -1.977539 3.62793 0.0 -1.44043 4.736328 0.0 -1.108398
1.836  0.3320313 0.0 -3.481445 1.567383 0.0 -2.485352 2.705078 0.0 -1.987305 3.62793 0.0 -1.445313 4.736328 0.0 -1.113281
1.8376  0.3320313 0.0 -3.486328 1.567383 0.0 -2.490234 2.705078 0.0 -1.992188 3.62793 0.0 -1.450195 4.736328 0.0 -1.113281
1.8392  0.3320313 0.0 -3.491211 1.567383 0.0 -2.495117 2.705078 0.0 -1.99707 3.62793 0.0 -1.455078 4.731445 0.0 -1.118164
1.8408  0.3320313 0.0 -3.491211 1.567383 0.0 -2.5 2.705078 0.0 -2.001953 3.62793 0.0 -1.455078 4.731445 0.0 -1.123047
1.8424  0.3271484 0.0 -3.496094 1.567383 0.0 -2.504883 2.705078 0.0 -2.006836 3.623047 0.0 -1.459961 4.731445 0.0 -1.123047
1.844  0.3271484 0.0 -3.500977 1.572266 0.0 -2.509766 2.705078 0.0 -2.016602 3.623047 0.0 -1.464844 4.731445 0.0 -1.12793
1.8456  0.3271484 0.0 -3.500977 1.572266 0.0 -2.514648 2.705078 0.0 -2.021484 3.623047 0.0 -1.464844 4.731445 0.0 -1.12793
1.8472  0.3271484 0.0 -3.505859 1.572266 0.0 -2.514648 2.705078 0.0 -2.026367 3.623047 0.0 -1.469727 4.726563 0.0 -1.132813
1.8488  0.3271484 0.0 -3.505859 1.572266 0.0 -2.519531 2.709961 0.0 -2.03125 3.623047 0.0 -1.474609 4.726563 0.0 -1.132813
1.8504  0.3222656 0.0 -3.510742 1.572266 0.0 -2.524414 2.709961 0.0 -2.036133 3.623047 0.0 -1.474609 4.726563 0.0 -1.137695
1.852  0.3222656 0.0 -3.510742 1.572266 0.0 -2.529297 2.709961 0.0 -2.036133 3.623047 0.0 -1.479492 4.726563 0.0 -1.137695
1.8536  0.3222656 0.0 -3.515625 1.572266 0.0 -2.53418 2.709961 0.0 -2.041016 3.623047 0.0 -1.479492 4.726563 0.0 -1.142578
1.8552  0.3222656 0.0 -3.515625 1.572266 0.0 -2.53418 2.709961 0.0 -2.045898 3.623047 0.0 -1.484375 4.72168 0.0 -1.142578
1.8568  0.3222656 0.0 -3.520508 1.572266 0.0 -2.539063 2.709961 0.0 -2.050781 3.618164 0.0 -1.489258 4.72168 0.0 -1.142578
1.8584  0.3173828 0.0 -3.520508 1.572266 0.0 -2.543945 2.705078 0.0 -2.055664 3.618164 0.0 -1.489258 4.72168 0.0 -1.147461
1.86  0.3173828 0.0 -3.520508 1.572266 0.0 -2.543945 2.705078 0.0 -2.055664 3.618164 0.0 -1.494141 4.72168 0.0 -1.147461
1.8616  0.3173828 0.0 -3.525391 1.572266 0.0 -2.548828 2.705078 0.0 -2.060547 3.618164 0.0 -1.494141 4.716797 0.0 -1.152344
1.8632  0.3173828 0.0 -3.525391 1.567383 0.0 -2.548828 2.705078 0.0 -2.06543 3.618164 0.0 -1.494141 4.716797 0.0 -1.152344
1.8648  0.3125 0.0 -3.525391 1.567383 0.0 -2.553711 2.705078 0.0 -2.06543 3.618164 0.0 -1.499023 4.716797 0.0 -1.152344
1.8664  0.3125 0.0 -3.525391 1.567383 0.0 -2.553711 2.705078 0.0 -2.070313 3.613281 0.0 -1.499023 4.716797 0.0 -1.157227
1.868  0.3125 0.0 -3.525391 1.567383 0.0 -2.558594 2.705078 0.0 -2.070313 3.613281 0.0 -1.503906 4.716797 0.0 -1.157227
1.8696  0.3125 0.0 -3.525391 1.567383 0.0 -2.558594 2.705078 0.0 -2.075195 3.613281 0.0 -1.503906 4.716797 0.0 -1.157227
1.8712  0.3076172 0.0 -3.530273 1.567383 0.0 -2.558594 2.705078 0.0 -2.075195 3.613281 0.0 -1.503906 4.711914 0.0 -1.162109
1.8728  0.3076172 0.0 -3.530273 1.567383 0.0 -2.563477 2.705078 0.0 -2.080078 3.613281 0.0 -1.508789 4.711914 0.0 -1.162109
1.8744  0.3076172 0.0 -3.530273 1.567383 0.0 -2.563477 2.705078 0.0 -2.080078 3.613281 0.0 -1.508789 4.711914 0.0 -1.162109
1.876  0.3076172 0.0 -3.530273 1.567383 0.0 -2.563477 2.705078 0.0 -2.084961 3.608398 0.0 -1.508789 4.711914 0.0 -1.162109
1.8776  0.3027344 0.0 -3.530273 1.567383 0.0 -2.563477 2.705078 0.0 -2.084961 3.608398 0.0 -1.508789 4.711914 0.0 -1.166992
1.8792  0.3027344 0.0 -3.525391 1.567383 0.0 -2.563477 2.705078 0.0 -2.084961 3.608398 0.0 -1.508789 4.711914 0.0 -1.166992
1.8808  0.3027344 0.0 -3.525391 1.567383 0.0 -2.568359 2.705078 0.0 -2.084961 3.608398 0.0 -1.513672 4.711914 0.0 -1.166992
1.8824  0.3027344 0.0 -3.525391 1.567383 0.0 -2.568359 2.700195 0.0 -2.084961 3.608398 0.0 -1.513672 4.707031 0.0 -1.166992
1.884  0.3027344 0.0 -3.525391 1.567383 0.0 -2.568359 2.700195 0.0 -2.089844 3.608398 0.0 -1.513672 4.707031 0.0 -1.166992
1.8856  0.2978516 0.0 -3.525391 1.5625 0.0 -2.568359 2.700195 0.0 -2.089844 3.608398 0.0 -1.513672 4.707031 0.0 -1.166992
1.8872  0.2978516 0.0 -3.520508 1.5625 0.0 -2.563477 2.700195 0.0 -2.089844 3.603516 0.0 -1.513672 4.707031 0.0 -1.171875
1.8888  0.2978516 0.0 -3.520508 1.5625 0.0 -2.563477 2.700195 0.0 -2.089844 3.603516 0.0 -1.513672 4.707031 0.0 -1.171875
1.8904  0.2978516 0.0 -3.520508 1.5625 0.0 -2.563477 2.700195 0.0 -2.089844 3.603516 0.0 -1.513672 4.707031 0.0 -1.171875
1.892  0.2978516 0.0 -3.515625 1.5625 0.0 -2.563477 2.700195 0.0 -2.089844 3.603516 0.0 -1.508789 4.707031 0.0 -1.171875
1.8936  0.2929688 0.0 -3.515625 1.5625 0.0 -2.563477 2.700195 0.0 -2.089844 3.603516 0.0 -1.508789 4.707031 0.0 -1.171875
1.8952  0.2929688 0.0 -3.510742 1.5625 0.0 -2.558594 2.700195 0.0 -2.089844 3.603516 0.0 -1.508789 4.707031 0.0 -1.171875
1.8968  0.2929688 0.0 -3.510742 1.5625 0.0 -2.558594 2.700195 0.0 -2.089844 3.603516 0.0 -1.508789 4.707031 0.0 -1.171875
1.8984  0.2929688 0.0 -3.505859 1.5625 0.0 -2.558594 2.700195 0.0 -2.084961 3.603516 0.0 -1.508789 4.707031 0.0 -1.171875
1.9  0.2929688 0.0 -3.505859 1.5625 0.0 -2.553711 2.700195 0.0 -2.084961 3.603516 0.0 -1.508789 4.707031 0.0 -1.171875
1.9016  0.2880859 0.0 -3.500977 1.557617 0.0 -2.553711 2.695313 0.0 -2.084961 3.598633 0.0 -1.503906 4.707031 0.0 -1.171875
1.9032  0.2880859 0.0 -3.496094 1.557617 0.0 -2.548828 2.695313 0.0 -2.084961 3.598633 0.0 -1.503906 4.707031 0.0 -1.171875
1.9048  0.2880859 0.0 -3.496094 1.557617 0.0 -2.548828 2.695313 0.0 -2.080078 3.598633 0.0 -1.503906 4.707031 0.0 -1.171875
1.9064  0.2880859 0.0 -3.491211 1.557617 0.0 -2.543945 2.695313 0.0 -2.080078 3.598633 0.0 -1.499023 4.707031 0.0 -1.171875
1.908  0.2832031 0.0 -3.486328 1.557617 0.0 -2.543945 2.695313 0.0 -2.080078 3.598633 0.0 -1.499023 4.707031 0.0 -1.171875
1.9096  0.2832031 0.0 -3.481445 1.557617 0.0 -2.539063 2.695313 0.0 -2.075195 3.598633 0.0 -1.499023 4.707031 0.0 -1.166992
1.9112  0.2832031 0.0 -3.481445 1.557617 0.0 -2.53418 2.695313 0.0 -2.075195 3.598633 0.0 -1.494141 4.707031 0.0 -1.166992
1.9128  0.2832031 0.0 -3.476563 1.552734 0.0 -2.53418 2.695313 0.0 -2.070313 3.598633 0.0 -1.494141 4.707031 0.0 -1.166992
1.9144  0.2783203 0.0 -3.47168 1.552734 0.0 -2.529297 2.695313 0.0 -2.070313 3.598633 0.0 -1.494141 4.707031 0.0 -1.166992
1.916  0.2783203 0.0 -3.466797 1.552734 0.0 -2.524414 2.695313 0.0 -2.06543 3.598633 0.0 -1.489258 4.707031 0.0 -1.166992
1.9176  0.2783203 0.0 -3.461914 1.552734 0.0 -2.519531 2.695313 0.0 -2.06543 3.598633 0.0 -1.489258 4.707031 0.0 -1.166992
1.9192  0.2783203 0.0 -3.457031 1.552734 0.0 -2.514648 2.69043 0.0 -2.060547 3.598633 0.0 -1.484375 4.707031 0.0 -1.166992
1.9208  0.2734375 0.0 -3.452148 1.547852 0.0 -2.509766 2.69043 0.0 -2.060547 3.598633 0.0 -1.484375 4.711914 0.0 -1.166992
1.9224  0.2734375 0.0 -3.442383 1.547852 0.0 -2.509766 2.69043 0.0 -2.055664 3.598633 0.0 -1.484375 4.711914 0.0 -1.166992
1.924  0.2734375 0.0 -3.4375 1.547852 0.0 -2.504883 2.69043 0.0 -2.050781 3.598633 0.0 -1.479492 4.711914 0.0 -1.166992
1.9256  0.2685547 0.0 -3.432617 1.547852 0.0 -2.495117 2.69043 0.0 -2.050781 3.598633 0.0 -1.479492 4.711914 0.0 -1.166992
1.9272  0.2685547 0.0 -3.422852 1.542969 0.0 -2.490234 2.69043 0.0 -2.045898 3.598633 0.0 -1.474609 4.711914 0.0 -1.166992
1.9288  0.2636719 0.0 -3.417969 1.542969 0.0 -2.485352 2.69043 0.0 -2.041016 3.598633 0.0 -1.474609 4.711914 0.0 -1.162109
1.9304  0.2636719 0.0 -3.413086 1.542969 0.0 -2.480469 2.685547 0.0 -2.036133 3.598633 0.0 -1.469727 4.711914 0.0 -1.162109
1.932  0.2587891 0.0 -3.40332 1.542969 0.0 -2.475586 2.685547 0.0 -2.03125 3.598633 0.0 -1.469727 4.711914 0.0 -1.162109
1.9336  0.2587891 0.0 -3.393555 1.538086 0.0 -2.470703 2.685547 0.0 -2.03125 3.598633 0.0 -1.469727 4.716797 0.0 -1.162109
1.9352  0.2539063 0.0 -3.388672 1.538086 0.0 -2.460938 2.685547 0.0 -2.026367 3.603516 0.0 -1.464844 4.716797 0.0 -1.162109
1.9368  0.2539063 0.0 -3.378906 1.538086 0.0 -2.456055 2.685547 0.0 -2.021484 3.603516 0.0 -1.464844 4.716797 0.0 -1.162109
1.9384  0.2490234 0.0 -3.369141 1.533203 0.0 -2.451172 2.685547 0.0 -2.016602 3.603516 0.0 -1.459961 4.716797 0.0 -1.162109
1.94  0.2490234 0.0 -3.359375 1.533203 0.0 -2.441406 2.680664 0.0 -2.011719 3.603516 0.0 -1.459961 4.716797 0.0 -1.162109
1.9416  0.2441406 0.0 -3.349609 1.533203 0.0 -2.436523 2.680664 0.0 -2.006836 3.603516 0.0 -1.455078 4.72168 0.0 -1.162109
1.9432  0.2392578 0.0 -3.339844 1.52832 0.0 -2.426758 2.680664 0.0 -2.001953 3.603516 0.0 -1.455078 4.72168 0.0 -1.162109
1.9448  0.2392578 0.0 -3.330078 1.52832 0.0 -2.416992 2.680664 0.0 -1.99707 3.603516 0.0 -1.450195 4.72168 0.0 -1.162109
1.9464  0.234375 0.0 -3.320313 1.52832 0.0 -2.412109 2.680664 0.0 -1.992188 3.603516 0.0 -1.445313 4.72168 0.0 -1.162109
1.948  0.2294922 0.0 -3.310547 1.523438 0.0 -2.402344 2.680664 0.0 -1.982422 3.608398 0.0 -1.445313 4.726563 0.0 -1.162109
1.9496  0.2294922 0.0 -3.295898 1.523438 0.0 -2.392578 2.680664 0.0 -1.977539 3.608398 0.0 -1.44043 4.726563 0.0 -1.162109
1.9512  0.2246094 0.0 -3.286133 1.523438 0.0 -2.382813 2.675781 0.0 -1.972656 3.608398 0.0 -1.44043 4.726563 0.0 -1.162109
1.9528  0.2197266 0.0 -3.271484 1.518555 0.0 -2.373047 2.675781 0.0 -1.967773 3.608398 0.0 -1.435547 4.731445 0.0 -1.162109
1.9544  0.2148438 0.0 -3.261719 1.518555 0.0 -2.363281 2.675781 0.0 -1.962891 3.608398 0.0 -1.430664 4.731445 0.0 -1.162109
1.956  0.2148438 0.0 -3.24707 1.518555 0.0 -2.353516 2.675781 0.0 -1.953125 3.613281 0.0 -1.430664 4.731445 0.0 -1.162109
1.9576  0.2099609 0.0 -3.237305 1.518555 0.0 -2.34375 2.675781 0.0 -1.948242 3.613281 0.0 -1.425781 4.736328 0.0 -1.162109
1.9592  0.2050781 0.0 -3.222656 1.513672 0.0 -2.333984 2.675781 0.0 -1.943359 3.613281 0.0 -1.420898 4.736328 0.0 -1.162109
1.9608  0.2001953 0.0 -3.208008 1.513672 0.0 -2.324219 2.675781 0.0 -1.933594 3.618164 0.0 -1.420898 4.741211 0.0 -1.162109
1.9624  0.1953125 0.0 -3.193359 1.513672 0.0 -2.314453 2.675781 0.0 -1.928711 3.618164 0.0 -1.416016 4.741211 0.0 -1.162109
1.964  0.1953125 0.0 -3.183594 1.513672 0.0 -2.304688 2.675781 0.0 -1.923828 3.618164 0.0 -1.411133 4.741211 0.0 -1.162109
1.9656  0.1904297 0.0 -3.168945 1.513672 0.0 -2.294922 2.675781 0.0 -1.914063 3.623047 0.0 -1.411133 4.746094 0.0 -1.162109
1.9672  0.1855469 0.0 -3.154297 1.513672 0.0 -2.280273 2.675781 0.0 -1.90918 3.623047 0.0 -1.40625 4.746094 0.0 -1.162109
1.9688  0.1806641 0.0 -3.139648 1.508789 0.0 -2.270508 2.680664 0.0 -1.899414 3.623047 0.0 -1.401367 4.750977 0.0 -1.162109
1.9704  0.1757813 0.0 -3.120117 1.508789 0.0 -2.260742 2.680664 0.0 -1.894531 3.62793 0.0 -1.401367 4.750977 0.0 -1.162109
1.972  0.1757813 0.0 -3.105469 1.508789 0.0 -2.250977 2.680664 0.0 -1.889648 3.62793 0.0 -1.396484 4.755859 0.0 -1.162109
1.9736  0.1708984 0.0 -3.09082 1.508789 0.0 -2.236328 2.680664 0.0 -1.879883 3.632813 0.0 -1.391602 4.760742 0.0 -1.162109
1.9752  0.1660156 0.0 -3.076172 1.508789 0.0 -2.226563 2.680664 0.0 -1.875 3.632813 0.0 -1.386719 4.760742 0.0 -1.162109
1.9768  0.1611328 0.0 -3.061523 1.508789 0.0 -2.211914 2.680664 0.0 -1.865234 3.632813 0.0 -1.386719 4.765625 0.0 -1.162109
1.9784  0.15625 0.0 -3.041992 1.508789 0.0 -2.202148 2.685547 0.0 -1.860352 3.637695 0.0 -1.381836 4.765625 0.0 -1.162109
1.98  0.1513672 0.0 -3.027344 1.508789 0.0 -2.192383 2.685547 0.0 -1.850586 3.642578 0.0 -1.376953 4.770508 0.0 -1.162109
1.9816  0.1513672 0.0 -3.012695 1.508789 0.0 -2.177734 2.685547 0.0 -1.845703 3.642578 0.0 -1.37207 4.775391 0.0 -1.162109
1.9832  0.1464844 0.0 -2.998047 1.508789 0.0 -2.167969 2.685547 0.0 -1.835938 3.647461 0.0 -1.37207 4.775391 0.0 -1.162109
1.9848  0.1416016 0.0 -2.978516 1.508789 0.0 -2.15332 2.69043 0.0 -1.831055 3.647461 0.0 -1.367188 4.780273 0.0 -1.162109
1.9864  0.1367188 0.0 -2.963867 1.508789 0.0 -2.143555 2.69043 0.0 -1.826172 3.652344 0.0 -1.362305 4.785156 0.0 -1.162109
1.988  0.1318359 0.0 -2.944336 1.508789 0.0 -2.128906 2.69043 0.0 -1.816406 3.652344 0.0 -1.362305 4.785156 0.0 -1.162109
1.9896  0.1318359 0.0 -2.929688 1.508789 0.0 -2.119141 2.695313 0.0 -1.811523 3.657227 0.0 -1.357422 4.790039 0.0 -1.162109
1.9912  0.1269531 0.0 -2.915039 1.513672 0.0 -2.104492 2.695313 0.0 -1.801758 3.657227 0.0 -1.352539 4.794922 0.0 -1.162109
1.9928  0.1220703 0.0 -2.895508 1.513672 0.0 -2.094727 2.695313 0.0 -1.796875 3.662109 0.0 -1.347656 4.794922 0.0 -1.162109
1.9944  0.1171875 0.0 -2.880859 1.513672 0.0 -2.080078 2.695313 0.0 -1.787109 3.666992 0.0 -1.347656 4.799805 0.0 -1.162109
1.996  0.1123047 0.0 -2.861328 1.513672 0.0 -2.070313 2.700195 0.0 -1.782227 3.666992 0.0 -1.342773 4.804688 0.0 -1.162109
1.9976  0.1123047 0.0 -2.84668 1.513672 0.0 -2.055664 2.700195 0.0 -1.777344 3.671875 0.0 -1.342773 4.804688 0.0 -1.162109
1.9992  0.1074219 0.0 -2.827148 1.513672 0.0 -2.045898 2.705078 0.0 -1.767578 3.676758 0.0 -1.337891 4.80957 0.0 -1.162109
2.0008  0.1025391 0.0 -2.8125 1.518555 0.0 -2.03125 2.705078 0.0 -1.762695 3.676758 0.0 -1.333008 4.814453 0.0 -1.162109
2.0024  0.1025391 0.0 -2.797852 1.518555 0.0 -2.021484 2.705078 0.0 -1.757813 3.681641 0.0 -1.333008 4.814453 0.0 -1.162109
2.004  0.09765625 0.0 -2.77832 1.518555 0.0 -2.006836 2.709961 0.0 -1.748047 3.681641 0.0 -1.328125 4.819336 0.0 -1.162109
2.0056  0.09277344 0.0 -2.763672 1.518555 0.0 -1.99707 2.709961 0.0 -1.743164 3.686523 0.0 -1.328125 4.824219 0.0 -1.162109
2.0072  0.08789063 0.0 -2.749023 1.518555 0.0 -1.982422 2.709961 0.0 -1.738281 3.691406 0.0 -1.323242 4.824219 0.0 -1.162109
2.0088  0.08789063 0.0 -2.729492 1.523438 0.0 -1.972656 2.714844 0.0 -1.728516 3.691406 0.0 -1.323242 4.829102 0.0 -1.162109
2.0104  0.08300781 0.0 -2.714844 1.523438 0.0 -1.962891 2.714844 0.0 -1.723633 3.696289 0.0 -1.318359 4.829102 0.0 -1.162109
2.012  0.078125 0.0 -2.700195 1.523438 0.0 -1.948242 2.714844 0.0 -1.71875 3.696289 0.0 -1.318359 4.833984 0.0 -1.162109
2.0136  0.078125 0.0 -2.680664 1.523438 0.0 -1.938477 2.719727 0.0 -1.713867 3.701172 0.0 -1.313477 4.838867 0.0 -1.162109
2.0152  0.07324219 0.0 -2.666016 1.523438 0.0 -1.923828 2.719727 0.0 -1.704102 3.701172 0.0 -1.313477 4.838867 0.0 -1.162109
2.0168  0.07324219 0.0 -2.651367 1.52832 0.0 -1.914063 2.719727 0.0 -1.699219 3.706055 0.0 -1.313477 4.84375 0.0 -1.162109
2.0184  0.06835938 0.0 -2.636719 1.52832 0.0 -1.904297 2.724609 0.0 -1.694336 3.710938 0.0 -1.308594 4.84375 0.0 -1.166992
2.02  0.06347656 0.0 -2.62207 1.52832 0.0 -1.894531 2.724609 0.0 -1.689453 3.710938 0.0 -1.308594 4.848633 0.0 -1.166992
2.0216  0.06347656 0.0 -2.607422 1.52832 0.0 -1.879883 2.724609 0.0 -1.68457 3.71582 0.0 -1.308594 4.853516 0.0 -1.166992
2.0232  0.05859375 0.0 -2.592773 1.52832 0.0 -1.870117 2.729492 0.0 -1.679688 3.71582 0.0 -1.303711 4.853516 0.0 -1.166992
2.0248  0.05859375 0.0 -2.578125 1.533203 0.0 -1.860352 2.729492 0.0 -1.669922 3.720703 0.0 -1.303711 4.858398 0.0 -1.166992
2.0264  0.05371094 0.0 -2.563477 1.533203 0.0 -1.850586 2.729492 0.0 -1.665039 3.720703 0.0 -1.303711 4.858398 0.0 -1.166992
2.028  0.04882813 0.0 -2.548828 1.533203 0.0 -1.84082 2.734375 0.0 -1.660156 3.725586 0.0 -1.298828 4.863281 0.0 -1.166992
2.0296  0.04882813 0.0 -2.53418 1.533203 0.0 -1.826172 2.734375 0.0 -1.655273 3.725586 0.0 -1.298828 4.863281 0.0 -1.166992
2.0312  0.04394531 0.0 -2.519531 1.538086 0.0 -1.816406 2.734375 0.0 -1.650391 3.730469 0.0 -1.298828 4.868164 0.0 -1.166992
2.0328  0.04394531 0.0 -2.504883 1.538086 0.0 -1.806641 2.734375 0.0 -1.645508 3.730469 0.0 -1.298828 4.868164 0.0 -1.166992
2.0344  0.0390625 0.0 -2.495117 1.538086 0.0 -1.796875 2.739258 0.0 -1.640625 3.730469 0.0 -1.293945 4.873047 0.0 -1.166992
2.036  0.0390625 0.0 -2.480469 1.538086 0.0 -1.787109 2.739258 0.0 -1.635742 3.735352 0.0 -1.293945 4.873047 0.0 -1.162109
2.0376  0.03417969 0.0 -2.46582 1.542969 0.0 -1.777344 2.739258 0.0 -1.630859 3.735352 0.0 -1.293945 4.873047 0.0 -1.162109
2.0392  0.03417969 0.0 -2.456055 1.542969 0.0 -1.767578 2.744141 0.0 -1.625977 3.740234 0.0 -1.293945 4.87793 0.0 -1.162109
2.0408  0.02929688 0.0 -2.441406 1.542969 0.0 -1.762695 2.744141 0.0 -1.621094 3.740234 0.0 -1.289063 4.87793 0.0 -1.162109
2.0424  0.02929688 0.0 -2.431641 1.547852 0.0 -1.75293 2.744141 0.0 -1.616211 3.745117 0.0 -1.289063 4.882813 0.0 -1.162109
2.044  0.02441406 0.0 -2.416992 1.547852 0.0 -1.743164 2.744141 0.0 -1.611328 3.745117 0.0 -1.289063 4.882813 0.0 -1.162109
2.0456  0.02441406 0.0 -2.407227 1.547852 0.0 -1.733398 2.749023 0.0 -1.606445 3.745117 0.0 -1.289063 4.882813 0.0 -1.162109
2.0472  0.02441406 0.0 -2.392578 1.547852 0.0 -1.723633 2.749023 0.0 -1.606445 3.75 0.0 -1.28418 4.887695 0.0 -1.162109
2.0488  0.01953125 0.0 -2.382813 1.547852 0.0 -1.71875 2.749023 0.0 -1.601563 3.75 0.0 -1.28418 4.887695 0.0 -1.162109
2.0504  0.01953125 0.0 -2.373047 1.552734 0.0 -1.708984 2.749023 0.0 -1.59668 3.75 0.0 -1.28418 4.887695 0.0 -1.162109
2.052  0.01464844 0.0 -2.363281 1.552734 0.0 -1.699219 2.749023 0.0 -1.591797 3.754883 0.0 -1.28418 4.892578 0.0 -1.157227
2.0536  0.01464844 0.0 -2.353516 1.552734 0.0 -1.694336 2.753906 0.0 -1.586914 3.754883 0.0 -1.279297 4.892578 0.0 -1.157227
2.0552  0.009765625 0.0 -2.338867 1.552734 0.0 -1.68457 2.753906 0.0 -1.586914 3.754883 0.0 -1.279297 4.892578 0.0 -1.157227
2.0568  0.009765625 0.0 -2.329102 1.557617 0.0 -1.679688 2.753906 0.0 -1.582031 3.759766 0.0 -1.279297 4.897461 0.0 -1.157227
2.0584  0.009765625 0.0 -2.319336 1.557617 0.0 -1.669922 2.753906 0.0 -1.577148 3.759766 0.0 -1.279297 4.897461 0.0 -1.157227
2.06  0.004882813 0.0 -2.30957 1.557617 0.0 -1.665039 2.758789 0.0 -1.577148 3.759766 0.0 -1.274414 4.897461 0.0 -1.157227
2.0616  0.004882813 0.0 -2.304688 1.557617 0.0 -1.660156 2.758789 0.0 -1.572266 3.759766 0.0 -1.274414 4.897461 0.0 -1.157227
2.0632  0.004882813 0.0 -2.294922 1.557617 0.0 -1.650391 2.758789 0.0 -1.567383 3.764648 0.0 -1.274414 4.902344 0.0 -1.157227
2.0648  0.0 0.0 -2.285156 1.5625 0.0 -1.645508 2.758789 0.0 -1.567383 3.764648 0.0 -1.274414 4.902344 0.0 -1.157227
2.0664  0.0 0.0 -2.275391 1.5625 0.0 -1.640625 2.758789 0.0 -1.5625 3.764648 0.0 -1.274414 4.902344 0.0 -1.157227
2.068  0.0 0.0 -2.265625 1.5625 0.0 -1.635742 2.758789 0.0 -1.5625 3.764648 0.0 -1.274414 4.902344 0.0 -1.157227
2.0696  -0.004882813 0.0 -2.260742 1.5625 0.0 -1.630859 2.758789 0.0 -1.557617 3.769531 0.0 -1.274414 4.902344 0.0 -1.157227
2.0712  -0.004882813 0.0 -2.250977 1.5625 0.0 -1.625977 2.763672 0.0 -1.557617 3.769531 0.0 -1.269531 4.902344 0.0 -1.157227
2.0728  -0.004882813 0.0 -2.246094 1.5625 0.0 -1.621094 2.763672 0.0 -1.552734 3.769531 0.0 -1.269531 4.907227 0.0 -1.157227
2.0744  -0.009765625 0.0 -2.236328 1.5625 0.0 -1.616211 2.763672 0.0 -1.552734 3.769531 0.0 -1.269531 4.907227 0.0 -1.157227
2.076  -0.009765625 0.0 -2.231445 1.567383 0.0 -1.611328 2.763672 0.0 -1.552734 3.769531 0.0 -1.269531 4.907227 0.0 -1.157227
2.0776  -0.009765625 0.0 -2.22168 1.567383 0.0 -1.606445 2.763672 0.0 -1.547852 3.774414 0.0 -1.269531 4.907227 0.0 -1.157227
2.0792  -0.009765625 0.0 -2.216797 1.567383 0.0 -1.601563 2.763672 0.0 -1.547852 3.774414 0.0 -1.269531 4.907227 0.0 -1.157227
2.0808  -0.009765625 0.0 -2.211914 1.567383 0.0 -1.59668 2.763672 0.0 -1.547852 3.774414 0.0 -1.269531 4.907227 0.0 -1.157227
2.0824  -0.01464844 0.0 -2.207031 1.567383 0.0 -1.591797 2.763672 0.0 -1.542969 3.774414 0.0 -1.269531 4.907227 0.0 -1.157227
2.084  -0.01464844 0.0 -2.202148 1.567383 0.0 -1.591797 2.763672 0.0 -1.542969 3.774414 0.0 -1.269531 4.907227 0.0 -1.157227
2.0856  -0.01464844 0.0 -2.197266 1.567383 0.0 -1.586914 2.763672 0.0 -1.542969 3.774414 0.0 -1.269531 4.912109 0.0 -1.157227
2.0872  -0.01464844 0.0 -2.192383 1.567383 0.0 -1.582031 2.763672 0.0 -1.542969 3.774414 0.0 -1.269531 4.912109 0.0 -1.157227
2.0888  -0.01464844 0.0 -2.1875 1.567383 0.0 -1.582031 2.768555 0.0 -1.542969 3.779297 0.0 -1.269531 4.912109 0.0 -1.157227
2.0904  -0.01464844 0.0 -2.182617 1.567383 0.0 -1.577148 2.768555 0.0 -1.542969 3.779297 0.0 -1.269531 4.912109 0.0 -1.157227
2.092  -0.01953125 0.0 -2.177734 1.567383 0.0 -1.577148 2.768555 0.0 -1.542969 3.779297 0.0 -1.269531 4.912109 0.0 -1.157227
2.0936  -0.01953125 0.0 -2.172852 1.567383 0.0 -1.572266 2.768555 0.0 -1.542969 3.779297 0.0 -1.269531 4.912109 0.0 -1.157227
2.0952  -0.01953125 0.0 -2.172852 1.572266 0.0 -1.572266 2.768555 0.0 -1.542969 3.779297 0.0 -1.274414 4.912109 0.0 -1.157227
2.0968  -0.01953125 0.0 -2.167969 1.572266 0.0 -1.572266 2.768555 0.0 -1.542969 3.779297 0.0 -1.274414 4.912109 0.0 -1.157227
2.0984  -0.01953125 0.0 -2.167969 1.572266 0.0 -1.567383 2.768555 0.0 -1.542969 3.78418 0.0 -1.274414 4.912109 0.0 -1.157227
2.1  -0.01953125 0.0 -2.163086 1.572266 0.0 -1.567383 2.768555 0.0 -1.542969 3.78418 0.0 -1.274414 4.916992 0.0 -1.157227
2.1016  -0.01953125 0.0 -2.163086 1.572266 0.0 -1.567383 2.773438 0.0 -1.542969 3.78418 0.0 -1.274414 4.916992 0.0 -1.157227
2.1032  -0.01953125 0.0 -2.163086 1.572266 0.0 -1.567383 2.773438 0.0 -1.542969 3.78418 0.0 -1.274414 4.916992 0.0 -1.157227
2.1048  -0.01464844 0.0 -2.158203 1.572266 0.0 -1.567383 2.773438 0.0 -1.542969 3.78418 0.0 -1.274414 4.916992 0.0 -1.157227
2.1064  -0.01464844 0.0 -2.158203 1.577148 0.0 -1.567383 2.773438 0.0 -1.547852 3.789063 0.0 -1.274414 4.916992 0.0 -1.157227
2.108  -0.01464844 0.0 -2.158203 1.577148 0.0 -1.567383 2.77832 0.0 -1.547852 3.789063 0.0 -1.279297 4.921875 0.0 -1.157227
2.1096  -0.01464844 0.0 -2.158203 1.577148 0.0 -1.567383 2.77832 0.0 -1.547852 3.789063 0.0 -1.279297 4.921875 0.0 -1.157227
2.1112  -0.01464844 0.0 -2.158203 1.577148 0.0 -1.567383 2.77832 0.0 -1.552734 3.789063 0.0 -1.279297 4.921875 0.0 -1.157227
2.1128  -0.009765625 0.0 -2.158203 1.582031 0.0 -1.572266 2.77832 0.0 -1.552734 3.793945 0.0 -1.279297 4.926758 0.0 -1.157227
2.1144  -0.009765625 0.0 -2.163086 1.582031 0.0 -1.572266 2.783203 0.0 -1.557617 3.793945 0.0 -1.279297 4.926758 0.0 -1.157227
2.116  -0.009765625 0.0 -2.163086 1.582031 0.0 -1.572266 2.783203 0.0 -1.557617 3.793945 0.0 -1.279297 4.926758 0.0 -1.162109
2.1176  -0.004882813 0.0 -2.167969 1.586914 0.0 -1.577148 2.783203 0.0 -1.5625 3.798828 0.0 -1.28418 4.931641 0.0 -1.162109
2.1192  -0.004882813 0.0 -2.167969 1.586914 0.0 -1.577148 2.788086 0.0 -1.5625 3.798828 0.0 -1.28418 4.931641 0.0 -1.162109
2.1208  0.0 0.0 -2.172852 1.591797 0.0 -1.582031 2.788086 0.0 -1.567383 3.803711 0.0 -1.28418 4.931641 0.0 -1.162109
2.1224  0.0 0.0 -2.177734 1.591797 0.0 -1.586914 2.792969 0.0 -1.567383 3.803711 0.0 -1.28418 4.936523 0.0 -1.162109
2.124  0.004882813 0.0 -2.177734 1.591797 0.0 -1.586914 2.792969 0.0 -1.572266 3.803711 0.0 -1.289063 4.936523 0.0 -1.162109
2.1256  0.004882813 0.0 -2.182617 1.59668 0.0 -1.591797 2.797852 0.0 -1.577148 3.808594 0.0 -1.289063 4.941406 0.0 -1.162109
2.1272  0.009765625 0.0 -2.1875 1.59668 0.0 -1.59668 2.797852 0.0 -1.582031 3.808594 0.0 -1.289063 4.941406 0.0 -1.166992
2.1288  0.01464844 0.0 -2.197266 1.601563 0.0 -1.601563 2.802734 0.0 -1.586914 3.813477 0.0 -1.293945 4.941406 0.0 -1.166992
2.1304  0.01464844 0.0 -2.202148 1.606445 0.0 -1.606445 2.802734 0.0 -1.591797 3.813477 0.0 -1.293945 4.946289 0.0 -1.166992
2.132  0.01953125 0.0 -2.207031 1.606445 0.0 -1.611328 2.807617 0.0 -1.59668 3.818359 0.0 -1.298828 4.946289 0.0 -1.166992
2.1336  0.02441406 0.0 -2.216797 1.611328 0.0 -1.621094 2.807617 0.0 -1.601563 3.818359 0.0 -1.298828 4.951172 0.0 -1.171875
2.1352  0.02929688 0.0 -2.22168 1.611328 0.0 -1.625977 2.8125 0.0 -1.606445 3.823242 0.0 -1.303711 4.951172 0.0 -1.171875
2.1368  0.02929688 0.0 -2.231445 1.616211 0.0 -1.630859 2.8125 0.0 -1.611328 3.823242 0.0 -1.308594 4.956055 0.0 -1.171875
2.1384  0.03417969 0.0 -2.241211 1.616211 0.0 -1.640625 2.817383 0.0 -1.616211 3.828125 0.0 -1.308594 4.956055 0.0 -1.171875
2.14  0.0390625 0.0 -2.250977 1.621094 0.0 -1.645508 2.817383 0.0 -1.621094 3.828125 0.0 -1.313477 4.960938 0.0 -1.176758
2.1416  0.04394531 0.0 -2.260742 1.621094 0.0 -1.655273 2.822266 0.0 -1.625977 3.833008 0.0 -1.313477 4.960938 0.0 -1.176758
2.1432  0.04882813 0.0 -2.270508 1.625977 0.0 -1.665039 2.822266 0.0 -1.635742 3.833008 0.0 -1.318359 4.96582 0.0 -1.176758
2.1448  0.05371094 0.0 -2.280273 1.625977 0.0 -1.674805 2.827148 0.0 -1.640625 3.833008 0.0 -1.323242 4.96582 0.0 -1.181641
2.1464  0.05371094 0.0 -2.294922 1.630859 0.0 -1.679688 2.832031 0.0 -1.645508 3.837891 0.0 -1.328125 4.96582 0.0 -1.181641
2.148  0.05859375 0.0 -2.304688 1.635742 0.0 -1.689453 2.832031 0.0 -1.655273 3.837891 0.0 -1.328125 4.970703 0.0 -1.181641
2.1496  0.06347656 0.0 -2.319336 1.635742 0.0 -1.699219 2.836914 0.0 -1.660156 3.842773 0.0 -1.333008 4.970703 0.0 -1.186523
2.1512  0.06835938 0.0 -2.329102 1.640625 0.0 -1.708984 2.836914 0.0 -1.665039 3.842773 0.0 -1.337891 4.970703 0.0 -1.186523
2.1528  0.07324219 0.0 -2.34375 1.640625 0.0 -1.71875 2.841797 0.0 -1.674805 3.842773 0.0 -1.342773 4.975586 0.0 -1.186523
2.1544  0.078125 0.0 -2.358398 1.645508 0.0 -1.728516 2.841797 0.0 -1.679688 3.847656 0.0 -1.347656 4.975586 0.0 -1.191406
2.156  0.08300781 0.0 -2.373047 1.645508 0.0 -1.743164 2.841797 0.0 -1.689453 3.847656 0.0 -1.347656 4.975586 0.0 -1.191406
2.1576  0.08789063 0.0 -2.387695 1.645508 0.0 -1.75293 2.84668 0.0 -1.694336 3.847656 0.0 -1.352539 4.975586 0.0 -1.191406
2.1592  0.09277344 0.0 -2.402344 1.650391 0.0 -1.762695 2.84668 0.0 -1.704102 3.847656 0.0 -1.357422 4.975586 0.0 -1.196289
2.1608  0.09765625 0.0 -2.416992 1.650391 0.0 -1.772461 2.84668 0.0 -1.708984 3.847656 0.0 -1.362305 4.975586 0.0 -1.196289
2.1624  0.1025391 0.0 -2.431641 1.655273 0.0 -1.782227 2.851563 0.0 -1.713867 3.847656 0.0 -1.362305 4.980469 0.0 -1.196289
2.164  0.1074219 0.0 -2.446289 1.655273 0.0 -1.796875 2.851563 0.0 -1.723633 3.852539 0.0 -1.367188 4.980469 0.0 -1.196289
2.1656  0.1123047 0.0 -2.460938 1.655273 0.0 -1.806641 2.851563 0.0 -1.728516 3.852539 0.0 -1.37207 4.975586 0.0 -1.196289
2.1672  0.1123047 0.0 -2.475586 1.660156 0.0 -1.816406 2.851563 0.0 -1.738281 3.847656 0.0 -1.376953 4.975586 0.0 -1.196289
2.1688  0.1171875 0.0 -2.495117 1.660156 0.0 -1.826172 2.856445 0.0 -1.743164 3.847656 0.0 -1.376953 4.975586 0.0 -1.196289
2.1704  0.1220703 0.0 -2.509766 1.660156 0.0 -1.84082 2.856445 0.0 -1.748047 3.847656 0.0 -1.381836 4.975586 0.0 -1.196289
2.172  0.1269531 0.0 -2.524414 1.660156 0.0 -1.850586 2.856445 0.0 -1.757813 3.847656 0.0 -1.381836 4.975586 0.0 -1.196289
2.1736  0.1318359 0.0 -2.543945 1.660156 0.0 -1.860352 2.856445 0.0 -1.762695 3.847656 0.0 -1.386719 4.975586 0.0 -1.196289
2.1752  0.1367188 0.0 -2.558594 1.660156 0.0 -1.870117 2.856445 0.0 -1.767578 3.847656 0.0 -1.386719 4.970703 0.0 -1.196289
2.1768  0.1416016 0.0 -2.578125 1.660156 0.0 -1.879883 2.856445 0.0 -1.777344 3.842773 0.0 -1.391602 4.970703 0.0 -1.196289
2.1784  0.1464844 0.0 -2.592773 1.660156 0.0 -1.889648 2.856445 0.0 -1.782227 3.842773 0.0 -1.391602 4.96582 0.0 -1.196289
2.18  0.1513672 0.0 -2.607422 1.660156 0.0 -1.904297 2.856445 0.0 -1.787109 3.842773 0.0 -1.396484 4.96582 0.0 -1.191406
2.1816  0.15625 0.0 -2.626953 1.660156 0.0 -1.914063 2.856445 0.0 -1.791992 3.837891 0.0 -1.396484 4.96582 0.0 -1.191406
2.1832  0.1611328 0.0 -2.641602 1.660156 0.0 -1.923828 2.851563 0.0 -1.801758 3.837891 0.0 -1.396484 4.960938 0.0 -1.191406
2.1848  0.1660156 0.0 -2.661133 1.660156 0.0 -1.933594 2.851563 0.0 -1.806641 3.833008 0.0 -1.401367 4.960938 0.0 -1.191406
2.1864  0.1708984 0.0 -2.675781 1.660156 0.0 -1.943359 2.851563 0.0 -1.811523 3.833008 0.0 -1.401367 4.956055 0.0 -1.186523
2.188  0.1757813 0.0 -2.695313 1.660156 0.0 -1.953125 2.851563 0.0 -1.816406 3.833008 0.0 -1.401367 4.951172 0.0 -1.186523
2.1896  0.1757813 0.0 -2.709961 1.660156 0.0 -1.962891 2.851563 0.0 -1.821289 3.828125 0.0 -1.401367 4.951172 0.0 -1.186523
2.1912  0.1806641 0.0 -2.724609 1.660156 0.0 -1.972656 2.84668 0.0 -1.831055 3.828125 0.0 -1.40625 4.946289 0.0 -1.181641
2.1928  0.1855469 0.0 -2.744141 1.660156 0.0 -1.982422 2.84668 0.0 -1.835938 3.823242 0.0 -1.40625 4.946289 0.0 -1.181641
2.1944  0.1904297 0.0 -2.758789 1.660156 0.0 -1.992188 2.84668 0.0 -1.84082 3.823242 0.0 -1.40625 4.941406 0.0 -1.181641
2.196  0.1953125 0.0 -2.773438 1.660156 0.0 -2.001953 2.84668 0.0 -1.845703 3.818359 0.0 -1.411133 4.936523 0.0 -1.176758
2.1976  0.2001953 0.0 -2.792969 1.655273 0.0 -2.011719 2.841797 0.0 -1.850586 3.818359 0.0 -1.411133 4.936523 0.0 -1.176758
2.1992  0.2050781 0.0 -2.807617 1.655273 0.0 -2.021484 2.841797 0.0 -1.855469 3.813477 0.0 -1.411133 4.931641 0.0 -1.176758
2.2008  0.2099609 0.0 -2.822266 1.655273 0.0 -2.03125 2.841797 0.0 -1.865234 3.813477 0.0 -1.411133 4.931641 0.0 -1.176758
2.2024  0.2148438 0.0 -2.836914 1.655273 0.0 -2.041016 2.841797 0.0 -1.870117 3.808594 0.0 -1.416016 4.926758 0.0 -1.171875
2.204  0.2148438 0.0 -2.851563 1.655273 0.0 -2.050781 2.841797 0.0 -1.875 3.808594 0.0 -1.416016 4.926758 0.0 -1.171875
2.2056  0.2197266 0.0 -2.866211 1.655273 0.0 -2.060547 2.836914 0.0 -1.879883 3.803711 0.0 -1.416016 4.921875 0.0 -1.171875
2.2072  0.2246094 0.0 -2.880859 1.655273 0.0 -2.070313 2.836914 0.0 -1.884766 3.803711 0.0 -1.420898 4.921875 0.0 -1.171875
2.2088  0.2294922 0.0 -2.895508 1.655273 0.0 -2.080078 2.836914 0.0 -1.889648 3.803711 0.0 -1.420898 4.916992 0.0 -1.171875
2.2104  0.234375 0.0 -2.910156 1.655273 0.0 -2.089844 2.836914 0.0 -1.899414 3.798828 0.0 -1.420898 4.916992 0.0 -1.171875
2.212  0.2392578 0.0 -2.924805 1.655273 0.0 -2.099609 2.836914 0.0 -1.904297 3.798828 0.0 -1.425781 4.912109 0.0 -1.171875
2.2136  0.2392578 0.0 -2.939453 1.655273 0.0 -2.109375 2.836914 0.0 -1.90918 3.793945 0.0 -1.425781 4.912109 0.0 -1.171875
2.2152  0.2441406 0.0 -2.954102 1.655273 0.0 -2.119141 2.832031 0.0 -1.914063 3.793945 0.0 -1.425781 4.912109 0.0 -1.171875
2.2168  0.2490234 0.0 -2.963867 1.655273 0.0 -2.128906 2.832031 0.0 -1.918945 3.793945 0.0 -1.430664 4.907227 0.0 -1.171875
2.2184  0.2490234 0.0 -2.978516 1.655273 0.0 -2.138672 2.832031 0.0 -1.923828 3.793945 0.0 -1.430664 4.907227 0.0 -1.171875
2.22  0.2539063 0.0 -2.988281 1.655273 0.0 -2.143555 2.832031 0.0 -1.928711 3.789063 0.0 -1.430664 4.907227 0.0 -1.171875
2.2216  0.2587891 0.0 -3.00293 1.655273 0.0 -2.15332 2.832031 0.0 -1.938477 3.789063 0.0 -1.435547 4.902344 0.0 -1.171875
2.2232  0.2587891 0.0 -3.012695 1.655273 0.0 -2.163086 2.832031 0.0 -1.943359 3.789063 0.0 -1.435547 4.902344 0.0 -1.171875
2.2248  0.2636719 0.0 -3.027344 1.655273 0.0 -2.172852 2.832031 0.0 -1.948242 3.789063 0.0 -1.435547 4.902344 0.0 -1.171875
2.2264  0.2636719 0.0 -3.037109 1.655273 0.0 -2.182617 2.832031 0.0 -1.953125 3.78418 0.0 -1.44043 4.897461 0.0 -1.176758
2.228  0.2685547 0.0 -3.046875 1.655273 0.0 -2.1875 2.832031 0.0 -1.958008 3.78418 0.0 -1.44043 4.897461 0.0 -1.176758
2.2296  0.2734375 0.0 -3.056641 1.655273 0.0 -2.197266 2.832031 0.0 -1.962891 3.78418 0.0 -1.445313 4.897461 0.0 -1.176758
2.2312  0.2734375 0.0 -3.066406 1.655273 0.0 -2.207031 2.832031 0.0 -1.967773 3.78418 0.0 -1.445313 4.897461 0.0 -1.176758
2.2328  0.2734375 0.0 -3.076172 1.655273 0.0 -2.211914 2.832031 0.0 -1.972656 3.78418 0.0 -1.445313 4.892578 0.0 -1.176758
2.2344  0.2783203 0.0 -3.085938 1.655273 0.0 -2.22168 2.832031 0.0 -1.977539 3.779297 0.0 -1.450195 4.892578 0.0 -1.181641
2.236  0.2783203 0.0 -3.095703 1.655273 0.0 -2.226563 2.832031 0.0 -1.982422 3.779297 0.0 -1.450195 4.892578 0.0 -1.181641
2.2376  0.2832031 0.0 -3.105469 1.655273 0.0 -2.236328 2.832031 0.0 -1.987305 3.779297 0.0 -1.450195 4.892578 0.0 -1.181641
2.2392  0.2832031 0.0 -3.115234 1.655273 0.0 -2.241211 2.832031 0.0 -1.987305 3.779297 0.0 -1.455078 4.887695 0.0 -1.181641
2.2408  0.2832031 0.0 -3.120117 1.655273 0.0 -2.250977 2.832031 0.0 -1.992188 3.779297 0.0 -1.455078 4.887695 0.0 -1.181641
2.2424  0.2880859 0.0 -3.129883 1.655273 0.0 -2.255859 2.832031 0.0 -1.99707 3.774414 0.0 -1.455078 4.887695 0.0 -1.186523
2.244  0.2880859 0.0 -3.134766 1.655273 0.0 -2.260742 2.832031 0.0 -2.001953 3.774414 0.0 -1.459961 4.882813 0.0 -1.186523
2.2456  0.2880859 0.0 -3.144531 1.655273 0.0 -2.270508 2.832031 0.0 -2.006836 3.774414 0.0 -1.459961 4.882813 0.0 -1.186523
2.2472  0.2929688 0.0 -3.149414 1.655273 0.0 -2.275391 2.832031 0.0 -2.006836 3.774414 0.0 -1.459961 4.882813 0.0 -1.186523
2.2488  0.2929688 0.0 -3.15918 1.655273 0.0 -2.280273 2.827148 0.0 -2.011719 3.774414 0.0 -1.464844 4.882813 0.0 -1.186523
2.2504  0.2929688 0.0 -3.164063 1.655273 0.0 -2.285156 2.827148 0.0 -2.016602 3.769531 0.0 -1.464844 4.87793 0.0 -1.186523
2.252  0.2929688 0.0 -3.168945 1.655273 0.0 -2.290039 2.827148 0.0 -2.016602 3.769531 0.0 -1.464844 4.87793 0.0 -1.191406
2.2536  0.2929688 0.0 -3.178711 1.655273 0.0 -2.294922 2.827148 0.0 -2.021484 3.769531 0.0 -1.469727 4.87793 0.0 -1.191406
2.2552  0.2929688 0.0 -3.183594 1.655273 0.0 -2.304688 2.827148 0.0 -2.026367 3.769531 0.0 -1.469727 4.873047 0.0 -1.191406
2.2568  0.2978516 0.0 -3.188477 1.655273 0.0 -2.30957 2.827148 0.0 -2.026367 3.764648 0.0 -1.469727 4.873047 0.0 -1.191406
2.2584  0.2978516 0.0 -3.193359 1.655273 0.0 -2.314453 2.827148 0.0 -2.03125 3.764648 0.0 -1.474609 4.873047 0.0 -1.191406
2.26  0.2978516 0.0 -3.198242 1.655273 0.0 -2.314453 2.827148 0.0 -2.03125 3.764648 0.0 -1.474609 4.868164 0.0 -1.191406
2.2616  0.2978516 0.0 -3.203125 1.655273 0.0 -2.319336 2.827148 0.0 -2.03125 3.764648 0.0 -1.474609 4.868164 0.0 -1.196289
2.2632  0.2978516 0.0 -3.208008 1.655273 0.0 -2.324219 2.827148 0.0 -2.036133 3.759766 0.0 -1.479492 4.868164 0.0 -1.196289
2.2648  0.2978516 0.0 -3.212891 1.655273 0.0 -2.329102 2.822266 0.0 -2.036133 3.759766 0.0 -1.479492 4.868164 0.0 -1.196289
2.2664  0.2978516 0.0 -3.212891 1.655273 0.0 -2.333984 2.822266 0.0 -2.041016 3.759766 0.0 -1.479492 4.863281 0.0 -1.196289
2.268  0.2978516 0.0 -3.217773 1.655273 0.0 -2.338867 2.822266 0.0 -2.041016 3.754883 0.0 -1.479492 4.863281 0.0 -1.196289
2.2696  0.2978516 0.0 -3.222656 1.655273 0.0 -2.338867 2.822266 0.0 -2.041016 3.754883 0.0 -1.484375 4.863281 0.0 -1.196289
2.2712  0.2929688 0.0 -3.227539 1.655273 0.0 -2.34375 2.822266 0.0 -2.041016 3.754883 0.0 -1.484375 4.863281 0.0 -1.201172
2.2728  0.2929688 0.0 -3.227539 1.655273 0.0 -2.348633 2.822266 0.0 -2.045898 3.754883 0.0 -1.484375 4.858398 0.0 -1.201172
2.2744  0.2929688 0.0 -3.232422 1.655273 0.0 -2.348633 2.822266 0.0 -2.045898 3.754883 0.0 -1.484375 4.858398 0.0 -1.201172
2.276  0.2929688 0.0 -3.232422 1.655273 0.0 -2.353516 2.822266 0.0 -2.045898 3.75 0.0 -1.489258 4.858398 0.0 -1.201172
2.2776  0.2929688 0.0 -3.237305 1.655273 0.0 -2.353516 2.822266 0.0 -2.045898 3.75 0.0 -1.489258 4.858398 0.0 -1.201172
2.2792  0.2929688 0.0 -3.237305 1.655273 0.0 -2.358398 2.817383 0.0 -2.045898 3.75 0.0 -1.489258 4.853516 0.0 -1.201172
2.2808  0.2929688 0.0 -3.242188 1.655273 0.0 -2.358398 2.817383 0.0 -2.050781 3.75 0.0 -1.489258 4.853516 0.0 -1.201172
2.2824  0.2929688 0.0 -3.242188 1.655273 0.0 -2.363281 2.817383 0.0 -2.050781 3.745117 0.0 -1.489258 4.853516 0.0 -1.206055
2.284  0.2880859 0.0 -3.24707 1.655273 0.0 -2.363281 2.817383 0.0 -2.050781 3.745117 0.0 -1.489258 4.853516 0.0 -1.206055
2.2856  0.2880859 0.0 -3.24707 1.650391 0.0 -2.363281 2.817383 0.0 -2.050781 3.745117 0.0 -1.494141 4.853516 0.0 -1.206055
2.2872  0.2880859 0.0 -3.24707 1.650391 0.0 -2.368164 2.817383 0.0 -2.050781 3.745117 0.0 -1.494141 4.848633 0.0 -1.206055
2.2888  0.2880859 0.0 -3.251953 1.650391 0.0 -2.368164 2.817383 0.0 -2.050781 3.745117 0.0 -1.494141 4.848633 0.0 -1.206055
2.2904  0.2880859 0.0 -3.251953 1.650391 0.0 -2.368164 2.817383 0.0 -2.050781 3.745117 0.0 -1.494141 4.848633 0.0 -1.206055
2.292  0.2880859 0.0 -3.251953 1.650391 0.0 -2.373047 2.817383 0.0 -2.050781 3.745117 0.0 -1.494141 4.848633 0.0 -1.206055
2.2936  0.2880859 0.0 -3.251953 1.650391 0.0 -2.373047 2.817383 0.0 -2.050781 3.740234 0.0 -1.494141 4.848633 0.0 -1.206055
2.2952  0.2832031 0.0 -3.256836 1.650391 0.0 -2.373047 2.8125 0.0 -2.050781 3.740234 0.0 -1.494141 4.848633 0.0 -1.206055
2.2968  0.2832031 0.0 -3.256836 1.650391 0.0 -2.373047 2.8125 0.0 -2.050781 3.740234 0.0 -1.494141 4.848633 0.0 -1.210938
2.2984  0.2832031 0.0 -3.256836 1.650391 0.0 -2.373047 2.8125 0.0 -2.055664 3.740234 0.0 -1.499023 4.84375 0.0 -1.210938
2.3  0.2832031 0.0 -3.256836 1.650391 0.0 -2.373047 2.8125 0.0 -2.055664 3.740234 0.0 -1.499023 4.84375 0.0 -1.210938
2.3016  0.2832031 0.0 -3.256836 1.645508 0.0 -2.37793 2.8125 0.0 -2.055664 3.740234 0.0 -1.499023 4.84375 0.0 -1.210938
2.3032  0.2832031 0.0 -3.261719 1.645508 0.0 -2.37793 2.8125 0.0 -2.055664 3.740234 0.0 -1.499023 4.84375 0.0 -1.210938
2.3048  0.2832031 0.0 -3.261719 1.645508 0.0 -2.37793 2.8125 0.0 -2.055664 3.740234 0.0 -1.499023 4.84375 0.0 -1.210938
2.3064  0.2832031 0.0 -3.261719 1.645508 0.0 -2.37793 2.8125 0.0 -2.055664 3.740234 0.0 -1.499023 4.84375 0.0 -1.210938
2.308  0.2783203 0.0 -3.261719 1.645508 0.0 -2.37793 2.8125 0.0 -2.050781 3.740234 0.0 -1.499023 4.84375 0.0 -1.21582
2.3096  0.2783203 0.0 -3.261719 1.645508 0.0 -2.37793 2.8125 0.0 -2.050781 3.740234 0.0 -1.499023 4.84375 0.0 -1.21582
2.3112  0.2783203 0.0 -3.261719 1.645508 0.0 -2.37793 2.807617 0.0 -2.050781 3.740234 0.0 -1.499023 4.84375 0.0 -1.21582
2.3128  0.2783203 0.0 -3.261719 1.645508 0.0 -2.37793 2.807617 0.0 -2.050781 3.740234 0.0 -1.499023 4.84375 0.0 -1.21582
2.3144  0.2783203 0.0 -3.261719 1.645508 0.0 -2.37793 2.807617 0.0 -2.050781 3.740234 0.0 -1.499023 4.84375 0.0 -1.21582
2.316  0.2783203 0.0 -3.266602 1.645508 0.0 -2.373047 2.807617 0.0 -2.050781 3.740234 0.0 -1.499023 4.84375 0.0 -1.21582
2.3176  0.2783203 0.0 -3.266602 1.645508 0.0 -2.373047 2.807617 0.0 -2.050781 3.740234 0.0 -1.499023 4.84375 0.0 -1.21582
2.3192  0.2783203 0.0 -3.266602 1.645508 0.0 -2.373047 2.807617 0.0 -2.050781 3.740234 0.0 -1.499023 4.84375 0.0 -1.220703
2.3208  0.2783203 0.0 -3.266602 1.645508 0.0 -2.373047 2.807617 0.0 -2.050781 3.740234 0.0 -1.499023 4.84375 0.0 -1.220703
2.3224  0.2783203 0.0 -3.266602 1.645508 0.0 -2.373047 2.807617 0.0 -2.045898 3.740234 0.0 -1.499023 4.84375 0.0 -1.220703
2.324  0.2783203 0.0 -3.266602 1.645508 0.0 -2.373047 2.807617 0.0 -2.045898 3.740234 0.0 -1.499023 4.84375 0.0 -1.220703
2.3256  0.2783203 0.0 -3.266602 1.645508 0.0 -2.373047 2.807617 0.0 -2.045898 3.740234 0.0 -1.499023 4.84375 0.0 -1.220703
2.3272  0.2783203 0.0 -3.261719 1.645508 0.0 -2.373047 2.807617 0.0 -2.045898 3.740234 0.0 -1.494141 4.84375 0.0 -1.220703
2.3288  0.2783203 0.0 -3.261719 1.645508 0.0 -2.368164 2.807617 0.0 -2.041016 3.740234 0.0 -1.494141 4.84375 0.0 -1.220703
2.3304  0.2832031 0.0 -3.261719 1.645508 0.0 -2.368164 2.807617 0.0 -2.041016 3.740234 0.0 -1.494141 4.84375 0.0 -1.220703
2.332  0.2832031 0.0 -3.261719 1.645508 0.0 -2.368164 2.807617 0.0 -2.041016 3.740234 0.0 -1.494141 4.84375 0.0 -1.220703
2.3336  0.2832031 0.0 -3.261719 1.645508 0.0 -2.368164 2.807617 0.0 -2.041016 3.745117 0.0 -1.494141 4.84375 0.0 -1.225586
2.3352  0.2832031 0.0 -3.261719 1.645508 0.0 -2.368164 2.807617 0.0 -2.036133 3.745117 0.0 -1.494141 4.848633 0.0 -1.225586
2.3368  0.2832031 0.0 -3.261719 1.645508 0.0 -2.363281 2.807617 0.0 -2.036133 3.745117 0.0 -1.494141 4.848633 0.0 -1.225586
2.3384  0.2832031 0.0 -3.256836 1.645508 0.0 -2.363281 2.8125 0.0 -2.036133 3.745117 0.0 -1.494141 4.848633 0.0 -1.225586
2.34  0.2832031 0.0 -3.256836 1.645508 0.0 -2.363281 2.8125 0.0 -2.03125 3.745117 0.0 -1.494141 4.848633 0.0 -1.225586
2.3416  0.2832031 0.0 -3.256836 1.650391 0.0 -2.363281 2.8125 0.0 -2.03125 3.745117 0.0 -1.489258 4.848633 0.0 -1.225586
2.3432  0.2880859 0.0 -3.256836 1.650391 0.0 -2.358398 2.8125 0.0 -2.03125 3.745117 0.0 -1.489258 4.848633 0.0 -1.225586
2.3448  0.2880859 0.0 -3.251953 1.650391 0.0 -2.358398 2.8125 0.0 -2.026367 3.745117 0.0 -1.489258 4.848633 0.0 -1.225586
2.3464  0.2880859 0.0 -3.251953 1.650391 0.0 -2.353516 2.8125 0.0 -2.026367 3.745117 0.0 -1.489258 4.853516 0.0 -1.225586
2.348  0.2880859 0.0 -3.251953 1.650391 0.0 -2.353516 2.8125 0.0 -2.021484 3.75 0.0 -1.489258 4.853516 0.0 -1.225586
2.3496  0.2880859 0.0 -3.24707 1.650391 0.0 -2.353516 2.8125 0.0 -2.021484 3.75 0.0 -1.489258 4.853516 0.0 -1.225586
2.3512  0.2880859 0.0 -3.24707 1.650391 0.0 -2.348633 2.8125 0.0 -2.016602 3.75 0.0 -1.484375 4.853516 0.0 -1.225586
2.3528  0.2880859 0.0 -3.242188 1.650391 0.0 -2.348633 2.8125 0.0 -2.016602 3.75 0.0 -1.484375 4.853516 0.0 -1.225586
2.3544  0.2880859 0.0 -3.242188 1.650391 0.0 -2.34375 2.817383 0.0 -2.011719 3.75 0.0 -1.484375 4.853516 0.0 -1.225586
2.356  0.2929688 0.0 -3.237305 1.650391 0.0 -2.338867 2.817383 0.0 -2.011719 3.75 0.0 -1.479492 4.858398 0.0 -1.225586
2.3576  0.2929688 0.0 -3.237305 1.650391 0.0 -2.338867 2.817383 0.0 -2.006836 3.75 0.0 -1.479492 4.858398 0.0 -1.225586
2.3592  0.2929688 0.0 -3.232422 1.650391 0.0 -2.333984 2.817383 0.0 -2.006836 3.75 0.0 -1.479492 4.858398 0.0 -1.225586
2.3608  0.2929688 0.0 -3.232422 1.650391 0.0 -2.333984 2.817383 0.0 -2.001953 3.75 0.0 -1.474609 4.858398 0.0 -1.225586
2.3624  0.2929688 0.0 -3.227539 1.650391 0.0 -2.329102 2.817383 0.0 -1.99707 3.75 0.0 -1.474609 4.858398 0.0 -1.220703
2.364  0.2929688 0.0 -3.227539 1.650391 0.0 -2.324219 2.817383 0.0 -1.99707 3.75 0.0 -1.474609 4.858398 0.0 -1.220703
2.3656  0.2929688 0.0 -3.222656 1.650391 0.0 -2.319336 2.817383 0.0 -1.992188 3.75 0.0 -1.469727 4.858398 0.0 -1.220703
2.3672  0.2929688 0.0 -3.217773 1.650391 0.0 -2.314453 2.817383 0.0 -1.987305 3.75 0.0 -1.469727 4.858398 0.0 -1.220703
2.3688  0.2929688 0.0 -3.212891 1.650391 0.0 -2.30957 2.817383 0.0 -1.982422 3.75 0.0 -1.464844 4.858398 0.0 -1.220703
2.3704  0.2929688 0.0 -3.212891 1.650391 0.0 -2.304688 2.817383 0.0 -1.977539 3.75 0.0 -1.464844 4.863281 0.0 -1.21582
2.372  0.2978516 0.0 -3.208008 1.650391 0.0 -2.299805 2.817383 0.0 -1.972656 3.75 0.0 -1.459961 4.863281 0.0 -1.21582
2.3736  0.2978516 0.0 -3.203125 1.650391 0.0 -2.294922 2.817383 0.0 -1.972656 3.75 0.0 -1.455078 4.863281 0.0 -1.21582
2.3752  0.2978516 0.0 -3.198242 1.650391 0.0 -2.290039 2.817383 0.0 -1.967773 3.75 0.0 -1.455078 4.863281 0.0 -1.210938
2.3768  0.2978516 0.0 -3.193359 1.650391 0.0 -2.285156 2.8125 0.0 -1.962891 3.75 0.0 -1.450195 4.863281 0.0 -1.210938
2.3784  0.2978516 0.0 -3.188477 1.650391 0.0 -2.280273 2.8125 0.0 -1.953125 3.75 0.0 -1.445313 4.863281 0.0 -1.210938
2.38  0.2978516 0.0 -3.183594 1.650391 0.0 -2.275391 2.8125 0.0 -1.948242 3.75 0.0 -1.445313 4.863281 0.0 -1.206055
2.3816  0.2978516 0.0 -3.178711 1.650391 0.0 -2.265625 2.8125 0.0 -1.943359 3.75 0.0 -1.44043 4.863281 0.0 -1.206055
2.3832  0.2978516 0.0 -3.168945 1.650391 0.0 -2.260742 2.8125 0.0 -1.938477 3.75 0.0 -1.435547 4.863281 0.0 -1.206055
2.3848  0.2978516 0.0 -3.164063 1.650391 0.0 -2.255859 2.8125 0.0 -1.933594 3.75 0.0 -1.435547 4.863281 0.0 -1.201172
2.3864  0.2978516 0.0 -3.15918 1.645508 0.0 -2.246094 2.8125 0.0 -1.928711 3.75 0.0 -1.430664 4.863281 0.0 -1.201172
2.388  0.2978516 0.0 -3.154297 1.645508 0.0 -2.241211 2.807617 0.0 -1.918945 3.75 0.0 -1.425781 4.868164 0.0 -1.196289
2.3896  0.2978516 0.0 -3.144531 1.645508 0.0 -2.231445 2.807617 0.0 -1.914063 3.75 0.0 -1.420898 4.868164 0.0 -1.196289
2.3912  0.2929688 0.0 -3.139648 1.645508 0.0 -2.226563 2.807617 0.0 -1.90918 3.75 0.0 -1.416016 4.868164 0.0 -1.196289
2.3928  0.2929688 0.0 -3.129883 1.645508 0.0 -2.216797 2.807617 0.0 -1.899414 3.75 0.0 -1.416016 4.868164 0.0 -1.191406
2.3944  0.2929688 0.0 -3.125 1.645508 0.0 -2.207031 2.807617 0.0 -1.894531 3.75 0.0 -1.411133 4.868164 0.0 -1.191406
2.396  0.2929688 0.0 -3.115234 1.645508 0.0 -2.202148 2.807617 0.0 -1.884766 3.75 0.0 -1.40625 4.868164 0.0 -1.186523
2.3976  0.2929688 0.0 -3.110352 1.640625 0.0 -2.192383 2.802734 0.0 -1.879883 3.75 0.0 -1.401367 4.868164 0.0 -1.186523
2.3992  0.2929688 0.0 -3.100586 1.640625 0.0 -2.182617 2.802734 0.0 -1.870117 3.75 0.0 -1.396484 4.868164 0.0 -1.181641
2.4008  0.2929688 0.0 -3.09082 1.640625 0.0 -2.172852 2.802734 0.0 -1.865234 3.75 0.0 -1.391602 4.868164 0.0 -1.181641
2.4024  0.2929688 0.0 -3.085938 1.640625 0.0 -2.163086 2.802734 0.0 -1.855469 3.75 0.0 -1.386719 4.868164 0.0 -1.176758
2.404  0.2929688 0.0 -3.076172 1.640625 0.0 -2.15332 2.802734 0.0 -1.845703 3.75 0.0 -1.381836 4.873047 0.0 -1.176758
2.4056  0.2929688 0.0 -3.066406 1.635742 0.0 -2.143555 2.802734 0.0 -1.84082 3.75 0.0 -1.376953 4.873047 0.0 -1.171875
2.4072  0.2880859 0.0 -3.056641 1.635742 0.0 -2.133789 2.802734 0.0 -1.831055 3.75 0.0 -1.37207 4.873047 0.0 -1.171875
2.4088  0.2880859 0.0 -3.046875 1.635742 0.0 -2.124023 2.797852 0.0 -1.821289 3.75 0.0 -1.367188 4.873047 0.0 -1.166992
2.4104  0.2880859 0.0 -3.041992 1.635742 0.0 -2.114258 2.797852 0.0 -1.811523 3.75 0.0 -1.362305 4.873047 0.0 -1.166992
2.412  0.2880859 0.0 -3.032227 1.635742 0.0 -2.104492 2.797852 0.0 -1.801758 3.754883 0.0 -1.357422 4.873047 0.0 -1.162109
2.4136  0.2880859 0.0 -3.022461 1.635742 0.0 -2.094727 2.797852 0.0 -1.796875 3.754883 0.0 -1.352539 4.873047 0.0 -1.162109
2.4152  0.2880859 0.0 -3.012695 1.630859 0.0 -2.084961 2.797852 0.0 -1.787109 3.754883 0.0 -1.347656 4.87793 0.0 -1.157227
2.4168  0.2880859 0.0 -3.00293 1.630859 0.0 -2.070313 2.797852 0.0 -1.777344 3.754883 0.0 -1.337891 4.87793 0.0 -1.157227
2.4184  0.2880859 0.0 -2.993164 1.630859 0.0 -2.060547 2.797852 0.0 -1.767578 3.754883 0.0 -1.333008 4.87793 0.0 -1.152344
2.42  0.2880859 0.0 -2.983398 1.630859 0.0 -2.050781 2.797852 0.0 -1.757813 3.754883 0.0 -1.328125 4.87793 0.0 -1.152344
2.4216  0.2832031 0.0 -2.973633 1.630859 0.0 -2.036133 2.792969 0.0 -1.748047 3.759766 0.0 -1.323242 4.87793 0.0 -1.147461
2.4232  0.2832031 0.0 -2.963867 1.630859 0.0 -2.026367 2.792969 0.0 -1.738281 3.759766 0.0 -1.318359 4.882813 0.0 -1.147461
2.4248  0.2832031 0.0 -2.954102 1.625977 0.0 -2.011719 2.792969 0.0 -1.728516 3.759766 0.0 -1.313477 4.882813 0.0 -1.142578
2.4264  0.2832031 0.0 -2.944336 1.625977 0.0 -2.001953 2.792969 0.0 -1.71875 3.759766 0.0 -1.308594 4.882813 0.0 -1.142578
2.428  0.2832031 0.0 -2.929688 1.625977 0.0 -1.992188 2.792969 0.0 -1.708984 3.759766 0.0 -1.298828 4.882813 0.0 -1.137695
2.4296  0.2832031 0.0 -2.919922 1.625977 0.0 -1.977539 2.792969 0.0 -1.699219 3.764648 0.0 -1.293945 4.887695 0.0 -1.137695
2.4312  0.2832031 0.0 -2.910156 1.625977 0.0 -1.967773 2.792969 0.0 -1.689453 3.764648 0.0 -1.289063 4.887695 0.0 -1.132813
2.4328  0.2783203 0.0 -2.900391 1.625977 0.0 -1.953125 2.792969 0.0 -1.674805 3.764648 0.0 -1.28418 4.887695 0.0 -1.132813
2.4344  0.2783203 0.0 -2.890625 1.621094 0.0 -1.943359 2.792969 0.0 -1.665039 3.769531 0.0 -1.279297 4.887695 0.0 -1.12793
2.436  0.2783203 0.0 -2.880859 1.621094 0.0 -1.928711 2.792969 0.0 -1.655273 3.769531 0.0 -1.274414 4.892578 0.0 -1.12793
2.4376  0.2783203 0.0 -2.866211 1.621094 0.0 -1.918945 2.792969 0.0 -1.645508 3.769531 0.0 -1.264648 4.892578 0.0 -1.123047
2.4392  0.2783203 0.0 -2.856445 1.621094 0.0 -1.904297 2.792969 0.0 -1.635742 3.769531 0.0 -1.259766 4.892578 0.0 -1.123047
2.4408  0.2783203 0.0 -2.84668 1.621094 0.0 -1.894531 2.792969 0.0 -1.625977 3.774414 0.0 -1.254883 4.892578 0.0 -1.118164
2.4424  0.2734375 0.0 -2.836914 1.621094 0.0 -1.879883 2.792969 0.0 -1.611328 3.774414 0.0 -1.25 4.892578 0.0 -1.118164
2.444  0.2734375 0.0 -2.827148 1.616211 0.0 -1.870117 2.792969 0.0 -1.601563 3.774414 0.0 -1.240234 4.897461 0.0 -1.113281
2.4456  0.2734375 0.0 -2.8125 1.616211 0.0 -1.855469 2.792969 0.0 -1.591797 3.774414 0.0 -1.235352 4.897461 0.0 -1.113281
2.4472  0.2734375 0.0 -2.802734 1.616211 0.0 -1.84082 2.792969 0.0 -1.577148 3.779297 0.0 -1.230469 4.897461 0.0 -1.108398
2.4488  0.2685547 0.0 -2.792969 1.616211 0.0 -1.831055 2.792969 0.0 -1.567383 3.779297 0.0 -1.225586 4.897461 0.0 -1.103516
2.4504  0.2685547 0.0 -2.77832 1.616211 0.0 -1.816406 2.792969 0.0 -1.557617 3.779297 0.0 -1.21582 4.897461 0.0 -1.103516
2.452  0.2685547 0.0 -2.768555 1.611328 0.0 -1.806641 2.792969 0.0 -1.542969 3.779297 0.0 -1.210938 4.902344 0.0 -1.098633
2.4536  0.2685547 0.0 -2.758789 1.611328 0.0 -1.791992 2.792969 0.0 -1.533203 3.78418 0.0 -1.206055 4.902344 0.0 -1.098633
2.4552  0.2685547 0.0 -2.749023 1.611328 0.0 -1.777344 2.792969 0.0 -1.523438 3.78418 0.0 -1.201172 4.902344 0.0 -1.09375
2.4568  0.2636719 0.0 -2.734375 1.611328 0.0 -1.767578 2.792969 0.0 -1.508789 3.78418 0.0 -1.191406 4.902344 0.0 -1.09375
2.4584  0.2636719 0.0 -2.724609 1.611328 0.0 -1.75293 2.792969 0.0 -1.499023 3.78418 0.0 -1.186523 4.902344 0.0 -1.088867
2.46  0.2636719 0.0 -2.714844 1.606445 0.0 -1.738281 2.792969 0.0 -1.484375 3.78418 0.0 -1.181641 4.902344 0.0 -1.083984
2.4616  0.2636719 0.0 -2.700195 1.606445 0.0 -1.723633 2.792969 0.0 -1.474609 3.789063 0.0 -1.171875 4.902344 0.0 -1.083984
2.4632  0.2587891 0.0 -2.69043 1.606445 0.0 -1.713867 2.792969 0.0 -1.464844 3.789063 0.0 -1.166992 4.907227 0.0 -1.079102
2.4648  0.2587891 0.0 -2.680664 1.606445 0.0 -1.699219 2.792969 0.0 -1.450195 3.789063 0.0 -1.162109 4.907227 0.0 -1.079102
2.4664  0.2587891 0.0 -2.666016 1.601563 0.0 -1.68457 2.792969 0.0 -1.44043 3.789063 0.0 -1.157227 4.907227 0.0 -1.074219
2.468  0.2539063 0.0 -2.65625 1.601563 0.0 -1.669922 2.792969 0.0 -1.425781 3.789063 0.0 -1.147461 4.907227 0.0 -1.074219
2.4696  0.2539063 0.0 -2.646484 1.601563 0.0 -1.660156 2.792969 0.0 -1.416016 3.789063 0.0 -1.142578 4.907227 0.0 -1.069336
2.4712  0.2539063 0.0 -2.631836 1.601563 0.0 -1.645508 2.792969 0.0 -1.401367 3.793945 0.0 -1.137695 4.907227 0.0 -1.064453
2.4728  0.2490234 0.0 -2.62207 1.59668 0.0 -1.630859 2.792969 0.0 -1.391602 3.793945 0.0 -1.132813 4.907227 0.0 -1.064453
2.4744  0.2490234 0.0 -2.612305 1.59668 0.0 -1.616211 2.792969 0.0 -1.376953 3.793945 0.0 -1.123047 4.907227 0.0 -1.05957
2.476  0.2490234 0.0 -2.597656 1.59668 0.0 -1.601563 2.792969 0.0 -1.367188 3.793945 0.0 -1.118164 4.907227 0.0 -1.05957
2.4776  0.2441406 0.0 -2.587891 1.591797 0.0 -1.586914 2.792969 0.0 -1.352539 3.793945 0.0 -1.113281 4.907227 0.0 -1.054688
2.4792  0.2441406 0.0 -2.573242 1.591797 0.0 -1.577148 2.792969 0.0 -1.342773 3.793945 0.0 -1.108398 4.907227 0.0 -1.054688
2.4808  0.2392578 0.0 -2.563477 1.591797 0.0 -1.5625 2.788086 0.0 -1.328125 3.793945 0.0 -1.098633 4.902344 0.0 -1.049805
2.4824  0.2392578 0.0 -2.553711 1.586914 0.0 -1.547852 2.788086 0.0 -1.318359 3.793945 0.0 -1.09375 4.902344 0.0 -1.044922
2.484  0.2392578 0.0 -2.539063 1.586914 0.0 -1.533203 2.788086 0.0 -1.303711 3.793945 0.0 -1.088867 4.902344 0.0 -1.044922
2.4856  0.234375 0.0 -2.529297 1.582031 0.0 -1.518555 2.788086 0.0 -1.293945 3.793945 0.0 -1.083984 4.902344 0.0 -1.040039
2.4872  0.234375 0.0 -2.519531 1.582031 0.0 -1.503906 2.788086 0.0 -1.279297 3.793945 0.0 -1.079102 4.902344 0.0 -1.040039
2.4888  0.2294922 0.0 -2.504883 1.577148 0.0 -1.489258 2.783203 0.0 -1.264648 3.793945 0.0 -1.069336 4.897461 0.0 -1.035156
2.4904  0.2294922 0.0 -2.495117 1.577148 0.0 -1.474609 2.783203 0.0 -1.254883 3.789063 0.0 -1.064453 4.897461 0.0 -1.035156
2.492  0.2246094 0.0 -2.480469 1.572266 0.0 -1.459961 2.783203 0.0 -1.240234 3.789063 0.0 -1.05957 4.897461 0.0 -1.030273
2.4936  0.2246094 0.0 -2.470703 1.572266 0.0 -1.445313 2.77832 0.0 -1.230469 3.789063 0.0 -1.054688 4.892578 0.0 -1.025391
2.4952  0.2197266 0.0 -2.456055 1.567383 0.0 -1.430664 2.77832 0.0 -1.21582 3.789063 0.0 -1.049805 4.892578 0.0 -1.025391
2.4968  0.2197266 0.0 -2.446289 1.5625 0.0 -1.416016 2.77832 0.0 -1.206055 3.789063 0.0 -1.044922 4.887695 0.0 -1.020508
2.4984  0.2148438 0.0 -2.436523 1.5625 0.0 -1.401367 2.773438 0.0 -1.191406 3.78418 0.0 -1.035156 4.887695 0.0 -1.015625
2.5  0.2148438 0.0 -2.421875 1.557617 0.0 -1.386719 2.773438 0.0 -1.176758 3.78418 0.0 -1.030273 4.882813 0.0 -1.015625
2.5016  0.2099609 0.0 -2.412109 1.552734 0.0 -1.367188 2.768555 0.0 -1.166992 3.78418 0.0 -1.025391 4.882813 0.0 -1.010742
2.5032  0.2099609 0.0 -2.397461 1.552734 0.0 -1.352539 2.768555 0.0 -1.152344 3.779297 0.0 -1.020508 4.87793 0.0 -1.005859
2.5048  0.2050781 0.0 -2.387695 1.547852 0.0 -1.337891 2.763672 0.0 -1.137695 3.779297 0.0 -1.015625 4.87793 0.0 -1.000977
2.5064  0.2050781 0.0 -2.373047 1.542969 0.0 -1.323242 2.763672 0.0 -1.12793 3.779297 0.0 -1.010742 4.873047 0.0 -1.000977
2.508  0.2001953 0.0 -2.363281 1.538086 0.0 -1.308594 2.758789 0.0 -1.113281 3.774414 0.0 -1.005859 4.868164 0.0 -0.9960938
2.5096  0.2001953 0.0 -2.348633 1.538086 0.0 -1.293945 2.758789 0.0 -1.103516 3.774414 0.0 -0.9960938 4.868164 0.0 -0.9912109
2.5112  0.1953125 0.0 -2.338867 1.533203 0.0 -1.274414 2.753906 0.0 -1.088867 3.769531 0.0 -0.9912109 4.863281 0.0 -0.9863281
2.5128  0.1953125 0.0 -2.329102 1.52832 0.0 -1.259766 2.753906 0.0 -1.074219 3.769531 0.0 -0.9863281 4.858398 0.0 -0.9814453
2.5144  0.1953125 0.0 -2.314453 1.523438 0.0 -1.245117 2.749023 0.0 -1.064453 3.764648 0.0 -0.9814453 4.853516 0.0 -0.9814453
2.516  0.1904297 0.0 -2.304688 1.518555 0.0 -1.230469 2.744141 0.0 -1.049805 3.759766 0.0 -0.9765625 4.848633 0.0 -0.9765625
2.5176  0.1904297 0.0 -2.290039 1.513672 0.0 -1.21582 2.744141 0.0 -1.035156 3.759766 0.0 -0.9716797 4.84375 0.0 -0.9716797
2.5192  0.1855469 0.0 -2.280273 1.508789 0.0 -1.196289 2.739258 0.0 -1.025391 3.754883 0.0 -0.9619141 4.84375 0.0 -0.9667969
2.5208  0.1855469 0.0 -2.270508 1.503906 0.0 -1.181641 2.734375 0.0 -1.010742 3.75 0.0 -0.9570313 4.838867 0.0 -0.9619141
2.5224  0.1806641 0.0 -2.255859 1.499023 0.0 -1.166992 2.729492 0.0 -0.9960938 3.75 0.0 -0.9521484 4.833984 0.0 -0.9570313
2.524  0.1806641 0.0 -2.246094 1.494141 0.0 -1.147461 2.724609 0.0 -0.9814453 3.745117 0.0 -0.9472656 4.829102 0.0 -0.9521484
2.5256  0.1806641 0.0 -2.236328 1.489258 0.0 -1.132813 2.724609 0.0 -0.9716797 3.740234 0.0 -0.9423828 4.824219 0.0 -0.9472656
2.5272  0.1757813 0.0 -2.22168 1.484375 0.0 -1.118164 2.719727 0.0 -0.9570313 3.735352 0.0 -0.9326172 4.819336 0.0 -0.9423828
2.5288  0.1757813 0.0 -2.211914 1.479492 0.0 -1.103516 2.714844 0.0 -0.9423828 3.735352 0.0 -0.9277344 4.80957 0.0 -0.9375
2.5304  0.1708984 0.0 -2.202148 1.474609 0.0 -1.083984 2.709961 0.0 -0.9326172 3.730469 0.0 -0.9228516 4.804688 0.0 -0.9277344
2.532  0.1708984 0.0 -2.192383 1.469727 0.0 -1.069336 2.705078 0.0 -0.9179688 3.725586 0.0 -0.9179688 4.799805 0.0 -0.9228516
2.5336  0.1708984 0.0 -2.182617 1.464844 0.0 -1.054688 2.700195 0.0 -0.9033203 3.720703 0.0 -0.9130859 4.794922 0.0 -0.9179688
2.5352  0.1660156 0.0 -2.167969 1.455078 0.0 -1.035156 2.695313 0.0 -0.8886719 3.71582 0.0 -0.9033203 4.790039 0.0 -0.9130859
2.5368  0.1660156 0.0 -2.158203 1.450195 0.0 -1.020508 2.69043 0.0 -0.8789063 3.710938 0.0 -0.8984375 4.785156 0.0 -0.9082031
2.5384  0.1611328 0.0 -2.148438 1.445313 0.0 -1.005859 2.685547 0.0 -0.8642578 3.706055 0.0 -0.8935547 4.775391 0.0 -0.8984375
2.54  0.1611328 0.0 -2.138672 1.44043 0.0 -0.9863281 2.680664 0.0 -0.8496094 3.701172 0.0 -0.8886719 4.770508 0.0 -0.8935547
2.5416  0.1611328 0.0 -2.128906 1.435547 0.0 -0.9716797 2.675781 0.0 -0.8349609 3.696289 0.0 -0.8837891 4.765625 0.0 -0.8886719
2.5432  0.15625 0.0 -2.119141 1.425781 0.0 -0.9570313 2.670898 0.0 -0.8251953 3.691406 0.0 -0.8740234 4.760742 0.0 -0.8837891
2.5448  0.15625 0.0 -2.109375 1.420898 0.0 -0.9423828 2.666016 0.0 -0.8105469 3.686523 0.0 -0.8691406 4.750977 0.0 -0.8740234
2.5464  0.1513672 0.0 -2.099609 1.416016 0.0 -0.9228516 2.661133 0.0 -0.7958984 3.681641 0.0 -0.8642578 4.746094 0.0 -0.8691406
2.548  0.1513672 0.0 -2.089844 1.40625 0.0 -0.9082031 2.65625 0.0 -0.78125 3.676758 0.0 -0.859375 4.741211 0.0 -0.8642578
2.5496  0.1464844 0.0 -2.080078 1.401367 0.0 -0.8935547 2.651367 0.0 -0.7714844 3.671875 0.0 -0.8544922 4.731445 0.0 -0.8544922
2.5512  0.1464844 0.0 -2.070313 1.396484 0.0 -0.8789063 2.646484 0.0 -0.7568359 3.666992 0.0 -0.8496094 4.726563 0.0 -0.8496094
2.5528  0.1464844 0.0 -2.060547 1.391602 0.0 -0.8642578 2.641602 0.0 -0.7421875 3.662109 0.0 -0.8447266 4.72168 0.0 -0.8447266
2.5544  0.1416016 0.0 -2.050781 1.381836 0.0 -0.8496094 2.636719 0.0 -0.7324219 3.657227 0.0 -0.8349609 4.711914 0.0 -0.8398438
2.556  0.1416016 0.0 -2.041016 1.376953 0.0 -0.8300781 2.631836 0.0 -0.7177734 3.652344 0.0 -0.8300781 4.707031 0.0 -0.8300781
2.5576  0.1367188 0.0 -2.036133 1.37207 0.0 -0.8154297 2.62207 0.0 -0.703125 3.647461 0.0 -0.8251953 4.697266 0.0 -0.8251953
2.5592  0.1367188 0.0 -2.026367 1.362305 0.0 -0.8007813 2.617188 0.0 -0.6933594 3.642578 0.0 -0.8203125 4.692383 0.0 -0.8203125
2.5608  0.1318359 0.0 -2.016602 1.357422 0.0 -0.7861328 2.612305 0.0 -0.6787109 3.632813 0.0 -0.8154297 4.6875 0.0 -0.8154297
2.5624  0.1318359 0.0 -2.006836 1.352539 0.0 -0.7714844 2.607422 0.0 -0.6689453 3.62793 0.0 -0.8105469 4.677734 0.0 -0.8056641
2.564  0.1269531 0.0 -1.99707 1.347656 0.0 -0.7568359 2.602539 0.0 -0.6542969 3.623047 0.0 -0.8056641 4.672852 0.0 -0.8007813
2.5656  0.1269531 0.0 -1.992188 1.337891 0.0 -0.7470703 2.597656 0.0 -0.6445313 3.618164 0.0 -0.8007813 4.667969 0.0 -0.7958984
2.5672  0.1269531 0.0 -1.982422 1.333008 0.0 -0.7324219 2.592773 0.0 -0.6347656 3.613281 0.0 -0.7958984 4.658203 0.0 -0.7910156
2.5688  0.1220703 0.0 -1.972656 1.328125 0.0 -0.7177734 2.587891 0.0 -0.6201172 3.608398 0.0 -0.7910156 4.65332 0.0 -0.7861328
2.5704  0.1220703 0.0 -1.967773 1.323242 0.0 -0.703125 2.583008 0.0 -0.6103516 3.603516 0.0 -0.7861328 4.648438 0.0 -0.78125
2.572  0.1171875 0.0 -1.958008 1.313477 0.0 -0.6933594 2.578125 0.0 -0.6005859 3.598633 0.0 -0.78125 4.643555 0.0 -0.7714844
2.5736  0.1171875 0.0 -1.953125 1.308594 0.0 -0.6787109 2.573242 0.0 -0.5908203 3.59375 0.0 -0.7763672 4.638672 0.0 -0.7666016
2.5752  0.1123047 0.0 -1.943359 1.303711 0.0 -0.6689453 2.568359 0.0 -0.5810547 3.588867 0.0 -0.7763672 4.628906 0.0 -0.7617188
2.5768  0.1123047 0.0 -1.938477 1.298828 0.0 -0.6542969 2.563477 0.0 -0.5712891 3.583984 0.0 -0.7714844 4.624023 0.0 -0.7568359
2.5784  0.1074219 0.0 -1.928711 1.293945 0.0 -0.6445313 2.558594 0.0 -0.5615234 3.579102 0.0 -0.7666016 4.619141 0.0 -0.7519531
2.58  0.1074219 0.0 -1.923828 1.28418 0.0 -0.6347656 2.553711 0.0 -0.5517578 3.574219 0.0 -0.7617188 4.614258 0.0 -0.7470703
2.5816  0.1025391 0.0 -1.914063 1.279297 0.0 -0.6201172 2.548828 0.0 -0.5419922 3.569336 0.0 -0.7568359 4.609375 0.0 -0.7421875
2.5832  0.1025391 0.0 -1.90918 1.274414 0.0 -0.6103516 2.543945 0.0 -0.5322266 3.564453 0.0 -0.7519531 4.604492 0.0 -0.7421875
2.5848  0.1025391 0.0 -1.904297 1.269531 0.0 -0.6005859 2.539063 0.0 -0.5224609 3.55957 0.0 -0.7519531 4.599609 0.0 -0.7373047
2.5864  0.09765625 0.0 -1.894531 1.264648 0.0 -0.5908203 2.539063 0.0 -0.5126953 3.55957 0.0 -0.7470703 4.594727 0.0 -0.7324219
2.588  0.09765625 0.0 -1.889648 1.259766 0.0 -0.5810547 2.53418 0.0 -0.5078125 3.554688 0.0 -0.7421875 4.589844 0.0 -0.7275391
2.5896  0.09277344 0.0 -1.884766 1.254883 0.0 -0.5761719 2.529297 0.0 -0.4980469 3.549805 0.0 -0.7373047 4.584961 0.0 -0.7226563
2.5912  0.09277344 0.0 -1.879883 1.25 0.0 -0.5664063 2.524414 0.0 -0.4931641 3.544922 0.0 -0.7373047 4.580078 0.0 -0.7226563
2.5928  0.09277344 0.0 -1.875 1.245117 0.0 -0.5566406 2.519531 0.0 -0.4833984 3.544922 0.0 -0.7324219 4.575195 0.0 -0.7177734
2.5944  0.08789063 0.0 -1.870117 1.240234 0.0 -0.5517578 2.514648 0.0 -0.4785156 3.540039 0.0 -0.7275391 4.575195 0.0 -0.7128906
2.596  0.08789063 0.0 -1.865234 1.235352 0.0 -0.5419922 2.514648 0.0 -0.46875 3.535156 0.0 -0.7275391 4.570313 0.0 -0.7080078
2.5976  0.08789063 0.0 -1.860352 1.230469 0.0 -0.5371094 2.509766 0.0 -0.4638672 3.535156 0.0 -0.7226563 4.56543 0.0 -0.7080078
2.5992  0.08789063 0.0 -1.855469 1.225586 0.0 -0.5273438 2.504883 0.0 -0.4589844 3.530273 0.0 -0.7226563 4.560547 0.0 -0.703125
2.6008  0.08300781 0.0 -1.855469 1.225586 0.0 -0.5224609 2.504883 0.0 -0.4541016 3.530273 0.0 -0.7177734 4.560547 0.0 -0.703125
2.6024  0.08300781 0.0 -1.850586 1.220703 0.0 -0.5175781 2.5 0.0 -0.4492188 3.525391 0.0 -0.7177734 4.555664 0.0 -0.6982422
2.604  0.08300781 0.0 -1.845703 1.21582 0.0 -0.5126953 2.495117 0.0 -0.4443359 3.525391 0.0 -0.7128906 4.555664 0.0 -0.6982422
2.6056  0.08300781 0.0 -1.845703 1.210938 0.0 -0.5078125 2.495117 0.0 -0.4394531 3.520508 0.0 -0.7128906 4.550781 0.0 -0.6933594
2.6072  0.078125 0.0 -1.84082 1.206055 0.0 -0.5029297 2.490234 0.0 -0.4345703 3.520508 0.0 -0.7080078 4.550781 0.0 -0.6933594
2.6088  0.078125 0.0 -1.84082 1.206055 0.0 -0.5029297 2.485352 0.0 -0.4345703 3.520508 0.0 -0.7080078 4.545898 0.0 -0.6884766
2.6104  0.078125 0.0 -1.835938 1.201172 0.0 -0.4980469 2.485352 0.0 -0.4296875 3.515625 0.0 -0.7080078 4.545898 0.0 -0.6884766
2.612  0.078125 0.0 -1.835938 1.196289 0.0 -0.4931641 2.480469 0.0 -0.4248047 3.515625 0.0 -0.703125 4.541016 0.0 -0.6884766
2.6136  0.078125 0.0 -1.831055 1.196289 0.0 -0.4931641 2.480469 0.0 -0.4248047 3.515625 0.0 -0.703125 4.541016 0.0 -0.6884766
2.6152  0.078125 0.0 -1.831055 1.191406 0.0 -0.4882813 2.475586 0.0 -0.4248047 3.510742 0.0 -0.703125 4.536133 0.0 -0.6835938
2.6168  0.07324219 0.0 -1.831055 1.191406 0.0 -0.4882813 2.475586 0.0 -0.4199219 3.510742 0.0 -0.703125 4.536133 0.0 -0.6835938
2.6184  0.07324219 0.0 -1.831055 1.186523 0.0 -0.4882813 2.470703 0.0 -0.4199219 3.510742 0.0 -0.703125 4.536133 0.0 -0.6835938
2.62  0.07324219 0.0 -1.831055 1.181641 0.0 -0.4833984 2.470703 0.0 -0.4199219 3.510742 0.0 -0.6982422 4.536133 0.0 -0.6835938
2.6216  0.07324219 0.0 -1.831055 1.181641 0.0 -0.4833984 2.46582 0.0 -0.4199219 3.505859 0.0 -0.6982422 4.53125 0.0 -0.6835938
2.6232  0.07324219 0.0 -1.831055 1.176758 0.0 -0.4833984 2.46582 0.0 -0.4199219 3.505859 0.0 -0.6982422 4.53125 0.0 -0.6835938
2.6248  0.07324219 0.0 -1.831055 1.176758 0.0 -0.4833984 2.460938 0.0 -0.4199219 3.505859 0.0 -0.6982422 4.53125 0.0 -0.6835938
2.6264  0.07324219 0.0 -1.835938 1.176758 0.0 -0.4882813 2.460938 0.0 -0.4199219 3.505859 0.0 -0.703125 4.53125 0.0 -0.6835938
2.628  0.07324219 0.0 -1.835938 1.171875 0.0 -0.4882813 2.460938 0.0 -0.4199219 3.505859 0.0 -0.703125 4.53125 0.0 -0.6835938
2.6296  0.07324219 0.0 -1.835938 1.171875 0.0 -0.4882813 2.456055 0.0 -0.4199219 3.500977 0.0 -0.703125 4.526367 0.0 -0.6835938
2.6312  0.07324219 0.0 -1.84082 1.166992 0.0 -0.4931641 2.456055 0.0 -0.4248047 3.500977 0.0 -0.703125 4.526367 0.0 -0.6835938
2.6328  0.07324219 0.0 -1.84082 1.166992 0.0 -0.4931641 2.456055 0.0 -0.4248047 3.500977 0.0 -0.703125 4.526367 0.0 -0.6835938
2.6344  0.07324219 0.0 -1.845703 1.162109 0.0 -0.4980469 2.451172 0.0 -0.4296875 3.500977 0.0 -0.7080078 4.526367 0.0 -0.6835938
2.636  0.07324219 0.0 -1.850586 1.162109 0.0 -0.5029297 2.451172 0.0 -0.4296875 3.500977 0.0 -0.7080078 4.526367 0.0 -0.6884766
2.6376  0.07324219 0.0 -1.855469 1.162109 0.0 -0.5029297 2.451172 0.0 -0.4345703 3.500977 0.0 -0.7080078 4.526367 0.0 -0.6884766
2.6392  0.078125 0.0 -1.860352 1.157227 0.0 -0.5078125 2.446289 0.0 -0.4394531 3.500977 0.0 -0.7128906 4.526367 0.0 -0.6884766
2.6408  0.078125 0.0 -1.865234 1.157227 0.0 -0.5175781 2.446289 0.0 -0.4443359 3.496094 0.0 -0.7128906 4.526367 0.0 -0.6933594
2.6424  0.078125 0.0 -1.870117 1.157227 0.0 -0.5224609 2.446289 0.0 -0.4492188 3.496094 0.0 -0.7177734 4.526367 0.0 -0.6933594
2.644  0.078125 0.0 -1.875 1.152344 0.0 -0.5273438 2.446289 0.0 -0.4541016 3.496094 0.0 -0.7177734 4.526367 0.0 -0.6933594
2.6456  0.078125 0.0 -1.879883 1.152344 0.0 -0.5371094 2.441406 0.0 -0.4589844 3.496094 0.0 -0.7226563 4.526367 0.0 -0.6982422
2.6472  0.08300781 0.0 -1.889648 1.152344 0.0 -0.5419922 2.441406 0.0 -0.4638672 3.496094 0.0 -0.7226563 4.526367 0.0 -0.6982422
2.6488  0.08300781 0.0 -1.894531 1.152344 0.0 -0.5517578 2.441406 0.0 -0.46875 3.496094 0.0 -0.7275391 4.53125 0.0 -0.6982422
2.6504  0.08300781 0.0 -1.904297 1.147461 0.0 -0.5615234 2.441406 0.0 -0.4736328 3.496094 0.0 -0.7324219 4.53125 0.0 -0.703125
2.652  0.08789063 0.0 -1.914063 1.147461 0.0 -0.5712891 2.436523 0.0 -0.4833984 3.496094 0.0 -0.7324219 4.53125 0.0 -0.703125
2.6536  0.08789063 0.0 -1.918945 1.147461 0.0 -0.5859375 2.436523 0.0 -0.4882813 3.496094 0.0 -0.7373047 4.53125 0.0 -0.7080078
2.6552  0.08789063 0.0 -1.928711 1.147461 0.0 -0.5957031 2.436523 0.0 -0.4980469 3.496094 0.0 -0.7421875 4.536133 0.0 -0.7080078
2.6568  0.09277344 0.0 -1.938477 1.147461 0.0 -0.6103516 2.436523 0.0 -0.5078125 3.496094 0.0 -0.7421875 4.536133 0.0 -0.7128906
2.6584  0.09277344 0.0 -1.953125 1.147461 0.0 -0.6201172 2.436523 0.0 -0.5126953 3.500977 0.0 -0.7470703 4.536133 0.0 -0.7128906
2.66  0.09765625 0.0 -1.962891 1.147461 0.0 -0.6347656 2.431641 0.0 -0.5224609 3.500977 0.0 -0.7519531 4.541016 0.0 -0.7177734
2.6616  0.09765625 0.0 -1.972656 1.142578 0.0 -0.6494141 2.431641 0.0 -0.5322266 3.500977 0.0 -0.7568359 4.541016 0.0 -0.7177734
2.6632  0.09765625 0.0 -1.987305 1.142578 0.0 -0.6689453 2.431641 0.0 -0.5419922 3.500977 0.0 -0.7617188 4.545898 0.0 -0.7226563
2.6648  0.1025391 0.0 -2.001953 1.147461 0.0 -0.6835938 2.431641 0.0 -0.5517578 3.500977 0.0 -0.7666016 4.545898 0.0 -0.7226563
2.6664  0.1025391 0.0 -2.011719 1.147461 0.0 -0.703125 2.431641 0.0 -0.5664063 3.505859 0.0 -0.7666016 4.550781 0.0 -0.7275391
2.668  0.1074219 0.0 -2.026367 1.147461 0.0 -0.7226563 2.431641 0.0 -0.5761719 3.505859 0.0 -0.7714844 4.550781 0.0 -0.7275391
2.6696  0.1123047 0.0 -2.041016 1.147461 0.0 -0.7421875 2.431641 0.0 -0.5859375 3.505859 0.0 -0.78125 4.555664 0.0 -0.7324219
2.6712  0.1123047 0.0 -2.055664 1.147461 0.0 -0.7617188 2.431641 0.0 -0.6005859 3.510742 0.0 -0.7861328 4.560547 0.0 -0.7373047
2.6728  0.1171875 0.0 -2.075195 1.147461 0.0 -0.78125 2.431641 0.0 -0.6152344 3.510742 0.0 -0.7910156 4.56543 0.0 -0.7373047
2.6744  0.1171875 0.0 -2.089844 1.152344 0.0 -0.8007813 2.431641 0.0 -0.625 3.515625 0.0 -0.7958984 4.56543 0.0 -0.7421875
2.676  0.1220703 0.0 -2.109375 1.152344 0.0 -0.8251953 2.431641 0.0 -0.6396484 3.515625 0.0 -0.8007813 4.570313 0.0 -0.7470703
2.6776  0.1269531 0.0 -2.124023 1.157227 0.0 -0.8496094 2.436523 0.0 -0.6542969 3.520508 0.0 -0.8056641 4.575195 0.0 -0.7519531
2.6792  0.1269531 0.0 -2.143555 1.157227 0.0 -0.8740234 2.436523 0.0 -0.6689453 3.525391 0.0 -0.8154297 4.580078 0.0 -0.7568359
2.6808  0.1318359 0.0 -2.163086 1.162109 0.0 -0.8984375 2.436523 0.0 -0.6884766 3.525391 0.0 -0.8203125 4.584961 0.0 -0.7617188
2.6824  0.1367188 0.0 -2.182617 1.166992 0.0 -0.9228516 2.441406 0.0 -0.703125 3.530273 0.0 -0.8251953 4.594727 0.0 -0.7617188
2.684  0.1367188 0.0 -2.202148 1.166992 0.0 -0.9521484 2.441406 0.0 -0.7177734 3.535156 0.0 -0.8349609 4.599609 0.0 -0.7666016
2.6856  0.1416016 0.0 -2.22168 1.171875 0.0 -0.9765625 2.441406 0.0 -0.7373047 3.540039 0.0 -0.8398438 4.604492 0.0 -0.7714844
2.6872  0.1464844 0.0 -2.241211 1.176758 0.0 -1.005859 2.446289 0.0 -0.7568359 3.544922 0.0 -0.8496094 4.609375 0.0 -0.78125
2.6888  0.1513672 0.0 -2.260742 1.181641 0.0 -1.030273 2.451172 0.0 -0.7714844 3.549805 0.0 -0.8544922 4.619141 0.0 -0.7861328
2.6904  0.15625 0.0 -2.285156 1.186523 0.0 -1.05957 2.451172 0.0 -0.7910156 3.554688 0.0 -0.8642578 4.624023 0.0 -0.7910156
2.692  0.15625 0.0 -2.304688 1.191406 0.0 -1.088867 2.456055 0.0 -0.8105469 3.55957 0.0 -0.8740234 4.633789 0.0 -0.7958984
2.6936  0.1611328 0.0 -2.329102 1.201172 0.0 -1.118164 2.460938 0.0 -0.8300781 3.564453 0.0 -0.8789063 4.638672 0.0 -0.8007813
2.6952  0.1660156 0.0 -2.348633 1.206055 0.0 -1.147461 2.46582 0.0 -0.8496094 3.569336 0.0 -0.8886719 4.648438 0.0 -0.8056641
2.6968  0.1708984 0.0 -2.373047 1.210938 0.0 -1.176758 2.470703 0.0 -0.8691406 3.574219 0.0 -0.8984375 4.65332 0.0 -0.8154297
2.6984  0.1757813 0.0 -2.397461 1.220703 0.0 -1.206055 2.475586 0.0 -0.8886719 3.579102 0.0 -0.9082031 4.663086 0.0 -0.8203125
2.7  0.1806641 0.0 -2.416992 1.225586 0.0 -1.240234 2.480469 0.0 -0.9130859 3.583984 0.0 -0.9179688 4.672852 0.0 -0.8251953
2.7016  0.1855469 0.0 -2.441406 1.235352 0.0 -1.269531 2.485352 0.0 -0.9326172 3.59375 0.0 -0.9277344 4.677734 0.0 -0.8349609
2.7032  0.1904297 0.0 -2.46582 1.245117 0.0 -1.298828 2.490234 0.0 -0.9521484 3.598633 0.0 -0.9375 4.6875 0.0 -0.8398438
2.7048  0.1953125 0.0 -2.490234 1.25 0.0 -1.328125 2.495117 0.0 -0.9765625 3.603516 0.0 -0.9472656 4.697266 0.0 -0.8447266
2.7064  0.2001953 0.0 -2.514648 1.259766 0.0 -1.357422 2.504883 0.0 -0.9960938 3.613281 0.0 -0.9570313 4.707031 0.0 -0.8544922
2.708  0.2050781 0.0 -2.53418 1.269531 0.0 -1.391602 2.509766 0.0 -1.020508 3.618164 0.0 -0.9667969 4.716797 0.0 -0.859375
2.7096  0.2099609 0.0 -2.558594 1.279297 0.0 -1.420898 2.514648 0.0 -1.040039 3.623047 0.0 -0.9765625 4.72168 0.0 -0.8691406
2.7112  0.2148438 0.0 -2.583008 1.289063 0.0 -1.450195 2.524414 0.0 -1.064453 3.632813 0.0 -0.9863281 4.731445 0.0 -0.8740234
2.7128  0.2197266 0.0 -2.607422 1.293945 0.0 -1.479492 2.529297 0.0 -1.083984 3.637695 0.0 -0.9960938 4.741211 0.0 -0.8789063
2.7144  0.2294922 0.0 -2.626953 1.303711 0.0 -1.508789 2.539063 0.0 -1.108398 3.642578 0.0 -1.005859 4.750977 0.0 -0.8886719
2.716  0.234375 0.0 -2.651367 1.313477 0.0 -1.538086 2.543945 0.0 -1.12793 3.652344 0.0 -1.015625 4.760742 0.0 -0.8935547
2.7176  0.2392578 0.0 -2.675781 1.323242 0.0 -1.567383 2.553711 0.0 -1.147461 3.657227 0.0 -1.025391 4.765625 0.0 -0.8984375
2.7192  0.2441406 0.0 -2.695313 1.333008 0.0 -1.591797 2.558594 0.0 -1.171875 3.662109 0.0 -1.035156 4.775391 0.0 -0.9082031
2.7208  0.2490234 0.0 -2.719727 1.342773 0.0 -1.621094 2.568359 0.0 -1.191406 3.671875 0.0 -1.044922 4.785156 0.0 -0.9130859
2.7224  0.2539063 0.0 -2.739258 1.352539 0.0 -1.650391 2.573242 0.0 -1.21582 3.676758 0.0 -1.054688 4.790039 0.0 -0.9179688
2.724  0.2587891 0.0 -2.763672 1.362305 0.0 -1.674805 2.583008 0.0 -1.235352 3.681641 0.0 -1.064453 4.799805 0.0 -0.9277344
2.7256  0.2636719 0.0 -2.783203 1.37207 0.0 -1.704102 2.587891 0.0 -1.254883 3.691406 0.0 -1.074219 4.80957 0.0 -0.9326172
2.7272  0.2685547 0.0 -2.802734 1.381836 0.0 -1.728516 2.597656 0.0 -1.274414 3.696289 0.0 -1.083984 4.814453 0.0 -0.9375
2.7288  0.2685547 0.0 -2.827148 1.391602 0.0 -1.75293 2.602539 0.0 -1.293945 3.701172 0.0 -1.088867 4.824219 0.0 -0.9423828
2.7304  0.2734375 0.0 -2.84668 1.401367 0.0 -1.777344 2.612305 0.0 -1.318359 3.706055 0.0 -1.098633 4.829102 0.0 -0.9472656
2.732  0.2783203 0.0 -2.866211 1.411133 0.0 -1.801758 2.617188 0.0 -1.337891 3.710938 0.0 -1.108398 4.833984 0.0 -0.9570313
2.7336  0.2832031 0.0 -2.880859 1.420898 0.0 -1.826172 2.626953 0.0 -1.352539 3.71582 0.0 -1.118164 4.84375 0.0 -0.9619141
2.7352  0.2880859 0.0 -2.900391 1.425781 0.0 -1.850586 2.631836 0.0 -1.37207 3.720703 0.0 -1.12793 4.848633 0.0 -0.9667969
2.7368  0.2929688 0.0 -2.919922 1.435547 0.0 -1.870117 2.636719 0.0 -1.391602 3.725586 0.0 -1.132813 4.853516 0.0 -0.9716797
2.7384  0.2929688 0.0 -2.93457 1.445313 0.0 -1.889648 2.646484 0.0 -1.411133 3.730469 0.0 -1.142578 4.858398 0.0 -0.9765625
2.74  0.2978516 0.0 -2.954102 1.450195 0.0 -1.914063 2.651367 0.0 -1.425781 3.735352 0.0 -1.152344 4.863281 0.0 -0.9814453
2.7416  0.3027344 0.0 -2.96875 1.459961 0.0 -1.933594 2.65625 0.0 -1.445313 3.735352 0.0 -1.157227 4.868164 0.0 -0.9863281
2.7432  0.3027344 0.0 -2.983398 1.464844 0.0 -1.953125 2.661133 0.0 -1.459961 3.740234 0.0 -1.166992 4.873047 0.0 -0.9863281
2.7448  0.3076172 0.0 -3.00293 1.474609 0.0 -1.972656 2.666016 0.0 -1.479492 3.745117 0.0 -1.171875 4.87793 0.0 -0.9912109
2.7464  0.3125 0.0 -3.017578 1.479492 0.0 -1.987305 2.670898 0.0 -1.494141 3.745117 0.0 -1.181641 4.87793 0.0 -0.9960938
2.748  0.3125 0.0 -3.027344 1.484375 0.0 -2.006836 2.675781 0.0 -1.508789 3.75 0.0 -1.186523 4.882813 0.0 -1.000977
2.7496  0.3173828 0.0 -3.041992 1.494141 0.0 -2.021484 2.680664 0.0 -1.523438 3.754883 0.0 -1.196289 4.887695 0.0 -1.005859
2.7512  0.3173828 0.0 -3.056641 1.499023 0.0 -2.041016 2.685547 0.0 -1.538086 3.754883 0.0 -1.201172 4.887695 0.0 -1.005859
2.7528  0.3173828 0.0 -3.066406 1.503906 0.0 -2.055664 2.69043 0.0 -1.552734 3.754883 0.0 -1.206055 4.892578 0.0 -1.010742
2.7544  0.3222656 0.0 -3.081055 1.508789 0.0 -2.070313 2.695313 0.0 -1.567383 3.759766 0.0 -1.21582 4.892578 0.0 -1.015625
2.756  0.3222656 0.0 -3.09082 1.513672 0.0 -2.084961 2.700195 0.0 -1.577148 3.759766 0.0 -1.220703 4.892578 0.0 -1.015625
2.7576  0.3271484 0.0 -3.100586 1.518555 0.0 -2.099609 2.700195 0.0 -1.591797 3.759766 0.0 -1.225586 4.897461 0.0 -1.020508
2.7592  0.3271484 0.0 -3.115234 1.523438 0.0 -2.109375 2.705078 0.0 -1.606445 3.764648 0.0 -1.230469 4.897461 0.0 -1.025391
2.7608  0.3271484 0.0 -3.125 1.52832 0.0 -2.124023 2.709961 0.0 -1.616211 3.764648 0.0 -1.235352 4.897461 0.0 -1.025391
2.7624  0.3271484 0.0 -3.129883 1.533203 0.0 -2.133789 2.709961 0.0 -1.625977 3.764648 0.0 -1.245117 4.902344 0.0 -1.030273
2.764  0.3320313 0.0 -3.139648 1.533203 0.0 -2.148438 2.714844 0.0 -1.640625 3.764648 0.0 -1.25 4.902344 0.0 -1.035156
2.7656  0.3320313 0.0 -3.149414 1.538086 0.0 -2.158203 2.714844 0.0 -1.650391 3.764648 0.0 -1.254883 4.902344 0.0 -1.035156
2.7672  0.3320313 0.0 -3.15918 1.542969 0.0 -2.167969 2.719727 0.0 -1.660156 3.769531 0.0 -1.259766 4.902344 0.0 -1.040039
2.7688  0.3320313 0.0 -3.164063 1.542969 0.0 -2.177734 2.719727 0.0 -1.669922 3.769531 0.0 -1.264648 4.902344 0.0 -1.040039
2.7704  0.3320313 0.0 -3.173828 1.547852 0.0 -2.1875 2.724609 0.0 -1.679688 3.769531 0.0 -1.269531 4.902344 0.0 -1.044922
2.772  0.3320313 0.0 -3.178711 1.552734 0.0 -2.197266 2.724609 0.0 -1.689453 3.769531 0.0 -1.274414 4.902344 0.0 -1.044922
2.7736  0.3369141 0.0 -3.183594 1.552734 0.0 -2.202148 2.724609 0.0 -1.699219 3.769531 0.0 -1.279297 4.902344 0.0 -1.049805
2.7752  0.3369141 0.0 -3.188477 1.557617 0.0 -2.211914 2.729492 0.0 -1.704102 3.769531 0.0 -1.279297 4.902344 0.0 -1.049805
2.7768  0.3369141 0.0 -3.193359 1.557617 0.0 -2.22168 2.729492 0.0 -1.713867 3.769531 0.0 -1.28418 4.902344 0.0 -1.054688
2.7784  0.3369141 0.0 -3.203125 1.5625 0.0 -2.226563 2.734375 0.0 -1.723633 3.769531 0.0 -1.289063 4.902344 0.0 -1.054688
2.78  0.3369141 0.0 -3.208008 1.5625 0.0 -2.231445 2.734375 0.0 -1.728516 3.769531 0.0 -1.293945 4.902344 0.0 -1.054688
2.7816  0.3369141 0.0 -3.208008 1.567383 0.0 -2.241211 2.734375 0.0 -1.738281 3.769531 0.0 -1.298828 4.902344 0.0 -1.05957
2.7832  0.3320313 0.0 -3.212891 1.567383 0.0 -2.246094 2.734375 0.0 -1.743164 3.769531 0.0 -1.298828 4.902344 0.0 -1.05957
2.7848  0.3320313 0.0 -3.217773 1.572266 0.0 -2.250977 2.739258 0.0 -1.748047 3.769531 0.0 -1.303711 4.902344 0.0 -1.064453
2.7864  0.3320313 0.0 -3.222656 1.572266 0.0 -2.255859 2.739258 0.0 -1.757813 3.769531 0.0 -1.308594 4.902344 0.0 -1.064453
2.788  0.3320313 0.0 -3.222656 1.577148 0.0 -2.260742 2.739258 0.0 -1.762695 3.769531 0.0 -1.313477 4.902344 0.0 -1.064453
2.7896  0.3320313 0.0 -3.227539 1.577148 0.0 -2.265625 2.744141 0.0 -1.767578 3.769531 0.0 -1.313477 4.902344 0.0 -1.069336
2.7912  0.3320313 0.0 -3.232422 1.577148 0.0 -2.270508 2.744141 0.0 -1.772461 3.769531 0.0 -1.318359 4.902344 0.0 -1.069336
2.7928  0.3320313 0.0 -3.232422 1.582031 0.0 -2.275391 2.744141 0.0 -1.777344 3.769531 0.0 -1.318359 4.902344 0.0 -1.069336
2.7944  0.3320313 0.0 -3.237305 1.582031 0.0 -2.280273 2.744141 0.0 -1.782227 3.769531 0.0 -1.323242 4.902344 0.0 -1.074219
2.796  0.3320313 0.0 -3.237305 1.582031 0.0 -2.280273 2.749023 0.0 -1.787109 3.769531 0.0 -1.323242 4.902344 0.0 -1.074219
2.7976  0.3271484 0.0 -3.237305 1.586914 0.0 -2.285156 2.749023 0.0 -1.791992 3.769531 0.0 -1.328125 4.902344 0.0 -1.074219
2.7992  0.3271484 0.0 -3.242188 1.586914 0.0 -2.290039 2.749023 0.0 -1.796875 3.769531 0.0 -1.328125 4.902344 0.0 -1.074219
2.8008  0.3271484 0.0 -3.242188 1.586914 0.0 -2.290039 2.749023 0.0 -1.801758 3.769531 0.0 -1.333008 4.902344 0.0 -1.079102
2.8024  0.3271484 0.0 -3.242188 1.591797 0.0 -2.294922 2.753906 0.0 -1.806641 3.769531 0.0 -1.333008 4.902344 0.0 -1.079102
2.804  0.3271484 0.0 -3.242188 1.591797 0.0 -2.294922 2.753906 0.0 -1.806641 3.769531 0.0 -1.337891 4.902344 0.0 -1.079102
2.8056  0.3271484 0.0 -3.242188 1.591797 0.0 -2.299805 2.753906 0.0 -1.811523 3.769531 0.0 -1.337891 4.902344 0.0 -1.083984
2.8072  0.3222656 0.0 -3.24707 1.591797 0.0 -2.299805 2.753906 0.0 -1.816406 3.769531 0.0 -1.337891 4.902344 0.0 -1.083984
2.8088  0.3222656 0.0 -3.24707 1.59668 0.0 -2.304688 2.753906 0.0 -1.816406 3.769531 0.0 -1.337891 4.902344 0.0 -1.083984
2.8104  0.3222656 0.0 -3.24707 1.59668 0.0 -2.304688 2.758789 0.0 -1.821289 3.769531 0.0 -1.342773 4.902344 0.0 -1.083984
2.812  0.3222656 0.0 -3.24707 1.59668 0.0 -2.304688 2.758789 0.0 -1.821289 3.769531 0.0 -1.342773 4.902344 0.0 -1.088867
2.8136  0.3222656 0.0 -3.242188 1.59668 0.0 -2.304688 2.758789 0.0 -1.826172 3.769531 0.0 -1.342773 4.902344 0.0 -1.088867
2.8152  0.3222656 0.0 -3.242188 1.59668 0.0 -2.30957 2.758789 0.0 -1.826172 3.769531 0.0 -1.342773 4.902344 0.0 -1.088867
2.8168  0.3173828 0.0 -3.242188 1.601563 0.0 -2.30957 2.758789 0.0 -1.831055 3.769531 0.0 -1.342773 4.907227 0.0 -1.088867
2.8184  0.3173828 0.0 -3.242188 1.601563 0.0 -2.30957 2.763672 0.0 -1.831055 3.774414 0.0 -1.347656 4.907227 0.0 -1.088867
2.82  0.3173828 0.0 -3.242188 1.601563 0.0 -2.30957 2.763672 0.0 -1.835938 3.774414 0.0 -1.347656 4.907227 0.0 -1.09375
2.8216  0.3173828 0.0 -3.237305 1.601563 0.0 -2.30957 2.763672 0.0 -1.835938 3.774414 0.0 -1.347656 4.907227 0.0 -1.09375
2.8232  0.3173828 0.0 -3.237305 1.601563 0.0 -2.30957 2.763672 0.0 -1.835938 3.774414 0.0 -1.347656 4.907227 0.0 -1.09375
2.8248  0.3173828 0.0 -3.237305 1.606445 0.0 -2.30957 2.763672 0.0 -1.835938 3.774414 0.0 -1.347656 4.907227 0.0 -1.09375
2.8264  0.3173828 0.0 -3.232422 1.606445 0.0 -2.30957 2.763672 0.0 -1.84082 3.774414 0.0 -1.347656 4.907227 0.0 -1.09375
2.828  0.3173828 0.0 -3.232422 1.606445 0.0 -2.30957 2.768555 0.0 -1.84082 3.774414 0.0 -1.347656 4.907227 0.0 -1.09375
2.8296  0.3125 0.0 -3.227539 1.606445 0.0 -2.30957 2.768555 0.0 -1.84082 3.774414 0.0 -1.347656 4.907227 0.0 -1.098633
2.8312  0.3125 0.0 -3.222656 1.606445 0.0 -2.304688 2.768555 0.0 -1.84082 3.779297 0.0 -1.347656 4.907227 0.0 -1.098633
2.8328  0.3125 0.0 -3.222656 1.606445 0.0 -2.304688 2.768555 0.0 -1.84082 3.779297 0.0 -1.342773 4.907227 0.0 -1.098633
2.8344  0.3125 0.0 -3.217773 1.611328 0.0 -2.304688 2.768555 0.0 -1.84082 3.779297 0.0 -1.342773 4.907227 0.0 -1.098633
2.836  0.3125 0.0 -3.212891 1.611328 0.0 -2.299805 2.768555 0.0 -1.84082 3.779297 0.0 -1.342773 4.912109 0.0 -1.098633
2.8376  0.3125 0.0 -3.208008 1.611328 0.0 -2.299805 2.768555 0.0 -1.84082 3.779297 0.0 -1.342773 4.912109 0.0 -1.098633
2.8392  0.3125 0.0 -3.203125 1.611328 0.0 -2.299805 2.773438 0.0 -1.84082 3.779297 0.0 -1.342773 4.912109 0.0 -1.098633
2.8408  0.3076172 0.0 -3.203125 1.611328 0.0 -2.294922 2.773438 0.0 -1.835938 3.779297 0.0 -1.342773 4.912109 0.0 -1.098633
2.8424  0.3076172 0.0 -3.198242 1.611328 0.0 -2.294922 2.773438 0.0 -1.835938 3.779297 0.0 -1.337891 4.912109 0.0 -1.098633
2.844  0.3076172 0.0 -3.193359 1.611328 0.0 -2.290039 2.773438 0.0 -1.835938 3.78418 0.0 -1.337891 4.912109 0.0 -1.098633
2.8456  0.3076172 0.0 -3.188477 1.611328 0.0 -2.285156 2.773438 0.0 -1.831055 3.78418 0.0 -1.337891 4.912109 0.0 -1.098633
2.8472  0.3027344 0.0 -3.183594 1.611328 0.0 -2.285156 2.773438 0.0 -1.831055 3.78418 0.0 -1.337891 4.912109 0.0 -1.098633
2.8488  0.3027344 0.0 -3.173828 1.611328 0.0 -2.280273 2.773438 0.0 -1.831055 3.78418 0.0 -1.333008 4.912109 0.0 -1.098633
2.8504  0.3027344 0.0 -3.168945 1.611328 0.0 -2.275391 2.773438 0.0 -1.826172 3.78418 0.0 -1.333008 4.912109 0.0 -1.098633
2.852  0.2978516 0.0 -3.164063 1.611328 0.0 -2.270508 2.773438 0.0 -1.826172 3.78418 0.0 -1.333008 4.912109 0.0 -1.098633
2.8536  0.2978516 0.0 -3.15918 1.606445 0.0 -2.265625 2.773438 0.0 -1.821289 3.78418 0.0 -1.328125 4.912109 0.0 -1.098633
2.8552  0.2978516 0.0 -3.154297 1.606445 0.0 -2.260742 2.768555 0.0 -1.821289 3.78418 0.0 -1.328125 4.912109 0.0 -1.098633
2.8568  0.2929688 0.0 -3.144531 1.606445 0.0 -2.255859 2.768555 0.0 -1.816406 3.78418 0.0 -1.328125 4.912109 0.0 -1.098633
2.8584  0.2929688 0.0 -3.139648 1.606445 0.0 -2.250977 2.768555 0.0 -1.816406 3.78418 0.0 -1.323242 4.912109 0.0 -1.098633
2.86  0.2880859 0.0 -3.134766 1.606445 0.0 -2.246094 2.768555 0.0 -1.811523 3.779297 0.0 -1.323242 4.912109 0.0 -1.098633
2.8616  0.2880859 0.0 -3.125 1.601563 0.0 -2.241211 2.768555 0.0 -1.806641 3.779297 0.0 -1.323242 4.912109 0.0 -1.098633
2.8632  0.2832031 0.0 -3.120117 1.601563 0.0 -2.236328 2.768555 0.0 -1.806641 3.779297 0.0 -1.318359 4.912109 0.0 -1.098633
2.8648  0.2832031 0.0 -3.110352 1.601563 0.0 -2.231445 2.763672 0.0 -1.801758 3.779297 0.0 -1.318359 4.907227 0.0 -1.09375
2.8664  0.2783203 0.0 -3.105469 1.59668 0.0 -2.226563 2.763672 0.0 -1.796875 3.779297 0.0 -1.313477 4.907227 0.0 -1.09375
2.868  0.2783203 0.0 -3.095703 1.59668 0.0 -2.216797 2.763672 0.0 -1.791992 3.779297 0.0 -1.313477 4.907227 0.0 -1.09375
2.8696  0.2734375 0.0 -3.085938 1.591797 0.0 -2.211914 2.763672 0.0 -1.787109 3.779297 0.0 -1.313477 4.907227 0.0 -1.09375
2.8712  0.2734375 0.0 -3.081055 1.591797 0.0 -2.202148 2.758789 0.0 -1.782227 3.774414 0.0 -1.308594 4.907227 0.0 -1.09375
2.8728  0.2685547 0.0 -3.071289 1.591797 0.0 -2.197266 2.758789 0.0 -1.782227 3.774414 0.0 -1.308594 4.907227 0.0 -1.09375
2.8744  0.2636719 0.0 -3.061523 1.586914 0.0 -2.192383 2.758789 0.0 -1.777344 3.774414 0.0 -1.303711 4.907227 0.0 -1.09375
2.876  0.2636719 0.0 -3.051758 1.586914 0.0 -2.182617 2.753906 0.0 -1.772461 3.774414 0.0 -1.303711 4.907227 0.0 -1.09375
2.8776  0.2587891 0.0 -3.041992 1.582031 0.0 -2.177734 2.753906 0.0 -1.767578 3.774414 0.0 -1.298828 4.907227 0.0 -1.09375
2.8792  0.2587891 0.0 -3.037109 1.582031 0.0 -2.167969 2.753906 0.0 -1.762695 3.769531 0.0 -1.298828 4.902344 0.0 -1.09375
2.8808  0.2539063 0.0 -3.027344 1.577148 0.0 -2.158203 2.749023 0.0 -1.757813 3.769531 0.0 -1.293945 4.902344 0.0 -1.09375
2.8824  0.2490234 0.0 -3.017578 1.577148 0.0 -2.15332 2.749023 0.0 -1.748047 3.769531 0.0 -1.293945 4.902344 0.0 -1.09375
2.884  0.2490234 0.0 -3.007813 1.572266 0.0 -2.143555 2.749023 0.0 -1.743164 3.769531 0.0 -1.289063 4.902344 0.0 -1.088867
2.8856  0.2441406 0.0 -2.998047 1.572266 0.0 -2.133789 2.749023 0.0 -1.738281 3.769531 0.0 -1.289063 4.902344 0.0 -1.088867
2.8872  0.2392578 0.0 -2.988281 1.567383 0.0 -2.128906 2.744141 0.0 -1.733398 3.764648 0.0 -1.28418 4.902344 0.0 -1.088867
2.8888  0.2392578 0.0 -2.978516 1.567383 0.0 -2.119141 2.744141 0.0 -1.728516 3.764648 0.0 -1.28418 4.902344 0.0 -1.088867
2.8904  0.234375 0.0 -2.96875 1.5625 0.0 -2.109375 2.744141 0.0 -1.723633 3.764648 0.0 -1.279297 4.902344 0.0 -1.088867
2.892  0.2294922 0.0 -2.958984 1.5625 0.0 -2.099609 2.744141 0.0 -1.71875 3.764648 0.0 -1.274414 4.902344 0.0 -1.088867
2.8936  0.2294922 0.0 -2.949219 1.5625 0.0 -2.094727 2.739258 0.0 -1.708984 3.764648 0.0 -1.274414 4.902344 0.0 -1.088867
2.8952  0.2246094 0.0 -2.939453 1.557617 0.0 -2.084961 2.739258 0.0 -1.704102 3.764648 0.0 -1.269531 4.902344 0.0 -1.088867
2.8968  0.2246094 0.0 -2.929688 1.557617 0.0 -2.075195 2.739258 0.0 -1.699219 3.764648 0.0 -1.269531 4.902344 0.0 -1.088867
2.8984  0.2197266 0.0 -2.919922 1.552734 0.0 -2.06543 2.739258 0.0 -1.694336 3.759766 0.0 -1.264648 4.902344 0.0 -1.083984
2.9  0.2148438 0.0 -2.910156 1.552734 0.0 -2.055664 2.739258 0.0 -1.689453 3.759766 0.0 -1.259766 4.902344 0.0 -1.083984
2.9016  0.2148438 0.0 -2.895508 1.552734 0.0 -2.045898 2.734375 0.0 -1.679688 3.759766 0.0 -1.259766 4.902344 0.0 -1.083984
2.9032  0.2099609 0.0 -2.885742 1.547852 0.0 -2.041016 2.734375 0.0 -1.674805 3.759766 0.0 -1.254883 4.902344 0.0 -1.083984
2.9048  0.2099609 0.0 -2.875977 1.547852 0.0 -2.03125 2.734375 0.0 -1.669922 3.759766 0.0 -1.25 4.902344 0.0 -1.083984
2.9064  0.2050781 0.0 -2.866211 1.547852 0.0 -2.021484 2.734375 0.0 -1.665039 3.759766 0.0 -1.25 4.902344 0.0 -1.083984
2.908  0.2050781 0.0 -2.856445 1.547852 0.0 -2.011719 2.734375 0.0 -1.655273 3.759766 0.0 -1.245117 4.902344 0.0 -1.083984
2.9096  0.2001953 0.0 -2.84668 1.542969 0.0 -2.001953 2.734375 0.0 -1.650391 3.759766 0.0 -1.245117 4.902344 0.0 -1.083984
2.9112  0.1953125 0.0 -2.832031 1.542969 0.0 -1.992188 2.734375 0.0 -1.645508 3.759766 0.0 -1.240234 4.902344 0.0 -1.083984
2.9128  0.1953125 0.0 -2.822266 1.542969 0.0 -1.982422 2.734375 0.0 -1.640625 3.759766 0.0 -1.235352 4.902344 0.0 -1.083984
2.9144  0.1904297 0.0 -2.8125 1.542969 0.0 -1.972656 2.734375 0.0 -1.630859 3.764648 0.0 -1.235352 4.902344 0.0 -1.079102
2.916  0.1904297 0.0 -2.802734 1.538086 0.0 -1.967773 2.734375 0.0 -1.625977 3.764648 0.0 -1.230469 4.907227 0.0 -1.079102
2.9176  0.1855469 0.0 -2.788086 1.538086 0.0 -1.958008 2.734375 0.0 -1.621094 3.764648 0.0 -1.225586 4.907227 0.0 -1.079102
2.9192  0.1855469 0.0 -2.77832 1.538086 0.0 -1.948242 2.734375 0.0 -1.611328 3.764648 0.0 -1.225586 4.907227 0.0 -1.079102
2.9208  0.1806641 0.0 -2.768555 1.538086 0.0 -1.938477 2.734375 0.0 -1.606445 3.764648 0.0 -1.220703 4.907227 0.0 -1.079102
2.9224  0.1806641 0.0 -2.758789 1.538086 0.0 -1.928711 2.734375 0.0 -1.601563 3.764648 0.0 -1.220703 4.907227 0.0 -1.079102
2.924  0.1757813 0.0 -2.744141 1.538086 0.0 -1.918945 2.734375 0.0 -1.59668 3.764648 0.0 -1.21582 4.907227 0.0 -1.079102
2.9256  0.1708984 0.0 -2.734375 1.533203 0.0 -1.914063 2.734375 0.0 -1.591797 3.769531 0.0 -1.210938 4.907227 0.0 -1.079102
2.9272  0.1708984 0.0 -2.724609 1.533203 0.0 -1.904297 2.734375 0.0 -1.582031 3.769531 0.0 -1.210938 4.912109 0.0 -1.079102
2.9288  0.1660156 0.0 -2.714844 1.533203 0.0 -1.894531 2.734375 0.0 -1.577148 3.769531 0.0 -1.206055 4.912109 0.0 -1.079102
2.9304  0.1660156 0.0 -2.700195 1.533203 0.0 -1.884766 2.734375 0.0 -1.572266 3.769531 0.0 -1.206055 4.912109 0.0 -1.079102
2.932  0.1611328 0.0 -2.69043 1.533203 0.0 -1.879883 2.734375 0.0 -1.567383 3.769531 0.0 -1.201172 4.912109 0.0 -1.079102
2.9336  0.15625 0.0 -2.680664 1.533203 0.0 -1.870117 2.734375 0.0 -1.5625 3.774414 0.0 -1.201172 4.912109 0.0 -1.079102
2.9352  0.15625 0.0 -2.670898 1.533203 0.0 -1.860352 2.734375 0.0 -1.557617 3.774414 0.0 -1.196289 4.916992 0.0 -1.079102
2.9368  0.1513672 0.0 -2.661133 1.533203 0.0 -1.850586 2.734375 0.0 -1.547852 3.774414 0.0 -1.191406 4.916992 0.0 -1.079102
2.9384  0.1513672 0.0 -2.646484 1.533203 0.0 -1.845703 2.734375 0.0 -1.542969 3.774414 0.0 -1.191406 4.916992 0.0 -1.079102
2.94  0.1464844 0.0 -2.636719 1.533203 0.0 -1.835938 2.734375 0.0 -1.538086 3.774414 0.0 -1.186523 4.916992 0.0 -1.074219
2.9416  0.1416016 0.0 -2.626953 1.533203 0.0 -1.826172 2.734375 0.0 -1.533203 3.779297 0.0 -1.186523 4.916992 0.0 -1.074219
2.9432  0.1416016 0.0 -2.617188 1.533203 0.0 -1.821289 2.734375 0.0 -1.52832 3.779297 0.0 -1.181641 4.921875 0.0 -1.074219
2.9448  0.1367188 0.0 -2.607422 1.533203 0.0 -1.811523 2.739258 0.0 -1.523438 3.779297 0.0 -1.181641 4.921875 0.0 -1.074219
2.9464  0.1318359 0.0 -2.597656 1.533203 0.0 -1.801758 2.739258 0.0 -1.518555 3.779297 0.0 -1.176758 4.921875 0.0 -1.074219
2.948  0.1318359 0.0 -2.583008 1.533203 0.0 -1.796875 2.739258 0.0 -1.513672 3.78418 0.0 -1.176758 4.921875 0.0 -1.074219
2.9496  0.1269531 0.0 -2.573242 1.533203 0.0 -1.787109 2.739258 0.0 -1.508789 3.78418 0.0 -1.171875 4.921875 0.0 -1.074219
2.9512  0.1269531 0.0 -2.563477 1.533203 0.0 -1.782227 2.739258 0.0 -1.503906 3.78418 0.0 -1.171875 4.926758 0.0 -1.074219
2.9528  0.1220703 0.0 -2.553711 1.533203 0.0 -1.772461 2.739258 0.0 -1.499023 3.78418 0.0 -1.166992 4.926758 0.0 -1.074219
2.9544  0.1171875 0.0 -2.543945 1.533203 0.0 -1.762695 2.739258 0.0 -1.494141 3.789063 0.0 -1.162109 4.926758 0.0 -1.074219
2.956  0.1171875 0.0 -2.53418 1.533203 0.0 -1.757813 2.739258 0.0 -1.489258 3.789063 0.0 -1.162109 4.926758 0.0 -1.074219
2.9576  0.1123047 0.0 -2.524414 1.533203 0.0 -1.748047 2.739258 0.0 -1.484375 3.789063 0.0 -1.157227 4.931641 0.0 -1.074219
2.9592  0.1123047 0.0 -2.514648 1.533203 0.0 -1.743164 2.744141 0.0 -1.479492 3.789063 0.0 -1.157227 4.931641 0.0 -1.069336
2.9608  0.1074219 0.0 -2.504883 1.533203 0.0 -1.733398 2.744141 0.0 -1.474609 3.793945 0.0 -1.152344 4.931641 0.0 -1.069336
2.9624  0.1074219 0.0 -2.490234 1.533203 0.0 -1.728516 2.744141 0.0 -1.469727 3.793945 0.0 -1.152344 4.931641 0.0 -1.069336
2.964  0.1025391 0.0 -2.480469 1.533203 0.0 -1.71875 2.744141 0.0 -1.464844 3.793945 0.0 -1.147461 4.931641 0.0 -1.069336
2.9656  0.09765625 0.0 -2.470703 1.533203 0.0 -1.713867 2.744141 0.0 -1.459961 3.793945 0.0 -1.147461 4.936523 0.0 -1.069336
2.9672  0.09765625 0.0 -2.460938 1.533203 0.0 -1.708984 2.744141 0.0 -1.459961 3.798828 0.0 -1.142578 4.936523 0.0 -1.069336
2.9688  0.09277344 0.0 -2.451172 1.538086 0.0 -1.699219 2.744141 0.0 -1.455078 3.798828 0.0 -1.142578 4.936523 0.0 -1.069336
2.9704  0.09277344 0.0 -2.441406 1.538086 0.0 -1.694336 2.749023 0.0 -1.450195 3.798828 0.0 -1.137695 4.936523 0.0 -1.069336
2.972  0.08789063 0.0 -2.431641 1.538086 0.0 -1.68457 2.749023 0.0 -1.445313 3.798828 0.0 -1.137695 4.941406 0.0 -1.069336
2.9736  0.08789063 0.0 -2.421875 1.538086 0.0 -1.679688 2.749023 0.0 -1.44043 3.798828 0.0 -1.137695 4.941406 0.0 -1.069336
2.9752  0.08300781 0.0 -2.412109 1.538086 0.0 -1.674805 2.749023 0.0 -1.435547 3.803711 0.0 -1.132813 4.941406 0.0 -1.069336
2.9768  0.078125 0.0 -2.402344 1.538086 0.0 -1.665039 2.749023 0.0 -1.430664 3.803711 0.0 -1.132813 4.941406 0.0 -1.069336
2.9784  0.078125 0.0 -2.392578 1.538086 0.0 -1.660156 2.749023 0.0 -1.425781 3.803711 0.0 -1.12793 4.941406 0.0 -1.064453
2.98  0.07324219 0.0 -2.382813 1.538086 0.0 -1.650391 2.749023 0.0 -1.425781 3.803711 0.0 -1.12793 4.941406 0.0 -1.064453
2.9816  0.07324219 0.0 -2.37793 1.538086 0.0 -1.645508 2.749023 0.0 -1.420898 3.803711 0.0 -1.123047 4.946289 0.0 -1.064453
2.9832  0.06835938 0.0 -2.368164 1.538086 0.0 -1.640625 2.749023 0.0 -1.416016 3.808594 0.0 -1.123047 4.946289 0.0 -1.064453
2.9848  0.06835938 0.0 -2.358398 1.538086 0.0 -1.630859 2.753906 0.0 -1.411133 3.808594 0.0 -1.123047 4.946289 0.0 -1.064453
2.9864  0.06347656 0.0 -2.348633 1.538086 0.0 -1.625977 2.753906 0.0 -1.40625 3.808594 0.0 -1.118164 4.946289 0.0 -1.064453
2.988  0.06347656 0.0 -2.338867 1.538086 0.0 -1.621094 2.753906 0.0 -1.401367 3.808594 0.0 -1.118164 4.946289 0.0 -1.064453
2.9896  0.05859375 0.0 -2.329102 1.538086 0.0 -1.616211 2.753906 0.0 -1.401367 3.808594 0.0 -1.113281 4.946289 0.0 -1.064453
2.9912  0.05859375 0.0 -2.319336 1.538086 0.0 -1.606445 2.753906 0.0 -1.396484 3.808594 0.0 -1.113281 4.946289 0.0 -1.05957
2.9928  0.05371094 0.0 -2.30957 1.538086 0.0 -1.601563 2.753906 0.0 -1.391602 3.808594 0.0 -1.113281 4.951172 0.0 -1.05957
2.9944  0.05371094 0.0 -2.304688 1.538086 0.0 -1.59668 2.753906 0.0 -1.386719 3.813477 0.0 -1.108398 4.951172 0.0 -1.05957
2.996  0.04882813 0.0 -2.294922 1.538086 0.0 -1.586914 2.753906 0.0 -1.381836 3.813477 0.0 -1.108398 4.951172 0.0 -1.05957
2.9976  0.04882813 0.0 -2.285156 1.538086 0.0 -1.582031 2.753906 0.0 -1.381836 3.813477 0.0 -1.108398 4.951172 0.0 -1.05957
2.9992  0.04394531 0.0 -2.275391 1.538086 0.0 -1.577148 2.753906 0.0 -1.376953 3.813477 0.0 -1.103516 4.951172 0.0 -1.054688
3.0008  0.04394531 0.0 -2.270508 1.538086 0.0 -1.572266 2.753906 0.0 -1.37207 3.813477 0.0 -1.103516 4.951172 0.0 -1.054688
3.0024  0.04394531 0.0 -2.260742 1.538086 0.0 -1.567383 2.753906 0.0 -1.367188 3.813477 0.0 -1.103516 4.951172 0.0 -1.054688
3.004  0.0390625 0.0 -2.250977 1.538086 0.0 -1.557617 2.749023 0.0 -1.367188 3.813477 0.0 -1.098633 4.951172 0.0 -1.054688
3.0056  0.0390625 0.0 -2.246094 1.538086 0.0 -1.552734 2.749023 0.0 -1.362305 3.813477 0.0 -1.098633 4.951172 0.0 -1.049805
3.0072  0.03417969 0.0 -2.236328 1.538086 0.0 -1.547852 2.749023 0.0 -1.357422 3.813477 0.0 -1.098633 4.951172 0.0 -1.049805
3.0088  0.03417969 0.0 -2.226563 1.538086 0.0 -1.542969 2.749023 0.0 -1.357422 3.813477 0.0 -1.09375 4.951172 0.0 -1.049805
3.0104  0.02929688 0.0 -2.22168 1.538086 0.0 -1.538086 2.749023 0.0 -1.352539 3.813477 0.0 -1.09375 4.951172 0.0 -1.044922
3.012  0.02929688 0.0 -2.211914 1.538086 0.0 -1.52832 2.749023 0.0 -1.347656 3.813477 0.0 -1.09375 4.951172 0.0 -1.044922
3.0136  0.02441406 0.0 -2.207031 1.538086 0.0 -1.523438 2.749023 0.0 -1.347656 3.813477 0.0 -1.09375 4.951172 0.0 -1.044922
3.0152  0.02441406 0.0 -2.197266 1.538086 0.0 -1.518555 2.749023 0.0 -1.342773 3.813477 0.0 -1.088867 4.951172 0.0 -1.040039
3.0168  0.01953125 0.0 -2.1875 1.538086 0.0 -1.513672 2.749023 0.0 -1.337891 3.813477 0.0 -1.088867 4.951172 0.0 -1.040039
3.0184  0.01953125 0.0 -2.182617 1.533203 0.0 -1.508789 2.744141 0.0 -1.337891 3.808594 0.0 -1.088867 4.946289 0.0 -1.040039
3.02  0.01464844 0.0 -2.172852 1.533203 0.0 -1.503906 2.744141 0.0 -1.333008 3.808594 0.0 -1.083984 4.946289 0.0 -1.035156
3.0216  0.01464844 0.0 -2.167969 1.533203 0.0 -1.499023 2.744141 0.0 -1.333008 3.808594 0.0 -1.083984 4.946289 0.0 -1.035156
3.0232  0.009765625 0.0 -2.163086 1.533203 0.0 -1.494141 2.744141 0.0 -1.328125 3.808594 0.0 -1.083984 4.946289 0.0 -1.035156
3.0248  0.009765625 0.0 -2.15332 1.533203 0.0 -1.489258 2.744141 0.0 -1.328125 3.808594 0.0 -1.083984 4.946289 0.0 -1.030273
3.0264  0.009765625 0.0 -2.148438 1.533203 0.0 -1.484375 2.744141 0.0 -1.323242 3.808594 0.0 -1.079102 4.946289 0.0 -1.030273
3.028  0.004882813 0.0 -2.138672 1.533203 0.0 -1.479492 2.744141 0.0 -1.318359 3.808594 0.0 -1.079102 4.946289 0.0 -1.025391
3.0296  0.004882813 0.0 -2.133789 1.533203 0.0 -1.474609 2.744141 0.0 -1.318359 3.808594 0.0 -1.079102 4.946289 0.0 -1.025391
3.0312  0.0 0.0 -2.128906 1.533203 0.0 -1.469727 2.744141 0.0 -1.313477 3.808594 0.0 -1.074219 4.946289 0.0 -1.025391
3.0328  0.0 0.0 -2.119141 1.533203 0.0 -1.464844 2.739258 0.0 -1.313477 3.808594 0.0 -1.074219 4.946289 0.0 -1.020508
3.0344  0.0 0.0 -2.114258 1.52832 0.0 -1.459961 2.739258 0.0 -1.313477 3.808594 0.0 -1.074219 4.946289 0.0 -1.020508
3.036  -0.004882813 0.0 -2.109375 1.52832 0.0 -1.455078 2.739258 0.0 -1.308594 3.803711 0.0 -1.074219 4.946289 0.0 -1.020508
3.0376  -0.004882813 0.0 -2.104492 1.52832 0.0 -1.450195 2.739258 0.0 -1.308594 3.803711 0.0 -1.069336 4.946289 0.0 -1.015625
3.0392  -0.004882813 0.0 -2.099609 1.52832 0.0 -1.450195 2.739258 0.0 -1.303711 3.803711 0.0 -1.069336 4.946289 0.0 -1.015625
3.0408  -0.009765625 0.0 -2.089844 1.52832 0.0 -1.445313 2.739258 0.0 -1.303711 3.808594 0.0 -1.069336 4.946289 0.0 -1.015625
3.0424  -0.009765625 0.0 -2.084961 1.52832 0.0 -1.44043 2.739258 0.0 -1.303711 3.808594 0.0 -1.069336 4.946289 0.0 -1.010742
3.044  -0.009765625 0.0 -2.080078 1.52832 0.0 -1.44043 2.739258 0.0 -1.298828 3.808594 0.0 -1.064453 4.946289 0.0 -1.010742
3.0456  -0.009765625 0.0 -2.075195 1.52832 0.0 -1.435547 2.739258 0.0 -1.298828 3.808594 0.0 -1.064453 4.946289 0.0 -1.010742
3.0472  -0.01464844 0.0 -2.070313 1.533203 0.0 -1.430664 2.744141 0.0 -1.298828 3.808594 0.0 -1.064453 4.946289 0.0 -1.010742
3.0488  -0.01464844 0.0 -2.06543 1.533203 0.0 -1.430664 2.744141 0.0 -1.293945 3.808594 0.0 -1.064453 4.951172 0.0 -1.005859
3.0504  -0.01464844 0.0 -2.060547 1.533203 0.0 -1.425781 2.744141 0.0 -1.293945 3.808594 0.0 -1.064453 4.951172 0.0 -1.005859
3.052  -0.01464844 0.0 -2.060547 1.533203 0.0 -1.425781 2.744141 0.0 -1.293945 3.808594 0.0 -1.064453 4.951172 0.0 -1.005859
3.0536  -0.01464844 0.0 -2.055664 1.533203 0.0 -1.425781 2.744141 0.0 -1.293945 3.808594 0.0 -1.05957 4.951172 0.0 -1.005859
3.0552  -0.01464844 0.0 -2.050781 1.533203 0.0 -1.420898 2.744141 0.0 -1.293945 3.813477 0.0 -1.05957 4.951172 0.0 -1.005859
3.0568  -0.01464844 0.0 -2.045898 1.533203 0.0 -1.420898 2.744141 0.0 -1.293945 3.813477 0.0 -1.05957 4.951172 0.0 -1.005859
3.0584  -0.01953125 0.0 -2.045898 1.533203 0.0 -1.420898 2.749023 0.0 -1.289063 3.813477 0.0 -1.05957 4.956055 0.0 -1.005859
3.06  -0.01953125 0.0 -2.041016 1.538086 0.0 -1.420898 2.749023 0.0 -1.289063 3.813477 0.0 -1.05957 4.956055 0.0 -1.005859
3.0616  -0.01953125 0.0 -2.041016 1.538086 0.0 -1.416016 2.749023 0.0 -1.293945 3.813477 0.0 -1.05957 4.956055 0.0 -1.000977
3.0632  -0.01953125 0.0 -2.036133 1.538086 0.0 -1.416016 2.749023 0.0 -1.293945 3.818359 0.0 -1.064453 4.956055 0.0 -1.005859
3.0648  -0.01953125 0.0 -2.036133 1.538086 0.0 -1.416016 2.753906 0.0 -1.293945 3.818359 0.0 -1.064453 4.956055 0.0 -1.005859
3.0664  -0.01464844 0.0 -2.03125 1.538086 0.0 -1.416016 2.753906 0.0 -1.293945 3.818359 0.0 -1.064453 4.960938 0.0 -1.005859
3.068  -0.01464844 0.0 -2.03125 1.542969 0.0 -1.416016 2.753906 0.0 -1.293945 3.818359 0.0 -1.064453 4.960938 0.0 -1.005859
3.0696  -0.01464844 0.0 -2.03125 1.542969 0.0 -1.420898 2.753906 0.0 -1.293945 3.823242 0.0 -1.064453 4.960938 0.0 -1.005859
3.0712  -0.01464844 0.0 -2.03125 1.542969 0.0 -1.420898 2.758789 0.0 -1.298828 3.823242 0.0 -1.069336 4.96582 0.0 -1.005859
3.0728  -0.01464844 0.0 -2.03125 1.547852 0.0 -1.420898 2.758789 0.0 -1.298828 3.823242 0.0 -1.069336 4.96582 0.0 -1.005859
3.0744  -0.01464844 0.0 -2.03125 1.547852 0.0 -1.420898 2.758789 0.0 -1.298828 3.828125 0.0 -1.069336 4.96582 0.0 -1.005859
3.076  -0.01464844 0.0 -2.03125 1.547852 0.0 -1.425781 2.763672 0.0 -1.303711 3.828125 0.0 -1.074219 4.96582 0.0 -1.010742
3.0776  -0.009765625 0.0 -2.03125 1.552734 0.0 -1.425781 2.763672 0.0 -1.303711 3.828125 0.0 -1.074219 4.970703 0.0 -1.010742
3.0792  -0.009765625 0.0 -2.03125 1.552734 0.0 -1.430664 2.768555 0.0 -1.308594 3.833008 0.0 -1.074219 4.970703 0.0 -1.010742
3.0808  -0.009765625 0.0 -2.036133 1.552734 0.0 -1.430664 2.768555 0.0 -1.313477 3.833008 0.0 -1.079102 4.970703 0.0 -1.015625
3.0824  -0.004882813 0.0 -2.036133 1.557617 0.0 -1.435547 2.768555 0.0 -1.313477 3.833008 0.0 -1.079102 4.975586 0.0 -1.015625
3.084  -0.004882813 0.0 -2.041016 1.557617 0.0 -1.435547 2.773438 0.0 -1.318359 3.837891 0.0 -1.083984 4.975586 0.0 -1.015625
3.0856  -0.004882813 0.0 -2.041016 1.5625 0.0 -1.44043 2.773438 0.0 -1.323242 3.837891 0.0 -1.088867 4.980469 0.0 -1.020508
3.0872  0.0 0.0 -2.045898 1.5625 0.0 -1.445313 2.77832 0.0 -1.328125 3.842773 0.0 -1.088867 4.980469 0.0 -1.020508
3.0888  0.0 0.0 -2.050781 1.567383 0.0 -1.450195 2.77832 0.0 -1.333008 3.842773 0.0 -1.09375 4.980469 0.0 -1.025391
3.0904  0.004882813 0.0 -2.050781 1.567383 0.0 -1.455078 2.783203 0.0 -1.337891 3.847656 0.0 -1.09375 4.985352 0.0 -1.025391
3.092  0.004882813 0.0 -2.055664 1.572266 0.0 -1.459961 2.783203 0.0 -1.342773 3.847656 0.0 -1.098633 4.985352 0.0 -1.030273
3.0936  0.009765625 0.0 -2.060547 1.572266 0.0 -1.464844 2.788086 0.0 -1.347656 3.847656 0.0 -1.103516 4.990234 0.0 -1.030273
3.0952  0.009765625 0.0 -2.070313 1.577148 0.0 -1.469727 2.788086 0.0 -1.352539 3.852539 0.0 -1.108398 4.990234 0.0 -1.035156
3.0968  0.01464844 0.0 -2.075195 1.582031 0.0 -1.479492 2.792969 0.0 -1.357422 3.852539 0.0 -1.108398 4.995117 0.0 -1.035156
3.0984  0.01464844 0.0 -2.080078 1.582031 0.0 -1.484375 2.797852 0.0 -1.367188 3.857422 0.0 -1.113281 4.995117 0.0 -1.040039
3.1  0.01953125 0.0 -2.089844 1.586914 0.0 -1.489258 2.797852 0.0 -1.37207 3.857422 0.0 -1.118164 5.0 0.0 -1.040039
3.1016  0.02441406 0.0 -2.094727 1.591797 0.0 -1.499023 2.802734 0.0 -1.376953 3.862305 0.0 -1.123047 5.0 0.0 -1.044922
3.1032  0.02441406 0.0 -2.104492 1.591797 0.0 -1.503906 2.802734 0.0 -1.386719 3.862305 0.0 -1.12793 5.004883 0.0 -1.049805
3.1048  0.02929688 0.0 -2.114258 1.59668 0.0 -1.513672 2.807617 0.0 -1.391602 3.867188 0.0 -1.132813 5.004883 0.0 -1.049805
3.1064  0.03417969 0.0 -2.119141 1.601563 0.0 -1.518555 2.8125 0.0 -1.401367 3.867188 0.0 -1.137695 5.009766 0.0 -1.054688
3.108  0.0390625 0.0 -2.128906 1.606445 0.0 -1.52832 2.8125 0.0 -1.40625 3.87207 0.0 -1.137695 5.014648 0.0 -1.054688
3.1096  0.0390625 0.0 -2.138672 1.606445 0.0 -1.538086 2.817383 0.0 -1.416016 3.87207 0.0 -1.142578 5.014648 0.0 -1.05957
3.1112  0.04394531 0.0 -2.148438 1.611328 0.0 -1.547852 2.822266 0.0 -1.420898 3.876953 0.0 -1.147461 5.019531 0.0 -1.064453
3.1128  0.04882813 0.0 -2.163086 1.616211 0.0 -1.557617 2.822266 0.0 -1.430664 3.876953 0.0 -1.152344 5.019531 0.0 -1.064453
3.1144  0.05371094 0.0 -2.172852 1.621094 0.0 -1.5625 2.827148 0.0 -1.44043 3.881836 0.0 -1.157227 5.024414 0.0 -1.069336
3.116  0.05859375 0.0 -2.182617 1.621094 0.0 -1.572266 2.832031 0.0 -1.445313 3.881836 0.0 -1.162109 5.024414 0.0 -1.069336
3.1176  0.06347656 0.0 -2.197266 1.625977 0.0 -1.582031 2.832031 0.0 -1.455078 3.886719 0.0 -1.166992 5.029297 0.0 -1.074219
3.1192  0.06347656 0.0 -2.207031 1.630859 0.0 -1.591797 2.836914 0.0 -1.459961 3.886719 0.0 -1.171875 5.029297 0.0 -1.074219
3.1208  0.06835938 0.0 -2.22168 1.630859 0.0 -1.601563 2.836914 0.0 -1.469727 3.886719 0.0 -1.176758 5.03418 0.0 -1.079102
3.1224  0.07324219 0.0 -2.236328 1.635742 0.0 -1.611328 2.841797 0.0 -1.479492 3.891602 0.0 -1.181641 5.03418 0.0 -1.079102
3.124  0.078125 0.0 -2.246094 1.640625 0.0 -1.621094 2.84668 0.0 -1.484375 3.891602 0.0 -1.186523 5.03418 0.0 -1.079102
3.1256  0.08300781 0.0 -2.260742 1.640625 0.0 -1.630859 2.84668 0.0 -1.494141 3.896484 0.0 -1.191406 5.039063 0.0 -1.083984
3.1272  0.08789063 0.0 -2.275391 1.645508 0.0 -1.645508 2.851563 0.0 -1.503906 3.896484 0.0 -1.196289 5.039063 0.0 -1.083984
3.1288  0.09277344 0.0 -2.290039 1.650391 0.0 -1.655273 2.851563 0.0 -1.508789 3.896484 0.0 -1.196289 5.039063 0.0 -1.083984
3.1304  0.09765625 0.0 -2.304688 1.650391 0.0 -1.665039 2.856445 0.0 -1.518555 3.901367 0.0 -1.201172 5.043945 0.0 -1.088867
3.132  0.1025391 0.0 -2.319336 1.655273 0.0 -1.674805 2.856445 0.0 -1.52832 3.901367 0.0 -1.206055 5.043945 0.0 -1.088867
3.1336  0.1123047 0.0 -2.333984 1.655273 0.0 -1.68457 2.861328 0.0 -1.533203 3.901367 0.0 -1.210938 5.043945 0.0 -1.088867
3.1352  0.1171875 0.0 -2.348633 1.660156 0.0 -1.694336 2.861328 0.0 -1.542969 3.901367 0.0 -1.21582 5.043945 0.0 -1.088867
3.1368  0.1220703 0.0 -2.363281 1.660156 0.0 -1.704102 2.861328 0.0 -1.552734 3.901367 0.0 -1.220703 5.043945 0.0 -1.088867
3.1384  0.1269531 0.0 -2.37793 1.665039 0.0 -1.713867 2.866211 0.0 -1.557617 3.901367 0.0 -1.220703 5.043945 0.0 -1.09375
3.14  0.1318359 0.0 -2.397461 1.665039 0.0 -1.728516 2.866211 0.0 -1.567383 3.901367 0.0 -1.225586 5.043945 0.0 -1.09375
3.1416  0.1367188 0.0 -2.412109 1.665039 0.0 -1.738281 2.866211 0.0 -1.577148 3.901367 0.0 -1.230469 5.043945 0.0 -1.09375
3.1432  0.1416016 0.0 -2.426758 1.665039 0.0 -1.748047 2.866211 0.0 -1.582031 3.901367 0.0 -1.235352 5.043945 0.0 -1.09375
3.1448  0.1464844 0.0 -2.446289 1.669922 0.0 -1.757813 2.866211 0.0 -1.591797 3.901367 0.0 -1.235352 5.039063 0.0 -1.09375
3.1464  0.1513672 0.0 -2.460938 1.669922 0.0 -1.767578 2.866211 0.0 -1.59668 3.896484 0.0 -1.240234 5.039063 0.0 -1.09375
3.148  0.15625 0.0 -2.475586 1.669922 0.0 -1.777344 2.871094 0.0 -1.606445 3.896484 0.0 -1.245117 5.039063 0.0 -1.09375
3.1496  0.1611328 0.0 -2.495117 1.669922 0.0 -1.791992 2.871094 0.0 -1.616211 3.896484 0.0 -1.25 5.03418 0.0 -1.09375
3.1512  0.1660156 0.0 -2.509766 1.669922 0.0 -1.801758 2.871094 0.0 -1.621094 3.891602 0.0 -1.254883 5.03418 0.0 -1.09375
3.1528  0.1708984 0.0 -2.524414 1.669922 0.0 -1.811523 2.871094 0.0 -1.630859 3.891602 0.0 -1.254883 5.029297 0.0 -1.09375
3.1544  0.1708984 0.0 -2.543945 1.669922 0.0 -1.821289 2.866211 0.0 -1.640625 3.886719 0.0 -1.259766 5.029297 0.0 -1.09375
3.156  0.1757813 0.0 -2.558594 1.669922 0.0 -1.835938 2.866211 0.0 -1.650391 3.886719 0.0 -1.264648 5.024414 0.0 -1.09375
3.1576  0.1806641 0.0 -2.573242 1.669922 0.0 -1.845703 2.866211 0.0 -1.655273 3.886719 0.0 -1.269531 5.024414 0.0 -1.09375
3.1592  0.1855469 0.0 -2.592773 1.669922 0.0 -1.855469 2.866211 0.0 -1.665039 3.881836 0.0 -1.274414 5.019531 0.0 -1.098633
3.1608  0.1904297 0.0 -2.607422 1.669922 0.0 -1.865234 2.866211 0.0 -1.674805 3.881836 0.0 -1.279297 5.019531 0.0 -1.098633
3.1624  0.1953125 0.0 -2.62207 1.669922 0.0 -1.875 2.866211 0.0 -1.679688 3.876953 0.0 -1.279297 5.014648 0.0 -1.098633
3.164  0.1953125 0.0 -2.641602 1.669922 0.0 -1.889648 2.866211 0.0 -1.689453 3.87207 0.0 -1.28418 5.014648 0.0 -1.098633
3.1656  0.2001953 0.0 -2.65625 1.669922 0.0 -1.899414 2.866211 0.0 -1.699219 3.87207 0.0 -1.289063 5.009766 0.0 -1.098633
3.1672  0.2050781 0.0 -2.670898 1.669922 0.0 -1.90918 2.861328 0.0 -1.708984 3.867188 0.0 -1.293945 5.009766 0.0 -1.103516
3.1688  0.2099609 0.0 -2.69043 1.669922 0.0 -1.923828 2.861328 0.0 -1.713867 3.867188 0.0 -1.298828 5.004883 0.0 -1.103516
3.1704  0.2099609 0.0 -2.705078 1.665039 0.0 -1.933594 2.861328 0.0 -1.723633 3.862305 0.0 -1.303711 5.004883 0.0 -1.103516
3.172  0.2148438 0.0 -2.719727 1.665039 0.0 -1.943359 2.861328 0.0 -1.733398 3.862305 0.0 -1.308594 5.0 0.0 -1.108398
3.1736  0.2197266 0.0 -2.734375 1.665039 0.0 -1.953125 2.861328 0.0 -1.743164 3.857422 0.0 -1.313477 4.995117 0.0 -1.108398
3.1752  0.2197266 0.0 -2.749023 1.665039 0.0 -1.967773 2.861328 0.0 -1.75293 3.857422 0.0 -1.318359 4.995117 0.0 -1.113281
3.1768  0.2246094 0.0 -2.763672 1.665039 0.0 -1.977539 2.856445 0.0 -1.757813 3.852539 0.0 -1.323242 4.990234 0.0 -1.113281
3.1784  0.2294922 0.0 -2.77832 1.665039 0.0 -1.987305 2.856445 0.0 -1.767578 3.852539 0.0 -1.328125 4.990234 0.0 -1.118164
3.18  0.2294922 0.0 -2.792969 1.665039 0.0 -1.99707 2.856445 0.0 -1.777344 3.852539 0.0 -1.333008 4.985352 0.0 -1.118164
3.1816  0.234375 0.0 -2.807617 1.665039 0.0 -2.011719 2.856445 0.0 -1.787109 3.847656 0.0 -1.337891 4.985352 0.0 -1.123047
3.1832  0.2392578 0.0 -2.822266 1.665039 0.0 -2.021484 2.856445 0.0 -1.791992 3.847656 0.0 -1.342773 4.985352 0.0 -1.123047
3.1848  0.2392578 0.0 -2.836914 1.665039 0.0 -2.03125 2.856445 0.0 -1.801758 3.842773 0.0 -1.347656 4.980469 0.0 -1.12793
3.1864  0.2441406 0.0 -2.851563 1.665039 0.0 -2.041016 2.856445 0.0 -1.811523 3.842773 0.0 -1.352539 4.980469 0.0 -1.12793
3.188  0.2441406 0.0 -2.866211 1.665039 0.0 -2.050781 2.856445 0.0 -1.816406 3.842773 0.0 -1.357422 4.975586 0.0 -1.132813
3.1896  0.2490234 0.0 -2.875977 1.665039 0.0 -2.060547 2.856445 0.0 -1.826172 3.837891 0.0 -1.362305 4.975586 0.0 -1.137695
3.1912  0.2490234 0.0 -2.890625 1.665039 0.0 -2.070313 2.856445 0.0 -1.831055 3.837891 0.0 -1.362305 4.975586 0.0 -1.137695
3.1928  0.2539063 0.0 -2.900391 1.665039 0.0 -2.080078 2.856445 0.0 -1.84082 3.837891 0.0 -1.367188 4.970703 0.0 -1.142578
3.1944  0.2539063 0.0 -2.915039 1.665039 0.0 -2.089844 2.851563 0.0 -1.845703 3.833008 0.0 -1.37207 4.970703 0.0 -1.142578
3.196  0.2587891 0.0 -2.924805 1.665039 0.0 -2.099609 2.851563 0.0 -1.855469 3.833008 0.0 -1.376953 4.96582 0.0 -1.147461
3.1976  0.2587891 0.0 -2.93457 1.665039 0.0 -2.104492 2.851563 0.0 -1.860352 3.833008 0.0 -1.381836 4.96582 0.0 -1.147461
3.1992  0.2636719 0.0 -2.949219 1.665039 0.0 -2.114258 2.851563 0.0 -1.870117 3.833008 0.0 -1.381836 4.96582 0.0 -1.152344
3.2008  0.2636719 0.0 -2.958984 1.665039 0.0 -2.124023 2.851563 0.0 -1.875 3.828125 0.0 -1.386719 4.960938 0.0 -1.152344
3.2024  0.2685547 0.0 -2.96875 1.665039 0.0 -2.133789 2.851563 0.0 -1.879883 3.828125 0.0 -1.391602 4.960938 0.0 -1.157227
3.204  0.2685547 0.0 -2.978516 1.665039 0.0 -2.138672 2.851563 0.0 -1.884766 3.828125 0.0 -1.396484 4.960938 0.0 -1.157227
3.2056  0.2685547 0.0 -2.988281 1.665039 0.0 -2.148438 2.851563 0.0 -1.894531 3.828125 0.0 -1.396484 4.960938 0.0 -1.162109
3.2072  0.2734375 0.0 -2.998047 1.669922 0.0 -2.15332 2.851563 0.0 -1.899414 3.823242 0.0 -1.401367 4.956055 0.0 -1.162109
3.2088  0.2734375 0.0 -3.00293 1.669922 0.0 -2.163086 2.851563 0.0 -1.904297 3.823242 0.0 -1.40625 4.956055 0.0 -1.166992
3.2104  0.2734375 0.0 -3.012695 1.669922 0.0 -2.167969 2.851563 0.0 -1.90918 3.823242 0.0 -1.40625 4.956055 0.0 -1.166992
3.212  0.2734375 0.0 -3.022461 1.669922 0.0 -2.172852 2.851563 0.0 -1.914063 3.823242 0.0 -1.411133 4.951172 0.0 -1.171875
3.2136  0.2783203 0.0 -3.027344 1.669922 0.0 -2.182617 2.851563 0.0 -1.918945 3.818359 0.0 -1.411133 4.951172 0.0 -1.171875
3.2152  0.2783203 0.0 -3.037109 1.669922 0.0 -2.1875 2.851563 0.0 -1.923828 3.818359 0.0 -1.416016 4.951172 0.0 -1.176758
3.2168  0.2783203 0.0 -3.046875 1.669922 0.0 -2.192383 2.851563 0.0 -1.928711 3.818359 0.0 -1.420898 4.946289 0.0 -1.176758
3.2184  0.2783203 0.0 -3.051758 1.669922 0.0 -2.197266 2.851563 0.0 -1.933594 3.818359 0.0 -1.420898 4.946289 0.0 -1.181641
3.22  0.2783203 0.0 -3.056641 1.669922 0.0 -2.202148 2.851563 0.0 -1.938477 3.813477 0.0 -1.425781 4.946289 0.0 -1.181641
3.2216  0.2832031 0.0 -3.066406 1.669922 0.0 -2.207031 2.851563 0.0 -1.938477 3.813477 0.0 -1.425781 4.941406 0.0 -1.181641
3.2232  0.2832031 0.0 -3.071289 1.669922 0.0 -2.211914 2.84668 0.0 -1.943359 3.813477 0.0 -1.430664 4.941406 0.0 -1.186523
3.2248  0.2832031 0.0 -3.076172 1.665039 0.0 -2.216797 2.84668 0.0 -1.948242 3.808594 0.0 -1.430664 4.941406 0.0 -1.186523
3.2264  0.2832031 0.0 -3.081055 1.665039 0.0 -2.22168 2.84668 0.0 -1.953125 3.808594 0.0 -1.435547 4.936523 0.0 -1.186523
3.228  0.2832031 0.0 -3.085938 1.665039 0.0 -2.226563 2.84668 0.0 -1.953125 3.808594 0.0 -1.435547 4.936523 0.0 -1.191406
3.2296  0.2832031 0.0 -3.09082 1.665039 0.0 -2.231445 2.84668 0.0 -1.958008 3.808594 0.0 -1.44043 4.936523 0.0 -1.191406
3.2312  0.2832031 0.0 -3.095703 1.665039 0.0 -2.236328 2.84668 0.0 -1.962891 3.803711 0.0 -1.44043 4.931641 0.0 -1.191406
3.2328  0.2832031 0.0 -3.100586 1.665039 0.0 -2.236328 2.84668 0.0 -1.962891 3.803711 0.0 -1.445313 4.931641 0.0 -1.196289
3.2344  0.2832031 0.0 -3.105469 1.665039 0.0 -2.241211 2.841797 0.0 -1.967773 3.803711 0.0 -1.445313 4.931641 0.0 -1.196289
3.236  0.2832031 0.0 -3.110352 1.665039 0.0 -2.246094 2.841797 0.0 -1.967773 3.798828 0.0 -1.450195 4.926758 0.0 -1.196289
3.2376  0.2832031 0.0 -3.115234 1.660156 0.0 -2.250977 2.841797 0.0 -1.972656 3.798828 0.0 -1.450195 4.926758 0.0 -1.201172
3.2392  0.2832031 0.0 -3.115234 1.660156 0.0 -2.250977 2.841797 0.0 -1.972656 3.798828 0.0 -1.455078 4.926758 0.0 -1.201172
3.2408  0.2832031 0.0 -3.120117 1.660156 0.0 -2.255859 2.841797 0.0 -1.977539 3.798828 0.0 -1.455078 4.921875 0.0 -1.201172
3.2424  0.2832031 0.0 -3.125 1.660156 0.0 -2.255859 2.836914 0.0 -1.977539 3.793945 0.0 -1.455078 4.921875 0.0 -1.206055
3.244  0.2783203 0.0 -3.125 1.660156 0.0 -2.260742 2.836914 0.0 -1.977539 3.793945 0.0 -1.459961 4.921875 0.0 -1.206055
3.2456  0.2783203 0.0 -3.129883 1.660156 0.0 -2.260742 2.836914 0.0 -1.982422 3.793945 0.0 -1.459961 4.916992 0.0 -1.206055
3.2472  0.2783203 0.0 -3.129883 1.660156 0.0 -2.265625 2.836914 0.0 -1.982422 3.793945 0.0 -1.459961 4.916992 0.0 -1.206055
3.2488  0.2783203 0.0 -3.134766 1.655273 0.0 -2.265625 2.832031 0.0 -1.982422 3.789063 0.0 -1.464844 4.916992 0.0 -1.206055
3.2504  0.2783203 0.0 -3.134766 1.655273 0.0 -2.270508 2.832031 0.0 -1.987305 3.789063 0.0 -1.464844 4.916992 0.0 -1.210938
3.252  0.2783203 0.0 -3.139648 1.655273 0.0 -2.270508 2.832031 0.0 -1.987305 3.789063 0.0 -1.464844 4.912109 0.0 -1.210938
3.2536  0.2783203 0.0 -3.139648 1.655273 0.0 -2.270508 2.832031 0.0 -1.987305 3.789063 0.0 -1.464844 4.912109 0.0 -1.210938
3.2552  0.2783203 0.0 -3.144531 1.655273 0.0 -2.275391 2.832031 0.0 -1.987305 3.789063 0.0 -1.464844 4.912109 0.0 -1.210938
3.2568  0.2783203 0.0 -3.144531 1.655273 0.0 -2.275391 2.832031 0.0 -1.987305 3.789063 0.0 -1.469727 4.912109 0.0 -1.210938
3.2584  0.2734375 0.0 -3.144531 1.655273 0.0 -2.275391 2.832031 0.0 -1.992188 3.78418 0.0 -1.469727 4.907227 0.0 -1.21582
3.26  0.2734375 0.0 -3.149414 1.650391 0.0 -2.275391 2.827148 0.0 -1.992188 3.78418 0.0 -1.469727 4.907227 0.0 -1.21582
3.2616  0.2734375 0.0 -3.149414 1.650391 0.0 -2.275391 2.827148 0.0 -1.992188 3.78418 0.0 -1.469727 4.907227 0.0 -1.21582
3.2632  0.2734375 0.0 -3.149414 1.650391 0.0 -2.280273 2.827148 0.0 -1.992188 3.78418 0.0 -1.469727 4.907227 0.0 -1.21582
3.2648  0.2734375 0.0 -3.149414 1.650391 0.0 -2.280273 2.827148 0.0 -1.992188 3.78418 0.0 -1.469727 4.907227 0.0 -1.21582
3.2664  0.2734375 0.0 -3.149414 1.650391 0.0 -2.280273 2.827148 0.0 -1.992188 3.78418 0.0 -1.469727 4.907227 0.0 -1.21582
3.268  0.2734375 0.0 -3.154297 1.650391 0.0 -2.280273 2.827148 0.0 -1.992188 3.78418 0.0 -1.469727 4.907227 0.0 -1.21582
3.2696  0.2734375 0.0 -3.154297 1.650391 0.0 -2.280273 2.827148 0.0 -1.992188 3.78418 0.0 -1.474609 4.907227 0.0 -1.21582
3.2712  0.2734375 0.0 -3.154297 1.650391 0.0 -2.280273 2.827148 0.0 -1.992188 3.78418 0.0 -1.474609 4.902344 0.0 -1.220703
3.2728  0.2734375 0.0 -3.154297 1.650391 0.0 -2.280273 2.827148 0.0 -1.992188 3.78418 0.0 -1.474609 4.902344 0.0 -1.220703
3.2744  0.2685547 0.0 -3.154297 1.650391 0.0 -2.280273 2.827148 0.0 -1.992188 3.78418 0.0 -1.474609 4.902344 0.0 -1.220703
3.276  0.2685547 0.0 -3.154297 1.650391 0.0 -2.280273 2.827148 0.0 -1.987305 3.78418 0.0 -1.474609 4.902344 0.0 -1.220703
3.2776  0.2685547 0.0 -3.154297 1.650391 0.0 -2.280273 2.827148 0.0 -1.987305 3.78418 0.0 -1.469727 4.902344 0.0 -1.220703
3.2792  0.2685547 0.0 -3.154297 1.650391 0.0 -2.280273 2.827148 0.0 -1.987305 3.78418 0.0 -1.469727 4.902344 0.0 -1.220703
3.2808  0.2685547 0.0 -3.154297 1.650391 0.0 -2.280273 2.827148 0.0 -1.987305 3.78418 0.0 -1.469727 4.902344 0.0 -1.220703
3.2824  0.2685547 0.0 -3.154297 1.650391 0.0 -2.275391 2.827148 0.0 -1.987305 3.78418 0.0 -1.469727 4.902344 0.0 -1.220703
3.284  0.2685547 0.0 -3.149414 1.650391 0.0 -2.275391 2.827148 0.0 -1.987305 3.78418 0.0 -1.469727 4.902344 0.0 -1.220703
3.2856  0.2685547 0.0 -3.149414 1.650391 0.0 -2.275391 2.827148 0.0 -1.982422 3.78418 0.0 -1.469727 4.902344 0.0 -1.220703
3.2872  0.2685547 0.0 -3.149414 1.650391 0.0 -2.275391 2.827148 0.0 -1.982422 3.779297 0.0 -1.469727 4.902344 0.0 -1.220703
3.2888  0.2685547 0.0 -3.149414 1.650391 0.0 -2.275391 2.827148 0.0 -1.982422 3.779297 0.0 -1.469727 4.902344 0.0 -1.220703
3.2904  0.2685547 0.0 -3.149414 1.650391 0.0 -2.270508 2.827148 0.0 -1.982422 3.779297 0.0 -1.464844 4.902344 0.0 -1.220703
3.292  0.2685547 0.0 -3.144531 1.650391 0.0 -2.270508 2.827148 0.0 -1.977539 3.779297 0.0 -1.464844 4.902344 0.0 -1.220703
3.2936  0.2685547 0.0 -3.144531 1.650391 0.0 -2.270508 2.827148 0.0 -1.977539 3.779297 0.0 -1.464844 4.902344 0.0 -1.220703
3.2952  0.2685547 0.0 -3.144531 1.650391 0.0 -2.265625 2.827148 0.0 -1.977539 3.779297 0.0 -1.464844 4.902344 0.0 -1.220703
3.2968  0.2685547 0.0 -3.144531 1.650391 0.0 -2.265625 2.827148 0.0 -1.972656 3.779297 0.0 -1.459961 4.902344 0.0 -1.220703
3.2984  0.2685547 0.0 -3.139648 1.650391 0.0 -2.260742 2.822266 0.0 -1.972656 3.779297 0.0 -1.459961 4.902344 0.0 -1.21582
3.3  0.2636719 0.0 -3.139648 1.650391 0.0 -2.260742 2.822266 0.0 -1.967773 3.779297 0.0 -1.459961 4.902344 0.0 -1.21582

