0 5000000000 1.0
Cubic 15 explicit
0.0  0.1123047 0.0 -2.270508 1.567383 0.0 -1.435547 2.753906 0.0 -1.220703 3.852539 0.0 -1.083984 4.985352 0.0 -1.113281
0.1016  0.1123047 0.0 -2.270508 1.567383 0.0 -1.435547 2.753906 0.0 -1.220703 3.852539 0.0 -1.083984 4.985352 0.0 -1.113281
0.1032  0.1123047 0.0 -2.265625 1.567383 0.0 -1.430664 2.753906 0.0 -1.220703 3.857422 0.0 -1.083984 4.985352 0.0 -1.113281
0.1048  0.1123047 0.0 -2.260742 1.567383 0.0 -1.430664 2.753906 0.0 -1.225586 3.857422 0.0 -1.083984 4.985352 0.0 -1.113281
0.1064  0.1074219 0.0 -2.255859 1.567383 0.0 -1.430664 2.758789 0.0 -1.225586 3.857422 0.0 -1.083984 4.985352 0.0 -1.113281
0.108  0.1074219 0.0 -2.250977 1.567383 0.0 -1.425781 2.758789 0.0 -1.225586 3.857422 0.0 -1.083984 4.985352 0.0 -1.113281
0.1096  0.1074219 0.0 -2.246094 1.567383 0.0 -1.425781 2.758789 0.0 -1.225586 3.857422 0.0 -1.083984 4.985352 0.0 -1.113281
0.1112  0.1025391 0.0 -2.241211 1.567383 0.0 -1.425781 2.758789 0.0 -1.225586 3.857422 0.0 -1.083984 4.985352 0.0 -1.113281
0.1128  0.1025391 0.0 -2.236328 1.567383 0.0 -1.425781 2.758789 0.0 -1.225586 3.857422 0.0 -1.083984 4.990234 0.0 -1.113281
0.1144  0.1025391 0.0 -2.231445 1.567383 0.0 -1.420898 2.758789 0.0 -1.230469 3.857422 0.0 -1.083984 4.990234 0.0 -1.113281
0.116  0.09765625 0.0 -2.226563 1.567383 0.0 -1.420898 2.758789 0.0 -1.230469 3.862305 0.0 -1.083984 4.990234 0.0 -1.113281
0.1176  0.09765625 0.0 -2.22168 1.567383 0.0 -1.420898 2.758789 0.0 -1.230469 3.862305 0.0 -1.088867 4.990234 0.0 -1.113281
0.1192  0.09765625 0.0 -2.216797 1.567383 0.0 -1.420898 2.763672 0.0 -1.230469 3.862305 0.0 -1.088867 4.990234 0.0 -1.113281
0.1208  0.09277344 0.0 -2.211914 1.567383 0.0 -1.420898 2.763672 0.0 -1.235352 3.862305 0.0 -1.088867 4.990234 0.0 -1.118164
0.1224  0.09277344 0.0 -2.207031 1.567383 0.0 -1.416016 2.763672 0.0 -1.235352 3.862305 0.0 -1.088867 4.990234 0.0 -1.118164
0.124  0.09277344 0.0 -2.202148 1.567383 0.0 -1.416016 2.763672 0.0 -1.240234 3.862305 0.0 -1.088867 4.995117 0.0 -1.118164
0.1256  0.08789063 0.0 -2.197266 1.567383 0.0 -1.416016 2.763672 0.0 -1.240234 3.862305 0.0 -1.09375 4.995117 0.0 -1.118164
0.1272  0.08789063 0.0 -2.192383 1.567383 0.0 -1.416016 2.763672 0.0 -1.245117 3.862305 0.0 -1.09375 4.995117 0.0 -1.118164
0.1288  0.08789063 0.0 -2.1875 1.567383 0.0 -1.416016 2.763672 0.0 -1.245117 3.862305 0.0 -1.09375 4.995117 0.0 -1.118164
0.1304  0.08300781 0.0 -2.182617 1.567383 0.0 -1.416016 2.763672 0.0 -1.25 3.862305 0.0 -1.098633 4.995117 0.0 -1.123047
0.132  0.08300781 0.0 -2.177734 1.567383 0.0 -1.416016 2.763672 0.0 -1.25 3.862305 0.0 -1.098633 4.995117 0.0 -1.123047
0.1336  0.078125 0.0 -2.172852 1.567383 0.0 -1.416016 2.768555 0.0 -1.254883 3.867188 0.0 -1.103516 4.995117 0.0 -1.123047
0.1352  0.078125 0.0 -2.167969 1.567383 0.0 -1.416016 2.768555 0.0 -1.259766 3.867188 0.0 -1.103516 5.0 0.0 -1.12793
0.1368  0.078125 0.0 -2.163086 1.567383 0.0 -1.416016 2.768555 0.0 -1.259766 3.867188 0.0 -1.108398 5.0 0.0 -1.12793
0.1384  0.07324219 0.0 -2.158203 1.567383 0.0 -1.416016 2.768555 0.0 -1.264648 3.867188 0.0 -1.113281 5.0 0.0 -1.12793
0.14  0.07324219 0.0 -2.15332 1.567383 0.0 -1.420898 2.768555 0.0 -1.269531 3.867188 0.0 -1.113281 5.0 0.0 -1.132813
0.1416  0.06835938 0.0 -2.148438 1.567383 0.0 -1.420898 2.768555 0.0 -1.269531 3.867188 0.0 -1.118164 5.0 0.0 -1.132813
0.1432  0.06835938 0.0 -2.148438 1.567383 0.0 -1.420898 2.768555 0.0 -1.274414 3.867188 0.0 -1.123047 5.0 0.0 -1.137695
0.1448  0.06835938 0.0 -2.143555 1.572266 0.0 -1.420898 2.773438 0.0 -1.279297 3.867188 0.0 -1.12793 5.0 0.0 -1.137695
0.1464  0.06347656 0.0 -2.138672 1.572266 0.0 -1.425781 2.773438 0.0 -1.28418 3.867188 0.0 -1.12793 5.004883 0.0 -1.137695
0.148  0.06347656 0.0 -2.133789 1.572266 0.0 -1.425781 2.773438 0.0 -1.289063 3.867188 0.0 -1.132813 5.004883 0.0 -1.142578
0.1496  0.06347656 0.0 -2.128906 1.572266 0.0 -1.425781 2.773438 0.0 -1.293945 3.867188 0.0 -1.137695 5.004883 0.0 -1.142578
0.1512  0.05859375 0.0 -2.128906 1.572266 0.0 -1.430664 2.773438 0.0 -1.298828 3.867188 0.0 -1.142578 5.004883 0.0 -1.147461
0.1528  0.05859375 0.0 -2.124023 1.572266 0.0 -1.430664 2.77832 0.0 -1.303711 3.867188 0.0 -1.147461 5.004883 0.0 -1.147461
0.1544  0.05859375 0.0 -2.119141 1.572266 0.0 -1.430664 2.77832 0.0 -1.308594 3.867188 0.0 -1.152344 5.004883 0.0 -1.152344
0.156  0.05371094 0.0 -2.114258 1.572266 0.0 -1.435547 2.77832 0.0 -1.313477 3.867188 0.0 -1.157227 5.004883 0.0 -1.152344
0.1576  0.05371094 0.0 -2.114258 1.577148 0.0 -1.435547 2.77832 0.0 -1.318359 3.867188 0.0 -1.162109 5.009766 0.0 -1.157227
0.1592  0.05371094 0.0 -2.109375 1.577148 0.0 -1.44043 2.77832 0.0 -1.323242 3.867188 0.0 -1.166992 5.009766 0.0 -1.157227
0.1608  0.05371094 0.0 -2.104492 1.577148 0.0 -1.445313 2.783203 0.0 -1.328125 3.867188 0.0 -1.171875 5.009766 0.0 -1.162109
0.1624  0.04882813 0.0 -2.104492 1.577148 0.0 -1.445313 2.783203 0.0 -1.333008 3.867188 0.0 -1.176758 5.009766 0.0 -1.166992
0.164  0.04882813 0.0 -2.099609 1.577148 0.0 -1.450195 2.783203 0.0 -1.337891 3.867188 0.0 -1.181641 5.009766 0.0 -1.166992
0.1656  0.04882813 0.0 -2.099609 1.577148 0.0 -1.455078 2.788086 0.0 -1.347656 3.867188 0.0 -1.186523 5.009766 0.0 -1.171875
0.1672  0.04882813 0.0 -2.094727 1.582031 0.0 -1.455078 2.788086 0.0 -1.352539 3.867188 0.0 -1.191406 5.014648 0.0 -1.176758
0.1688  0.04394531 0.0 -2.094727 1.582031 0.0 -1.459961 2.788086 0.0 -1.357422 3.867188 0.0 -1.201172 5.014648 0.0 -1.176758
0.1704  0.04394531 0.0 -2.089844 1.582031 0.0 -1.464844 2.792969 0.0 -1.367188 3.867188 0.0 -1.206055 5.014648 0.0 -1.181641
0.172  0.04394531 0.0 -2.089844 1.582031 0.0 -1.469727 2.792969 0.0 -1.37207 3.867188 0.0 -1.210938 5.014648 0.0 -1.186523
0.1736  0.04394531 0.0 -2.089844 1.582031 0.0 -1.469727 2.792969 0.0 -1.376953 3.867188 0.0 -1.21582 5.019531 0.0 -1.186523
0.1752  0.04394531 0.0 -2.084961 1.586914 0.0 -1.474609 2.797852 0.0 -1.386719 3.867188 0.0 -1.220703 5.019531 0.0 -1.191406
0.1768  0.04394531 0.0 -2.084961 1.586914 0.0 -1.479492 2.797852 0.0 -1.391602 3.867188 0.0 -1.225586 5.019531 0.0 -1.196289
0.1784  0.04394531 0.0 -2.084961 1.586914 0.0 -1.484375 2.802734 0.0 -1.401367 3.87207 0.0 -1.235352 5.019531 0.0 -1.201172
0.18  0.04394531 0.0 -2.084961 1.591797 0.0 -1.489258 2.802734 0.0 -1.40625 3.87207 0.0 -1.240234 5.024414 0.0 -1.206055
0.1816  0.04394531 0.0 -2.084961 1.591797 0.0 -1.494141 2.807617 0.0 -1.416016 3.87207 0.0 -1.245117 5.024414 0.0 -1.206055
0.1832  0.04394531 0.0 -2.084961 1.591797 0.0 -1.503906 2.807617 0.0 -1.425781 3.87207 0.0 -1.254883 5.024414 0.0 -1.210938
0.1848  0.04394531 0.0 -2.084961 1.59668 0.0 -1.508789 2.8125 0.0 -1.430664 3.87207 0.0 -1.259766 5.029297 0.0 -1.21582
0.1864  0.04394531 0.0 -2.084961 1.59668 0.0 -1.513672 2.8125 0.0 -1.44043 3.876953 0.0 -1.264648 5.029297 0.0 -1.220703
0.188  0.04394531 0.0 -2.084961 1.601563 0.0 -1.518555 2.817383 0.0 -1.450195 3.876953 0.0 -1.274414 5.03418 0.0 -1.225586
0.1896  0.04394531 0.0 -2.084961 1.601563 0.0 -1.523438 2.817383 0.0 -1.459961 3.876953 0.0 -1.279297 5.03418 0.0 -1.230469
0.1912  0.04394531 0.0 -2.084961 1.606445 0.0 -1.533203 2.822266 0.0 -1.469727 3.881836 0.0 -1.28418 5.039063 0.0 -1.235352
0.1928  0.04394531 0.0 -2.084961 1.606445 0.0 -1.538086 2.827148 0.0 -1.474609 3.881836 0.0 -1.293945 5.039063 0.0 -1.240234
0.1944  0.04882813 0.0 -2.084961 1.611328 0.0 -1.547852 2.832031 0.0 -1.484375 3.886719 0.0 -1.298828 5.043945 0.0 -1.245117
0.196  0.04882813 0.0 -2.089844 1.616211 0.0 -1.552734 2.832031 0.0 -1.494141 3.886719 0.0 -1.308594 5.043945 0.0 -1.25
0.1976  0.04882813 0.0 -2.089844 1.616211 0.0 -1.5625 2.836914 0.0 -1.503906 3.891602 0.0 -1.313477 5.048828 0.0 -1.254883
0.1992  0.04882813 0.0 -2.094727 1.621094 0.0 -1.567383 2.841797 0.0 -1.513672 3.891602 0.0 -1.323242 5.048828 0.0 -1.259766
0.2008  0.05371094 0.0 -2.094727 1.625977 0.0 -1.577148 2.84668 0.0 -1.52832 3.896484 0.0 -1.333008 5.053711 0.0 -1.264648
0.2024  0.05371094 0.0 -2.099609 1.625977 0.0 -1.586914 2.851563 0.0 -1.538086 3.901367 0.0 -1.337891 5.058594 0.0 -1.274414
0.204  0.05371094 0.0 -2.104492 1.630859 0.0 -1.59668 2.851563 0.0 -1.547852 3.901367 0.0 -1.347656 5.058594 0.0 -1.279297
0.2056  0.05859375 0.0 -2.109375 1.635742 0.0 -1.606445 2.856445 0.0 -1.557617 3.90625 0.0 -1.357422 5.063477 0.0 -1.28418
0.2072  0.05859375 0.0 -2.114258 1.640625 0.0 -1.616211 2.861328 0.0 -1.567383 3.911133 0.0 -1.362305 5.068359 0.0 -1.289063
0.2088  0.05859375 0.0 -2.119141 1.640625 0.0 -1.625977 2.866211 0.0 -1.582031 3.911133 0.0 -1.37207 5.073242 0.0 -1.293945
0.2104  0.06347656 0.0 -2.124023 1.645508 0.0 -1.635742 2.871094 0.0 -1.591797 3.916016 0.0 -1.381836 5.073242 0.0 -1.298828
0.212  0.06347656 0.0 -2.128906 1.650391 0.0 -1.645508 2.875977 0.0 -1.601563 3.920898 0.0 -1.391602 5.078125 0.0 -1.308594
0.2136  0.06835938 0.0 -2.133789 1.655273 0.0 -1.655273 2.880859 0.0 -1.616211 3.925781 0.0 -1.396484 5.083008 0.0 -1.313477
0.2152  0.06835938 0.0 -2.143555 1.660156 0.0 -1.665039 2.885742 0.0 -1.625977 3.925781 0.0 -1.40625 5.087891 0.0 -1.318359
0.2168  0.07324219 0.0 -2.148438 1.665039 0.0 -1.679688 2.890625 0.0 -1.640625 3.930664 0.0 -1.416016 5.087891 0.0 -1.323242
0.2184  0.07324219 0.0 -2.158203 1.669922 0.0 -1.689453 2.895508 0.0 -1.650391 3.935547 0.0 -1.425781 5.092773 0.0 -1.328125
0.22  0.078125 0.0 -2.163086 1.669922 0.0 -1.699219 2.900391 0.0 -1.665039 3.935547 0.0 -1.435547 5.097656 0.0 -1.333008
0.2216  0.078125 0.0 -2.172852 1.674805 0.0 -1.713867 2.905273 0.0 -1.674805 3.94043 0.0 -1.445313 5.097656 0.0 -1.342773
0.2232  0.08300781 0.0 -2.182617 1.679688 0.0 -1.723633 2.910156 0.0 -1.689453 3.945313 0.0 -1.455078 5.102539 0.0 -1.347656
0.2248  0.08300781 0.0 -2.192383 1.68457 0.0 -1.738281 2.915039 0.0 -1.699219 3.945313 0.0 -1.459961 5.107422 0.0 -1.352539
0.2264  0.08789063 0.0 -2.202148 1.689453 0.0 -1.748047 2.919922 0.0 -1.713867 3.950195 0.0 -1.469727 5.107422 0.0 -1.357422
0.228  0.09277344 0.0 -2.211914 1.689453 0.0 -1.762695 2.924805 0.0 -1.723633 3.955078 0.0 -1.479492 5.112305 0.0 -1.362305
0.2296  0.09277344 0.0 -2.22168 1.694336 0.0 -1.777344 2.929688 0.0 -1.738281 3.955078 0.0 -1.489258 5.112305 0.0 -1.367188
0.2312  0.09765625 0.0 -2.236328 1.699219 0.0 -1.787109 2.93457 0.0 -1.748047 3.959961 0.0 -1.499023 5.117188 0.0 -1.37207
0.2328  0.1025391 0.0 -2.246094 1.704102 0.0 -1.801758 2.93457 0.0 -1.762695 3.959961 0.0 -1.508789 5.117188 0.0 -1.376953
0.2344  0.1025391 0.0 -2.255859 1.704102 0.0 -1.816406 2.939453 0.0 -1.772461 3.964844 0.0 -1.518555 5.12207 0.0 -1.381836
0.236  0.1074219 0.0 -2.270508 1.708984 0.0 -1.826172 2.944336 0.0 -1.787109 3.964844 0.0 -1.523438 5.12207 0.0 -1.386719
0.2376  0.1123047 0.0 -2.285156 1.713867 0.0 -1.84082 2.949219 0.0 -1.796875 3.969727 0.0 -1.533203 5.12207 0.0 -1.391602
0.2392  0.1123047 0.0 -2.294922 1.713867 0.0 -1.855469 2.949219 0.0 -1.811523 3.969727 0.0 -1.542969 5.126953 0.0 -1.391602
0.2408  0.1171875 0.0 -2.30957 1.71875 0.0 -1.870117 2.954102 0.0 -1.821289 3.969727 0.0 -1.552734 5.126953 0.0 -1.396484
0.2424  0.1220703 0.0 -2.324219 1.71875 0.0 -1.884766 2.954102 0.0 -1.835938 3.974609 0.0 -1.557617 5.126953 0.0 -1.401367
0.244  0.1220703 0.0 -2.338867 1.723633 0.0 -1.894531 2.958984 0.0 -1.845703 3.974609 0.0 -1.567383 5.126953 0.0 -1.40625
0.2456  0.1269531 0.0 -2.353516 1.723633 0.0 -1.90918 2.958984 0.0 -1.860352 3.974609 0.0 -1.577148 5.126953 0.0 -1.40625
0.2472  0.1318359 0.0 -2.368164 1.728516 0.0 -1.923828 2.963867 0.0 -1.870117 3.974609 0.0 -1.582031 5.126953 0.0 -1.411133
0.2488  0.1318359 0.0 -2.382813 1.728516 0.0 -1.938477 2.963867 0.0 -1.879883 3.974609 0.0 -1.591797 5.126953 0.0 -1.411133
0.2504  0.1367188 0.0 -2.397461 1.728516 0.0 -1.948242 2.96875 0.0 -1.889648 3.979492 0.0 -1.59668 5.126953 0.0 -1.416016
0.252  0.1416016 0.0 -2.412109 1.733398 0.0 -1.962891 2.96875 0.0 -1.904297 3.979492 0.0 -1.606445 5.126953 0.0 -1.416016
0.2536  0.1464844 0.0 -2.426758 1.733398 0.0 -1.977539 2.96875 0.0 -1.914063 3.979492 0.0 -1.616211 5.126953 0.0 -1.420898
0.2552  0.1464844 0.0 -2.446289 1.733398 0.0 -1.987305 2.96875 0.0 -1.923828 3.979492 0.0 -1.621094 5.126953 0.0 -1.420898
0.2568  0.1513672 0.0 -2.460938 1.733398 0.0 -2.001953 2.973633 0.0 -1.933594 3.979492 0.0 -1.625977 5.126953 0.0 -1.425781
0.2584  0.15625 0.0 -2.475586 1.738281 0.0 -2.016602 2.973633 0.0 -1.943359 3.979492 0.0 -1.635742 5.126953 0.0 -1.425781
0.26  0.15625 0.0 -2.490234 1.738281 0.0 -2.026367 2.973633 0.0 -1.953125 3.979492 0.0 -1.640625 5.12207 0.0 -1.425781
0.2616  0.1611328 0.0 -2.504883 1.738281 0.0 -2.041016 2.973633 0.0 -1.962891 3.979492 0.0 -1.645508 5.12207 0.0 -1.430664
0.2632  0.1660156 0.0 -2.524414 1.738281 0.0 -2.050781 2.973633 0.0 -1.972656 3.979492 0.0 -1.655273 5.12207 0.0 -1.430664
0.2648  0.1708984 0.0 -2.539063 1.738281 0.0 -2.06543 2.978516 0.0 -1.982422 3.979492 0.0 -1.660156 5.12207 0.0 -1.430664
0.2664  0.1708984 0.0 -2.553711 1.743164 0.0 -2.075195 2.978516 0.0 -1.987305 3.979492 0.0 -1.665039 5.117188 0.0 -1.430664
0.268  0.1757813 0.0 -2.568359 1.743164 0.0 -2.084961 2.978516 0.0 -1.99707 3.979492 0.0 -1.669922 5.117188 0.0 -1.430664
0.2696  0.1806641 0.0 -2.583008 1.743164 0.0 -2.099609 2.978516 0.0 -2.006836 3.979492 0.0 -1.674805 5.117188 0.0 -1.435547
0.2712  0.1806641 0.0 -2.597656 1.743164 0.0 -2.109375 2.978516 0.0 -2.016602 3.979492 0.0 -1.679688 5.112305 0.0 -1.435547
0.2728  0.1855469 0.0 -2.612305 1.743164 0.0 -2.119141 2.978516 0.0 -2.021484 3.979492 0.0 -1.68457 5.112305 0.0 -1.435547
0.2744  0.1904297 0.0 -2.626953 1.743164 0.0 -2.128906 2.978516 0.0 -2.03125 3.979492 0.0 -1.689453 5.112305 0.0 -1.435547
0.276  0.1904297 0.0 -2.641602 1.743164 0.0 -2.138672 2.978516 0.0 -2.041016 3.979492 0.0 -1.694336 5.107422 0.0 -1.435547
0.2776  0.1953125 0.0 -2.651367 1.743164 0.0 -2.148438 2.978516 0.0 -2.045898 3.979492 0.0 -1.699219 5.107422 0.0 -1.44043
0.2792  0.2001953 0.0 -2.666016 1.748047 0.0 -2.158203 2.978516 0.0 -2.055664 3.979492 0.0 -1.704102 5.107422 0.0 -1.44043
0.2808  0.2001953 0.0 -2.680664 1.748047 0.0 -2.167969 2.978516 0.0 -2.060547 3.979492 0.0 -1.708984 5.102539 0.0 -1.44043
0.2824  0.2050781 0.0 -2.69043 1.748047 0.0 -2.177734 2.983398 0.0 -2.070313 3.979492 0.0 -1.713867 5.102539 0.0 -1.44043
0.284  0.2050781 0.0 -2.705078 1.748047 0.0 -2.1875 2.983398 0.0 -2.075195 3.979492 0.0 -1.71875 5.102539 0.0 -1.445313
0.2856  0.2099609 0.0 -2.714844 1.748047 0.0 -2.197266 2.983398 0.0 -2.084961 3.979492 0.0 -1.71875 5.102539 0.0 -1.445313
0.2872  0.2099609 0.0 -2.724609 1.748047 0.0 -2.207031 2.983398 0.0 -2.089844 3.979492 0.0 -1.723633 5.097656 0.0 -1.445313
0.2888  0.2148438 0.0 -2.739258 1.748047 0.0 -2.211914 2.983398 0.0 -2.094727 3.974609 0.0 -1.728516 5.097656 0.0 -1.445313
0.2904  0.2148438 0.0 -2.749023 1.748047 0.0 -2.22168 2.983398 0.0 -2.104492 3.974609 0.0 -1.733398 5.097656 0.0 -1.450195
0.292  0.2197266 0.0 -2.758789 1.748047 0.0 -2.226563 2.983398 0.0 -2.109375 3.974609 0.0 -1.733398 5.092773 0.0 -1.450195
0.2936  0.2197266 0.0 -2.768555 1.748047 0.0 -2.236328 2.983398 0.0 -2.114258 3.974609 0.0 -1.738281 5.092773 0.0 -1.450195
0.2952  0.2246094 0.0 -2.77832 1.748047 0.0 -2.241211 2.983398 0.0 -2.124023 3.974609 0.0 -1.743164 5.092773 0.0 -1.450195
0.2968  0.2246094 0.0 -2.788086 1.748047 0.0 -2.250977 2.983398 0.0 -2.128906 3.974609 0.0 -1.743164 5.087891 0.0 -1.455078
0.2984  0.2246094 0.0 -2.797852 1.748047 0.0 -2.255859 2.983398 0.0 -2.133789 3.974609 0.0 -1.748047 5.087891 0.0 -1.455078
0.3  0.2294922 0.0 -2.807617 1.748047 0.0 -2.265625 2.983398 0.0 -2.138672 3.974609 0.0 -1.75293 5.087891 0.0 -1.455078
0.3016  0.2294922 0.0 -2.8125 1.748047 0.0 -2.270508 2.983398 0.0 -2.143555 3.974609 0.0 -1.75293 5.087891 0.0 -1.459961
0.3032  0.2294922 0.0 -2.822266 1.748047 0.0 -2.275391 2.983398 0.0 -2.148438 3.974609 0.0 -1.757813 5.083008 0.0 -1.459961
0.3048  0.2294922 0.0 -2.827148 1.748047 0.0 -2.280273 2.983398 0.0 -2.15332 3.969727 0.0 -1.757813 5.083008 0.0 -1.459961
0.3064  0.234375 0.0 -2.836914 1.748047 0.0 -2.285156 2.983398 0.0 -2.158203 3.969727 0.0 -1.762695 5.083008 0.0 -1.464844
0.308  0.234375 0.0 -2.841797 1.748047 0.0 -2.290039 2.983398 0.0 -2.163086 3.969727 0.0 -1.762695 5.078125 0.0 -1.464844
0.3096  0.234375 0.0 -2.851563 1.748047 0.0 -2.294922 2.983398 0.0 -2.167969 3.969727 0.0 -1.767578 5.078125 0.0 -1.464844
0.3112  0.234375 0.0 -2.856445 1.748047 0.0 -2.299805 2.983398 0.0 -2.172852 3.969727 0.0 -1.767578 5.078125 0.0 -1.464844
0.3128  0.234375 0.0 -2.861328 1.748047 0.0 -2.304688 2.983398 0.0 -2.177734 3.969727 0.0 -1.767578 5.073242 0.0 -1.469727
0.3144  0.2392578 0.0 -2.866211 1.748047 0.0 -2.30957 2.983398 0.0 -2.177734 3.969727 0.0 -1.772461 5.073242 0.0 -1.469727
0.316  0.2392578 0.0 -2.871094 1.748047 0.0 -2.314453 2.983398 0.0 -2.182617 3.964844 0.0 -1.772461 5.073242 0.0 -1.469727
0.3176  0.2392578 0.0 -2.875977 1.748047 0.0 -2.319336 2.978516 0.0 -2.1875 3.964844 0.0 -1.772461 5.073242 0.0 -1.474609
0.3192  0.2392578 0.0 -2.880859 1.743164 0.0 -2.319336 2.978516 0.0 -2.1875 3.964844 0.0 -1.772461 5.068359 0.0 -1.474609
0.3208  0.2392578 0.0 -2.885742 1.743164 0.0 -2.324219 2.978516 0.0 -2.192383 3.964844 0.0 -1.772461 5.068359 0.0 -1.474609
0.3224  0.2392578 0.0 -2.890625 1.743164 0.0 -2.324219 2.978516 0.0 -2.192383 3.959961 0.0 -1.777344 5.068359 0.0 -1.474609
0.324  0.2392578 0.0 -2.895508 1.743164 0.0 -2.329102 2.978516 0.0 -2.197266 3.959961 0.0 -1.777344 5.063477 0.0 -1.474609
0.3256  0.2392578 0.0 -2.900391 1.743164 0.0 -2.329102 2.978516 0.0 -2.197266 3.959961 0.0 -1.777344 5.063477 0.0 -1.474609
0.3272  0.2392578 0.0 -2.900391 1.743164 0.0 -2.333984 2.978516 0.0 -2.197266 3.959961 0.0 -1.777344 5.063477 0.0 -1.479492
0.3288  0.2392578 0.0 -2.905273 1.738281 0.0 -2.333984 2.973633 0.0 -2.202148 3.959961 0.0 -1.777344 5.063477 0.0 -1.479492
0.3304  0.2392578 0.0 -2.905273 1.738281 0.0 -2.333984 2.973633 0.0 -2.202148 3.955078 0.0 -1.777344 5.058594 0.0 -1.479492
0.332  0.2392578 0.0 -2.910156 1.738281 0.0 -2.338867 2.973633 0.0 -2.202148 3.955078 0.0 -1.777344 5.058594 0.0 -1.479492
0.3336  0.2392578 0.0 -2.910156 1.738281 0.0 -2.338867 2.973633 0.0 -2.202148 3.955078 0.0 -1.777344 5.058594 0.0 -1.479492
0.3352  0.2392578 0.0 -2.915039 1.738281 0.0 -2.338867 2.973633 0.0 -2.202148 3.955078 0.0 -1.777344 5.058594 0.0 -1.479492
0.3368  0.2392578 0.0 -2.915039 1.738281 0.0 -2.338867 2.973633 0.0 -2.207031 3.955078 0.0 -1.777344 5.058594 0.0 -1.479492
0.3384  0.2392578 0.0 -2.915039 1.733398 0.0 -2.34375 2.96875 0.0 -2.207031 3.950195 0.0 -1.777344 5.053711 0.0 -1.479492
0.34  0.2392578 0.0 -2.919922 1.733398 0.0 -2.34375 2.96875 0.0 -2.207031 3.950195 0.0 -1.777344 5.053711 0.0 -1.479492
0.3416  0.234375 0.0 -2.919922 1.733398 0.0 -2.34375 2.96875 0.0 -2.207031 3.950195 0.0 -1.777344 5.053711 0.0 -1.484375
0.3432  0.234375 0.0 -2.919922 1.733398 0.0 -2.34375 2.96875 0.0 -2.207031 3.950195 0.0 -1.777344 5.053711 0.0 -1.484375
0.3448  0.234375 0.0 -2.919922 1.733398 0.0 -2.34375 2.96875 0.0 -2.207031 3.950195 0.0 -1.777344 5.053711 0.0 -1.484375
0.3464  0.234375 0.0 -2.924805 1.733398 0.0 -2.34375 2.96875 0.0 -2.202148 3.950195 0.0 -1.777344 5.053711 0.0 -1.484375
0.348  0.234375 0.0 -2.924805 1.733398 0.0 -2.34375 2.96875 0.0 -2.202148 3.945313 0.0 -1.777344 5.048828 0.0 -1.484375
0.3496  0.234375 0.0 -2.924805 1.733398 0.0 -2.34375 2.96875 0.0 -2.202148 3.945313 0.0 -1.777344 5.048828 0.0 -1.484375
0.3512  0.234375 0.0 -2.924805 1.733398 0.0 -2.34375 2.963867 0.0 -2.202148 3.945313 0.0 -1.777344 5.048828 0.0 -1.484375
0.3528  0.234375 0.0 -2.924805 1.733398 0.0 -2.34375 2.963867 0.0 -2.202148 3.945313 0.0 -1.777344 5.048828 0.0 -1.484375
0.3544  0.234375 0.0 -2.924805 1.733398 0.0 -2.34375 2.963867 0.0 -2.202148 3.945313 0.0 -1.777344 5.048828 0.0 -1.484375
0.356  0.234375 0.0 -2.924805 1.733398 0.0 -2.34375 2.963867 0.0 -2.202148 3.945313 0.0 -1.777344 5.048828 0.0 -1.489258
0.3576  0.234375 0.0 -2.924805 1.733398 0.0 -2.34375 2.963867 0.0 -2.202148 3.945313 0.0 -1.777344 5.048828 0.0 -1.489258
0.3592  0.234375 0.0 -2.924805 1.733398 0.0 -2.34375 2.963867 0.0 -2.197266 3.945313 0.0 -1.777344 5.048828 0.0 -1.489258
0.3608  0.234375 0.0 -2.924805 1.733398 0.0 -2.338867 2.963867 0.0 -2.197266 3.945313 0.0 -1.777344 5.048828 0.0 -1.489258
0.3624  0.234375 0.0 -2.924805 1.733398 0.0 -2.338867 2.963867 0.0 -2.197266 3.945313 0.0 -1.777344 5.048828 0.0 -1.489258
0.364  0.234375 0.0 -2.924805 1.733398 0.0 -2.338867 2.963867 0.0 -2.197266 3.945313 0.0 -1.777344 5.048828 0.0 -1.489258
0.3656  0.2294922 0.0 -2.924805 1.738281 0.0 -2.338867 2.963867 0.0 -2.192383 3.945313 0.0 -1.777344 5.048828 0.0 -1.489258
0.3672  0.2294922 0.0 -2.924805 1.738281 0.0 -2.338867 2.963867 0.0 -2.192383 3.945313 0.0 -1.777344 5.048828 0.0 -1.494141
0.3688  0.2294922 0.0 -2.924805 1.738281 0.0 -2.333984 2.963867 0.0 -2.192383 3.945313 0.0 -1.777344 5.053711 0.0 -1.494141
0.3704  0.2294922 0.0 -2.919922 1.738281 0.0 -2.333984 2.963867 0.0 -2.192383 3.945313 0.0 -1.772461 5.053711 0.0 -1.494141
0.372  0.2294922 0.0 -2.919922 1.738281 0.0 -2.333984 2.963867 0.0 -2.1875 3.945313 0.0 -1.772461 5.053711 0.0 -1.494141
0.3736  0.2294922 0.0 -2.919922 1.738281 0.0 -2.333984 2.963867 0.0 -2.1875 3.945313 0.0 -1.772461 5.053711 0.0 -1.494141
0.3752  0.2294922 0.0 -2.919922 1.738281 0.0 -2.329102 2.963867 0.0 -2.1875 3.945313 0.0 -1.772461 5.053711 0.0 -1.494141
0.3768  0.2294922 0.0 -2.919922 1.743164 0.0 -2.329102 2.963867 0.0 -2.182617 3.945313 0.0 -1.772461 5.053711 0.0 -1.499023
0.3784  0.2294922 0.0 -2.919922 1.743164 0.0 -2.329102 2.963867 0.0 -2.182617 3.945313 0.0 -1.772461 5.053711 0.0 -1.499023
0.38  0.2294922 0.0 -2.915039 1.743164 0.0 -2.324219 2.96875 0.0 -2.182617 3.945313 0.0 -1.772461 5.053711 0.0 -1.499023
0.3816  0.2294922 0.0 -2.915039 1.743164 0.0 -2.324219 2.96875 0.0 -2.177734 3.945313 0.0 -1.772461 5.058594 0.0 -1.499023
0.3832  0.2294922 0.0 -2.915039 1.743164 0.0 -2.319336 2.96875 0.0 -2.177734 3.950195 0.0 -1.772461 5.058594 0.0 -1.499023
0.3848  0.2294922 0.0 -2.910156 1.743164 0.0 -2.319336 2.96875 0.0 -2.172852 3.950195 0.0 -1.767578 5.058594 0.0 -1.499023
0.3864  0.2294922 0.0 -2.910156 1.748047 0.0 -2.319336 2.96875 0.0 -2.172852 3.950195 0.0 -1.767578 5.058594 0.0 -1.503906
0.388  0.2294922 0.0 -2.910156 1.748047 0.0 -2.314453 2.96875 0.0 -2.167969 3.950195 0.0 -1.767578 5.058594 0.0 -1.503906
0.3896  0.2294922 0.0 -2.905273 1.748047 0.0 -2.314453 2.96875 0.0 -2.167969 3.950195 0.0 -1.767578 5.058594 0.0 -1.503906
0.3912  0.2294922 0.0 -2.905273 1.748047 0.0 -2.30957 2.96875 0.0 -2.163086 3.950195 0.0 -1.767578 5.058594 0.0 -1.503906
0.3928  0.2294922 0.0 -2.900391 1.748047 0.0 -2.304688 2.96875 0.0 -2.163086 3.950195 0.0 -1.762695 5.063477 0.0 -1.503906
0.3944  0.2294922 0.0 -2.900391 1.748047 0.0 -2.304688 2.96875 0.0 -2.158203 3.950195 0.0 -1.762695 5.063477 0.0 -1.503906
0.396  0.2294922 0.0 -2.900391 1.75293 0.0 -2.299805 2.973633 0.0 -2.158203 3.950195 0.0 -1.762695 5.063477 0.0 -1.503906
0.3976  0.2294922 0.0 -2.895508 1.75293 0.0 -2.299805 2.973633 0.0 -2.15332 3.950195 0.0 -1.762695 5.063477 0.0 -1.503906
0.3992  0.2294922 0.0 -2.895508 1.75293 0.0 -2.294922 2.973633 0.0 -2.148438 3.950195 0.0 -1.757813 5.068359 0.0 -1.508789
0.4008  0.2294922 0.0 -2.890625 1.75293 0.0 -2.290039 2.973633 0.0 -2.148438 3.950195 0.0 -1.757813 5.068359 0.0 -1.508789
0.4024  0.2294922 0.0 -2.885742 1.75293 0.0 -2.285156 2.973633 0.0 -2.143555 3.950195 0.0 -1.75293 5.068359 0.0 -1.508789
0.404  0.2294922 0.0 -2.885742 1.757813 0.0 -2.285156 2.973633 0.0 -2.138672 3.950195 0.0 -1.75293 5.068359 0.0 -1.508789
0.4056  0.2294922 0.0 -2.880859 1.757813 0.0 -2.280273 2.973633 0.0 -2.133789 3.955078 0.0 -1.75293 5.068359 0.0 -1.508789
0.4072  0.2294922 0.0 -2.880859 1.757813 0.0 -2.275391 2.973633 0.0 -2.128906 3.955078 0.0 -1.748047 5.073242 0.0 -1.508789
0.4088  0.2294922 0.0 -2.875977 1.757813 0.0 -2.270508 2.973633 0.0 -2.128906 3.955078 0.0 -1.748047 5.073242 0.0 -1.508789
0.4104  0.2294922 0.0 -2.871094 1.757813 0.0 -2.265625 2.978516 0.0 -2.124023 3.955078 0.0 -1.743164 5.073242 0.0 -1.508789
0.412  0.2294922 0.0 -2.871094 1.757813 0.0 -2.260742 2.978516 0.0 -2.119141 3.955078 0.0 -1.743164 5.073242 0.0 -1.503906
0.4136  0.2294922 0.0 -2.866211 1.757813 0.0 -2.255859 2.978516 0.0 -2.114258 3.955078 0.0 -1.738281 5.078125 0.0 -1.503906
0.4152  0.2294922 0.0 -2.861328 1.762695 0.0 -2.250977 2.978516 0.0 -2.109375 3.955078 0.0 -1.733398 5.078125 0.0 -1.503906
0.4168  0.2294922 0.0 -2.856445 1.762695 0.0 -2.246094 2.978516 0.0 -2.104492 3.955078 0.0 -1.733398 5.078125 0.0 -1.503906
0.4184  0.2294922 0.0 -2.851563 1.762695 0.0 -2.241211 2.978516 0.0 -2.099609 3.955078 0.0 -1.728516 5.078125 0.0 -1.503906
0.42  0.2294922 0.0 -2.84668 1.762695 0.0 -2.236328 2.978516 0.0 -2.094727 3.955078 0.0 -1.723633 5.078125 0.0 -1.503906
0.4216  0.2294922 0.0 -2.84668 1.762695 0.0 -2.231445 2.978516 0.0 -2.084961 3.955078 0.0 -1.71875 5.083008 0.0 -1.503906
0.4232  0.2294922 0.0 -2.841797 1.762695 0.0 -2.22168 2.978516 0.0 -2.080078 3.955078 0.0 -1.71875 5.083008 0.0 -1.499023
0.4248  0.2294922 0.0 -2.836914 1.762695 0.0 -2.216797 2.978516 0.0 -2.075195 3.955078 0.0 -1.713867 5.083008 0.0 -1.499023
0.4264  0.2294922 0.0 -2.832031 1.762695 0.0 -2.211914 2.978516 0.0 -2.070313 3.955078 0.0 -1.708984 5.083008 0.0 -1.499023
0.428  0.2294922 0.0 -2.827148 1.762695 0.0 -2.202148 2.978516 0.0 -2.060547 3.955078 0.0 -1.704102 5.083008 0.0 -1.494141
0.4296  0.2294922 0.0 -2.822266 1.762695 0.0 -2.197266 2.978516 0.0 -2.055664 3.955078 0.0 -1.699219 5.083008 0.0 -1.494141
0.4312  0.2294922 0.0 -2.817383 1.762695 0.0 -2.1875 2.978516 0.0 -2.050781 3.955078 0.0 -1.694336 5.087891 0.0 -1.494141
0.4328  0.2294922 0.0 -2.8125 1.762695 0.0 -2.182617 2.978516 0.0 -2.041016 3.955078 0.0 -1.689453 5.087891 0.0 -1.494141
0.4344  0.2246094 0.0 -2.802734 1.762695 0.0 -2.172852 2.978516 0.0 -2.036133 3.955078 0.0 -1.68457 5.087891 0.0 -1.489258
0.436  0.2246094 0.0 -2.797852 1.762695 0.0 -2.163086 2.978516 0.0 -2.026367 3.955078 0.0 -1.679688 5.087891 0.0 -1.489258
0.4376  0.2246094 0.0 -2.792969 1.762695 0.0 -2.158203 2.978516 0.0 -2.021484 3.955078 0.0 -1.674805 5.087891 0.0 -1.489258
0.4392  0.2246094 0.0 -2.788086 1.762695 0.0 -2.148438 2.973633 0.0 -2.011719 3.955078 0.0 -1.669922 5.087891 0.0 -1.484375
0.4408  0.2246094 0.0 -2.783203 1.762695 0.0 -2.138672 2.973633 0.0 -2.006836 3.955078 0.0 -1.665039 5.087891 0.0 -1.484375
0.4424  0.2246094 0.0 -2.77832 1.762695 0.0 -2.128906 2.973633 0.0 -1.99707 3.955078 0.0 -1.655273 5.087891 0.0 -1.479492
0.444  0.2246094 0.0 -2.768555 1.757813 0.0 -2.124023 2.973633 0.0 -1.987305 3.955078 0.0 -1.650391 5.087891 0.0 -1.479492
0.4456  0.2246094 0.0 -2.763672 1.757813 0.0 -2.114258 2.973633 0.0 -1.982422 3.955078 0.0 -1.645508 5.087891 0.0 -1.479492
0.4472  0.2246094 0.0 -2.758789 1.757813 0.0 -2.104492 2.973633 0.0 -1.972656 3.950195 0.0 -1.640625 5.087891 0.0 -1.474609
0.4488  0.2246094 0.0 -2.753906 1.757813 0.0 -2.094727 2.96875 0.0 -1.962891 3.950195 0.0 -1.630859 5.087891 0.0 -1.474609
0.4504  0.2197266 0.0 -2.744141 1.757813 0.0 -2.084961 2.96875 0.0 -1.953125 3.950195 0.0 -1.625977 5.092773 0.0 -1.469727
0.452  0.2197266 0.0 -2.739258 1.757813 0.0 -2.075195 2.96875 0.0 -1.943359 3.950195 0.0 -1.621094 5.092773 0.0 -1.469727
0.4536  0.2197266 0.0 -2.734375 1.757813 0.0 -2.06543 2.96875 0.0 -1.938477 3.950195 0.0 -1.616211 5.092773 0.0 -1.464844
0.4552  0.2197266 0.0 -2.729492 1.75293 0.0 -2.055664 2.96875 0.0 -1.928711 3.950195 0.0 -1.606445 5.092773 0.0 -1.464844
0.4568  0.2197266 0.0 -2.719727 1.75293 0.0 -2.045898 2.963867 0.0 -1.918945 3.950195 0.0 -1.601563 5.092773 0.0 -1.459961
0.4584  0.2197266 0.0 -2.714844 1.75293 0.0 -2.036133 2.963867 0.0 -1.90918 3.950195 0.0 -1.59668 5.092773 0.0 -1.459961
0.46  0.2197266 0.0 -2.709961 1.75293 0.0 -2.026367 2.963867 0.0 -1.899414 3.950195 0.0 -1.586914 5.092773 0.0 -1.455078
0.4616  0.2197266 0.0 -2.705078 1.75293 0.0 -2.016602 2.958984 0.0 -1.889648 3.950195 0.0 -1.582031 5.087891 0.0 -1.455078
0.4632  0.2197266 0.0 -2.695313 1.75293 0.0 -2.001953 2.958984 0.0 -1.879883 3.950195 0.0 -1.577148 5.087891 0.0 -1.450195
0.4648  0.2148438 0.0 -2.69043 1.748047 0.0 -1.992188 2.958984 0.0 -1.870117 3.945313 0.0 -1.567383 5.087891 0.0 -1.450195
0.4664  0.2148438 0.0 -2.685547 1.748047 0.0 -1.982422 2.958984 0.0 -1.860352 3.945313 0.0 -1.5625 5.087891 0.0 -1.445313
0.468  0.2148438 0.0 -2.675781 1.748047 0.0 -1.972656 2.954102 0.0 -1.850586 3.945313 0.0 -1.557617 5.087891 0.0 -1.44043
0.4696  0.2148438 0.0 -2.670898 1.748047 0.0 -1.962891 2.954102 0.0 -1.84082 3.945313 0.0 -1.547852 5.087891 0.0 -1.44043
0.4712  0.2148438 0.0 -2.666016 1.748047 0.0 -1.953125 2.954102 0.0 -1.826172 3.945313 0.0 -1.542969 5.087891 0.0 -1.435547
0.4728  0.2148438 0.0 -2.661133 1.743164 0.0 -1.938477 2.949219 0.0 -1.816406 3.945313 0.0 -1.538086 5.087891 0.0 -1.435547
0.4744  0.2148438 0.0 -2.651367 1.743164 0.0 -1.928711 2.949219 0.0 -1.806641 3.945313 0.0 -1.52832 5.087891 0.0 -1.430664
0.476  0.2148438 0.0 -2.646484 1.743164 0.0 -1.918945 2.944336 0.0 -1.796875 3.945313 0.0 -1.523438 5.083008 0.0 -1.425781
0.4776  0.2099609 0.0 -2.641602 1.743164 0.0 -1.90918 2.944336 0.0 -1.787109 3.945313 0.0 -1.513672 5.083008 0.0 -1.425781
0.4792  0.2099609 0.0 -2.631836 1.738281 0.0 -1.899414 2.944336 0.0 -1.777344 3.945313 0.0 -1.508789 5.083008 0.0 -1.420898
0.4808  0.2099609 0.0 -2.626953 1.738281 0.0 -1.884766 2.939453 0.0 -1.762695 3.945313 0.0 -1.503906 5.083008 0.0 -1.416016
0.4824  0.2099609 0.0 -2.62207 1.738281 0.0 -1.875 2.939453 0.0 -1.75293 3.94043 0.0 -1.494141 5.083008 0.0 -1.411133
0.484  0.2050781 0.0 -2.612305 1.733398 0.0 -1.865234 2.93457 0.0 -1.743164 3.94043 0.0 -1.489258 5.078125 0.0 -1.411133
0.4856  0.2050781 0.0 -2.607422 1.733398 0.0 -1.850586 2.93457 0.0 -1.728516 3.94043 0.0 -1.479492 5.078125 0.0 -1.40625
0.4872  0.2050781 0.0 -2.602539 1.733398 0.0 -1.84082 2.929688 0.0 -1.71875 3.94043 0.0 -1.474609 5.078125 0.0 -1.401367
0.4888  0.2050781 0.0 -2.592773 1.728516 0.0 -1.831055 2.929688 0.0 -1.708984 3.94043 0.0 -1.469727 5.073242 0.0 -1.396484
0.4904  0.2001953 0.0 -2.587891 1.728516 0.0 -1.821289 2.924805 0.0 -1.694336 3.94043 0.0 -1.459961 5.073242 0.0 -1.396484
0.492  0.2001953 0.0 -2.583008 1.728516 0.0 -1.806641 2.924805 0.0 -1.68457 3.935547 0.0 -1.455078 5.073242 0.0 -1.391602
0.4936  0.2001953 0.0 -2.573242 1.723633 0.0 -1.796875 2.919922 0.0 -1.674805 3.935547 0.0 -1.445313 5.068359 0.0 -1.386719
0.4952  0.1953125 0.0 -2.568359 1.723633 0.0 -1.787109 2.915039 0.0 -1.660156 3.935547 0.0 -1.44043 5.068359 0.0 -1.381836
0.4968  0.1953125 0.0 -2.563477 1.71875 0.0 -1.772461 2.915039 0.0 -1.650391 3.935547 0.0 -1.430664 5.063477 0.0 -1.376953
0.4984  0.1953125 0.0 -2.553711 1.71875 0.0 -1.762695 2.910156 0.0 -1.635742 3.930664 0.0 -1.425781 5.063477 0.0 -1.376953
0.5  0.1904297 0.0 -2.548828 1.713867 0.0 -1.748047 2.910156 0.0 -1.625977 3.930664 0.0 -1.416016 5.063477 0.0 -1.37207
0.5016  0.1904297 0.0 -2.543945 1.713867 0.0 -1.738281 2.905273 0.0 -1.611328 3.930664 0.0 -1.411133 5.058594 0.0 -1.367188
0.5032  0.1904297 0.0 -2.53418 1.708984 0.0 -1.728516 2.900391 0.0 -1.601563 3.925781 0.0 -1.401367 5.058594 0.0 -1.362305
0.5048  0.1855469 0.0 -2.529297 1.708984 0.0 -1.713867 2.900391 0.0 -1.586914 3.925781 0.0 -1.396484 5.053711 0.0 -1.357422
0.5064  0.1855469 0.0 -2.524414 1.704102 0.0 -1.704102 2.895508 0.0 -1.577148 3.925781 0.0 -1.386719 5.053711 0.0 -1.352539
0.508  0.1855469 0.0 -2.514648 1.704102 0.0 -1.694336 2.895508 0.0 -1.5625 3.920898 0.0 -1.376953 5.048828 0.0 -1.347656
0.5096  0.1806641 0.0 -2.509766 1.699219 0.0 -1.679688 2.890625 0.0 -1.552734 3.920898 0.0 -1.37207 5.043945 0.0 -1.342773
0.5112  0.1806641 0.0 -2.5 1.699219 0.0 -1.669922 2.885742 0.0 -1.538086 3.920898 0.0 -1.362305 5.043945 0.0 -1.342773
0.5128  0.1757813 0.0 -2.495117 1.694336 0.0 -1.655273 2.885742 0.0 -1.52832 3.916016 0.0 -1.357422 5.039063 0.0 -1.337891
0.5144  0.1757813 0.0 -2.490234 1.694336 0.0 -1.645508 2.880859 0.0 -1.513672 3.916016 0.0 -1.347656 5.039063 0.0 -1.333008
0.516  0.1757813 0.0 -2.480469 1.689453 0.0 -1.635742 2.875977 0.0 -1.503906 3.916016 0.0 -1.342773 5.03418 0.0 -1.328125
0.5176  0.1708984 0.0 -2.475586 1.68457 0.0 -1.621094 2.875977 0.0 -1.489258 3.911133 0.0 -1.333008 5.03418 0.0 -1.323242
0.5192  0.1708984 0.0 -2.470703 1.68457 0.0 -1.611328 2.871094 0.0 -1.474609 3.911133 0.0 -1.323242 5.029297 0.0 -1.318359
0.5208  0.1708984 0.0 -2.460938 1.679688 0.0 -1.59668 2.866211 0.0 -1.464844 3.90625 0.0 -1.318359 5.024414 0.0 -1.313477
0.5224  0.1660156 0.0 -2.456055 1.679688 0.0 -1.586914 2.866211 0.0 -1.450195 3.90625 0.0 -1.308594 5.024414 0.0 -1.308594
0.524  0.1660156 0.0 -2.451172 1.674805 0.0 -1.577148 2.861328 0.0 -1.44043 3.90625 0.0 -1.303711 5.019531 0.0 -1.303711
0.5256  0.1611328 0.0 -2.441406 1.674805 0.0 -1.5625 2.861328 0.0 -1.425781 3.901367 0.0 -1.293945 5.019531 0.0 -1.298828
0.5272  0.1611328 0.0 -2.436523 1.669922 0.0 -1.552734 2.856445 0.0 -1.416016 3.901367 0.0 -1.28418 5.014648 0.0 -1.293945
0.5288  0.1611328 0.0 -2.426758 1.669922 0.0 -1.542969 2.851563 0.0 -1.401367 3.896484 0.0 -1.279297 5.014648 0.0 -1.289063
0.5304  0.15625 0.0 -2.421875 1.665039 0.0 -1.52832 2.851563 0.0 -1.391602 3.896484 0.0 -1.269531 5.009766 0.0 -1.28418
0.532  0.15625 0.0 -2.416992 1.660156 0.0 -1.518555 2.84668 0.0 -1.376953 3.896484 0.0 -1.259766 5.004883 0.0 -1.279297
0.5336  0.15625 0.0 -2.407227 1.660156 0.0 -1.508789 2.84668 0.0 -1.367188 3.891602 0.0 -1.254883 5.004883 0.0 -1.274414
0.5352  0.1513672 0.0 -2.402344 1.655273 0.0 -1.494141 2.841797 0.0 -1.352539 3.891602 0.0 -1.245117 5.0 0.0 -1.269531
0.5368  0.1513672 0.0 -2.397461 1.655273 0.0 -1.484375 2.841797 0.0 -1.342773 3.886719 0.0 -1.235352 5.0 0.0 -1.264648
0.5384  0.1513672 0.0 -2.387695 1.650391 0.0 -1.474609 2.836914 0.0 -1.328125 3.886719 0.0 -1.225586 4.995117 0.0 -1.259766
0.54  0.1513672 0.0 -2.382813 1.650391 0.0 -1.464844 2.832031 0.0 -1.318359 3.881836 0.0 -1.220703 4.990234 0.0 -1.254883
0.5416  0.1464844 0.0 -2.373047 1.645508 0.0 -1.450195 2.832031 0.0 -1.308594 3.881836 0.0 -1.210938 4.990234 0.0 -1.25
0.5432  0.1464844 0.0 -2.368164 1.645508 0.0 -1.44043 2.827148 0.0 -1.293945 3.881836 0.0 -1.201172 4.985352 0.0 -1.245117
0.5448  0.1464844 0.0 -2.363281 1.640625 0.0 -1.430664 2.827148 0.0 -1.28418 3.876953 0.0 -1.196289 4.985352 0.0 -1.235352
0.5464  0.1416016 0.0 -2.353516 1.635742 0.0 -1.420898 2.822266 0.0 -1.274414 3.876953 0.0 -1.186523 4.980469 0.0 -1.230469
0.548  0.1416016 0.0 -2.348633 1.635742 0.0 -1.411133 2.822266 0.0 -1.259766 3.87207 0.0 -1.181641 4.975586 0.0 -1.225586
0.5496  0.1416016 0.0 -2.34375 1.630859 0.0 -1.396484 2.817383 0.0 -1.25 3.87207 0.0 -1.171875 4.975586 0.0 -1.220703
0.5512  0.1416016 0.0 -2.333984 1.630859 0.0 -1.386719 2.817383 0.0 -1.240234 3.867188 0.0 -1.162109 4.970703 0.0 -1.21582
0.5528  0.1367188 0.0 -2.329102 1.625977 0.0 -1.376953 2.8125 0.0 -1.230469 3.867188 0.0 -1.157227 4.96582 0.0 -1.210938
0.5544  0.1367188 0.0 -2.324219 1.625977 0.0 -1.367188 2.8125 0.0 -1.220703 3.862305 0.0 -1.147461 4.96582 0.0 -1.206055
0.556  0.1367188 0.0 -2.314453 1.621094 0.0 -1.357422 2.807617 0.0 -1.206055 3.862305 0.0 -1.142578 4.960938 0.0 -1.196289
0.5576  0.1367188 0.0 -2.30957 1.616211 0.0 -1.347656 2.807617 0.0 -1.196289 3.857422 0.0 -1.132813 4.956055 0.0 -1.191406
0.5592  0.1318359 0.0 -2.304688 1.616211 0.0 -1.337891 2.802734 0.0 -1.186523 3.852539 0.0 -1.12793 4.956055 0.0 -1.186523
0.5608  0.1318359 0.0 -2.294922 1.611328 0.0 -1.328125 2.797852 0.0 -1.176758 3.852539 0.0 -1.123047 4.951172 0.0 -1.181641
0.5624  0.1318359 0.0 -2.290039 1.606445 0.0 -1.318359 2.797852 0.0 -1.166992 3.847656 0.0 -1.113281 4.946289 0.0 -1.176758
0.564  0.1318359 0.0 -2.285156 1.606445 0.0 -1.308594 2.792969 0.0 -1.157227 3.847656 0.0 -1.108398 4.946289 0.0 -1.171875
0.5656  0.1318359 0.0 -2.275391 1.601563 0.0 -1.298828 2.792969 0.0 -1.147461 3.842773 0.0 -1.103516 4.941406 0.0 -1.166992
0.5672  0.1269531 0.0 -2.270508 1.59668 0.0 -1.289063 2.788086 0.0 -1.137695 3.837891 0.0 -1.09375 4.936523 0.0 -1.157227
0.5688  0.1269531 0.0 -2.265625 1.59668 0.0 -1.279297 2.788086 0.0 -1.12793 3.837891 0.0 -1.088867 4.931641 0.0 -1.152344
0.5704  0.1269531 0.0 -2.260742 1.591797 0.0 -1.269531 2.783203 0.0 -1.118164 3.833008 0.0 -1.083984 4.926758 0.0 -1.147461
0.572  0.1269531 0.0 -2.250977 1.586914 0.0 -1.259766 2.77832 0.0 -1.113281 3.833008 0.0 -1.079102 4.926758 0.0 -1.142578
0.5736  0.1220703 0.0 -2.246094 1.582031 0.0 -1.25 2.77832 0.0 -1.103516 3.828125 0.0 -1.074219 4.921875 0.0 -1.137695
0.5752  0.1220703 0.0 -2.241211 1.582031 0.0 -1.240234 2.773438 0.0 -1.09375 3.823242 0.0 -1.069336 4.916992 0.0 -1.132813
0.5768  0.1220703 0.0 -2.231445 1.577148 0.0 -1.230469 2.773438 0.0 -1.083984 3.818359 0.0 -1.064453 4.912109 0.0 -1.12793
0.5784  0.1220703 0.0 -2.226563 1.572266 0.0 -1.220703 2.768555 0.0 -1.074219 3.818359 0.0 -1.05957 4.907227 0.0 -1.123047
0.58  0.1171875 0.0 -2.22168 1.567383 0.0 -1.210938 2.763672 0.0 -1.064453 3.813477 0.0 -1.054688 4.907227 0.0 -1.118164
0.5816  0.1171875 0.0 -2.216797 1.567383 0.0 -1.201172 2.763672 0.0 -1.05957 3.808594 0.0 -1.049805 4.902344 0.0 -1.113281
0.5832  0.1171875 0.0 -2.207031 1.5625 0.0 -1.191406 2.758789 0.0 -1.049805 3.808594 0.0 -1.044922 4.897461 0.0 -1.108398
0.5848  0.1171875 0.0 -2.202148 1.557617 0.0 -1.181641 2.753906 0.0 -1.040039 3.803711 0.0 -1.040039 4.892578 0.0 -1.103516
0.5864  0.1123047 0.0 -2.197266 1.552734 0.0 -1.171875 2.753906 0.0 -1.030273 3.798828 0.0 -1.035156 4.887695 0.0 -1.098633
0.588  0.1123047 0.0 -2.192383 1.547852 0.0 -1.162109 2.749023 0.0 -1.020508 3.798828 0.0 -1.030273 4.882813 0.0 -1.09375
0.5896  0.1123047 0.0 -2.182617 1.542969 0.0 -1.152344 2.744141 0.0 -1.015625 3.793945 0.0 -1.025391 4.87793 0.0 -1.088867
0.5912  0.1123047 0.0 -2.177734 1.538086 0.0 -1.142578 2.739258 0.0 -1.005859 3.789063 0.0 -1.020508 4.87793 0.0 -1.083984
0.5928  0.1074219 0.0 -2.172852 1.533203 0.0 -1.132813 2.739258 0.0 -0.9960938 3.78418 0.0 -1.015625 4.873047 0.0 -1.079102
0.5944  0.1074219 0.0 -2.163086 1.52832 0.0 -1.123047 2.734375 0.0 -0.9863281 3.78418 0.0 -1.010742 4.868164 0.0 -1.074219
0.596  0.1074219 0.0 -2.158203 1.523438 0.0 -1.113281 2.729492 0.0 -0.9814453 3.779297 0.0 -1.005859 4.863281 0.0 -1.069336
0.5976  0.1074219 0.0 -2.15332 1.518555 0.0 -1.103516 2.724609 0.0 -0.9716797 3.774414 0.0 -1.000977 4.858398 0.0 -1.064453
0.5992  0.1025391 0.0 -2.148438 1.513672 0.0 -1.09375 2.724609 0.0 -0.9619141 3.769531 0.0 -0.9960938 4.853516 0.0 -1.05957
0.6008  0.1025391 0.0 -2.143555 1.508789 0.0 -1.083984 2.719727 0.0 -0.9521484 3.769531 0.0 -0.9912109 4.848633 0.0 -1.054688
0.6024  0.1025391 0.0 -2.133789 1.503906 0.0 -1.074219 2.714844 0.0 -0.9423828 3.764648 0.0 -0.9863281 4.84375 0.0 -1.049805
0.604  0.1025391 0.0 -2.128906 1.499023 0.0 -1.064453 2.709961 0.0 -0.9375 3.759766 0.0 -0.9863281 4.838867 0.0 -1.044922
0.6056  0.09765625 0.0 -2.124023 1.494141 0.0 -1.054688 2.709961 0.0 -0.9277344 3.754883 0.0 -0.9814453 4.833984 0.0 -1.040039
0.6072  0.09765625 0.0 -2.119141 1.489258 0.0 -1.044922 2.705078 0.0 -0.9179688 3.75 0.0 -0.9765625 4.829102 0.0 -1.035156
0.6088  0.09765625 0.0 -2.109375 1.484375 0.0 -1.035156 2.700195 0.0 -0.9082031 3.745117 0.0 -0.9716797 4.824219 0.0 -1.030273
0.6104  0.09277344 0.0 -2.104492 1.479492 0.0 -1.025391 2.695313 0.0 -0.8984375 3.745117 0.0 -0.9667969 4.819336 0.0 -1.025391
0.612  0.09277344 0.0 -2.099609 1.474609 0.0 -1.015625 2.69043 0.0 -0.8935547 3.740234 0.0 -0.9619141 4.814453 0.0 -1.015625
0.6136  0.09277344 0.0 -2.094727 1.469727 0.0 -1.005859 2.685547 0.0 -0.8837891 3.735352 0.0 -0.9570313 4.80957 0.0 -1.010742
0.6152  0.09277344 0.0 -2.089844 1.464844 0.0 -0.9960938 2.680664 0.0 -0.8740234 3.730469 0.0 -0.9570313 4.804688 0.0 -1.005859
0.6168  0.08789063 0.0 -2.080078 1.455078 0.0 -0.9863281 2.680664 0.0 -0.8642578 3.725586 0.0 -0.9521484 4.799805 0.0 -1.000977
0.6184  0.08789063 0.0 -2.075195 1.450195 0.0 -0.9716797 2.675781 0.0 -0.8544922 3.720703 0.0 -0.9472656 4.794922 0.0 -0.9960938
0.62  0.08789063 0.0 -2.070313 1.445313 0.0 -0.9619141 2.670898 0.0 -0.8447266 3.71582 0.0 -0.9423828 4.790039 0.0 -0.9912109
0.6216  0.08300781 0.0 -2.06543 1.44043 0.0 -0.9521484 2.666016 0.0 -0.8398438 3.710938 0.0 -0.9423828 4.780273 0.0 -0.9863281
0.6232  0.08300781 0.0 -2.060547 1.435547 0.0 -0.9423828 2.661133 0.0 -0.8300781 3.706055 0.0 -0.9375 4.775391 0.0 -0.9814453
0.6248  0.08300781 0.0 -2.050781 1.425781 0.0 -0.9326172 2.65625 0.0 -0.8203125 3.701172 0.0 -0.9326172 4.770508 0.0 -0.9765625
0.6264  0.078125 0.0 -2.045898 1.420898 0.0 -0.9228516 2.651367 0.0 -0.8105469 3.696289 0.0 -0.9277344 4.765625 0.0 -0.9716797
0.628  0.078125 0.0 -2.041016 1.416016 0.0 -0.9082031 2.646484 0.0 -0.8007813 3.691406 0.0 -0.9228516 4.755859 0.0 -0.9667969
0.6296  0.078125 0.0 -2.036133 1.411133 0.0 -0.8984375 2.641602 0.0 -0.7910156 3.686523 0.0 -0.9228516 4.750977 0.0 -0.9619141
0.6312  0.07324219 0.0 -2.03125 1.401367 0.0 -0.8886719 2.636719 0.0 -0.78125 3.676758 0.0 -0.9179688 4.746094 0.0 -0.9570313
0.6328  0.07324219 0.0 -2.026367 1.396484 0.0 -0.8789063 2.631836 0.0 -0.7714844 3.671875 0.0 -0.9130859 4.741211 0.0 -0.9472656
0.6344  0.07324219 0.0 -2.016602 1.391602 0.0 -0.8642578 2.626953 0.0 -0.7617188 3.666992 0.0 -0.9082031 4.731445 0.0 -0.9423828
0.636  0.06835938 0.0 -2.011719 1.386719 0.0 -0.8544922 2.62207 0.0 -0.7519531 3.662109 0.0 -0.9082031 4.726563 0.0 -0.9375
0.6376  0.06835938 0.0 -2.006836 1.376953 0.0 -0.8447266 2.617188 0.0 -0.7421875 3.657227 0.0 -0.9033203 4.72168 0.0 -0.9326172
0.6392  0.06835938 0.0 -2.001953 1.37207 0.0 -0.8349609 2.612305 0.0 -0.7373047 3.652344 0.0 -0.8984375 4.711914 0.0 -0.9277344
0.6408  0.06347656 0.0 -1.99707 1.367188 0.0 -0.8203125 2.607422 0.0 -0.7275391 3.642578 0.0 -0.8935547 4.707031 0.0 -0.9228516
0.6424  0.06347656 0.0 -1.992188 1.362305 0.0 -0.8105469 2.602539 0.0 -0.7177734 3.637695 0.0 -0.8886719 4.697266 0.0 -0.9179688
0.644  0.06347656 0.0 -1.987305 1.352539 0.0 -0.8007813 2.597656 0.0 -0.7080078 3.632813 0.0 -0.8886719 4.692383 0.0 -0.9130859
0.6456  0.06347656 0.0 -1.982422 1.347656 0.0 -0.7861328 2.587891 0.0 -0.6982422 3.62793 0.0 -0.8837891 4.6875 0.0 -0.9082031
0.6472  0.05859375 0.0 -1.977539 1.342773 0.0 -0.7763672 2.583008 0.0 -0.6884766 3.623047 0.0 -0.8789063 4.677734 0.0 -0.8984375
0.6488  0.05859375 0.0 -1.972656 1.337891 0.0 -0.7666016 2.578125 0.0 -0.6787109 3.613281 0.0 -0.8740234 4.672852 0.0 -0.8935547
0.6504  0.05859375 0.0 -1.967773 1.328125 0.0 -0.7568359 2.573242 0.0 -0.6689453 3.608398 0.0 -0.8740234 4.667969 0.0 -0.8886719
0.652  0.05371094 0.0 -1.962891 1.323242 0.0 -0.7421875 2.568359 0.0 -0.6591797 3.603516 0.0 -0.8691406 4.658203 0.0 -0.8837891
0.6536  0.05371094 0.0 -1.958008 1.318359 0.0 -0.7324219 2.563477 0.0 -0.6494141 3.598633 0.0 -0.8642578 4.65332 0.0 -0.8789063
0.6552  0.05371094 0.0 -1.953125 1.313477 0.0 -0.7226563 2.558594 0.0 -0.6396484 3.588867 0.0 -0.859375 4.643555 0.0 -0.8740234
0.6568  0.04882813 0.0 -1.948242 1.308594 0.0 -0.7128906 2.553711 0.0 -0.6298828 3.583984 0.0 -0.859375 4.638672 0.0 -0.8691406
0.6584  0.04882813 0.0 -1.943359 1.298828 0.0 -0.703125 2.548828 0.0 -0.6201172 3.579102 0.0 -0.8544922 4.633789 0.0 -0.8642578
0.66  0.04882813 0.0 -1.938477 1.293945 0.0 -0.6933594 2.543945 0.0 -0.6103516 3.574219 0.0 -0.8496094 4.624023 0.0 -0.859375
0.6616  0.04394531 0.0 -1.933594 1.289063 0.0 -0.6787109 2.539063 0.0 -0.6005859 3.564453 0.0 -0.8496094 4.619141 0.0 -0.8544922
0.6632  0.04394531 0.0 -1.933594 1.28418 0.0 -0.6689453 2.53418 0.0 -0.5908203 3.55957 0.0 -0.8447266 4.614258 0.0 -0.8496094
0.6648  0.04394531 0.0 -1.928711 1.279297 0.0 -0.6591797 2.53418 0.0 -0.5859375 3.554688 0.0 -0.8398438 4.604492 0.0 -0.8496094
0.6664  0.0390625 0.0 -1.923828 1.274414 0.0 -0.6542969 2.529297 0.0 -0.5761719 3.549805 0.0 -0.8398438 4.599609 0.0 -0.8447266
0.668  0.0390625 0.0 -1.918945 1.269531 0.0 -0.6445313 2.524414 0.0 -0.5664063 3.544922 0.0 -0.8349609 4.594727 0.0 -0.8398438
0.6696  0.0390625 0.0 -1.918945 1.264648 0.0 -0.6347656 2.519531 0.0 -0.5566406 3.540039 0.0 -0.8349609 4.584961 0.0 -0.8349609
0.6712  0.03417969 0.0 -1.914063 1.259766 0.0 -0.625 2.514648 0.0 -0.5517578 3.530273 0.0 -0.8300781 4.580078 0.0 -0.8300781
0.6728  0.03417969 0.0 -1.914063 1.254883 0.0 -0.6201172 2.514648 0.0 -0.5419922 3.525391 0.0 -0.8251953 4.575195 0.0 -0.8251953
0.6744  0.03417969 0.0 -1.90918 1.254883 0.0 -0.6103516 2.509766 0.0 -0.5322266 3.520508 0.0 -0.8251953 4.570313 0.0 -0.8251953
0.676  0.02929688 0.0 -1.904297 1.25 0.0 -0.6005859 2.504883 0.0 -0.5273438 3.515625 0.0 -0.8203125 4.56543 0.0 -0.8203125
0.6776  0.02929688 0.0 -1.904297 1.245117 0.0 -0.5957031 2.504883 0.0 -0.5175781 3.510742 0.0 -0.8203125 4.560547 0.0 -0.8154297
0.6792  0.02929688 0.0 -1.899414 1.240234 0.0 -0.5908203 2.5 0.0 -0.5126953 3.505859 0.0 -0.8203125 4.555664 0.0 -0.8154297
0.6808  0.02441406 0.0 -1.899414 1.240234 0.0 -0.5810547 2.5 0.0 -0.5029297 3.500977 0.0 -0.8154297 4.550781 0.0 -0.8105469
0.6824  0.02441406 0.0 -1.899414 1.235352 0.0 -0.5761719 2.495117 0.0 -0.4980469 3.496094 0.0 -0.8154297 4.545898 0.0 -0.8056641
0.684  0.02441406 0.0 -1.894531 1.235352 0.0 -0.5712891 2.495117 0.0 -0.4931641 3.491211 0.0 -0.8105469 4.541016 0.0 -0.8056641
0.6856  0.02441406 0.0 -1.894531 1.230469 0.0 -0.5664063 2.490234 0.0 -0.4833984 3.491211 0.0 -0.8105469 4.536133 0.0 -0.8007813
0.6872  0.01953125 0.0 -1.889648 1.230469 0.0 -0.5615234 2.490234 0.0 -0.4785156 3.486328 0.0 -0.8105469 4.53125 0.0 -0.8007813
0.6888  0.01953125 0.0 -1.889648 1.225586 0.0 -0.5566406 2.490234 0.0 -0.4736328 3.481445 0.0 -0.8056641 4.526367 0.0 -0.7958984
0.6904  0.01953125 0.0 -1.889648 1.225586 0.0 -0.5517578 2.485352 0.0 -0.46875 3.476563 0.0 -0.8056641 4.521484 0.0 -0.7958984
0.692  0.01464844 0.0 -1.889648 1.220703 0.0 -0.546875 2.485352 0.0 -0.4638672 3.476563 0.0 -0.8056641 4.521484 0.0 -0.7910156
0.6936  0.01464844 0.0 -1.884766 1.220703 0.0 -0.5419922 2.485352 0.0 -0.4589844 3.47168 0.0 -0.8056641 4.516602 0.0 -0.7910156
0.6952  0.01464844 0.0 -1.884766 1.220703 0.0 -0.5371094 2.485352 0.0 -0.4541016 3.466797 0.0 -0.8007813 4.511719 0.0 -0.7861328
0.6968  0.01464844 0.0 -1.884766 1.220703 0.0 -0.5371094 2.480469 0.0 -0.4492188 3.466797 0.0 -0.8007813 4.511719 0.0 -0.7861328
0.6984  0.01464844 0.0 -1.884766 1.21582 0.0 -0.5322266 2.480469 0.0 -0.4443359 3.461914 0.0 -0.8007813 4.506836 0.0 -0.7861328
0.7  0.009765625 0.0 -1.879883 1.21582 0.0 -0.5273438 2.480469 0.0 -0.4394531 3.461914 0.0 -0.8007813 4.506836 0.0 -0.78125
0.7016  0.009765625 0.0 -1.879883 1.21582 0.0 -0.5273438 2.480469 0.0 -0.4345703 3.457031 0.0 -0.7958984 4.501953 0.0 -0.78125
0.7032  0.009765625 0.0 -1.879883 1.21582 0.0 -0.5224609 2.480469 0.0 -0.4345703 3.457031 0.0 -0.7958984 4.501953 0.0 -0.78125
0.7048  0.009765625 0.0 -1.879883 1.21582 0.0 -0.5224609 2.480469 0.0 -0.4296875 3.452148 0.0 -0.7958984 4.49707 0.0 -0.7763672
0.7064  0.009765625 0.0 -1.879883 1.21582 0.0 -0.5224609 2.475586 0.0 -0.4248047 3.452148 0.0 -0.7958984 4.49707 0.0 -0.7763672
0.708  0.004882813 0.0 -1.879883 1.210938 0.0 -0.5175781 2.475586 0.0 -0.4248047 3.452148 0.0 -0.7958984 4.49707 0.0 -0.7763672
0.7096  0.004882813 0.0 -1.879883 1.210938 0.0 -0.5175781 2.475586 0.0 -0.4199219 3.447266 0.0 -0.7958984 4.492188 0.0 -0.7714844
0.7112  0.004882813 0.0 -1.879883 1.210938 0.0 -0.5175781 2.475586 0.0 -0.4199219 3.447266 0.0 -0.7910156 4.492188 0.0 -0.7714844
0.7128  0.004882813 0.0 -1.879883 1.210938 0.0 -0.5175781 2.475586 0.0 -0.4199219 3.447266 0.0 -0.7910156 4.492188 0.0 -0.7714844
0.7144  0.004882813 0.0 -1.879883 1.210938 0.0 -0.5175781 2.475586 0.0 -0.4150391 3.447266 0.0 -0.7910156 4.492188 0.0 -0.7714844
0.716  0.004882813 0.0 -1.879883 1.210938 0.0 -0.5175781 2.475586 0.0 -0.4150391 3.447266 0.0 -0.7910156 4.492188 0.0 -0.7714844
0.7176  0.004882813 0.0 -1.879883 1.210938 0.0 -0.5126953 2.475586 0.0 -0.4150391 3.447266 0.0 -0.7910156 4.492188 0.0 -0.7666016
0.7192  0.004882813 0.0 -1.879883 1.210938 0.0 -0.5126953 2.475586 0.0 -0.4101563 3.447266 0.0 -0.7910156 4.487305 0.0 -0.7666016
0.7208  0.0 0.0 -1.879883 1.210938 0.0 -0.5126953 2.475586 0.0 -0.4101563 3.442383 0.0 -0.7910156 4.487305 0.0 -0.7666016
0.7224  0.0 0.0 -1.879883 1.210938 0.0 -0.5175781 2.475586 0.0 -0.4101563 3.442383 0.0 -0.7910156 4.487305 0.0 -0.7666016
0.724  0.0 0.0 -1.879883 1.210938 0.0 -0.5175781 2.475586 0.0 -0.4101563 3.447266 0.0 -0.7910156 4.487305 0.0 -0.7617188
0.7256  0.0 0.0 -1.879883 1.210938 0.0 -0.5175781 2.475586 0.0 -0.4101563 3.447266 0.0 -0.7910156 4.487305 0.0 -0.7617188
0.7272  0.0 0.0 -1.879883 1.21582 0.0 -0.5175781 2.475586 0.0 -0.4101563 3.447266 0.0 -0.7861328 4.487305 0.0 -0.7617188
0.7288  0.0 0.0 -1.879883 1.21582 0.0 -0.5175781 2.475586 0.0 -0.4101563 3.447266 0.0 -0.7861328 4.492188 0.0 -0.7617188
0.7304  0.0 0.0 -1.879883 1.21582 0.0 -0.5224609 2.475586 0.0 -0.4101563 3.447266 0.0 -0.7861328 4.492188 0.0 -0.7617188
0.732  0.0 0.0 -1.884766 1.21582 0.0 -0.5224609 2.475586 0.0 -0.4101563 3.447266 0.0 -0.7861328 4.492188 0.0 -0.7568359
0.7336  0.0 0.0 -1.884766 1.21582 0.0 -0.5273438 2.475586 0.0 -0.4150391 3.447266 0.0 -0.7861328 4.492188 0.0 -0.7568359
0.7352  0.0 0.0 -1.884766 1.21582 0.0 -0.5273438 2.475586 0.0 -0.4150391 3.452148 0.0 -0.7861328 4.492188 0.0 -0.7568359
0.7368  0.0 0.0 -1.884766 1.220703 0.0 -0.5322266 2.475586 0.0 -0.4150391 3.452148 0.0 -0.7861328 4.49707 0.0 -0.7519531
0.7384  0.0 0.0 -1.889648 1.220703 0.0 -0.5371094 2.475586 0.0 -0.4199219 3.452148 0.0 -0.7861328 4.49707 0.0 -0.7519531
0.74  0.0 0.0 -1.889648 1.220703 0.0 -0.5419922 2.480469 0.0 -0.4199219 3.457031 0.0 -0.7861328 4.49707 0.0 -0.7519531
0.7416  0.0 0.0 -1.894531 1.225586 0.0 -0.5419922 2.480469 0.0 -0.4248047 3.457031 0.0 -0.7861328 4.501953 0.0 -0.7519531
0.7432  0.0 0.0 -1.894531 1.225586 0.0 -0.5517578 2.480469 0.0 -0.4248047 3.461914 0.0 -0.7861328 4.501953 0.0 -0.7470703
0.7448  0.0 0.0 -1.899414 1.225586 0.0 -0.5566406 2.480469 0.0 -0.4296875 3.461914 0.0 -0.7861328 4.506836 0.0 -0.7470703
0.7464  0.0 0.0 -1.899414 1.230469 0.0 -0.5615234 2.480469 0.0 -0.4345703 3.466797 0.0 -0.7861328 4.511719 0.0 -0.7470703
0.748  0.0 0.0 -1.904297 1.230469 0.0 -0.5712891 2.485352 0.0 -0.4394531 3.466797 0.0 -0.7861328 4.511719 0.0 -0.7470703
0.7496  0.0 0.0 -1.90918 1.235352 0.0 -0.5761719 2.485352 0.0 -0.4394531 3.47168 0.0 -0.7861328 4.516602 0.0 -0.7421875
0.7512  0.0 0.0 -1.914063 1.240234 0.0 -0.5859375 2.485352 0.0 -0.4492188 3.476563 0.0 -0.7910156 4.521484 0.0 -0.7421875
0.7528  0.004882813 0.0 -1.914063 1.240234 0.0 -0.5957031 2.490234 0.0 -0.4541016 3.476563 0.0 -0.7910156 4.526367 0.0 -0.7421875
0.7544  0.004882813 0.0 -1.918945 1.245117 0.0 -0.6054688 2.490234 0.0 -0.4589844 3.481445 0.0 -0.7910156 4.53125 0.0 -0.7421875
0.756  0.004882813 0.0 -1.923828 1.25 0.0 -0.6152344 2.495117 0.0 -0.4638672 3.486328 0.0 -0.7910156 4.536133 0.0 -0.7421875
0.7576  0.004882813 0.0 -1.933594 1.254883 0.0 -0.6298828 2.495117 0.0 -0.4736328 3.491211 0.0 -0.7958984 4.541016 0.0 -0.7421875
0.7592  0.004882813 0.0 -1.938477 1.254883 0.0 -0.6396484 2.5 0.0 -0.4785156 3.496094 0.0 -0.7958984 4.545898 0.0 -0.7421875
0.7608  0.009765625 0.0 -1.943359 1.259766 0.0 -0.6542969 2.5 0.0 -0.4882813 3.500977 0.0 -0.8007813 4.555664 0.0 -0.7421875
0.7624  0.009765625 0.0 -1.953125 1.269531 0.0 -0.6689453 2.504883 0.0 -0.4980469 3.505859 0.0 -0.8007813 4.560547 0.0 -0.7421875
0.764  0.009765625 0.0 -1.958008 1.274414 0.0 -0.6835938 2.509766 0.0 -0.5078125 3.510742 0.0 -0.8056641 4.570313 0.0 -0.7421875
0.7656  0.01464844 0.0 -1.967773 1.279297 0.0 -0.703125 2.514648 0.0 -0.5175781 3.515625 0.0 -0.8105469 4.575195 0.0 -0.7421875
0.7672  0.01464844 0.0 -1.972656 1.28418 0.0 -0.7177734 2.519531 0.0 -0.5273438 3.525391 0.0 -0.8105469 4.584961 0.0 -0.7421875
0.7688  0.01464844 0.0 -1.982422 1.289063 0.0 -0.7373047 2.524414 0.0 -0.5419922 3.530273 0.0 -0.8154297 4.594727 0.0 -0.7421875
0.7704  0.01953125 0.0 -1.992188 1.298828 0.0 -0.7568359 2.529297 0.0 -0.5517578 3.535156 0.0 -0.8203125 4.599609 0.0 -0.7470703
0.772  0.01953125 0.0 -2.001953 1.303711 0.0 -0.7763672 2.53418 0.0 -0.5664063 3.544922 0.0 -0.8300781 4.609375 0.0 -0.7470703
0.7736  0.02441406 0.0 -2.011719 1.313477 0.0 -0.7958984 2.539063 0.0 -0.5810547 3.549805 0.0 -0.8349609 4.619141 0.0 -0.7519531
0.7752  0.02441406 0.0 -2.021484 1.323242 0.0 -0.8203125 2.543945 0.0 -0.5957031 3.55957 0.0 -0.8398438 4.628906 0.0 -0.7519531
0.7768  0.02929688 0.0 -2.036133 1.328125 0.0 -0.8398438 2.548828 0.0 -0.6103516 3.564453 0.0 -0.8447266 4.638672 0.0 -0.7568359
0.7784  0.02929688 0.0 -2.045898 1.337891 0.0 -0.8642578 2.558594 0.0 -0.625 3.574219 0.0 -0.8544922 4.65332 0.0 -0.7568359
0.78  0.03417969 0.0 -2.055664 1.347656 0.0 -0.8886719 2.563477 0.0 -0.6445313 3.583984 0.0 -0.8642578 4.663086 0.0 -0.7617188
0.7816  0.0390625 0.0 -2.070313 1.357422 0.0 -0.9130859 2.573242 0.0 -0.6591797 3.59375 0.0 -0.8691406 4.672852 0.0 -0.7666016
0.7832  0.0390625 0.0 -2.084961 1.367188 0.0 -0.9375 2.578125 0.0 -0.6787109 3.603516 0.0 -0.8789063 4.6875 0.0 -0.7714844
0.7848  0.04394531 0.0 -2.094727 1.376953 0.0 -0.9667969 2.587891 0.0 -0.6982422 3.613281 0.0 -0.8886719 4.697266 0.0 -0.7763672
0.7864  0.04882813 0.0 -2.109375 1.386719 0.0 -0.9912109 2.597656 0.0 -0.7177734 3.623047 0.0 -0.8984375 4.711914 0.0 -0.78125
0.788  0.04882813 0.0 -2.124023 1.396484 0.0 -1.015625 2.607422 0.0 -0.7373047 3.632813 0.0 -0.9082031 4.72168 0.0 -0.7861328
0.7896  0.05371094 0.0 -2.138672 1.40625 0.0 -1.044922 2.617188 0.0 -0.7568359 3.642578 0.0 -0.9179688 4.736328 0.0 -0.7910156
0.7912  0.05859375 0.0 -2.15332 1.420898 0.0 -1.074219 2.626953 0.0 -0.7763672 3.652344 0.0 -0.9277344 4.746094 0.0 -0.7958984
0.7928  0.06347656 0.0 -2.167969 1.430664 0.0 -1.098633 2.636719 0.0 -0.8007813 3.662109 0.0 -0.9375 4.760742 0.0 -0.8056641
0.7944  0.06835938 0.0 -2.1875 1.445313 0.0 -1.12793 2.646484 0.0 -0.8203125 3.671875 0.0 -0.9521484 4.775391 0.0 -0.8105469
0.796  0.06835938 0.0 -2.202148 1.455078 0.0 -1.157227 2.65625 0.0 -0.8447266 3.681641 0.0 -0.9619141 4.785156 0.0 -0.8203125
0.7976  0.07324219 0.0 -2.216797 1.464844 0.0 -1.186523 2.666016 0.0 -0.8691406 3.696289 0.0 -0.9716797 4.799805 0.0 -0.8251953
0.7992  0.078125 0.0 -2.236328 1.479492 0.0 -1.210938 2.675781 0.0 -0.8886719 3.706055 0.0 -0.9863281 4.814453 0.0 -0.8300781
0.8008  0.08300781 0.0 -2.250977 1.489258 0.0 -1.240234 2.685547 0.0 -0.9130859 3.71582 0.0 -0.9960938 4.824219 0.0 -0.8398438
0.8024  0.08789063 0.0 -2.270508 1.503906 0.0 -1.269531 2.695313 0.0 -0.9375 3.725586 0.0 -1.010742 4.838867 0.0 -0.8496094
0.804  0.09277344 0.0 -2.290039 1.518555 0.0 -1.298828 2.705078 0.0 -0.9619141 3.740234 0.0 -1.020508 4.848633 0.0 -0.8544922
0.8056  0.09765625 0.0 -2.304688 1.52832 0.0 -1.328125 2.714844 0.0 -0.9863281 3.75 0.0 -1.035156 4.863281 0.0 -0.8642578
0.8072  0.1025391 0.0 -2.324219 1.542969 0.0 -1.352539 2.724609 0.0 -1.010742 3.759766 0.0 -1.044922 4.873047 0.0 -0.8691406
0.8088  0.1074219 0.0 -2.34375 1.552734 0.0 -1.381836 2.739258 0.0 -1.035156 3.769531 0.0 -1.05957 4.887695 0.0 -0.8789063
0.8104  0.1123047 0.0 -2.358398 1.5625 0.0 -1.411133 2.749023 0.0 -1.05957 3.779297 0.0 -1.069336 4.897461 0.0 -0.8837891
0.812  0.1171875 0.0 -2.37793 1.577148 0.0 -1.435547 2.758789 0.0 -1.083984 3.789063 0.0 -1.083984 4.907227 0.0 -0.8935547
0.8136  0.1220703 0.0 -2.397461 1.586914 0.0 -1.464844 2.768555 0.0 -1.108398 3.798828 0.0 -1.098633 4.916992 0.0 -0.9033203
0.8152  0.1269531 0.0 -2.412109 1.59668 0.0 -1.489258 2.773438 0.0 -1.132813 3.808594 0.0 -1.108398 4.926758 0.0 -0.9082031
0.8168  0.1318359 0.0 -2.431641 1.611328 0.0 -1.513672 2.783203 0.0 -1.157227 3.813477 0.0 -1.123047 4.936523 0.0 -0.9179688
0.8184  0.1367188 0.0 -2.451172 1.621094 0.0 -1.542969 2.792969 0.0 -1.176758 3.823242 0.0 -1.132813 4.946289 0.0 -0.9228516
0.82  0.1416016 0.0 -2.46582 1.630859 0.0 -1.567383 2.802734 0.0 -1.201172 3.828125 0.0 -1.142578 4.951172 0.0 -0.9326172
0.8216  0.1464844 0.0 -2.485352 1.635742 0.0 -1.591797 2.807617 0.0 -1.225586 3.837891 0.0 -1.157227 4.960938 0.0 -0.9375
0.8232  0.1464844 0.0 -2.5 1.645508 0.0 -1.616211 2.817383 0.0 -1.245117 3.842773 0.0 -1.166992 4.96582 0.0 -0.9423828
0.8248  0.1513672 0.0 -2.519531 1.655273 0.0 -1.640625 2.822266 0.0 -1.269531 3.847656 0.0 -1.176758 4.970703 0.0 -0.9472656
0.8264  0.15625 0.0 -2.53418 1.660156 0.0 -1.660156 2.827148 0.0 -1.293945 3.852539 0.0 -1.191406 4.975586 0.0 -0.9570313
0.828  0.1611328 0.0 -2.553711 1.665039 0.0 -1.68457 2.832031 0.0 -1.313477 3.857422 0.0 -1.201172 4.980469 0.0 -0.9619141
0.8296  0.1660156 0.0 -2.568359 1.674805 0.0 -1.704102 2.836914 0.0 -1.333008 3.862305 0.0 -1.210938 4.985352 0.0 -0.9667969
0.8312  0.1708984 0.0 -2.583008 1.679688 0.0 -1.728516 2.841797 0.0 -1.352539 3.862305 0.0 -1.220703 4.985352 0.0 -0.9716797
0.8328  0.1708984 0.0 -2.602539 1.68457 0.0 -1.748047 2.84668 0.0 -1.376953 3.867188 0.0 -1.230469 4.990234 0.0 -0.9765625
0.8344  0.1757813 0.0 -2.617188 1.68457 0.0 -1.767578 2.851563 0.0 -1.396484 3.867188 0.0 -1.245117 4.990234 0.0 -0.9814453
0.836  0.1806641 0.0 -2.631836 1.689453 0.0 -1.787109 2.851563 0.0 -1.416016 3.867188 0.0 -1.254883 4.990234 0.0 -0.9863281
0.8376  0.1806641 0.0 -2.646484 1.694336 0.0 -1.806641 2.856445 0.0 -1.430664 3.87207 0.0 -1.264648 4.990234 0.0 -0.9912109
0.8392  0.1855469 0.0 -2.661133 1.694336 0.0 -1.826172 2.856445 0.0 -1.450195 3.87207 0.0 -1.274414 4.990234 0.0 -0.9960938
0.8408  0.1904297 0.0 -2.675781 1.694336 0.0 -1.845703 2.856445 0.0 -1.469727 3.867188 0.0 -1.279297 4.990234 0.0 -1.000977
0.8424  0.1904297 0.0 -2.69043 1.694336 0.0 -1.860352 2.856445 0.0 -1.484375 3.867188 0.0 -1.289063 4.990234 0.0 -1.005859
0.844  0.1953125 0.0 -2.700195 1.699219 0.0 -1.879883 2.856445 0.0 -1.503906 3.867188 0.0 -1.298828 4.990234 0.0 -1.010742
0.8456  0.1953125 0.0 -2.714844 1.694336 0.0 -1.894531 2.856445 0.0 -1.518555 3.867188 0.0 -1.308594 4.985352 0.0 -1.010742
0.8472  0.2001953 0.0 -2.729492 1.694336 0.0 -1.90918 2.856445 0.0 -1.533203 3.862305 0.0 -1.318359 4.985352 0.0 -1.015625
0.8488  0.2001953 0.0 -2.739258 1.694336 0.0 -1.923828 2.856445 0.0 -1.552734 3.857422 0.0 -1.328125 4.980469 0.0 -1.020508
0.8504  0.2050781 0.0 -2.753906 1.694336 0.0 -1.938477 2.856445 0.0 -1.567383 3.857422 0.0 -1.333008 4.975586 0.0 -1.025391
0.852  0.2050781 0.0 -2.763672 1.694336 0.0 -1.953125 2.856445 0.0 -1.582031 3.852539 0.0 -1.342773 4.975586 0.0 -1.030273
0.8536  0.2099609 0.0 -2.773438 1.689453 0.0 -1.967773 2.856445 0.0 -1.59668 3.852539 0.0 -1.352539 4.970703 0.0 -1.030273
0.8552  0.2099609 0.0 -2.783203 1.689453 0.0 -1.982422 2.851563 0.0 -1.611328 3.847656 0.0 -1.357422 4.96582 0.0 -1.035156
0.8568  0.2099609 0.0 -2.797852 1.68457 0.0 -1.99707 2.851563 0.0 -1.625977 3.842773 0.0 -1.367188 4.960938 0.0 -1.040039
0.8584  0.2099609 0.0 -2.807617 1.68457 0.0 -2.006836 2.851563 0.0 -1.635742 3.842773 0.0 -1.376953 4.960938 0.0 -1.044922
0.86  0.2148438 0.0 -2.817383 1.68457 0.0 -2.021484 2.84668 0.0 -1.650391 3.837891 0.0 -1.381836 4.956055 0.0 -1.049805
0.8616  0.2148438 0.0 -2.827148 1.679688 0.0 -2.03125 2.84668 0.0 -1.665039 3.833008 0.0 -1.391602 4.951172 0.0 -1.054688
0.8632  0.2148438 0.0 -2.836914 1.679688 0.0 -2.041016 2.84668 0.0 -1.674805 3.828125 0.0 -1.396484 4.946289 0.0 -1.05957
0.8648  0.2148438 0.0 -2.841797 1.674805 0.0 -2.055664 2.841797 0.0 -1.689453 3.828125 0.0 -1.40625 4.941406 0.0 -1.05957
0.8664  0.2197266 0.0 -2.851563 1.674805 0.0 -2.06543 2.841797 0.0 -1.699219 3.823242 0.0 -1.411133 4.941406 0.0 -1.064453
0.868  0.2197266 0.0 -2.861328 1.669922 0.0 -2.075195 2.841797 0.0 -1.713867 3.818359 0.0 -1.420898 4.936523 0.0 -1.069336
0.8696  0.2197266 0.0 -2.866211 1.669922 0.0 -2.084961 2.836914 0.0 -1.723633 3.818359 0.0 -1.425781 4.931641 0.0 -1.074219
0.8712  0.2197266 0.0 -2.875977 1.665039 0.0 -2.094727 2.836914 0.0 -1.738281 3.813477 0.0 -1.435547 4.926758 0.0 -1.079102
0.8728  0.2197266 0.0 -2.885742 1.665039 0.0 -2.104492 2.836914 0.0 -1.748047 3.813477 0.0 -1.44043 4.926758 0.0 -1.083984
0.8744  0.2197266 0.0 -2.890625 1.660156 0.0 -2.114258 2.836914 0.0 -1.757813 3.808594 0.0 -1.450195 4.921875 0.0 -1.088867
0.876  0.2246094 0.0 -2.895508 1.660156 0.0 -2.119141 2.832031 0.0 -1.767578 3.808594 0.0 -1.455078 4.916992 0.0 -1.09375
0.8776  0.2246094 0.0 -2.905273 1.660156 0.0 -2.128906 2.832031 0.0 -1.777344 3.803711 0.0 -1.459961 4.916992 0.0 -1.098633
0.8792  0.2246094 0.0 -2.910156 1.655273 0.0 -2.138672 2.832031 0.0 -1.787109 3.803711 0.0 -1.469727 4.912109 0.0 -1.103516
0.8808  0.2246094 0.0 -2.915039 1.655273 0.0 -2.143555 2.827148 0.0 -1.801758 3.803711 0.0 -1.474609 4.912109 0.0 -1.108398
0.8824  0.2246094 0.0 -2.919922 1.650391 0.0 -2.15332 2.827148 0.0 -1.811523 3.798828 0.0 -1.479492 4.907227 0.0 -1.118164
0.884  0.2246094 0.0 -2.929688 1.650391 0.0 -2.163086 2.827148 0.0 -1.816406 3.798828 0.0 -1.489258 4.902344 0.0 -1.123047
0.8856  0.2246094 0.0 -2.93457 1.650391 0.0 -2.167969 2.827148 0.0 -1.826172 3.793945 0.0 -1.494141 4.902344 0.0 -1.12793
0.8872  0.2246094 0.0 -2.939453 1.645508 0.0 -2.172852 2.822266 0.0 -1.835938 3.793945 0.0 -1.499023 4.897461 0.0 -1.132813
0.8888  0.2246094 0.0 -2.944336 1.645508 0.0 -2.182617 2.822266 0.0 -1.845703 3.793945 0.0 -1.503906 4.897461 0.0 -1.137695
0.8904  0.2246094 0.0 -2.949219 1.645508 0.0 -2.1875 2.822266 0.0 -1.855469 3.789063 0.0 -1.513672 4.892578 0.0 -1.142578
0.892  0.2197266 0.0 -2.949219 1.640625 0.0 -2.192383 2.822266 0.0 -1.860352 3.789063 0.0 -1.518555 4.892578 0.0 -1.147461
0.8936  0.2197266 0.0 -2.954102 1.640625 0.0 -2.202148 2.817383 0.0 -1.870117 3.789063 0.0 -1.523438 4.887695 0.0 -1.152344
0.8952  0.2197266 0.0 -2.958984 1.635742 0.0 -2.207031 2.817383 0.0 -1.879883 3.78418 0.0 -1.52832 4.882813 0.0 -1.157227
0.8968  0.2197266 0.0 -2.963867 1.635742 0.0 -2.211914 2.817383 0.0 -1.884766 3.78418 0.0 -1.533203 4.882813 0.0 -1.162109
0.8984  0.2197266 0.0 -2.96875 1.635742 0.0 -2.216797 2.817383 0.0 -1.894531 3.78418 0.0 -1.542969 4.87793 0.0 -1.166992
0.9  0.2197266 0.0 -2.96875 1.630859 0.0 -2.22168 2.8125 0.0 -1.899414 3.779297 0.0 -1.547852 4.87793 0.0 -1.171875
0.9016  0.2197266 0.0 -2.973633 1.630859 0.0 -2.226563 2.8125 0.0 -1.90918 3.779297 0.0 -1.552734 4.873047 0.0 -1.176758
0.9032  0.2148438 0.0 -2.978516 1.625977 0.0 -2.231445 2.8125 0.0 -1.914063 3.774414 0.0 -1.557617 4.873047 0.0 -1.181641
0.9048  0.2148438 0.0 -2.978516 1.625977 0.0 -2.236328 2.807617 0.0 -1.918945 3.774414 0.0 -1.5625 4.868164 0.0 -1.186523
0.9064  0.2148438 0.0 -2.983398 1.625977 0.0 -2.241211 2.807617 0.0 -1.928711 3.774414 0.0 -1.567383 4.868164 0.0 -1.191406
0.908  0.2148438 0.0 -2.983398 1.621094 0.0 -2.246094 2.807617 0.0 -1.933594 3.769531 0.0 -1.572266 4.868164 0.0 -1.196289
0.9096  0.2148438 0.0 -2.988281 1.621094 0.0 -2.250977 2.807617 0.0 -1.938477 3.769531 0.0 -1.577148 4.863281 0.0 -1.201172
0.9112  0.2148438 0.0 -2.988281 1.616211 0.0 -2.255859 2.807617 0.0 -1.943359 3.769531 0.0 -1.582031 4.863281 0.0 -1.206055
0.9128  0.2148438 0.0 -2.993164 1.616211 0.0 -2.255859 2.802734 0.0 -1.948242 3.764648 0.0 -1.586914 4.858398 0.0 -1.206055
0.9144  0.2099609 0.0 -2.993164 1.616211 0.0 -2.260742 2.802734 0.0 -1.953125 3.764648 0.0 -1.591797 4.858398 0.0 -1.210938
0.916  0.2099609 0.0 -2.998047 1.611328 0.0 -2.265625 2.802734 0.0 -1.958008 3.764648 0.0 -1.59668 4.858398 0.0 -1.21582
0.9176  0.2099609 0.0 -2.998047 1.611328 0.0 -2.265625 2.802734 0.0 -1.962891 3.764648 0.0 -1.601563 4.853516 0.0 -1.220703
0.9192  0.2099609 0.0 -2.998047 1.611328 0.0 -2.270508 2.802734 0.0 -1.967773 3.759766 0.0 -1.606445 4.853516 0.0 -1.225586
0.9208  0.2099609 0.0 -3.00293 1.611328 0.0 -2.275391 2.797852 0.0 -1.972656 3.759766 0.0 -1.611328 4.853516 0.0 -1.225586
0.9224  0.2099609 0.0 -3.00293 1.606445 0.0 -2.275391 2.797852 0.0 -1.977539 3.759766 0.0 -1.611328 4.853516 0.0 -1.230469
0.924  0.2099609 0.0 -3.00293 1.606445 0.0 -2.280273 2.797852 0.0 -1.982422 3.759766 0.0 -1.616211 4.853516 0.0 -1.235352
0.9256  0.2099609 0.0 -3.007813 1.606445 0.0 -2.280273 2.797852 0.0 -1.982422 3.759766 0.0 -1.621094 4.848633 0.0 -1.235352
0.9272  0.2099609 0.0 -3.007813 1.606445 0.0 -2.280273 2.797852 0.0 -1.987305 3.759766 0.0 -1.621094 4.848633 0.0 -1.240234
0.9288  0.2099609 0.0 -3.007813 1.606445 0.0 -2.285156 2.797852 0.0 -1.992188 3.759766 0.0 -1.625977 4.848633 0.0 -1.240234
0.9304  0.2099609 0.0 -3.007813 1.606445 0.0 -2.285156 2.797852 0.0 -1.992188 3.759766 0.0 -1.625977 4.848633 0.0 -1.245117
0.932  0.2099609 0.0 -3.007813 1.606445 0.0 -2.285156 2.797852 0.0 -1.99707 3.759766 0.0 -1.625977 4.848633 0.0 -1.245117
0.9336  0.2099609 0.0 -3.012695 1.606445 0.0 -2.290039 2.797852 0.0 -1.99707 3.759766 0.0 -1.630859 4.848633 0.0 -1.25
0.9352  0.2099609 0.0 -3.012695 1.606445 0.0 -2.290039 2.797852 0.0 -2.001953 3.759766 0.0 -1.630859 4.848633 0.0 -1.25
0.9368  0.2099609 0.0 -3.012695 1.606445 0.0 -2.290039 2.797852 0.0 -2.001953 3.759766 0.0 -1.630859 4.848633 0.0 -1.25
0.9384  0.2099609 0.0 -3.012695 1.606445 0.0 -2.290039 2.797852 0.0 -2.006836 3.759766 0.0 -1.630859 4.848633 0.0 -1.254883
0.94  0.2148438 0.0 -3.012695 1.606445 0.0 -2.290039 2.802734 0.0 -2.006836 3.764648 0.0 -1.630859 4.848633 0.0 -1.254883
0.9416  0.2148438 0.0 -3.012695 1.606445 0.0 -2.290039 2.802734 0.0 -2.006836 3.764648 0.0 -1.635742 4.848633 0.0 -1.254883
0.9432  0.2148438 0.0 -3.012695 1.606445 0.0 -2.290039 2.802734 0.0 -2.011719 3.764648 0.0 -1.635742 4.853516 0.0 -1.259766
0.9448  0.2148438 0.0 -3.012695 1.606445 0.0 -2.290039 2.802734 0.0 -2.011719 3.764648 0.0 -1.635742 4.853516 0.0 -1.259766
0.9464  0.2148438 0.0 -3.012695 1.606445 0.0 -2.290039 2.802734 0.0 -2.011719 3.764648 0.0 -1.635742 4.853516 0.0 -1.259766
0.948  0.2148438 0.0 -3.012695 1.606445 0.0 -2.290039 2.802734 0.0 -2.011719 3.769531 0.0 -1.635742 4.853516 0.0 -1.259766
0.9496  0.2148438 0.0 -3.012695 1.606445 0.0 -2.290039 2.802734 0.0 -2.011719 3.769531 0.0 -1.635742 4.853516 0.0 -1.259766
0.9512  0.2148438 0.0 -3.012695 1.611328 0.0 -2.290039 2.807617 0.0 -2.016602 3.769531 0.0 -1.630859 4.853516 0.0 -1.264648
0.9528  0.2148438 0.0 -3.012695 1.611328 0.0 -2.290039 2.807617 0.0 -2.016602 3.769531 0.0 -1.630859 4.858398 0.0 -1.264648
0.9544  0.2197266 0.0 -3.012695 1.611328 0.0 -2.290039 2.807617 0.0 -2.016602 3.769531 0.0 -1.630859 4.858398 0.0 -1.264648
0.956  0.2197266 0.0 -3.007813 1.611328 0.0 -2.290039 2.807617 0.0 -2.016602 3.774414 0.0 -1.630859 4.858398 0.0 -1.264648
0.9576  0.2197266 0.0 -3.007813 1.611328 0.0 -2.285156 2.807617 0.0 -2.016602 3.774414 0.0 -1.630859 4.858398 0.0 -1.264648
0.9592  0.2197266 0.0 -3.007813 1.611328 0.0 -2.285156 2.807617 0.0 -2.016602 3.774414 0.0 -1.630859 4.858398 0.0 -1.269531
0.9608  0.2197266 0.0 -3.007813 1.611328 0.0 -2.285156 2.807617 0.0 -2.016602 3.774414 0.0 -1.630859 4.863281 0.0 -1.269531
0.9624  0.2197266 0.0 -3.007813 1.611328 0.0 -2.285156 2.807617 0.0 -2.016602 3.774414 0.0 -1.625977 4.863281 0.0 -1.269531
0.964  0.2197266 0.0 -3.00293 1.611328 0.0 -2.280273 2.807617 0.0 -2.011719 3.779297 0.0 -1.625977 4.863281 0.0 -1.269531
0.9656  0.2197266 0.0 -3.00293 1.611328 0.0 -2.280273 2.8125 0.0 -2.011719 3.779297 0.0 -1.625977 4.863281 0.0 -1.269531
0.9672  0.2197266 0.0 -3.00293 1.611328 0.0 -2.280273 2.8125 0.0 -2.011719 3.779297 0.0 -1.625977 4.868164 0.0 -1.274414
0.9688  0.2197266 0.0 -3.00293 1.611328 0.0 -2.275391 2.8125 0.0 -2.011719 3.779297 0.0 -1.625977 4.868164 0.0 -1.274414
0.9704  0.2197266 0.0 -2.998047 1.616211 0.0 -2.275391 2.8125 0.0 -2.011719 3.779297 0.0 -1.625977 4.868164 0.0 -1.274414
0.972  0.2197266 0.0 -2.998047 1.616211 0.0 -2.270508 2.8125 0.0 -2.011719 3.779297 0.0 -1.621094 4.868164 0.0 -1.274414
0.9736  0.2197266 0.0 -2.998047 1.616211 0.0 -2.270508 2.8125 0.0 -2.006836 3.779297 0.0 -1.621094 4.873047 0.0 -1.274414
0.9752  0.2197266 0.0 -2.993164 1.616211 0.0 -2.270508 2.8125 0.0 -2.006836 3.779297 0.0 -1.621094 4.873047 0.0 -1.279297
0.9768  0.2197266 0.0 -2.993164 1.616211 0.0 -2.265625 2.8125 0.0 -2.006836 3.779297 0.0 -1.621094 4.873047 0.0 -1.279297
0.9784  0.2197266 0.0 -2.993164 1.616211 0.0 -2.265625 2.8125 0.0 -2.006836 3.78418 0.0 -1.621094 4.87793 0.0 -1.279297
0.98  0.2197266 0.0 -2.988281 1.616211 0.0 -2.260742 2.8125 0.0 -2.001953 3.78418 0.0 -1.616211 4.87793 0.0 -1.279297
0.9816  0.2197266 0.0 -2.988281 1.616211 0.0 -2.260742 2.817383 0.0 -2.001953 3.78418 0.0 -1.616211 4.87793 0.0 -1.28418
0.9832  0.2197266 0.0 -2.983398 1.616211 0.0 -2.255859 2.817383 0.0 -2.001953 3.78418 0.0 -1.616211 4.87793 0.0 -1.28418
0.9848  0.2197266 0.0 -2.983398 1.616211 0.0 -2.250977 2.817383 0.0 -1.99707 3.78418 0.0 -1.616211 4.882813 0.0 -1.28418
0.9864  0.2197266 0.0 -2.983398 1.616211 0.0 -2.250977 2.817383 0.0 -1.99707 3.78418 0.0 -1.616211 4.882813 0.0 -1.28418
0.988  0.2197266 0.0 -2.978516 1.621094 0.0 -2.246094 2.817383 0.0 -1.99707 3.78418 0.0 -1.611328 4.882813 0.0 -1.28418
0.9896  0.2197266 0.0 -2.978516 1.621094 0.0 -2.241211 2.817383 0.0 -1.992188 3.78418 0.0 -1.611328 4.887695 0.0 -1.289063
0.9912  0.2197266 0.0 -2.973633 1.621094 0.0 -2.241211 2.817383 0.0 -1.992188 3.78418 0.0 -1.611328 4.887695 0.0 -1.289063
0.9928  0.2197266 0.0 -2.973633 1.621094 0.0 -2.236328 2.817383 0.0 -1.987305 3.78418 0.0 -1.611328 4.887695 0.0 -1.289063
0.9944  0.2197266 0.0 -2.96875 1.621094 0.0 -2.231445 2.817383 0.0 -1.987305 3.78418 0.0 -1.606445 4.892578 0.0 -1.289063
0.996  0.2197266 0.0 -2.963867 1.621094 0.0 -2.226563 2.817383 0.0 -1.982422 3.789063 0.0 -1.606445 4.892578 0.0 -1.289063
0.9976  0.2197266 0.0 -2.963867 1.621094 0.0 -2.22168 2.822266 0.0 -1.982422 3.789063 0.0 -1.606445 4.892578 0.0 -1.289063
0.9992  0.2246094 0.0 -2.958984 1.621094 0.0 -2.22168 2.822266 0.0 -1.977539 3.789063 0.0 -1.601563 4.897461 0.0 -1.293945
1.0008  0.2246094 0.0 -2.958984 1.621094 0.0 -2.216797 2.822266 0.0 -1.972656 3.789063 0.0 -1.601563 4.897461 0.0 -1.293945
1.0024  0.2246094 0.0 -2.954102 1.625977 0.0 -2.211914 2.822266 0.0 -1.972656 3.789063 0.0 -1.601563 4.897461 0.0 -1.293945
1.004  0.2246094 0.0 -2.949219 1.625977 0.0 -2.207031 2.822266 0.0 -1.967773 3.789063 0.0 -1.59668 4.902344 0.0 -1.293945
1.0056  0.2246094 0.0 -2.949219 1.625977 0.0 -2.202148 2.822266 0.0 -1.962891 3.789063 0.0 -1.59668 4.902344 0.0 -1.293945
1.0072  0.2246094 0.0 -2.944336 1.625977 0.0 -2.197266 2.822266 0.0 -1.962891 3.789063 0.0 -1.591797 4.902344 0.0 -1.293945
1.0088  0.2246094 0.0 -2.939453 1.625977 0.0 -2.1875 2.822266 0.0 -1.958008 3.789063 0.0 -1.591797 4.907227 0.0 -1.293945
1.0104  0.2246094 0.0 -2.93457 1.625977 0.0 -2.182617 2.822266 0.0 -1.953125 3.789063 0.0 -1.591797 4.907227 0.0 -1.293945
1.012  0.2246094 0.0 -2.929688 1.625977 0.0 -2.177734 2.822266 0.0 -1.948242 3.789063 0.0 -1.586914 4.907227 0.0 -1.293945
1.0136  0.2246094 0.0 -2.929688 1.625977 0.0 -2.172852 2.822266 0.0 -1.943359 3.789063 0.0 -1.582031 4.912109 0.0 -1.293945
1.0152  0.2246094 0.0 -2.924805 1.625977 0.0 -2.167969 2.822266 0.0 -1.943359 3.789063 0.0 -1.582031 4.912109 0.0 -1.293945
1.0168  0.2246094 0.0 -2.919922 1.625977 0.0 -2.158203 2.822266 0.0 -1.938477 3.789063 0.0 -1.577148 4.912109 0.0 -1.293945
1.0184  0.2246094 0.0 -2.915039 1.625977 0.0 -2.15332 2.822266 0.0 -1.933594 3.789063 0.0 -1.577148 4.912109 0.0 -1.293945
1.02  0.2246094 0.0 -2.910156 1.625977 0.0 -2.148438 2.822266 0.0 -1.928711 3.789063 0.0 -1.572266 4.916992 0.0 -1.293945
1.0216  0.2246094 0.0 -2.905273 1.625977 0.0 -2.138672 2.822266 0.0 -1.923828 3.789063 0.0 -1.567383 4.916992 0.0 -1.293945
1.0232  0.2246094 0.0 -2.900391 1.621094 0.0 -2.133789 2.822266 0.0 -1.918945 3.789063 0.0 -1.567383 4.916992 0.0 -1.293945
1.0248  0.2246094 0.0 -2.895508 1.621094 0.0 -2.128906 2.822266 0.0 -1.914063 3.789063 0.0 -1.5625 4.921875 0.0 -1.293945
1.0264  0.2246094 0.0 -2.890625 1.621094 0.0 -2.119141 2.822266 0.0 -1.90918 3.789063 0.0 -1.557617 4.921875 0.0 -1.293945
1.028  0.2246094 0.0 -2.885742 1.621094 0.0 -2.114258 2.822266 0.0 -1.904297 3.793945 0.0 -1.552734 4.921875 0.0 -1.293945
1.0296  0.2197266 0.0 -2.880859 1.621094 0.0 -2.104492 2.822266 0.0 -1.899414 3.793945 0.0 -1.552734 4.921875 0.0 -1.293945
1.0312  0.2197266 0.0 -2.875977 1.621094 0.0 -2.099609 2.822266 0.0 -1.894531 3.793945 0.0 -1.547852 4.926758 0.0 -1.293945
1.0328  0.2197266 0.0 -2.871094 1.621094 0.0 -2.089844 2.822266 0.0 -1.884766 3.793945 0.0 -1.542969 4.926758 0.0 -1.289063
1.0344  0.2197266 0.0 -2.866211 1.621094 0.0 -2.084961 2.817383 0.0 -1.879883 3.793945 0.0 -1.538086 4.926758 0.0 -1.289063
1.036  0.2197266 0.0 -2.861328 1.621094 0.0 -2.075195 2.817383 0.0 -1.875 3.793945 0.0 -1.533203 4.926758 0.0 -1.289063
1.0376  0.2197266 0.0 -2.856445 1.616211 0.0 -2.070313 2.817383 0.0 -1.870117 3.793945 0.0 -1.52832 4.926758 0.0 -1.289063
1.0392  0.2197266 0.0 -2.851563 1.616211 0.0 -2.060547 2.817383 0.0 -1.865234 3.793945 0.0 -1.523438 4.931641 0.0 -1.289063
1.0408  0.2197266 0.0 -2.84668 1.616211 0.0 -2.055664 2.817383 0.0 -1.860352 3.793945 0.0 -1.523438 4.931641 0.0 -1.289063
1.0424  0.2197266 0.0 -2.841797 1.616211 0.0 -2.045898 2.817383 0.0 -1.850586 3.798828 0.0 -1.518555 4.931641 0.0 -1.28418
1.044  0.2197266 0.0 -2.836914 1.616211 0.0 -2.041016 2.8125 0.0 -1.845703 3.798828 0.0 -1.513672 4.931641 0.0 -1.28418
1.0456  0.2197266 0.0 -2.832031 1.616211 0.0 -2.03125 2.8125 0.0 -1.84082 3.798828 0.0 -1.508789 4.931641 0.0 -1.28418
1.0472  0.2197266 0.0 -2.822266 1.611328 0.0 -2.026367 2.8125 0.0 -1.831055 3.798828 0.0 -1.503906 4.931641 0.0 -1.28418
1.0488  0.2148438 0.0 -2.817383 1.611328 0.0 -2.016602 2.8125 0.0 -1.826172 3.798828 0.0 -1.499023 4.936523 0.0 -1.28418
1.0504  0.2148438 0.0 -2.8125 1.611328 0.0 -2.011719 2.8125 0.0 -1.821289 3.798828 0.0 -1.494141 4.936523 0.0 -1.279297
1.052  0.2148438 0.0 -2.807617 1.611328 0.0 -2.001953 2.807617 0.0 -1.816406 3.798828 0.0 -1.489258 4.936523 0.0 -1.279297
1.0536  0.2148438 0.0 -2.802734 1.611328 0.0 -1.99707 2.807617 0.0 -1.806641 3.798828 0.0 -1.484375 4.936523 0.0 -1.279297
1.0552  0.2148438 0.0 -2.797852 1.606445 0.0 -1.987305 2.807617 0.0 -1.801758 3.798828 0.0 -1.479492 4.936523 0.0 -1.279297
1.0568  0.2148438 0.0 -2.792969 1.606445 0.0 -1.982422 2.807617 0.0 -1.796875 3.798828 0.0 -1.474609 4.936523 0.0 -1.279297
1.0584  0.2099609 0.0 -2.783203 1.606445 0.0 -1.972656 2.802734 0.0 -1.787109 3.798828 0.0 -1.469727 4.936523 0.0 -1.274414
1.06  0.2099609 0.0 -2.77832 1.606445 0.0 -1.967773 2.802734 0.0 -1.782227 3.798828 0.0 -1.464844 4.936523 0.0 -1.274414
1.0616  0.2099609 0.0 -2.773438 1.601563 0.0 -1.958008 2.802734 0.0 -1.772461 3.798828 0.0 -1.459961 4.936523 0.0 -1.274414
1.0632  0.2099609 0.0 -2.768555 1.601563 0.0 -1.953125 2.797852 0.0 -1.767578 3.798828 0.0 -1.455078 4.936523 0.0 -1.274414
1.0648  0.2050781 0.0 -2.763672 1.601563 0.0 -1.943359 2.797852 0.0 -1.762695 3.798828 0.0 -1.455078 4.936523 0.0 -1.274414
1.0664  0.2050781 0.0 -2.758789 1.601563 0.0 -1.938477 2.797852 0.0 -1.75293 3.798828 0.0 -1.450195 4.936523 0.0 -1.274414
1.068  0.2050781 0.0 -2.749023 1.59668 0.0 -1.933594 2.792969 0.0 -1.748047 3.798828 0.0 -1.445313 4.936523 0.0 -1.269531
1.0696  0.2050781 0.0 -2.744141 1.59668 0.0 -1.923828 2.792969 0.0 -1.738281 3.798828 0.0 -1.44043 4.936523 0.0 -1.269531
1.0712  0.2001953 0.0 -2.739258 1.59668 0.0 -1.918945 2.792969 0.0 -1.733398 3.798828 0.0 -1.435547 4.936523 0.0 -1.269531
1.0728  0.2001953 0.0 -2.734375 1.591797 0.0 -1.90918 2.788086 0.0 -1.728516 3.798828 0.0 -1.430664 4.936523 0.0 -1.269531
1.0744  0.2001953 0.0 -2.729492 1.591797 0.0 -1.904297 2.788086 0.0 -1.71875 3.798828 0.0 -1.425781 4.936523 0.0 -1.269531
1.076  0.1953125 0.0 -2.719727 1.591797 0.0 -1.894531 2.788086 0.0 -1.713867 3.798828 0.0 -1.420898 4.936523 0.0 -1.264648
1.0776  0.1953125 0.0 -2.714844 1.586914 0.0 -1.889648 2.783203 0.0 -1.704102 3.798828 0.0 -1.420898 4.936523 0.0 -1.264648
1.0792  0.1953125 0.0 -2.709961 1.586914 0.0 -1.884766 2.783203 0.0 -1.699219 3.798828 0.0 -1.416016 4.936523 0.0 -1.264648
1.0808  0.1904297 0.0 -2.705078 1.586914 0.0 -1.875 2.77832 0.0 -1.694336 3.798828 0.0 -1.411133 4.936523 0.0 -1.264648
1.0824  0.1904297 0.0 -2.700195 1.582031 0.0 -1.870117 2.77832 0.0 -1.68457 3.798828 0.0 -1.40625 4.936523 0.0 -1.264648
1.084  0.1855469 0.0 -2.695313 1.582031 0.0 -1.860352 2.77832 0.0 -1.679688 3.793945 0.0 -1.401367 4.936523 0.0 -1.259766
1.0856  0.1855469 0.0 -2.685547 1.582031 0.0 -1.855469 2.773438 0.0 -1.674805 3.793945 0.0 -1.396484 4.936523 0.0 -1.259766
1.0872  0.1855469 0.0 -2.680664 1.577148 0.0 -1.850586 2.773438 0.0 -1.665039 3.793945 0.0 -1.396484 4.936523 0.0 -1.259766
1.0888  0.1806641 0.0 -2.675781 1.577148 0.0 -1.84082 2.773438 0.0 -1.660156 3.793945 0.0 -1.391602 4.936523 0.0 -1.259766
1.0904  0.1806641 0.0 -2.670898 1.577148 0.0 -1.835938 2.768555 0.0 -1.655273 3.793945 0.0 -1.386719 4.936523 0.0 -1.259766
1.092  0.1757813 0.0 -2.666016 1.572266 0.0 -1.831055 2.768555 0.0 -1.645508 3.793945 0.0 -1.381836 4.936523 0.0 -1.259766
1.0936  0.1757813 0.0 -2.65625 1.572266 0.0 -1.821289 2.768555 0.0 -1.640625 3.793945 0.0 -1.376953 4.936523 0.0 -1.254883
1.0952  0.1708984 0.0 -2.651367 1.567383 0.0 -1.816406 2.763672 0.0 -1.635742 3.793945 0.0 -1.376953 4.936523 0.0 -1.254883
1.0968  0.1708984 0.0 -2.646484 1.567383 0.0 -1.811523 2.763672 0.0 -1.630859 3.793945 0.0 -1.37207 4.936523 0.0 -1.254883
1.0984  0.1660156 0.0 -2.641602 1.567383 0.0 -1.801758 2.763672 0.0 -1.621094 3.789063 0.0 -1.367188 4.936523 0.0 -1.254883
1.1  0.1660156 0.0 -2.631836 1.5625 0.0 -1.796875 2.758789 0.0 -1.616211 3.789063 0.0 -1.367188 4.936523 0.0 -1.254883
1.1016  0.1660156 0.0 -2.626953 1.5625 0.0 -1.791992 2.758789 0.0 -1.611328 3.789063 0.0 -1.362305 4.936523 0.0 -1.254883
1.1032  0.1611328 0.0 -2.62207 1.5625 0.0 -1.787109 2.758789 0.0 -1.606445 3.789063 0.0 -1.357422 4.931641 0.0 -1.254883
1.1048  0.15625 0.0 -2.617188 1.557617 0.0 -1.777344 2.753906 0.0 -1.601563 3.789063 0.0 -1.357422 4.931641 0.0 -1.254883
1.1064  0.15625 0.0 -2.612305 1.557617 0.0 -1.772461 2.753906 0.0 -1.59668 3.789063 0.0 -1.352539 4.931641 0.0 -1.25
1.108  0.1513672 0.0 -2.602539 1.557617 0.0 -1.767578 2.753906 0.0 -1.586914 3.789063 0.0 -1.352539 4.931641 0.0 -1.25
1.1096  0.1513672 0.0 -2.597656 1.552734 0.0 -1.762695 2.749023 0.0 -1.582031 3.789063 0.0 -1.347656 4.931641 0.0 -1.25
1.1112  0.1464844 0.0 -2.592773 1.552734 0.0 -1.757813 2.749023 0.0 -1.577148 3.78418 0.0 -1.347656 4.931641 0.0 -1.25
1.1128  0.1464844 0.0 -2.587891 1.552734 0.0 -1.75293 2.749023 0.0 -1.572266 3.78418 0.0 -1.342773 4.931641 0.0 -1.25
1.1144  0.1416016 0.0 -2.578125 1.547852 0.0 -1.743164 2.749023 0.0 -1.567383 3.78418 0.0 -1.342773 4.931641 0.0 -1.25
1.116  0.1416016 0.0 -2.573242 1.547852 0.0 -1.738281 2.744141 0.0 -1.5625 3.78418 0.0 -1.337891 4.931641 0.0 -1.25
1.1176  0.1367188 0.0 -2.568359 1.547852 0.0 -1.733398 2.744141 0.0 -1.557617 3.78418 0.0 -1.337891 4.931641 0.0 -1.25
1.1192  0.1367188 0.0 -2.563477 1.542969 0.0 -1.728516 2.744141 0.0 -1.552734 3.78418 0.0 -1.333008 4.931641 0.0 -1.25
1.1208  0.1318359 0.0 -2.553711 1.542969 0.0 -1.723633 2.744141 0.0 -1.552734 3.78418 0.0 -1.333008 4.931641 0.0 -1.25
1.1224  0.1318359 0.0 -2.548828 1.542969 0.0 -1.71875 2.744141 0.0 -1.547852 3.78418 0.0 -1.333008 4.931641 0.0 -1.25
1.124  0.1269531 0.0 -2.543945 1.542969 0.0 -1.71875 2.739258 0.0 -1.542969 3.78418 0.0 -1.328125 4.931641 0.0 -1.25
1.1256  0.1269531 0.0 -2.539063 1.538086 0.0 -1.713867 2.739258 0.0 -1.538086 3.78418 0.0 -1.328125 4.931641 0.0 -1.25
1.1272  0.1220703 0.0 -2.529297 1.538086 0.0 -1.708984 2.739258 0.0 -1.533203 3.78418 0.0 -1.328125 4.931641 0.0 -1.25
1.1288  0.1220703 0.0 -2.524414 1.538086 0.0 -1.704102 2.739258 0.0 -1.52832 3.78418 0.0 -1.323242 4.931641 0.0 -1.25
1.1304  0.1220703 0.0 -2.519531 1.538086 0.0 -1.699219 2.739258 0.0 -1.52832 3.78418 0.0 -1.323242 4.931641 0.0 -1.25
1.132  0.1171875 0.0 -2.514648 1.538086 0.0 -1.694336 2.739258 0.0 -1.523438 3.78418 0.0 -1.323242 4.931641 0.0 -1.25
1.1336  0.1171875 0.0 -2.504883 1.538086 0.0 -1.689453 2.739258 0.0 -1.518555 3.78418 0.0 -1.323242 4.936523 0.0 -1.25
1.1352  0.1123047 0.0 -2.5 1.538086 0.0 -1.68457 2.739258 0.0 -1.513672 3.78418 0.0 -1.318359 4.936523 0.0 -1.25
1.1368  0.1123047 0.0 -2.495117 1.533203 0.0 -1.68457 2.734375 0.0 -1.513672 3.78418 0.0 -1.318359 4.936523 0.0 -1.25
1.1384  0.1074219 0.0 -2.485352 1.533203 0.0 -1.679688 2.734375 0.0 -1.508789 3.78418 0.0 -1.318359 4.936523 0.0 -1.245117
1.14  0.1074219 0.0 -2.480469 1.533203 0.0 -1.674805 2.734375 0.0 -1.503906 3.78418 0.0 -1.318359 4.936523 0.0 -1.245117
1.1416  0.1074219 0.0 -2.475586 1.533203 0.0 -1.669922 2.734375 0.0 -1.503906 3.78418 0.0 -1.318359 4.936523 0.0 -1.245117
1.1432  0.1025391 0.0 -2.470703 1.533203 0.0 -1.665039 2.734375 0.0 -1.499023 3.78418 0.0 -1.313477 4.936523 0.0 -1.245117
1.1448  0.1025391 0.0 -2.460938 1.533203 0.0 -1.660156 2.734375 0.0 -1.499023 3.78418 0.0 -1.313477 4.936523 0.0 -1.245117
1.1464  0.09765625 0.0 -2.456055 1.533203 0.0 -1.660156 2.734375 0.0 -1.494141 3.78418 0.0 -1.313477 4.936523 0.0 -1.245117
1.148  0.09765625 0.0 -2.451172 1.533203 0.0 -1.655273 2.734375 0.0 -1.489258 3.78418 0.0 -1.313477 4.941406 0.0 -1.245117
1.1496  0.09277344 0.0 -2.441406 1.533203 0.0 -1.650391 2.734375 0.0 -1.489258 3.78418 0.0 -1.308594 4.941406 0.0 -1.245117
1.1512  0.09277344 0.0 -2.436523 1.52832 0.0 -1.645508 2.734375 0.0 -1.484375 3.78418 0.0 -1.308594 4.941406 0.0 -1.245117
1.1528  0.08789063 0.0 -2.431641 1.52832 0.0 -1.640625 2.734375 0.0 -1.484375 3.78418 0.0 -1.308594 4.941406 0.0 -1.245117
1.1544  0.08789063 0.0 -2.421875 1.52832 0.0 -1.640625 2.734375 0.0 -1.479492 3.78418 0.0 -1.308594 4.941406 0.0 -1.245117
1.156  0.08300781 0.0 -2.416992 1.52832 0.0 -1.635742 2.734375 0.0 -1.479492 3.78418 0.0 -1.308594 4.941406 0.0 -1.245117
1.1576  0.08300781 0.0 -2.407227 1.52832 0.0 -1.630859 2.734375 0.0 -1.474609 3.78418 0.0 -1.303711 4.941406 0.0 -1.245117
1.1592  0.078125 0.0 -2.402344 1.52832 0.0 -1.625977 2.734375 0.0 -1.474609 3.789063 0.0 -1.303711 4.941406 0.0 -1.245117
1.1608  0.078125 0.0 -2.397461 1.52832 0.0 -1.621094 2.734375 0.0 -1.469727 3.789063 0.0 -1.303711 4.941406 0.0 -1.245117
1.1624  0.07324219 0.0 -2.387695 1.52832 0.0 -1.621094 2.729492 0.0 -1.469727 3.789063 0.0 -1.303711 4.941406 0.0 -1.245117
1.164  0.07324219 0.0 -2.382813 1.523438 0.0 -1.616211 2.729492 0.0 -1.469727 3.789063 0.0 -1.303711 4.941406 0.0 -1.245117
1.1656  0.06835938 0.0 -2.37793 1.523438 0.0 -1.611328 2.729492 0.0 -1.464844 3.789063 0.0 -1.298828 4.941406 0.0 -1.245117
1.1672  0.06835938 0.0 -2.368164 1.523438 0.0 -1.606445 2.729492 0.0 -1.464844 3.789063 0.0 -1.298828 4.941406 0.0 -1.245117
1.1688  0.06347656 0.0 -2.363281 1.523438 0.0 -1.606445 2.729492 0.0 -1.459961 3.789063 0.0 -1.298828 4.941406 0.0 -1.245117
1.1704  0.06347656 0.0 -2.353516 1.523438 0.0 -1.601563 2.729492 0.0 -1.459961 3.789063 0.0 -1.298828 4.941406 0.0 -1.245117
1.172  0.05859375 0.0 -2.348633 1.523438 0.0 -1.59668 2.729492 0.0 -1.459961 3.789063 0.0 -1.293945 4.941406 0.0 -1.245117
1.1736  0.05859375 0.0 -2.338867 1.523438 0.0 -1.591797 2.729492 0.0 -1.455078 3.789063 0.0 -1.293945 4.941406 0.0 -1.245117
1.1752  0.05371094 0.0 -2.333984 1.523438 0.0 -1.591797 2.729492 0.0 -1.455078 3.789063 0.0 -1.293945 4.941406 0.0 -1.245117
1.1768  0.05371094 0.0 -2.329102 1.518555 0.0 -1.586914 2.729492 0.0 -1.455078 3.789063 0.0 -1.293945 4.941406 0.0 -1.245117
1.1784  0.04882813 0.0 -2.319336 1.518555 0.0 -1.582031 2.729492 0.0 -1.455078 3.789063 0.0 -1.293945 4.941406 0.0 -1.245117
1.18  0.04882813 0.0 -2.314453 1.518555 0.0 -1.577148 2.729492 0.0 -1.450195 3.789063 0.0 -1.293945 4.946289 0.0 -1.245117
1.1816  0.04882813 0.0 -2.304688 1.518555 0.0 -1.577148 2.729492 0.0 -1.450195 3.789063 0.0 -1.289063 4.946289 0.0 -1.245117
1.1832  0.04394531 0.0 -2.299805 1.518555 0.0 -1.572266 2.729492 0.0 -1.450195 3.793945 0.0 -1.289063 4.946289 0.0 -1.240234
1.1848  0.04394531 0.0 -2.294922 1.518555 0.0 -1.567383 2.729492 0.0 -1.450195 3.793945 0.0 -1.289063 4.946289 0.0 -1.240234
1.1864  0.0390625 0.0 -2.285156 1.518555 0.0 -1.567383 2.729492 0.0 -1.450195 3.793945 0.0 -1.289063 4.946289 0.0 -1.240234
1.188  0.0390625 0.0 -2.280273 1.518555 0.0 -1.5625 2.729492 0.0 -1.450195 3.793945 0.0 -1.289063 4.946289 0.0 -1.240234
1.1896  0.03417969 0.0 -2.270508 1.518555 0.0 -1.5625 2.729492 0.0 -1.445313 3.793945 0.0 -1.289063 4.946289 0.0 -1.240234
1.1912  0.03417969 0.0 -2.265625 1.518555 0.0 -1.557617 2.729492 0.0 -1.445313 3.793945 0.0 -1.28418 4.946289 0.0 -1.240234
1.1928  0.03417969 0.0 -2.260742 1.518555 0.0 -1.552734 2.729492 0.0 -1.445313 3.793945 0.0 -1.28418 4.946289 0.0 -1.240234
1.1944  0.02929688 0.0 -2.250977 1.518555 0.0 -1.552734 2.734375 0.0 -1.445313 3.793945 0.0 -1.28418 4.946289 0.0 -1.240234
1.196  0.02929688 0.0 -2.246094 1.518555 0.0 -1.547852 2.734375 0.0 -1.445313 3.793945 0.0 -1.28418 4.946289 0.0 -1.240234
1.1976  0.02441406 0.0 -2.236328 1.518555 0.0 -1.547852 2.734375 0.0 -1.445313 3.793945 0.0 -1.28418 4.946289 0.0 -1.235352
1.1992  0.02441406 0.0 -2.231445 1.518555 0.0 -1.542969 2.734375 0.0 -1.445313 3.793945 0.0 -1.28418 4.951172 0.0 -1.235352
1.2008  0.01953125 0.0 -2.226563 1.518555 0.0 -1.538086 2.734375 0.0 -1.445313 3.793945 0.0 -1.28418 4.951172 0.0 -1.235352
1.2024  0.01953125 0.0 -2.216797 1.518555 0.0 -1.538086 2.734375 0.0 -1.445313 3.793945 0.0 -1.28418 4.951172 0.0 -1.235352
1.204  0.01464844 0.0 -2.211914 1.518555 0.0 -1.533203 2.734375 0.0 -1.445313 3.793945 0.0 -1.28418 4.951172 0.0 -1.235352
1.2056  0.01464844 0.0 -2.207031 1.518555 0.0 -1.533203 2.734375 0.0 -1.445313 3.793945 0.0 -1.279297 4.951172 0.0 -1.235352
1.2072  0.009765625 0.0 -2.197266 1.518555 0.0 -1.52832 2.734375 0.0 -1.445313 3.793945 0.0 -1.279297 4.951172 0.0 -1.235352
1.2088  0.009765625 0.0 -2.192383 1.518555 0.0 -1.52832 2.734375 0.0 -1.445313 3.793945 0.0 -1.279297 4.951172 0.0 -1.235352
1.2104  0.009765625 0.0 -2.1875 1.518555 0.0 -1.52832 2.734375 0.0 -1.445313 3.793945 0.0 -1.279297 4.951172 0.0 -1.235352
1.212  0.004882813 0.0 -2.177734 1.518555 0.0 -1.523438 2.734375 0.0 -1.445313 3.793945 0.0 -1.279297 4.951172 0.0 -1.235352
1.2136  0.0 0.0 -2.172852 1.513672 0.0 -1.523438 2.734375 0.0 -1.445313 3.793945 0.0 -1.279297 4.951172 0.0 -1.230469
1.2152  0.0 0.0 -2.167969 1.513672 0.0 -1.518555 2.734375 0.0 -1.445313 3.789063 0.0 -1.279297 4.951172 0.0 -1.230469
1.2168  -0.004882813 0.0 -2.158203 1.513672 0.0 -1.518555 2.734375 0.0 -1.445313 3.789063 0.0 -1.279297 4.951172 0.0 -1.230469
1.2184  -0.004882813 0.0 -2.15332 1.513672 0.0 -1.518555 2.734375 0.0 -1.450195 3.789063 0.0 -1.28418 4.951172 0.0 -1.230469
1.22  -0.009765625 0.0 -2.148438 1.513672 0.0 -1.513672 2.734375 0.0 -1.450195 3.789063 0.0 -1.28418 4.951172 0.0 -1.235352
1.2216  -0.009765625 0.0 -2.143555 1.513672 0.0 -1.513672 2.734375 0.0 -1.450195 3.789063 0.0 -1.28418 4.951172 0.0 -1.235352
1.2232  -0.01464844 0.0 -2.133789 1.513672 0.0 -1.513672 2.734375 0.0 -1.450195 3.789063 0.0 -1.28418 4.951172 0.0 -1.235352
1.2248  -0.01464844 0.0 -2.128906 1.513672 0.0 -1.513672 2.734375 0.0 -1.450195 3.789063 0.0 -1.28418 4.951172 0.0 -1.235352
1.2264  -0.01953125 0.0 -2.124023 1.513672 0.0 -1.513672 2.734375 0.0 -1.455078 3.789063 0.0 -1.28418 4.951172 0.0 -1.235352
1.228  -0.01953125 0.0 -2.119141 1.513672 0.0 -1.508789 2.734375 0.0 -1.455078 3.78418 0.0 -1.289063 4.951172 0.0 -1.235352
1.2296  -0.02441406 0.0 -2.114258 1.513672 0.0 -1.508789 2.739258 0.0 -1.455078 3.78418 0.0 -1.289063 4.951172 0.0 -1.235352
1.2312  -0.02441406 0.0 -2.109375 1.513672 0.0 -1.508789 2.739258 0.0 -1.459961 3.78418 0.0 -1.289063 4.951172 0.0 -1.235352
1.2328  -0.02929688 0.0 -2.104492 1.513672 0.0 -1.508789 2.739258 0.0 -1.459961 3.78418 0.0 -1.293945 4.951172 0.0 -1.240234
1.2344  -0.02929688 0.0 -2.099609 1.513672 0.0 -1.508789 2.739258 0.0 -1.459961 3.78418 0.0 -1.293945 4.951172 0.0 -1.240234
1.236  -0.03417969 0.0 -2.094727 1.513672 0.0 -1.508789 2.739258 0.0 -1.464844 3.78418 0.0 -1.298828 4.951172 0.0 -1.240234
1.2376  -0.03417969 0.0 -2.089844 1.513672 0.0 -1.508789 2.739258 0.0 -1.464844 3.78418 0.0 -1.298828 4.951172 0.0 -1.240234
1.2392  -0.0390625 0.0 -2.084961 1.513672 0.0 -1.508789 2.739258 0.0 -1.469727 3.78418 0.0 -1.303711 4.956055 0.0 -1.245117
1.2408  -0.0390625 0.0 -2.080078 1.513672 0.0 -1.508789 2.739258 0.0 -1.469727 3.78418 0.0 -1.303711 4.956055 0.0 -1.245117
1.2424  -0.0390625 0.0 -2.075195 1.513672 0.0 -1.513672 2.744141 0.0 -1.474609 3.78418 0.0 -1.308594 4.956055 0.0 -1.25
1.244  -0.04394531 0.0 -2.070313 1.513672 0.0 -1.513672 2.744141 0.0 -1.474609 3.78418 0.0 -1.308594 4.956055 0.0 -1.25
1.2456  -0.04394531 0.0 -2.06543 1.518555 0.0 -1.513672 2.744141 0.0 -1.479492 3.78418 0.0 -1.313477 4.956055 0.0 -1.25
1.2472  -0.04882813 0.0 -2.06543 1.518555 0.0 -1.513672 2.744141 0.0 -1.479492 3.78418 0.0 -1.313477 4.956055 0.0 -1.254883
1.2488  -0.04882813 0.0 -2.060547 1.518555 0.0 -1.513672 2.744141 0.0 -1.484375 3.789063 0.0 -1.318359 4.956055 0.0 -1.254883
1.2504  -0.04882813 0.0 -2.055664 1.518555 0.0 -1.518555 2.749023 0.0 -1.489258 3.789063 0.0 -1.323242 4.956055 0.0 -1.259766
1.252  -0.05371094 0.0 -2.050781 1.518555 0.0 -1.518555 2.749023 0.0 -1.489258 3.789063 0.0 -1.323242 4.960938 0.0 -1.259766
1.2536  -0.05371094 0.0 -2.050781 1.518555 0.0 -1.518555 2.749023 0.0 -1.494141 3.789063 0.0 -1.328125 4.960938 0.0 -1.264648
1.2552  -0.05371094 0.0 -2.045898 1.523438 0.0 -1.518555 2.749023 0.0 -1.499023 3.789063 0.0 -1.333008 4.960938 0.0 -1.264648
1.2568  -0.05371094 0.0 -2.041016 1.523438 0.0 -1.523438 2.753906 0.0 -1.503906 3.793945 0.0 -1.333008 4.960938 0.0 -1.269531
1.2584  -0.05859375 0.0 -2.041016 1.523438 0.0 -1.523438 2.753906 0.0 -1.503906 3.793945 0.0 -1.337891 4.96582 0.0 -1.269531
1.26  -0.05859375 0.0 -2.036133 1.523438 0.0 -1.52832 2.753906 0.0 -1.508789 3.793945 0.0 -1.342773 4.96582 0.0 -1.274414
1.2616  -0.05859375 0.0 -2.03125 1.52832 0.0 -1.52832 2.758789 0.0 -1.513672 3.793945 0.0 -1.347656 4.96582 0.0 -1.279297
1.2632  -0.05859375 0.0 -2.03125 1.52832 0.0 -1.533203 2.758789 0.0 -1.518555 3.798828 0.0 -1.347656 4.970703 0.0 -1.279297
1.2648  -0.05859375 0.0 -2.026367 1.52832 0.0 -1.533203 2.758789 0.0 -1.523438 3.798828 0.0 -1.352539 4.970703 0.0 -1.28418
1.2664  -0.06347656 0.0 -2.026367 1.533203 0.0 -1.538086 2.763672 0.0 -1.52832 3.798828 0.0 -1.357422 4.970703 0.0 -1.289063
1.268  -0.06347656 0.0 -2.021484 1.533203 0.0 -1.538086 2.763672 0.0 -1.52832 3.803711 0.0 -1.362305 4.975586 0.0 -1.289063
1.2696  -0.06347656 0.0 -2.021484 1.538086 0.0 -1.542969 2.768555 0.0 -1.533203 3.803711 0.0 -1.367188 4.975586 0.0 -1.293945
1.2712  -0.06347656 0.0 -2.016602 1.538086 0.0 -1.542969 2.768555 0.0 -1.538086 3.808594 0.0 -1.367188 4.980469 0.0 -1.293945
1.2728  -0.06347656 0.0 -2.016602 1.538086 0.0 -1.547852 2.773438 0.0 -1.542969 3.808594 0.0 -1.37207 4.980469 0.0 -1.298828
1.2744  -0.06347656 0.0 -2.011719 1.542969 0.0 -1.552734 2.773438 0.0 -1.547852 3.813477 0.0 -1.376953 4.985352 0.0 -1.303711
1.276  -0.06347656 0.0 -2.011719 1.542969 0.0 -1.552734 2.77832 0.0 -1.552734 3.813477 0.0 -1.381836 4.985352 0.0 -1.308594
1.2776  -0.06347656 0.0 -2.011719 1.547852 0.0 -1.557617 2.77832 0.0 -1.557617 3.818359 0.0 -1.386719 4.990234 0.0 -1.308594
1.2792  -0.06347656 0.0 -2.011719 1.547852 0.0 -1.5625 2.783203 0.0 -1.5625 3.818359 0.0 -1.391602 4.990234 0.0 -1.313477
1.2808  -0.06347656 0.0 -2.006836 1.552734 0.0 -1.567383 2.788086 0.0 -1.567383 3.823242 0.0 -1.396484 4.995117 0.0 -1.318359
1.2824  -0.06347656 0.0 -2.006836 1.557617 0.0 -1.572266 2.788086 0.0 -1.572266 3.823242 0.0 -1.401367 4.995117 0.0 -1.318359
1.284  -0.06347656 0.0 -2.006836 1.557617 0.0 -1.577148 2.792969 0.0 -1.577148 3.828125 0.0 -1.40625 5.0 0.0 -1.323242
1.2856  -0.05859375 0.0 -2.006836 1.5625 0.0 -1.577148 2.797852 0.0 -1.582031 3.828125 0.0 -1.411133 5.004883 0.0 -1.328125
1.2872  -0.05859375 0.0 -2.006836 1.5625 0.0 -1.582031 2.797852 0.0 -1.586914 3.833008 0.0 -1.416016 5.004883 0.0 -1.328125
1.2888  -0.05859375 0.0 -2.006836 1.567383 0.0 -1.586914 2.802734 0.0 -1.59668 3.837891 0.0 -1.420898 5.009766 0.0 -1.333008
1.2904  -0.05859375 0.0 -2.006836 1.572266 0.0 -1.591797 2.807617 0.0 -1.601563 3.837891 0.0 -1.425781 5.014648 0.0 -1.337891
1.292  -0.05859375 0.0 -2.006836 1.572266 0.0 -1.59668 2.8125 0.0 -1.606445 3.842773 0.0 -1.430664 5.019531 0.0 -1.342773
1.2936  -0.05371094 0.0 -2.006836 1.577148 0.0 -1.601563 2.8125 0.0 -1.611328 3.847656 0.0 -1.435547 5.019531 0.0 -1.342773
1.2952  -0.05371094 0.0 -2.006836 1.582031 0.0 -1.606445 2.817383 0.0 -1.616211 3.852539 0.0 -1.44043 5.024414 0.0 -1.347656
1.2968  -0.05371094 0.0 -2.011719 1.586914 0.0 -1.616211 2.822266 0.0 -1.625977 3.852539 0.0 -1.445313 5.029297 0.0 -1.352539
1.2984  -0.04882813 0.0 -2.011719 1.586914 0.0 -1.621094 2.827148 0.0 -1.630859 3.857422 0.0 -1.450195 5.03418 0.0 -1.357422
1.3  -0.04882813 0.0 -2.011719 1.591797 0.0 -1.625977 2.832031 0.0 -1.635742 3.862305 0.0 -1.455078 5.03418 0.0 -1.357422
1.3016  -0.04394531 0.0 -2.016602 1.59668 0.0 -1.630859 2.836914 0.0 -1.645508 3.867188 0.0 -1.464844 5.039063 0.0 -1.362305
1.3032  -0.04394531 0.0 -2.016602 1.601563 0.0 -1.635742 2.836914 0.0 -1.650391 3.87207 0.0 -1.469727 5.043945 0.0 -1.367188
1.3048  -0.04394531 0.0 -2.021484 1.606445 0.0 -1.645508 2.841797 0.0 -1.655273 3.87207 0.0 -1.474609 5.048828 0.0 -1.37207
1.3064  -0.0390625 0.0 -2.021484 1.606445 0.0 -1.650391 2.84668 0.0 -1.665039 3.876953 0.0 -1.479492 5.048828 0.0 -1.376953
1.308  -0.0390625 0.0 -2.026367 1.611328 0.0 -1.655273 2.851563 0.0 -1.669922 3.881836 0.0 -1.484375 5.053711 0.0 -1.376953
1.3096  -0.03417969 0.0 -2.03125 1.616211 0.0 -1.665039 2.856445 0.0 -1.679688 3.886719 0.0 -1.489258 5.058594 0.0 -1.381836
1.3112  -0.03417969 0.0 -2.036133 1.621094 0.0 -1.669922 2.861328 0.0 -1.68457 3.891602 0.0 -1.494141 5.063477 0.0 -1.386719
1.3128  -0.02929688 0.0 -2.036133 1.625977 0.0 -1.679688 2.866211 0.0 -1.694336 3.891602 0.0 -1.503906 5.068359 0.0 -1.391602
1.3144  -0.02441406 0.0 -2.041016 1.630859 0.0 -1.68457 2.871094 0.0 -1.699219 3.896484 0.0 -1.508789 5.068359 0.0 -1.391602
1.316  -0.02441406 0.0 -2.050781 1.630859 0.0 -1.694336 2.875977 0.0 -1.708984 3.901367 0.0 -1.513672 5.073242 0.0 -1.396484
1.3176  -0.01953125 0.0 -2.055664 1.635742 0.0 -1.699219 2.880859 0.0 -1.713867 3.90625 0.0 -1.518555 5.078125 0.0 -1.401367
1.3192  -0.01953125 0.0 -2.060547 1.640625 0.0 -1.708984 2.885742 0.0 -1.723633 3.911133 0.0 -1.523438 5.083008 0.0 -1.40625
1.3208  -0.01464844 0.0 -2.06543 1.645508 0.0 -1.71875 2.890625 0.0 -1.733398 3.911133 0.0 -1.533203 5.083008 0.0 -1.40625
1.3224  -0.009765625 0.0 -2.075195 1.650391 0.0 -1.728516 2.895508 0.0 -1.738281 3.916016 0.0 -1.538086 5.087891 0.0 -1.411133
1.324  -0.009765625 0.0 -2.080078 1.655273 0.0 -1.733398 2.900391 0.0 -1.748047 3.920898 0.0 -1.542969 5.092773 0.0 -1.416016
1.3256  -0.004882813 0.0 -2.089844 1.655273 0.0 -1.743164 2.905273 0.0 -1.757813 3.925781 0.0 -1.547852 5.097656 0.0 -1.416016
1.3272  0.0 0.0 -2.094727 1.660156 0.0 -1.75293 2.905273 0.0 -1.762695 3.925781 0.0 -1.552734 5.097656 0.0 -1.420898
1.3288  0.0 0.0 -2.104492 1.665039 0.0 -1.762695 2.910156 0.0 -1.772461 3.930664 0.0 -1.557617 5.102539 0.0 -1.425781
1.3304  0.004882813 0.0 -2.114258 1.669922 0.0 -1.767578 2.915039 0.0 -1.782227 3.935547 0.0 -1.5625 5.102539 0.0 -1.425781
1.332  0.009765625 0.0 -2.124023 1.669922 0.0 -1.777344 2.919922 0.0 -1.787109 3.935547 0.0 -1.572266 5.107422 0.0 -1.430664
1.3336  0.009765625 0.0 -2.133789 1.674805 0.0 -1.787109 2.924805 0.0 -1.796875 3.94043 0.0 -1.577148 5.107422 0.0 -1.430664
1.3352  0.01464844 0.0 -2.143555 1.679688 0.0 -1.796875 2.924805 0.0 -1.806641 3.945313 0.0 -1.582031 5.112305 0.0 -1.435547
1.3368  0.01953125 0.0 -2.15332 1.679688 0.0 -1.806641 2.929688 0.0 -1.811523 3.945313 0.0 -1.586914 5.112305 0.0 -1.435547
1.3384  0.02441406 0.0 -2.163086 1.68457 0.0 -1.816406 2.93457 0.0 -1.821289 3.950195 0.0 -1.591797 5.117188 0.0 -1.44043
1.34  0.02441406 0.0 -2.172852 1.689453 0.0 -1.826172 2.93457 0.0 -1.831055 3.950195 0.0 -1.59668 5.117188 0.0 -1.44043
1.3416  0.02929688 0.0 -2.1875 1.689453 0.0 -1.835938 2.939453 0.0 -1.835938 3.955078 0.0 -1.59668 5.117188 0.0 -1.44043
1.3432  0.03417969 0.0 -2.197266 1.694336 0.0 -1.845703 2.944336 0.0 -1.845703 3.955078 0.0 -1.601563 5.12207 0.0 -1.445313
1.3448  0.0390625 0.0 -2.211914 1.694336 0.0 -1.855469 2.944336 0.0 -1.855469 3.959961 0.0 -1.606445 5.12207 0.0 -1.445313
1.3464  0.0390625 0.0 -2.22168 1.699219 0.0 -1.865234 2.949219 0.0 -1.860352 3.959961 0.0 -1.611328 5.12207 0.0 -1.445313
1.348  0.04394531 0.0 -2.236328 1.699219 0.0 -1.875 2.949219 0.0 -1.870117 3.959961 0.0 -1.616211 5.12207 0.0 -1.445313
1.3496  0.04882813 0.0 -2.246094 1.704102 0.0 -1.884766 2.954102 0.0 -1.875 3.964844 0.0 -1.616211 5.12207 0.0 -1.445313
1.3512  0.05371094 0.0 -2.260742 1.704102 0.0 -1.894531 2.954102 0.0 -1.884766 3.964844 0.0 -1.621094 5.126953 0.0 -1.445313
1.3528  0.05859375 0.0 -2.275391 1.708984 0.0 -1.904297 2.954102 0.0 -1.889648 3.964844 0.0 -1.625977 5.126953 0.0 -1.445313
1.3544  0.06347656 0.0 -2.290039 1.708984 0.0 -1.914063 2.958984 0.0 -1.899414 3.964844 0.0 -1.625977 5.126953 0.0 -1.445313
1.356  0.06347656 0.0 -2.304688 1.708984 0.0 -1.923828 2.958984 0.0 -1.904297 3.969727 0.0 -1.630859 5.126953 0.0 -1.445313
1.3576  0.06835938 0.0 -2.314453 1.708984 0.0 -1.933594 2.958984 0.0 -1.914063 3.969727 0.0 -1.630859 5.126953 0.0 -1.445313
1.3592  0.07324219 0.0 -2.329102 1.713867 0.0 -1.943359 2.958984 0.0 -1.918945 3.969727 0.0 -1.635742 5.12207 0.0 -1.44043
1.3608  0.078125 0.0 -2.34375 1.713867 0.0 -1.953125 2.958984 0.0 -1.923828 3.969727 0.0 -1.635742 5.12207 0.0 -1.44043
1.3624  0.08300781 0.0 -2.358398 1.713867 0.0 -1.962891 2.963867 0.0 -1.933594 3.969727 0.0 -1.640625 5.12207 0.0 -1.44043
1.364  0.08300781 0.0 -2.373047 1.713867 0.0 -1.972656 2.963867 0.0 -1.938477 3.969727 0.0 -1.640625 5.12207 0.0 -1.435547
1.3656  0.08789063 0.0 -2.387695 1.713867 0.0 -1.982422 2.963867 0.0 -1.943359 3.969727 0.0 -1.640625 5.12207 0.0 -1.435547
1.3672  0.09277344 0.0 -2.402344 1.713867 0.0 -1.992188 2.963867 0.0 -1.953125 3.964844 0.0 -1.645508 5.117188 0.0 -1.435547
1.3688  0.09765625 0.0 -2.416992 1.713867 0.0 -2.001953 2.963867 0.0 -1.958008 3.964844 0.0 -1.645508 5.117188 0.0 -1.430664
1.3704  0.09765625 0.0 -2.431641 1.713867 0.0 -2.011719 2.963867 0.0 -1.962891 3.964844 0.0 -1.645508 5.117188 0.0 -1.430664
1.372  0.1025391 0.0 -2.446289 1.713867 0.0 -2.021484 2.958984 0.0 -1.967773 3.964844 0.0 -1.650391 5.112305 0.0 -1.430664
1.3736  0.1074219 0.0 -2.460938 1.713867 0.0 -2.026367 2.958984 0.0 -1.977539 3.964844 0.0 -1.650391 5.112305 0.0 -1.425781
1.3752  0.1074219 0.0 -2.475586 1.713867 0.0 -2.036133 2.958984 0.0 -1.982422 3.959961 0.0 -1.650391 5.107422 0.0 -1.425781
1.3768  0.1123047 0.0 -2.485352 1.708984 0.0 -2.045898 2.958984 0.0 -1.987305 3.959961 0.0 -1.650391 5.107422 0.0 -1.425781
1.3784  0.1123047 0.0 -2.5 1.708984 0.0 -2.055664 2.958984 0.0 -1.992188 3.959961 0.0 -1.655273 5.102539 0.0 -1.420898
1.38  0.1171875 0.0 -2.514648 1.708984 0.0 -2.06543 2.958984 0.0 -1.99707 3.955078 0.0 -1.655273 5.102539 0.0 -1.420898
1.3816  0.1220703 0.0 -2.529297 1.708984 0.0 -2.075195 2.954102 0.0 -2.001953 3.955078 0.0 -1.655273 5.097656 0.0 -1.420898
1.3832  0.1220703 0.0 -2.543945 1.708984 0.0 -2.084961 2.954102 0.0 -2.011719 3.955078 0.0 -1.660156 5.097656 0.0 -1.420898
1.3848  0.1220703 0.0 -2.553711 1.704102 0.0 -2.089844 2.954102 0.0 -2.016602 3.950195 0.0 -1.660156 5.092773 0.0 -1.420898
1.3864  0.1269531 0.0 -2.568359 1.704102 0.0 -2.099609 2.954102 0.0 -2.021484 3.950195 0.0 -1.660156 5.087891 0.0 -1.416016
1.388  0.1269531 0.0 -2.578125 1.704102 0.0 -2.109375 2.949219 0.0 -2.026367 3.945313 0.0 -1.665039 5.087891 0.0 -1.416016
1.3896  0.1318359 0.0 -2.592773 1.704102 0.0 -2.119141 2.949219 0.0 -2.03125 3.945313 0.0 -1.665039 5.083008 0.0 -1.416016
1.3912  0.1318359 0.0 -2.602539 1.699219 0.0 -2.124023 2.949219 0.0 -2.036133 3.945313 0.0 -1.669922 5.083008 0.0 -1.416016
1.3928  0.1367188 0.0 -2.617188 1.699219 0.0 -2.133789 2.949219 0.0 -2.041016 3.94043 0.0 -1.669922 5.078125 0.0 -1.416016
1.3944  0.1367188 0.0 -2.626953 1.699219 0.0 -2.143555 2.944336 0.0 -2.045898 3.94043 0.0 -1.669922 5.078125 0.0 -1.416016
1.396  0.1367188 0.0 -2.641602 1.699219 0.0 -2.148438 2.944336 0.0 -2.050781 3.94043 0.0 -1.674805 5.073242 0.0 -1.416016
1.3976  0.1416016 0.0 -2.651367 1.699219 0.0 -2.158203 2.944336 0.0 -2.055664 3.935547 0.0 -1.674805 5.073242 0.0 -1.416016
1.3992  0.1416016 0.0 -2.661133 1.694336 0.0 -2.167969 2.944336 0.0 -2.060547 3.935547 0.0 -1.679688 5.068359 0.0 -1.416016
1.4008  0.1464844 0.0 -2.670898 1.694336 0.0 -2.172852 2.944336 0.0 -2.06543 3.935547 0.0 -1.679688 5.068359 0.0 -1.416016
1.4024  0.1464844 0.0 -2.680664 1.694336 0.0 -2.182617 2.939453 0.0 -2.070313 3.930664 0.0 -1.68457 5.063477 0.0 -1.420898
1.404  0.1464844 0.0 -2.69043 1.694336 0.0 -2.1875 2.939453 0.0 -2.075195 3.930664 0.0 -1.68457 5.063477 0.0 -1.420898
1.4056  0.1464844 0.0 -2.700195 1.694336 0.0 -2.197266 2.939453 0.0 -2.080078 3.930664 0.0 -1.689453 5.063477 0.0 -1.420898
1.4072  0.1513672 0.0 -2.709961 1.694336 0.0 -2.202148 2.939453 0.0 -2.084961 3.930664 0.0 -1.689453 5.058594 0.0 -1.420898
1.4088  0.1513672 0.0 -2.719727 1.694336 0.0 -2.211914 2.939453 0.0 -2.089844 3.930664 0.0 -1.694336 5.058594 0.0 -1.420898
1.4104  0.1513672 0.0 -2.729492 1.694336 0.0 -2.216797 2.939453 0.0 -2.089844 3.925781 0.0 -1.694336 5.058594 0.0 -1.420898
1.412  0.15625 0.0 -2.739258 1.694336 0.0 -2.22168 2.93457 0.0 -2.094727 3.925781 0.0 -1.699219 5.053711 0.0 -1.420898
1.4136  0.15625 0.0 -2.749023 1.694336 0.0 -2.231445 2.93457 0.0 -2.099609 3.925781 0.0 -1.699219 5.053711 0.0 -1.425781
1.4152  0.15625 0.0 -2.753906 1.689453 0.0 -2.236328 2.93457 0.0 -2.104492 3.925781 0.0 -1.704102 5.053711 0.0 -1.425781
1.4168  0.15625 0.0 -2.763672 1.689453 0.0 -2.241211 2.93457 0.0 -2.109375 3.925781 0.0 -1.704102 5.048828 0.0 -1.425781
1.4184  0.1611328 0.0 -2.773438 1.689453 0.0 -2.246094 2.93457 0.0 -2.109375 3.925781 0.0 -1.708984 5.048828 0.0 -1.425781
1.42  0.1611328 0.0 -2.77832 1.689453 0.0 -2.250977 2.93457 0.0 -2.114258 3.920898 0.0 -1.708984 5.048828 0.0 -1.425781
1.4216  0.1611328 0.0 -2.788086 1.689453 0.0 -2.255859 2.93457 0.0 -2.119141 3.920898 0.0 -1.708984 5.048828 0.0 -1.430664
1.4232  0.1611328 0.0 -2.792969 1.689453 0.0 -2.260742 2.93457 0.0 -2.119141 3.920898 0.0 -1.713867 5.043945 0.0 -1.430664
1.4248  0.1660156 0.0 -2.797852 1.689453 0.0 -2.265625 2.93457 0.0 -2.124023 3.920898 0.0 -1.713867 5.043945 0.0 -1.430664
1.4264  0.1660156 0.0 -2.807617 1.689453 0.0 -2.270508 2.929688 0.0 -2.128906 3.920898 0.0 -1.713867 5.043945 0.0 -1.430664
1.428  0.1660156 0.0 -2.8125 1.689453 0.0 -2.275391 2.929688 0.0 -2.128906 3.920898 0.0 -1.71875 5.043945 0.0 -1.430664
1.4296  0.1660156 0.0 -2.817383 1.694336 0.0 -2.280273 2.929688 0.0 -2.133789 3.920898 0.0 -1.71875 5.043945 0.0 -1.430664
1.4312  0.1708984 0.0 -2.822266 1.694336 0.0 -2.285156 2.929688 0.0 -2.133789 3.920898 0.0 -1.71875 5.043945 0.0 -1.430664
1.4328  0.1708984 0.0 -2.827148 1.694336 0.0 -2.285156 2.929688 0.0 -2.138672 3.920898 0.0 -1.71875 5.039063 0.0 -1.435547
1.4344  0.1708984 0.0 -2.836914 1.694336 0.0 -2.290039 2.929688 0.0 -2.138672 3.920898 0.0 -1.71875 5.039063 0.0 -1.435547
1.436  0.1708984 0.0 -2.841797 1.694336 0.0 -2.294922 2.929688 0.0 -2.143555 3.920898 0.0 -1.723633 5.039063 0.0 -1.435547
1.4376  0.1757813 0.0 -2.84668 1.694336 0.0 -2.294922 2.929688 0.0 -2.143555 3.920898 0.0 -1.723633 5.039063 0.0 -1.435547
1.4392  0.1757813 0.0 -2.84668 1.694336 0.0 -2.299805 2.929688 0.0 -2.143555 3.920898 0.0 -1.723633 5.039063 0.0 -1.435547
1.4408  0.1757813 0.0 -2.851563 1.694336 0.0 -2.299805 2.929688 0.0 -2.148438 3.920898 0.0 -1.723633 5.039063 0.0 -1.435547
1.4424  0.1806641 0.0 -2.856445 1.694336 0.0 -2.304688 2.929688 0.0 -2.148438 3.920898 0.0 -1.723633 5.039063 0.0 -1.435547
1.444  0.1806641 0.0 -2.861328 1.694336 0.0 -2.304688 2.929688 0.0 -2.148438 3.920898 0.0 -1.723633 5.039063 0.0 -1.435547
1.4456  0.1806641 0.0 -2.866211 1.699219 0.0 -2.30957 2.929688 0.0 -2.148438 3.920898 0.0 -1.723633 5.039063 0.0 -1.435547
1.4472  0.1806641 0.0 -2.866211 1.699219 0.0 -2.30957 2.929688 0.0 -2.15332 3.920898 0.0 -1.723633 5.039063 0.0 -1.435547
1.4488  0.1855469 0.0 -2.871094 1.699219 0.0 -2.30957 2.929688 0.0 -2.15332 3.920898 0.0 -1.723633 5.039063 0.0 -1.435547
1.4504  0.1855469 0.0 -2.875977 1.699219 0.0 -2.314453 2.929688 0.0 -2.15332 3.920898 0.0 -1.723633 5.039063 0.0 -1.435547
1.452  0.1855469 0.0 -2.875977 1.699219 0.0 -2.314453 2.929688 0.0 -2.15332 3.920898 0.0 -1.723633 5.039063 0.0 -1.44043
1.4536  0.1855469 0.0 -2.880859 1.699219 0.0 -2.314453 2.929688 0.0 -2.15332 3.920898 0.0 -1.723633 5.039063 0.0 -1.44043
1.4552  0.1904297 0.0 -2.880859 1.699219 0.0 -2.314453 2.929688 0.0 -2.15332 3.920898 0.0 -1.723633 5.039063 0.0 -1.44043
1.4568  0.1904297 0.0 -2.880859 1.704102 0.0 -2.319336 2.929688 0.0 -2.15332 3.920898 0.0 -1.723633 5.039063 0.0 -1.44043
1.4584  0.1904297 0.0 -2.885742 1.704102 0.0 -2.319336 2.929688 0.0 -2.15332 3.920898 0.0 -1.723633 5.039063 0.0 -1.44043
1.46  0.1904297 0.0 -2.885742 1.704102 0.0 -2.319336 2.929688 0.0 -2.15332 3.920898 0.0 -1.723633 5.039063 0.0 -1.44043
1.4616  0.1904297 0.0 -2.885742 1.704102 0.0 -2.319336 2.929688 0.0 -2.15332 3.925781 0.0 -1.723633 5.039063 0.0 -1.44043
1.4632  0.1953125 0.0 -2.890625 1.704102 0.0 -2.319336 2.929688 0.0 -2.15332 3.925781 0.0 -1.723633 5.039063 0.0 -1.44043
1.4648  0.1953125 0.0 -2.890625 1.704102 0.0 -2.319336 2.929688 0.0 -2.15332 3.925781 0.0 -1.723633 5.039063 0.0 -1.44043
1.4664  0.1953125 0.0 -2.890625 1.704102 0.0 -2.319336 2.929688 0.0 -2.15332 3.925781 0.0 -1.71875 5.039063 0.0 -1.44043
1.468  0.1953125 0.0 -2.890625 1.704102 0.0 -2.319336 2.929688 0.0 -2.15332 3.925781 0.0 -1.71875 5.039063 0.0 -1.44043
1.4696  0.1953125 0.0 -2.890625 1.708984 0.0 -2.319336 2.929688 0.0 -2.15332 3.925781 0.0 -1.71875 5.039063 0.0 -1.44043
1.4712  0.1953125 0.0 -2.890625 1.708984 0.0 -2.319336 2.929688 0.0 -2.15332 3.925781 0.0 -1.71875 5.039063 0.0 -1.44043
1.4728  0.2001953 0.0 -2.895508 1.708984 0.0 -2.314453 2.929688 0.0 -2.148438 3.925781 0.0 -1.71875 5.039063 0.0 -1.44043
1.4744  0.2001953 0.0 -2.895508 1.708984 0.0 -2.314453 2.929688 0.0 -2.148438 3.925781 0.0 -1.71875 5.043945 0.0 -1.44043
1.476  0.2001953 0.0 -2.895508 1.708984 0.0 -2.314453 2.929688 0.0 -2.148438 3.925781 0.0 -1.713867 5.043945 0.0 -1.445313
1.4776  0.2001953 0.0 -2.890625 1.708984 0.0 -2.314453 2.929688 0.0 -2.143555 3.925781 0.0 -1.713867 5.043945 0.0 -1.445313
1.4792  0.2001953 0.0 -2.890625 1.708984 0.0 -2.30957 2.929688 0.0 -2.143555 3.925781 0.0 -1.713867 5.043945 0.0 -1.445313
1.4808  0.2001953 0.0 -2.890625 1.708984 0.0 -2.30957 2.929688 0.0 -2.143555 3.925781 0.0 -1.713867 5.043945 0.0 -1.445313
1.4824  0.2001953 0.0 -2.890625 1.708984 0.0 -2.30957 2.929688 0.0 -2.138672 3.925781 0.0 -1.708984 5.043945 0.0 -1.445313
1.484  0.2001953 0.0 -2.890625 1.708984 0.0 -2.304688 2.929688 0.0 -2.138672 3.925781 0.0 -1.708984 5.043945 0.0 -1.445313
1.4856  0.2001953 0.0 -2.890625 1.708984 0.0 -2.304688 2.93457 0.0 -2.133789 3.925781 0.0 -1.708984 5.048828 0.0 -1.445313
1.4872  0.2050781 0.0 -2.885742 1.713867 0.0 -2.299805 2.93457 0.0 -2.133789 3.925781 0.0 -1.708984 5.048828 0.0 -1.445313
1.4888  0.2050781 0.0 -2.885742 1.713867 0.0 -2.299805 2.93457 0.0 -2.133789 3.925781 0.0 -1.704102 5.048828 0.0 -1.445313
1.4904  0.2050781 0.0 -2.885742 1.713867 0.0 -2.294922 2.93457 0.0 -2.128906 3.925781 0.0 -1.704102 5.048828 0.0 -1.445313
1.492  0.2050781 0.0 -2.880859 1.713867 0.0 -2.290039 2.93457 0.0 -2.124023 3.925781 0.0 -1.704102 5.053711 0.0 -1.445313
1.4936  0.2050781 0.0 -2.880859 1.713867 0.0 -2.290039 2.93457 0.0 -2.124023 3.925781 0.0 -1.699219 5.053711 0.0 -1.445313
1.4952  0.2050781 0.0 -2.880859 1.713867 0.0 -2.285156 2.93457 0.0 -2.119141 3.925781 0.0 -1.699219 5.053711 0.0 -1.445313
1.4968  0.2050781 0.0 -2.875977 1.713867 0.0 -2.280273 2.93457 0.0 -2.119141 3.925781 0.0 -1.694336 5.053711 0.0 -1.445313
1.4984  0.2050781 0.0 -2.875977 1.71875 0.0 -2.280273 2.93457 0.0 -2.114258 3.925781 0.0 -1.694336 5.058594 0.0 -1.445313
1.5  0.2099609 0.0 -2.871094 1.71875 0.0 -2.275391 2.939453 0.0 -2.114258 3.930664 0.0 -1.694336 5.058594 0.0 -1.445313
1.5016  0.2099609 0.0 -2.866211 1.71875 0.0 -2.270508 2.939453 0.0 -2.109375 3.930664 0.0 -1.689453 5.058594 0.0 -1.445313
1.5032  0.2099609 0.0 -2.866211 1.71875 0.0 -2.265625 2.939453 0.0 -2.104492 3.930664 0.0 -1.689453 5.063477 0.0 -1.445313
1.5048  0.2099609 0.0 -2.861328 1.71875 0.0 -2.260742 2.939453 0.0 -2.104492 3.930664 0.0 -1.68457 5.063477 0.0 -1.445313
1.5064  0.2099609 0.0 -2.861328 1.71875 0.0 -2.260742 2.939453 0.0 -2.099609 3.930664 0.0 -1.68457 5.063477 0.0 -1.445313
1.508  0.2099609 0.0 -2.856445 1.71875 0.0 -2.255859 2.939453 0.0 -2.094727 3.930664 0.0 -1.679688 5.068359 0.0 -1.445313
1.5096  0.2099609 0.0 -2.851563 1.723633 0.0 -2.250977 2.939453 0.0 -2.089844 3.930664 0.0 -1.679688 5.068359 0.0 -1.445313
1.5112  0.2099609 0.0 -2.84668 1.723633 0.0 -2.246094 2.939453 0.0 -2.084961 3.935547 0.0 -1.674805 5.068359 0.0 -1.445313
1.5128  0.2099609 0.0 -2.84668 1.723633 0.0 -2.241211 2.939453 0.0 -2.084961 3.935547 0.0 -1.674805 5.073242 0.0 -1.445313
1.5144  0.2148438 0.0 -2.841797 1.723633 0.0 -2.236328 2.944336 0.0 -2.080078 3.935547 0.0 -1.669922 5.073242 0.0 -1.445313
1.516  0.2148438 0.0 -2.836914 1.723633 0.0 -2.231445 2.944336 0.0 -2.075195 3.935547 0.0 -1.669922 5.073242 0.0 -1.445313
1.5176  0.2148438 0.0 -2.832031 1.723633 0.0 -2.226563 2.944336 0.0 -2.070313 3.935547 0.0 -1.665039 5.073242 0.0 -1.445313
1.5192  0.2148438 0.0 -2.827148 1.723633 0.0 -2.216797 2.944336 0.0 -2.06543 3.935547 0.0 -1.665039 5.078125 0.0 -1.445313
1.5208  0.2148438 0.0 -2.822266 1.723633 0.0 -2.211914 2.944336 0.0 -2.060547 3.935547 0.0 -1.660156 5.078125 0.0 -1.445313
1.5224  0.2148438 0.0 -2.822266 1.723633 0.0 -2.207031 2.944336 0.0 -2.055664 3.94043 0.0 -1.655273 5.078125 0.0 -1.445313
1.524  0.2148438 0.0 -2.817383 1.723633 0.0 -2.202148 2.944336 0.0 -2.050781 3.94043 0.0 -1.655273 5.083008 0.0 -1.445313
1.5256  0.2148438 0.0 -2.8125 1.723633 0.0 -2.192383 2.944336 0.0 -2.045898 3.94043 0.0 -1.650391 5.083008 0.0 -1.445313
1.5272  0.2148438 0.0 -2.807617 1.723633 0.0 -2.1875 2.944336 0.0 -2.041016 3.94043 0.0 -1.650391 5.083008 0.0 -1.44043
1.5288  0.2148438 0.0 -2.802734 1.723633 0.0 -2.182617 2.944336 0.0 -2.03125 3.94043 0.0 -1.645508 5.083008 0.0 -1.44043
1.5304  0.2148438 0.0 -2.797852 1.723633 0.0 -2.172852 2.944336 0.0 -2.026367 3.94043 0.0 -1.640625 5.083008 0.0 -1.44043
1.532  0.2148438 0.0 -2.792969 1.723633 0.0 -2.167969 2.944336 0.0 -2.021484 3.94043 0.0 -1.640625 5.087891 0.0 -1.44043
1.5336  0.2148438 0.0 -2.788086 1.723633 0.0 -2.158203 2.944336 0.0 -2.016602 3.94043 0.0 -1.635742 5.087891 0.0 -1.44043
1.5352  0.2148438 0.0 -2.77832 1.723633 0.0 -2.15332 2.944336 0.0 -2.006836 3.94043 0.0 -1.630859 5.087891 0.0 -1.44043
1.5368  0.2148438 0.0 -2.773438 1.723633 0.0 -2.143555 2.944336 0.0 -2.001953 3.94043 0.0 -1.625977 5.087891 0.0 -1.44043
1.5384  0.2148438 0.0 -2.768555 1.723633 0.0 -2.138672 2.944336 0.0 -1.992188 3.94043 0.0 -1.625977 5.087891 0.0 -1.44043
1.54  0.2148438 0.0 -2.763672 1.723633 0.0 -2.128906 2.944336 0.0 -1.987305 3.94043 0.0 -1.621094 5.087891 0.0 -1.435547
1.5416  0.2148438 0.0 -2.758789 1.71875 0.0 -2.119141 2.939453 0.0 -1.977539 3.94043 0.0 -1.616211 5.092773 0.0 -1.435547
1.5432  0.2148438 0.0 -2.753906 1.71875 0.0 -2.114258 2.939453 0.0 -1.972656 3.94043 0.0 -1.611328 5.092773 0.0 -1.435547
1.5448  0.2099609 0.0 -2.749023 1.71875 0.0 -2.104492 2.939453 0.0 -1.962891 3.94043 0.0 -1.611328 5.092773 0.0 -1.435547
1.5464  0.2099609 0.0 -2.739258 1.71875 0.0 -2.094727 2.939453 0.0 -1.953125 3.94043 0.0 -1.606445 5.092773 0.0 -1.435547
1.548  0.2099609 0.0 -2.734375 1.71875 0.0 -2.084961 2.939453 0.0 -1.948242 3.94043 0.0 -1.601563 5.092773 0.0 -1.430664
1.5496  0.2099609 0.0 -2.729492 1.71875 0.0 -2.075195 2.93457 0.0 -1.938477 3.94043 0.0 -1.59668 5.092773 0.0 -1.430664
1.5512  0.2099609 0.0 -2.724609 1.713867 0.0 -2.06543 2.93457 0.0 -1.928711 3.94043 0.0 -1.591797 5.092773 0.0 -1.430664
1.5528  0.2099609 0.0 -2.719727 1.713867 0.0 -2.055664 2.93457 0.0 -1.918945 3.935547 0.0 -1.586914 5.092773 0.0 -1.430664
1.5544  0.2099609 0.0 -2.709961 1.713867 0.0 -2.045898 2.929688 0.0 -1.90918 3.935547 0.0 -1.582031 5.092773 0.0 -1.425781
1.556  0.2099609 0.0 -2.705078 1.713867 0.0 -2.036133 2.929688 0.0 -1.904297 3.935547 0.0 -1.577148 5.092773 0.0 -1.425781
1.5576  0.2050781 0.0 -2.700195 1.708984 0.0 -2.026367 2.929688 0.0 -1.894531 3.935547 0.0 -1.572266 5.092773 0.0 -1.425781
1.5592  0.2050781 0.0 -2.695313 1.708984 0.0 -2.016602 2.924805 0.0 -1.884766 3.935547 0.0 -1.567383 5.087891 0.0 -1.420898
1.5608  0.2050781 0.0 -2.69043 1.708984 0.0 -2.006836 2.924805 0.0 -1.875 3.935547 0.0 -1.5625 5.087891 0.0 -1.420898
1.5624  0.2050781 0.0 -2.680664 1.704102 0.0 -1.99707 2.919922 0.0 -1.865234 3.930664 0.0 -1.557617 5.087891 0.0 -1.420898
1.564  0.2050781 0.0 -2.675781 1.704102 0.0 -1.987305 2.919922 0.0 -1.855469 3.930664 0.0 -1.552734 5.087891 0.0 -1.416016
1.5656  0.2001953 0.0 -2.670898 1.704102 0.0 -1.977539 2.915039 0.0 -1.84082 3.930664 0.0 -1.547852 5.087891 0.0 -1.416016
1.5672  0.2001953 0.0 -2.666016 1.699219 0.0 -1.962891 2.915039 0.0 -1.831055 3.930664 0.0 -1.538086 5.087891 0.0 -1.411133
1.5688  0.2001953 0.0 -2.65625 1.699219 0.0 -1.953125 2.910156 0.0 -1.821289 3.925781 0.0 -1.533203 5.083008 0.0 -1.411133
1.5704  0.2001953 0.0 -2.651367 1.694336 0.0 -1.943359 2.910156 0.0 -1.811523 3.925781 0.0 -1.52832 5.083008 0.0 -1.40625
1.572  0.2001953 0.0 -2.646484 1.694336 0.0 -1.928711 2.905273 0.0 -1.801758 3.925781 0.0 -1.523438 5.083008 0.0 -1.40625
1.5736  0.1953125 0.0 -2.641602 1.694336 0.0 -1.918945 2.905273 0.0 -1.791992 3.920898 0.0 -1.513672 5.083008 0.0 -1.401367
1.5752  0.1953125 0.0 -2.631836 1.689453 0.0 -1.90918 2.900391 0.0 -1.777344 3.920898 0.0 -1.508789 5.078125 0.0 -1.401367
1.5768  0.1953125 0.0 -2.626953 1.689453 0.0 -1.894531 2.900391 0.0 -1.767578 3.920898 0.0 -1.499023 5.078125 0.0 -1.396484
1.5784  0.1953125 0.0 -2.62207 1.68457 0.0 -1.884766 2.895508 0.0 -1.757813 3.916016 0.0 -1.494141 5.078125 0.0 -1.396484
1.58  0.1904297 0.0 -2.617188 1.68457 0.0 -1.870117 2.890625 0.0 -1.743164 3.916016 0.0 -1.484375 5.073242 0.0 -1.391602
1.5816  0.1904297 0.0 -2.607422 1.679688 0.0 -1.860352 2.890625 0.0 -1.733398 3.911133 0.0 -1.479492 5.073242 0.0 -1.386719
1.5832  0.1904297 0.0 -2.602539 1.674805 0.0 -1.845703 2.885742 0.0 -1.723633 3.911133 0.0 -1.469727 5.068359 0.0 -1.386719
1.5848  0.1855469 0.0 -2.597656 1.674805 0.0 -1.835938 2.880859 0.0 -1.708984 3.911133 0.0 -1.464844 5.068359 0.0 -1.381836
1.5864  0.1855469 0.0 -2.587891 1.669922 0.0 -1.821289 2.880859 0.0 -1.699219 3.90625 0.0 -1.455078 5.063477 0.0 -1.376953
1.588  0.1855469 0.0 -2.583008 1.669922 0.0 -1.811523 2.875977 0.0 -1.689453 3.90625 0.0 -1.450195 5.063477 0.0 -1.37207
1.5896  0.1855469 0.0 -2.578125 1.665039 0.0 -1.796875 2.871094 0.0 -1.674805 3.901367 0.0 -1.44043 5.058594 0.0 -1.37207
1.5912  0.1806641 0.0 -2.573242 1.665039 0.0 -1.787109 2.871094 0.0 -1.665039 3.901367 0.0 -1.435547 5.058594 0.0 -1.367188
1.5928  0.1806641 0.0 -2.563477 1.660156 0.0 -1.772461 2.866211 0.0 -1.655273 3.896484 0.0 -1.425781 5.053711 0.0 -1.362305
1.5944  0.1806641 0.0 -2.558594 1.655273 0.0 -1.762695 2.861328 0.0 -1.640625 3.896484 0.0 -1.416016 5.053711 0.0 -1.357422
1.596  0.1757813 0.0 -2.553711 1.655273 0.0 -1.748047 2.861328 0.0 -1.630859 3.891602 0.0 -1.411133 5.048828 0.0 -1.352539
1.5976  0.1757813 0.0 -2.543945 1.650391 0.0 -1.738281 2.856445 0.0 -1.616211 3.891602 0.0 -1.401367 5.048828 0.0 -1.352539
1.5992  0.1757813 0.0 -2.539063 1.645508 0.0 -1.723633 2.851563 0.0 -1.606445 3.886719 0.0 -1.396484 5.043945 0.0 -1.347656
1.6008  0.1708984 0.0 -2.53418 1.645508 0.0 -1.713867 2.84668 0.0 -1.591797 3.881836 0.0 -1.386719 5.039063 0.0 -1.342773
1.6024  0.1708984 0.0 -2.529297 1.640625 0.0 -1.699219 2.84668 0.0 -1.582031 3.881836 0.0 -1.376953 5.039063 0.0 -1.337891
1.604  0.1708984 0.0 -2.519531 1.640625 0.0 -1.689453 2.841797 0.0 -1.572266 3.876953 0.0 -1.37207 5.03418 0.0 -1.333008
1.6056  0.1660156 0.0 -2.514648 1.635742 0.0 -1.674805 2.836914 0.0 -1.557617 3.876953 0.0 -1.362305 5.029297 0.0 -1.328125
1.6072  0.1660156 0.0 -2.509766 1.630859 0.0 -1.665039 2.836914 0.0 -1.547852 3.87207 0.0 -1.352539 5.029297 0.0 -1.323242
1.6088  0.1660156 0.0 -2.5 1.630859 0.0 -1.655273 2.832031 0.0 -1.533203 3.87207 0.0 -1.347656 5.024414 0.0 -1.323242
1.6104  0.1611328 0.0 -2.495117 1.625977 0.0 -1.640625 2.827148 0.0 -1.523438 3.867188 0.0 -1.337891 5.024414 0.0 -1.318359
1.612  0.1611328 0.0 -2.490234 1.625977 0.0 -1.630859 2.827148 0.0 -1.508789 3.867188 0.0 -1.328125 5.019531 0.0 -1.313477
1.6136  0.1611328 0.0 -2.480469 1.621094 0.0 -1.616211 2.822266 0.0 -1.499023 3.862305 0.0 -1.323242 5.014648 0.0 -1.308594
1.6152  0.15625 0.0 -2.475586 1.616211 0.0 -1.606445 2.817383 0.0 -1.484375 3.862305 0.0 -1.313477 5.014648 0.0 -1.303711
1.6168  0.15625 0.0 -2.470703 1.616211 0.0 -1.59668 2.817383 0.0 -1.474609 3.857422 0.0 -1.308594 5.009766 0.0 -1.298828
1.6184  0.15625 0.0 -2.46582 1.611328 0.0 -1.582031 2.8125 0.0 -1.464844 3.857422 0.0 -1.298828 5.009766 0.0 -1.293945
1.62  0.15625 0.0 -2.456055 1.611328 0.0 -1.572266 2.807617 0.0 -1.450195 3.857422 0.0 -1.289063 5.004883 0.0 -1.289063
1.6216  0.1513672 0.0 -2.451172 1.606445 0.0 -1.5625 2.807617 0.0 -1.44043 3.852539 0.0 -1.28418 5.0 0.0 -1.28418
1.6232  0.1513672 0.0 -2.446289 1.606445 0.0 -1.547852 2.802734 0.0 -1.425781 3.852539 0.0 -1.274414 5.0 0.0 -1.279297
1.6248  0.1513672 0.0 -2.436523 1.601563 0.0 -1.538086 2.802734 0.0 -1.416016 3.847656 0.0 -1.269531 4.995117 0.0 -1.274414
1.6264  0.1464844 0.0 -2.431641 1.601563 0.0 -1.52832 2.797852 0.0 -1.40625 3.847656 0.0 -1.259766 4.995117 0.0 -1.269531
1.628  0.1464844 0.0 -2.426758 1.59668 0.0 -1.518555 2.797852 0.0 -1.391602 3.842773 0.0 -1.254883 4.990234 0.0 -1.264648
1.6296  0.1464844 0.0 -2.421875 1.59668 0.0 -1.508789 2.792969 0.0 -1.381836 3.842773 0.0 -1.245117 4.985352 0.0 -1.254883
1.6312  0.1464844 0.0 -2.412109 1.591797 0.0 -1.494141 2.788086 0.0 -1.37207 3.842773 0.0 -1.235352 4.985352 0.0 -1.25
1.6328  0.1416016 0.0 -2.407227 1.591797 0.0 -1.484375 2.788086 0.0 -1.357422 3.837891 0.0 -1.230469 4.980469 0.0 -1.245117
1.6344  0.1416016 0.0 -2.402344 1.586914 0.0 -1.474609 2.783203 0.0 -1.347656 3.837891 0.0 -1.220703 4.980469 0.0 -1.240234
1.636  0.1416016 0.0 -2.392578 1.586914 0.0 -1.464844 2.783203 0.0 -1.337891 3.837891 0.0 -1.21582 4.975586 0.0 -1.235352
1.6376  0.1416016 0.0 -2.387695 1.582031 0.0 -1.455078 2.77832 0.0 -1.323242 3.833008 0.0 -1.206055 4.975586 0.0 -1.230469
1.6392  0.1367188 0.0 -2.382813 1.582031 0.0 -1.445313 2.77832 0.0 -1.313477 3.833008 0.0 -1.201172 4.970703 0.0 -1.225586
1.6408  0.1367188 0.0 -2.37793 1.577148 0.0 -1.435547 2.773438 0.0 -1.303711 3.828125 0.0 -1.191406 4.970703 0.0 -1.220703
1.6424  0.1367188 0.0 -2.368164 1.577148 0.0 -1.425781 2.773438 0.0 -1.293945 3.828125 0.0 -1.186523 4.96582 0.0 -1.21582
1.644  0.1367188 0.0 -2.363281 1.572266 0.0 -1.416016 2.768555 0.0 -1.279297 3.828125 0.0 -1.181641 4.96582 0.0 -1.210938
1.6456  0.1318359 0.0 -2.358398 1.572266 0.0 -1.40625 2.768555 0.0 -1.269531 3.828125 0.0 -1.171875 4.960938 0.0 -1.206055
1.6472  0.1318359 0.0 -2.353516 1.567383 0.0 -1.396484 2.763672 0.0 -1.259766 3.823242 0.0 -1.166992 4.960938 0.0 -1.201172
1.6488  0.1318359 0.0 -2.34375 1.567383 0.0 -1.386719 2.763672 0.0 -1.25 3.823242 0.0 -1.157227 4.956055 0.0 -1.196289
1.6504  0.1318359 0.0 -2.338867 1.5625 0.0 -1.376953 2.758789 0.0 -1.240234 3.823242 0.0 -1.152344 4.956055 0.0 -1.191406
1.652  0.1269531 0.0 -2.333984 1.5625 0.0 -1.367188 2.758789 0.0 -1.230469 3.818359 0.0 -1.147461 4.951172 0.0 -1.186523
1.6536  0.1269531 0.0 -2.324219 1.557617 0.0 -1.357422 2.758789 0.0 -1.220703 3.818359 0.0 -1.137695 4.951172 0.0 -1.181641
1.6552  0.1269531 0.0 -2.319336 1.557617 0.0 -1.347656 2.753906 0.0 -1.210938 3.818359 0.0 -1.132813 4.946289 0.0 -1.176758
1.6568  0.1269531 0.0 -2.314453 1.552734 0.0 -1.337891 2.753906 0.0 -1.201172 3.818359 0.0 -1.12793 4.941406 0.0 -1.171875
1.6584  0.1269531 0.0 -2.30957 1.552734 0.0 -1.328125 2.749023 0.0 -1.191406 3.813477 0.0 -1.118164 4.941406 0.0 -1.166992
1.66  0.1220703 0.0 -2.299805 1.547852 0.0 -1.318359 2.749023 0.0 -1.181641 3.813477 0.0 -1.113281 4.936523 0.0 -1.162109
1.6616  0.1220703 0.0 -2.294922 1.542969 0.0 -1.308594 2.744141 0.0 -1.171875 3.813477 0.0 -1.108398 4.936523 0.0 -1.157227
1.6632  0.1220703 0.0 -2.290039 1.542969 0.0 -1.298828 2.744141 0.0 -1.162109 3.813477 0.0 -1.103516 4.931641 0.0 -1.157227
1.6648  0.1220703 0.0 -2.285156 1.538086 0.0 -1.289063 2.739258 0.0 -1.152344 3.808594 0.0 -1.098633 4.931641 0.0 -1.152344
1.6664  0.1220703 0.0 -2.275391 1.538086 0.0 -1.279297 2.739258 0.0 -1.142578 3.808594 0.0 -1.09375 4.926758 0.0 -1.147461
1.668  0.1171875 0.0 -2.270508 1.533203 0.0 -1.269531 2.734375 0.0 -1.132813 3.808594 0.0 -1.088867 4.926758 0.0 -1.142578
1.6696  0.1171875 0.0 -2.265625 1.52832 0.0 -1.259766 2.734375 0.0 -1.123047 3.803711 0.0 -1.083984 4.921875 0.0 -1.137695
1.6712  0.1171875 0.0 -2.260742 1.52832 0.0 -1.25 2.729492 0.0 -1.113281 3.803711 0.0 -1.079102 4.916992 0.0 -1.132813
1.6728  0.1171875 0.0 -2.255859 1.523438 0.0 -1.245117 2.729492 0.0 -1.108398 3.803711 0.0 -1.074219 4.916992 0.0 -1.12793
1.6744  0.1123047 0.0 -2.246094 1.518555 0.0 -1.235352 2.724609 0.0 -1.098633 3.798828 0.0 -1.069336 4.912109 0.0 -1.123047
1.676  0.1123047 0.0 -2.241211 1.518555 0.0 -1.225586 2.724609 0.0 -1.088867 3.798828 0.0 -1.064453 4.907227 0.0 -1.123047
1.6776  0.1123047 0.0 -2.236328 1.513672 0.0 -1.21582 2.719727 0.0 -1.079102 3.793945 0.0 -1.05957 4.907227 0.0 -1.118164
1.6792  0.1123047 0.0 -2.231445 1.508789 0.0 -1.206055 2.719727 0.0 -1.069336 3.793945 0.0 -1.054688 4.902344 0.0 -1.113281
1.6808  0.1074219 0.0 -2.22168 1.503906 0.0 -1.196289 2.714844 0.0 -1.064453 3.789063 0.0 -1.049805 4.897461 0.0 -1.108398
1.6824  0.1074219 0.0 -2.216797 1.499023 0.0 -1.186523 2.709961 0.0 -1.054688 3.78418 0.0 -1.044922 4.892578 0.0 -1.103516
1.684  0.1074219 0.0 -2.211914 1.494141 0.0 -1.176758 2.709961 0.0 -1.044922 3.78418 0.0 -1.040039 4.887695 0.0 -1.098633
1.6856  0.1074219 0.0 -2.207031 1.494141 0.0 -1.166992 2.705078 0.0 -1.040039 3.779297 0.0 -1.035156 4.882813 0.0 -1.098633
1.6872  0.1025391 0.0 -2.197266 1.489258 0.0 -1.157227 2.700195 0.0 -1.030273 3.774414 0.0 -1.035156 4.882813 0.0 -1.09375
1.6888  0.1025391 0.0 -2.192383 1.484375 0.0 -1.147461 2.700195 0.0 -1.020508 3.774414 0.0 -1.030273 4.87793 0.0 -1.088867
1.6904  0.1025391 0.0 -2.1875 1.479492 0.0 -1.137695 2.695313 0.0 -1.010742 3.769531 0.0 -1.025391 4.873047 0.0 -1.083984
1.692  0.09765625 0.0 -2.182617 1.474609 0.0 -1.12793 2.69043 0.0 -1.005859 3.764648 0.0 -1.020508 4.868164 0.0 -1.079102
1.6936  0.09765625 0.0 -2.172852 1.469727 0.0 -1.118164 2.685547 0.0 -0.9960938 3.759766 0.0 -1.020508 4.863281 0.0 -1.074219
1.6952  0.09765625 0.0 -2.167969 1.464844 0.0 -1.108398 2.685547 0.0 -0.9863281 3.754883 0.0 -1.015625 4.853516 0.0 -1.069336
1.6968  0.09277344 0.0 -2.163086 1.459961 0.0 -1.098633 2.680664 0.0 -0.9814453 3.754883 0.0 -1.010742 4.848633 0.0 -1.069336
1.6984  0.09277344 0.0 -2.158203 1.455078 0.0 -1.088867 2.675781 0.0 -0.9716797 3.75 0.0 -1.005859 4.84375 0.0 -1.064453
1.7  0.09277344 0.0 -2.148438 1.445313 0.0 -1.079102 2.670898 0.0 -0.9619141 3.745117 0.0 -1.000977 4.838867 0.0 -1.05957
1.7016  0.08789063 0.0 -2.143555 1.44043 0.0 -1.069336 2.666016 0.0 -0.9570313 3.740234 0.0 -1.000977 4.833984 0.0 -1.054688
1.7032  0.08789063 0.0 -2.138672 1.435547 0.0 -1.05957 2.666016 0.0 -0.9472656 3.735352 0.0 -0.9960938 4.829102 0.0 -1.049805
1.7048  0.08789063 0.0 -2.133789 1.430664 0.0 -1.049805 2.661133 0.0 -0.9375 3.730469 0.0 -0.9912109 4.824219 0.0 -1.044922
1.7064  0.08300781 0.0 -2.124023 1.425781 0.0 -1.040039 2.65625 0.0 -0.9277344 3.725586 0.0 -0.9863281 4.819336 0.0 -1.040039
1.708  0.08300781 0.0 -2.119141 1.420898 0.0 -1.030273 2.651367 0.0 -0.9228516 3.720703 0.0 -0.9863281 4.814453 0.0 -1.035156
1.7096  0.08300781 0.0 -2.114258 1.416016 0.0 -1.020508 2.646484 0.0 -0.9130859 3.71582 0.0 -0.9814453 4.804688 0.0 -1.030273
1.7112  0.08300781 0.0 -2.109375 1.411133 0.0 -1.010742 2.646484 0.0 -0.9033203 3.710938 0.0 -0.9765625 4.799805 0.0 -1.025391
1.7128  0.078125 0.0 -2.099609 1.40625 0.0 -1.000977 2.641602 0.0 -0.8935547 3.706055 0.0 -0.9716797 4.794922 0.0 -1.020508
1.7144  0.078125 0.0 -2.094727 1.401367 0.0 -0.9912109 2.636719 0.0 -0.8886719 3.701172 0.0 -0.9716797 4.790039 0.0 -1.015625
1.716  0.078125 0.0 -2.089844 1.396484 0.0 -0.9814453 2.631836 0.0 -0.8789063 3.696289 0.0 -0.9667969 4.785156 0.0 -1.010742
1.7176  0.078125 0.0 -2.084961 1.391602 0.0 -0.9716797 2.626953 0.0 -0.8691406 3.691406 0.0 -0.9619141 4.780273 0.0 -1.005859
1.7192  0.078125 0.0 -2.080078 1.381836 0.0 -0.9619141 2.626953 0.0 -0.859375 3.686523 0.0 -0.9619141 4.775391 0.0 -1.000977
1.7208  0.07324219 0.0 -2.070313 1.376953 0.0 -0.9472656 2.62207 0.0 -0.8544922 3.681641 0.0 -0.9570313 4.765625 0.0 -0.9960938
1.7224  0.07324219 0.0 -2.06543 1.37207 0.0 -0.9375 2.617188 0.0 -0.8447266 3.676758 0.0 -0.9521484 4.760742 0.0 -0.9912109
1.724  0.07324219 0.0 -2.060547 1.367188 0.0 -0.9277344 2.612305 0.0 -0.8349609 3.671875 0.0 -0.9472656 4.755859 0.0 -0.9863281
1.7256  0.07324219 0.0 -2.055664 1.362305 0.0 -0.9179688 2.607422 0.0 -0.8251953 3.666992 0.0 -0.9472656 4.750977 0.0 -0.9814453
1.7272  0.06835938 0.0 -2.045898 1.357422 0.0 -0.9082031 2.602539 0.0 -0.8203125 3.662109 0.0 -0.9423828 4.746094 0.0 -0.9765625
1.7288  0.06835938 0.0 -2.041016 1.352539 0.0 -0.8984375 2.602539 0.0 -0.8105469 3.657227 0.0 -0.9375 4.736328 0.0 -0.9716797
1.7304  0.06835938 0.0 -2.036133 1.347656 0.0 -0.8837891 2.597656 0.0 -0.8007813 3.652344 0.0 -0.9326172 4.731445 0.0 -0.9667969
1.732  0.06835938 0.0 -2.026367 1.342773 0.0 -0.8740234 2.592773 0.0 -0.7910156 3.647461 0.0 -0.9326172 4.726563 0.0 -0.9619141
1.7336  0.06347656 0.0 -2.021484 1.337891 0.0 -0.8642578 2.587891 0.0 -0.78125 3.642578 0.0 -0.9277344 4.72168 0.0 -0.9570313
1.7352  0.06347656 0.0 -2.016602 1.333008 0.0 -0.8544922 2.583008 0.0 -0.7763672 3.637695 0.0 -0.9228516 4.716797 0.0 -0.9521484
1.7368  0.06347656 0.0 -2.011719 1.328125 0.0 -0.8447266 2.578125 0.0 -0.7666016 3.632813 0.0 -0.9179688 4.707031 0.0 -0.9472656
1.7384  0.06347656 0.0 -2.006836 1.323242 0.0 -0.8300781 2.578125 0.0 -0.7568359 3.62793 0.0 -0.9130859 4.702148 0.0 -0.9423828
1.74  0.05859375 0.0 -1.99707 1.313477 0.0 -0.8203125 2.573242 0.0 -0.7470703 3.623047 0.0 -0.9130859 4.697266 0.0 -0.9375
1.7416  0.05859375 0.0 -1.992188 1.308594 0.0 -0.8105469 2.568359 0.0 -0.7421875 3.618164 0.0 -0.9082031 4.692383 0.0 -0.9326172
1.7432  0.05859375 0.0 -1.987305 1.303711 0.0 -0.8007813 2.563477 0.0 -0.7324219 3.613281 0.0 -0.9033203 4.682617 0.0 -0.9277344
1.7448  0.05371094 0.0 -1.982422 1.298828 0.0 -0.7910156 2.558594 0.0 -0.7226563 3.608398 0.0 -0.8984375 4.677734 0.0 -0.9228516
1.7464  0.05371094 0.0 -1.977539 1.293945 0.0 -0.78125 2.553711 0.0 -0.7128906 3.603516 0.0 -0.8984375 4.672852 0.0 -0.9179688
1.748  0.05371094 0.0 -1.967773 1.289063 0.0 -0.7714844 2.553711 0.0 -0.7080078 3.59375 0.0 -0.8935547 4.667969 0.0 -0.9130859
1.7496  0.04882813 0.0 -1.962891 1.28418 0.0 -0.7568359 2.548828 0.0 -0.6982422 3.588867 0.0 -0.8886719 4.658203 0.0 -0.9082031
1.7512  0.04882813 0.0 -1.958008 1.279297 0.0 -0.7470703 2.543945 0.0 -0.6884766 3.583984 0.0 -0.8837891 4.65332 0.0 -0.9033203
1.7528  0.04882813 0.0 -1.953125 1.274414 0.0 -0.7373047 2.539063 0.0 -0.6787109 3.579102 0.0 -0.8837891 4.648438 0.0 -0.8984375
1.7544  0.04394531 0.0 -1.948242 1.269531 0.0 -0.7275391 2.53418 0.0 -0.6738281 3.574219 0.0 -0.8789063 4.643555 0.0 -0.8935547
1.756  0.04394531 0.0 -1.943359 1.264648 0.0 -0.7177734 2.53418 0.0 -0.6640625 3.569336 0.0 -0.8740234 4.638672 0.0 -0.8935547
1.7576  0.04394531 0.0 -1.938477 1.264648 0.0 -0.7080078 2.529297 0.0 -0.6542969 3.564453 0.0 -0.8740234 4.628906 0.0 -0.8886719
1.7592  0.04394531 0.0 -1.933594 1.259766 0.0 -0.703125 2.524414 0.0 -0.6494141 3.55957 0.0 -0.8691406 4.624023 0.0 -0.8837891
1.7608  0.0390625 0.0 -1.928711 1.254883 0.0 -0.6933594 2.524414 0.0 -0.6396484 3.554688 0.0 -0.8691406 4.619141 0.0 -0.8789063
1.7624  0.0390625 0.0 -1.923828 1.25 0.0 -0.6835938 2.519531 0.0 -0.6347656 3.549805 0.0 -0.8642578 4.614258 0.0 -0.8740234
1.764  0.0390625 0.0 -1.918945 1.245117 0.0 -0.6738281 2.514648 0.0 -0.625 3.549805 0.0 -0.859375 4.609375 0.0 -0.8740234
1.7656  0.03417969 0.0 -1.918945 1.245117 0.0 -0.6640625 2.514648 0.0 -0.6152344 3.544922 0.0 -0.859375 4.604492 0.0 -0.8691406
1.7672  0.03417969 0.0 -1.914063 1.240234 0.0 -0.6591797 2.509766 0.0 -0.6103516 3.540039 0.0 -0.8544922 4.599609 0.0 -0.8642578
1.7688  0.03417969 0.0 -1.90918 1.235352 0.0 -0.6494141 2.509766 0.0 -0.6005859 3.535156 0.0 -0.8544922 4.594727 0.0 -0.859375
1.7704  0.03417969 0.0 -1.904297 1.235352 0.0 -0.6445313 2.504883 0.0 -0.5957031 3.530273 0.0 -0.8544922 4.589844 0.0 -0.859375
1.772  0.02929688 0.0 -1.899414 1.230469 0.0 -0.6347656 2.504883 0.0 -0.5859375 3.525391 0.0 -0.8496094 4.584961 0.0 -0.8544922
1.7736  0.02929688 0.0 -1.899414 1.230469 0.0 -0.6298828 2.5 0.0 -0.5810547 3.525391 0.0 -0.8496094 4.580078 0.0 -0.8496094
1.7752  0.02929688 0.0 -1.894531 1.225586 0.0 -0.6201172 2.5 0.0 -0.5761719 3.520508 0.0 -0.8447266 4.575195 0.0 -0.8496094
1.7768  0.02929688 0.0 -1.894531 1.225586 0.0 -0.6152344 2.495117 0.0 -0.5664063 3.515625 0.0 -0.8447266 4.575195 0.0 -0.8447266
1.7784  0.02929688 0.0 -1.889648 1.220703 0.0 -0.6103516 2.495117 0.0 -0.5615234 3.515625 0.0 -0.8447266 4.570313 0.0 -0.8447266
1.78  0.02441406 0.0 -1.884766 1.220703 0.0 -0.6054688 2.495117 0.0 -0.5566406 3.510742 0.0 -0.8398438 4.56543 0.0 -0.8398438
1.7816  0.02441406 0.0 -1.884766 1.220703 0.0 -0.6005859 2.490234 0.0 -0.546875 3.505859 0.0 -0.8398438 4.560547 0.0 -0.8398438
1.7832  0.02441406 0.0 -1.884766 1.21582 0.0 -0.5957031 2.490234 0.0 -0.5419922 3.505859 0.0 -0.8398438 4.555664 0.0 -0.8349609
1.7848  0.02441406 0.0 -1.879883 1.21582 0.0 -0.5908203 2.490234 0.0 -0.5371094 3.500977 0.0 -0.8398438 4.555664 0.0 -0.8349609
1.7864  0.02441406 0.0 -1.879883 1.21582 0.0 -0.5859375 2.490234 0.0 -0.5322266 3.500977 0.0 -0.8349609 4.550781 0.0 -0.8300781
1.788  0.01953125 0.0 -1.875 1.21582 0.0 -0.5810547 2.485352 0.0 -0.5273438 3.496094 0.0 -0.8349609 4.545898 0.0 -0.8300781
1.7896  0.01953125 0.0 -1.875 1.21582 0.0 -0.5761719 2.485352 0.0 -0.5224609 3.496094 0.0 -0.8349609 4.545898 0.0 -0.8300781
1.7912  0.01953125 0.0 -1.875 1.210938 0.0 -0.5712891 2.485352 0.0 -0.5175781 3.491211 0.0 -0.8349609 4.541016 0.0 -0.8251953
1.7928  0.01953125 0.0 -1.875 1.210938 0.0 -0.5712891 2.485352 0.0 -0.5126953 3.491211 0.0 -0.8349609 4.541016 0.0 -0.8251953
1.7944  0.01953125 0.0 -1.875 1.210938 0.0 -0.5664063 2.485352 0.0 -0.5078125 3.486328 0.0 -0.8300781 4.536133 0.0 -0.8251953
1.796  0.01953125 0.0 -1.870117 1.210938 0.0 -0.5664063 2.480469 0.0 -0.5029297 3.486328 0.0 -0.8300781 4.53125 0.0 -0.8203125
1.7976  0.01953125 0.0 -1.870117 1.210938 0.0 -0.5615234 2.480469 0.0 -0.4980469 3.481445 0.0 -0.8300781 4.53125 0.0 -0.8203125
1.7992  0.01464844 0.0 -1.870117 1.210938 0.0 -0.5615234 2.480469 0.0 -0.4931641 3.481445 0.0 -0.8300781 4.526367 0.0 -0.8203125
1.8008  0.01464844 0.0 -1.870117 1.210938 0.0 -0.5566406 2.480469 0.0 -0.4931641 3.481445 0.0 -0.8300781 4.526367 0.0 -0.8203125
1.8024  0.01464844 0.0 -1.870117 1.210938 0.0 -0.5566406 2.480469 0.0 -0.4882813 3.476563 0.0 -0.8300781 4.526367 0.0 -0.8154297
1.804  0.01464844 0.0 -1.870117 1.210938 0.0 -0.5566406 2.480469 0.0 -0.4833984 3.476563 0.0 -0.8300781 4.521484 0.0 -0.8154297
1.8056  0.01464844 0.0 -1.870117 1.210938 0.0 -0.5566406 2.480469 0.0 -0.4833984 3.476563 0.0 -0.8300781 4.521484 0.0 -0.8154297
1.8072  0.01464844 0.0 -1.875 1.210938 0.0 -0.5566406 2.480469 0.0 -0.4785156 3.47168 0.0 -0.8300781 4.516602 0.0 -0.8154297
1.8088  0.01464844 0.0 -1.875 1.210938 0.0 -0.5517578 2.480469 0.0 -0.4785156 3.47168 0.0 -0.8300781 4.516602 0.0 -0.8154297
1.8104  0.01464844 0.0 -1.875 1.210938 0.0 -0.5517578 2.480469 0.0 -0.4736328 3.47168 0.0 -0.8300781 4.516602 0.0 -0.8105469
1.812  0.01464844 0.0 -1.875 1.210938 0.0 -0.5517578 2.480469 0.0 -0.4736328 3.47168 0.0 -0.8300781 4.511719 0.0 -0.8105469
1.8136  0.01464844 0.0 -1.875 1.210938 0.0 -0.5517578 2.480469 0.0 -0.4736328 3.466797 0.0 -0.8300781 4.511719 0.0 -0.8105469
1.8152  0.01464844 0.0 -1.879883 1.210938 0.0 -0.5517578 2.480469 0.0 -0.46875 3.466797 0.0 -0.8300781 4.511719 0.0 -0.8105469
1.8168  0.01464844 0.0 -1.879883 1.210938 0.0 -0.5566406 2.480469 0.0 -0.46875 3.466797 0.0 -0.8300781 4.511719 0.0 -0.8056641
1.8184  0.01464844 0.0 -1.879883 1.210938 0.0 -0.5566406 2.480469 0.0 -0.46875 3.466797 0.0 -0.8300781 4.506836 0.0 -0.8056641
1.82  0.01464844 0.0 -1.884766 1.210938 0.0 -0.5566406 2.480469 0.0 -0.4638672 3.466797 0.0 -0.8300781 4.506836 0.0 -0.8056641
1.8216  0.01464844 0.0 -1.884766 1.210938 0.0 -0.5566406 2.480469 0.0 -0.4638672 3.466797 0.0 -0.8300781 4.506836 0.0 -0.8056641
1.8232  0.01464844 0.0 -1.884766 1.210938 0.0 -0.5566406 2.480469 0.0 -0.4638672 3.466797 0.0 -0.8300781 4.506836 0.0 -0.8056641
1.8248  0.01464844 0.0 -1.889648 1.210938 0.0 -0.5615234 2.475586 0.0 -0.4638672 3.466797 0.0 -0.8300781 4.506836 0.0 -0.8007813
1.8264  0.01464844 0.0 -1.889648 1.210938 0.0 -0.5615234 2.475586 0.0 -0.4638672 3.461914 0.0 -0.8300781 4.506836 0.0 -0.8007813
1.828  0.01464844 0.0 -1.894531 1.210938 0.0 -0.5615234 2.475586 0.0 -0.4638672 3.461914 0.0 -0.8300781 4.506836 0.0 -0.8007813
1.8296  0.01464844 0.0 -1.899414 1.210938 0.0 -0.5664063 2.475586 0.0 -0.4638672 3.461914 0.0 -0.8300781 4.506836 0.0 -0.7958984
1.8312  0.01464844 0.0 -1.899414 1.210938 0.0 -0.5664063 2.475586 0.0 -0.4638672 3.461914 0.0 -0.8251953 4.506836 0.0 -0.7958984
1.8328  0.01464844 0.0 -1.904297 1.210938 0.0 -0.5712891 2.475586 0.0 -0.4638672 3.461914 0.0 -0.8251953 4.506836 0.0 -0.7958984
1.8344  0.01464844 0.0 -1.904297 1.210938 0.0 -0.5761719 2.475586 0.0 -0.4638672 3.461914 0.0 -0.8251953 4.506836 0.0 -0.7958984
1.836  0.01464844 0.0 -1.90918 1.210938 0.0 -0.5810547 2.475586 0.0 -0.46875 3.461914 0.0 -0.8251953 4.506836 0.0 -0.7910156
1.8376  0.01464844 0.0 -1.914063 1.210938 0.0 -0.5810547 2.475586 0.0 -0.46875 3.466797 0.0 -0.8251953 4.506836 0.0 -0.7910156
1.8392  0.01464844 0.0 -1.918945 1.210938 0.0 -0.5859375 2.475586 0.0 -0.46875 3.466797 0.0 -0.8251953 4.506836 0.0 -0.7910156
1.8408  0.01464844 0.0 -1.918945 1.21582 0.0 -0.5908203 2.475586 0.0 -0.4736328 3.466797 0.0 -0.8251953 4.506836 0.0 -0.7861328
1.8424  0.01464844 0.0 -1.923828 1.21582 0.0 -0.6005859 2.475586 0.0 -0.4736328 3.466797 0.0 -0.8251953 4.506836 0.0 -0.7861328
1.844  0.01464844 0.0 -1.928711 1.21582 0.0 -0.6054688 2.475586 0.0 -0.4785156 3.466797 0.0 -0.8251953 4.511719 0.0 -0.7861328
1.8456  0.01464844 0.0 -1.933594 1.21582 0.0 -0.6103516 2.475586 0.0 -0.4785156 3.466797 0.0 -0.8251953 4.511719 0.0 -0.78125
1.8472  0.01464844 0.0 -1.938477 1.21582 0.0 -0.6201172 2.475586 0.0 -0.4833984 3.47168 0.0 -0.8251953 4.511719 0.0 -0.78125
1.8488  0.01464844 0.0 -1.943359 1.21582 0.0 -0.625 2.475586 0.0 -0.4882813 3.47168 0.0 -0.8251953 4.516602 0.0 -0.78125
1.8504  0.01464844 0.0 -1.948242 1.21582 0.0 -0.6347656 2.475586 0.0 -0.4931641 3.47168 0.0 -0.8251953 4.516602 0.0 -0.7763672
1.852  0.01953125 0.0 -1.953125 1.220703 0.0 -0.6445313 2.475586 0.0 -0.4931641 3.476563 0.0 -0.8251953 4.521484 0.0 -0.7763672
1.8536  0.01953125 0.0 -1.958008 1.220703 0.0 -0.6542969 2.475586 0.0 -0.4980469 3.476563 0.0 -0.8251953 4.521484 0.0 -0.7763672
1.8552  0.01953125 0.0 -1.962891 1.220703 0.0 -0.6640625 2.475586 0.0 -0.5078125 3.481445 0.0 -0.8251953 4.526367 0.0 -0.7763672
1.8568  0.01953125 0.0 -1.972656 1.225586 0.0 -0.6787109 2.475586 0.0 -0.5126953 3.481445 0.0 -0.8251953 4.53125 0.0 -0.7763672
1.8584  0.01953125 0.0 -1.977539 1.225586 0.0 -0.6884766 2.480469 0.0 -0.5175781 3.486328 0.0 -0.8251953 4.536133 0.0 -0.7714844
1.86  0.01953125 0.0 -1.982422 1.230469 0.0 -0.703125 2.480469 0.0 -0.5273438 3.486328 0.0 -0.8300781 4.536133 0.0 -0.7714844
1.8616  0.01953125 0.0 -1.992188 1.235352 0.0 -0.7177734 2.480469 0.0 -0.5322266 3.491211 0.0 -0.8300781 4.541016 0.0 -0.7714844
1.8632  0.01953125 0.0 -1.99707 1.235352 0.0 -0.7324219 2.485352 0.0 -0.5419922 3.496094 0.0 -0.8300781 4.545898 0.0 -0.7714844
1.8648  0.01953125 0.0 -2.006836 1.240234 0.0 -0.7470703 2.485352 0.0 -0.546875 3.500977 0.0 -0.8349609 4.555664 0.0 -0.7714844
1.8664  0.01953125 0.0 -2.016602 1.245117 0.0 -0.7666016 2.490234 0.0 -0.5566406 3.500977 0.0 -0.8349609 4.560547 0.0 -0.7714844
1.868  0.01953125 0.0 -2.021484 1.25 0.0 -0.78125 2.490234 0.0 -0.5664063 3.505859 0.0 -0.8398438 4.56543 0.0 -0.7714844
1.8696  0.02441406 0.0 -2.03125 1.254883 0.0 -0.8007813 2.495117 0.0 -0.5761719 3.510742 0.0 -0.8447266 4.570313 0.0 -0.7763672
1.8712  0.02441406 0.0 -2.041016 1.259766 0.0 -0.8203125 2.5 0.0 -0.5908203 3.515625 0.0 -0.8447266 4.580078 0.0 -0.7763672
1.8728  0.02441406 0.0 -2.050781 1.264648 0.0 -0.8398438 2.504883 0.0 -0.6005859 3.520508 0.0 -0.8496094 4.584961 0.0 -0.7763672
1.8744  0.02441406 0.0 -2.060547 1.269531 0.0 -0.859375 2.504883 0.0 -0.6152344 3.530273 0.0 -0.8544922 4.594727 0.0 -0.7763672
1.876  0.02441406 0.0 -2.070313 1.274414 0.0 -0.8837891 2.509766 0.0 -0.625 3.535156 0.0 -0.859375 4.599609 0.0 -0.78125
1.8776  0.02441406 0.0 -2.080078 1.28418 0.0 -0.9033203 2.514648 0.0 -0.6396484 3.540039 0.0 -0.8642578 4.609375 0.0 -0.78125
1.8792  0.02929688 0.0 -2.094727 1.289063 0.0 -0.9277344 2.519531 0.0 -0.6542969 3.544922 0.0 -0.8691406 4.619141 0.0 -0.7861328
1.8808  0.02929688 0.0 -2.104492 1.293945 0.0 -0.9472656 2.529297 0.0 -0.6689453 3.554688 0.0 -0.8789063 4.628906 0.0 -0.7861328
1.8824  0.02929688 0.0 -2.119141 1.303711 0.0 -0.9716797 2.53418 0.0 -0.6835938 3.55957 0.0 -0.8837891 4.638672 0.0 -0.7910156
1.884  0.02929688 0.0 -2.128906 1.313477 0.0 -0.9960938 2.539063 0.0 -0.6982422 3.569336 0.0 -0.8886719 4.648438 0.0 -0.7910156
1.8856  0.03417969 0.0 -2.143555 1.318359 0.0 -1.020508 2.543945 0.0 -0.7177734 3.574219 0.0 -0.8984375 4.658203 0.0 -0.7958984
1.8872  0.03417969 0.0 -2.158203 1.328125 0.0 -1.044922 2.553711 0.0 -0.7324219 3.583984 0.0 -0.9033203 4.667969 0.0 -0.8007813
1.8888  0.03417969 0.0 -2.167969 1.337891 0.0 -1.074219 2.558594 0.0 -0.7519531 3.59375 0.0 -0.9130859 4.677734 0.0 -0.8056641
1.8904  0.0390625 0.0 -2.182617 1.347656 0.0 -1.098633 2.568359 0.0 -0.7714844 3.598633 0.0 -0.9228516 4.692383 0.0 -0.8105469
1.892  0.0390625 0.0 -2.197266 1.357422 0.0 -1.123047 2.573242 0.0 -0.7861328 3.608398 0.0 -0.9277344 4.702148 0.0 -0.8154297
1.8936  0.04394531 0.0 -2.211914 1.367188 0.0 -1.147461 2.583008 0.0 -0.8056641 3.618164 0.0 -0.9375 4.711914 0.0 -0.8203125
1.8952  0.04394531 0.0 -2.226563 1.376953 0.0 -1.176758 2.592773 0.0 -0.8251953 3.62793 0.0 -0.9472656 4.726563 0.0 -0.8251953
1.8968  0.04882813 0.0 -2.246094 1.386719 0.0 -1.201172 2.597656 0.0 -0.8496094 3.637695 0.0 -0.9570313 4.736328 0.0 -0.8300781
1.8984  0.04882813 0.0 -2.260742 1.396484 0.0 -1.230469 2.607422 0.0 -0.8691406 3.642578 0.0 -0.9667969 4.746094 0.0 -0.8349609
1.9  0.05371094 0.0 -2.275391 1.40625 0.0 -1.254883 2.617188 0.0 -0.8886719 3.652344 0.0 -0.9765625 4.760742 0.0 -0.8398438
1.9016  0.05371094 0.0 -2.294922 1.416016 0.0 -1.28418 2.626953 0.0 -0.9130859 3.662109 0.0 -0.9863281 4.770508 0.0 -0.8447266
1.9032  0.05859375 0.0 -2.30957 1.425781 0.0 -1.308594 2.631836 0.0 -0.9326172 3.671875 0.0 -1.000977 4.780273 0.0 -0.8544922
1.9048  0.06347656 0.0 -2.324219 1.44043 0.0 -1.337891 2.641602 0.0 -0.9570313 3.681641 0.0 -1.010742 4.794922 0.0 -0.859375
1.9064  0.06347656 0.0 -2.34375 1.450195 0.0 -1.362305 2.651367 0.0 -0.9814453 3.691406 0.0 -1.020508 4.804688 0.0 -0.8642578
1.908  0.06835938 0.0 -2.363281 1.459961 0.0 -1.391602 2.661133 0.0 -1.000977 3.701172 0.0 -1.030273 4.814453 0.0 -0.8740234
1.9096  0.07324219 0.0 -2.37793 1.469727 0.0 -1.416016 2.670898 0.0 -1.025391 3.710938 0.0 -1.044922 4.824219 0.0 -0.8789063
1.9112  0.078125 0.0 -2.397461 1.479492 0.0 -1.445313 2.675781 0.0 -1.049805 3.71582 0.0 -1.054688 4.838867 0.0 -0.8837891
1.9128  0.078125 0.0 -2.416992 1.489258 0.0 -1.469727 2.685547 0.0 -1.069336 3.725586 0.0 -1.064453 4.848633 0.0 -0.8935547
1.9144  0.08300781 0.0 -2.431641 1.499023 0.0 -1.494141 2.695313 0.0 -1.09375 3.735352 0.0 -1.079102 4.853516 0.0 -0.8984375
1.916  0.08789063 0.0 -2.451172 1.508789 0.0 -1.523438 2.705078 0.0 -1.118164 3.740234 0.0 -1.088867 4.863281 0.0 -0.9033203
1.9176  0.09277344 0.0 -2.470703 1.518555 0.0 -1.547852 2.709961 0.0 -1.142578 3.75 0.0 -1.103516 4.873047 0.0 -0.9130859
1.9192  0.09765625 0.0 -2.490234 1.52832 0.0 -1.572266 2.719727 0.0 -1.166992 3.754883 0.0 -1.113281 4.882813 0.0 -0.9179688
1.9208  0.1025391 0.0 -2.504883 1.538086 0.0 -1.59668 2.724609 0.0 -1.186523 3.764648 0.0 -1.123047 4.887695 0.0 -0.9228516
1.9224  0.1025391 0.0 -2.524414 1.547852 0.0 -1.621094 2.734375 0.0 -1.210938 3.769531 0.0 -1.137695 4.897461 0.0 -0.9326172
1.924  0.1074219 0.0 -2.543945 1.552734 0.0 -1.645508 2.739258 0.0 -1.235352 3.774414 0.0 -1.147461 4.902344 0.0 -0.9375
1.9256  0.1123047 0.0 -2.563477 1.5625 0.0 -1.669922 2.744141 0.0 -1.259766 3.779297 0.0 -1.157227 4.907227 0.0 -0.9423828
1.9272  0.1171875 0.0 -2.583008 1.567383 0.0 -1.694336 2.749023 0.0 -1.279297 3.78418 0.0 -1.171875 4.912109 0.0 -0.9472656
1.9288  0.1220703 0.0 -2.597656 1.572266 0.0 -1.71875 2.753906 0.0 -1.303711 3.789063 0.0 -1.181641 4.916992 0.0 -0.9521484
1.9304  0.1269531 0.0 -2.617188 1.577148 0.0 -1.738281 2.758789 0.0 -1.328125 3.793945 0.0 -1.191406 4.921875 0.0 -0.9570313
1.932  0.1318359 0.0 -2.636719 1.586914 0.0 -1.762695 2.763672 0.0 -1.347656 3.798828 0.0 -1.206055 4.921875 0.0 -0.9667969
1.9336  0.1367188 0.0 -2.651367 1.591797 0.0 -1.787109 2.768555 0.0 -1.367188 3.798828 0.0 -1.21582 4.926758 0.0 -0.9716797
1.9352  0.1416016 0.0 -2.670898 1.591797 0.0 -1.806641 2.768555 0.0 -1.391602 3.803711 0.0 -1.225586 4.926758 0.0 -0.9765625
1.9368  0.1416016 0.0 -2.69043 1.59668 0.0 -1.826172 2.773438 0.0 -1.411133 3.803711 0.0 -1.235352 4.926758 0.0 -0.9814453
1.9384  0.1464844 0.0 -2.705078 1.601563 0.0 -1.850586 2.773438 0.0 -1.430664 3.803711 0.0 -1.245117 4.931641 0.0 -0.9863281
1.94  0.1513672 0.0 -2.724609 1.601563 0.0 -1.870117 2.77832 0.0 -1.455078 3.803711 0.0 -1.259766 4.931641 0.0 -0.9863281
1.9416  0.15625 0.0 -2.739258 1.606445 0.0 -1.889648 2.77832 0.0 -1.474609 3.803711 0.0 -1.269531 4.931641 0.0 -0.9912109
1.9432  0.1611328 0.0 -2.758789 1.606445 0.0 -1.90918 2.77832 0.0 -1.494141 3.803711 0.0 -1.279297 4.926758 0.0 -0.9960938
1.9448  0.1611328 0.0 -2.773438 1.611328 0.0 -1.928711 2.783203 0.0 -1.513672 3.803711 0.0 -1.289063 4.926758 0.0 -1.000977
1.9464  0.1660156 0.0 -2.788086 1.611328 0.0 -1.948242 2.783203 0.0 -1.533203 3.803711 0.0 -1.298828 4.926758 0.0 -1.005859
1.948  0.1708984 0.0 -2.807617 1.611328 0.0 -1.967773 2.783203 0.0 -1.547852 3.798828 0.0 -1.308594 4.926758 0.0 -1.010742
1.9496  0.1708984 0.0 -2.822266 1.611328 0.0 -1.982422 2.783203 0.0 -1.567383 3.798828 0.0 -1.318359 4.921875 0.0 -1.015625
1.9512  0.1757813 0.0 -2.836914 1.611328 0.0 -2.001953 2.783203 0.0 -1.586914 3.798828 0.0 -1.328125 4.921875 0.0 -1.020508
1.9528  0.1806641 0.0 -2.851563 1.611328 0.0 -2.021484 2.783203 0.0 -1.601563 3.793945 0.0 -1.337891 4.916992 0.0 -1.020508
1.9544  0.1806641 0.0 -2.866211 1.611328 0.0 -2.036133 2.77832 0.0 -1.621094 3.793945 0.0 -1.347656 4.912109 0.0 -1.025391
1.956  0.1855469 0.0 -2.880859 1.611328 0.0 -2.050781 2.77832 0.0 -1.635742 3.789063 0.0 -1.357422 4.912109 0.0 -1.030273
1.9576  0.1904297 0.0 -2.895508 1.611328 0.0 -2.070313 2.77832 0.0 -1.655273 3.789063 0.0 -1.367188 4.907227 0.0 -1.035156
1.9592  0.1904297 0.0 -2.905273 1.611328 0.0 -2.084961 2.77832 0.0 -1.669922 3.78418 0.0 -1.37207 4.907227 0.0 -1.040039
1.9608  0.1953125 0.0 -2.919922 1.611328 0.0 -2.099609 2.77832 0.0 -1.68457 3.779297 0.0 -1.381836 4.902344 0.0 -1.044922
1.9624  0.1953125 0.0 -2.93457 1.606445 0.0 -2.114258 2.77832 0.0 -1.704102 3.779297 0.0 -1.391602 4.897461 0.0 -1.049805
1.964  0.2001953 0.0 -2.944336 1.606445 0.0 -2.128906 2.773438 0.0 -1.71875 3.774414 0.0 -1.401367 4.892578 0.0 -1.054688
1.9656  0.2001953 0.0 -2.958984 1.606445 0.0 -2.143555 2.773438 0.0 -1.733398 3.774414 0.0 -1.411133 4.892578 0.0 -1.05957
1.9672  0.2050781 0.0 -2.96875 1.606445 0.0 -2.15332 2.773438 0.0 -1.748047 3.769531 0.0 -1.420898 4.887695 0.0 -1.064453
1.9688  0.2050781 0.0 -2.983398 1.606445 0.0 -2.167969 2.773438 0.0 -1.762695 3.769531 0.0 -1.425781 4.882813 0.0 -1.069336
1.9704  0.2099609 0.0 -2.993164 1.601563 0.0 -2.177734 2.773438 0.0 -1.772461 3.764648 0.0 -1.435547 4.882813 0.0 -1.074219
1.972  0.2099609 0.0 -3.00293 1.601563 0.0 -2.192383 2.773438 0.0 -1.787109 3.764648 0.0 -1.445313 4.87793 0.0 -1.079102
1.9736  0.2148438 0.0 -3.012695 1.601563 0.0 -2.202148 2.773438 0.0 -1.801758 3.759766 0.0 -1.450195 4.873047 0.0 -1.083984
1.9752  0.2148438 0.0 -3.022461 1.601563 0.0 -2.216797 2.768555 0.0 -1.816406 3.759766 0.0 -1.459961 4.873047 0.0 -1.088867
1.9768  0.2148438 0.0 -3.032227 1.601563 0.0 -2.226563 2.768555 0.0 -1.826172 3.754883 0.0 -1.469727 4.868164 0.0 -1.09375
1.9784  0.2197266 0.0 -3.041992 1.601563 0.0 -2.236328 2.768555 0.0 -1.84082 3.754883 0.0 -1.474609 4.868164 0.0 -1.098633
1.98  0.2197266 0.0 -3.051758 1.601563 0.0 -2.246094 2.768555 0.0 -1.850586 3.75 0.0 -1.484375 4.863281 0.0 -1.103516
1.9816  0.2197266 0.0 -3.061523 1.59668 0.0 -2.255859 2.768555 0.0 -1.865234 3.75 0.0 -1.489258 4.863281 0.0 -1.108398
1.9832  0.2246094 0.0 -3.071289 1.59668 0.0 -2.265625 2.768555 0.0 -1.875 3.75 0.0 -1.499023 4.858398 0.0 -1.113281
1.9848  0.2246094 0.0 -3.076172 1.59668 0.0 -2.275391 2.768555 0.0 -1.889648 3.745117 0.0 -1.503906 4.858398 0.0 -1.118164
1.9864  0.2246094 0.0 -3.085938 1.59668 0.0 -2.285156 2.768555 0.0 -1.899414 3.745117 0.0 -1.513672 4.853516 0.0 -1.123047
1.988  0.2246094 0.0 -3.09082 1.59668 0.0 -2.290039 2.768555 0.0 -1.90918 3.745117 0.0 -1.518555 4.853516 0.0 -1.12793
1.9896  0.2294922 0.0 -3.100586 1.59668 0.0 -2.299805 2.768555 0.0 -1.918945 3.740234 0.0 -1.523438 4.848633 0.0 -1.132813
1.9912  0.2294922 0.0 -3.105469 1.59668 0.0 -2.30957 2.768555 0.0 -1.928711 3.740234 0.0 -1.533203 4.848633 0.0 -1.137695
1.9928  0.2294922 0.0 -3.115234 1.59668 0.0 -2.314453 2.768555 0.0 -1.938477 3.740234 0.0 -1.538086 4.848633 0.0 -1.142578
1.9944  0.2294922 0.0 -3.120117 1.59668 0.0 -2.324219 2.773438 0.0 -1.948242 3.740234 0.0 -1.542969 4.84375 0.0 -1.147461
1.996  0.2294922 0.0 -3.125 1.59668 0.0 -2.329102 2.773438 0.0 -1.958008 3.735352 0.0 -1.547852 4.84375 0.0 -1.152344
1.9976  0.2294922 0.0 -3.129883 1.59668 0.0 -2.333984 2.773438 0.0 -1.967773 3.735352 0.0 -1.552734 4.84375 0.0 -1.157227
1.9992  0.234375 0.0 -3.134766 1.591797 0.0 -2.34375 2.773438 0.0 -1.977539 3.735352 0.0 -1.557617 4.838867 0.0 -1.162109
2.0008  0.234375 0.0 -3.139648 1.591797 0.0 -2.348633 2.773438 0.0 -1.987305 3.735352 0.0 -1.5625 4.838867 0.0 -1.166992
2.0024  0.234375 0.0 -3.144531 1.591797 0.0 -2.353516 2.773438 0.0 -1.992188 3.735352 0.0 -1.567383 4.838867 0.0 -1.171875
2.004  0.234375 0.0 -3.149414 1.591797 0.0 -2.358398 2.773438 0.0 -2.001953 3.735352 0.0 -1.572266 4.838867 0.0 -1.171875
2.0056  0.234375 0.0 -3.154297 1.591797 0.0 -2.363281 2.773438 0.0 -2.006836 3.735352 0.0 -1.577148 4.833984 0.0 -1.176758
2.0072  0.234375 0.0 -3.15918 1.591797 0.0 -2.368164 2.773438 0.0 -2.016602 3.735352 0.0 -1.582031 4.833984 0.0 -1.181641
2.0088  0.234375 0.0 -3.164063 1.591797 0.0 -2.373047 2.773438 0.0 -2.021484 3.735352 0.0 -1.582031 4.833984 0.0 -1.186523
2.0104  0.234375 0.0 -3.164063 1.591797 0.0 -2.37793 2.77832 0.0 -2.03125 3.735352 0.0 -1.586914 4.833984 0.0 -1.186523
2.012  0.2392578 0.0 -3.168945 1.591797 0.0 -2.382813 2.77832 0.0 -2.036133 3.735352 0.0 -1.591797 4.833984 0.0 -1.191406
2.0136  0.2392578 0.0 -3.173828 1.591797 0.0 -2.387695 2.77832 0.0 -2.041016 3.735352 0.0 -1.59668 4.833984 0.0 -1.196289
2.0152  0.2392578 0.0 -3.173828 1.591797 0.0 -2.387695 2.77832 0.0 -2.045898 3.735352 0.0 -1.59668 4.829102 0.0 -1.201172
2.0168  0.2392578 0.0 -3.178711 1.591797 0.0 -2.392578 2.77832 0.0 -2.050781 3.735352 0.0 -1.601563 4.829102 0.0 -1.201172
2.0184  0.2392578 0.0 -3.178711 1.591797 0.0 -2.397461 2.77832 0.0 -2.055664 3.735352 0.0 -1.601563 4.829102 0.0 -1.206055
2.02  0.2392578 0.0 -3.178711 1.591797 0.0 -2.397461 2.77832 0.0 -2.060547 3.735352 0.0 -1.606445 4.829102 0.0 -1.210938
2.0216  0.2392578 0.0 -3.183594 1.591797 0.0 -2.402344 2.77832 0.0 -2.06543 3.735352 0.0 -1.606445 4.829102 0.0 -1.210938
2.0232  0.2392578 0.0 -3.183594 1.591797 0.0 -2.402344 2.783203 0.0 -2.070313 3.735352 0.0 -1.611328 4.829102 0.0 -1.21582
2.0248  0.2392578 0.0 -3.183594 1.591797 0.0 -2.407227 2.783203 0.0 -2.075195 3.735352 0.0 -1.611328 4.829102 0.0 -1.21582
2.0264  0.2392578 0.0 -3.183594 1.591797 0.0 -2.407227 2.783203 0.0 -2.080078 3.735352 0.0 -1.616211 4.829102 0.0 -1.220703
2.028  0.234375 0.0 -3.188477 1.591797 0.0 -2.412109 2.783203 0.0 -2.084961 3.735352 0.0 -1.616211 4.829102 0.0 -1.225586
2.0296  0.234375 0.0 -3.188477 1.591797 0.0 -2.412109 2.783203 0.0 -2.084961 3.740234 0.0 -1.621094 4.829102 0.0 -1.225586
2.0312  0.234375 0.0 -3.188477 1.591797 0.0 -2.412109 2.783203 0.0 -2.089844 3.740234 0.0 -1.621094 4.829102 0.0 -1.230469
2.0328  0.234375 0.0 -3.188477 1.591797 0.0 -2.416992 2.783203 0.0 -2.094727 3.740234 0.0 -1.621094 4.829102 0.0 -1.235352
2.0344  0.234375 0.0 -3.188477 1.591797 0.0 -2.416992 2.783203 0.0 -2.094727 3.740234 0.0 -1.625977 4.829102 0.0 -1.235352
2.036  0.234375 0.0 -3.188477 1.591797 0.0 -2.416992 2.788086 0.0 -2.099609 3.740234 0.0 -1.625977 4.833984 0.0 -1.240234
2.0376  0.234375 0.0 -3.188477 1.591797 0.0 -2.416992 2.788086 0.0 -2.099609 3.740234 0.0 -1.625977 4.833984 0.0 -1.245117
2.0392  0.234375 0.0 -3.188477 1.591797 0.0 -2.416992 2.788086 0.0 -2.099609 3.740234 0.0 -1.630859 4.833984 0.0 -1.245117
2.0408  0.234375 0.0 -3.188477 1.591797 0.0 -2.416992 2.788086 0.0 -2.104492 3.740234 0.0 -1.630859 4.833984 0.0 -1.25
2.0424  0.234375 0.0 -3.188477 1.591797 0.0 -2.416992 2.788086 0.0 -2.104492 3.740234 0.0 -1.630859 4.833984 0.0 -1.25
2.044  0.234375 0.0 -3.188477 1.59668 0.0 -2.416992 2.788086 0.0 -2.104492 3.745117 0.0 -1.630859 4.833984 0.0 -1.254883
2.0456  0.234375 0.0 -3.188477 1.59668 0.0 -2.416992 2.788086 0.0 -2.104492 3.745117 0.0 -1.635742 4.833984 0.0 -1.259766
2.0472  0.234375 0.0 -3.188477 1.59668 0.0 -2.416992 2.788086 0.0 -2.109375 3.745117 0.0 -1.635742 4.838867 0.0 -1.259766
2.0488  0.234375 0.0 -3.183594 1.59668 0.0 -2.416992 2.788086 0.0 -2.109375 3.745117 0.0 -1.635742 4.838867 0.0 -1.264648
2.0504  0.234375 0.0 -3.183594 1.59668 0.0 -2.416992 2.792969 0.0 -2.109375 3.745117 0.0 -1.635742 4.838867 0.0 -1.264648
2.052  0.234375 0.0 -3.183594 1.59668 0.0 -2.416992 2.792969 0.0 -2.109375 3.745117 0.0 -1.640625 4.838867 0.0 -1.269531
2.0536  0.234375 0.0 -3.183594 1.59668 0.0 -2.412109 2.792969 0.0 -2.109375 3.75 0.0 -1.640625 4.838867 0.0 -1.269531
2.0552  0.234375 0.0 -3.183594 1.59668 0.0 -2.412109 2.792969 0.0 -2.109375 3.75 0.0 -1.640625 4.838867 0.0 -1.274414
2.0568  0.234375 0.0 -3.178711 1.59668 0.0 -2.412109 2.792969 0.0 -2.109375 3.75 0.0 -1.640625 4.84375 0.0 -1.279297
2.0584  0.2392578 0.0 -3.178711 1.59668 0.0 -2.412109 2.792969 0.0 -2.104492 3.75 0.0 -1.640625 4.84375 0.0 -1.279297
2.06  0.2392578 0.0 -3.178711 1.601563 0.0 -2.407227 2.792969 0.0 -2.104492 3.75 0.0 -1.640625 4.84375 0.0 -1.279297
2.0616  0.2392578 0.0 -3.173828 1.601563 0.0 -2.407227 2.797852 0.0 -2.104492 3.75 0.0 -1.640625 4.84375 0.0 -1.28418
2.0632  0.2392578 0.0 -3.173828 1.601563 0.0 -2.402344 2.797852 0.0 -2.104492 3.754883 0.0 -1.640625 4.848633 0.0 -1.28418
2.0648  0.2392578 0.0 -3.173828 1.601563 0.0 -2.402344 2.797852 0.0 -2.104492 3.754883 0.0 -1.640625 4.848633 0.0 -1.289063
2.0664  0.2392578 0.0 -3.168945 1.601563 0.0 -2.397461 2.797852 0.0 -2.099609 3.754883 0.0 -1.640625 4.848633 0.0 -1.289063
2.068  0.2392578 0.0 -3.168945 1.601563 0.0 -2.397461 2.797852 0.0 -2.099609 3.754883 0.0 -1.640625 4.853516 0.0 -1.289063
2.0696  0.2441406 0.0 -3.164063 1.601563 0.0 -2.392578 2.797852 0.0 -2.094727 3.754883 0.0 -1.640625 4.853516 0.0 -1.293945
2.0712  0.2441406 0.0 -3.164063 1.601563 0.0 -2.387695 2.797852 0.0 -2.094727 3.759766 0.0 -1.640625 4.853516 0.0 -1.293945
2.0728  0.2441406 0.0 -3.15918 1.601563 0.0 -2.387695 2.797852 0.0 -2.089844 3.759766 0.0 -1.640625 4.853516 0.0 -1.293945
2.0744  0.2441406 0.0 -3.154297 1.601563 0.0 -2.382813 2.797852 0.0 -2.089844 3.759766 0.0 -1.640625 4.858398 0.0 -1.293945
2.076  0.2441406 0.0 -3.154297 1.606445 0.0 -2.37793 2.802734 0.0 -2.084961 3.759766 0.0 -1.640625 4.858398 0.0 -1.298828
2.0776  0.2441406 0.0 -3.149414 1.606445 0.0 -2.373047 2.802734 0.0 -2.080078 3.759766 0.0 -1.635742 4.858398 0.0 -1.298828
2.0792  0.2441406 0.0 -3.144531 1.606445 0.0 -2.368164 2.802734 0.0 -2.080078 3.759766 0.0 -1.635742 4.863281 0.0 -1.298828
2.0808  0.2441406 0.0 -3.144531 1.606445 0.0 -2.363281 2.802734 0.0 -2.075195 3.764648 0.0 -1.635742 4.863281 0.0 -1.298828
2.0824  0.2490234 0.0 -3.139648 1.606445 0.0 -2.358398 2.802734 0.0 -2.070313 3.764648 0.0 -1.635742 4.863281 0.0 -1.298828
2.084  0.2490234 0.0 -3.134766 1.606445 0.0 -2.353516 2.802734 0.0 -2.06543 3.764648 0.0 -1.630859 4.868164 0.0 -1.298828
2.0856  0.2490234 0.0 -3.129883 1.606445 0.0 -2.348633 2.802734 0.0 -2.060547 3.764648 0.0 -1.630859 4.868164 0.0 -1.298828
2.0872  0.2490234 0.0 -3.125 1.606445 0.0 -2.34375 2.802734 0.0 -2.055664 3.764648 0.0 -1.625977 4.868164 0.0 -1.298828
2.0888  0.2490234 0.0 -3.120117 1.606445 0.0 -2.333984 2.802734 0.0 -2.050781 3.764648 0.0 -1.625977 4.873047 0.0 -1.298828
2.0904  0.2490234 0.0 -3.115234 1.606445 0.0 -2.329102 2.802734 0.0 -2.045898 3.769531 0.0 -1.621094 4.873047 0.0 -1.298828
2.092  0.2490234 0.0 -3.110352 1.606445 0.0 -2.324219 2.802734 0.0 -2.041016 3.769531 0.0 -1.621094 4.873047 0.0 -1.298828
2.0936  0.2490234 0.0 -3.105469 1.606445 0.0 -2.314453 2.802734 0.0 -2.03125 3.769531 0.0 -1.616211 4.87793 0.0 -1.293945
2.0952  0.2539063 0.0 -3.100586 1.606445 0.0 -2.30957 2.802734 0.0 -2.026367 3.769531 0.0 -1.611328 4.87793 0.0 -1.293945
2.0968  0.2539063 0.0 -3.09082 1.606445 0.0 -2.299805 2.802734 0.0 -2.021484 3.769531 0.0 -1.611328 4.87793 0.0 -1.293945
2.0984  0.2539063 0.0 -3.085938 1.606445 0.0 -2.294922 2.802734 0.0 -2.016602 3.769531 0.0 -1.606445 4.882813 0.0 -1.293945
2.1  0.2539063 0.0 -3.081055 1.606445 0.0 -2.285156 2.802734 0.0 -2.006836 3.774414 0.0 -1.601563 4.882813 0.0 -1.289063
2.1016  0.2539063 0.0 -3.076172 1.606445 0.0 -2.275391 2.802734 0.0 -2.001953 3.774414 0.0 -1.59668 4.882813 0.0 -1.289063
2.1032  0.2539063 0.0 -3.066406 1.606445 0.0 -2.270508 2.802734 0.0 -1.992188 3.774414 0.0 -1.591797 4.887695 0.0 -1.289063
2.1048  0.2539063 0.0 -3.061523 1.606445 0.0 -2.260742 2.802734 0.0 -1.987305 3.774414 0.0 -1.591797 4.887695 0.0 -1.28418
2.1064  0.2539063 0.0 -3.056641 1.606445 0.0 -2.250977 2.802734 0.0 -1.977539 3.774414 0.0 -1.586914 4.887695 0.0 -1.28418
2.108  0.2587891 0.0 -3.046875 1.606445 0.0 -2.246094 2.802734 0.0 -1.972656 3.774414 0.0 -1.582031 4.892578 0.0 -1.279297
2.1096  0.2587891 0.0 -3.041992 1.606445 0.0 -2.236328 2.802734 0.0 -1.962891 3.774414 0.0 -1.577148 4.892578 0.0 -1.279297
2.1112  0.2587891 0.0 -3.032227 1.606445 0.0 -2.226563 2.802734 0.0 -1.953125 3.779297 0.0 -1.572266 4.892578 0.0 -1.279297
2.1128  0.2587891 0.0 -3.027344 1.606445 0.0 -2.216797 2.802734 0.0 -1.948242 3.779297 0.0 -1.567383 4.897461 0.0 -1.274414
2.1144  0.2587891 0.0 -3.022461 1.606445 0.0 -2.207031 2.802734 0.0 -1.938477 3.779297 0.0 -1.5625 4.897461 0.0 -1.274414
2.116  0.2587891 0.0 -3.012695 1.606445 0.0 -2.202148 2.802734 0.0 -1.933594 3.779297 0.0 -1.557617 4.902344 0.0 -1.269531
2.1176  0.2587891 0.0 -3.007813 1.606445 0.0 -2.192383 2.802734 0.0 -1.923828 3.779297 0.0 -1.552734 4.902344 0.0 -1.269531
2.1192  0.2587891 0.0 -2.998047 1.606445 0.0 -2.182617 2.802734 0.0 -1.914063 3.779297 0.0 -1.547852 4.902344 0.0 -1.269531
2.1208  0.2587891 0.0 -2.993164 1.606445 0.0 -2.172852 2.802734 0.0 -1.90918 3.779297 0.0 -1.542969 4.907227 0.0 -1.264648
2.1224  0.2587891 0.0 -2.983398 1.601563 0.0 -2.163086 2.797852 0.0 -1.899414 3.779297 0.0 -1.538086 4.907227 0.0 -1.264648
2.124  0.2587891 0.0 -2.978516 1.601563 0.0 -2.15332 2.797852 0.0 -1.889648 3.779297 0.0 -1.533203 4.907227 0.0 -1.259766
2.1256  0.2587891 0.0 -2.96875 1.601563 0.0 -2.143555 2.797852 0.0 -1.879883 3.78418 0.0 -1.52832 4.912109 0.0 -1.259766
2.1272  0.2587891 0.0 -2.963867 1.601563 0.0 -2.133789 2.797852 0.0 -1.875 3.78418 0.0 -1.523438 4.912109 0.0 -1.254883
2.1288  0.2587891 0.0 -2.954102 1.601563 0.0 -2.124023 2.797852 0.0 -1.865234 3.78418 0.0 -1.518555 4.912109 0.0 -1.254883
2.1304  0.2587891 0.0 -2.949219 1.601563 0.0 -2.114258 2.797852 0.0 -1.855469 3.78418 0.0 -1.513672 4.912109 0.0 -1.254883
2.132  0.2587891 0.0 -2.939453 1.601563 0.0 -2.104492 2.797852 0.0 -1.850586 3.78418 0.0 -1.508789 4.916992 0.0 -1.25
2.1336  0.2587891 0.0 -2.93457 1.601563 0.0 -2.094727 2.797852 0.0 -1.84082 3.78418 0.0 -1.503906 4.916992 0.0 -1.25
2.1352  0.2587891 0.0 -2.924805 1.601563 0.0 -2.084961 2.792969 0.0 -1.831055 3.78418 0.0 -1.499023 4.916992 0.0 -1.245117
2.1368  0.2539063 0.0 -2.919922 1.59668 0.0 -2.075195 2.792969 0.0 -1.821289 3.78418 0.0 -1.494141 4.921875 0.0 -1.245117
2.1384  0.2539063 0.0 -2.910156 1.59668 0.0 -2.06543 2.792969 0.0 -1.811523 3.78418 0.0 -1.489258 4.921875 0.0 -1.245117
2.14  0.2539063 0.0 -2.905273 1.59668 0.0 -2.055664 2.792969 0.0 -1.806641 3.78418 0.0 -1.479492 4.921875 0.0 -1.240234
2.1416  0.2539063 0.0 -2.895508 1.59668 0.0 -2.045898 2.792969 0.0 -1.796875 3.78418 0.0 -1.474609 4.921875 0.0 -1.240234
2.1432  0.2539063 0.0 -2.890625 1.59668 0.0 -2.036133 2.792969 0.0 -1.787109 3.78418 0.0 -1.469727 4.926758 0.0 -1.235352
2.1448  0.2539063 0.0 -2.880859 1.59668 0.0 -2.026367 2.788086 0.0 -1.777344 3.78418 0.0 -1.464844 4.926758 0.0 -1.235352
2.1464  0.2539063 0.0 -2.871094 1.591797 0.0 -2.016602 2.788086 0.0 -1.772461 3.78418 0.0 -1.459961 4.926758 0.0 -1.230469
2.148  0.2539063 0.0 -2.866211 1.591797 0.0 -2.006836 2.788086 0.0 -1.762695 3.78418 0.0 -1.450195 4.926758 0.0 -1.230469
2.1496  0.2490234 0.0 -2.856445 1.591797 0.0 -1.99707 2.788086 0.0 -1.75293 3.78418 0.0 -1.445313 4.926758 0.0 -1.230469
2.1512  0.2490234 0.0 -2.851563 1.591797 0.0 -1.987305 2.788086 0.0 -1.743164 3.78418 0.0 -1.44043 4.931641 0.0 -1.225586
2.1528  0.2490234 0.0 -2.84668 1.591797 0.0 -1.977539 2.788086 0.0 -1.733398 3.78418 0.0 -1.435547 4.931641 0.0 -1.225586
2.1544  0.2490234 0.0 -2.836914 1.591797 0.0 -1.967773 2.783203 0.0 -1.723633 3.78418 0.0 -1.425781 4.931641 0.0 -1.220703
2.156  0.2490234 0.0 -2.832031 1.586914 0.0 -1.958008 2.783203 0.0 -1.713867 3.78418 0.0 -1.420898 4.931641 0.0 -1.220703
2.1576  0.2490234 0.0 -2.822266 1.586914 0.0 -1.948242 2.783203 0.0 -1.708984 3.789063 0.0 -1.416016 4.931641 0.0 -1.21582
2.1592  0.2441406 0.0 -2.817383 1.586914 0.0 -1.938477 2.783203 0.0 -1.699219 3.789063 0.0 -1.40625 4.936523 0.0 -1.21582
2.1608  0.2441406 0.0 -2.807617 1.586914 0.0 -1.928711 2.77832 0.0 -1.689453 3.789063 0.0 -1.401367 4.936523 0.0 -1.210938
2.1624  0.2441406 0.0 -2.802734 1.586914 0.0 -1.918945 2.77832 0.0 -1.679688 3.789063 0.0 -1.396484 4.936523 0.0 -1.210938
2.164  0.2441406 0.0 -2.792969 1.586914 0.0 -1.90918 2.77832 0.0 -1.669922 3.789063 0.0 -1.386719 4.936523 0.0 -1.206055
2.1656  0.2441406 0.0 -2.788086 1.582031 0.0 -1.899414 2.77832 0.0 -1.660156 3.789063 0.0 -1.381836 4.936523 0.0 -1.206055
2.1672  0.2392578 0.0 -2.77832 1.582031 0.0 -1.889648 2.77832 0.0 -1.650391 3.789063 0.0 -1.376953 4.936523 0.0 -1.201172
2.1688  0.2392578 0.0 -2.773438 1.582031 0.0 -1.879883 2.773438 0.0 -1.645508 3.789063 0.0 -1.367188 4.936523 0.0 -1.201172
2.1704  0.2392578 0.0 -2.768555 1.582031 0.0 -1.870117 2.773438 0.0 -1.635742 3.789063 0.0 -1.362305 4.941406 0.0 -1.196289
2.172  0.2392578 0.0 -2.758789 1.577148 0.0 -1.860352 2.773438 0.0 -1.625977 3.789063 0.0 -1.357422 4.941406 0.0 -1.196289
2.1736  0.234375 0.0 -2.753906 1.577148 0.0 -1.850586 2.768555 0.0 -1.616211 3.789063 0.0 -1.347656 4.941406 0.0 -1.191406
2.1752  0.234375 0.0 -2.744141 1.577148 0.0 -1.84082 2.768555 0.0 -1.606445 3.793945 0.0 -1.342773 4.941406 0.0 -1.191406
2.1768  0.234375 0.0 -2.739258 1.577148 0.0 -1.831055 2.768555 0.0 -1.59668 3.793945 0.0 -1.337891 4.941406 0.0 -1.186523
2.1784  0.234375 0.0 -2.729492 1.577148 0.0 -1.821289 2.768555 0.0 -1.586914 3.793945 0.0 -1.328125 4.941406 0.0 -1.186523
2.18  0.2294922 0.0 -2.724609 1.572266 0.0 -1.811523 2.763672 0.0 -1.577148 3.793945 0.0 -1.323242 4.941406 0.0 -1.181641
2.1816  0.2294922 0.0 -2.719727 1.572266 0.0 -1.801758 2.763672 0.0 -1.567383 3.793945 0.0 -1.318359 4.941406 0.0 -1.176758
2.1832  0.2294922 0.0 -2.709961 1.572266 0.0 -1.791992 2.763672 0.0 -1.557617 3.793945 0.0 -1.308594 4.941406 0.0 -1.176758
2.1848  0.2246094 0.0 -2.705078 1.567383 0.0 -1.782227 2.758789 0.0 -1.552734 3.793945 0.0 -1.303711 4.941406 0.0 -1.171875
2.1864  0.2246094 0.0 -2.695313 1.567383 0.0 -1.772461 2.758789 0.0 -1.542969 3.793945 0.0 -1.298828 4.941406 0.0 -1.171875
2.188  0.2246094 0.0 -2.69043 1.567383 0.0 -1.762695 2.758789 0.0 -1.533203 3.793945 0.0 -1.289063 4.941406 0.0 -1.166992
2.1896  0.2197266 0.0 -2.680664 1.5625 0.0 -1.757813 2.753906 0.0 -1.523438 3.793945 0.0 -1.28418 4.941406 0.0 -1.166992
2.1912  0.2197266 0.0 -2.675781 1.5625 0.0 -1.748047 2.753906 0.0 -1.513672 3.793945 0.0 -1.279297 4.941406 0.0 -1.162109
2.1928  0.2148438 0.0 -2.666016 1.5625 0.0 -1.738281 2.753906 0.0 -1.503906 3.793945 0.0 -1.274414 4.941406 0.0 -1.162109
2.1944  0.2148438 0.0 -2.661133 1.557617 0.0 -1.728516 2.749023 0.0 -1.494141 3.789063 0.0 -1.264648 4.941406 0.0 -1.157227
2.196  0.2148438 0.0 -2.65625 1.557617 0.0 -1.71875 2.749023 0.0 -1.489258 3.789063 0.0 -1.259766 4.941406 0.0 -1.157227
2.1976  0.2099609 0.0 -2.646484 1.557617 0.0 -1.708984 2.744141 0.0 -1.479492 3.789063 0.0 -1.254883 4.941406 0.0 -1.152344
2.1992  0.2099609 0.0 -2.641602 1.552734 0.0 -1.704102 2.744141 0.0 -1.469727 3.789063 0.0 -1.25 4.941406 0.0 -1.152344
2.2008  0.2050781 0.0 -2.631836 1.552734 0.0 -1.694336 2.744141 0.0 -1.459961 3.789063 0.0 -1.240234 4.941406 0.0 -1.147461
2.2024  0.2050781 0.0 -2.626953 1.547852 0.0 -1.68457 2.739258 0.0 -1.450195 3.789063 0.0 -1.235352 4.941406 0.0 -1.147461
2.204  0.2050781 0.0 -2.617188 1.547852 0.0 -1.679688 2.739258 0.0 -1.445313 3.789063 0.0 -1.230469 4.941406 0.0 -1.142578
2.2056  0.2001953 0.0 -2.612305 1.547852 0.0 -1.669922 2.734375 0.0 -1.435547 3.78418 0.0 -1.225586 4.936523 0.0 -1.142578
2.2072  0.2001953 0.0 -2.602539 1.542969 0.0 -1.660156 2.734375 0.0 -1.425781 3.78418 0.0 -1.220703 4.936523 0.0 -1.137695
2.2088  0.1953125 0.0 -2.597656 1.542969 0.0 -1.655273 2.729492 0.0 -1.420898 3.78418 0.0 -1.210938 4.936523 0.0 -1.137695
2.2104  0.1953125 0.0 -2.587891 1.538086 0.0 -1.645508 2.729492 0.0 -1.411133 3.78418 0.0 -1.206055 4.936523 0.0 -1.132813
2.212  0.1904297 0.0 -2.583008 1.538086 0.0 -1.635742 2.729492 0.0 -1.401367 3.78418 0.0 -1.201172 4.936523 0.0 -1.132813
2.2136  0.1904297 0.0 -2.578125 1.533203 0.0 -1.630859 2.724609 0.0 -1.396484 3.779297 0.0 -1.196289 4.936523 0.0 -1.12793
2.2152  0.1855469 0.0 -2.568359 1.533203 0.0 -1.621094 2.724609 0.0 -1.386719 3.779297 0.0 -1.191406 4.931641 0.0 -1.12793
2.2168  0.1855469 0.0 -2.563477 1.52832 0.0 -1.616211 2.719727 0.0 -1.381836 3.779297 0.0 -1.186523 4.931641 0.0 -1.123047
2.2184  0.1806641 0.0 -2.553711 1.52832 0.0 -1.606445 2.719727 0.0 -1.37207 3.779297 0.0 -1.181641 4.931641 0.0 -1.123047
2.22  0.1757813 0.0 -2.548828 1.52832 0.0 -1.601563 2.714844 0.0 -1.367188 3.779297 0.0 -1.176758 4.931641 0.0 -1.118164
2.2216  0.1757813 0.0 -2.539063 1.523438 0.0 -1.591797 2.714844 0.0 -1.357422 3.774414 0.0 -1.171875 4.926758 0.0 -1.118164
2.2232  0.1708984 0.0 -2.53418 1.523438 0.0 -1.586914 2.709961 0.0 -1.352539 3.774414 0.0 -1.166992 4.926758 0.0 -1.118164
2.2248  0.1708984 0.0 -2.529297 1.518555 0.0 -1.582031 2.709961 0.0 -1.347656 3.774414 0.0 -1.162109 4.926758 0.0 -1.113281
2.2264  0.1660156 0.0 -2.519531 1.518555 0.0 -1.572266 2.705078 0.0 -1.337891 3.774414 0.0 -1.162109 4.926758 0.0 -1.113281
2.228  0.1660156 0.0 -2.514648 1.513672 0.0 -1.567383 2.705078 0.0 -1.333008 3.769531 0.0 -1.157227 4.921875 0.0 -1.108398
2.2296  0.1611328 0.0 -2.504883 1.513672 0.0 -1.5625 2.700195 0.0 -1.328125 3.769531 0.0 -1.152344 4.921875 0.0 -1.108398
2.2312  0.15625 0.0 -2.5 1.508789 0.0 -1.552734 2.700195 0.0 -1.323242 3.769531 0.0 -1.147461 4.921875 0.0 -1.108398
2.2328  0.15625 0.0 -2.490234 1.508789 0.0 -1.547852 2.695313 0.0 -1.313477 3.769531 0.0 -1.142578 4.921875 0.0 -1.103516
2.2344  0.1513672 0.0 -2.485352 1.503906 0.0 -1.542969 2.695313 0.0 -1.308594 3.769531 0.0 -1.142578 4.916992 0.0 -1.103516
2.236  0.1513672 0.0 -2.480469 1.503906 0.0 -1.538086 2.695313 0.0 -1.303711 3.764648 0.0 -1.137695 4.916992 0.0 -1.103516
2.2376  0.1464844 0.0 -2.470703 1.503906 0.0 -1.533203 2.69043 0.0 -1.298828 3.764648 0.0 -1.132813 4.916992 0.0 -1.098633
2.2392  0.1464844 0.0 -2.46582 1.499023 0.0 -1.523438 2.69043 0.0 -1.293945 3.764648 0.0 -1.12793 4.916992 0.0 -1.098633
2.2408  0.1416016 0.0 -2.456055 1.499023 0.0 -1.518555 2.685547 0.0 -1.289063 3.764648 0.0 -1.12793 4.912109 0.0 -1.098633
2.2424  0.1367188 0.0 -2.451172 1.494141 0.0 -1.513672 2.685547 0.0 -1.28418 3.764648 0.0 -1.123047 4.912109 0.0 -1.098633
2.244  0.1367188 0.0 -2.441406 1.494141 0.0 -1.508789 2.685547 0.0 -1.279297 3.759766 0.0 -1.123047 4.912109 0.0 -1.09375
2.2456  0.1318359 0.0 -2.436523 1.494141 0.0 -1.503906 2.680664 0.0 -1.279297 3.759766 0.0 -1.118164 4.912109 0.0 -1.09375
2.2472  0.1318359 0.0 -2.431641 1.489258 0.0 -1.499023 2.680664 0.0 -1.274414 3.759766 0.0 -1.113281 4.912109 0.0 -1.09375
2.2488  0.1269531 0.0 -2.421875 1.489258 0.0 -1.494141 2.680664 0.0 -1.269531 3.759766 0.0 -1.113281 4.912109 0.0 -1.09375
2.2504  0.1269531 0.0 -2.416992 1.489258 0.0 -1.489258 2.675781 0.0 -1.264648 3.759766 0.0 -1.108398 4.907227 0.0 -1.088867
2.252  0.1220703 0.0 -2.407227 1.484375 0.0 -1.484375 2.675781 0.0 -1.259766 3.759766 0.0 -1.108398 4.907227 0.0 -1.088867
2.2536  0.1220703 0.0 -2.402344 1.484375 0.0 -1.479492 2.675781 0.0 -1.259766 3.759766 0.0 -1.103516 4.907227 0.0 -1.088867
2.2552  0.1171875 0.0 -2.397461 1.484375 0.0 -1.474609 2.675781 0.0 -1.254883 3.759766 0.0 -1.103516 4.907227 0.0 -1.088867
2.2568  0.1171875 0.0 -2.387695 1.479492 0.0 -1.474609 2.670898 0.0 -1.25 3.754883 0.0 -1.098633 4.907227 0.0 -1.088867
2.2584  0.1123047 0.0 -2.382813 1.479492 0.0 -1.469727 2.670898 0.0 -1.25 3.754883 0.0 -1.098633 4.907227 0.0 -1.088867
2.26  0.1123047 0.0 -2.373047 1.479492 0.0 -1.464844 2.670898 0.0 -1.245117 3.754883 0.0 -1.098633 4.907227 0.0 -1.083984
2.2616  0.1074219 0.0 -2.368164 1.479492 0.0 -1.459961 2.670898 0.0 -1.245117 3.754883 0.0 -1.09375 4.907227 0.0 -1.083984
2.2632  0.1074219 0.0 -2.358398 1.479492 0.0 -1.455078 2.666016 0.0 -1.240234 3.754883 0.0 -1.09375 4.902344 0.0 -1.083984
2.2648  0.1025391 0.0 -2.353516 1.474609 0.0 -1.450195 2.666016 0.0 -1.240234 3.754883 0.0 -1.09375 4.902344 0.0 -1.083984
2.2664  0.1025391 0.0 -2.348633 1.474609 0.0 -1.450195 2.666016 0.0 -1.235352 3.754883 0.0 -1.09375 4.902344 0.0 -1.083984
2.268  0.09765625 0.0 -2.338867 1.474609 0.0 -1.445313 2.666016 0.0 -1.235352 3.754883 0.0 -1.088867 4.902344 0.0 -1.083984
2.2696  0.09765625 0.0 -2.333984 1.474609 0.0 -1.44043 2.666016 0.0 -1.235352 3.754883 0.0 -1.088867 4.902344 0.0 -1.083984
2.2712  0.09277344 0.0 -2.324219 1.474609 0.0 -1.44043 2.666016 0.0 -1.230469 3.754883 0.0 -1.088867 4.902344 0.0 -1.083984
2.2728  0.08789063 0.0 -2.319336 1.469727 0.0 -1.435547 2.666016 0.0 -1.230469 3.754883 0.0 -1.088867 4.902344 0.0 -1.079102
2.2744  0.08789063 0.0 -2.314453 1.469727 0.0 -1.430664 2.661133 0.0 -1.230469 3.754883 0.0 -1.088867 4.902344 0.0 -1.079102
2.276  0.08300781 0.0 -2.304688 1.469727 0.0 -1.425781 2.661133 0.0 -1.225586 3.754883 0.0 -1.088867 4.902344 0.0 -1.079102
2.2776  0.08300781 0.0 -2.299805 1.469727 0.0 -1.425781 2.661133 0.0 -1.225586 3.754883 0.0 -1.088867 4.902344 0.0 -1.079102
2.2792  0.078125 0.0 -2.290039 1.469727 0.0 -1.420898 2.661133 0.0 -1.225586 3.754883 0.0 -1.088867 4.902344 0.0 -1.079102
2.2808  0.078125 0.0 -2.285156 1.469727 0.0 -1.420898 2.661133 0.0 -1.225586 3.754883 0.0 -1.088867 4.902344 0.0 -1.079102
2.2824  0.07324219 0.0 -2.280273 1.469727 0.0 -1.416016 2.661133 0.0 -1.225586 3.754883 0.0 -1.088867 4.902344 0.0 -1.079102
2.284  0.07324219 0.0 -2.270508 1.464844 0.0 -1.411133 2.661133 0.0 -1.225586 3.754883 0.0 -1.088867 4.902344 0.0 -1.079102
2.2856  0.06835938 0.0 -2.265625 1.464844 0.0 -1.411133 2.661133 0.0 -1.220703 3.75 0.0 -1.088867 4.902344 0.0 -1.079102
2.2872  0.06347656 0.0 -2.260742 1.464844 0.0 -1.40625 2.661133 0.0 -1.220703 3.75 0.0 -1.088867 4.902344 0.0 -1.079102
2.2888  0.06347656 0.0 -2.250977 1.464844 0.0 -1.40625 2.661133 0.0 -1.220703 3.75 0.0 -1.088867 4.902344 0.0 -1.074219
2.2904  0.05859375 0.0 -2.246094 1.464844 0.0 -1.401367 2.661133 0.0 -1.220703 3.75 0.0 -1.088867 4.902344 0.0 -1.074219
2.292  0.05859375 0.0 -2.236328 1.464844 0.0 -1.401367 2.661133 0.0 -1.220703 3.75 0.0 -1.088867 4.897461 0.0 -1.074219
2.2936  0.05371094 0.0 -2.231445 1.464844 0.0 -1.396484 2.661133 0.0 -1.220703 3.75 0.0 -1.088867 4.897461 0.0 -1.074219
2.2952  0.05371094 0.0 -2.226563 1.464844 0.0 -1.396484 2.661133 0.0 -1.220703 3.75 0.0 -1.09375 4.897461 0.0 -1.074219
2.2968  0.04882813 0.0 -2.216797 1.459961 0.0 -1.391602 2.661133 0.0 -1.225586 3.75 0.0 -1.09375 4.897461 0.0 -1.074219
2.2984  0.04882813 0.0 -2.211914 1.459961 0.0 -1.391602 2.661133 0.0 -1.225586 3.75 0.0 -1.09375 4.897461 0.0 -1.074219
2.3  0.04394531 0.0 -2.207031 1.459961 0.0 -1.386719 2.661133 0.0 -1.225586 3.75 0.0 -1.09375 4.897461 0.0 -1.074219
2.3016  0.04394531 0.0 -2.202148 1.459961 0.0 -1.386719 2.661133 0.0 -1.225586 3.75 0.0 -1.09375 4.897461 0.0 -1.074219
2.3032  0.0390625 0.0 -2.192383 1.459961 0.0 -1.386719 2.661133 0.0 -1.225586 3.75 0.0 -1.098633 4.897461 0.0 -1.074219
2.3048  0.0390625 0.0 -2.1875 1.459961 0.0 -1.381836 2.661133 0.0 -1.225586 3.75 0.0 -1.098633 4.897461 0.0 -1.074219
2.3064  0.03417969 0.0 -2.182617 1.459961 0.0 -1.381836 2.661133 0.0 -1.230469 3.75 0.0 -1.098633 4.897461 0.0 -1.074219
2.308  0.03417969 0.0 -2.172852 1.459961 0.0 -1.381836 2.661133 0.0 -1.230469 3.75 0.0 -1.098633 4.897461 0.0 -1.074219
2.3096  0.02929688 0.0 -2.167969 1.459961 0.0 -1.381836 2.661133 0.0 -1.230469 3.75 0.0 -1.103516 4.897461 0.0 -1.074219
2.3112  0.02929688 0.0 -2.163086 1.459961 0.0 -1.376953 2.666016 0.0 -1.235352 3.75 0.0 -1.103516 4.897461 0.0 -1.074219
2.3128  0.02441406 0.0 -2.158203 1.459961 0.0 -1.376953 2.666016 0.0 -1.235352 3.75 0.0 -1.103516 4.897461 0.0 -1.074219
2.3144  0.02441406 0.0 -2.15332 1.459961 0.0 -1.376953 2.666016 0.0 -1.235352 3.75 0.0 -1.103516 4.902344 0.0 -1.074219
2.316  0.02441406 0.0 -2.143555 1.459961 0.0 -1.376953 2.666016 0.0 -1.240234 3.75 0.0 -1.108398 4.902344 0.0 -1.074219
2.3176  0.01953125 0.0 -2.138672 1.464844 0.0 -1.376953 2.666016 0.0 -1.240234 3.75 0.0 -1.108398 4.902344 0.0 -1.074219
2.3192  0.01953125 0.0 -2.133789 1.464844 0.0 -1.376953 2.666016 0.0 -1.245117 3.75 0.0 -1.108398 4.902344 0.0 -1.074219
2.3208  0.01464844 0.0 -2.128906 1.464844 0.0 -1.376953 2.670898 0.0 -1.245117 3.75 0.0 -1.113281 4.902344 0.0 -1.074219
2.3224  0.01464844 0.0 -2.124023 1.464844 0.0 -1.376953 2.670898 0.0 -1.245117 3.75 0.0 -1.113281 4.902344 0.0 -1.079102
2.324  0.01464844 0.0 -2.119141 1.464844 0.0 -1.376953 2.670898 0.0 -1.25 3.75 0.0 -1.113281 4.902344 0.0 -1.079102
2.3256  0.009765625 0.0 -2.109375 1.464844 0.0 -1.376953 2.675781 0.0 -1.254883 3.75 0.0 -1.118164 4.907227 0.0 -1.079102
2.3272  0.009765625 0.0 -2.104492 1.464844 0.0 -1.376953 2.675781 0.0 -1.254883 3.754883 0.0 -1.118164 4.907227 0.0 -1.079102
2.3288  0.009765625 0.0 -2.099609 1.469727 0.0 -1.376953 2.675781 0.0 -1.259766 3.754883 0.0 -1.123047 4.907227 0.0 -1.079102
2.3304  0.004882813 0.0 -2.094727 1.469727 0.0 -1.376953 2.675781 0.0 -1.259766 3.754883 0.0 -1.123047 4.907227 0.0 -1.079102
2.332  0.004882813 0.0 -2.089844 1.469727 0.0 -1.376953 2.680664 0.0 -1.264648 3.754883 0.0 -1.12793 4.907227 0.0 -1.083984
2.3336  0.0 0.0 -2.084961 1.469727 0.0 -1.376953 2.680664 0.0 -1.269531 3.754883 0.0 -1.12793 4.912109 0.0 -1.083984
2.3352  0.0 0.0 -2.080078 1.474609 0.0 -1.381836 2.680664 0.0 -1.269531 3.754883 0.0 -1.132813 4.912109 0.0 -1.083984
2.3368  0.0 0.0 -2.075195 1.474609 0.0 -1.381836 2.685547 0.0 -1.274414 3.759766 0.0 -1.132813 4.912109 0.0 -1.088867
2.3384  -0.004882813 0.0 -2.070313 1.474609 0.0 -1.381836 2.685547 0.0 -1.279297 3.759766 0.0 -1.137695 4.916992 0.0 -1.088867
2.34  -0.004882813 0.0 -2.06543 1.474609 0.0 -1.381836 2.69043 0.0 -1.28418 3.759766 0.0 -1.142578 4.916992 0.0 -1.088867
2.3416  -0.004882813 0.0 -2.06543 1.479492 0.0 -1.386719 2.69043 0.0 -1.289063 3.759766 0.0 -1.142578 4.916992 0.0 -1.09375
2.3432  -0.009765625 0.0 -2.060547 1.479492 0.0 -1.386719 2.69043 0.0 -1.293945 3.759766 0.0 -1.147461 4.921875 0.0 -1.09375
2.3448  -0.009765625 0.0 -2.055664 1.479492 0.0 -1.391602 2.695313 0.0 -1.298828 3.764648 0.0 -1.152344 4.921875 0.0 -1.098633
2.3464  -0.009765625 0.0 -2.050781 1.479492 0.0 -1.391602 2.695313 0.0 -1.303711 3.764648 0.0 -1.152344 4.921875 0.0 -1.098633
2.348  -0.009765625 0.0 -2.045898 1.484375 0.0 -1.396484 2.700195 0.0 -1.308594 3.764648 0.0 -1.157227 4.926758 0.0 -1.103516
2.3496  -0.01464844 0.0 -2.045898 1.484375 0.0 -1.396484 2.700195 0.0 -1.313477 3.769531 0.0 -1.162109 4.926758 0.0 -1.103516
2.3512  -0.01464844 0.0 -2.041016 1.484375 0.0 -1.401367 2.705078 0.0 -1.318359 3.769531 0.0 -1.166992 4.931641 0.0 -1.108398
2.3528  -0.01464844 0.0 -2.036133 1.489258 0.0 -1.401367 2.705078 0.0 -1.323242 3.769531 0.0 -1.171875 4.931641 0.0 -1.113281
2.3544  -0.01464844 0.0 -2.036133 1.489258 0.0 -1.40625 2.709961 0.0 -1.328125 3.774414 0.0 -1.176758 4.931641 0.0 -1.113281
2.356  -0.01953125 0.0 -2.03125 1.489258 0.0 -1.411133 2.709961 0.0 -1.333008 3.774414 0.0 -1.176758 4.936523 0.0 -1.118164
2.3576  -0.01953125 0.0 -2.03125 1.494141 0.0 -1.411133 2.714844 0.0 -1.337891 3.774414 0.0 -1.181641 4.936523 0.0 -1.123047
2.3592  -0.01953125 0.0 -2.026367 1.494141 0.0 -1.416016 2.714844 0.0 -1.342773 3.779297 0.0 -1.186523 4.941406 0.0 -1.123047
2.3608  -0.01953125 0.0 -2.026367 1.499023 0.0 -1.420898 2.719727 0.0 -1.352539 3.779297 0.0 -1.191406 4.941406 0.0 -1.12793
2.3624  -0.01953125 0.0 -2.021484 1.499023 0.0 -1.425781 2.719727 0.0 -1.357422 3.78418 0.0 -1.196289 4.946289 0.0 -1.132813
2.364  -0.02441406 0.0 -2.021484 1.503906 0.0 -1.430664 2.724609 0.0 -1.362305 3.78418 0.0 -1.201172 4.946289 0.0 -1.137695
2.3656  -0.02441406 0.0 -2.021484 1.503906 0.0 -1.430664 2.729492 0.0 -1.37207 3.78418 0.0 -1.206055 4.951172 0.0 -1.137695
2.3672  -0.02441406 0.0 -2.016602 1.508789 0.0 -1.435547 2.729492 0.0 -1.376953 3.789063 0.0 -1.210938 4.951172 0.0 -1.142578
2.3688  -0.02441406 0.0 -2.016602 1.508789 0.0 -1.44043 2.734375 0.0 -1.381836 3.793945 0.0 -1.21582 4.956055 0.0 -1.147461
2.3704  -0.02441406 0.0 -2.016602 1.513672 0.0 -1.445313 2.734375 0.0 -1.391602 3.793945 0.0 -1.220703 4.960938 0.0 -1.152344
2.372  -0.02441406 0.0 -2.016602 1.513672 0.0 -1.450195 2.739258 0.0 -1.396484 3.798828 0.0 -1.225586 4.960938 0.0 -1.152344
2.3736  -0.02441406 0.0 -2.016602 1.518555 0.0 -1.455078 2.744141 0.0 -1.401367 3.798828 0.0 -1.230469 4.96582 0.0 -1.157227
2.3752  -0.02441406 0.0 -2.016602 1.518555 0.0 -1.464844 2.744141 0.0 -1.411133 3.803711 0.0 -1.235352 4.96582 0.0 -1.162109
2.3768  -0.02441406 0.0 -2.016602 1.523438 0.0 -1.469727 2.749023 0.0 -1.416016 3.803711 0.0 -1.245117 4.970703 0.0 -1.166992
2.3784  -0.02441406 0.0 -2.016602 1.52832 0.0 -1.474609 2.753906 0.0 -1.425781 3.808594 0.0 -1.25 4.975586 0.0 -1.171875
2.38  -0.02441406 0.0 -2.016602 1.52832 0.0 -1.479492 2.758789 0.0 -1.430664 3.813477 0.0 -1.254883 4.975586 0.0 -1.176758
2.3816  -0.02441406 0.0 -2.016602 1.533203 0.0 -1.484375 2.758789 0.0 -1.44043 3.813477 0.0 -1.259766 4.980469 0.0 -1.181641
2.3832  -0.02441406 0.0 -2.016602 1.533203 0.0 -1.494141 2.763672 0.0 -1.445313 3.818359 0.0 -1.264648 4.985352 0.0 -1.181641
2.3848  -0.02441406 0.0 -2.016602 1.538086 0.0 -1.499023 2.768555 0.0 -1.455078 3.818359 0.0 -1.269531 4.985352 0.0 -1.186523
2.3864  -0.02441406 0.0 -2.021484 1.542969 0.0 -1.503906 2.768555 0.0 -1.459961 3.823242 0.0 -1.279297 4.990234 0.0 -1.191406
2.388  -0.01953125 0.0 -2.021484 1.542969 0.0 -1.513672 2.773438 0.0 -1.469727 3.828125 0.0 -1.28418 4.990234 0.0 -1.196289
2.3896  -0.01953125 0.0 -2.026367 1.547852 0.0 -1.518555 2.77832 0.0 -1.479492 3.828125 0.0 -1.289063 4.995117 0.0 -1.201172
2.3912  -0.01953125 0.0 -2.026367 1.552734 0.0 -1.52832 2.783203 0.0 -1.484375 3.833008 0.0 -1.298828 5.0 0.0 -1.206055
2.3928  -0.01953125 0.0 -2.03125 1.552734 0.0 -1.533203 2.783203 0.0 -1.494141 3.833008 0.0 -1.303711 5.0 0.0 -1.210938
2.3944  -0.01953125 0.0 -2.036133 1.557617 0.0 -1.542969 2.788086 0.0 -1.503906 3.837891 0.0 -1.308594 5.004883 0.0 -1.21582
2.396  -0.01953125 0.0 -2.036133 1.5625 0.0 -1.552734 2.792969 0.0 -1.513672 3.842773 0.0 -1.318359 5.009766 0.0 -1.220703
2.3976  -0.01464844 0.0 -2.041016 1.5625 0.0 -1.557617 2.797852 0.0 -1.523438 3.842773 0.0 -1.323242 5.009766 0.0 -1.225586
2.3992  -0.01464844 0.0 -2.045898 1.567383 0.0 -1.567383 2.802734 0.0 -1.533203 3.847656 0.0 -1.333008 5.014648 0.0 -1.230469
2.4008  -0.01464844 0.0 -2.050781 1.572266 0.0 -1.577148 2.802734 0.0 -1.538086 3.852539 0.0 -1.337891 5.014648 0.0 -1.235352
2.4024  -0.01464844 0.0 -2.055664 1.572266 0.0 -1.586914 2.807617 0.0 -1.547852 3.852539 0.0 -1.342773 5.019531 0.0 -1.240234
2.404  -0.009765625 0.0 -2.06543 1.577148 0.0 -1.59668 2.8125 0.0 -1.557617 3.857422 0.0 -1.352539 5.019531 0.0 -1.245117
2.4056  -0.009765625 0.0 -2.070313 1.582031 0.0 -1.606445 2.817383 0.0 -1.567383 3.857422 0.0 -1.357422 5.024414 0.0 -1.25
2.4072  -0.009765625 0.0 -2.080078 1.586914 0.0 -1.616211 2.817383 0.0 -1.577148 3.862305 0.0 -1.367188 5.024414 0.0 -1.254883
2.4088  -0.004882813 0.0 -2.084961 1.586914 0.0 -1.625977 2.822266 0.0 -1.586914 3.862305 0.0 -1.37207 5.029297 0.0 -1.259766
2.4104  -0.004882813 0.0 -2.094727 1.591797 0.0 -1.635742 2.827148 0.0 -1.601563 3.867188 0.0 -1.381836 5.029297 0.0 -1.264648
2.412  0.0 0.0 -2.104492 1.59668 0.0 -1.645508 2.832031 0.0 -1.611328 3.867188 0.0 -1.386719 5.03418 0.0 -1.269531
2.4136  0.0 0.0 -2.114258 1.59668 0.0 -1.660156 2.832031 0.0 -1.621094 3.87207 0.0 -1.396484 5.03418 0.0 -1.274414
2.4152  0.004882813 0.0 -2.124023 1.601563 0.0 -1.669922 2.836914 0.0 -1.630859 3.87207 0.0 -1.401367 5.03418 0.0 -1.274414
2.4168  0.004882813 0.0 -2.133789 1.601563 0.0 -1.679688 2.841797 0.0 -1.640625 3.876953 0.0 -1.411133 5.039063 0.0 -1.279297
2.4184  0.009765625 0.0 -2.143555 1.606445 0.0 -1.694336 2.841797 0.0 -1.650391 3.876953 0.0 -1.416016 5.039063 0.0 -1.28418
2.42  0.009765625 0.0 -2.15332 1.611328 0.0 -1.704102 2.84668 0.0 -1.660156 3.876953 0.0 -1.425781 5.039063 0.0 -1.289063
2.4216  0.01464844 0.0 -2.167969 1.611328 0.0 -1.71875 2.84668 0.0 -1.674805 3.881836 0.0 -1.430664 5.043945 0.0 -1.289063
2.4232  0.01464844 0.0 -2.177734 1.616211 0.0 -1.728516 2.851563 0.0 -1.68457 3.881836 0.0 -1.44043 5.043945 0.0 -1.293945
2.4248  0.01953125 0.0 -2.192383 1.616211 0.0 -1.743164 2.851563 0.0 -1.694336 3.881836 0.0 -1.445313 5.043945 0.0 -1.298828
2.4264  0.01953125 0.0 -2.207031 1.621094 0.0 -1.75293 2.856445 0.0 -1.704102 3.886719 0.0 -1.455078 5.043945 0.0 -1.298828
2.428  0.02441406 0.0 -2.22168 1.621094 0.0 -1.767578 2.856445 0.0 -1.713867 3.886719 0.0 -1.459961 5.043945 0.0 -1.303711
2.4296  0.02929688 0.0 -2.231445 1.625977 0.0 -1.782227 2.861328 0.0 -1.723633 3.886719 0.0 -1.464844 5.043945 0.0 -1.303711
2.4312  0.02929688 0.0 -2.246094 1.625977 0.0 -1.791992 2.861328 0.0 -1.733398 3.886719 0.0 -1.474609 5.043945 0.0 -1.308594
2.4328  0.03417969 0.0 -2.265625 1.630859 0.0 -1.806641 2.866211 0.0 -1.743164 3.886719 0.0 -1.479492 5.043945 0.0 -1.308594
2.4344  0.0390625 0.0 -2.280273 1.630859 0.0 -1.816406 2.866211 0.0 -1.75293 3.886719 0.0 -1.484375 5.043945 0.0 -1.313477
2.436  0.04394531 0.0 -2.294922 1.630859 0.0 -1.831055 2.866211 0.0 -1.767578 3.886719 0.0 -1.489258 5.043945 0.0 -1.313477
2.4376  0.04394531 0.0 -2.30957 1.635742 0.0 -1.845703 2.871094 0.0 -1.777344 3.886719 0.0 -1.494141 5.043945 0.0 -1.313477
2.4392  0.04882813 0.0 -2.324219 1.635742 0.0 -1.855469 2.871094 0.0 -1.782227 3.886719 0.0 -1.499023 5.043945 0.0 -1.313477
2.4408  0.05371094 0.0 -2.34375 1.635742 0.0 -1.870117 2.871094 0.0 -1.791992 3.886719 0.0 -1.508789 5.039063 0.0 -1.318359
2.4424  0.05371094 0.0 -2.358398 1.635742 0.0 -1.884766 2.871094 0.0 -1.801758 3.886719 0.0 -1.513672 5.039063 0.0 -1.318359
2.444  0.05859375 0.0 -2.373047 1.635742 0.0 -1.894531 2.871094 0.0 -1.811523 3.886719 0.0 -1.518555 5.039063 0.0 -1.318359
2.4456  0.06347656 0.0 -2.392578 1.640625 0.0 -1.90918 2.871094 0.0 -1.821289 3.886719 0.0 -1.523438 5.03418 0.0 -1.318359
2.4472  0.06835938 0.0 -2.407227 1.640625 0.0 -1.918945 2.871094 0.0 -1.831055 3.881836 0.0 -1.523438 5.03418 0.0 -1.318359
2.4488  0.06835938 0.0 -2.426758 1.640625 0.0 -1.933594 2.871094 0.0 -1.84082 3.881836 0.0 -1.52832 5.029297 0.0 -1.318359
2.4504  0.07324219 0.0 -2.441406 1.640625 0.0 -1.943359 2.871094 0.0 -1.850586 3.881836 0.0 -1.533203 5.029297 0.0 -1.318359
2.452  0.078125 0.0 -2.460938 1.640625 0.0 -1.958008 2.871094 0.0 -1.855469 3.876953 0.0 -1.538086 5.029297 0.0 -1.318359
2.4536  0.078125 0.0 -2.475586 1.640625 0.0 -1.967773 2.871094 0.0 -1.865234 3.876953 0.0 -1.542969 5.024414 0.0 -1.318359
2.4552  0.08300781 0.0 -2.490234 1.640625 0.0 -1.977539 2.871094 0.0 -1.875 3.876953 0.0 -1.547852 5.019531 0.0 -1.318359
2.4568  0.08789063 0.0 -2.509766 1.640625 0.0 -1.992188 2.871094 0.0 -1.879883 3.87207 0.0 -1.547852 5.019531 0.0 -1.318359
2.4584  0.08789063 0.0 -2.524414 1.635742 0.0 -2.001953 2.871094 0.0 -1.889648 3.87207 0.0 -1.552734 5.014648 0.0 -1.318359
2.46  0.09277344 0.0 -2.539063 1.635742 0.0 -2.011719 2.871094 0.0 -1.899414 3.87207 0.0 -1.557617 5.014648 0.0 -1.318359
2.4616  0.09765625 0.0 -2.558594 1.635742 0.0 -2.026367 2.871094 0.0 -1.904297 3.867188 0.0 -1.5625 5.009766 0.0 -1.318359
2.4632  0.09765625 0.0 -2.573242 1.635742 0.0 -2.036133 2.866211 0.0 -1.914063 3.867188 0.0 -1.5625 5.004883 0.0 -1.318359
2.4648  0.1025391 0.0 -2.587891 1.635742 0.0 -2.045898 2.866211 0.0 -1.918945 3.862305 0.0 -1.567383 5.004883 0.0 -1.318359
2.4664  0.1025391 0.0 -2.602539 1.635742 0.0 -2.055664 2.866211 0.0 -1.928711 3.862305 0.0 -1.572266 5.0 0.0 -1.318359
2.468  0.1074219 0.0 -2.617188 1.635742 0.0 -2.06543 2.866211 0.0 -1.938477 3.857422 0.0 -1.572266 5.0 0.0 -1.318359
2.4696  0.1123047 0.0 -2.631836 1.630859 0.0 -2.075195 2.866211 0.0 -1.943359 3.857422 0.0 -1.577148 4.995117 0.0 -1.318359
2.4712  0.1123047 0.0 -2.651367 1.630859 0.0 -2.084961 2.861328 0.0 -1.953125 3.857422 0.0 -1.582031 4.990234 0.0 -1.318359
2.4728  0.1171875 0.0 -2.666016 1.630859 0.0 -2.094727 2.861328 0.0 -1.958008 3.852539 0.0 -1.582031 4.990234 0.0 -1.318359
2.4744  0.1171875 0.0 -2.675781 1.630859 0.0 -2.104492 2.861328 0.0 -1.967773 3.852539 0.0 -1.586914 4.985352 0.0 -1.318359
2.476  0.1220703 0.0 -2.69043 1.630859 0.0 -2.114258 2.861328 0.0 -1.972656 3.847656 0.0 -1.591797 4.985352 0.0 -1.318359
2.4776  0.1220703 0.0 -2.705078 1.625977 0.0 -2.124023 2.861328 0.0 -1.977539 3.847656 0.0 -1.59668 4.980469 0.0 -1.318359
2.4792  0.1269531 0.0 -2.719727 1.625977 0.0 -2.133789 2.856445 0.0 -1.987305 3.847656 0.0 -1.59668 4.980469 0.0 -1.318359
2.4808  0.1269531 0.0 -2.734375 1.625977 0.0 -2.143555 2.856445 0.0 -1.992188 3.842773 0.0 -1.601563 4.975586 0.0 -1.323242
2.4824  0.1318359 0.0 -2.744141 1.625977 0.0 -2.15332 2.856445 0.0 -2.001953 3.842773 0.0 -1.606445 4.970703 0.0 -1.323242
2.484  0.1318359 0.0 -2.758789 1.625977 0.0 -2.163086 2.856445 0.0 -2.006836 3.842773 0.0 -1.606445 4.970703 0.0 -1.323242
2.4856  0.1367188 0.0 -2.768555 1.625977 0.0 -2.167969 2.856445 0.0 -2.011719 3.837891 0.0 -1.611328 4.970703 0.0 -1.323242
2.4872  0.1367188 0.0 -2.783203 1.621094 0.0 -2.177734 2.856445 0.0 -2.016602 3.837891 0.0 -1.616211 4.96582 0.0 -1.328125
2.4888  0.1367188 0.0 -2.792969 1.621094 0.0 -2.1875 2.856445 0.0 -2.026367 3.837891 0.0 -1.616211 4.96582 0.0 -1.328125
2.4904  0.1416016 0.0 -2.802734 1.621094 0.0 -2.192383 2.851563 0.0 -2.03125 3.833008 0.0 -1.621094 4.960938 0.0 -1.328125
2.492  0.1416016 0.0 -2.817383 1.621094 0.0 -2.202148 2.851563 0.0 -2.036133 3.833008 0.0 -1.621094 4.960938 0.0 -1.333008
2.4936  0.1416016 0.0 -2.827148 1.621094 0.0 -2.211914 2.851563 0.0 -2.041016 3.833008 0.0 -1.625977 4.956055 0.0 -1.333008
2.4952  0.1464844 0.0 -2.836914 1.621094 0.0 -2.216797 2.851563 0.0 -2.045898 3.833008 0.0 -1.630859 4.956055 0.0 -1.333008
2.4968  0.1464844 0.0 -2.84668 1.621094 0.0 -2.226563 2.851563 0.0 -2.050781 3.828125 0.0 -1.630859 4.956055 0.0 -1.337891
2.4984  0.1464844 0.0 -2.856445 1.621094 0.0 -2.231445 2.851563 0.0 -2.055664 3.828125 0.0 -1.635742 4.951172 0.0 -1.337891
2.5  0.1513672 0.0 -2.866211 1.621094 0.0 -2.236328 2.851563 0.0 -2.060547 3.828125 0.0 -1.635742 4.951172 0.0 -1.337891
2.5016  0.1513672 0.0 -2.871094 1.621094 0.0 -2.246094 2.851563 0.0 -2.06543 3.828125 0.0 -1.640625 4.951172 0.0 -1.342773
2.5032  0.1513672 0.0 -2.880859 1.621094 0.0 -2.250977 2.851563 0.0 -2.070313 3.828125 0.0 -1.640625 4.946289 0.0 -1.342773
2.5048  0.15625 0.0 -2.890625 1.621094 0.0 -2.255859 2.851563 0.0 -2.075195 3.823242 0.0 -1.645508 4.946289 0.0 -1.342773
2.5064  0.15625 0.0 -2.895508 1.621094 0.0 -2.260742 2.851563 0.0 -2.075195 3.823242 0.0 -1.645508 4.946289 0.0 -1.342773
2.508  0.15625 0.0 -2.905273 1.621094 0.0 -2.265625 2.851563 0.0 -2.080078 3.823242 0.0 -1.650391 4.946289 0.0 -1.347656
2.5096  0.15625 0.0 -2.910156 1.621094 0.0 -2.275391 2.851563 0.0 -2.084961 3.823242 0.0 -1.650391 4.941406 0.0 -1.347656
2.5112  0.15625 0.0 -2.919922 1.621094 0.0 -2.280273 2.851563 0.0 -2.089844 3.823242 0.0 -1.655273 4.941406 0.0 -1.347656
2.5128  0.1611328 0.0 -2.924805 1.621094 0.0 -2.285156 2.851563 0.0 -2.089844 3.823242 0.0 -1.655273 4.941406 0.0 -1.352539
2.5144  0.1611328 0.0 -2.929688 1.621094 0.0 -2.290039 2.851563 0.0 -2.094727 3.818359 0.0 -1.660156 4.941406 0.0 -1.352539
2.516  0.1611328 0.0 -2.93457 1.621094 0.0 -2.294922 2.851563 0.0 -2.094727 3.818359 0.0 -1.660156 4.936523 0.0 -1.352539
2.5176  0.1611328 0.0 -2.939453 1.621094 0.0 -2.294922 2.851563 0.0 -2.099609 3.818359 0.0 -1.665039 4.936523 0.0 -1.352539
2.5192  0.1611328 0.0 -2.944336 1.621094 0.0 -2.299805 2.851563 0.0 -2.099609 3.818359 0.0 -1.665039 4.936523 0.0 -1.357422
2.5208  0.1611328 0.0 -2.949219 1.621094 0.0 -2.304688 2.851563 0.0 -2.104492 3.818359 0.0 -1.665039 4.936523 0.0 -1.357422
2.5224  0.1660156 0.0 -2.954102 1.621094 0.0 -2.30957 2.851563 0.0 -2.104492 3.818359 0.0 -1.669922 4.936523 0.0 -1.357422
2.524  0.1660156 0.0 -2.958984 1.621094 0.0 -2.314453 2.851563 0.0 -2.109375 3.818359 0.0 -1.669922 4.936523 0.0 -1.357422
2.5256  0.1660156 0.0 -2.963867 1.621094 0.0 -2.314453 2.851563 0.0 -2.109375 3.818359 0.0 -1.669922 4.931641 0.0 -1.362305
2.5272  0.1660156 0.0 -2.96875 1.621094 0.0 -2.319336 2.851563 0.0 -2.114258 3.818359 0.0 -1.674805 4.931641 0.0 -1.362305
2.5288  0.1660156 0.0 -2.973633 1.621094 0.0 -2.324219 2.851563 0.0 -2.114258 3.813477 0.0 -1.674805 4.931641 0.0 -1.362305
2.5304  0.1660156 0.0 -2.973633 1.621094 0.0 -2.324219 2.851563 0.0 -2.114258 3.813477 0.0 -1.674805 4.931641 0.0 -1.362305
2.532  0.1708984 0.0 -2.978516 1.621094 0.0 -2.329102 2.851563 0.0 -2.119141 3.813477 0.0 -1.679688 4.931641 0.0 -1.367188
2.5336  0.1708984 0.0 -2.978516 1.621094 0.0 -2.329102 2.851563 0.0 -2.119141 3.813477 0.0 -1.679688 4.931641 0.0 -1.367188
2.5352  0.1708984 0.0 -2.983398 1.621094 0.0 -2.333984 2.851563 0.0 -2.119141 3.813477 0.0 -1.679688 4.931641 0.0 -1.367188
2.5368  0.1708984 0.0 -2.988281 1.621094 0.0 -2.333984 2.851563 0.0 -2.119141 3.813477 0.0 -1.679688 4.931641 0.0 -1.367188
2.5384  0.1708984 0.0 -2.988281 1.621094 0.0 -2.338867 2.851563 0.0 -2.124023 3.818359 0.0 -1.679688 4.931641 0.0 -1.367188
2.54  0.1708984 0.0 -2.993164 1.625977 0.0 -2.338867 2.851563 0.0 -2.124023 3.818359 0.0 -1.679688 4.931641 0.0 -1.367188
2.5416  0.1757813 0.0 -2.993164 1.625977 0.0 -2.338867 2.851563 0.0 -2.124023 3.818359 0.0 -1.68457 4.931641 0.0 -1.37207
2.5432  0.1757813 0.0 -2.993164 1.625977 0.0 -2.34375 2.851563 0.0 -2.124023 3.818359 0.0 -1.68457 4.931641 0.0 -1.37207
2.5448  0.1757813 0.0 -2.998047 1.625977 0.0 -2.34375 2.851563 0.0 -2.124023 3.818359 0.0 -1.68457 4.931641 0.0 -1.37207
2.5464  0.1757813 0.0 -2.998047 1.625977 0.0 -2.34375 2.851563 0.0 -2.128906 3.818359 0.0 -1.68457 4.931641 0.0 -1.37207
2.548  0.1757813 0.0 -2.998047 1.625977 0.0 -2.34375 2.851563 0.0 -2.128906 3.818359 0.0 -1.68457 4.931641 0.0 -1.37207
2.5496  0.1757813 0.0 -3.00293 1.625977 0.0 -2.348633 2.851563 0.0 -2.128906 3.818359 0.0 -1.68457 4.936523 0.0 -1.37207
2.5512  0.1757813 0.0 -3.00293 1.625977 0.0 -2.348633 2.856445 0.0 -2.128906 3.818359 0.0 -1.68457 4.936523 0.0 -1.376953
2.5528  0.1757813 0.0 -3.00293 1.625977 0.0 -2.348633 2.856445 0.0 -2.128906 3.818359 0.0 -1.68457 4.936523 0.0 -1.376953
2.5544  0.1757813 0.0 -3.00293 1.630859 0.0 -2.348633 2.856445 0.0 -2.128906 3.818359 0.0 -1.68457 4.936523 0.0 -1.376953
2.556  0.1806641 0.0 -3.00293 1.630859 0.0 -2.348633 2.856445 0.0 -2.128906 3.818359 0.0 -1.68457 4.936523 0.0 -1.376953
2.5576  0.1806641 0.0 -3.007813 1.630859 0.0 -2.348633 2.856445 0.0 -2.128906 3.823242 0.0 -1.68457 4.936523 0.0 -1.376953
2.5592  0.1806641 0.0 -3.007813 1.630859 0.0 -2.348633 2.856445 0.0 -2.128906 3.823242 0.0 -1.68457 4.936523 0.0 -1.376953
2.5608  0.1806641 0.0 -3.007813 1.630859 0.0 -2.348633 2.856445 0.0 -2.128906 3.823242 0.0 -1.679688 4.936523 0.0 -1.376953
2.5624  0.1806641 0.0 -3.007813 1.630859 0.0 -2.348633 2.856445 0.0 -2.128906 3.823242 0.0 -1.679688 4.936523 0.0 -1.376953
2.564  0.1806641 0.0 -3.007813 1.630859 0.0 -2.34375 2.856445 0.0 -2.128906 3.823242 0.0 -1.679688 4.936523 0.0 -1.381836
2.5656  0.1806641 0.0 -3.007813 1.630859 0.0 -2.34375 2.856445 0.0 -2.128906 3.823242 0.0 -1.679688 4.936523 0.0 -1.381836
2.5672  0.1806641 0.0 -3.007813 1.630859 0.0 -2.34375 2.856445 0.0 -2.128906 3.823242 0.0 -1.679688 4.936523 0.0 -1.381836
2.5688  0.1806641 0.0 -3.007813 1.630859 0.0 -2.34375 2.856445 0.0 -2.128906 3.823242 0.0 -1.679688 4.936523 0.0 -1.381836
2.5704  0.1806641 0.0 -3.007813 1.630859 0.0 -2.34375 2.856445 0.0 -2.128906 3.823242 0.0 -1.679688 4.936523 0.0 -1.381836
2.572  0.1757813 0.0 -3.007813 1.635742 0.0 -2.338867 2.856445 0.0 -2.124023 3.818359 0.0 -1.679688 4.936523 0.0 -1.381836
2.5736  0.1757813 0.0 -3.007813 1.635742 0.0 -2.338867 2.856445 0.0 -2.124023 3.818359 0.0 -1.674805 4.936523 0.0 -1.386719
2.5752  0.1757813 0.0 -3.00293 1.635742 0.0 -2.338867 2.856445 0.0 -2.124023 3.818359 0.0 -1.674805 4.936523 0.0 -1.386719
2.5768  0.1757813 0.0 -3.00293 1.635742 0.0 -2.338867 2.856445 0.0 -2.124023 3.818359 0.0 -1.674805 4.936523 0.0 -1.386719
2.5784  0.1757813 0.0 -3.00293 1.635742 0.0 -2.333984 2.856445 0.0 -2.124023 3.818359 0.0 -1.674805 4.941406 0.0 -1.386719
2.58  0.1757813 0.0 -3.00293 1.635742 0.0 -2.333984 2.856445 0.0 -2.119141 3.818359 0.0 -1.674805 4.941406 0.0 -1.386719
2.5816  0.1757813 0.0 -3.00293 1.635742 0.0 -2.329102 2.856445 0.0 -2.119141 3.818359 0.0 -1.674805 4.941406 0.0 -1.386719
2.5832  0.1757813 0.0 -2.998047 1.635742 0.0 -2.329102 2.856445 0.0 -2.119141 3.818359 0.0 -1.669922 4.941406 0.0 -1.386719
2.5848  0.1757813 0.0 -2.998047 1.635742 0.0 -2.324219 2.856445 0.0 -2.114258 3.818359 0.0 -1.669922 4.941406 0.0 -1.386719
2.5864  0.1757813 0.0 -2.998047 1.635742 0.0 -2.324219 2.856445 0.0 -2.114258 3.818359 0.0 -1.669922 4.941406 0.0 -1.391602
2.588  0.1757813 0.0 -2.993164 1.635742 0.0 -2.324219 2.856445 0.0 -2.109375 3.818359 0.0 -1.669922 4.941406 0.0 -1.391602
2.5896  0.1757813 0.0 -2.993164 1.635742 0.0 -2.319336 2.856445 0.0 -2.109375 3.823242 0.0 -1.665039 4.946289 0.0 -1.391602
2.5912  0.1757813 0.0 -2.993164 1.635742 0.0 -2.314453 2.856445 0.0 -2.104492 3.823242 0.0 -1.665039 4.946289 0.0 -1.391602
2.5928  0.1806641 0.0 -2.988281 1.635742 0.0 -2.314453 2.856445 0.0 -2.104492 3.823242 0.0 -1.665039 4.946289 0.0 -1.391602
2.5944  0.1806641 0.0 -2.988281 1.635742 0.0 -2.30957 2.856445 0.0 -2.099609 3.823242 0.0 -1.660156 4.946289 0.0 -1.391602
2.596  0.1806641 0.0 -2.983398 1.635742 0.0 -2.30957 2.856445 0.0 -2.099609 3.823242 0.0 -1.660156 4.946289 0.0 -1.391602
2.5976  0.1806641 0.0 -2.983398 1.635742 0.0 -2.304688 2.856445 0.0 -2.094727 3.823242 0.0 -1.655273 4.946289 0.0 -1.391602
2.5992  0.1806641 0.0 -2.983398 1.635742 0.0 -2.299805 2.856445 0.0 -2.094727 3.823242 0.0 -1.655273 4.951172 0.0 -1.391602
2.6008  0.1806641 0.0 -2.978516 1.640625 0.0 -2.299805 2.856445 0.0 -2.089844 3.823242 0.0 -1.655273 4.951172 0.0 -1.391602
2.6024  0.1806641 0.0 -2.973633 1.640625 0.0 -2.294922 2.856445 0.0 -2.084961 3.823242 0.0 -1.650391 4.951172 0.0 -1.391602
2.604  0.1806641 0.0 -2.973633 1.640625 0.0 -2.290039 2.856445 0.0 -2.084961 3.823242 0.0 -1.650391 4.951172 0.0 -1.391602
2.6056  0.1806641 0.0 -2.96875 1.640625 0.0 -2.290039 2.856445 0.0 -2.080078 3.823242 0.0 -1.645508 4.951172 0.0 -1.386719
2.6072  0.1806641 0.0 -2.96875 1.640625 0.0 -2.285156 2.856445 0.0 -2.075195 3.828125 0.0 -1.645508 4.956055 0.0 -1.386719
2.6088  0.1855469 0.0 -2.963867 1.640625 0.0 -2.280273 2.856445 0.0 -2.070313 3.828125 0.0 -1.640625 4.956055 0.0 -1.386719
2.6104  0.1855469 0.0 -2.963867 1.640625 0.0 -2.280273 2.856445 0.0 -2.070313 3.828125 0.0 -1.640625 4.956055 0.0 -1.386719
2.612  0.1855469 0.0 -2.958984 1.640625 0.0 -2.275391 2.856445 0.0 -2.06543 3.828125 0.0 -1.635742 4.956055 0.0 -1.386719
2.6136  0.1855469 0.0 -2.954102 1.640625 0.0 -2.270508 2.856445 0.0 -2.060547 3.828125 0.0 -1.635742 4.956055 0.0 -1.386719
2.6152  0.1855469 0.0 -2.954102 1.640625 0.0 -2.265625 2.856445 0.0 -2.055664 3.828125 0.0 -1.630859 4.956055 0.0 -1.386719
2.6168  0.1855469 0.0 -2.949219 1.640625 0.0 -2.260742 2.856445 0.0 -2.050781 3.828125 0.0 -1.630859 4.956055 0.0 -1.386719
2.6184  0.1855469 0.0 -2.944336 1.640625 0.0 -2.255859 2.856445 0.0 -2.045898 3.828125 0.0 -1.625977 4.960938 0.0 -1.386719
2.62  0.1855469 0.0 -2.944336 1.640625 0.0 -2.250977 2.856445 0.0 -2.045898 3.828125 0.0 -1.625977 4.960938 0.0 -1.386719
2.6216  0.1855469 0.0 -2.939453 1.640625 0.0 -2.246094 2.851563 0.0 -2.041016 3.828125 0.0 -1.621094 4.960938 0.0 -1.386719
2.6232  0.1855469 0.0 -2.93457 1.640625 0.0 -2.241211 2.851563 0.0 -2.036133 3.828125 0.0 -1.621094 4.960938 0.0 -1.386719
2.6248  0.1806641 0.0 -2.93457 1.640625 0.0 -2.236328 2.851563 0.0 -2.03125 3.828125 0.0 -1.616211 4.960938 0.0 -1.386719
2.6264  0.1806641 0.0 -2.929688 1.640625 0.0 -2.231445 2.851563 0.0 -2.026367 3.828125 0.0 -1.611328 4.960938 0.0 -1.386719
2.628  0.1806641 0.0 -2.924805 1.640625 0.0 -2.226563 2.851563 0.0 -2.016602 3.828125 0.0 -1.611328 4.960938 0.0 -1.386719
2.6296  0.1806641 0.0 -2.919922 1.640625 0.0 -2.22168 2.851563 0.0 -2.011719 3.828125 0.0 -1.606445 4.960938 0.0 -1.386719
2.6312  0.1806641 0.0 -2.919922 1.640625 0.0 -2.216797 2.851563 0.0 -2.006836 3.828125 0.0 -1.606445 4.960938 0.0 -1.381836
2.6328  0.1806641 0.0 -2.915039 1.640625 0.0 -2.211914 2.84668 0.0 -2.001953 3.823242 0.0 -1.601563 4.960938 0.0 -1.381836
2.6344  0.1806641 0.0 -2.910156 1.635742 0.0 -2.207031 2.84668 0.0 -1.99707 3.823242 0.0 -1.59668 4.960938 0.0 -1.381836
2.636  0.1806641 0.0 -2.905273 1.635742 0.0 -2.197266 2.84668 0.0 -1.992188 3.823242 0.0 -1.59668 4.960938 0.0 -1.381836
2.6376  0.1806641 0.0 -2.900391 1.635742 0.0 -2.192383 2.84668 0.0 -1.982422 3.823242 0.0 -1.591797 4.960938 0.0 -1.381836
2.6392  0.1806641 0.0 -2.895508 1.635742 0.0 -2.1875 2.841797 0.0 -1.977539 3.823242 0.0 -1.586914 4.960938 0.0 -1.381836
2.6408  0.1757813 0.0 -2.895508 1.635742 0.0 -2.177734 2.841797 0.0 -1.972656 3.823242 0.0 -1.586914 4.960938 0.0 -1.376953
2.6424  0.1757813 0.0 -2.890625 1.635742 0.0 -2.172852 2.841797 0.0 -1.962891 3.823242 0.0 -1.582031 4.960938 0.0 -1.376953
2.644  0.1757813 0.0 -2.885742 1.635742 0.0 -2.167969 2.841797 0.0 -1.958008 3.823242 0.0 -1.577148 4.96582 0.0 -1.376953
2.6456  0.1757813 0.0 -2.880859 1.635742 0.0 -2.158203 2.841797 0.0 -1.948242 3.823242 0.0 -1.572266 4.96582 0.0 -1.376953
2.6472  0.1757813 0.0 -2.875977 1.630859 0.0 -2.15332 2.836914 0.0 -1.943359 3.823242 0.0 -1.567383 4.96582 0.0 -1.37207
2.6488  0.1757813 0.0 -2.871094 1.630859 0.0 -2.143555 2.836914 0.0 -1.933594 3.823242 0.0 -1.5625 4.96582 0.0 -1.37207
2.6504  0.1757813 0.0 -2.866211 1.630859 0.0 -2.133789 2.836914 0.0 -1.928711 3.823242 0.0 -1.557617 4.96582 0.0 -1.37207
2.652  0.1757813 0.0 -2.861328 1.630859 0.0 -2.128906 2.836914 0.0 -1.918945 3.823242 0.0 -1.552734 4.96582 0.0 -1.367188
2.6536  0.1757813 0.0 -2.856445 1.630859 0.0 -2.119141 2.832031 0.0 -1.90918 3.818359 0.0 -1.547852 4.96582 0.0 -1.367188
2.6552  0.1757813 0.0 -2.851563 1.630859 0.0 -2.109375 2.832031 0.0 -1.904297 3.818359 0.0 -1.542969 4.96582 0.0 -1.362305
2.6568  0.1757813 0.0 -2.841797 1.625977 0.0 -2.099609 2.832031 0.0 -1.894531 3.818359 0.0 -1.538086 4.96582 0.0 -1.362305
2.6584  0.1757813 0.0 -2.836914 1.625977 0.0 -2.089844 2.827148 0.0 -1.884766 3.818359 0.0 -1.533203 4.96582 0.0 -1.362305
2.66  0.1757813 0.0 -2.832031 1.625977 0.0 -2.080078 2.827148 0.0 -1.875 3.818359 0.0 -1.52832 4.96582 0.0 -1.357422
2.6616  0.1757813 0.0 -2.827148 1.625977 0.0 -2.070313 2.827148 0.0 -1.865234 3.818359 0.0 -1.523438 4.96582 0.0 -1.357422
2.6632  0.1757813 0.0 -2.822266 1.621094 0.0 -2.060547 2.822266 0.0 -1.860352 3.813477 0.0 -1.518555 4.960938 0.0 -1.352539
2.6648  0.1708984 0.0 -2.8125 1.621094 0.0 -2.050781 2.822266 0.0 -1.850586 3.813477 0.0 -1.508789 4.960938 0.0 -1.352539
2.6664  0.1708984 0.0 -2.807617 1.621094 0.0 -2.041016 2.822266 0.0 -1.84082 3.813477 0.0 -1.503906 4.960938 0.0 -1.347656
2.668  0.1708984 0.0 -2.802734 1.616211 0.0 -2.03125 2.817383 0.0 -1.831055 3.813477 0.0 -1.499023 4.960938 0.0 -1.342773
2.6696  0.1708984 0.0 -2.792969 1.616211 0.0 -2.021484 2.817383 0.0 -1.821289 3.808594 0.0 -1.489258 4.960938 0.0 -1.342773
2.6712  0.1708984 0.0 -2.788086 1.611328 0.0 -2.006836 2.8125 0.0 -1.806641 3.808594 0.0 -1.484375 4.960938 0.0 -1.337891
2.6728  0.1708984 0.0 -2.783203 1.611328 0.0 -1.99707 2.8125 0.0 -1.796875 3.808594 0.0 -1.479492 4.956055 0.0 -1.337891
2.6744  0.1708984 0.0 -2.773438 1.611328 0.0 -1.987305 2.807617 0.0 -1.787109 3.808594 0.0 -1.474609 4.956055 0.0 -1.333008
2.676  0.1660156 0.0 -2.768555 1.606445 0.0 -1.972656 2.807617 0.0 -1.777344 3.803711 0.0 -1.464844 4.956055 0.0 -1.328125
2.6776  0.1660156 0.0 -2.758789 1.606445 0.0 -1.962891 2.802734 0.0 -1.767578 3.803711 0.0 -1.459961 4.956055 0.0 -1.328125
2.6792  0.1660156 0.0 -2.753906 1.601563 0.0 -1.948242 2.802734 0.0 -1.757813 3.803711 0.0 -1.450195 4.951172 0.0 -1.323242
2.6808  0.1660156 0.0 -2.744141 1.601563 0.0 -1.938477 2.797852 0.0 -1.743164 3.798828 0.0 -1.445313 4.951172 0.0 -1.318359
2.6824  0.1660156 0.0 -2.739258 1.59668 0.0 -1.923828 2.797852 0.0 -1.733398 3.798828 0.0 -1.44043 4.951172 0.0 -1.318359
2.684  0.1611328 0.0 -2.729492 1.59668 0.0 -1.914063 2.792969 0.0 -1.723633 3.798828 0.0 -1.430664 4.946289 0.0 -1.313477
2.6856  0.1611328 0.0 -2.724609 1.591797 0.0 -1.899414 2.792969 0.0 -1.713867 3.793945 0.0 -1.425781 4.946289 0.0 -1.308594
2.6872  0.1611328 0.0 -2.714844 1.591797 0.0 -1.889648 2.788086 0.0 -1.699219 3.793945 0.0 -1.420898 4.946289 0.0 -1.308594
2.6888  0.1611328 0.0 -2.709961 1.586914 0.0 -1.875 2.788086 0.0 -1.689453 3.793945 0.0 -1.411133 4.941406 0.0 -1.303711
2.6904  0.15625 0.0 -2.700195 1.586914 0.0 -1.865234 2.783203 0.0 -1.679688 3.789063 0.0 -1.40625 4.941406 0.0 -1.298828
2.692  0.15625 0.0 -2.695313 1.582031 0.0 -1.850586 2.77832 0.0 -1.665039 3.789063 0.0 -1.396484 4.941406 0.0 -1.298828
2.6936  0.15625 0.0 -2.685547 1.582031 0.0 -1.835938 2.77832 0.0 -1.655273 3.789063 0.0 -1.391602 4.936523 0.0 -1.293945
2.6952  0.15625 0.0 -2.675781 1.577148 0.0 -1.826172 2.773438 0.0 -1.645508 3.78418 0.0 -1.381836 4.936523 0.0 -1.289063
2.6968  0.1513672 0.0 -2.670898 1.572266 0.0 -1.811523 2.773438 0.0 -1.630859 3.78418 0.0 -1.376953 4.936523 0.0 -1.28418
2.6984  0.1513672 0.0 -2.661133 1.572266 0.0 -1.796875 2.768555 0.0 -1.621094 3.78418 0.0 -1.367188 4.931641 0.0 -1.279297
2.7  0.1513672 0.0 -2.65625 1.567383 0.0 -1.787109 2.768555 0.0 -1.611328 3.779297 0.0 -1.362305 4.931641 0.0 -1.279297
2.7016  0.1513672 0.0 -2.646484 1.567383 0.0 -1.772461 2.763672 0.0 -1.59668 3.779297 0.0 -1.357422 4.931641 0.0 -1.274414
2.7032  0.1464844 0.0 -2.636719 1.5625 0.0 -1.762695 2.758789 0.0 -1.586914 3.774414 0.0 -1.347656 4.926758 0.0 -1.269531
2.7048  0.1464844 0.0 -2.631836 1.5625 0.0 -1.748047 2.758789 0.0 -1.572266 3.774414 0.0 -1.342773 4.926758 0.0 -1.264648
2.7064  0.1464844 0.0 -2.62207 1.557617 0.0 -1.733398 2.753906 0.0 -1.5625 3.774414 0.0 -1.333008 4.921875 0.0 -1.259766
2.708  0.1464844 0.0 -2.612305 1.557617 0.0 -1.723633 2.753906 0.0 -1.552734 3.769531 0.0 -1.328125 4.921875 0.0 -1.254883
2.7096  0.1464844 0.0 -2.607422 1.552734 0.0 -1.708984 2.749023 0.0 -1.538086 3.769531 0.0 -1.318359 4.921875 0.0 -1.254883
2.7112  0.1416016 0.0 -2.597656 1.547852 0.0 -1.699219 2.749023 0.0 -1.52832 3.769531 0.0 -1.313477 4.916992 0.0 -1.25
2.7128  0.1416016 0.0 -2.587891 1.547852 0.0 -1.68457 2.744141 0.0 -1.513672 3.764648 0.0 -1.303711 4.916992 0.0 -1.245117
2.7144  0.1416016 0.0 -2.578125 1.542969 0.0 -1.669922 2.744141 0.0 -1.503906 3.764648 0.0 -1.293945 4.912109 0.0 -1.240234
2.716  0.1416016 0.0 -2.573242 1.542969 0.0 -1.660156 2.739258 0.0 -1.489258 3.764648 0.0 -1.289063 4.912109 0.0 -1.235352
2.7176  0.1416016 0.0 -2.563477 1.538086 0.0 -1.645508 2.739258 0.0 -1.479492 3.759766 0.0 -1.279297 4.907227 0.0 -1.230469
2.7192  0.1367188 0.0 -2.553711 1.538086 0.0 -1.635742 2.734375 0.0 -1.464844 3.759766 0.0 -1.274414 4.907227 0.0 -1.225586
2.7208  0.1367188 0.0 -2.548828 1.533203 0.0 -1.621094 2.734375 0.0 -1.455078 3.754883 0.0 -1.264648 4.907227 0.0 -1.220703
2.7224  0.1367188 0.0 -2.539063 1.52832 0.0 -1.606445 2.729492 0.0 -1.44043 3.754883 0.0 -1.259766 4.902344 0.0 -1.21582
2.724  0.1367188 0.0 -2.529297 1.52832 0.0 -1.59668 2.729492 0.0 -1.430664 3.754883 0.0 -1.25 4.902344 0.0 -1.210938
2.7256  0.1318359 0.0 -2.519531 1.523438 0.0 -1.582031 2.724609 0.0 -1.416016 3.75 0.0 -1.245117 4.897461 0.0 -1.206055
2.7272  0.1318359 0.0 -2.514648 1.523438 0.0 -1.572266 2.719727 0.0 -1.40625 3.75 0.0 -1.235352 4.897461 0.0 -1.201172
2.7288  0.1318359 0.0 -2.504883 1.518555 0.0 -1.557617 2.719727 0.0 -1.396484 3.75 0.0 -1.230469 4.892578 0.0 -1.196289
2.7304  0.1318359 0.0 -2.495117 1.518555 0.0 -1.542969 2.714844 0.0 -1.381836 3.745117 0.0 -1.220703 4.892578 0.0 -1.191406
2.732  0.1269531 0.0 -2.485352 1.513672 0.0 -1.533203 2.714844 0.0 -1.37207 3.745117 0.0 -1.21582 4.887695 0.0 -1.186523
2.7336  0.1269531 0.0 -2.475586 1.508789 0.0 -1.518555 2.709961 0.0 -1.357422 3.745117 0.0 -1.206055 4.887695 0.0 -1.181641
2.7352  0.1269531 0.0 -2.470703 1.508789 0.0 -1.508789 2.705078 0.0 -1.347656 3.740234 0.0 -1.201172 4.882813 0.0 -1.176758
2.7368  0.1220703 0.0 -2.460938 1.503906 0.0 -1.494141 2.705078 0.0 -1.333008 3.740234 0.0 -1.191406 4.87793 0.0 -1.171875
2.7384  0.1220703 0.0 -2.451172 1.499023 0.0 -1.479492 2.700195 0.0 -1.323242 3.735352 0.0 -1.186523 4.87793 0.0 -1.166992
2.74  0.1220703 0.0 -2.441406 1.499023 0.0 -1.469727 2.700195 0.0 -1.308594 3.735352 0.0 -1.176758 4.873047 0.0 -1.162109
2.7416  0.1220703 0.0 -2.431641 1.494141 0.0 -1.455078 2.695313 0.0 -1.298828 3.735352 0.0 -1.171875 4.873047 0.0 -1.157227
2.7432  0.1171875 0.0 -2.426758 1.489258 0.0 -1.445313 2.69043 0.0 -1.28418 3.730469 0.0 -1.162109 4.868164 0.0 -1.152344
2.7448  0.1171875 0.0 -2.416992 1.489258 0.0 -1.430664 2.69043 0.0 -1.274414 3.730469 0.0 -1.157227 4.863281 0.0 -1.147461
2.7464  0.1171875 0.0 -2.407227 1.484375 0.0 -1.416016 2.685547 0.0 -1.259766 3.725586 0.0 -1.147461 4.863281 0.0 -1.142578
2.748  0.1123047 0.0 -2.397461 1.479492 0.0 -1.40625 2.680664 0.0 -1.25 3.725586 0.0 -1.142578 4.858398 0.0 -1.137695
2.7496  0.1123047 0.0 -2.387695 1.474609 0.0 -1.391602 2.680664 0.0 -1.235352 3.720703 0.0 -1.137695 4.853516 0.0 -1.132813
2.7512  0.1123047 0.0 -2.37793 1.474609 0.0 -1.381836 2.675781 0.0 -1.225586 3.720703 0.0 -1.12793 4.853516 0.0 -1.12793
2.7528  0.1074219 0.0 -2.373047 1.469727 0.0 -1.367188 2.670898 0.0 -1.21582 3.71582 0.0 -1.123047 4.848633 0.0 -1.123047
2.7544  0.1074219 0.0 -2.363281 1.464844 0.0 -1.352539 2.666016 0.0 -1.201172 3.71582 0.0 -1.118164 4.84375 0.0 -1.118164
2.756  0.1074219 0.0 -2.353516 1.459961 0.0 -1.342773 2.666016 0.0 -1.191406 3.710938 0.0 -1.108398 4.838867 0.0 -1.113281
2.7576  0.1025391 0.0 -2.34375 1.455078 0.0 -1.328125 2.661133 0.0 -1.176758 3.710938 0.0 -1.103516 4.838867 0.0 -1.108398
2.7592  0.1025391 0.0 -2.333984 1.450195 0.0 -1.313477 2.65625 0.0 -1.166992 3.706055 0.0 -1.098633 4.833984 0.0 -1.103516
2.7608  0.1025391 0.0 -2.324219 1.445313 0.0 -1.303711 2.65625 0.0 -1.152344 3.706055 0.0 -1.088867 4.829102 0.0 -1.098633
2.7624  0.09765625 0.0 -2.314453 1.445313 0.0 -1.289063 2.651367 0.0 -1.142578 3.701172 0.0 -1.083984 4.824219 0.0 -1.09375
2.764  0.09765625 0.0 -2.304688 1.44043 0.0 -1.279297 2.646484 0.0 -1.12793 3.696289 0.0 -1.079102 4.819336 0.0 -1.083984
2.7656  0.09765625 0.0 -2.299805 1.435547 0.0 -1.264648 2.641602 0.0 -1.118164 3.696289 0.0 -1.069336 4.814453 0.0 -1.079102
2.7672  0.09277344 0.0 -2.290039 1.430664 0.0 -1.25 2.636719 0.0 -1.103516 3.691406 0.0 -1.064453 4.814453 0.0 -1.074219
2.7688  0.09277344 0.0 -2.280273 1.425781 0.0 -1.235352 2.636719 0.0 -1.09375 3.686523 0.0 -1.05957 4.80957 0.0 -1.069336
2.7704  0.09277344 0.0 -2.270508 1.416016 0.0 -1.225586 2.631836 0.0 -1.079102 3.686523 0.0 -1.049805 4.804688 0.0 -1.064453
2.772  0.08789063 0.0 -2.260742 1.411133 0.0 -1.210938 2.626953 0.0 -1.069336 3.681641 0.0 -1.044922 4.799805 0.0 -1.05957
2.7736  0.08789063 0.0 -2.250977 1.40625 0.0 -1.196289 2.62207 0.0 -1.054688 3.676758 0.0 -1.040039 4.794922 0.0 -1.054688
2.7752  0.08789063 0.0 -2.241211 1.401367 0.0 -1.186523 2.617188 0.0 -1.044922 3.676758 0.0 -1.035156 4.790039 0.0 -1.044922
2.7768  0.08300781 0.0 -2.236328 1.396484 0.0 -1.171875 2.617188 0.0 -1.030273 3.671875 0.0 -1.025391 4.785156 0.0 -1.040039
2.7784  0.08300781 0.0 -2.226563 1.391602 0.0 -1.157227 2.612305 0.0 -1.020508 3.666992 0.0 -1.020508 4.780273 0.0 -1.035156
2.78  0.08300781 0.0 -2.216797 1.386719 0.0 -1.142578 2.607422 0.0 -1.005859 3.662109 0.0 -1.015625 4.775391 0.0 -1.030273
2.7816  0.078125 0.0 -2.207031 1.376953 0.0 -1.132813 2.602539 0.0 -0.9960938 3.657227 0.0 -1.005859 4.770508 0.0 -1.025391
2.7832  0.078125 0.0 -2.197266 1.37207 0.0 -1.118164 2.597656 0.0 -0.9814453 3.657227 0.0 -1.000977 4.765625 0.0 -1.015625
2.7848  0.078125 0.0 -2.192383 1.367188 0.0 -1.103516 2.592773 0.0 -0.9716797 3.652344 0.0 -0.9960938 4.760742 0.0 -1.010742
2.7864  0.07324219 0.0 -2.182617 1.362305 0.0 -1.088867 2.587891 0.0 -0.9570313 3.647461 0.0 -0.9912109 4.750977 0.0 -1.005859
2.788  0.07324219 0.0 -2.172852 1.352539 0.0 -1.079102 2.583008 0.0 -0.9472656 3.642578 0.0 -0.9814453 4.746094 0.0 -1.000977
2.7896  0.06835938 0.0 -2.163086 1.347656 0.0 -1.064453 2.578125 0.0 -0.9326172 3.637695 0.0 -0.9765625 4.741211 0.0 -0.9912109
2.7912  0.06835938 0.0 -2.158203 1.342773 0.0 -1.049805 2.573242 0.0 -0.9179688 3.632813 0.0 -0.9716797 4.736328 0.0 -0.9863281
2.7928  0.06835938 0.0 -2.148438 1.333008 0.0 -1.040039 2.568359 0.0 -0.9082031 3.632813 0.0 -0.9667969 4.731445 0.0 -0.9814453
2.7944  0.06347656 0.0 -2.138672 1.328125 0.0 -1.025391 2.563477 0.0 -0.8935547 3.62793 0.0 -0.9570313 4.726563 0.0 -0.9716797
2.796  0.06347656 0.0 -2.128906 1.323242 0.0 -1.010742 2.558594 0.0 -0.8837891 3.623047 0.0 -0.9521484 4.72168 0.0 -0.9667969
2.7976  0.06347656 0.0 -2.124023 1.313477 0.0 -1.000977 2.553711 0.0 -0.8691406 3.618164 0.0 -0.9472656 4.711914 0.0 -0.9619141
2.7992  0.05859375 0.0 -2.114258 1.308594 0.0 -0.9863281 2.548828 0.0 -0.8544922 3.613281 0.0 -0.9423828 4.707031 0.0 -0.9570313
2.8008  0.05859375 0.0 -2.104492 1.303711 0.0 -0.9716797 2.543945 0.0 -0.8447266 3.608398 0.0 -0.9326172 4.702148 0.0 -0.9472656
2.8024  0.05859375 0.0 -2.099609 1.293945 0.0 -0.9619141 2.539063 0.0 -0.8300781 3.603516 0.0 -0.9277344 4.697266 0.0 -0.9423828
2.804  0.05371094 0.0 -2.089844 1.289063 0.0 -0.9472656 2.53418 0.0 -0.8203125 3.598633 0.0 -0.9228516 4.692383 0.0 -0.9375
2.8056  0.05371094 0.0 -2.084961 1.28418 0.0 -0.9326172 2.529297 0.0 -0.8056641 3.59375 0.0 -0.9179688 4.682617 0.0 -0.9277344
2.8072  0.05371094 0.0 -2.075195 1.274414 0.0 -0.9228516 2.524414 0.0 -0.7910156 3.588867 0.0 -0.9082031 4.677734 0.0 -0.9228516
2.8088  0.04882813 0.0 -2.06543 1.269531 0.0 -0.9082031 2.519531 0.0 -0.78125 3.583984 0.0 -0.9033203 4.672852 0.0 -0.9179688
2.8104  0.04882813 0.0 -2.060547 1.264648 0.0 -0.8984375 2.514648 0.0 -0.7666016 3.579102 0.0 -0.8984375 4.667969 0.0 -0.9082031
2.812  0.04882813 0.0 -2.050781 1.254883 0.0 -0.8837891 2.509766 0.0 -0.7519531 3.574219 0.0 -0.8935547 4.658203 0.0 -0.9033203
2.8136  0.04882813 0.0 -2.045898 1.25 0.0 -0.8740234 2.504883 0.0 -0.7421875 3.569336 0.0 -0.8837891 4.65332 0.0 -0.8984375
2.8152  0.04394531 0.0 -2.041016 1.245117 0.0 -0.859375 2.5 0.0 -0.7275391 3.564453 0.0 -0.8789063 4.648438 0.0 -0.8886719
2.8168  0.04394531 0.0 -2.03125 1.235352 0.0 -0.8496094 2.495117 0.0 -0.7128906 3.55957 0.0 -0.8740234 4.643555 0.0 -0.8837891
2.8184  0.04394531 0.0 -2.026367 1.230469 0.0 -0.8398438 2.490234 0.0 -0.703125 3.554688 0.0 -0.8691406 4.638672 0.0 -0.8740234
2.82  0.0390625 0.0 -2.016602 1.225586 0.0 -0.8251953 2.485352 0.0 -0.6884766 3.549805 0.0 -0.859375 4.628906 0.0 -0.8691406
2.8216  0.0390625 0.0 -2.011719 1.220703 0.0 -0.8154297 2.480469 0.0 -0.6738281 3.544922 0.0 -0.8544922 4.624023 0.0 -0.8642578
2.8232  0.0390625 0.0 -2.006836 1.21582 0.0 -0.8056641 2.480469 0.0 -0.6640625 3.540039 0.0 -0.8496094 4.619141 0.0 -0.859375
2.8248  0.0390625 0.0 -1.99707 1.210938 0.0 -0.7958984 2.475586 0.0 -0.6494141 3.535156 0.0 -0.8447266 4.614258 0.0 -0.8496094
2.8264  0.03417969 0.0 -1.992188 1.206055 0.0 -0.7861328 2.470703 0.0 -0.6347656 3.530273 0.0 -0.8398438 4.609375 0.0 -0.8447266
2.828  0.03417969 0.0 -1.987305 1.196289 0.0 -0.7763672 2.46582 0.0 -0.625 3.525391 0.0 -0.8300781 4.604492 0.0 -0.8398438
2.8296  0.03417969 0.0 -1.982422 1.191406 0.0 -0.7666016 2.460938 0.0 -0.6103516 3.520508 0.0 -0.8251953 4.599609 0.0 -0.8300781
2.8312  0.02929688 0.0 -1.977539 1.191406 0.0 -0.7568359 2.456055 0.0 -0.6005859 3.520508 0.0 -0.8203125 4.594727 0.0 -0.8251953
2.8328  0.02929688 0.0 -1.967773 1.186523 0.0 -0.7470703 2.456055 0.0 -0.5859375 3.515625 0.0 -0.8154297 4.584961 0.0 -0.8203125
2.8344  0.02929688 0.0 -1.962891 1.181641 0.0 -0.7373047 2.451172 0.0 -0.5761719 3.510742 0.0 -0.8105469 4.580078 0.0 -0.8154297
2.836  0.02929688 0.0 -1.958008 1.176758 0.0 -0.7324219 2.446289 0.0 -0.5615234 3.505859 0.0 -0.8056641 4.575195 0.0 -0.8105469
2.8376  0.02441406 0.0 -1.953125 1.171875 0.0 -0.7226563 2.441406 0.0 -0.5517578 3.500977 0.0 -0.8007813 4.575195 0.0 -0.8056641
2.8392  0.02441406 0.0 -1.948242 1.166992 0.0 -0.7177734 2.441406 0.0 -0.5419922 3.500977 0.0 -0.7958984 4.570313 0.0 -0.8007813
2.8408  0.02441406 0.0 -1.943359 1.166992 0.0 -0.7080078 2.436523 0.0 -0.5273438 3.496094 0.0 -0.7910156 4.56543 0.0 -0.7958984
2.8424  0.01953125 0.0 -1.938477 1.162109 0.0 -0.703125 2.431641 0.0 -0.5175781 3.491211 0.0 -0.7861328 4.560547 0.0 -0.7910156
2.844  0.01953125 0.0 -1.938477 1.162109 0.0 -0.6933594 2.431641 0.0 -0.5078125 3.491211 0.0 -0.78125 4.555664 0.0 -0.7861328
2.8456  0.01953125 0.0 -1.933594 1.157227 0.0 -0.6884766 2.426758 0.0 -0.4980469 3.486328 0.0 -0.7763672 4.550781 0.0 -0.78125
2.8472  0.01953125 0.0 -1.928711 1.157227 0.0 -0.6835938 2.426758 0.0 -0.4882813 3.486328 0.0 -0.7714844 4.545898 0.0 -0.7763672
2.8488  0.01464844 0.0 -1.923828 1.152344 0.0 -0.6787109 2.421875 0.0 -0.4785156 3.481445 0.0 -0.7666016 4.545898 0.0 -0.7714844
2.8504  0.01464844 0.0 -1.918945 1.152344 0.0 -0.6738281 2.421875 0.0 -0.46875 3.476563 0.0 -0.7666016 4.541016 0.0 -0.7666016
2.852  0.01464844 0.0 -1.918945 1.147461 0.0 -0.6689453 2.416992 0.0 -0.4589844 3.476563 0.0 -0.7617188 4.536133 0.0 -0.7617188
2.8536  0.01464844 0.0 -1.914063 1.147461 0.0 -0.6640625 2.416992 0.0 -0.4492188 3.47168 0.0 -0.7568359 4.536133 0.0 -0.7617188
2.8552  0.009765625 0.0 -1.90918 1.147461 0.0 -0.6591797 2.412109 0.0 -0.4394531 3.47168 0.0 -0.7519531 4.53125 0.0 -0.7568359
2.8568  0.009765625 0.0 -1.90918 1.147461 0.0 -0.6542969 2.412109 0.0 -0.4345703 3.47168 0.0 -0.7519531 4.53125 0.0 -0.7519531
2.8584  0.009765625 0.0 -1.904297 1.142578 0.0 -0.6542969 2.412109 0.0 -0.4248047 3.466797 0.0 -0.7470703 4.526367 0.0 -0.7470703
2.86  0.009765625 0.0 -1.904297 1.142578 0.0 -0.6494141 2.407227 0.0 -0.4150391 3.466797 0.0 -0.7421875 4.526367 0.0 -0.7470703
2.8616  0.004882813 0.0 -1.899414 1.142578 0.0 -0.6445313 2.407227 0.0 -0.4101563 3.461914 0.0 -0.7421875 4.521484 0.0 -0.7421875
2.8632  0.004882813 0.0 -1.899414 1.142578 0.0 -0.6445313 2.407227 0.0 -0.4003906 3.461914 0.0 -0.7373047 4.521484 0.0 -0.7373047
2.8648  0.004882813 0.0 -1.894531 1.142578 0.0 -0.6396484 2.402344 0.0 -0.3955078 3.461914 0.0 -0.7373047 4.516602 0.0 -0.7373047
2.8664  0.004882813 0.0 -1.894531 1.137695 0.0 -0.6396484 2.402344 0.0 -0.3857422 3.457031 0.0 -0.7324219 4.516602 0.0 -0.7324219
2.868  0.004882813 0.0 -1.894531 1.137695 0.0 -0.6347656 2.402344 0.0 -0.3808594 3.457031 0.0 -0.7324219 4.511719 0.0 -0.7324219
2.8696  0.0 0.0 -1.889648 1.137695 0.0 -0.6347656 2.397461 0.0 -0.3759766 3.457031 0.0 -0.7275391 4.511719 0.0 -0.7275391
2.8712  0.0 0.0 -1.889648 1.137695 0.0 -0.6298828 2.397461 0.0 -0.3662109 3.457031 0.0 -0.7275391 4.511719 0.0 -0.7226563
2.8728  0.0 0.0 -1.889648 1.137695 0.0 -0.6298828 2.397461 0.0 -0.3613281 3.452148 0.0 -0.7226563 4.506836 0.0 -0.7226563
2.8744  0.0 0.0 -1.889648 1.137695 0.0 -0.6298828 2.397461 0.0 -0.3564453 3.452148 0.0 -0.7226563 4.506836 0.0 -0.7177734
2.876  0.0 0.0 -1.889648 1.137695 0.0 -0.6298828 2.397461 0.0 -0.3515625 3.452148 0.0 -0.7177734 4.506836 0.0 -0.7177734
2.8776  0.0 0.0 -1.884766 1.137695 0.0 -0.625 2.392578 0.0 -0.3466797 3.452148 0.0 -0.7177734 4.506836 0.0 -0.7128906
2.8792  0.0 0.0 -1.884766 1.137695 0.0 -0.625 2.392578 0.0 -0.3417969 3.452148 0.0 -0.7177734 4.501953 0.0 -0.7128906
2.8808  -0.004882813 0.0 -1.884766 1.137695 0.0 -0.625 2.392578 0.0 -0.3369141 3.452148 0.0 -0.7128906 4.501953 0.0 -0.7128906
2.8824  -0.004882813 0.0 -1.884766 1.137695 0.0 -0.625 2.392578 0.0 -0.3320313 3.447266 0.0 -0.7128906 4.501953 0.0 -0.7080078
2.884  -0.004882813 0.0 -1.884766 1.137695 0.0 -0.625 2.387695 0.0 -0.3271484 3.447266 0.0 -0.7080078 4.501953 0.0 -0.7080078
2.8856  -0.004882813 0.0 -1.884766 1.137695 0.0 -0.625 2.387695 0.0 -0.3222656 3.447266 0.0 -0.7080078 4.501953 0.0 -0.703125
2.8872  -0.004882813 0.0 -1.889648 1.137695 0.0 -0.625 2.387695 0.0 -0.3222656 3.447266 0.0 -0.7080078 4.49707 0.0 -0.703125
2.8888  -0.004882813 0.0 -1.889648 1.137695 0.0 -0.625 2.387695 0.0 -0.3173828 3.447266 0.0 -0.703125 4.49707 0.0 -0.6982422
2.8904  -0.004882813 0.0 -1.889648 1.137695 0.0 -0.625 2.387695 0.0 -0.3125 3.447266 0.0 -0.703125 4.49707 0.0 -0.6982422
2.892  -0.004882813 0.0 -1.889648 1.137695 0.0 -0.625 2.387695 0.0 -0.3125 3.447266 0.0 -0.703125 4.49707 0.0 -0.6933594
2.8936  -0.004882813 0.0 -1.889648 1.142578 0.0 -0.625 2.387695 0.0 -0.3076172 3.447266 0.0 -0.703125 4.49707 0.0 -0.6933594
2.8952  -0.004882813 0.0 -1.894531 1.142578 0.0 -0.625 2.382813 0.0 -0.3076172 3.447266 0.0 -0.6982422 4.49707 0.0 -0.6933594
2.8968  0.0 0.0 -1.894531 1.142578 0.0 -0.6298828 2.382813 0.0 -0.3076172 3.452148 0.0 -0.6982422 4.501953 0.0 -0.6884766
2.8984  0.0 0.0 -1.899414 1.142578 0.0 -0.6298828 2.382813 0.0 -0.3027344 3.452148 0.0 -0.6982422 4.501953 0.0 -0.6884766
2.9  0.0 0.0 -1.899414 1.142578 0.0 -0.6298828 2.382813 0.0 -0.3027344 3.452148 0.0 -0.6982422 4.501953 0.0 -0.6884766
2.9016  0.0 0.0 -1.904297 1.142578 0.0 -0.6347656 2.382813 0.0 -0.3027344 3.452148 0.0 -0.6982422 4.501953 0.0 -0.6835938
2.9032  0.0 0.0 -1.904297 1.142578 0.0 -0.6347656 2.382813 0.0 -0.3027344 3.452148 0.0 -0.6933594 4.501953 0.0 -0.6835938
2.9048  0.0 0.0 -1.90918 1.142578 0.0 -0.6396484 2.382813 0.0 -0.3027344 3.452148 0.0 -0.6933594 4.501953 0.0 -0.6787109
2.9064  0.0 0.0 -1.90918 1.147461 0.0 -0.6445313 2.382813 0.0 -0.3027344 3.452148 0.0 -0.6933594 4.506836 0.0 -0.6787109
2.908  0.0 0.0 -1.914063 1.147461 0.0 -0.6445313 2.382813 0.0 -0.3076172 3.457031 0.0 -0.6933594 4.506836 0.0 -0.6787109
2.9096  0.0 0.0 -1.918945 1.147461 0.0 -0.6494141 2.382813 0.0 -0.3076172 3.457031 0.0 -0.6933594 4.506836 0.0 -0.6738281
2.9112  0.0 0.0 -1.923828 1.147461 0.0 -0.6542969 2.382813 0.0 -0.3076172 3.457031 0.0 -0.6933594 4.511719 0.0 -0.6738281
2.9128  0.004882813 0.0 -1.928711 1.147461 0.0 -0.6640625 2.382813 0.0 -0.3125 3.457031 0.0 -0.6933594 4.511719 0.0 -0.6738281
2.9144  0.004882813 0.0 -1.933594 1.152344 0.0 -0.6689453 2.382813 0.0 -0.3173828 3.457031 0.0 -0.6933594 4.516602 0.0 -0.6738281
2.916  0.004882813 0.0 -1.938477 1.152344 0.0 -0.6738281 2.382813 0.0 -0.3173828 3.461914 0.0 -0.6933594 4.516602 0.0 -0.6689453
2.9176  0.004882813 0.0 -1.943359 1.152344 0.0 -0.6835938 2.382813 0.0 -0.3222656 3.461914 0.0 -0.6933594 4.521484 0.0 -0.6689453
2.9192  0.004882813 0.0 -1.948242 1.152344 0.0 -0.6884766 2.382813 0.0 -0.3271484 3.461914 0.0 -0.6933594 4.521484 0.0 -0.6689453
2.9208  0.004882813 0.0 -1.953125 1.152344 0.0 -0.6982422 2.382813 0.0 -0.3320313 3.461914 0.0 -0.6982422 4.526367 0.0 -0.6689453
2.9224  0.004882813 0.0 -1.958008 1.157227 0.0 -0.7080078 2.382813 0.0 -0.3417969 3.466797 0.0 -0.6982422 4.526367 0.0 -0.6640625
2.924  0.004882813 0.0 -1.967773 1.157227 0.0 -0.7177734 2.382813 0.0 -0.3466797 3.466797 0.0 -0.6982422 4.53125 0.0 -0.6640625
2.9256  0.004882813 0.0 -1.972656 1.157227 0.0 -0.7324219 2.382813 0.0 -0.3564453 3.47168 0.0 -0.6982422 4.536133 0.0 -0.6640625
2.9272  0.004882813 0.0 -1.977539 1.162109 0.0 -0.7421875 2.382813 0.0 -0.3613281 3.47168 0.0 -0.703125 4.536133 0.0 -0.6640625
2.9288  0.004882813 0.0 -1.987305 1.162109 0.0 -0.7568359 2.382813 0.0 -0.3710938 3.47168 0.0 -0.703125 4.541016 0.0 -0.6640625
2.9304  0.004882813 0.0 -1.99707 1.162109 0.0 -0.7714844 2.382813 0.0 -0.3808594 3.476563 0.0 -0.7080078 4.545898 0.0 -0.6640625
2.932  0.004882813 0.0 -2.001953 1.166992 0.0 -0.7861328 2.387695 0.0 -0.390625 3.476563 0.0 -0.7080078 4.550781 0.0 -0.6640625
2.9336  0.004882813 0.0 -2.011719 1.166992 0.0 -0.8007813 2.387695 0.0 -0.4003906 3.481445 0.0 -0.7128906 4.555664 0.0 -0.6640625
2.9352  0.004882813 0.0 -2.021484 1.171875 0.0 -0.8154297 2.387695 0.0 -0.4101563 3.486328 0.0 -0.7177734 4.560547 0.0 -0.6640625
2.9368  0.004882813 0.0 -2.03125 1.176758 0.0 -0.8349609 2.387695 0.0 -0.4248047 3.486328 0.0 -0.7177734 4.56543 0.0 -0.6640625
2.9384  0.009765625 0.0 -2.041016 1.176758 0.0 -0.8496094 2.392578 0.0 -0.4345703 3.491211 0.0 -0.7226563 4.570313 0.0 -0.6689453
2.94  0.009765625 0.0 -2.050781 1.181641 0.0 -0.8691406 2.392578 0.0 -0.4492188 3.496094 0.0 -0.7275391 4.580078 0.0 -0.6689453
2.9416  0.009765625 0.0 -2.060547 1.186523 0.0 -0.8886719 2.397461 0.0 -0.4638672 3.500977 0.0 -0.7324219 4.584961 0.0 -0.6689453
2.9432  0.009765625 0.0 -2.075195 1.191406 0.0 -0.9082031 2.397461 0.0 -0.4785156 3.505859 0.0 -0.7373047 4.589844 0.0 -0.6738281
2.9448  0.009765625 0.0 -2.084961 1.196289 0.0 -0.9277344 2.402344 0.0 -0.4931641 3.510742 0.0 -0.7470703 4.599609 0.0 -0.6738281
2.9464  0.01464844 0.0 -2.094727 1.201172 0.0 -0.9521484 2.407227 0.0 -0.5126953 3.515625 0.0 -0.7519531 4.604492 0.0 -0.6787109
2.948  0.01464844 0.0 -2.109375 1.206055 0.0 -0.9716797 2.407227 0.0 -0.5273438 3.520508 0.0 -0.7568359 4.614258 0.0 -0.6835938
2.9496  0.01464844 0.0 -2.124023 1.21582 0.0 -0.9960938 2.412109 0.0 -0.546875 3.525391 0.0 -0.7666016 4.624023 0.0 -0.6835938
2.9512  0.01464844 0.0 -2.133789 1.220703 0.0 -1.020508 2.416992 0.0 -0.5615234 3.530273 0.0 -0.7714844 4.628906 0.0 -0.6884766
2.9528  0.01953125 0.0 -2.148438 1.225586 0.0 -1.040039 2.421875 0.0 -0.5810547 3.535156 0.0 -0.78125 4.638672 0.0 -0.6933594
2.9544  0.01953125 0.0 -2.163086 1.235352 0.0 -1.064453 2.426758 0.0 -0.6005859 3.540039 0.0 -0.7910156 4.648438 0.0 -0.6982422
2.956  0.01953125 0.0 -2.177734 1.245117 0.0 -1.088867 2.436523 0.0 -0.6201172 3.549805 0.0 -0.7958984 4.658203 0.0 -0.703125
2.9576  0.02441406 0.0 -2.192383 1.25 0.0 -1.118164 2.441406 0.0 -0.6445313 3.554688 0.0 -0.8056641 4.667969 0.0 -0.7080078
2.9592  0.02441406 0.0 -2.211914 1.259766 0.0 -1.142578 2.446289 0.0 -0.6640625 3.55957 0.0 -0.8154297 4.677734 0.0 -0.7177734
2.9608  0.02929688 0.0 -2.226563 1.269531 0.0 -1.166992 2.456055 0.0 -0.6884766 3.569336 0.0 -0.8251953 4.6875 0.0 -0.7226563
2.9624  0.02929688 0.0 -2.241211 1.279297 0.0 -1.191406 2.460938 0.0 -0.7080078 3.574219 0.0 -0.8398438 4.697266 0.0 -0.7275391
2.964  0.03417969 0.0 -2.260742 1.289063 0.0 -1.220703 2.470703 0.0 -0.7324219 3.583984 0.0 -0.8496094 4.707031 0.0 -0.7373047
2.9656  0.03417969 0.0 -2.275391 1.298828 0.0 -1.245117 2.475586 0.0 -0.7568359 3.588867 0.0 -0.859375 4.716797 0.0 -0.7470703
2.9672  0.0390625 0.0 -2.294922 1.308594 0.0 -1.269531 2.485352 0.0 -0.78125 3.598633 0.0 -0.8740234 4.726563 0.0 -0.7519531
2.9688  0.0390625 0.0 -2.30957 1.318359 0.0 -1.298828 2.495117 0.0 -0.8056641 3.603516 0.0 -0.8837891 4.736328 0.0 -0.7617188
2.9704  0.04394531 0.0 -2.329102 1.328125 0.0 -1.323242 2.504883 0.0 -0.8300781 3.613281 0.0 -0.8984375 4.746094 0.0 -0.7714844
2.972  0.04394531 0.0 -2.34375 1.337891 0.0 -1.352539 2.514648 0.0 -0.8544922 3.623047 0.0 -0.9082031 4.755859 0.0 -0.7763672
2.9736  0.04882813 0.0 -2.363281 1.347656 0.0 -1.376953 2.519531 0.0 -0.8789063 3.62793 0.0 -0.9228516 4.765625 0.0 -0.7861328
2.9752  0.05371094 0.0 -2.382813 1.357422 0.0 -1.401367 2.529297 0.0 -0.9033203 3.637695 0.0 -0.9326172 4.775391 0.0 -0.7958984
2.9768  0.05371094 0.0 -2.402344 1.367188 0.0 -1.430664 2.539063 0.0 -0.9277344 3.642578 0.0 -0.9472656 4.785156 0.0 -0.8056641
2.9784  0.05859375 0.0 -2.421875 1.376953 0.0 -1.455078 2.548828 0.0 -0.9570313 3.652344 0.0 -0.9619141 4.794922 0.0 -0.8154297
2.98  0.06347656 0.0 -2.436523 1.386719 0.0 -1.479492 2.558594 0.0 -0.9814453 3.657227 0.0 -0.9765625 4.804688 0.0 -0.8251953
2.9816  0.06835938 0.0 -2.456055 1.396484 0.0 -1.508789 2.568359 0.0 -1.005859 3.666992 0.0 -0.9863281 4.814453 0.0 -0.8349609
2.9832  0.06835938 0.0 -2.475586 1.40625 0.0 -1.533203 2.573242 0.0 -1.030273 3.671875 0.0 -1.000977 4.824219 0.0 -0.8398438
2.9848  0.07324219 0.0 -2.495117 1.416016 0.0 -1.557617 2.583008 0.0 -1.054688 3.676758 0.0 -1.015625 4.829102 0.0 -0.8496094
2.9864  0.078125 0.0 -2.514648 1.425781 0.0 -1.582031 2.592773 0.0 -1.083984 3.681641 0.0 -1.030273 4.838867 0.0 -0.859375
2.988  0.08300781 0.0 -2.53418 1.435547 0.0 -1.606445 2.597656 0.0 -1.108398 3.686523 0.0 -1.040039 4.84375 0.0 -0.8691406
2.9896  0.08789063 0.0 -2.553711 1.44043 0.0 -1.630859 2.607422 0.0 -1.132813 3.696289 0.0 -1.054688 4.853516 0.0 -0.8740234
2.9912  0.09277344 0.0 -2.573242 1.450195 0.0 -1.655273 2.617188 0.0 -1.157227 3.696289 0.0 -1.069336 4.858398 0.0 -0.8837891
2.9928  0.09277344 0.0 -2.587891 1.455078 0.0 -1.674805 2.62207 0.0 -1.181641 3.701172 0.0 -1.079102 4.863281 0.0 -0.8935547
2.9944  0.09765625 0.0 -2.607422 1.464844 0.0 -1.699219 2.626953 0.0 -1.206055 3.706055 0.0 -1.09375 4.868164 0.0 -0.8984375
2.996  0.1025391 0.0 -2.626953 1.469727 0.0 -1.71875 2.636719 0.0 -1.225586 3.710938 0.0 -1.103516 4.873047 0.0 -0.9082031
2.9976  0.1074219 0.0 -2.646484 1.474609 0.0 -1.743164 2.641602 0.0 -1.25 3.710938 0.0 -1.118164 4.87793 0.0 -0.9130859
2.9992  0.1123047 0.0 -2.661133 1.484375 0.0 -1.762695 2.646484 0.0 -1.274414 3.71582 0.0 -1.12793 4.87793 0.0 -0.9179688
3.0008  0.1171875 0.0 -2.680664 1.489258 0.0 -1.787109 2.651367 0.0 -1.293945 3.71582 0.0 -1.142578 4.882813 0.0 -0.9277344
3.0024  0.1220703 0.0 -2.695313 1.489258 0.0 -1.806641 2.65625 0.0 -1.318359 3.720703 0.0 -1.152344 4.882813 0.0 -0.9326172
3.004  0.1220703 0.0 -2.714844 1.494141 0.0 -1.826172 2.65625 0.0 -1.337891 3.720703 0.0 -1.166992 4.882813 0.0 -0.9375
3.0056  0.1269531 0.0 -2.729492 1.499023 0.0 -1.845703 2.661133 0.0 -1.362305 3.720703 0.0 -1.176758 4.887695 0.0 -0.9423828
3.0072  0.1318359 0.0 -2.744141 1.503906 0.0 -1.865234 2.666016 0.0 -1.381836 3.720703 0.0 -1.186523 4.887695 0.0 -0.9521484
3.0088  0.1367188 0.0 -2.763672 1.503906 0.0 -1.884766 2.666016 0.0 -1.401367 3.720703 0.0 -1.196289 4.887695 0.0 -0.9570313
3.0104  0.1416016 0.0 -2.77832 1.508789 0.0 -1.899414 2.666016 0.0 -1.420898 3.720703 0.0 -1.206055 4.887695 0.0 -0.9619141
3.012  0.1416016 0.0 -2.792969 1.508789 0.0 -1.918945 2.670898 0.0 -1.44043 3.720703 0.0 -1.220703 4.887695 0.0 -0.9667969
3.0136  0.1464844 0.0 -2.807617 1.508789 0.0 -1.933594 2.670898 0.0 -1.459961 3.720703 0.0 -1.230469 4.882813 0.0 -0.9716797
3.0152  0.1513672 0.0 -2.822266 1.513672 0.0 -1.953125 2.670898 0.0 -1.479492 3.720703 0.0 -1.240234 4.882813 0.0 -0.9765625
3.0168  0.1513672 0.0 -2.836914 1.513672 0.0 -1.967773 2.675781 0.0 -1.494141 3.71582 0.0 -1.25 4.882813 0.0 -0.9814453
3.0184  0.15625 0.0 -2.84668 1.513672 0.0 -1.982422 2.675781 0.0 -1.513672 3.71582 0.0 -1.254883 4.87793 0.0 -0.9863281
3.02  0.15625 0.0 -2.861328 1.513672 0.0 -2.001953 2.675781 0.0 -1.52832 3.71582 0.0 -1.264648 4.87793 0.0 -0.9863281
3.0216  0.1611328 0.0 -2.875977 1.513672 0.0 -2.016602 2.675781 0.0 -1.547852 3.71582 0.0 -1.274414 4.87793 0.0 -0.9912109
3.0232  0.1611328 0.0 -2.885742 1.513672 0.0 -2.03125 2.675781 0.0 -1.5625 3.710938 0.0 -1.28418 4.873047 0.0 -0.9960938
3.0248  0.1660156 0.0 -2.900391 1.513672 0.0 -2.045898 2.675781 0.0 -1.582031 3.710938 0.0 -1.293945 4.873047 0.0 -1.000977
3.0264  0.1660156 0.0 -2.910156 1.513672 0.0 -2.060547 2.675781 0.0 -1.59668 3.706055 0.0 -1.303711 4.868164 0.0 -1.005859
3.028  0.1708984 0.0 -2.919922 1.513672 0.0 -2.070313 2.675781 0.0 -1.611328 3.706055 0.0 -1.308594 4.868164 0.0 -1.010742
3.0296  0.1708984 0.0 -2.93457 1.513672 0.0 -2.084961 2.675781 0.0 -1.625977 3.706055 0.0 -1.318359 4.863281 0.0 -1.015625
3.0312  0.1757813 0.0 -2.944336 1.513672 0.0 -2.099609 2.675781 0.0 -1.640625 3.701172 0.0 -1.328125 4.863281 0.0 -1.020508
3.0328  0.1757813 0.0 -2.954102 1.513672 0.0 -2.109375 2.675781 0.0 -1.655273 3.701172 0.0 -1.333008 4.858398 0.0 -1.025391
3.0344  0.1806641 0.0 -2.963867 1.513672 0.0 -2.124023 2.680664 0.0 -1.669922 3.701172 0.0 -1.342773 4.858398 0.0 -1.030273
3.036  0.1806641 0.0 -2.973633 1.513672 0.0 -2.133789 2.680664 0.0 -1.68457 3.701172 0.0 -1.352539 4.858398 0.0 -1.035156
3.0376  0.1806641 0.0 -2.983398 1.513672 0.0 -2.148438 2.680664 0.0 -1.694336 3.696289 0.0 -1.357422 4.853516 0.0 -1.040039
3.0392  0.1855469 0.0 -2.993164 1.513672 0.0 -2.158203 2.680664 0.0 -1.708984 3.696289 0.0 -1.367188 4.853516 0.0 -1.044922
3.0408  0.1855469 0.0 -3.00293 1.518555 0.0 -2.167969 2.680664 0.0 -1.71875 3.696289 0.0 -1.37207 4.848633 0.0 -1.049805
3.0424  0.1855469 0.0 -3.007813 1.518555 0.0 -2.177734 2.680664 0.0 -1.733398 3.696289 0.0 -1.381836 4.848633 0.0 -1.054688
3.044  0.1855469 0.0 -3.017578 1.518555 0.0 -2.1875 2.680664 0.0 -1.743164 3.691406 0.0 -1.386719 4.848633 0.0 -1.05957
3.0456  0.1904297 0.0 -3.027344 1.518555 0.0 -2.197266 2.685547 0.0 -1.757813 3.691406 0.0 -1.396484 4.84375 0.0 -1.064453
3.0472  0.1904297 0.0 -3.032227 1.518555 0.0 -2.207031 2.685547 0.0 -1.767578 3.691406 0.0 -1.401367 4.84375 0.0 -1.069336
3.0488  0.1904297 0.0 -3.041992 1.518555 0.0 -2.216797 2.685547 0.0 -1.782227 3.691406 0.0 -1.411133 4.84375 0.0 -1.074219
3.0504  0.1904297 0.0 -3.051758 1.518555 0.0 -2.226563 2.685547 0.0 -1.791992 3.691406 0.0 -1.416016 4.84375 0.0 -1.079102
3.052  0.1953125 0.0 -3.056641 1.518555 0.0 -2.236328 2.685547 0.0 -1.801758 3.691406 0.0 -1.425781 4.838867 0.0 -1.083984
3.0536  0.1953125 0.0 -3.061523 1.518555 0.0 -2.246094 2.69043 0.0 -1.811523 3.691406 0.0 -1.430664 4.838867 0.0 -1.088867
3.0552  0.1953125 0.0 -3.071289 1.518555 0.0 -2.250977 2.69043 0.0 -1.821289 3.691406 0.0 -1.435547 4.838867 0.0 -1.09375
3.0568  0.1953125 0.0 -3.076172 1.523438 0.0 -2.260742 2.69043 0.0 -1.831055 3.686523 0.0 -1.445313 4.838867 0.0 -1.098633
3.0584  0.1953125 0.0 -3.081055 1.523438 0.0 -2.265625 2.69043 0.0 -1.84082 3.686523 0.0 -1.450195 4.833984 0.0 -1.103516
3.06  0.1953125 0.0 -3.09082 1.523438 0.0 -2.275391 2.69043 0.0 -1.850586 3.686523 0.0 -1.455078 4.833984 0.0 -1.108398
3.0616  0.2001953 0.0 -3.095703 1.523438 0.0 -2.280273 2.69043 0.0 -1.860352 3.686523 0.0 -1.464844 4.833984 0.0 -1.113281
3.0632  0.2001953 0.0 -3.100586 1.523438 0.0 -2.290039 2.695313 0.0 -1.870117 3.686523 0.0 -1.469727 4.833984 0.0 -1.118164
3.0648  0.2001953 0.0 -3.105469 1.523438 0.0 -2.294922 2.695313 0.0 -1.879883 3.686523 0.0 -1.474609 4.829102 0.0 -1.123047
3.0664  0.2001953 0.0 -3.110352 1.523438 0.0 -2.299805 2.695313 0.0 -1.884766 3.686523 0.0 -1.479492 4.829102 0.0 -1.12793
3.068  0.2001953 0.0 -3.115234 1.523438 0.0 -2.304688 2.695313 0.0 -1.894531 3.686523 0.0 -1.484375 4.829102 0.0 -1.132813
3.0696  0.2001953 0.0 -3.120117 1.523438 0.0 -2.314453 2.695313 0.0 -1.904297 3.686523 0.0 -1.494141 4.829102 0.0 -1.137695
3.0712  0.2001953 0.0 -3.125 1.523438 0.0 -2.319336 2.695313 0.0 -1.90918 3.681641 0.0 -1.499023 4.829102 0.0 -1.142578
3.0728  0.2001953 0.0 -3.129883 1.52832 0.0 -2.324219 2.700195 0.0 -1.918945 3.681641 0.0 -1.503906 4.824219 0.0 -1.147461
3.0744  0.2001953 0.0 -3.134766 1.52832 0.0 -2.329102 2.700195 0.0 -1.923828 3.681641 0.0 -1.508789 4.824219 0.0 -1.152344
3.076  0.2001953 0.0 -3.139648 1.52832 0.0 -2.333984 2.700195 0.0 -1.933594 3.681641 0.0 -1.513672 4.824219 0.0 -1.157227
3.0776  0.2001953 0.0 -3.139648 1.52832 0.0 -2.338867 2.700195 0.0 -1.938477 3.681641 0.0 -1.518555 4.824219 0.0 -1.162109
3.0792  0.2001953 0.0 -3.144531 1.52832 0.0 -2.34375 2.700195 0.0 -1.943359 3.681641 0.0 -1.523438 4.824219 0.0 -1.166992
3.0808  0.2001953 0.0 -3.149414 1.52832 0.0 -2.348633 2.705078 0.0 -1.948242 3.681641 0.0 -1.52832 4.824219 0.0 -1.171875
3.0824  0.2001953 0.0 -3.154297 1.52832 0.0 -2.353516 2.705078 0.0 -1.958008 3.681641 0.0 -1.533203 4.819336 0.0 -1.171875
3.084  0.2001953 0.0 -3.154297 1.52832 0.0 -2.353516 2.705078 0.0 -1.962891 3.681641 0.0 -1.533203 4.819336 0.0 -1.176758
3.0856  0.2001953 0.0 -3.15918 1.533203 0.0 -2.358398 2.705078 0.0 -1.967773 3.681641 0.0 -1.538086 4.819336 0.0 -1.181641
3.0872  0.2001953 0.0 -3.15918 1.533203 0.0 -2.363281 2.705078 0.0 -1.972656 3.681641 0.0 -1.542969 4.819336 0.0 -1.186523
3.0888  0.2001953 0.0 -3.164063 1.533203 0.0 -2.363281 2.709961 0.0 -1.977539 3.681641 0.0 -1.547852 4.819336 0.0 -1.186523
3.0904  0.2001953 0.0 -3.164063 1.533203 0.0 -2.368164 2.709961 0.0 -1.982422 3.681641 0.0 -1.547852 4.819336 0.0 -1.191406
3.092  0.2001953 0.0 -3.168945 1.533203 0.0 -2.373047 2.709961 0.0 -1.987305 3.681641 0.0 -1.552734 4.819336 0.0 -1.196289
3.0936  0.2001953 0.0 -3.168945 1.533203 0.0 -2.373047 2.714844 0.0 -1.992188 3.686523 0.0 -1.557617 4.819336 0.0 -1.196289
3.0952  0.2050781 0.0 -3.173828 1.538086 0.0 -2.37793 2.714844 0.0 -1.992188 3.686523 0.0 -1.557617 4.819336 0.0 -1.201172
3.0968  0.2050781 0.0 -3.173828 1.538086 0.0 -2.37793 2.714844 0.0 -1.99707 3.686523 0.0 -1.5625 4.819336 0.0 -1.201172
3.0984  0.2050781 0.0 -3.173828 1.538086 0.0 -2.382813 2.714844 0.0 -2.001953 3.686523 0.0 -1.5625 4.819336 0.0 -1.206055
3.1  0.2050781 0.0 -3.173828 1.538086 0.0 -2.382813 2.714844 0.0 -2.006836 3.686523 0.0 -1.567383 4.819336 0.0 -1.210938
3.1016  0.2050781 0.0 -3.178711 1.538086 0.0 -2.382813 2.719727 0.0 -2.006836 3.686523 0.0 -1.567383 4.819336 0.0 -1.210938
3.1032  0.2050781 0.0 -3.178711 1.538086 0.0 -2.387695 2.719727 0.0 -2.011719 3.686523 0.0 -1.572266 4.819336 0.0 -1.21582
3.1048  0.2050781 0.0 -3.178711 1.538086 0.0 -2.387695 2.719727 0.0 -2.011719 3.686523 0.0 -1.572266 4.819336 0.0 -1.21582
3.1064  0.2050781 0.0 -3.178711 1.542969 0.0 -2.387695 2.719727 0.0 -2.016602 3.686523 0.0 -1.572266 4.819336 0.0 -1.21582
3.108  0.2050781 0.0 -3.183594 1.542969 0.0 -2.387695 2.719727 0.0 -2.016602 3.691406 0.0 -1.572266 4.819336 0.0 -1.220703
3.1096  0.2050781 0.0 -3.183594 1.542969 0.0 -2.392578 2.724609 0.0 -2.021484 3.691406 0.0 -1.577148 4.819336 0.0 -1.220703
3.1112  0.2050781 0.0 -3.183594 1.542969 0.0 -2.392578 2.724609 0.0 -2.021484 3.691406 0.0 -1.577148 4.824219 0.0 -1.225586
3.1128  0.2050781 0.0 -3.183594 1.542969 0.0 -2.392578 2.724609 0.0 -2.026367 3.691406 0.0 -1.577148 4.824219 0.0 -1.225586
3.1144  0.2050781 0.0 -3.183594 1.542969 0.0 -2.392578 2.724609 0.0 -2.026367 3.691406 0.0 -1.577148 4.824219 0.0 -1.230469
3.116  0.2050781 0.0 -3.183594 1.542969 0.0 -2.392578 2.724609 0.0 -2.026367 3.691406 0.0 -1.582031 4.824219 0.0 -1.230469
3.1176  0.2050781 0.0 -3.183594 1.542969 0.0 -2.392578 2.724609 0.0 -2.03125 3.691406 0.0 -1.582031 4.824219 0.0 -1.230469
3.1192  0.2050781 0.0 -3.183594 1.542969 0.0 -2.392578 2.724609 0.0 -2.03125 3.691406 0.0 -1.582031 4.824219 0.0 -1.235352
3.1208  0.2050781 0.0 -3.188477 1.542969 0.0 -2.392578 2.724609 0.0 -2.03125 3.691406 0.0 -1.582031 4.824219 0.0 -1.235352
3.1224  0.2050781 0.0 -3.188477 1.542969 0.0 -2.392578 2.729492 0.0 -2.036133 3.696289 0.0 -1.582031 4.824219 0.0 -1.235352
3.124  0.2050781 0.0 -3.188477 1.542969 0.0 -2.392578 2.729492 0.0 -2.036133 3.696289 0.0 -1.582031 4.824219 0.0 -1.240234
3.1256  0.2099609 0.0 -3.188477 1.542969 0.0 -2.392578 2.729492 0.0 -2.036133 3.696289 0.0 -1.582031 4.824219 0.0 -1.240234
3.1272  0.2099609 0.0 -3.188477 1.542969 0.0 -2.392578 2.729492 0.0 -2.036133 3.696289 0.0 -1.582031 4.824219 0.0 -1.245117
3.1288  0.2099609 0.0 -3.188477 1.542969 0.0 -2.392578 2.729492 0.0 -2.036133 3.696289 0.0 -1.582031 4.824219 0.0 -1.245117
3.1304  0.2099609 0.0 -3.188477 1.542969 0.0 -2.392578 2.729492 0.0 -2.036133 3.696289 0.0 -1.586914 4.824219 0.0 -1.245117
3.132  0.2099609 0.0 -3.188477 1.542969 0.0 -2.392578 2.729492 0.0 -2.041016 3.696289 0.0 -1.586914 4.824219 0.0 -1.25
3.1336  0.2099609 0.0 -3.188477 1.542969 0.0 -2.392578 2.729492 0.0 -2.041016 3.696289 0.0 -1.586914 4.829102 0.0 -1.25
3.1352  0.2099609 0.0 -3.188477 1.542969 0.0 -2.387695 2.729492 0.0 -2.041016 3.696289 0.0 -1.586914 4.829102 0.0 -1.25
3.1368  0.2099609 0.0 -3.188477 1.542969 0.0 -2.387695 2.729492 0.0 -2.041016 3.696289 0.0 -1.586914 4.829102 0.0 -1.254883
3.1384  0.2148438 0.0 -3.188477 1.542969 0.0 -2.387695 2.729492 0.0 -2.041016 3.696289 0.0 -1.586914 4.829102 0.0 -1.254883
3.14  0.2148438 0.0 -3.188477 1.542969 0.0 -2.387695 2.729492 0.0 -2.041016 3.701172 0.0 -1.586914 4.829102 0.0 -1.254883
3.1416  0.2148438 0.0 -3.188477 1.542969 0.0 -2.382813 2.729492 0.0 -2.041016 3.701172 0.0 -1.586914 4.829102 0.0 -1.259766
3.1432  0.2148438 0.0 -3.188477 1.542969 0.0 -2.382813 2.729492 0.0 -2.041016 3.701172 0.0 -1.586914 4.829102 0.0 -1.259766
3.1448  0.2148438 0.0 -3.188477 1.542969 0.0 -2.382813 2.729492 0.0 -2.041016 3.701172 0.0 -1.586914 4.829102 0.0 -1.259766
3.1464  0.2148438 0.0 -3.188477 1.542969 0.0 -2.382813 2.734375 0.0 -2.036133 3.701172 0.0 -1.586914 4.833984 0.0 -1.264648
3.148  0.2197266 0.0 -3.188477 1.542969 0.0 -2.37793 2.734375 0.0 -2.036133 3.701172 0.0 -1.586914 4.833984 0.0 -1.264648
3.1496  0.2197266 0.0 -3.188477 1.542969 0.0 -2.37793 2.734375 0.0 -2.036133 3.701172 0.0 -1.586914 4.833984 0.0 -1.269531
3.1512  0.2197266 0.0 -3.188477 1.542969 0.0 -2.37793 2.734375 0.0 -2.036133 3.701172 0.0 -1.586914 4.833984 0.0 -1.269531
3.1528  0.2197266 0.0 -3.188477 1.542969 0.0 -2.373047 2.734375 0.0 -2.036133 3.701172 0.0 -1.586914 4.833984 0.0 -1.269531
3.1544  0.2197266 0.0 -3.183594 1.542969 0.0 -2.373047 2.734375 0.0 -2.036133 3.701172 0.0 -1.586914 4.833984 0.0 -1.269531
3.156  0.2197266 0.0 -3.183594 1.542969 0.0 -2.373047 2.734375 0.0 -2.03125 3.706055 0.0 -1.586914 4.833984 0.0 -1.274414
3.1576  0.2246094 0.0 -3.183594 1.542969 0.0 -2.368164 2.734375 0.0 -2.03125 3.706055 0.0 -1.586914 4.838867 0.0 -1.274414
3.1592  0.2246094 0.0 -3.183594 1.542969 0.0 -2.368164 2.734375 0.0 -2.03125 3.706055 0.0 -1.586914 4.838867 0.0 -1.274414
3.1608  0.2246094 0.0 -3.183594 1.542969 0.0 -2.363281 2.734375 0.0 -2.026367 3.706055 0.0 -1.586914 4.838867 0.0 -1.279297
3.1624  0.2246094 0.0 -3.178711 1.542969 0.0 -2.363281 2.734375 0.0 -2.026367 3.706055 0.0 -1.586914 4.838867 0.0 -1.279297
3.164  0.2246094 0.0 -3.178711 1.542969 0.0 -2.358398 2.734375 0.0 -2.026367 3.706055 0.0 -1.582031 4.838867 0.0 -1.279297
3.1656  0.2246094 0.0 -3.178711 1.542969 0.0 -2.358398 2.734375 0.0 -2.021484 3.706055 0.0 -1.582031 4.838867 0.0 -1.28418
3.1672  0.2246094 0.0 -3.173828 1.542969 0.0 -2.353516 2.734375 0.0 -2.021484 3.706055 0.0 -1.582031 4.838867 0.0 -1.28418
3.1688  0.2246094 0.0 -3.173828 1.542969 0.0 -2.353516 2.734375 0.0 -2.021484 3.706055 0.0 -1.582031 4.84375 0.0 -1.28418
3.1704  0.2246094 0.0 -3.173828 1.542969 0.0 -2.348633 2.734375 0.0 -2.016602 3.706055 0.0 -1.582031 4.84375 0.0 -1.28418
3.172  0.2294922 0.0 -3.168945 1.542969 0.0 -2.34375 2.734375 0.0 -2.016602 3.706055 0.0 -1.582031 4.84375 0.0 -1.289063
3.1736  0.2294922 0.0 -3.168945 1.542969 0.0 -2.34375 2.734375 0.0 -2.011719 3.706055 0.0 -1.577148 4.84375 0.0 -1.289063
3.1752  0.2294922 0.0 -3.164063 1.542969 0.0 -2.338867 2.734375 0.0 -2.011719 3.706055 0.0 -1.577148 4.84375 0.0 -1.289063
3.1768  0.2294922 0.0 -3.164063 1.542969 0.0 -2.333984 2.734375 0.0 -2.006836 3.710938 0.0 -1.577148 4.84375 0.0 -1.289063
3.1784  0.2294922 0.0 -3.15918 1.542969 0.0 -2.333984 2.734375 0.0 -2.006836 3.710938 0.0 -1.577148 4.84375 0.0 -1.289063
3.18  0.2294922 0.0 -3.15918 1.547852 0.0 -2.329102 2.734375 0.0 -2.001953 3.710938 0.0 -1.572266 4.848633 0.0 -1.293945
3.1816  0.2294922 0.0 -3.154297 1.547852 0.0 -2.324219 2.734375 0.0 -1.99707 3.710938 0.0 -1.572266 4.848633 0.0 -1.293945
3.1832  0.2294922 0.0 -3.154297 1.547852 0.0 -2.319336 2.734375 0.0 -1.99707 3.710938 0.0 -1.572266 4.848633 0.0 -1.293945
3.1848  0.2294922 0.0 -3.149414 1.547852 0.0 -2.319336 2.734375 0.0 -1.992188 3.710938 0.0 -1.567383 4.848633 0.0 -1.293945
3.1864  0.2294922 0.0 -3.149414 1.547852 0.0 -2.314453 2.734375 0.0 -1.992188 3.710938 0.0 -1.567383 4.853516 0.0 -1.293945
3.188  0.2294922 0.0 -3.144531 1.547852 0.0 -2.30957 2.734375 0.0 -1.987305 3.71582 0.0 -1.5625 4.853516 0.0 -1.293945
3.1896  0.2294922 0.0 -3.139648 1.547852 0.0 -2.304688 2.734375 0.0 -1.982422 3.71582 0.0 -1.5625 4.853516 0.0 -1.293945
3.1912  0.234375 0.0 -3.139648 1.547852 0.0 -2.299805 2.734375 0.0 -1.977539 3.71582 0.0 -1.5625 4.853516 0.0 -1.293945
3.1928  0.234375 0.0 -3.134766 1.547852 0.0 -2.294922 2.734375 0.0 -1.977539 3.71582 0.0 -1.557617 4.853516 0.0 -1.298828
3.1944  0.234375 0.0 -3.129883 1.547852 0.0 -2.290039 2.734375 0.0 -1.972656 3.71582 0.0 -1.557617 4.858398 0.0 -1.298828
3.196  0.234375 0.0 -3.125 1.547852 0.0 -2.285156 2.729492 0.0 -1.967773 3.71582 0.0 -1.552734 4.858398 0.0 -1.298828
3.1976  0.234375 0.0 -3.125 1.547852 0.0 -2.280273 2.729492 0.0 -1.962891 3.720703 0.0 -1.552734 4.858398 0.0 -1.298828
3.1992  0.234375 0.0 -3.120117 1.547852 0.0 -2.275391 2.729492 0.0 -1.958008 3.720703 0.0 -1.547852 4.858398 0.0 -1.298828
3.2008  0.234375 0.0 -3.115234 1.547852 0.0 -2.270508 2.729492 0.0 -1.953125 3.720703 0.0 -1.547852 4.863281 0.0 -1.298828
3.2024  0.234375 0.0 -3.110352 1.547852 0.0 -2.265625 2.729492 0.0 -1.948242 3.720703 0.0 -1.542969 4.863281 0.0 -1.293945
3.204  0.234375 0.0 -3.105469 1.547852 0.0 -2.260742 2.729492 0.0 -1.943359 3.720703 0.0 -1.538086 4.863281 0.0 -1.293945
3.2056  0.234375 0.0 -3.100586 1.547852 0.0 -2.255859 2.729492 0.0 -1.938477 3.720703 0.0 -1.538086 4.863281 0.0 -1.293945
3.2072  0.234375 0.0 -3.095703 1.547852 0.0 -2.250977 2.729492 0.0 -1.933594 3.720703 0.0 -1.533203 4.863281 0.0 -1.293945
3.2088  0.234375 0.0 -3.095703 1.547852 0.0 -2.246094 2.729492 0.0 -1.928711 3.725586 0.0 -1.533203 4.868164 0.0 -1.293945
3.2104  0.234375 0.0 -3.09082 1.547852 0.0 -2.236328 2.729492 0.0 -1.923828 3.725586 0.0 -1.52832 4.868164 0.0 -1.293945
3.212  0.234375 0.0 -3.085938 1.547852 0.0 -2.231445 2.724609 0.0 -1.918945 3.725586 0.0 -1.523438 4.868164 0.0 -1.293945
3.2136  0.234375 0.0 -3.081055 1.547852 0.0 -2.226563 2.724609 0.0 -1.914063 3.725586 0.0 -1.523438 4.868164 0.0 -1.293945
3.2152  0.234375 0.0 -3.071289 1.547852 0.0 -2.22168 2.724609 0.0 -1.90918 3.725586 0.0 -1.518555 4.868164 0.0 -1.293945
3.2168  0.234375 0.0 -3.066406 1.547852 0.0 -2.211914 2.724609 0.0 -1.904297 3.725586 0.0 -1.513672 4.873047 0.0 -1.289063
3.2184  0.234375 0.0 -3.061523 1.547852 0.0 -2.207031 2.724609 0.0 -1.894531 3.725586 0.0 -1.513672 4.873047 0.0 -1.289063
3.22  0.234375 0.0 -3.056641 1.547852 0.0 -2.197266 2.724609 0.0 -1.889648 3.725586 0.0 -1.508789 4.873047 0.0 -1.289063
3.2216  0.234375 0.0 -3.051758 1.547852 0.0 -2.192383 2.719727 0.0 -1.884766 3.725586 0.0 -1.503906 4.873047 0.0 -1.289063
3.2232  0.2294922 0.0 -3.046875 1.547852 0.0 -2.182617 2.719727 0.0 -1.879883 3.725586 0.0 -1.503906 4.873047 0.0 -1.289063
3.2248  0.2294922 0.0 -3.041992 1.542969 0.0 -2.177734 2.719727 0.0 -1.870117 3.725586 0.0 -1.499023 4.873047 0.0 -1.28418
3.2264  0.2294922 0.0 -3.032227 1.542969 0.0 -2.167969 2.719727 0.0 -1.865234 3.720703 0.0 -1.494141 4.873047 0.0 -1.28418
3.228  0.2294922 0.0 -3.027344 1.542969 0.0 -2.163086 2.714844 0.0 -1.855469 3.720703 0.0 -1.489258 4.87793 0.0 -1.28418
3.2296  0.2294922 0.0 -3.022461 1.542969 0.0 -2.15332 2.714844 0.0 -1.850586 3.720703 0.0 -1.484375 4.87793 0.0 -1.28418
3.2312  0.2294922 0.0 -3.017578 1.538086 0.0 -2.143555 2.714844 0.0 -1.845703 3.720703 0.0 -1.484375 4.87793 0.0 -1.28418
3.2328  0.2246094 0.0 -3.007813 1.538086 0.0 -2.138672 2.714844 0.0 -1.835938 3.720703 0.0 -1.479492 4.87793 0.0 -1.279297
3.2344  0.2246094 0.0 -3.00293 1.538086 0.0 -2.128906 2.709961 0.0 -1.831055 3.720703 0.0 -1.474609 4.87793 0.0 -1.279297
3.236  0.2246094 0.0 -2.998047 1.533203 0.0 -2.119141 2.709961 0.0 -1.821289 3.720703 0.0 -1.469727 4.87793 0.0 -1.279297
3.2376  0.2246094 0.0 -2.988281 1.533203 0.0 -2.109375 2.709961 0.0 -1.816406 3.720703 0.0 -1.464844 4.87793 0.0 -1.279297
3.2392  0.2246094 0.0 -2.983398 1.533203 0.0 -2.099609 2.705078 0.0 -1.806641 3.720703 0.0 -1.459961 4.87793 0.0 -1.274414
3.2408  0.2197266 0.0 -2.978516 1.52832 0.0 -2.094727 2.705078 0.0 -1.801758 3.720703 0.0 -1.455078 4.87793 0.0 -1.274414
3.2424  0.2197266 0.0 -2.96875 1.52832 0.0 -2.084961 2.705078 0.0 -1.791992 3.71582 0.0 -1.450195 4.87793 0.0 -1.274414
3.244  0.2197266 0.0 -2.963867 1.52832 0.0 -2.075195 2.700195 0.0 -1.782227 3.71582 0.0 -1.445313 4.87793 0.0 -1.269531
3.2456  0.2148438 0.0 -2.954102 1.523438 0.0 -2.06543 2.700195 0.0 -1.777344 3.71582 0.0 -1.44043 4.87793 0.0 -1.269531
3.2472  0.2148438 0.0 -2.949219 1.523438 0.0 -2.055664 2.700195 0.0 -1.767578 3.71582 0.0 -1.435547 4.87793 0.0 -1.269531
3.2488  0.2148438 0.0 -2.939453 1.523438 0.0 -2.045898 2.695313 0.0 -1.757813 3.71582 0.0 -1.425781 4.87793 0.0 -1.264648
3.2504  0.2148438 0.0 -2.93457 1.518555 0.0 -2.036133 2.695313 0.0 -1.75293 3.71582 0.0 -1.420898 4.87793 0.0 -1.264648
3.252  0.2099609 0.0 -2.924805 1.518555 0.0 -2.026367 2.695313 0.0 -1.743164 3.71582 0.0 -1.416016 4.87793 0.0 -1.264648
3.2536  0.2099609 0.0 -2.919922 1.513672 0.0 -2.016602 2.69043 0.0 -1.733398 3.71582 0.0 -1.411133 4.87793 0.0 -1.259766
3.2552  0.2099609 0.0 -2.910156 1.513672 0.0 -2.006836 2.69043 0.0 -1.723633 3.71582 0.0 -1.40625 4.87793 0.0 -1.259766
3.2568  0.2050781 0.0 -2.905273 1.508789 0.0 -1.99707 2.69043 0.0 -1.71875 3.71582 0.0 -1.396484 4.87793 0.0 -1.254883
3.2584  0.2050781 0.0 -2.895508 1.508789 0.0 -1.987305 2.685547 0.0 -1.708984 3.71582 0.0 -1.391602 4.87793 0.0 -1.254883
3.26  0.2050781 0.0 -2.890625 1.508789 0.0 -1.977539 2.685547 0.0 -1.699219 3.71582 0.0 -1.386719 4.87793 0.0 -1.254883
3.2616  0.2001953 0.0 -2.880859 1.503906 0.0 -1.967773 2.685547 0.0 -1.689453 3.71582 0.0 -1.381836 4.87793 0.0 -1.25
3.2632  0.2001953 0.0 -2.871094 1.503906 0.0 -1.958008 2.680664 0.0 -1.679688 3.71582 0.0 -1.37207 4.87793 0.0 -1.25
3.2648  0.1953125 0.0 -2.866211 1.499023 0.0 -1.948242 2.680664 0.0 -1.674805 3.71582 0.0 -1.367188 4.87793 0.0 -1.245117
3.2664  0.1953125 0.0 -2.856445 1.499023 0.0 -1.933594 2.680664 0.0 -1.665039 3.71582 0.0 -1.362305 4.87793 0.0 -1.245117
3.268  0.1953125 0.0 -2.84668 1.494141 0.0 -1.923828 2.675781 0.0 -1.655273 3.71582 0.0 -1.357422 4.87793 0.0 -1.240234
3.2696  0.1904297 0.0 -2.841797 1.494141 0.0 -1.914063 2.675781 0.0 -1.645508 3.71582 0.0 -1.347656 4.87793 0.0 -1.240234
3.2712  0.1904297 0.0 -2.832031 1.489258 0.0 -1.904297 2.675781 0.0 -1.635742 3.71582 0.0 -1.342773 4.87793 0.0 -1.235352
3.2728  0.1855469 0.0 -2.822266 1.489258 0.0 -1.894531 2.670898 0.0 -1.625977 3.71582 0.0 -1.337891 4.87793 0.0 -1.235352
3.2744  0.1855469 0.0 -2.817383 1.489258 0.0 -1.884766 2.670898 0.0 -1.621094 3.71582 0.0 -1.333008 4.87793 0.0 -1.230469
3.276  0.1855469 0.0 -2.807617 1.484375 0.0 -1.875 2.670898 0.0 -1.611328 3.71582 0.0 -1.323242 4.87793 0.0 -1.230469
3.2776  0.1806641 0.0 -2.797852 1.484375 0.0 -1.865234 2.666016 0.0 -1.601563 3.71582 0.0 -1.318359 4.87793 0.0 -1.230469
3.2792  0.1806641 0.0 -2.788086 1.479492 0.0 -1.855469 2.666016 0.0 -1.591797 3.71582 0.0 -1.313477 4.87793 0.0 -1.225586
3.2808  0.1757813 0.0 -2.77832 1.479492 0.0 -1.845703 2.666016 0.0 -1.582031 3.71582 0.0 -1.308594 4.87793 0.0 -1.225586
3.2824  0.1757813 0.0 -2.773438 1.479492 0.0 -1.835938 2.661133 0.0 -1.577148 3.71582 0.0 -1.303711 4.87793 0.0 -1.220703
3.284  0.1708984 0.0 -2.763672 1.474609 0.0 -1.826172 2.661133 0.0 -1.567383 3.71582 0.0 -1.298828 4.87793 0.0 -1.220703
3.2856  0.1708984 0.0 -2.753906 1.474609 0.0 -1.816406 2.661133 0.0 -1.557617 3.71582 0.0 -1.289063 4.87793 0.0 -1.21582
3.2872  0.1660156 0.0 -2.744141 1.469727 0.0 -1.806641 2.65625 0.0 -1.552734 3.71582 0.0 -1.28418 4.87793 0.0 -1.21582
3.2888  0.1660156 0.0 -2.734375 1.469727 0.0 -1.796875 2.65625 0.0 -1.542969 3.710938 0.0 -1.279297 4.87793 0.0 -1.21582
3.2904  0.1611328 0.0 -2.729492 1.469727 0.0 -1.787109 2.65625 0.0 -1.533203 3.710938 0.0 -1.274414 4.87793 0.0 -1.210938
3.292  0.1611328 0.0 -2.719727 1.464844 0.0 -1.782227 2.651367 0.0 -1.52832 3.710938 0.0 -1.269531 4.87793 0.0 -1.210938
3.2936  0.15625 0.0 -2.709961 1.464844 0.0 -1.772461 2.651367 0.0 -1.518555 3.710938 0.0 -1.264648 4.873047 0.0 -1.206055
3.2952  0.15625 0.0 -2.700195 1.459961 0.0 -1.762695 2.651367 0.0 -1.508789 3.710938 0.0 -1.259766 4.873047 0.0 -1.206055
3.2968  0.1513672 0.0 -2.69043 1.459961 0.0 -1.75293 2.651367 0.0 -1.503906 3.710938 0.0 -1.254883 4.873047 0.0 -1.206055
3.2984  0.1464844 0.0 -2.680664 1.459961 0.0 -1.743164 2.646484 0.0 -1.494141 3.710938 0.0 -1.25 4.873047 0.0 -1.201172
3.3  0.1464844 0.0 -2.675781 1.455078 0.0 -1.733398 2.646484 0.0 -1.489258 3.710938 0.0 -1.25 4.873047 0.0 -1.201172
3.3016  0.1416016 0.0 -2.666016 1.455078 0.0 -1.723633 2.646484 0.0 -1.479492 3.710938 0.0 -1.245117 4.873047 0.0 -1.196289
3.3032  0.1416016 0.0 -2.65625 1.455078 0.0 -1.71875 2.646484 0.0 -1.474609 3.710938 0.0 -1.240234 4.873047 0.0 -1.196289
3.3048  0.1367188 0.0 -2.646484 1.455078 0.0 -1.708984 2.641602 0.0 -1.464844 3.710938 0.0 -1.235352 4.873047 0.0 -1.191406
3.3064  0.1367188 0.0 -2.636719 1.450195 0.0 -1.699219 2.641602 0.0 -1.459961 3.710938 0.0 -1.230469 4.873047 0.0 -1.191406
3.308  0.1318359 0.0 -2.626953 1.450195 0.0 -1.689453 2.641602 0.0 -1.450195 3.710938 0.0 -1.225586 4.873047 0.0 -1.191406
3.3096  0.1318359 0.0 -2.617188 1.450195 0.0 -1.68457 2.641602 0.0 -1.445313 3.710938 0.0 -1.225586 4.873047 0.0 -1.186523
3.3112  0.1269531 0.0 -2.607422 1.450195 0.0 -1.674805 2.641602 0.0 -1.435547 3.710938 0.0 -1.220703 4.873047 0.0 -1.186523
3.3128  0.1269531 0.0 -2.597656 1.445313 0.0 -1.665039 2.641602 0.0 -1.430664 3.710938 0.0 -1.21582 4.873047 0.0 -1.181641
3.3144  0.1269531 0.0 -2.592773 1.445313 0.0 -1.660156 2.636719 0.0 -1.425781 3.710938 0.0 -1.210938 4.873047 0.0 -1.181641
3.316  0.1220703 0.0 -2.583008 1.445313 0.0 -1.650391 2.636719 0.0 -1.420898 3.710938 0.0 -1.206055 4.873047 0.0 -1.176758
3.3176  0.1220703 0.0 -2.573242 1.445313 0.0 -1.640625 2.636719 0.0 -1.411133 3.710938 0.0 -1.206055 4.873047 0.0 -1.176758
3.3192  0.1171875 0.0 -2.563477 1.445313 0.0 -1.635742 2.636719 0.0 -1.40625 3.710938 0.0 -1.201172 4.873047 0.0 -1.176758
3.3208  0.1171875 0.0 -2.553711 1.44043 0.0 -1.625977 2.636719 0.0 -1.401367 3.710938 0.0 -1.196289 4.873047 0.0 -1.171875
3.3224  0.1123047 0.0 -2.543945 1.44043 0.0 -1.621094 2.636719 0.0 -1.396484 3.71582 0.0 -1.196289 4.873047 0.0 -1.171875
3.324  0.1123047 0.0 -2.53418 1.44043 0.0 -1.611328 2.636719 0.0 -1.391602 3.71582 0.0 -1.191406 4.873047 0.0 -1.171875
3.3256  0.1074219 0.0 -2.524414 1.44043 0.0 -1.606445 2.636719 0.0 -1.381836 3.71582 0.0 -1.186523 4.873047 0.0 -1.166992
3.3272  0.1074219 0.0 -2.514648 1.44043 0.0 -1.59668 2.636719 0.0 -1.376953 3.71582 0.0 -1.186523 4.873047 0.0 -1.166992
3.3288  0.1074219 0.0 -2.509766 1.44043 0.0 -1.591797 2.636719 0.0 -1.37207 3.71582 0.0 -1.181641 4.87793 0.0 -1.162109
3.3304  0.1025391 0.0 -2.5 1.44043 0.0 -1.582031 2.636719 0.0 -1.367188 3.71582 0.0 -1.176758 4.87793 0.0 -1.162109
3.332  0.1025391 0.0 -2.490234 1.44043 0.0 -1.577148 2.636719 0.0 -1.362305 3.71582 0.0 -1.176758 4.87793 0.0 -1.162109
3.3336  0.09765625 0.0 -2.480469 1.44043 0.0 -1.572266 2.636719 0.0 -1.357422 3.71582 0.0 -1.171875 4.87793 0.0 -1.157227
3.3352  0.09765625 0.0 -2.470703 1.435547 0.0 -1.5625 2.636719 0.0 -1.352539 3.71582 0.0 -1.171875 4.87793 0.0 -1.157227
3.3368  0.09277344 0.0 -2.460938 1.435547 0.0 -1.557617 2.636719 0.0 -1.347656 3.720703 0.0 -1.166992 4.87793 0.0 -1.157227
3.3384  0.09277344 0.0 -2.451172 1.435547 0.0 -1.552734 2.636719 0.0 -1.342773 3.720703 0.0 -1.166992 4.87793 0.0 -1.152344
3.34  0.08789063 0.0 -2.441406 1.435547 0.0 -1.542969 2.636719 0.0 -1.337891 3.720703 0.0 -1.162109 4.87793 0.0 -1.152344
3.3416  0.08789063 0.0 -2.436523 1.435547 0.0 -1.538086 2.636719 0.0 -1.337891 3.720703 0.0 -1.162109 4.87793 0.0 -1.152344
3.3432  0.08300781 0.0 -2.426758 1.435547 0.0 -1.533203 2.636719 0.0 -1.333008 3.720703 0.0 -1.157227 4.882813 0.0 -1.152344
3.3448  0.08300781 0.0 -2.416992 1.435547 0.0 -1.52832 2.636719 0.0 -1.328125 3.720703 0.0 -1.157227 4.882813 0.0 -1.147461
3.3464  0.078125 0.0 -2.407227 1.435547 0.0 -1.523438 2.636719 0.0 -1.323242 3.720703 0.0 -1.152344 4.882813 0.0 -1.147461
3.348  0.078125 0.0 -2.397461 1.435547 0.0 -1.518555 2.636719 0.0 -1.318359 3.720703 0.0 -1.152344 4.882813 0.0 -1.147461
3.3496  0.07324219 0.0 -2.387695 1.435547 0.0 -1.508789 2.636719 0.0 -1.318359 3.720703 0.0 -1.152344 4.882813 0.0 -1.142578
3.3512  0.07324219 0.0 -2.382813 1.435547 0.0 -1.503906 2.636719 0.0 -1.313477 3.725586 0.0 -1.147461 4.882813 0.0 -1.142578
3.3528  0.06835938 0.0 -2.373047 1.435547 0.0 -1.499023 2.636719 0.0 -1.308594 3.725586 0.0 -1.147461 4.882813 0.0 -1.142578
3.3544  0.06835938 0.0 -2.363281 1.435547 0.0 -1.494141 2.636719 0.0 -1.308594 3.725586 0.0 -1.147461 4.882813 0.0 -1.142578
3.356  0.06347656 0.0 -2.353516 1.435547 0.0 -1.489258 2.636719 0.0 -1.303711 3.725586 0.0 -1.142578 4.882813 0.0 -1.137695
3.3576  0.06347656 0.0 -2.348633 1.435547 0.0 -1.484375 2.636719 0.0 -1.303711 3.725586 0.0 -1.142578 4.882813 0.0 -1.137695
3.3592  0.05859375 0.0 -2.338867 1.435547 0.0 -1.479492 2.636719 0.0 -1.298828 3.725586 0.0 -1.142578 4.882813 0.0 -1.137695
3.3608  0.05859375 0.0 -2.329102 1.435547 0.0 -1.479492 2.636719 0.0 -1.298828 3.725586 0.0 -1.142578 4.882813 0.0 -1.137695
3.3624  0.05371094 0.0 -2.319336 1.435547 0.0 -1.474609 2.636719 0.0 -1.293945 3.725586 0.0 -1.142578 4.882813 0.0 -1.132813
3.364  0.05371094 0.0 -2.314453 1.435547 0.0 -1.469727 2.636719 0.0 -1.293945 3.725586 0.0 -1.137695 4.882813 0.0 -1.132813
3.3656  0.04882813 0.0 -2.304688 1.435547 0.0 -1.464844 2.636719 0.0 -1.293945 3.725586 0.0 -1.137695 4.882813 0.0 -1.132813
3.3672  0.04882813 0.0 -2.294922 1.435547 0.0 -1.459961 2.636719 0.0 -1.289063 3.725586 0.0 -1.137695 4.882813 0.0 -1.132813
3.3688  0.04394531 0.0 -2.290039 1.435547 0.0 -1.459961 2.636719 0.0 -1.289063 3.725586 0.0 -1.137695 4.882813 0.0 -1.132813
3.3704  0.04394531 0.0 -2.280273 1.435547 0.0 -1.455078 2.636719 0.0 -1.289063 3.725586 0.0 -1.137695 4.882813 0.0 -1.132813
3.372  0.0390625 0.0 -2.275391 1.435547 0.0 -1.450195 2.636719 0.0 -1.289063 3.725586 0.0 -1.137695 4.887695 0.0 -1.12793
3.3736  0.0390625 0.0 -2.265625 1.435547 0.0 -1.445313 2.636719 0.0 -1.28418 3.725586 0.0 -1.137695 4.887695 0.0 -1.12793
3.3752  0.03417969 0.0 -2.255859 1.435547 0.0 -1.445313 2.636719 0.0 -1.28418 3.725586 0.0 -1.137695 4.887695 0.0 -1.12793
3.3768  0.03417969 0.0 -2.250977 1.435547 0.0 -1.44043 2.641602 0.0 -1.28418 3.725586 0.0 -1.137695 4.887695 0.0 -1.12793
3.3784  0.02929688 0.0 -2.241211 1.435547 0.0 -1.44043 2.641602 0.0 -1.28418 3.725586 0.0 -1.137695 4.887695 0.0 -1.12793
3.38  0.02929688 0.0 -2.236328 1.435547 0.0 -1.435547 2.641602 0.0 -1.28418 3.725586 0.0 -1.137695 4.887695 0.0 -1.12793
3.3816  0.02929688 0.0 -2.231445 1.44043 0.0 -1.435547 2.641602 0.0 -1.28418 3.730469 0.0 -1.142578 4.887695 0.0 -1.12793
3.3832  0.02441406 0.0 -2.22168 1.44043 0.0 -1.430664 2.641602 0.0 -1.28418 3.730469 0.0 -1.142578 4.887695 0.0 -1.12793
3.3848  0.02441406 0.0 -2.216797 1.44043 0.0 -1.430664 2.641602 0.0 -1.28418 3.730469 0.0 -1.142578 4.887695 0.0 -1.12793
3.3864  0.01953125 0.0 -2.207031 1.44043 0.0 -1.425781 2.641602 0.0 -1.289063 3.730469 0.0 -1.142578 4.892578 0.0 -1.12793
3.388  0.01953125 0.0 -2.202148 1.44043 0.0 -1.425781 2.646484 0.0 -1.289063 3.730469 0.0 -1.142578 4.892578 0.0 -1.12793
3.3896  0.01953125 0.0 -2.197266 1.44043 0.0 -1.425781 2.646484 0.0 -1.289063 3.730469 0.0 -1.147461 4.892578 0.0 -1.12793
3.3912  0.01464844 0.0 -2.1875 1.445313 0.0 -1.420898 2.646484 0.0 -1.289063 3.730469 0.0 -1.147461 4.892578 0.0 -1.12793
3.3928  0.01464844 0.0 -2.182617 1.445313 0.0 -1.420898 2.646484 0.0 -1.293945 3.735352 0.0 -1.147461 4.892578 0.0 -1.132813
3.3944  0.01464844 0.0 -2.177734 1.445313 0.0 -1.420898 2.646484 0.0 -1.293945 3.735352 0.0 -1.152344 4.892578 0.0 -1.132813
3.396  0.009765625 0.0 -2.172852 1.445313 0.0 -1.420898 2.651367 0.0 -1.293945 3.735352 0.0 -1.152344 4.897461 0.0 -1.132813
3.3976  0.009765625 0.0 -2.167969 1.445313 0.0 -1.420898 2.651367 0.0 -1.298828 3.735352 0.0 -1.157227 4.897461 0.0 -1.132813
3.3992  0.004882813 0.0 -2.158203 1.450195 0.0 -1.416016 2.651367 0.0 -1.298828 3.735352 0.0 -1.157227 4.897461 0.0 -1.132813
3.4008  0.004882813 0.0 -2.15332 1.450195 0.0 -1.416016 2.65625 0.0 -1.303711 3.740234 0.0 -1.162109 4.897461 0.0 -1.137695
3.4024  0.004882813 0.0 -2.148438 1.450195 0.0 -1.416016 2.65625 0.0 -1.308594 3.740234 0.0 -1.162109 4.902344 0.0 -1.137695
3.404  0.0 0.0 -2.143555 1.455078 0.0 -1.416016 2.65625 0.0 -1.308594 3.740234 0.0 -1.166992 4.902344 0.0 -1.137695
3.4056  0.0 0.0 -2.138672 1.455078 0.0 -1.416016 2.661133 0.0 -1.313477 3.740234 0.0 -1.166992 4.902344 0.0 -1.142578
3.4072  0.0 0.0 -2.133789 1.455078 0.0 -1.420898 2.661133 0.0 -1.318359 3.740234 0.0 -1.171875 4.902344 0.0 -1.142578
3.4088  -0.004882813 0.0 -2.128906 1.455078 0.0 -1.420898 2.661133 0.0 -1.318359 3.740234 0.0 -1.171875 4.907227 0.0 -1.142578
3.4104  -0.004882813 0.0 -2.124023 1.459961 0.0 -1.420898 2.666016 0.0 -1.323242 3.745117 0.0 -1.176758 4.907227 0.0 -1.147461
3.412  -0.004882813 0.0 -2.119141 1.459961 0.0 -1.420898 2.666016 0.0 -1.328125 3.745117 0.0 -1.181641 4.907227 0.0 -1.147461
3.4136  -0.009765625 0.0 -2.114258 1.459961 0.0 -1.420898 2.666016 0.0 -1.333008 3.745117 0.0 -1.181641 4.912109 0.0 -1.152344
3.4152  -0.009765625 0.0 -2.114258 1.464844 0.0 -1.425781 2.670898 0.0 -1.337891 3.745117 0.0 -1.186523 4.912109 0.0 -1.152344
3.4168  -0.009765625 0.0 -2.109375 1.464844 0.0 -1.425781 2.670898 0.0 -1.337891 3.75 0.0 -1.191406 4.912109 0.0 -1.157227
3.4184  -0.009765625 0.0 -2.104492 1.469727 0.0 -1.425781 2.675781 0.0 -1.342773 3.75 0.0 -1.196289 4.916992 0.0 -1.157227
3.42  -0.01464844 0.0 -2.099609 1.469727 0.0 -1.430664 2.675781 0.0 -1.347656 3.75 0.0 -1.201172 4.916992 0.0 -1.162109
3.4216  -0.01464844 0.0 -2.094727 1.469727 0.0 -1.430664 2.680664 0.0 -1.352539 3.75 0.0 -1.201172 4.916992 0.0 -1.162109
3.4232  -0.01464844 0.0 -2.094727 1.474609 0.0 -1.435547 2.680664 0.0 -1.357422 3.754883 0.0 -1.206055 4.921875 0.0 -1.166992
3.4248  -0.01953125 0.0 -2.089844 1.474609 0.0 -1.44043 2.685547 0.0 -1.362305 3.754883 0.0 -1.210938 4.921875 0.0 -1.171875
3.4264  -0.01953125 0.0 -2.089844 1.479492 0.0 -1.44043 2.685547 0.0 -1.367188 3.754883 0.0 -1.21582 4.926758 0.0 -1.171875
3.428  -0.01953125 0.0 -2.084961 1.479492 0.0 -1.445313 2.69043 0.0 -1.376953 3.759766 0.0 -1.220703 4.926758 0.0 -1.176758
3.4296  -0.01953125 0.0 -2.080078 1.484375 0.0 -1.450195 2.695313 0.0 -1.381836 3.759766 0.0 -1.225586 4.931641 0.0 -1.176758
3.4312  -0.01953125 0.0 -2.080078 1.484375 0.0 -1.450195 2.695313 0.0 -1.386719 3.759766 0.0 -1.230469 4.931641 0.0 -1.181641
3.4328  -0.02441406 0.0 -2.080078 1.489258 0.0 -1.455078 2.700195 0.0 -1.391602 3.764648 0.0 -1.230469 4.931641 0.0 -1.186523
3.4344  -0.02441406 0.0 -2.075195 1.489258 0.0 -1.459961 2.700195 0.0 -1.396484 3.764648 0.0 -1.235352 4.936523 0.0 -1.186523
3.436  -0.02441406 0.0 -2.075195 1.494141 0.0 -1.464844 2.705078 0.0 -1.401367 3.769531 0.0 -1.240234 4.936523 0.0 -1.191406
3.4376  -0.02441406 0.0 -2.070313 1.494141 0.0 -1.469727 2.709961 0.0 -1.411133 3.769531 0.0 -1.245117 4.941406 0.0 -1.196289
3.4392  -0.02441406 0.0 -2.070313 1.499023 0.0 -1.474609 2.709961 0.0 -1.416016 3.769531 0.0 -1.25 4.941406 0.0 -1.201172
3.4408  -0.02441406 0.0 -2.070313 1.499023 0.0 -1.479492 2.714844 0.0 -1.420898 3.774414 0.0 -1.254883 4.946289 0.0 -1.201172
3.4424  -0.02441406 0.0 -2.070313 1.503906 0.0 -1.484375 2.714844 0.0 -1.430664 3.774414 0.0 -1.259766 4.946289 0.0 -1.206055
3.444  -0.02929688 0.0 -2.070313 1.508789 0.0 -1.489258 2.719727 0.0 -1.435547 3.779297 0.0 -1.264648 4.951172 0.0 -1.210938
3.4456  -0.02929688 0.0 -2.070313 1.508789 0.0 -1.494141 2.724609 0.0 -1.44043 3.779297 0.0 -1.269531 4.951172 0.0 -1.210938
3.4472  -0.02929688 0.0 -2.070313 1.513672 0.0 -1.499023 2.724609 0.0 -1.450195 3.78418 0.0 -1.274414 4.956055 0.0 -1.21582
3.4488  -0.02929688 0.0 -2.070313 1.513672 0.0 -1.503906 2.729492 0.0 -1.455078 3.78418 0.0 -1.28418 4.956055 0.0 -1.220703
3.4504  -0.02929688 0.0 -2.070313 1.518555 0.0 -1.513672 2.734375 0.0 -1.464844 3.789063 0.0 -1.289063 4.960938 0.0 -1.225586
3.452  -0.02929688 0.0 -2.070313 1.518555 0.0 -1.518555 2.734375 0.0 -1.469727 3.789063 0.0 -1.293945 4.960938 0.0 -1.230469
3.4536  -0.02929688 0.0 -2.070313 1.523438 0.0 -1.523438 2.739258 0.0 -1.479492 3.789063 0.0 -1.298828 4.96582 0.0 -1.230469
3.4552  -0.02929688 0.0 -2.070313 1.52832 0.0 -1.533203 2.744141 0.0 -1.484375 3.793945 0.0 -1.303711 4.96582 0.0 -1.235352
3.4568  -0.02929688 0.0 -2.075195 1.52832 0.0 -1.538086 2.744141 0.0 -1.494141 3.793945 0.0 -1.308594 4.970703 0.0 -1.240234
3.4584  -0.02929688 0.0 -2.075195 1.533203 0.0 -1.547852 2.749023 0.0 -1.503906 3.798828 0.0 -1.318359 4.970703 0.0 -1.245117
3.46  -0.02929688 0.0 -2.080078 1.533203 0.0 -1.552734 2.753906 0.0 -1.508789 3.798828 0.0 -1.323242 4.975586 0.0 -1.25
3.4616  -0.02929688 0.0 -2.080078 1.538086 0.0 -1.5625 2.753906 0.0 -1.518555 3.803711 0.0 -1.328125 4.975586 0.0 -1.254883
3.4632  -0.02929688 0.0 -2.084961 1.542969 0.0 -1.567383 2.758789 0.0 -1.52832 3.803711 0.0 -1.333008 4.980469 0.0 -1.254883
3.4648  -0.02929688 0.0 -2.084961 1.542969 0.0 -1.577148 2.763672 0.0 -1.538086 3.808594 0.0 -1.342773 4.980469 0.0 -1.259766
3.4664  -0.02441406 0.0 -2.089844 1.547852 0.0 -1.586914 2.763672 0.0 -1.547852 3.808594 0.0 -1.347656 4.985352 0.0 -1.264648
3.468  -0.02441406 0.0 -2.094727 1.547852 0.0 -1.59668 2.768555 0.0 -1.552734 3.813477 0.0 -1.352539 4.990234 0.0 -1.269531
3.4696  -0.02441406 0.0 -2.099609 1.552734 0.0 -1.601563 2.773438 0.0 -1.5625 3.813477 0.0 -1.357422 4.990234 0.0 -1.274414
3.4712  -0.02441406 0.0 -2.104492 1.557617 0.0 -1.611328 2.77832 0.0 -1.572266 3.818359 0.0 -1.367188 4.995117 0.0 -1.279297
3.4728  -0.02441406 0.0 -2.109375 1.557617 0.0 -1.621094 2.77832 0.0 -1.582031 3.818359 0.0 -1.37207 4.995117 0.0 -1.279297
3.4744  -0.01953125 0.0 -2.114258 1.5625 0.0 -1.630859 2.783203 0.0 -1.591797 3.823242 0.0 -1.376953 5.0 0.0 -1.28418
3.476  -0.01953125 0.0 -2.119141 1.567383 0.0 -1.640625 2.788086 0.0 -1.601563 3.823242 0.0 -1.386719 5.0 0.0 -1.289063
3.4776  -0.01953125 0.0 -2.128906 1.567383 0.0 -1.650391 2.788086 0.0 -1.611328 3.828125 0.0 -1.391602 5.004883 0.0 -1.293945
3.4792  -0.01464844 0.0 -2.133789 1.572266 0.0 -1.660156 2.792969 0.0 -1.621094 3.828125 0.0 -1.401367 5.004883 0.0 -1.298828
3.4808  -0.01464844 0.0 -2.143555 1.572266 0.0 -1.669922 2.797852 0.0 -1.630859 3.833008 0.0 -1.40625 5.004883 0.0 -1.303711
3.4824  -0.01464844 0.0 -2.148438 1.577148 0.0 -1.679688 2.797852 0.0 -1.640625 3.833008 0.0 -1.411133 5.009766 0.0 -1.303711
3.484  -0.009765625 0.0 -2.158203 1.582031 0.0 -1.694336 2.802734 0.0 -1.650391 3.837891 0.0 -1.420898 5.009766 0.0 -1.308594
3.4856  -0.009765625 0.0 -2.167969 1.582031 0.0 -1.704102 2.807617 0.0 -1.660156 3.837891 0.0 -1.425781 5.014648 0.0 -1.313477
3.4872  -0.004882813 0.0 -2.177734 1.586914 0.0 -1.713867 2.807617 0.0 -1.669922 3.842773 0.0 -1.430664 5.014648 0.0 -1.318359
3.4888  -0.004882813 0.0 -2.1875 1.586914 0.0 -1.723633 2.8125 0.0 -1.679688 3.842773 0.0 -1.44043 5.014648 0.0 -1.318359
3.4904  0.0 0.0 -2.197266 1.591797 0.0 -1.738281 2.817383 0.0 -1.694336 3.847656 0.0 -1.445313 5.019531 0.0 -1.323242
3.492  0.0 0.0 -2.207031 1.591797 0.0 -1.748047 2.817383 0.0 -1.704102 3.847656 0.0 -1.450195 5.019531 0.0 -1.328125
3.4936  0.004882813 0.0 -2.216797 1.59668 0.0 -1.757813 2.822266 0.0 -1.713867 3.847656 0.0 -1.459961 5.019531 0.0 -1.333008
3.4952  0.004882813 0.0 -2.226563 1.59668 0.0 -1.772461 2.822266 0.0 -1.723633 3.852539 0.0 -1.464844 5.024414 0.0 -1.333008
3.4968  0.009765625 0.0 -2.241211 1.601563 0.0 -1.782227 2.827148 0.0 -1.733398 3.852539 0.0 -1.469727 5.024414 0.0 -1.337891
3.4984  0.009765625 0.0 -2.250977 1.601563 0.0 -1.791992 2.827148 0.0 -1.743164 3.852539 0.0 -1.479492 5.024414 0.0 -1.337891
3.5  0.01464844 0.0 -2.265625 1.601563 0.0 -1.806641 2.832031 0.0 -1.75293 3.857422 0.0 -1.484375 5.024414 0.0 -1.342773
3.5016  0.01953125 0.0 -2.275391 1.606445 0.0 -1.816406 2.832031 0.0 -1.762695 3.857422 0.0 -1.489258 5.024414 0.0 -1.342773
3.5032  0.01953125 0.0 -2.290039 1.606445 0.0 -1.826172 2.836914 0.0 -1.772461 3.857422 0.0 -1.494141 5.024414 0.0 -1.347656
3.5048  0.02441406 0.0 -2.304688 1.611328 0.0 -1.835938 2.836914 0.0 -1.782227 3.857422 0.0 -1.499023 5.024414 0.0 -1.347656
3.5064  0.02929688 0.0 -2.314453 1.611328 0.0 -1.850586 2.841797 0.0 -1.791992 3.857422 0.0 -1.503906 5.024414 0.0 -1.347656
3.508  0.02929688 0.0 -2.329102 1.611328 0.0 -1.860352 2.841797 0.0 -1.801758 3.862305 0.0 -1.513672 5.024414 0.0 -1.352539
3.5096  0.03417969 0.0 -2.34375 1.611328 0.0 -1.870117 2.841797 0.0 -1.811523 3.862305 0.0 -1.518555 5.024414 0.0 -1.352539
3.5112  0.0390625 0.0 -2.358398 1.616211 0.0 -1.884766 2.84668 0.0 -1.821289 3.862305 0.0 -1.523438 5.024414 0.0 -1.352539
3.5128  0.0390625 0.0 -2.368164 1.616211 0.0 -1.894531 2.84668 0.0 -1.831055 3.862305 0.0 -1.52832 5.024414 0.0 -1.352539
3.5144  0.04394531 0.0 -2.382813 1.616211 0.0 -1.904297 2.84668 0.0 -1.835938 3.862305 0.0 -1.533203 5.024414 0.0 -1.357422
3.516  0.04882813 0.0 -2.397461 1.616211 0.0 -1.914063 2.84668 0.0 -1.845703 3.862305 0.0 -1.538086 5.024414 0.0 -1.357422
3.5176  0.05371094 0.0 -2.412109 1.621094 0.0 -1.923828 2.84668 0.0 -1.855469 3.862305 0.0 -1.538086 5.019531 0.0 -1.357422
3.5192  0.05371094 0.0 -2.426758 1.621094 0.0 -1.933594 2.851563 0.0 -1.860352 3.862305 0.0 -1.542969 5.019531 0.0 -1.357422
3.5208  0.05859375 0.0 -2.441406 1.621094 0.0 -1.943359 2.851563 0.0 -1.870117 3.862305 0.0 -1.547852 5.019531 0.0 -1.357422
3.5224  0.06347656 0.0 -2.456055 1.621094 0.0 -1.953125 2.851563 0.0 -1.879883 3.862305 0.0 -1.552734 5.019531 0.0 -1.357422
3.524  0.06835938 0.0 -2.470703 1.621094 0.0 -1.962891 2.851563 0.0 -1.884766 3.862305 0.0 -1.557617 5.014648 0.0 -1.357422
3.5256  0.07324219 0.0 -2.485352 1.621094 0.0 -1.972656 2.851563 0.0 -1.894531 3.862305 0.0 -1.5625 5.014648 0.0 -1.357422
3.5272  0.07324219 0.0 -2.5 1.621094 0.0 -1.982422 2.851563 0.0 -1.899414 3.857422 0.0 -1.5625 5.014648 0.0 -1.357422
3.5288  0.078125 0.0 -2.514648 1.625977 0.0 -1.992188 2.851563 0.0 -1.90918 3.857422 0.0 -1.567383 5.009766 0.0 -1.357422
3.5304  0.08300781 0.0 -2.529297 1.625977 0.0 -2.001953 2.851563 0.0 -1.914063 3.857422 0.0 -1.572266 5.009766 0.0 -1.357422
3.532  0.08789063 0.0 -2.539063 1.625977 0.0 -2.011719 2.851563 0.0 -1.918945 3.857422 0.0 -1.577148 5.009766 0.0 -1.352539
3.5336  0.08789063 0.0 -2.553711 1.625977 0.0 -2.021484 2.851563 0.0 -1.928711 3.857422 0.0 -1.577148 5.004883 0.0 -1.352539
3.5352  0.09277344 0.0 -2.568359 1.625977 0.0 -2.03125 2.851563 0.0 -1.933594 3.857422 0.0 -1.582031 5.004883 0.0 -1.352539
3.5368  0.09765625 0.0 -2.583008 1.625977 0.0 -2.036133 2.851563 0.0 -1.938477 3.857422 0.0 -1.586914 5.004883 0.0 -1.352539
3.5384  0.1025391 0.0 -2.592773 1.625977 0.0 -2.045898 2.851563 0.0 -1.948242 3.852539 0.0 -1.586914 5.0 0.0 -1.352539
3.54  0.1025391 0.0 -2.607422 1.625977 0.0 -2.055664 2.851563 0.0 -1.953125 3.852539 0.0 -1.591797 5.0 0.0 -1.352539
3.5416  0.1074219 0.0 -2.62207 1.630859 0.0 -2.06543 2.851563 0.0 -1.958008 3.852539 0.0 -1.59668 5.0 0.0 -1.352539
3.5432  0.1123047 0.0 -2.631836 1.630859 0.0 -2.070313 2.851563 0.0 -1.967773 3.852539 0.0 -1.601563 4.995117 0.0 -1.352539
3.5448  0.1123047 0.0 -2.646484 1.630859 0.0 -2.080078 2.856445 0.0 -1.972656 3.852539 0.0 -1.601563 4.995117 0.0 -1.352539
3.5464  0.1171875 0.0 -2.65625 1.630859 0.0 -2.089844 2.856445 0.0 -1.977539 3.852539 0.0 -1.606445 4.995117 0.0 -1.352539
3.548  0.1220703 0.0 -2.666016 1.630859 0.0 -2.094727 2.856445 0.0 -1.982422 3.852539 0.0 -1.611328 4.995117 0.0 -1.357422
3.5496  0.1220703 0.0 -2.680664 1.630859 0.0 -2.104492 2.856445 0.0 -1.987305 3.852539 0.0 -1.611328 4.990234 0.0 -1.357422
3.5512  0.1269531 0.0 -2.69043 1.630859 0.0 -2.114258 2.856445 0.0 -1.99707 3.852539 0.0 -1.616211 4.990234 0.0 -1.357422
3.5528  0.1318359 0.0 -2.700195 1.635742 0.0 -2.119141 2.856445 0.0 -2.001953 3.847656 0.0 -1.621094 4.990234 0.0 -1.357422
3.5544  0.1318359 0.0 -2.709961 1.635742 0.0 -2.128906 2.856445 0.0 -2.006836 3.847656 0.0 -1.621094 4.990234 0.0 -1.357422
3.556  0.1367188 0.0 -2.719727 1.635742 0.0 -2.133789 2.856445 0.0 -2.011719 3.847656 0.0 -1.625977 4.985352 0.0 -1.357422
3.5576  0.1367188 0.0 -2.734375 1.635742 0.0 -2.143555 2.856445 0.0 -2.016602 3.847656 0.0 -1.630859 4.985352 0.0 -1.362305
3.5592  0.1416016 0.0 -2.744141 1.635742 0.0 -2.148438 2.861328 0.0 -2.021484 3.847656 0.0 -1.630859 4.985352 0.0 -1.362305
3.5608  0.1416016 0.0 -2.753906 1.640625 0.0 -2.158203 2.861328 0.0 -2.026367 3.847656 0.0 -1.635742 4.985352 0.0 -1.362305
3.5624  0.1464844 0.0 -2.758789 1.640625 0.0 -2.163086 2.861328 0.0 -2.036133 3.847656 0.0 -1.640625 4.985352 0.0 -1.362305
3.564  0.1464844 0.0 -2.768555 1.640625 0.0 -2.167969 2.861328 0.0 -2.041016 3.847656 0.0 -1.640625 4.980469 0.0 -1.367188
3.5656  0.1513672 0.0 -2.77832 1.640625 0.0 -2.177734 2.861328 0.0 -2.045898 3.847656 0.0 -1.645508 4.980469 0.0 -1.367188
3.5672  0.1513672 0.0 -2.788086 1.640625 0.0 -2.182617 2.861328 0.0 -2.050781 3.847656 0.0 -1.650391 4.980469 0.0 -1.367188
3.5688  0.15625 0.0 -2.797852 1.645508 0.0 -2.1875 2.861328 0.0 -2.055664 3.847656 0.0 -1.650391 4.980469 0.0 -1.367188
3.5704  0.15625 0.0 -2.802734 1.645508 0.0 -2.197266 2.861328 0.0 -2.060547 3.847656 0.0 -1.655273 4.980469 0.0 -1.37207
3.572  0.1611328 0.0 -2.8125 1.645508 0.0 -2.202148 2.866211 0.0 -2.060547 3.847656 0.0 -1.655273 4.980469 0.0 -1.37207
3.5736  0.1611328 0.0 -2.817383 1.645508 0.0 -2.207031 2.866211 0.0 -2.06543 3.847656 0.0 -1.660156 4.980469 0.0 -1.37207
3.5752  0.1611328 0.0 -2.827148 1.645508 0.0 -2.211914 2.866211 0.0 -2.070313 3.847656 0.0 -1.665039 4.975586 0.0 -1.376953
3.5768  0.1660156 0.0 -2.832031 1.645508 0.0 -2.216797 2.866211 0.0 -2.075195 3.847656 0.0 -1.665039 4.975586 0.0 -1.376953
3.5784  0.1660156 0.0 -2.841797 1.645508 0.0 -2.22168 2.866211 0.0 -2.080078 3.847656 0.0 -1.669922 4.975586 0.0 -1.376953
3.58  0.1660156 0.0 -2.84668 1.650391 0.0 -2.226563 2.866211 0.0 -2.084961 3.847656 0.0 -1.669922 4.975586 0.0 -1.376953
3.5816  0.1708984 0.0 -2.851563 1.650391 0.0 -2.231445 2.866211 0.0 -2.084961 3.842773 0.0 -1.674805 4.975586 0.0 -1.381836
3.5832  0.1708984 0.0 -2.861328 1.650391 0.0 -2.236328 2.866211 0.0 -2.089844 3.842773 0.0 -1.674805 4.975586 0.0 -1.381836
3.5848  0.1708984 0.0 -2.866211 1.650391 0.0 -2.241211 2.866211 0.0 -2.094727 3.842773 0.0 -1.674805 4.975586 0.0 -1.381836
3.5864  0.1757813 0.0 -2.871094 1.650391 0.0 -2.246094 2.866211 0.0 -2.094727 3.842773 0.0 -1.679688 4.970703 0.0 -1.381836
3.588  0.1757813 0.0 -2.875977 1.650391 0.0 -2.250977 2.866211 0.0 -2.099609 3.842773 0.0 -1.679688 4.970703 0.0 -1.386719
3.5896  0.1757813 0.0 -2.880859 1.650391 0.0 -2.250977 2.871094 0.0 -2.099609 3.842773 0.0 -1.679688 4.970703 0.0 -1.386719
3.5912  0.1757813 0.0 -2.885742 1.650391 0.0 -2.255859 2.871094 0.0 -2.104492 3.842773 0.0 -1.68457 4.970703 0.0 -1.386719
3.5928  0.1757813 0.0 -2.890625 1.650391 0.0 -2.260742 2.871094 0.0 -2.104492 3.842773 0.0 -1.68457 4.970703 0.0 -1.386719
3.5944  0.1806641 0.0 -2.895508 1.650391 0.0 -2.260742 2.871094 0.0 -2.109375 3.842773 0.0 -1.68457 4.970703 0.0 -1.391602
3.596  0.1806641 0.0 -2.895508 1.650391 0.0 -2.265625 2.871094 0.0 -2.109375 3.842773 0.0 -1.689453 4.970703 0.0 -1.391602
3.5976  0.1806641 0.0 -2.900391 1.650391 0.0 -2.265625 2.871094 0.0 -2.114258 3.842773 0.0 -1.689453 4.970703 0.0 -1.391602
3.5992  0.1806641 0.0 -2.905273 1.650391 0.0 -2.270508 2.871094 0.0 -2.114258 3.837891 0.0 -1.689453 4.970703 0.0 -1.391602
3.6008  0.1806641 0.0 -2.910156 1.650391 0.0 -2.270508 2.871094 0.0 -2.119141 3.837891 0.0 -1.689453 4.96582 0.0 -1.396484
3.6024  0.1806641 0.0 -2.910156 1.650391 0.0 -2.275391 2.871094 0.0 -2.119141 3.837891 0.0 -1.689453 4.96582 0.0 -1.396484
3.604  0.1855469 0.0 -2.915039 1.650391 0.0 -2.275391 2.871094 0.0 -2.119141 3.837891 0.0 -1.689453 4.96582 0.0 -1.396484
3.6056  0.1855469 0.0 -2.915039 1.650391 0.0 -2.280273 2.871094 0.0 -2.124023 3.837891 0.0 -1.694336 4.96582 0.0 -1.396484
3.6072  0.1855469 0.0 -2.919922 1.650391 0.0 -2.280273 2.871094 0.0 -2.124023 3.837891 0.0 -1.694336 4.96582 0.0 -1.396484
3.6088  0.1855469 0.0 -2.919922 1.650391 0.0 -2.280273 2.871094 0.0 -2.124023 3.837891 0.0 -1.694336 4.96582 0.0 -1.401367
3.6104  0.1855469 0.0 -2.924805 1.650391 0.0 -2.285156 2.871094 0.0 -2.124023 3.837891 0.0 -1.694336 4.96582 0.0 -1.401367
3.612  0.1855469 0.0 -2.924805 1.650391 0.0 -2.285156 2.871094 0.0 -2.124023 3.837891 0.0 -1.694336 4.96582 0.0 -1.401367
3.6136  0.1855469 0.0 -2.929688 1.650391 0.0 -2.285156 2.871094 0.0 -2.128906 3.837891 0.0 -1.694336 4.96582 0.0 -1.401367
3.6152  0.1855469 0.0 -2.929688 1.650391 0.0 -2.285156 2.871094 0.0 -2.128906 3.837891 0.0 -1.694336 4.96582 0.0 -1.40625
3.6168  0.1855469 0.0 -2.929688 1.650391 0.0 -2.285156 2.871094 0.0 -2.128906 3.837891 0.0 -1.694336 4.96582 0.0 -1.40625
3.6184  0.1855469 0.0 -2.929688 1.655273 0.0 -2.285156 2.871094 0.0 -2.128906 3.837891 0.0 -1.694336 4.96582 0.0 -1.40625
3.62  0.1855469 0.0 -2.93457 1.655273 0.0 -2.290039 2.871094 0.0 -2.128906 3.837891 0.0 -1.694336 4.96582 0.0 -1.40625
3.6216  0.1855469 0.0 -2.93457 1.655273 0.0 -2.290039 2.871094 0.0 -2.128906 3.837891 0.0 -1.694336 4.96582 0.0 -1.411133
3.6232  0.1855469 0.0 -2.93457 1.655273 0.0 -2.290039 2.871094 0.0 -2.128906 3.837891 0.0 -1.694336 4.96582 0.0 -1.411133
3.6248  0.1855469 0.0 -2.93457 1.655273 0.0 -2.290039 2.875977 0.0 -2.128906 3.837891 0.0 -1.694336 4.96582 0.0 -1.411133
3.6264  0.1855469 0.0 -2.93457 1.655273 0.0 -2.290039 2.875977 0.0 -2.128906 3.837891 0.0 -1.694336 4.96582 0.0 -1.411133
3.628  0.1855469 0.0 -2.93457 1.655273 0.0 -2.285156 2.875977 0.0 -2.128906 3.842773 0.0 -1.694336 4.96582 0.0 -1.416016
3.6296  0.1855469 0.0 -2.939453 1.655273 0.0 -2.285156 2.875977 0.0 -2.128906 3.842773 0.0 -1.694336 4.96582 0.0 -1.416016
3.6312  0.1855469 0.0 -2.939453 1.655273 0.0 -2.285156 2.875977 0.0 -2.128906 3.842773 0.0 -1.694336 4.96582 0.0 -1.416016
3.6328  0.1855469 0.0 -2.939453 1.655273 0.0 -2.285156 2.875977 0.0 -2.128906 3.842773 0.0 -1.689453 4.970703 0.0 -1.416016
3.6344  0.1855469 0.0 -2.939453 1.655273 0.0 -2.285156 2.875977 0.0 -2.128906 3.842773 0.0 -1.689453 4.970703 0.0 -1.416016
3.636  0.1904297 0.0 -2.939453 1.655273 0.0 -2.285156 2.875977 0.0 -2.124023 3.842773 0.0 -1.689453 4.970703 0.0 -1.416016
3.6376  0.1904297 0.0 -2.93457 1.655273 0.0 -2.280273 2.875977 0.0 -2.124023 3.842773 0.0 -1.689453 4.970703 0.0 -1.416016
3.6392  0.1904297 0.0 -2.93457 1.660156 0.0 -2.280273 2.875977 0.0 -2.124023 3.842773 0.0 -1.689453 4.970703 0.0 -1.420898
3.6408  0.1904297 0.0 -2.93457 1.660156 0.0 -2.280273 2.875977 0.0 -2.124023 3.842773 0.0 -1.68457 4.970703 0.0 -1.420898
3.6424  0.1904297 0.0 -2.93457 1.660156 0.0 -2.275391 2.875977 0.0 -2.119141 3.842773 0.0 -1.68457 4.970703 0.0 -1.420898
3.644  0.1904297 0.0 -2.93457 1.660156 0.0 -2.275391 2.875977 0.0 -2.119141 3.842773 0.0 -1.68457 4.970703 0.0 -1.420898
3.6456  0.1904297 0.0 -2.93457 1.660156 0.0 -2.275391 2.875977 0.0 -2.119141 3.842773 0.0 -1.68457 4.975586 0.0 -1.420898
3.6472  0.1904297 0.0 -2.929688 1.660156 0.0 -2.270508 2.875977 0.0 -2.114258 3.847656 0.0 -1.679688 4.975586 0.0 -1.420898
3.6488  0.1904297 0.0 -2.929688 1.660156 0.0 -2.270508 2.875977 0.0 -2.114258 3.847656 0.0 -1.679688 4.975586 0.0 -1.420898
3.6504  0.1904297 0.0 -2.929688 1.660156 0.0 -2.265625 2.880859 0.0 -2.109375 3.847656 0.0 -1.679688 4.975586 0.0 -1.420898
3.652  0.1953125 0.0 -2.929688 1.660156 0.0 -2.265625 2.880859 0.0 -2.109375 3.847656 0.0 -1.674805 4.975586 0.0 -1.420898
3.6536  0.1953125 0.0 -2.924805 1.665039 0.0 -2.260742 2.880859 0.0 -2.104492 3.847656 0.0 -1.674805 4.975586 0.0 -1.420898
3.6552  0.1953125 0.0 -2.924805 1.665039 0.0 -2.255859 2.880859 0.0 -2.104492 3.847656 0.0 -1.669922 4.980469 0.0 -1.420898
3.6568  0.1953125 0.0 -2.924805 1.665039 0.0 -2.255859 2.880859 0.0 -2.099609 3.847656 0.0 -1.669922 4.980469 0.0 -1.420898
3.6584  0.1953125 0.0 -2.919922 1.665039 0.0 -2.250977 2.880859 0.0 -2.099609 3.852539 0.0 -1.669922 4.980469 0.0 -1.420898
3.66  0.1953125 0.0 -2.919922 1.665039 0.0 -2.246094 2.880859 0.0 -2.094727 3.852539 0.0 -1.665039 4.980469 0.0 -1.420898
3.6616  0.1953125 0.0 -2.915039 1.665039 0.0 -2.246094 2.880859 0.0 -2.094727 3.852539 0.0 -1.665039 4.985352 0.0 -1.420898
3.6632  0.2001953 0.0 -2.915039 1.665039 0.0 -2.241211 2.885742 0.0 -2.089844 3.852539 0.0 -1.665039 4.985352 0.0 -1.420898
3.6648  0.2001953 0.0 -2.910156 1.669922 0.0 -2.236328 2.885742 0.0 -2.084961 3.852539 0.0 -1.660156 4.985352 0.0 -1.420898
3.6664  0.2001953 0.0 -2.910156 1.669922 0.0 -2.231445 2.885742 0.0 -2.080078 3.852539 0.0 -1.660156 4.985352 0.0 -1.420898
3.668  0.2001953 0.0 -2.905273 1.669922 0.0 -2.226563 2.885742 0.0 -2.080078 3.857422 0.0 -1.655273 4.985352 0.0 -1.420898
3.6696  0.2001953 0.0 -2.905273 1.669922 0.0 -2.226563 2.885742 0.0 -2.075195 3.857422 0.0 -1.655273 4.990234 0.0 -1.420898
3.6712  0.2001953 0.0 -2.900391 1.669922 0.0 -2.22168 2.885742 0.0 -2.070313 3.857422 0.0 -1.650391 4.990234 0.0 -1.420898
3.6728  0.2050781 0.0 -2.900391 1.669922 0.0 -2.216797 2.885742 0.0 -2.06543 3.857422 0.0 -1.650391 4.990234 0.0 -1.420898
3.6744  0.2050781 0.0 -2.895508 1.674805 0.0 -2.211914 2.885742 0.0 -2.060547 3.857422 0.0 -1.650391 4.990234 0.0 -1.420898
3.676  0.2050781 0.0 -2.890625 1.674805 0.0 -2.207031 2.885742 0.0 -2.055664 3.857422 0.0 -1.645508 4.995117 0.0 -1.420898
3.6776  0.2050781 0.0 -2.890625 1.674805 0.0 -2.202148 2.890625 0.0 -2.050781 3.857422 0.0 -1.645508 4.995117 0.0 -1.420898
3.6792  0.2050781 0.0 -2.885742 1.674805 0.0 -2.197266 2.890625 0.0 -2.045898 3.862305 0.0 -1.640625 4.995117 0.0 -1.420898
3.6808  0.2099609 0.0 -2.880859 1.674805 0.0 -2.1875 2.890625 0.0 -2.041016 3.862305 0.0 -1.640625 4.995117 0.0 -1.420898
3.6824  0.2099609 0.0 -2.875977 1.674805 0.0 -2.182617 2.890625 0.0 -2.036133 3.862305 0.0 -1.635742 5.0 0.0 -1.420898
3.684  0.2099609 0.0 -2.871094 1.679688 0.0 -2.177734 2.890625 0.0 -2.03125 3.862305 0.0 -1.635742 5.0 0.0 -1.416016
3.6856  0.2099609 0.0 -2.866211 1.679688 0.0 -2.172852 2.890625 0.0 -2.026367 3.862305 0.0 -1.630859 5.0 0.0 -1.416016
3.6872  0.2099609 0.0 -2.866211 1.679688 0.0 -2.167969 2.890625 0.0 -2.021484 3.862305 0.0 -1.630859 5.0 0.0 -1.416016
3.6888  0.2148438 0.0 -2.861328 1.679688 0.0 -2.158203 2.890625 0.0 -2.016602 3.862305 0.0 -1.625977 5.004883 0.0 -1.416016
3.6904  0.2148438 0.0 -2.856445 1.679688 0.0 -2.15332 2.890625 0.0 -2.011719 3.862305 0.0 -1.621094 5.004883 0.0 -1.416016
3.692  0.2148438 0.0 -2.851563 1.679688 0.0 -2.148438 2.890625 0.0 -2.001953 3.862305 0.0 -1.621094 5.004883 0.0 -1.416016
3.6936  0.2148438 0.0 -2.84668 1.679688 0.0 -2.138672 2.890625 0.0 -1.99707 3.862305 0.0 -1.616211 5.004883 0.0 -1.416016
3.6952  0.2148438 0.0 -2.841797 1.679688 0.0 -2.133789 2.890625 0.0 -1.992188 3.862305 0.0 -1.616211 5.009766 0.0 -1.411133
3.6968  0.2148438 0.0 -2.836914 1.679688 0.0 -2.124023 2.890625 0.0 -1.982422 3.862305 0.0 -1.611328 5.009766 0.0 -1.411133
3.6984  0.2197266 0.0 -2.832031 1.679688 0.0 -2.119141 2.890625 0.0 -1.977539 3.862305 0.0 -1.606445 5.009766 0.0 -1.411133
3.7  0.2197266 0.0 -2.822266 1.68457 0.0 -2.109375 2.890625 0.0 -1.972656 3.862305 0.0 -1.606445 5.009766 0.0 -1.411133
3.7016  0.2197266 0.0 -2.817383 1.68457 0.0 -2.104492 2.890625 0.0 -1.962891 3.862305 0.0 -1.601563 5.009766 0.0 -1.411133
3.7032  0.2197266 0.0 -2.8125 1.68457 0.0 -2.094727 2.890625 0.0 -1.958008 3.862305 0.0 -1.59668 5.014648 0.0 -1.40625
3.7048  0.2197266 0.0 -2.807617 1.68457 0.0 -2.084961 2.890625 0.0 -1.948242 3.862305 0.0 -1.591797 5.014648 0.0 -1.40625
3.7064  0.2197266 0.0 -2.802734 1.68457 0.0 -2.080078 2.890625 0.0 -1.938477 3.862305 0.0 -1.586914 5.014648 0.0 -1.40625
3.708  0.2197266 0.0 -2.792969 1.68457 0.0 -2.070313 2.890625 0.0 -1.933594 3.862305 0.0 -1.582031 5.014648 0.0 -1.40625
3.7096  0.2197266 0.0 -2.788086 1.679688 0.0 -2.060547 2.890625 0.0 -1.923828 3.862305 0.0 -1.582031 5.014648 0.0 -1.401367
3.7112  0.2197266 0.0 -2.783203 1.679688 0.0 -2.050781 2.890625 0.0 -1.918945 3.862305 0.0 -1.577148 5.014648 0.0 -1.401367
3.7128  0.2197266 0.0 -2.77832 1.679688 0.0 -2.041016 2.890625 0.0 -1.90918 3.862305 0.0 -1.572266 5.019531 0.0 -1.401367
3.7144  0.2197266 0.0 -2.768555 1.679688 0.0 -2.036133 2.885742 0.0 -1.899414 3.862305 0.0 -1.567383 5.019531 0.0 -1.396484
3.716  0.2197266 0.0 -2.763672 1.679688 0.0 -2.026367 2.885742 0.0 -1.889648 3.862305 0.0 -1.5625 5.019531 0.0 -1.396484
3.7176  0.2197266 0.0 -2.758789 1.679688 0.0 -2.016602 2.885742 0.0 -1.879883 3.862305 0.0 -1.557617 5.019531 0.0 -1.391602
3.7192  0.2197266 0.0 -2.749023 1.679688 0.0 -2.006836 2.885742 0.0 -1.875 3.862305 0.0 -1.552734 5.019531 0.0 -1.391602
3.7208  0.2197266 0.0 -2.744141 1.679688 0.0 -1.99707 2.885742 0.0 -1.865234 3.862305 0.0 -1.542969 5.019531 0.0 -1.386719
3.7224  0.2197266 0.0 -2.734375 1.679688 0.0 -1.987305 2.880859 0.0 -1.855469 3.862305 0.0 -1.538086 5.019531 0.0 -1.386719
3.724  0.2197266 0.0 -2.729492 1.674805 0.0 -1.977539 2.880859 0.0 -1.845703 3.862305 0.0 -1.533203 5.019531 0.0 -1.381836
3.7256  0.2197266 0.0 -2.719727 1.674805 0.0 -1.962891 2.880859 0.0 -1.835938 3.862305 0.0 -1.52832 5.019531 0.0 -1.381836
3.7272  0.2197266 0.0 -2.714844 1.674805 0.0 -1.953125 2.880859 0.0 -1.821289 3.862305 0.0 -1.523438 5.019531 0.0 -1.376953
3.7288  0.2197266 0.0 -2.705078 1.674805 0.0 -1.943359 2.875977 0.0 -1.811523 3.862305 0.0 -1.518555 5.019531 0.0 -1.376953
3.7304  0.2197266 0.0 -2.700195 1.674805 0.0 -1.933594 2.875977 0.0 -1.801758 3.862305 0.0 -1.508789 5.019531 0.0 -1.37207
3.732  0.2197266 0.0 -2.69043 1.669922 0.0 -1.923828 2.875977 0.0 -1.791992 3.862305 0.0 -1.503906 5.019531 0.0 -1.367188
3.7336  0.2197266 0.0 -2.685547 1.669922 0.0 -1.90918 2.871094 0.0 -1.782227 3.862305 0.0 -1.499023 5.019531 0.0 -1.362305
3.7352  0.2197266 0.0 -2.675781 1.669922 0.0 -1.899414 2.871094 0.0 -1.767578 3.862305 0.0 -1.489258 5.019531 0.0 -1.362305
3.7368  0.2148438 0.0 -2.666016 1.665039 0.0 -1.889648 2.871094 0.0 -1.757813 3.862305 0.0 -1.484375 5.019531 0.0 -1.357422
3.7384  0.2148438 0.0 -2.661133 1.665039 0.0 -1.875 2.866211 0.0 -1.748047 3.857422 0.0 -1.474609 5.014648 0.0 -1.352539
3.74  0.2148438 0.0 -2.651367 1.665039 0.0 -1.865234 2.866211 0.0 -1.733398 3.857422 0.0 -1.469727 5.014648 0.0 -1.347656
3.7416  0.2148438 0.0 -2.646484 1.660156 0.0 -1.850586 2.861328 0.0 -1.723633 3.857422 0.0 -1.459961 5.014648 0.0 -1.342773
3.7432  0.2148438 0.0 -2.636719 1.660156 0.0 -1.84082 2.861328 0.0 -1.708984 3.857422 0.0 -1.455078 5.014648 0.0 -1.342773
3.7448  0.2148438 0.0 -2.626953 1.655273 0.0 -1.826172 2.856445 0.0 -1.699219 3.857422 0.0 -1.445313 5.014648 0.0 -1.337891
3.7464  0.2099609 0.0 -2.62207 1.655273 0.0 -1.816406 2.856445 0.0 -1.68457 3.852539 0.0 -1.44043 5.009766 0.0 -1.333008
3.748  0.2099609 0.0 -2.612305 1.650391 0.0 -1.801758 2.851563 0.0 -1.674805 3.852539 0.0 -1.430664 5.009766 0.0 -1.328125
3.7496  0.2099609 0.0 -2.602539 1.650391 0.0 -1.791992 2.851563 0.0 -1.660156 3.852539 0.0 -1.425781 5.009766 0.0 -1.323242
3.7512  0.2099609 0.0 -2.592773 1.645508 0.0 -1.777344 2.84668 0.0 -1.650391 3.847656 0.0 -1.416016 5.004883 0.0 -1.318359
3.7528  0.2099609 0.0 -2.587891 1.640625 0.0 -1.762695 2.841797 0.0 -1.635742 3.847656 0.0 -1.40625 5.004883 0.0 -1.313477
3.7544  0.2050781 0.0 -2.578125 1.640625 0.0 -1.75293 2.841797 0.0 -1.621094 3.847656 0.0 -1.401367 5.0 0.0 -1.308594
3.756  0.2050781 0.0 -2.568359 1.635742 0.0 -1.738281 2.836914 0.0 -1.606445 3.842773 0.0 -1.391602 5.0 0.0 -1.303711
3.7576  0.2050781 0.0 -2.563477 1.630859 0.0 -1.723633 2.832031 0.0 -1.59668 3.842773 0.0 -1.381836 4.995117 0.0 -1.298828
3.7592  0.2001953 0.0 -2.553711 1.630859 0.0 -1.708984 2.832031 0.0 -1.582031 3.837891 0.0 -1.37207 4.995117 0.0 -1.293945
3.7608  0.2001953 0.0 -2.543945 1.625977 0.0 -1.694336 2.827148 0.0 -1.567383 3.837891 0.0 -1.367188 4.990234 0.0 -1.289063
3.7624  0.2001953 0.0 -2.53418 1.621094 0.0 -1.679688 2.822266 0.0 -1.552734 3.833008 0.0 -1.357422 4.990234 0.0 -1.28418
3.764  0.2001953 0.0 -2.524414 1.616211 0.0 -1.669922 2.822266 0.0 -1.538086 3.833008 0.0 -1.347656 4.985352 0.0 -1.279297
3.7656  0.1953125 0.0 -2.519531 1.611328 0.0 -1.655273 2.817383 0.0 -1.52832 3.828125 0.0 -1.337891 4.980469 0.0 -1.274414
3.7672  0.1953125 0.0 -2.509766 1.606445 0.0 -1.640625 2.8125 0.0 -1.513672 3.828125 0.0 -1.333008 4.980469 0.0 -1.269531
3.7688  0.1953125 0.0 -2.5 1.606445 0.0 -1.625977 2.807617 0.0 -1.499023 3.823242 0.0 -1.323242 4.975586 0.0 -1.259766
3.7704  0.1904297 0.0 -2.490234 1.601563 0.0 -1.611328 2.802734 0.0 -1.484375 3.823242 0.0 -1.313477 4.970703 0.0 -1.254883
3.772  0.1904297 0.0 -2.485352 1.59668 0.0 -1.59668 2.802734 0.0 -1.469727 3.818359 0.0 -1.303711 4.970703 0.0 -1.25
3.7736  0.1904297 0.0 -2.475586 1.591797 0.0 -1.577148 2.797852 0.0 -1.455078 3.813477 0.0 -1.293945 4.96582 0.0 -1.245117
3.7752  0.1855469 0.0 -2.46582 1.586914 0.0 -1.5625 2.792969 0.0 -1.44043 3.813477 0.0 -1.28418 4.960938 0.0 -1.240234
3.7768  0.1855469 0.0 -2.456055 1.582031 0.0 -1.547852 2.788086 0.0 -1.425781 3.808594 0.0 -1.279297 4.956055 0.0 -1.230469
3.7784  0.1855469 0.0 -2.446289 1.577148 0.0 -1.533203 2.783203 0.0 -1.40625 3.808594 0.0 -1.269531 4.951172 0.0 -1.225586
3.78  0.1806641 0.0 -2.436523 1.572266 0.0 -1.518555 2.77832 0.0 -1.391602 3.803711 0.0 -1.259766 4.951172 0.0 -1.220703
3.7816  0.1806641 0.0 -2.431641 1.567383 0.0 -1.503906 2.773438 0.0 -1.376953 3.798828 0.0 -1.25 4.946289 0.0 -1.21582
3.7832  0.1806641 0.0 -2.421875 1.5625 0.0 -1.489258 2.768555 0.0 -1.362305 3.793945 0.0 -1.240234 4.941406 0.0 -1.206055
3.7848  0.1757813 0.0 -2.412109 1.557617 0.0 -1.469727 2.768555 0.0 -1.347656 3.793945 0.0 -1.230469 4.936523 0.0 -1.201172
3.7864  0.1757813 0.0 -2.402344 1.552734 0.0 -1.455078 2.763672 0.0 -1.333008 3.789063 0.0 -1.220703 4.931641 0.0 -1.196289
3.788  0.1757813 0.0 -2.392578 1.547852 0.0 -1.44043 2.758789 0.0 -1.318359 3.78418 0.0 -1.210938 4.926758 0.0 -1.186523
3.7896  0.1708984 0.0 -2.382813 1.542969 0.0 -1.425781 2.753906 0.0 -1.298828 3.78418 0.0 -1.201172 4.921875 0.0 -1.181641
3.7912  0.1708984 0.0 -2.373047 1.538086 0.0 -1.40625 2.749023 0.0 -1.28418 3.779297 0.0 -1.196289 4.916992 0.0 -1.171875
3.7928  0.1708984 0.0 -2.368164 1.533203 0.0 -1.391602 2.744141 0.0 -1.269531 3.774414 0.0 -1.186523 4.912109 0.0 -1.166992
3.7944  0.1660156 0.0 -2.358398 1.52832 0.0 -1.376953 2.739258 0.0 -1.254883 3.769531 0.0 -1.176758 4.907227 0.0 -1.162109
3.796  0.1660156 0.0 -2.348633 1.523438 0.0 -1.362305 2.734375 0.0 -1.240234 3.769531 0.0 -1.166992 4.902344 0.0 -1.152344
3.7976  0.1660156 0.0 -2.338867 1.518555 0.0 -1.347656 2.729492 0.0 -1.225586 3.764648 0.0 -1.157227 4.897461 0.0 -1.147461
3.7992  0.1611328 0.0 -2.329102 1.513672 0.0 -1.328125 2.724609 0.0 -1.206055 3.759766 0.0 -1.147461 4.887695 0.0 -1.137695
3.8008  0.1611328 0.0 -2.319336 1.503906 0.0 -1.313477 2.719727 0.0 -1.191406 3.754883 0.0 -1.142578 4.882813 0.0 -1.132813
3.8024  0.1611328 0.0 -2.314453 1.499023 0.0 -1.298828 2.714844 0.0 -1.176758 3.75 0.0 -1.132813 4.87793 0.0 -1.123047
3.804  0.1611328 0.0 -2.304688 1.494141 0.0 -1.28418 2.709961 0.0 -1.162109 3.745117 0.0 -1.123047 4.873047 0.0 -1.118164
3.8056  0.15625 0.0 -2.294922 1.489258 0.0 -1.269531 2.705078 0.0 -1.147461 3.740234 0.0 -1.113281 4.868164 0.0 -1.108398
3.8072  0.15625 0.0 -2.285156 1.484375 0.0 -1.25 2.700195 0.0 -1.12793 3.740234 0.0 -1.103516 4.863281 0.0 -1.103516
3.8088  0.15625 0.0 -2.275391 1.479492 0.0 -1.235352 2.695313 0.0 -1.113281 3.735352 0.0 -1.098633 4.853516 0.0 -1.09375
3.8104  0.1513672 0.0 -2.270508 1.474609 0.0 -1.220703 2.69043 0.0 -1.098633 3.730469 0.0 -1.088867 4.848633 0.0 -1.088867
3.812  0.1513672 0.0 -2.260742 1.464844 0.0 -1.206055 2.685547 0.0 -1.083984 3.725586 0.0 -1.079102 4.84375 0.0 -1.079102
3.8136  0.1513672 0.0 -2.250977 1.459961 0.0 -1.191406 2.680664 0.0 -1.069336 3.720703 0.0 -1.069336 4.838867 0.0 -1.074219
3.8152  0.1464844 0.0 -2.241211 1.455078 0.0 -1.176758 2.675781 0.0 -1.054688 3.71582 0.0 -1.064453 4.829102 0.0 -1.064453
3.8168  0.1464844 0.0 -2.236328 1.450195 0.0 -1.157227 2.670898 0.0 -1.040039 3.710938 0.0 -1.054688 4.824219 0.0 -1.054688
3.8184  0.1464844 0.0 -2.226563 1.445313 0.0 -1.142578 2.666016 0.0 -1.020508 3.706055 0.0 -1.044922 4.819336 0.0 -1.049805
3.82  0.1416016 0.0 -2.216797 1.435547 0.0 -1.12793 2.661133 0.0 -1.005859 3.701172 0.0 -1.040039 4.80957 0.0 -1.040039
3.8216  0.1416016 0.0 -2.207031 1.430664 0.0 -1.113281 2.65625 0.0 -0.9912109 3.696289 0.0 -1.030273 4.804688 0.0 -1.035156
3.8232  0.1367188 0.0 -2.202148 1.425781 0.0 -1.098633 2.651367 0.0 -0.9765625 3.691406 0.0 -1.020508 4.799805 0.0 -1.025391
3.8248  0.1367188 0.0 -2.192383 1.416016 0.0 -1.083984 2.646484 0.0 -0.9619141 3.686523 0.0 -1.015625 4.790039 0.0 -1.020508
3.8264  0.1367188 0.0 -2.182617 1.411133 0.0 -1.069336 2.641602 0.0 -0.9472656 3.681641 0.0 -1.005859 4.785156 0.0 -1.010742
3.828  0.1318359 0.0 -2.177734 1.40625 0.0 -1.054688 2.636719 0.0 -0.9326172 3.671875 0.0 -1.000977 4.775391 0.0 -1.005859
3.8296  0.1318359 0.0 -2.167969 1.401367 0.0 -1.040039 2.631836 0.0 -0.9179688 3.666992 0.0 -0.9912109 4.770508 0.0 -0.9960938
3.8312  0.1269531 0.0 -2.158203 1.391602 0.0 -1.025391 2.626953 0.0 -0.9033203 3.662109 0.0 -0.9863281 4.765625 0.0 -0.9863281
3.8328  0.1269531 0.0 -2.15332 1.386719 0.0 -1.010742 2.617188 0.0 -0.8886719 3.657227 0.0 -0.9765625 4.755859 0.0 -0.9814453
3.8344  0.1220703 0.0 -2.143555 1.381836 0.0 -0.9960938 2.612305 0.0 -0.8740234 3.652344 0.0 -0.9716797 4.750977 0.0 -0.9716797
3.836  0.1220703 0.0 -2.133789 1.37207 0.0 -0.9814453 2.607422 0.0 -0.8642578 3.647461 0.0 -0.9619141 4.741211 0.0 -0.9667969
3.8376  0.1171875 0.0 -2.128906 1.367188 0.0 -0.9667969 2.602539 0.0 -0.8496094 3.642578 0.0 -0.9570313 4.736328 0.0 -0.9619141
3.8392  0.1171875 0.0 -2.119141 1.362305 0.0 -0.9521484 2.597656 0.0 -0.8349609 3.632813 0.0 -0.9472656 4.726563 0.0 -0.9521484
3.8408  0.1123047 0.0 -2.114258 1.352539 0.0 -0.9375 2.592773 0.0 -0.8203125 3.62793 0.0 -0.9423828 4.72168 0.0 -0.9472656
3.8424  0.1123047 0.0 -2.104492 1.347656 0.0 -0.9228516 2.587891 0.0 -0.8056641 3.623047 0.0 -0.9375 4.711914 0.0 -0.9375
3.844  0.1074219 0.0 -2.099609 1.342773 0.0 -0.9082031 2.583008 0.0 -0.7958984 3.618164 0.0 -0.9277344 4.707031 0.0 -0.9326172
3.8456  0.1074219 0.0 -2.089844 1.333008 0.0 -0.8935547 2.578125 0.0 -0.78125 3.613281 0.0 -0.9228516 4.702148 0.0 -0.9277344
3.8472  0.1025391 0.0 -2.084961 1.328125 0.0 -0.8837891 2.568359 0.0 -0.7666016 3.603516 0.0 -0.9179688 4.692383 0.0 -0.9179688
3.8488  0.1025391 0.0 -2.080078 1.323242 0.0 -0.8691406 2.563477 0.0 -0.7568359 3.598633 0.0 -0.9130859 4.6875 0.0 -0.9130859
3.8504  0.09765625 0.0 -2.070313 1.318359 0.0 -0.8544922 2.558594 0.0 -0.7421875 3.59375 0.0 -0.9082031 4.677734 0.0 -0.9082031
3.852  0.09765625 0.0 -2.06543 1.308594 0.0 -0.8447266 2.553711 0.0 -0.7324219 3.588867 0.0 -0.8984375 4.672852 0.0 -0.8984375
3.8536  0.09277344 0.0 -2.060547 1.303711 0.0 -0.8300781 2.548828 0.0 -0.7177734 3.583984 0.0 -0.8935547 4.667969 0.0 -0.8935547
3.8552  0.09277344 0.0 -2.050781 1.298828 0.0 -0.8154297 2.543945 0.0 -0.7080078 3.579102 0.0 -0.8886719 4.658203 0.0 -0.8886719
3.8568  0.08789063 0.0 -2.045898 1.293945 0.0 -0.8056641 2.539063 0.0 -0.6933594 3.574219 0.0 -0.8837891 4.65332 0.0 -0.8837891
3.8584  0.08789063 0.0 -2.041016 1.289063 0.0 -0.7910156 2.53418 0.0 -0.6835938 3.564453 0.0 -0.8789063 4.648438 0.0 -0.8789063
3.86  0.08300781 0.0 -2.036133 1.28418 0.0 -0.78125 2.529297 0.0 -0.6738281 3.55957 0.0 -0.8740234 4.643555 0.0 -0.8691406
3.8616  0.08300781 0.0 -2.03125 1.279297 0.0 -0.7666016 2.524414 0.0 -0.6591797 3.554688 0.0 -0.8691406 4.633789 0.0 -0.8642578
3.8632  0.078125 0.0 -2.021484 1.274414 0.0 -0.7568359 2.519531 0.0 -0.6494141 3.549805 0.0 -0.8642578 4.628906 0.0 -0.859375
3.8648  0.078125 0.0 -2.016602 1.269531 0.0 -0.7470703 2.519531 0.0 -0.6396484 3.544922 0.0 -0.859375 4.624023 0.0 -0.8544922
3.8664  0.078125 0.0 -2.011719 1.264648 0.0 -0.7373047 2.514648 0.0 -0.6298828 3.540039 0.0 -0.8544922 4.619141 0.0 -0.8496094
3.868  0.07324219 0.0 -2.006836 1.259766 0.0 -0.7226563 2.509766 0.0 -0.6201172 3.535156 0.0 -0.8496094 4.614258 0.0 -0.8447266
3.8696  0.07324219 0.0 -2.001953 1.254883 0.0 -0.7128906 2.504883 0.0 -0.6054688 3.530273 0.0 -0.8447266 4.604492 0.0 -0.8398438
3.8712  0.06835938 0.0 -1.99707 1.25 0.0 -0.703125 2.5 0.0 -0.5957031 3.525391 0.0 -0.8398438 4.599609 0.0 -0.8349609
3.8728  0.06835938 0.0 -1.992188 1.245117 0.0 -0.6933594 2.5 0.0 -0.5859375 3.520508 0.0 -0.8349609 4.594727 0.0 -0.8300781
3.8744  0.06835938 0.0 -1.992188 1.240234 0.0 -0.6884766 2.495117 0.0 -0.5761719 3.520508 0.0 -0.8349609 4.589844 0.0 -0.8251953
3.876  0.06347656 0.0 -1.987305 1.240234 0.0 -0.6787109 2.490234 0.0 -0.5664063 3.515625 0.0 -0.8300781 4.584961 0.0 -0.8203125
3.8776  0.06347656 0.0 -1.982422 1.235352 0.0 -0.6689453 2.485352 0.0 -0.5566406 3.510742 0.0 -0.8251953 4.580078 0.0 -0.8154297
3.8792  0.05859375 0.0 -1.977539 1.230469 0.0 -0.6591797 2.485352 0.0 -0.546875 3.505859 0.0 -0.8203125 4.575195 0.0 -0.8154297
3.8808  0.05859375 0.0 -1.972656 1.230469 0.0 -0.6542969 2.480469 0.0 -0.5371094 3.500977 0.0 -0.8154297 4.575195 0.0 -0.8105469
3.8824  0.05859375 0.0 -1.972656 1.225586 0.0 -0.6445313 2.480469 0.0 -0.5322266 3.496094 0.0 -0.8154297 4.570313 0.0 -0.8056641
3.884  0.05371094 0.0 -1.967773 1.220703 0.0 -0.6396484 2.475586 0.0 -0.5224609 3.496094 0.0 -0.8105469 4.56543 0.0 -0.8007813
3.8856  0.05371094 0.0 -1.962891 1.220703 0.0 -0.6347656 2.470703 0.0 -0.5126953 3.491211 0.0 -0.8056641 4.560547 0.0 -0.7958984
3.8872  0.04882813 0.0 -1.958008 1.21582 0.0 -0.625 2.470703 0.0 -0.5029297 3.486328 0.0 -0.8007813 4.555664 0.0 -0.7958984
3.8888  0.04882813 0.0 -1.958008 1.21582 0.0 -0.6201172 2.46582 0.0 -0.4931641 3.486328 0.0 -0.8007813 4.550781 0.0 -0.7910156
3.8904  0.04394531 0.0 -1.953125 1.21582 0.0 -0.6152344 2.46582 0.0 -0.4882813 3.481445 0.0 -0.7958984 4.550781 0.0 -0.7861328
3.892  0.04394531 0.0 -1.953125 1.210938 0.0 -0.6103516 2.460938 0.0 -0.4785156 3.476563 0.0 -0.7910156 4.545898 0.0 -0.78125
3.8936  0.04394531 0.0 -1.948242 1.210938 0.0 -0.6054688 2.460938 0.0 -0.46875 3.476563 0.0 -0.7910156 4.541016 0.0 -0.78125
3.8952  0.0390625 0.0 -1.943359 1.210938 0.0 -0.6005859 2.460938 0.0 -0.4638672 3.47168 0.0 -0.7861328 4.541016 0.0 -0.7763672
3.8968  0.0390625 0.0 -1.943359 1.206055 0.0 -0.5957031 2.456055 0.0 -0.4541016 3.47168 0.0 -0.78125 4.536133 0.0 -0.7714844
3.8984  0.03417969 0.0 -1.938477 1.206055 0.0 -0.5908203 2.456055 0.0 -0.4492188 3.466797 0.0 -0.78125 4.53125 0.0 -0.7714844
3.9  0.03417969 0.0 -1.938477 1.206055 0.0 -0.5859375 2.456055 0.0 -0.4443359 3.466797 0.0 -0.7763672 4.53125 0.0 -0.7666016
3.9016  0.02929688 0.0 -1.933594 1.206055 0.0 -0.5859375 2.451172 0.0 -0.4345703 3.461914 0.0 -0.7763672 4.526367 0.0 -0.7666016
3.9032  0.02929688 0.0 -1.933594 1.201172 0.0 -0.5810547 2.451172 0.0 -0.4296875 3.461914 0.0 -0.7714844 4.526367 0.0 -0.7617188
3.9048  0.02929688 0.0 -1.933594 1.201172 0.0 -0.5761719 2.451172 0.0 -0.4248047 3.461914 0.0 -0.7666016 4.521484 0.0 -0.7617188
3.9064  0.02441406 0.0 -1.928711 1.201172 0.0 -0.5761719 2.446289 0.0 -0.4150391 3.457031 0.0 -0.7666016 4.521484 0.0 -0.7568359
3.908  0.02441406 0.0 -1.928711 1.201172 0.0 -0.5712891 2.446289 0.0 -0.4101563 3.457031 0.0 -0.7617188 4.516602 0.0 -0.7519531
3.9096  0.01953125 0.0 -1.923828 1.201172 0.0 -0.5664063 2.446289 0.0 -0.4052734 3.457031 0.0 -0.7617188 4.516602 0.0 -0.7519531
3.9112  0.01953125 0.0 -1.923828 1.201172 0.0 -0.5664063 2.446289 0.0 -0.4003906 3.452148 0.0 -0.7568359 4.511719 0.0 -0.7470703
3.9128  0.01464844 0.0 -1.923828 1.201172 0.0 -0.5615234 2.441406 0.0 -0.3955078 3.452148 0.0 -0.7568359 4.511719 0.0 -0.7470703
3.9144  0.01464844 0.0 -1.918945 1.201172 0.0 -0.5615234 2.441406 0.0 -0.390625 3.452148 0.0 -0.7519531 4.506836 0.0 -0.7421875
3.916  0.01464844 0.0 -1.918945 1.196289 0.0 -0.5615234 2.441406 0.0 -0.3857422 3.452148 0.0 -0.7519531 4.506836 0.0 -0.7421875
3.9176  0.009765625 0.0 -1.918945 1.196289 0.0 -0.5566406 2.441406 0.0 -0.3808594 3.447266 0.0 -0.7470703 4.506836 0.0 -0.7421875
3.9192  0.009765625 0.0 -1.914063 1.196289 0.0 -0.5566406 2.441406 0.0 -0.3759766 3.447266 0.0 -0.7470703 4.501953 0.0 -0.7373047
3.9208  0.009765625 0.0 -1.914063 1.196289 0.0 -0.5566406 2.436523 0.0 -0.3710938 3.447266 0.0 -0.7421875 4.501953 0.0 -0.7373047
3.9224  0.004882813 0.0 -1.914063 1.196289 0.0 -0.5517578 2.436523 0.0 -0.3662109 3.447266 0.0 -0.7421875 4.501953 0.0 -0.7324219
3.924  0.004882813 0.0 -1.90918 1.196289 0.0 -0.5517578 2.436523 0.0 -0.3613281 3.447266 0.0 -0.7421875 4.501953 0.0 -0.7324219
3.9256  0.0 0.0 -1.90918 1.196289 0.0 -0.5517578 2.436523 0.0 -0.3613281 3.442383 0.0 -0.7373047 4.49707 0.0 -0.7275391
3.9272  0.0 0.0 -1.90918 1.196289 0.0 -0.5517578 2.436523 0.0 -0.3564453 3.442383 0.0 -0.7373047 4.49707 0.0 -0.7275391
3.9288  0.0 0.0 -1.90918 1.196289 0.0 -0.5517578 2.431641 0.0 -0.3515625 3.442383 0.0 -0.7373047 4.49707 0.0 -0.7226563
3.9304  -0.004882813 0.0 -1.90918 1.196289 0.0 -0.5517578 2.431641 0.0 -0.3515625 3.442383 0.0 -0.7324219 4.49707 0.0 -0.7226563
3.932  -0.004882813 0.0 -1.90918 1.196289 0.0 -0.546875 2.431641 0.0 -0.3466797 3.442383 0.0 -0.7324219 4.49707 0.0 -0.7226563
3.9336  -0.004882813 0.0 -1.904297 1.196289 0.0 -0.546875 2.431641 0.0 -0.3466797 3.442383 0.0 -0.7324219 4.492188 0.0 -0.7177734
3.9352  -0.009765625 0.0 -1.904297 1.196289 0.0 -0.546875 2.431641 0.0 -0.3417969 3.442383 0.0 -0.7275391 4.492188 0.0 -0.7177734
3.9368  -0.009765625 0.0 -1.904297 1.196289 0.0 -0.546875 2.426758 0.0 -0.3417969 3.442383 0.0 -0.7275391 4.492188 0.0 -0.7177734
3.9384  -0.009765625 0.0 -1.904297 1.196289 0.0 -0.5517578 2.426758 0.0 -0.3417969 3.442383 0.0 -0.7275391 4.492188 0.0 -0.7128906
3.94  -0.009765625 0.0 -1.904297 1.196289 0.0 -0.5517578 2.426758 0.0 -0.3369141 3.442383 0.0 -0.7226563 4.492188 0.0 -0.7128906
3.9416  -0.01464844 0.0 -1.904297 1.196289 0.0 -0.5517578 2.426758 0.0 -0.3369141 3.442383 0.0 -0.7226563 4.492188 0.0 -0.7080078
3.9432  -0.01464844 0.0 -1.904297 1.196289 0.0 -0.5517578 2.426758 0.0 -0.3369141 3.442383 0.0 -0.7226563 4.492188 0.0 -0.7080078
3.9448  -0.01464844 0.0 -1.90918 1.196289 0.0 -0.5517578 2.426758 0.0 -0.3369141 3.442383 0.0 -0.7226563 4.492188 0.0 -0.7080078
3.9464  -0.01953125 0.0 -1.90918 1.196289 0.0 -0.5566406 2.421875 0.0 -0.3369141 3.442383 0.0 -0.7226563 4.492188 0.0 -0.703125
3.948  -0.01953125 0.0 -1.90918 1.196289 0.0 -0.5566406 2.421875 0.0 -0.3369141 3.442383 0.0 -0.7177734 4.492188 0.0 -0.703125
3.9496  -0.01953125 0.0 -1.90918 1.196289 0.0 -0.5566406 2.421875 0.0 -0.3369141 3.442383 0.0 -0.7177734 4.492188 0.0 -0.703125
3.9512  -0.01953125 0.0 -1.90918 1.196289 0.0 -0.5615234 2.421875 0.0 -0.3369141 3.442383 0.0 -0.7177734 4.492188 0.0 -0.6982422
3.9528  -0.02441406 0.0 -1.914063 1.196289 0.0 -0.5615234 2.421875 0.0 -0.3369141 3.442383 0.0 -0.7177734 4.492188 0.0 -0.6982422
3.9544  -0.02441406 0.0 -1.914063 1.196289 0.0 -0.5664063 2.421875 0.0 -0.3369141 3.442383 0.0 -0.7177734 4.492188 0.0 -0.6982422
3.956  -0.02441406 0.0 -1.914063 1.196289 0.0 -0.5712891 2.416992 0.0 -0.3369141 3.442383 0.0 -0.7177734 4.49707 0.0 -0.6933594
3.9576  -0.02929688 0.0 -1.914063 1.196289 0.0 -0.5761719 2.416992 0.0 -0.3417969 3.442383 0.0 -0.7128906 4.49707 0.0 -0.6933594
3.9592  -0.02929688 0.0 -1.918945 1.196289 0.0 -0.5810547 2.416992 0.0 -0.3417969 3.442383 0.0 -0.7128906 4.49707 0.0 -0.6933594
3.9608  -0.02929688 0.0 -1.918945 1.201172 0.0 -0.5859375 2.416992 0.0 -0.3466797 3.442383 0.0 -0.7128906 4.49707 0.0 -0.6884766
3.9624  -0.02929688 0.0 -1.923828 1.201172 0.0 -0.5908203 2.416992 0.0 -0.3466797 3.447266 0.0 -0.7128906 4.49707 0.0 -0.6884766
3.964  -0.03417969 0.0 -1.923828 1.201172 0.0 -0.5957031 2.416992 0.0 -0.3515625 3.447266 0.0 -0.7128906 4.501953 0.0 -0.6884766
3.9656  -0.03417969 0.0 -1.928711 1.201172 0.0 -0.6005859 2.416992 0.0 -0.3515625 3.447266 0.0 -0.7128906 4.501953 0.0 -0.6884766
3.9672  -0.03417969 0.0 -1.928711 1.201172 0.0 -0.6103516 2.416992 0.0 -0.3564453 3.447266 0.0 -0.7128906 4.501953 0.0 -0.6835938
3.9688  -0.03417969 0.0 -1.933594 1.201172 0.0 -0.6152344 2.416992 0.0 -0.3613281 3.447266 0.0 -0.7128906 4.506836 0.0 -0.6835938
3.9704  -0.0390625 0.0 -1.938477 1.201172 0.0 -0.625 2.416992 0.0 -0.3662109 3.452148 0.0 -0.7128906 4.506836 0.0 -0.6835938
3.972  -0.0390625 0.0 -1.943359 1.206055 0.0 -0.6347656 2.416992 0.0 -0.3710938 3.452148 0.0 -0.7128906 4.511719 0.0 -0.6835938
3.9736  -0.0390625 0.0 -1.948242 1.206055 0.0 -0.6445313 2.416992 0.0 -0.3759766 3.452148 0.0 -0.7177734 4.511719 0.0 -0.6835938
3.9752  -0.0390625 0.0 -1.948242 1.206055 0.0 -0.6542969 2.416992 0.0 -0.3857422 3.452148 0.0 -0.7177734 4.516602 0.0 -0.6835938
3.9768  -0.0390625 0.0 -1.953125 1.210938 0.0 -0.6640625 2.416992 0.0 -0.390625 3.457031 0.0 -0.7177734 4.521484 0.0 -0.6835938
3.9784  -0.04394531 0.0 -1.962891 1.210938 0.0 -0.6787109 2.416992 0.0 -0.4003906 3.457031 0.0 -0.7177734 4.521484 0.0 -0.6787109
3.98  -0.04394531 0.0 -1.967773 1.210938 0.0 -0.6933594 2.416992 0.0 -0.4052734 3.461914 0.0 -0.7226563 4.526367 0.0 -0.6787109
3.9816  -0.04394531 0.0 -1.972656 1.21582 0.0 -0.703125 2.416992 0.0 -0.4150391 3.461914 0.0 -0.7226563 4.53125 0.0 -0.6835938
3.9832  -0.04394531 0.0 -1.977539 1.21582 0.0 -0.7177734 2.416992 0.0 -0.4248047 3.466797 0.0 -0.7275391 4.536133 0.0 -0.6835938
3.9848  -0.04394531 0.0 -1.987305 1.220703 0.0 -0.7324219 2.421875 0.0 -0.4345703 3.466797 0.0 -0.7275391 4.541016 0.0 -0.6835938
3.9864  -0.04394531 0.0 -1.992188 1.220703 0.0 -0.7519531 2.421875 0.0 -0.4443359 3.47168 0.0 -0.7324219 4.545898 0.0 -0.6835938
3.988  -0.04394531 0.0 -2.001953 1.225586 0.0 -0.7666016 2.421875 0.0 -0.4541016 3.476563 0.0 -0.7324219 4.550781 0.0 -0.6835938
3.9896  -0.04394531 0.0 -2.006836 1.230469 0.0 -0.7861328 2.426758 0.0 -0.46875 3.476563 0.0 -0.7373047 4.555664 0.0 -0.6835938
3.9912  -0.04394531 0.0 -2.016602 1.235352 0.0 -0.8007813 2.426758 0.0 -0.4785156 3.481445 0.0 -0.7421875 4.560547 0.0 -0.6884766
3.9928  -0.04394531 0.0 -2.026367 1.235352 0.0 -0.8203125 2.431641 0.0 -0.4931641 3.486328 0.0 -0.7470703 4.56543 0.0 -0.6884766
3.9944  -0.0390625 0.0 -2.036133 1.240234 0.0 -0.8398438 2.431641 0.0 -0.5078125 3.491211 0.0 -0.7519531 4.575195 0.0 -0.6933594
3.996  -0.0390625 0.0 -2.045898 1.245117 0.0 -0.8642578 2.436523 0.0 -0.5224609 3.496094 0.0 -0.7568359 4.580078 0.0 -0.6933594
3.9976  -0.0390625 0.0 -2.055664 1.25 0.0 -0.8837891 2.441406 0.0 -0.5371094 3.496094 0.0 -0.7617188 4.589844 0.0 -0.6982422
3.9992  -0.0390625 0.0 -2.06543 1.254883 0.0 -0.9033203 2.441406 0.0 -0.5517578 3.500977 0.0 -0.7666016 4.594727 0.0 -0.703125
4.0008  -0.0390625 0.0 -2.080078 1.264648 0.0 -0.9277344 2.446289 0.0 -0.5664063 3.505859 0.0 -0.7763672 4.604492 0.0 -0.703125
4.0024  -0.03417969 0.0 -2.089844 1.269531 0.0 -0.9521484 2.451172 0.0 -0.5859375 3.515625 0.0 -0.78125 4.609375 0.0 -0.7080078
4.004  -0.03417969 0.0 -2.104492 1.274414 0.0 -0.9716797 2.456055 0.0 -0.6054688 3.520508 0.0 -0.7861328 4.619141 0.0 -0.7128906
4.0056  -0.03417969 0.0 -2.114258 1.28418 0.0 -0.9960938 2.460938 0.0 -0.6201172 3.525391 0.0 -0.7958984 4.628906 0.0 -0.7177734
4.0072  -0.02929688 0.0 -2.128906 1.289063 0.0 -1.020508 2.46582 0.0 -0.6396484 3.530273 0.0 -0.8056641 4.638672 0.0 -0.7226563
4.0088  -0.02929688 0.0 -2.143555 1.298828 0.0 -1.044922 2.475586 0.0 -0.6591797 3.535156 0.0 -0.8105469 4.643555 0.0 -0.7275391
4.0104  -0.02441406 0.0 -2.158203 1.303711 0.0 -1.074219 2.480469 0.0 -0.6835938 3.544922 0.0 -0.8203125 4.65332 0.0 -0.7373047
4.012  -0.02441406 0.0 -2.172852 1.313477 0.0 -1.098633 2.485352 0.0 -0.703125 3.549805 0.0 -0.8300781 4.663086 0.0 -0.7421875
4.0136  -0.01953125 0.0 -2.1875 1.323242 0.0 -1.123047 2.495117 0.0 -0.7226563 3.554688 0.0 -0.8398438 4.672852 0.0 -0.7470703
4.0152  -0.01953125 0.0 -2.202148 1.328125 0.0 -1.147461 2.5 0.0 -0.7470703 3.564453 0.0 -0.8496094 4.682617 0.0 -0.7568359
4.0168  -0.01464844 0.0 -2.216797 1.337891 0.0 -1.176758 2.509766 0.0 -0.7714844 3.569336 0.0 -0.8642578 4.692383 0.0 -0.7617188
4.0184  -0.01464844 0.0 -2.231445 1.347656 0.0 -1.201172 2.514648 0.0 -0.7910156 3.579102 0.0 -0.8740234 4.702148 0.0 -0.7714844
4.02  -0.009765625 0.0 -2.250977 1.357422 0.0 -1.230469 2.524414 0.0 -0.8154297 3.583984 0.0 -0.8837891 4.711914 0.0 -0.78125
4.0216  -0.009765625 0.0 -2.265625 1.367188 0.0 -1.254883 2.529297 0.0 -0.8398438 3.59375 0.0 -0.8984375 4.72168 0.0 -0.7861328
4.0232  -0.004882813 0.0 -2.280273 1.376953 0.0 -1.28418 2.539063 0.0 -0.8642578 3.598633 0.0 -0.9082031 4.731445 0.0 -0.7958984
4.0248  0.0 0.0 -2.299805 1.386719 0.0 -1.308594 2.548828 0.0 -0.8886719 3.608398 0.0 -0.9228516 4.741211 0.0 -0.8056641
4.0264  0.004882813 0.0 -2.314453 1.396484 0.0 -1.337891 2.553711 0.0 -0.9130859 3.618164 0.0 -0.9326172 4.750977 0.0 -0.8154297
4.028  0.004882813 0.0 -2.333984 1.40625 0.0 -1.362305 2.563477 0.0 -0.9423828 3.623047 0.0 -0.9472656 4.760742 0.0 -0.8203125
4.0296  0.009765625 0.0 -2.353516 1.416016 0.0 -1.391602 2.573242 0.0 -0.9667969 3.632813 0.0 -0.9619141 4.770508 0.0 -0.8300781
4.0312  0.01464844 0.0 -2.368164 1.425781 0.0 -1.416016 2.583008 0.0 -0.9912109 3.637695 0.0 -0.9716797 4.780273 0.0 -0.8398438
4.0328  0.01953125 0.0 -2.387695 1.435547 0.0 -1.445313 2.587891 0.0 -1.015625 3.647461 0.0 -0.9863281 4.790039 0.0 -0.8496094
4.0344  0.02441406 0.0 -2.407227 1.445313 0.0 -1.469727 2.597656 0.0 -1.040039 3.652344 0.0 -1.000977 4.799805 0.0 -0.859375
4.036  0.02441406 0.0 -2.421875 1.455078 0.0 -1.494141 2.607422 0.0 -1.069336 3.662109 0.0 -1.015625 4.80957 0.0 -0.8691406
4.0376  0.02929688 0.0 -2.441406 1.464844 0.0 -1.518555 2.612305 0.0 -1.09375 3.666992 0.0 -1.025391 4.814453 0.0 -0.8740234
4.0392  0.03417969 0.0 -2.460938 1.474609 0.0 -1.542969 2.62207 0.0 -1.118164 3.676758 0.0 -1.040039 4.824219 0.0 -0.8837891
4.0408  0.0390625 0.0 -2.480469 1.484375 0.0 -1.572266 2.631836 0.0 -1.142578 3.681641 0.0 -1.054688 4.833984 0.0 -0.8935547
4.0424  0.04394531 0.0 -2.495117 1.494141 0.0 -1.59668 2.636719 0.0 -1.166992 3.686523 0.0 -1.069336 4.838867 0.0 -0.9033203
4.044  0.04882813 0.0 -2.514648 1.499023 0.0 -1.616211 2.646484 0.0 -1.191406 3.691406 0.0 -1.079102 4.84375 0.0 -0.9082031
4.0456  0.05371094 0.0 -2.53418 1.508789 0.0 -1.640625 2.651367 0.0 -1.21582 3.701172 0.0 -1.09375 4.848633 0.0 -0.9179688
4.0472  0.05859375 0.0 -2.548828 1.513672 0.0 -1.665039 2.65625 0.0 -1.240234 3.706055 0.0 -1.108398 4.858398 0.0 -0.9228516
4.0488  0.06347656 0.0 -2.568359 1.523438 0.0 -1.689453 2.666016 0.0 -1.259766 3.706055 0.0 -1.118164 4.863281 0.0 -0.9326172
4.0504  0.06835938 0.0 -2.587891 1.52832 0.0 -1.708984 2.670898 0.0 -1.28418 3.710938 0.0 -1.132813 4.863281 0.0 -0.9375
4.052  0.07324219 0.0 -2.602539 1.533203 0.0 -1.733398 2.675781 0.0 -1.308594 3.71582 0.0 -1.142578 4.868164 0.0 -0.9472656
4.0536  0.07324219 0.0 -2.62207 1.538086 0.0 -1.75293 2.680664 0.0 -1.328125 3.71582 0.0 -1.157227 4.873047 0.0 -0.9521484
4.0552  0.078125 0.0 -2.636719 1.542969 0.0 -1.772461 2.685547 0.0 -1.347656 3.720703 0.0 -1.166992 4.873047 0.0 -0.9570313
4.0568  0.08300781 0.0 -2.651367 1.547852 0.0 -1.791992 2.69043 0.0 -1.37207 3.720703 0.0 -1.181641 4.87793 0.0 -0.9619141
4.0584  0.08789063 0.0 -2.670898 1.552734 0.0 -1.811523 2.69043 0.0 -1.391602 3.725586 0.0 -1.191406 4.87793 0.0 -0.9667969
4.06  0.09277344 0.0 -2.685547 1.552734 0.0 -1.831055 2.695313 0.0 -1.411133 3.725586 0.0 -1.201172 4.87793 0.0 -0.9716797
4.0616  0.09765625 0.0 -2.700195 1.557617 0.0 -1.850586 2.695313 0.0 -1.430664 3.725586 0.0 -1.210938 4.87793 0.0 -0.9765625
4.0632  0.09765625 0.0 -2.714844 1.557617 0.0 -1.870117 2.700195 0.0 -1.450195 3.725586 0.0 -1.220703 4.87793 0.0 -0.9814453
4.0648  0.1025391 0.0 -2.729492 1.5625 0.0 -1.884766 2.700195 0.0 -1.469727 3.725586 0.0 -1.230469 4.87793 0.0 -0.9863281
4.0664  0.1074219 0.0 -2.744141 1.5625 0.0 -1.904297 2.705078 0.0 -1.484375 3.725586 0.0 -1.245117 4.87793 0.0 -0.9912109
4.068  0.1074219 0.0 -2.758789 1.5625 0.0 -1.918945 2.705078 0.0 -1.503906 3.725586 0.0 -1.25 4.87793 0.0 -0.9960938
4.0696  0.1123047 0.0 -2.773438 1.5625 0.0 -1.938477 2.705078 0.0 -1.523438 3.725586 0.0 -1.259766 4.87793 0.0 -0.9960938
4.0712  0.1171875 0.0 -2.788086 1.5625 0.0 -1.953125 2.705078 0.0 -1.538086 3.720703 0.0 -1.269531 4.873047 0.0 -1.000977
4.0728  0.1171875 0.0 -2.797852 1.5625 0.0 -1.967773 2.705078 0.0 -1.552734 3.720703 0.0 -1.279297 4.873047 0.0 -1.005859
4.0744  0.1220703 0.0 -2.8125 1.5625 0.0 -1.982422 2.705078 0.0 -1.572266 3.720703 0.0 -1.289063 4.868164 0.0 -1.010742
4.076  0.1269531 0.0 -2.822266 1.5625 0.0 -1.99707 2.705078 0.0 -1.586914 3.71582 0.0 -1.298828 4.868164 0.0 -1.010742
4.0776  0.1269531 0.0 -2.836914 1.5625 0.0 -2.011719 2.705078 0.0 -1.601563 3.71582 0.0 -1.303711 4.863281 0.0 -1.015625
4.0792  0.1318359 0.0 -2.84668 1.5625 0.0 -2.026367 2.705078 0.0 -1.616211 3.71582 0.0 -1.313477 4.863281 0.0 -1.020508
4.0808  0.1318359 0.0 -2.861328 1.5625 0.0 -2.041016 2.705078 0.0 -1.630859 3.710938 0.0 -1.323242 4.858398 0.0 -1.020508
4.0824  0.1367188 0.0 -2.871094 1.5625 0.0 -2.055664 2.705078 0.0 -1.645508 3.710938 0.0 -1.328125 4.858398 0.0 -1.025391
4.084  0.1367188 0.0 -2.880859 1.5625 0.0 -2.06543 2.705078 0.0 -1.655273 3.706055 0.0 -1.337891 4.853516 0.0 -1.030273
4.0856  0.1416016 0.0 -2.890625 1.557617 0.0 -2.080078 2.705078 0.0 -1.669922 3.706055 0.0 -1.347656 4.853516 0.0 -1.030273
4.0872  0.1416016 0.0 -2.900391 1.557617 0.0 -2.089844 2.705078 0.0 -1.68457 3.706055 0.0 -1.352539 4.848633 0.0 -1.035156
4.0888  0.1464844 0.0 -2.910156 1.557617 0.0 -2.104492 2.705078 0.0 -1.694336 3.701172 0.0 -1.362305 4.848633 0.0 -1.040039
4.0904  0.1464844 0.0 -2.919922 1.557617 0.0 -2.114258 2.705078 0.0 -1.708984 3.701172 0.0 -1.367188 4.84375 0.0 -1.040039
4.092  0.1513672 0.0 -2.929688 1.557617 0.0 -2.124023 2.705078 0.0 -1.71875 3.701172 0.0 -1.37207 4.838867 0.0 -1.044922
4.0936  0.1513672 0.0 -2.939453 1.557617 0.0 -2.138672 2.700195 0.0 -1.733398 3.696289 0.0 -1.381836 4.838867 0.0 -1.049805
4.0952  0.1513672 0.0 -2.949219 1.557617 0.0 -2.148438 2.700195 0.0 -1.743164 3.696289 0.0 -1.386719 4.838867 0.0 -1.049805
4.0968  0.15625 0.0 -2.958984 1.552734 0.0 -2.158203 2.700195 0.0 -1.75293 3.696289 0.0 -1.396484 4.833984 0.0 -1.054688
4.0984  0.15625 0.0 -2.963867 1.552734 0.0 -2.167969 2.700195 0.0 -1.762695 3.696289 0.0 -1.401367 4.833984 0.0 -1.05957
4.1  0.15625 0.0 -2.973633 1.552734 0.0 -2.177734 2.700195 0.0 -1.772461 3.691406 0.0 -1.40625 4.829102 0.0 -1.064453
4.1016  0.1611328 0.0 -2.983398 1.552734 0.0 -2.1875 2.700195 0.0 -1.782227 3.691406 0.0 -1.411133 4.829102 0.0 -1.064453
4.1032  0.1611328 0.0 -2.988281 1.552734 0.0 -2.192383 2.700195 0.0 -1.791992 3.691406 0.0 -1.420898 4.824219 0.0 -1.069336
4.1048  0.1611328 0.0 -2.998047 1.552734 0.0 -2.202148 2.700195 0.0 -1.801758 3.691406 0.0 -1.425781 4.824219 0.0 -1.074219
4.1064  0.1611328 0.0 -3.00293 1.552734 0.0 -2.211914 2.700195 0.0 -1.811523 3.686523 0.0 -1.430664 4.824219 0.0 -1.079102
4.108  0.1660156 0.0 -3.012695 1.552734 0.0 -2.216797 2.700195 0.0 -1.821289 3.686523 0.0 -1.435547 4.819336 0.0 -1.079102
4.1096  0.1660156 0.0 -3.017578 1.552734 0.0 -2.226563 2.700195 0.0 -1.831055 3.686523 0.0 -1.44043 4.819336 0.0 -1.083984
4.1112  0.1660156 0.0 -3.022461 1.552734 0.0 -2.236328 2.700195 0.0 -1.84082 3.686523 0.0 -1.450195 4.819336 0.0 -1.088867
4.1128  0.1660156 0.0 -3.032227 1.547852 0.0 -2.241211 2.700195 0.0 -1.845703 3.686523 0.0 -1.455078 4.814453 0.0 -1.09375
4.1144  0.1708984 0.0 -3.037109 1.547852 0.0 -2.246094 2.700195 0.0 -1.855469 3.681641 0.0 -1.459961 4.814453 0.0 -1.09375
4.116  0.1708984 0.0 -3.041992 1.547852 0.0 -2.255859 2.700195 0.0 -1.865234 3.681641 0.0 -1.464844 4.814453 0.0 -1.098633
4.1176  0.1708984 0.0 -3.046875 1.547852 0.0 -2.260742 2.700195 0.0 -1.870117 3.681641 0.0 -1.469727 4.80957 0.0 -1.103516
4.1192  0.1708984 0.0 -3.051758 1.547852 0.0 -2.265625 2.700195 0.0 -1.879883 3.681641 0.0 -1.474609 4.80957 0.0 -1.108398
4.1208  0.1708984 0.0 -3.061523 1.547852 0.0 -2.270508 2.700195 0.0 -1.884766 3.676758 0.0 -1.479492 4.80957 0.0 -1.108398
4.1224  0.1708984 0.0 -3.066406 1.547852 0.0 -2.275391 2.700195 0.0 -1.894531 3.676758 0.0 -1.479492 4.804688 0.0 -1.113281
4.124  0.1708984 0.0 -3.071289 1.547852 0.0 -2.285156 2.700195 0.0 -1.899414 3.676758 0.0 -1.484375 4.804688 0.0 -1.118164
4.1256  0.1757813 0.0 -3.076172 1.547852 0.0 -2.290039 2.700195 0.0 -1.904297 3.676758 0.0 -1.489258 4.804688 0.0 -1.123047
4.1272  0.1757813 0.0 -3.076172 1.542969 0.0 -2.294922 2.700195 0.0 -1.90918 3.676758 0.0 -1.494141 4.804688 0.0 -1.123047
4.1288  0.1757813 0.0 -3.081055 1.542969 0.0 -2.299805 2.700195 0.0 -1.918945 3.671875 0.0 -1.499023 4.799805 0.0 -1.12793
4.1304  0.1757813 0.0 -3.085938 1.542969 0.0 -2.304688 2.700195 0.0 -1.923828 3.671875 0.0 -1.503906 4.799805 0.0 -1.132813
4.132  0.1757813 0.0 -3.09082 1.542969 0.0 -2.304688 2.700195 0.0 -1.928711 3.671875 0.0 -1.503906 4.799805 0.0 -1.132813
4.1336  0.1757813 0.0 -3.095703 1.542969 0.0 -2.30957 2.700195 0.0 -1.933594 3.671875 0.0 -1.508789 4.799805 0.0 -1.137695
4.1352  0.1757813 0.0 -3.095703 1.542969 0.0 -2.314453 2.700195 0.0 -1.938477 3.671875 0.0 -1.513672 4.794922 0.0 -1.142578
4.1368  0.1757813 0.0 -3.100586 1.542969 0.0 -2.319336 2.700195 0.0 -1.943359 3.671875 0.0 -1.513672 4.794922 0.0 -1.147461
4.1384  0.1757813 0.0 -3.105469 1.542969 0.0 -2.324219 2.700195 0.0 -1.948242 3.671875 0.0 -1.518555 4.794922 0.0 -1.147461
4.14  0.1708984 0.0 -3.105469 1.538086 0.0 -2.324219 2.700195 0.0 -1.953125 3.666992 0.0 -1.523438 4.794922 0.0 -1.152344
4.1416  0.1708984 0.0 -3.110352 1.538086 0.0 -2.329102 2.700195 0.0 -1.958008 3.666992 0.0 -1.523438 4.794922 0.0 -1.157227
4.1432  0.1708984 0.0 -3.110352 1.538086 0.0 -2.333984 2.695313 0.0 -1.962891 3.666992 0.0 -1.52832 4.790039 0.0 -1.157227
4.1448  0.1708984 0.0 -3.115234 1.538086 0.0 -2.333984 2.695313 0.0 -1.967773 3.666992 0.0 -1.52832 4.790039 0.0 -1.162109
4.1464  0.1708984 0.0 -3.115234 1.538086 0.0 -2.338867 2.695313 0.0 -1.972656 3.666992 0.0 -1.533203 4.790039 0.0 -1.166992
4.148  0.1708984 0.0 -3.120117 1.538086 0.0 -2.338867 2.695313 0.0 -1.972656 3.666992 0.0 -1.538086 4.790039 0.0 -1.166992
4.1496  0.1708984 0.0 -3.120117 1.538086 0.0 -2.34375 2.695313 0.0 -1.977539 3.666992 0.0 -1.538086 4.790039 0.0 -1.171875
4.1512  0.1708984 0.0 -3.125 1.533203 0.0 -2.34375 2.695313 0.0 -1.982422 3.666992 0.0 -1.538086 4.790039 0.0 -1.171875
4.1528  0.1708984 0.0 -3.125 1.533203 0.0 -2.348633 2.695313 0.0 -1.987305 3.666992 0.0 -1.542969 4.790039 0.0 -1.176758
4.1544  0.1708984 0.0 -3.125 1.533203 0.0 -2.348633 2.695313 0.0 -1.987305 3.662109 0.0 -1.542969 4.785156 0.0 -1.181641
4.156  0.1660156 0.0 -3.129883 1.533203 0.0 -2.348633 2.695313 0.0 -1.992188 3.662109 0.0 -1.547852 4.785156 0.0 -1.181641
4.1576  0.1660156 0.0 -3.129883 1.533203 0.0 -2.353516 2.695313 0.0 -1.99707 3.662109 0.0 -1.547852 4.785156 0.0 -1.186523
4.1592  0.1660156 0.0 -3.129883 1.533203 0.0 -2.353516 2.695313 0.0 -1.99707 3.662109 0.0 -1.547852 4.785156 0.0 -1.186523
4.1608  0.1660156 0.0 -3.129883 1.533203 0.0 -2.353516 2.695313 0.0 -2.001953 3.662109 0.0 -1.552734 4.785156 0.0 -1.191406
4.1624  0.1660156 0.0 -3.134766 1.533203 0.0 -2.358398 2.700195 0.0 -2.001953 3.662109 0.0 -1.552734 4.785156 0.0 -1.191406
4.164  0.1660156 0.0 -3.134766 1.533203 0.0 -2.358398 2.700195 0.0 -2.006836 3.662109 0.0 -1.552734 4.785156 0.0 -1.196289
4.1656  0.1660156 0.0 -3.134766 1.533203 0.0 -2.358398 2.700195 0.0 -2.006836 3.662109 0.0 -1.557617 4.785156 0.0 -1.196289
4.1672  0.1660156 0.0 -3.134766 1.533203 0.0 -2.358398 2.700195 0.0 -2.011719 3.662109 0.0 -1.557617 4.785156 0.0 -1.201172
4.1688  0.1660156 0.0 -3.134766 1.533203 0.0 -2.358398 2.700195 0.0 -2.011719 3.666992 0.0 -1.557617 4.790039 0.0 -1.201172
4.1704  0.1660156 0.0 -3.139648 1.533203 0.0 -2.363281 2.700195 0.0 -2.016602 3.666992 0.0 -1.5625 4.790039 0.0 -1.206055
4.172  0.1660156 0.0 -3.139648 1.533203 0.0 -2.363281 2.700195 0.0 -2.016602 3.666992 0.0 -1.5625 4.790039 0.0 -1.206055
4.1736  0.1660156 0.0 -3.139648 1.533203 0.0 -2.363281 2.700195 0.0 -2.021484 3.666992 0.0 -1.5625 4.790039 0.0 -1.210938
4.1752  0.1708984 0.0 -3.139648 1.533203 0.0 -2.363281 2.700195 0.0 -2.021484 3.666992 0.0 -1.5625 4.790039 0.0 -1.210938
4.1768  0.1708984 0.0 -3.139648 1.533203 0.0 -2.363281 2.705078 0.0 -2.021484 3.666992 0.0 -1.5625 4.790039 0.0 -1.21582
4.1784  0.1708984 0.0 -3.139648 1.533203 0.0 -2.363281 2.705078 0.0 -2.026367 3.666992 0.0 -1.567383 4.790039 0.0 -1.21582
4.18  0.1708984 0.0 -3.139648 1.533203 0.0 -2.363281 2.705078 0.0 -2.026367 3.666992 0.0 -1.567383 4.790039 0.0 -1.220703
4.1816  0.1708984 0.0 -3.144531 1.533203 0.0 -2.363281 2.705078 0.0 -2.026367 3.666992 0.0 -1.567383 4.790039 0.0 -1.220703
4.1832  0.1708984 0.0 -3.144531 1.533203 0.0 -2.363281 2.705078 0.0 -2.026367 3.666992 0.0 -1.567383 4.790039 0.0 -1.225586
4.1848  0.1708984 0.0 -3.144531 1.533203 0.0 -2.363281 2.705078 0.0 -2.03125 3.671875 0.0 -1.567383 4.794922 0.0 -1.225586
4.1864  0.1708984 0.0 -3.144531 1.533203 0.0 -2.363281 2.705078 0.0 -2.03125 3.671875 0.0 -1.567383 4.794922 0.0 -1.225586
4.188  0.1708984 0.0 -3.144531 1.533203 0.0 -2.363281 2.705078 0.0 -2.03125 3.671875 0.0 -1.572266 4.794922 0.0 -1.230469
4.1896  0.1757813 0.0 -3.144531 1.533203 0.0 -2.363281 2.709961 0.0 -2.03125 3.671875 0.0 -1.572266 4.794922 0.0 -1.230469
4.1912  0.1757813 0.0 -3.144531 1.533203 0.0 -2.363281 2.709961 0.0 -2.03125 3.671875 0.0 -1.572266 4.794922 0.0 -1.235352
4.1928  0.1757813 0.0 -3.144531 1.533203 0.0 -2.363281 2.709961 0.0 -2.036133 3.671875 0.0 -1.572266 4.794922 0.0 -1.235352
4.1944  0.1757813 0.0 -3.144531 1.533203 0.0 -2.358398 2.709961 0.0 -2.036133 3.671875 0.0 -1.572266 4.794922 0.0 -1.235352
4.196  0.1757813 0.0 -3.144531 1.533203 0.0 -2.358398 2.709961 0.0 -2.036133 3.671875 0.0 -1.572266 4.799805 0.0 -1.240234
4.1976  0.1757813 0.0 -3.144531 1.538086 0.0 -2.358398 2.709961 0.0 -2.036133 3.676758 0.0 -1.572266 4.799805 0.0 -1.240234
4.1992  0.1757813 0.0 -3.144531 1.538086 0.0 -2.358398 2.709961 0.0 -2.036133 3.676758 0.0 -1.572266 4.799805 0.0 -1.245117
4.2008  0.1806641 0.0 -3.144531 1.538086 0.0 -2.358398 2.709961 0.0 -2.036133 3.676758 0.0 -1.572266 4.799805 0.0 -1.245117
4.2024  0.1806641 0.0 -3.139648 1.538086 0.0 -2.353516 2.709961 0.0 -2.036133 3.676758 0.0 -1.572266 4.799805 0.0 -1.245117
4.204  0.1806641 0.0 -3.139648 1.538086 0.0 -2.353516 2.714844 0.0 -2.036133 3.676758 0.0 -1.572266 4.799805 0.0 -1.25
4.2056  0.1806641 0.0 -3.139648 1.538086 0.0 -2.353516 2.714844 0.0 -2.036133 3.676758 0.0 -1.572266 4.804688 0.0 -1.25
4.2072  0.1806641 0.0 -3.139648 1.538086 0.0 -2.348633 2.714844 0.0 -2.036133 3.676758 0.0 -1.572266 4.804688 0.0 -1.25
4.2088  0.1806641 0.0 -3.139648 1.538086 0.0 -2.348633 2.714844 0.0 -2.036133 3.676758 0.0 -1.572266 4.804688 0.0 -1.25
4.2104  0.1806641 0.0 -3.139648 1.538086 0.0 -2.348633 2.714844 0.0 -2.03125 3.681641 0.0 -1.572266 4.804688 0.0 -1.254883
4.212  0.1806641 0.0 -3.134766 1.538086 0.0 -2.34375 2.714844 0.0 -2.03125 3.681641 0.0 -1.572266 4.804688 0.0 -1.254883
4.2136  0.1855469 0.0 -3.134766 1.538086 0.0 -2.34375 2.714844 0.0 -2.03125 3.681641 0.0 -1.572266 4.80957 0.0 -1.254883
4.2152  0.1855469 0.0 -3.134766 1.538086 0.0 -2.338867 2.714844 0.0 -2.03125 3.681641 0.0 -1.572266 4.80957 0.0 -1.259766
4.2168  0.1855469 0.0 -3.134766 1.538086 0.0 -2.338867 2.714844 0.0 -2.03125 3.681641 0.0 -1.572266 4.80957 0.0 -1.259766
4.2184  0.1855469 0.0 -3.129883 1.542969 0.0 -2.333984 2.714844 0.0 -2.026367 3.681641 0.0 -1.567383 4.814453 0.0 -1.259766
4.22  0.1855469 0.0 -3.129883 1.542969 0.0 -2.333984 2.719727 0.0 -2.026367 3.686523 0.0 -1.567383 4.814453 0.0 -1.259766
4.2216  0.1855469 0.0 -3.129883 1.542969 0.0 -2.329102 2.719727 0.0 -2.026367 3.686523 0.0 -1.567383 4.814453 0.0 -1.259766
4.2232  0.1855469 0.0 -3.125 1.542969 0.0 -2.329102 2.719727 0.0 -2.021484 3.686523 0.0 -1.567383 4.814453 0.0 -1.264648
4.2248  0.1904297 0.0 -3.125 1.542969 0.0 -2.324219 2.719727 0.0 -2.021484 3.686523 0.0 -1.567383 4.819336 0.0 -1.264648
4.2264  0.1904297 0.0 -3.125 1.542969 0.0 -2.324219 2.719727 0.0 -2.021484 3.686523 0.0 -1.567383 4.819336 0.0 -1.264648
4.228  0.1904297 0.0 -3.120117 1.542969 0.0 -2.319336 2.719727 0.0 -2.016602 3.691406 0.0 -1.5625 4.819336 0.0 -1.264648
4.2296  0.1904297 0.0 -3.120117 1.542969 0.0 -2.314453 2.719727 0.0 -2.016602 3.691406 0.0 -1.5625 4.824219 0.0 -1.264648
4.2312  0.1904297 0.0 -3.115234 1.542969 0.0 -2.314453 2.724609 0.0 -2.011719 3.691406 0.0 -1.5625 4.824219 0.0 -1.264648
4.2328  0.1904297 0.0 -3.115234 1.547852 0.0 -2.30957 2.724609 0.0 -2.011719 3.696289 0.0 -1.5625 4.829102 0.0 -1.269531
4.2344  0.1953125 0.0 -3.110352 1.547852 0.0 -2.304688 2.724609 0.0 -2.006836 3.696289 0.0 -1.5625 4.829102 0.0 -1.269531
4.236  0.1953125 0.0 -3.110352 1.547852 0.0 -2.304688 2.724609 0.0 -2.006836 3.696289 0.0 -1.557617 4.829102 0.0 -1.269531
4.2376  0.1953125 0.0 -3.105469 1.547852 0.0 -2.299805 2.724609 0.0 -2.001953 3.696289 0.0 -1.557617 4.833984 0.0 -1.269531
4.2392  0.1953125 0.0 -3.105469 1.547852 0.0 -2.294922 2.724609 0.0 -1.99707 3.701172 0.0 -1.557617 4.833984 0.0 -1.269531
4.2408  0.1953125 0.0 -3.100586 1.547852 0.0 -2.290039 2.724609 0.0 -1.99707 3.701172 0.0 -1.552734 4.833984 0.0 -1.269531
4.2424  0.1953125 0.0 -3.100586 1.547852 0.0 -2.290039 2.729492 0.0 -1.992188 3.701172 0.0 -1.552734 4.838867 0.0 -1.269531
4.244  0.2001953 0.0 -3.095703 1.552734 0.0 -2.285156 2.729492 0.0 -1.992188 3.706055 0.0 -1.552734 4.838867 0.0 -1.269531
4.2456  0.2001953 0.0 -3.09082 1.552734 0.0 -2.280273 2.729492 0.0 -1.987305 3.706055 0.0 -1.552734 4.84375 0.0 -1.269531
4.2472  0.2001953 0.0 -3.09082 1.552734 0.0 -2.275391 2.729492 0.0 -1.982422 3.706055 0.0 -1.547852 4.84375 0.0 -1.269531
4.2488  0.2001953 0.0 -3.085938 1.552734 0.0 -2.270508 2.729492 0.0 -1.977539 3.706055 0.0 -1.547852 4.84375 0.0 -1.274414
4.2504  0.2001953 0.0 -3.081055 1.552734 0.0 -2.265625 2.729492 0.0 -1.977539 3.710938 0.0 -1.547852 4.848633 0.0 -1.274414
4.252  0.2001953 0.0 -3.081055 1.552734 0.0 -2.265625 2.729492 0.0 -1.972656 3.710938 0.0 -1.542969 4.848633 0.0 -1.274414
4.2536  0.2001953 0.0 -3.076172 1.552734 0.0 -2.260742 2.729492 0.0 -1.967773 3.710938 0.0 -1.542969 4.848633 0.0 -1.274414
4.2552  0.2001953 0.0 -3.071289 1.552734 0.0 -2.255859 2.734375 0.0 -1.962891 3.71582 0.0 -1.538086 4.853516 0.0 -1.274414
4.2568  0.2050781 0.0 -3.066406 1.552734 0.0 -2.250977 2.734375 0.0 -1.958008 3.71582 0.0 -1.538086 4.853516 0.0 -1.274414
4.2584  0.2050781 0.0 -3.061523 1.552734 0.0 -2.246094 2.734375 0.0 -1.953125 3.71582 0.0 -1.538086 4.853516 0.0 -1.274414
4.26  0.2050781 0.0 -3.061523 1.552734 0.0 -2.241211 2.734375 0.0 -1.948242 3.71582 0.0 -1.533203 4.858398 0.0 -1.274414
4.2616  0.2050781 0.0 -3.056641 1.552734 0.0 -2.236328 2.734375 0.0 -1.948242 3.720703 0.0 -1.533203 4.858398 0.0 -1.274414
4.2632  0.2050781 0.0 -3.051758 1.552734 0.0 -2.231445 2.734375 0.0 -1.943359 3.720703 0.0 -1.52832 4.858398 0.0 -1.274414
4.2648  0.2050781 0.0 -3.046875 1.552734 0.0 -2.22168 2.734375 0.0 -1.938477 3.720703 0.0 -1.52832 4.863281 0.0 -1.274414
4.2664  0.2050781 0.0 -3.041992 1.552734 0.0 -2.216797 2.734375 0.0 -1.933594 3.720703 0.0 -1.52832 4.863281 0.0 -1.274414
4.268  0.2050781 0.0 -3.037109 1.552734 0.0 -2.211914 2.734375 0.0 -1.928711 3.725586 0.0 -1.523438 4.863281 0.0 -1.274414
4.2696  0.2050781 0.0 -3.032227 1.552734 0.0 -2.207031 2.734375 0.0 -1.923828 3.725586 0.0 -1.523438 4.868164 0.0 -1.274414
4.2712  0.2050781 0.0 -3.027344 1.552734 0.0 -2.202148 2.734375 0.0 -1.918945 3.725586 0.0 -1.518555 4.868164 0.0 -1.274414
4.2728  0.2099609 0.0 -3.022461 1.552734 0.0 -2.192383 2.734375 0.0 -1.914063 3.725586 0.0 -1.518555 4.868164 0.0 -1.274414
4.2744  0.2099609 0.0 -3.017578 1.552734 0.0 -2.1875 2.734375 0.0 -1.904297 3.725586 0.0 -1.513672 4.873047 0.0 -1.274414
4.276  0.2099609 0.0 -3.012695 1.552734 0.0 -2.182617 2.734375 0.0 -1.899414 3.730469 0.0 -1.513672 4.873047 0.0 -1.274414
4.2776  0.2099609 0.0 -3.007813 1.552734 0.0 -2.177734 2.734375 0.0 -1.894531 3.730469 0.0 -1.508789 4.873047 0.0 -1.274414
4.2792  0.2099609 0.0 -3.00293 1.552734 0.0 -2.167969 2.734375 0.0 -1.889648 3.730469 0.0 -1.503906 4.87793 0.0 -1.274414
4.2808  0.2099609 0.0 -2.998047 1.552734 0.0 -2.163086 2.734375 0.0 -1.884766 3.730469 0.0 -1.503906 4.87793 0.0 -1.274414
4.2824  0.2099609 0.0 -2.993164 1.552734 0.0 -2.15332 2.734375 0.0 -1.875 3.735352 0.0 -1.499023 4.87793 0.0 -1.274414
4.284  0.2099609 0.0 -2.988281 1.552734 0.0 -2.148438 2.734375 0.0 -1.870117 3.735352 0.0 -1.499023 4.882813 0.0 -1.274414
4.2856  0.2099609 0.0 -2.983398 1.552734 0.0 -2.138672 2.734375 0.0 -1.865234 3.735352 0.0 -1.494141 4.882813 0.0 -1.274414
4.2872  0.2099609 0.0 -2.978516 1.552734 0.0 -2.133789 2.734375 0.0 -1.860352 3.735352 0.0 -1.489258 4.887695 0.0 -1.274414
4.2888  0.2099609 0.0 -2.973633 1.552734 0.0 -2.124023 2.734375 0.0 -1.850586 3.735352 0.0 -1.489258 4.887695 0.0 -1.269531
4.2904  0.2099609 0.0 -2.963867 1.552734 0.0 -2.119141 2.734375 0.0 -1.845703 3.740234 0.0 -1.484375 4.887695 0.0 -1.269531
4.292  0.2099609 0.0 -2.958984 1.552734 0.0 -2.109375 2.734375 0.0 -1.835938 3.740234 0.0 -1.479492 4.887695 0.0 -1.269531
4.2936  0.2099609 0.0 -2.954102 1.552734 0.0 -2.104492 2.734375 0.0 -1.831055 3.740234 0.0 -1.479492 4.892578 0.0 -1.269531
4.2952  0.2099609 0.0 -2.949219 1.552734 0.0 -2.094727 2.729492 0.0 -1.826172 3.740234 0.0 -1.474609 4.892578 0.0 -1.269531
4.2968  0.2099609 0.0 -2.939453 1.552734 0.0 -2.084961 2.729492 0.0 -1.816406 3.740234 0.0 -1.469727 4.892578 0.0 -1.264648
4.2984  0.2099609 0.0 -2.93457 1.547852 0.0 -2.080078 2.729492 0.0 -1.811523 3.740234 0.0 -1.464844 4.897461 0.0 -1.264648
4.3  0.2099609 0.0 -2.929688 1.547852 0.0 -2.070313 2.729492 0.0 -1.801758 3.745117 0.0 -1.459961 4.897461 0.0 -1.264648
4.3016  0.2099609 0.0 -2.919922 1.547852 0.0 -2.060547 2.729492 0.0 -1.796875 3.745117 0.0 -1.455078 4.897461 0.0 -1.264648
4.3032  0.2050781 0.0 -2.915039 1.547852 0.0 -2.050781 2.729492 0.0 -1.787109 3.745117 0.0 -1.455078 4.897461 0.0 -1.259766
4.3048  0.2050781 0.0 -2.910156 1.547852 0.0 -2.041016 2.724609 0.0 -1.782227 3.745117 0.0 -1.450195 4.897461 0.0 -1.259766
4.3064  0.2050781 0.0 -2.900391 1.542969 0.0 -2.036133 2.724609 0.0 -1.772461 3.745117 0.0 -1.445313 4.902344 0.0 -1.259766
4.308  0.2050781 0.0 -2.895508 1.542969 0.0 -2.026367 2.724609 0.0 -1.762695 3.745117 0.0 -1.44043 4.902344 0.0 -1.259766
4.3096  0.2001953 0.0 -2.885742 1.542969 0.0 -2.016602 2.724609 0.0 -1.757813 3.745117 0.0 -1.435547 4.902344 0.0 -1.254883
4.3112  0.2001953 0.0 -2.880859 1.538086 0.0 -2.006836 2.719727 0.0 -1.748047 3.745117 0.0 -1.430664 4.902344 0.0 -1.254883
4.3128  0.2001953 0.0 -2.871094 1.538086 0.0 -1.99707 2.719727 0.0 -1.743164 3.745117 0.0 -1.425781 4.902344 0.0 -1.254883
4.3144  0.1953125 0.0 -2.866211 1.538086 0.0 -1.987305 2.719727 0.0 -1.733398 3.740234 0.0 -1.420898 4.902344 0.0 -1.25
4.316  0.1953125 0.0 -2.856445 1.533203 0.0 -1.977539 2.714844 0.0 -1.723633 3.740234 0.0 -1.416016 4.902344 0.0 -1.25
4.3176  0.1904297 0.0 -2.851563 1.533203 0.0 -1.972656 2.714844 0.0 -1.71875 3.740234 0.0 -1.411133 4.902344 0.0 -1.25
4.3192  0.1904297 0.0 -2.841797 1.533203 0.0 -1.962891 2.714844 0.0 -1.708984 3.740234 0.0 -1.40625 4.902344 0.0 -1.245117
4.3208  0.1904297 0.0 -2.832031 1.52832 0.0 -1.953125 2.709961 0.0 -1.704102 3.740234 0.0 -1.401367 4.902344 0.0 -1.245117
4.3224  0.1855469 0.0 -2.827148 1.52832 0.0 -1.943359 2.709961 0.0 -1.694336 3.740234 0.0 -1.396484 4.902344 0.0 -1.245117
4.324  0.1855469 0.0 -2.817383 1.523438 0.0 -1.933594 2.709961 0.0 -1.68457 3.740234 0.0 -1.391602 4.902344 0.0 -1.245117
4.3256  0.1806641 0.0 -2.8125 1.523438 0.0 -1.923828 2.705078 0.0 -1.679688 3.740234 0.0 -1.386719 4.902344 0.0 -1.240234
4.3272  0.1806641 0.0 -2.802734 1.523438 0.0 -1.914063 2.705078 0.0 -1.669922 3.740234 0.0 -1.381836 4.902344 0.0 -1.240234
4.3288  0.1757813 0.0 -2.792969 1.518555 0.0 -1.904297 2.705078 0.0 -1.665039 3.740234 0.0 -1.376953 4.897461 0.0 -1.235352
4.3304  0.1757813 0.0 -2.788086 1.518555 0.0 -1.894531 2.700195 0.0 -1.655273 3.735352 0.0 -1.37207 4.897461 0.0 -1.235352
4.332  0.1757813 0.0 -2.77832 1.513672 0.0 -1.889648 2.700195 0.0 -1.645508 3.735352 0.0 -1.367188 4.897461 0.0 -1.235352
4.3336  0.1708984 0.0 -2.773438 1.513672 0.0 -1.879883 2.695313 0.0 -1.640625 3.735352 0.0 -1.362305 4.897461 0.0 -1.230469
4.3352  0.1708984 0.0 -2.763672 1.508789 0.0 -1.870117 2.695313 0.0 -1.630859 3.735352 0.0 -1.357422 4.897461 0.0 -1.230469
4.3368  0.1660156 0.0 -2.753906 1.508789 0.0 -1.860352 2.695313 0.0 -1.625977 3.735352 0.0 -1.352539 4.897461 0.0 -1.230469
4.3384  0.1660156 0.0 -2.749023 1.508789 0.0 -1.850586 2.69043 0.0 -1.616211 3.735352 0.0 -1.347656 4.897461 0.0 -1.225586
4.34  0.1611328 0.0 -2.739258 1.503906 0.0 -1.84082 2.69043 0.0 -1.611328 3.735352 0.0 -1.342773 4.897461 0.0 -1.225586
4.3416  0.1611328 0.0 -2.729492 1.503906 0.0 -1.835938 2.69043 0.0 -1.601563 3.735352 0.0 -1.337891 4.897461 0.0 -1.220703
4.3432  0.15625 0.0 -2.719727 1.503906 0.0 -1.826172 2.685547 0.0 -1.59668 3.735352 0.0 -1.333008 4.897461 0.0 -1.220703
4.3448  0.15625 0.0 -2.714844 1.499023 0.0 -1.816406 2.685547 0.0 -1.586914 3.735352 0.0 -1.328125 4.892578 0.0 -1.220703
4.3464  0.1513672 0.0 -2.705078 1.499023 0.0 -1.811523 2.685547 0.0 -1.582031 3.735352 0.0 -1.323242 4.892578 0.0 -1.21582
4.348  0.1513672 0.0 -2.695313 1.494141 0.0 -1.801758 2.685547 0.0 -1.572266 3.735352 0.0 -1.318359 4.892578 0.0 -1.21582
4.3496  0.1464844 0.0 -2.69043 1.494141 0.0 -1.791992 2.680664 0.0 -1.567383 3.730469 0.0 -1.313477 4.892578 0.0 -1.210938
4.3512  0.1464844 0.0 -2.680664 1.494141 0.0 -1.787109 2.680664 0.0 -1.5625 3.730469 0.0 -1.308594 4.892578 0.0 -1.210938
4.3528  0.1416016 0.0 -2.670898 1.494141 0.0 -1.777344 2.680664 0.0 -1.552734 3.730469 0.0 -1.303711 4.892578 0.0 -1.206055
4.3544  0.1416016 0.0 -2.666016 1.489258 0.0 -1.767578 2.680664 0.0 -1.547852 3.730469 0.0 -1.303711 4.892578 0.0 -1.206055
4.356  0.1367188 0.0 -2.65625 1.489258 0.0 -1.762695 2.675781 0.0 -1.542969 3.730469 0.0 -1.298828 4.892578 0.0 -1.206055
4.3576  0.1367188 0.0 -2.646484 1.489258 0.0 -1.75293 2.675781 0.0 -1.533203 3.730469 0.0 -1.293945 4.892578 0.0 -1.201172
4.3592  0.1367188 0.0 -2.636719 1.484375 0.0 -1.748047 2.675781 0.0 -1.52832 3.730469 0.0 -1.289063 4.892578 0.0 -1.201172
4.3608  0.1318359 0.0 -2.631836 1.484375 0.0 -1.738281 2.675781 0.0 -1.523438 3.730469 0.0 -1.28418 4.892578 0.0 -1.196289
4.3624  0.1318359 0.0 -2.62207 1.484375 0.0 -1.733398 2.675781 0.0 -1.513672 3.730469 0.0 -1.279297 4.892578 0.0 -1.196289
4.364  0.1269531 0.0 -2.612305 1.484375 0.0 -1.723633 2.675781 0.0 -1.508789 3.730469 0.0 -1.274414 4.892578 0.0 -1.191406
4.3656  0.1269531 0.0 -2.607422 1.484375 0.0 -1.71875 2.675781 0.0 -1.503906 3.730469 0.0 -1.269531 4.892578 0.0 -1.191406
4.3672  0.1220703 0.0 -2.597656 1.484375 0.0 -1.708984 2.675781 0.0 -1.499023 3.735352 0.0 -1.264648 4.892578 0.0 -1.186523
4.3688  0.1220703 0.0 -2.587891 1.479492 0.0 -1.704102 2.670898 0.0 -1.494141 3.735352 0.0 -1.264648 4.892578 0.0 -1.186523
4.3704  0.1220703 0.0 -2.583008 1.479492 0.0 -1.694336 2.670898 0.0 -1.489258 3.735352 0.0 -1.259766 4.892578 0.0 -1.186523
4.372  0.1171875 0.0 -2.573242 1.479492 0.0 -1.689453 2.670898 0.0 -1.479492 3.735352 0.0 -1.254883 4.892578 0.0 -1.181641
4.3736  0.1171875 0.0 -2.563477 1.479492 0.0 -1.68457 2.670898 0.0 -1.474609 3.735352 0.0 -1.25 4.892578 0.0 -1.181641
4.3752  0.1123047 0.0 -2.558594 1.479492 0.0 -1.674805 2.670898 0.0 -1.469727 3.735352 0.0 -1.245117 4.897461 0.0 -1.176758
4.3768  0.1123047 0.0 -2.548828 1.479492 0.0 -1.669922 2.670898 0.0 -1.464844 3.735352 0.0 -1.245117 4.897461 0.0 -1.176758
4.3784  0.1123047 0.0 -2.539063 1.479492 0.0 -1.665039 2.670898 0.0 -1.459961 3.740234 0.0 -1.240234 4.897461 0.0 -1.176758
4.38  0.1074219 0.0 -2.53418 1.479492 0.0 -1.660156 2.670898 0.0 -1.455078 3.740234 0.0 -1.235352 4.897461 0.0 -1.171875
4.3816  0.1074219 0.0 -2.524414 1.479492 0.0 -1.650391 2.675781 0.0 -1.450195 3.740234 0.0 -1.235352 4.897461 0.0 -1.171875
4.3832  0.1025391 0.0 -2.514648 1.479492 0.0 -1.645508 2.675781 0.0 -1.445313 3.740234 0.0 -1.230469 4.897461 0.0 -1.171875
4.3848  0.1025391 0.0 -2.509766 1.479492 0.0 -1.640625 2.675781 0.0 -1.44043 3.740234 0.0 -1.225586 4.897461 0.0 -1.166992
4.3864  0.09765625 0.0 -2.5 1.479492 0.0 -1.635742 2.675781 0.0 -1.44043 3.740234 0.0 -1.225586 4.902344 0.0 -1.166992
4.388  0.09765625 0.0 -2.490234 1.479492 0.0 -1.630859 2.675781 0.0 -1.435547 3.745117 0.0 -1.220703 4.902344 0.0 -1.166992
4.3896  0.09277344 0.0 -2.485352 1.479492 0.0 -1.625977 2.675781 0.0 -1.430664 3.745117 0.0 -1.220703 4.902344 0.0 -1.162109
4.3912  0.09277344 0.0 -2.475586 1.479492 0.0 -1.621094 2.675781 0.0 -1.425781 3.745117 0.0 -1.21582 4.902344 0.0 -1.162109
4.3928  0.09277344 0.0 -2.46582 1.479492 0.0 -1.611328 2.675781 0.0 -1.420898 3.745117 0.0 -1.21582 4.902344 0.0 -1.162109
4.3944  0.08789063 0.0 -2.460938 1.479492 0.0 -1.606445 2.675781 0.0 -1.420898 3.745117 0.0 -1.210938 4.902344 0.0 -1.162109
4.396  0.08789063 0.0 -2.451172 1.479492 0.0 -1.601563 2.675781 0.0 -1.416016 3.745117 0.0 -1.210938 4.907227 0.0 -1.162109
4.3976  0.08300781 0.0 -2.441406 1.479492 0.0 -1.601563 2.675781 0.0 -1.411133 3.745117 0.0 -1.210938 4.907227 0.0 -1.157227
4.3992  0.08300781 0.0 -2.436523 1.479492 0.0 -1.59668 2.675781 0.0 -1.411133 3.745117 0.0 -1.206055 4.907227 0.0 -1.157227
4.4008  0.078125 0.0 -2.426758 1.479492 0.0 -1.591797 2.675781 0.0 -1.40625 3.745117 0.0 -1.206055 4.907227 0.0 -1.157227
4.4024  0.078125 0.0 -2.421875 1.479492 0.0 -1.586914 2.675781 0.0 -1.401367 3.75 0.0 -1.206055 4.907227 0.0 -1.157227
4.404  0.07324219 0.0 -2.412109 1.474609 0.0 -1.582031 2.675781 0.0 -1.401367 3.75 0.0 -1.206055 4.907227 0.0 -1.157227
4.4056  0.06835938 0.0 -2.402344 1.474609 0.0 -1.577148 2.675781 0.0 -1.396484 3.75 0.0 -1.206055 4.907227 0.0 -1.157227
4.4072  0.06835938 0.0 -2.397461 1.474609 0.0 -1.572266 2.675781 0.0 -1.396484 3.75 0.0 -1.201172 4.907227 0.0 -1.157227
4.4088  0.06347656 0.0 -2.387695 1.474609 0.0 -1.572266 2.675781 0.0 -1.396484 3.75 0.0 -1.201172 4.907227 0.0 -1.157227
4.4104  0.06347656 0.0 -2.382813 1.474609 0.0 -1.567383 2.675781 0.0 -1.391602 3.75 0.0 -1.201172 4.912109 0.0 -1.157227
4.412  0.05859375 0.0 -2.373047 1.474609 0.0 -1.5625 2.680664 0.0 -1.391602 3.75 0.0 -1.201172 4.912109 0.0 -1.157227
4.4136  0.05859375 0.0 -2.363281 1.474609 0.0 -1.557617 2.680664 0.0 -1.386719 3.75 0.0 -1.201172 4.912109 0.0 -1.157227
4.4152  0.05371094 0.0 -2.358398 1.474609 0.0 -1.557617 2.680664 0.0 -1.386719 3.75 0.0 -1.201172 4.912109 0.0 -1.157227
4.4168  0.05371094 0.0 -2.348633 1.474609 0.0 -1.552734 2.680664 0.0 -1.386719 3.75 0.0 -1.201172 4.912109 0.0 -1.157227
4.4184  0.04882813 0.0 -2.34375 1.474609 0.0 -1.547852 2.680664 0.0 -1.386719 3.75 0.0 -1.201172 4.912109 0.0 -1.157227
4.42  0.04882813 0.0 -2.338867 1.474609 0.0 -1.547852 2.680664 0.0 -1.386719 3.745117 0.0 -1.206055 4.912109 0.0 -1.157227
4.4216  0.04394531 0.0 -2.329102 1.474609 0.0 -1.542969 2.680664 0.0 -1.381836 3.745117 0.0 -1.206055 4.912109 0.0 -1.157227
4.4232  0.04394531 0.0 -2.324219 1.474609 0.0 -1.542969 2.680664 0.0 -1.381836 3.745117 0.0 -1.206055 4.912109 0.0 -1.157227
4.4248  0.0390625 0.0 -2.314453 1.474609 0.0 -1.538086 2.680664 0.0 -1.381836 3.745117 0.0 -1.206055 4.912109 0.0 -1.157227
4.4264  0.0390625 0.0 -2.30957 1.474609 0.0 -1.538086 2.680664 0.0 -1.381836 3.745117 0.0 -1.206055 4.912109 0.0 -1.157227
4.428  0.03417969 0.0 -2.299805 1.474609 0.0 -1.533203 2.680664 0.0 -1.381836 3.745117 0.0 -1.210938 4.912109 0.0 -1.157227
4.4296  0.03417969 0.0 -2.294922 1.474609 0.0 -1.533203 2.680664 0.0 -1.381836 3.745117 0.0 -1.210938 4.916992 0.0 -1.157227
4.4312  0.02929688 0.0 -2.290039 1.474609 0.0 -1.52832 2.680664 0.0 -1.381836 3.745117 0.0 -1.210938 4.916992 0.0 -1.162109
4.4328  0.02929688 0.0 -2.280273 1.474609 0.0 -1.52832 2.685547 0.0 -1.381836 3.745117 0.0 -1.210938 4.916992 0.0 -1.162109
4.4344  0.02441406 0.0 -2.275391 1.474609 0.0 -1.52832 2.685547 0.0 -1.381836 3.745117 0.0 -1.21582 4.916992 0.0 -1.162109
4.436  0.02441406 0.0 -2.270508 1.474609 0.0 -1.523438 2.685547 0.0 -1.381836 3.745117 0.0 -1.21582 4.916992 0.0 -1.162109
4.4376  0.01953125 0.0 -2.260742 1.474609 0.0 -1.523438 2.685547 0.0 -1.381836 3.745117 0.0 -1.21582 4.916992 0.0 -1.162109
4.4392  0.01953125 0.0 -2.255859 1.474609 0.0 -1.523438 2.685547 0.0 -1.381836 3.745117 0.0 -1.21582 4.916992 0.0 -1.162109
4.4408  0.01464844 0.0 -2.250977 1.474609 0.0 -1.518555 2.685547 0.0 -1.386719 3.75 0.0 -1.220703 4.916992 0.0 -1.162109
4.4424  0.01464844 0.0 -2.246094 1.474609 0.0 -1.518555 2.685547 0.0 -1.386719 3.75 0.0 -1.220703 4.916992 0.0 -1.166992
4.444  0.009765625 0.0 -2.236328 1.474609 0.0 -1.518555 2.685547 0.0 -1.386719 3.75 0.0 -1.220703 4.921875 0.0 -1.166992
4.4456  0.009765625 0.0 -2.231445 1.474609 0.0 -1.518555 2.69043 0.0 -1.386719 3.75 0.0 -1.225586 4.921875 0.0 -1.166992
4.4472  0.009765625 0.0 -2.226563 1.474609 0.0 -1.518555 2.69043 0.0 -1.386719 3.75 0.0 -1.225586 4.921875 0.0 -1.166992
4.4488  0.004882813 0.0 -2.22168 1.474609 0.0 -1.518555 2.69043 0.0 -1.391602 3.75 0.0 -1.225586 4.921875 0.0 -1.166992
4.4504  0.004882813 0.0 -2.216797 1.479492 0.0 -1.513672 2.69043 0.0 -1.391602 3.75 0.0 -1.225586 4.921875 0.0 -1.166992
4.452  0.0 0.0 -2.211914 1.479492 0.0 -1.513672 2.69043 0.0 -1.391602 3.75 0.0 -1.230469 4.921875 0.0 -1.171875
4.4536  0.0 0.0 -2.202148 1.479492 0.0 -1.513672 2.69043 0.0 -1.396484 3.75 0.0 -1.230469 4.926758 0.0 -1.171875
4.4552  0.0 0.0 -2.197266 1.479492 0.0 -1.513672 2.69043 0.0 -1.396484 3.754883 0.0 -1.230469 4.926758 0.0 -1.171875
4.4568  -0.004882813 0.0 -2.192383 1.479492 0.0 -1.513672 2.695313 0.0 -1.401367 3.754883 0.0 -1.235352 4.926758 0.0 -1.171875
4.4584  -0.004882813 0.0 -2.1875 1.479492 0.0 -1.513672 2.695313 0.0 -1.401367 3.754883 0.0 -1.235352 4.926758 0.0 -1.176758
4.46  -0.004882813 0.0 -2.182617 1.479492 0.0 -1.513672 2.695313 0.0 -1.401367 3.754883 0.0 -1.235352 4.926758 0.0 -1.176758
4.4616  -0.009765625 0.0 -2.182617 1.484375 0.0 -1.513672 2.695313 0.0 -1.40625 3.754883 0.0 -1.240234 4.926758 0.0 -1.176758
4.4632  -0.009765625 0.0 -2.177734 1.484375 0.0 -1.518555 2.700195 0.0 -1.40625 3.759766 0.0 -1.240234 4.931641 0.0 -1.176758
4.4648  -0.009765625 0.0 -2.172852 1.484375 0.0 -1.518555 2.700195 0.0 -1.411133 3.759766 0.0 -1.245117 4.931641 0.0 -1.181641
4.4664  -0.009765625 0.0 -2.167969 1.484375 0.0 -1.518555 2.700195 0.0 -1.416016 3.759766 0.0 -1.245117 4.931641 0.0 -1.181641
4.468  -0.01464844 0.0 -2.163086 1.489258 0.0 -1.518555 2.700195 0.0 -1.416016 3.759766 0.0 -1.25 4.931641 0.0 -1.181641
4.4696  -0.01464844 0.0 -2.158203 1.489258 0.0 -1.518555 2.700195 0.0 -1.420898 3.759766 0.0 -1.25 4.931641 0.0 -1.186523
4.4712  -0.01464844 0.0 -2.158203 1.489258 0.0 -1.523438 2.705078 0.0 -1.425781 3.764648 0.0 -1.254883 4.936523 0.0 -1.186523
4.4728  -0.01464844 0.0 -2.15332 1.489258 0.0 -1.523438 2.705078 0.0 -1.425781 3.764648 0.0 -1.254883 4.936523 0.0 -1.186523
4.4744  -0.01953125 0.0 -2.15332 1.489258 0.0 -1.523438 2.705078 0.0 -1.430664 3.764648 0.0 -1.259766 4.936523 0.0 -1.191406
4.476  -0.01953125 0.0 -2.148438 1.494141 0.0 -1.52832 2.709961 0.0 -1.435547 3.764648 0.0 -1.259766 4.936523 0.0 -1.191406
4.4776  -0.01953125 0.0 -2.148438 1.494141 0.0 -1.52832 2.709961 0.0 -1.44043 3.769531 0.0 -1.264648 4.936523 0.0 -1.191406
4.4792  -0.01953125 0.0 -2.143555 1.494141 0.0 -1.52832 2.709961 0.0 -1.445313 3.769531 0.0 -1.264648 4.941406 0.0 -1.196289
4.4808  -0.01953125 0.0 -2.143555 1.494141 0.0 -1.533203 2.714844 0.0 -1.450195 3.769531 0.0 -1.269531 4.941406 0.0 -1.196289
4.4824  -0.02441406 0.0 -2.138672 1.499023 0.0 -1.533203 2.714844 0.0 -1.455078 3.769531 0.0 -1.274414 4.941406 0.0 -1.201172
4.484  -0.02441406 0.0 -2.138672 1.499023 0.0 -1.538086 2.714844 0.0 -1.459961 3.774414 0.0 -1.274414 4.941406 0.0 -1.201172
4.4856  -0.02441406 0.0 -2.138672 1.499023 0.0 -1.542969 2.719727 0.0 -1.464844 3.774414 0.0 -1.279297 4.946289 0.0 -1.206055
4.4872  -0.02441406 0.0 -2.138672 1.499023 0.0 -1.542969 2.719727 0.0 -1.469727 3.774414 0.0 -1.28418 4.946289 0.0 -1.206055
4.4888  -0.02441406 0.0 -2.138672 1.503906 0.0 -1.547852 2.719727 0.0 -1.474609 3.774414 0.0 -1.28418 4.946289 0.0 -1.210938
4.4904  -0.02441406 0.0 -2.138672 1.503906 0.0 -1.552734 2.724609 0.0 -1.479492 3.779297 0.0 -1.289063 4.951172 0.0 -1.210938
4.492  -0.02441406 0.0 -2.138672 1.503906 0.0 -1.557617 2.724609 0.0 -1.484375 3.779297 0.0 -1.293945 4.951172 0.0 -1.21582
4.4936  -0.02441406 0.0 -2.138672 1.508789 0.0 -1.5625 2.729492 0.0 -1.489258 3.779297 0.0 -1.298828 4.951172 0.0 -1.21582
4.4952  -0.02441406 0.0 -2.138672 1.508789 0.0 -1.567383 2.729492 0.0 -1.499023 3.78418 0.0 -1.298828 4.951172 0.0 -1.220703
4.4968  -0.02441406 0.0 -2.138672 1.508789 0.0 -1.572266 2.729492 0.0 -1.503906 3.78418 0.0 -1.303711 4.956055 0.0 -1.220703
4.4984  -0.02441406 0.0 -2.143555 1.513672 0.0 -1.577148 2.734375 0.0 -1.508789 3.78418 0.0 -1.308594 4.956055 0.0 -1.225586
4.5  -0.02441406 0.0 -2.143555 1.513672 0.0 -1.582031 2.734375 0.0 -1.518555 3.78418 0.0 -1.313477 4.956055 0.0 -1.225586
4.5016  -0.02441406 0.0 -2.148438 1.513672 0.0 -1.586914 2.739258 0.0 -1.523438 3.789063 0.0 -1.318359 4.960938 0.0 -1.230469
4.5032  -0.02441406 0.0 -2.148438 1.518555 0.0 -1.591797 2.739258 0.0 -1.533203 3.789063 0.0 -1.323242 4.960938 0.0 -1.230469
4.5048  -0.02441406 0.0 -2.15332 1.518555 0.0 -1.59668 2.744141 0.0 -1.538086 3.789063 0.0 -1.328125 4.960938 0.0 -1.235352
4.5064  -0.02441406 0.0 -2.158203 1.518555 0.0 -1.606445 2.744141 0.0 -1.547852 3.793945 0.0 -1.328125 4.96582 0.0 -1.235352
4.508  -0.02441406 0.0 -2.163086 1.523438 0.0 -1.611328 2.749023 0.0 -1.552734 3.793945 0.0 -1.333008 4.96582 0.0 -1.240234
4.5096  -0.02441406 0.0 -2.167969 1.523438 0.0 -1.621094 2.749023 0.0 -1.5625 3.798828 0.0 -1.337891 4.96582 0.0 -1.245117
4.5112  -0.01953125 0.0 -2.172852 1.52832 0.0 -1.625977 2.753906 0.0 -1.567383 3.798828 0.0 -1.342773 4.970703 0.0 -1.245117
4.5128  -0.01953125 0.0 -2.177734 1.52832 0.0 -1.635742 2.753906 0.0 -1.577148 3.798828 0.0 -1.347656 4.970703 0.0 -1.25
4.5144  -0.01953125 0.0 -2.182617 1.52832 0.0 -1.640625 2.758789 0.0 -1.586914 3.803711 0.0 -1.352539 4.975586 0.0 -1.25
4.516  -0.01953125 0.0 -2.192383 1.533203 0.0 -1.650391 2.758789 0.0 -1.59668 3.803711 0.0 -1.357422 4.975586 0.0 -1.254883
4.5176  -0.01464844 0.0 -2.197266 1.533203 0.0 -1.660156 2.763672 0.0 -1.601563 3.808594 0.0 -1.362305 4.975586 0.0 -1.254883
4.5192  -0.01464844 0.0 -2.207031 1.538086 0.0 -1.669922 2.763672 0.0 -1.611328 3.808594 0.0 -1.367188 4.980469 0.0 -1.259766
4.5208  -0.009765625 0.0 -2.211914 1.538086 0.0 -1.679688 2.768555 0.0 -1.621094 3.808594 0.0 -1.37207 4.980469 0.0 -1.259766
4.5224  -0.009765625 0.0 -2.22168 1.542969 0.0 -1.689453 2.768555 0.0 -1.630859 3.813477 0.0 -1.376953 4.980469 0.0 -1.264648
4.524  -0.009765625 0.0 -2.231445 1.542969 0.0 -1.699219 2.773438 0.0 -1.640625 3.813477 0.0 -1.381836 4.985352 0.0 -1.264648
4.5256  -0.004882813 0.0 -2.241211 1.547852 0.0 -1.708984 2.773438 0.0 -1.645508 3.818359 0.0 -1.391602 4.985352 0.0 -1.269531
4.5272  -0.004882813 0.0 -2.250977 1.547852 0.0 -1.71875 2.77832 0.0 -1.655273 3.818359 0.0 -1.396484 4.985352 0.0 -1.269531
4.5288  0.0 0.0 -2.265625 1.552734 0.0 -1.728516 2.783203 0.0 -1.665039 3.818359 0.0 -1.401367 4.985352 0.0 -1.274414
4.5304  0.004882813 0.0 -2.275391 1.552734 0.0 -1.743164 2.783203 0.0 -1.674805 3.823242 0.0 -1.40625 4.990234 0.0 -1.274414
4.532  0.004882813 0.0 -2.285156 1.557617 0.0 -1.75293 2.788086 0.0 -1.68457 3.823242 0.0 -1.411133 4.990234 0.0 -1.274414
4.5336  0.009765625 0.0 -2.299805 1.557617 0.0 -1.762695 2.788086 0.0 -1.694336 3.828125 0.0 -1.416016 4.990234 0.0 -1.279297
4.5352  0.01464844 0.0 -2.314453 1.5625 0.0 -1.777344 2.792969 0.0 -1.704102 3.828125 0.0 -1.420898 4.990234 0.0 -1.279297
4.5368  0.01464844 0.0 -2.324219 1.5625 0.0 -1.787109 2.792969 0.0 -1.713867 3.828125 0.0 -1.425781 4.990234 0.0 -1.279297
4.5384  0.01953125 0.0 -2.338867 1.5625 0.0 -1.801758 2.792969 0.0 -1.723633 3.828125 0.0 -1.430664 4.990234 0.0 -1.28418
4.54  0.02441406 0.0 -2.353516 1.567383 0.0 -1.811523 2.797852 0.0 -1.733398 3.833008 0.0 -1.435547 4.990234 0.0 -1.28418
4.5416  0.02441406 0.0 -2.368164 1.567383 0.0 -1.826172 2.797852 0.0 -1.743164 3.833008 0.0 -1.445313 4.990234 0.0 -1.28418
4.5432  0.02929688 0.0 -2.382813 1.572266 0.0 -1.835938 2.802734 0.0 -1.75293 3.833008 0.0 -1.450195 4.990234 0.0 -1.28418
4.5448  0.03417969 0.0 -2.397461 1.572266 0.0 -1.850586 2.802734 0.0 -1.762695 3.833008 0.0 -1.455078 4.990234 0.0 -1.289063
4.5464  0.0390625 0.0 -2.412109 1.572266 0.0 -1.860352 2.802734 0.0 -1.772461 3.833008 0.0 -1.459961 4.990234 0.0 -1.289063
4.548  0.04394531 0.0 -2.426758 1.577148 0.0 -1.875 2.807617 0.0 -1.782227 3.833008 0.0 -1.464844 4.990234 0.0 -1.289063
4.5496  0.04394531 0.0 -2.441406 1.577148 0.0 -1.889648 2.807617 0.0 -1.791992 3.833008 0.0 -1.469727 4.990234 0.0 -1.289063
4.5512  0.04882813 0.0 -2.456055 1.577148 0.0 -1.899414 2.807617 0.0 -1.796875 3.833008 0.0 -1.474609 4.990234 0.0 -1.289063
4.5528  0.05371094 0.0 -2.475586 1.582031 0.0 -1.914063 2.807617 0.0 -1.806641 3.833008 0.0 -1.479492 4.990234 0.0 -1.289063
4.5544  0.05859375 0.0 -2.490234 1.582031 0.0 -1.928711 2.8125 0.0 -1.816406 3.833008 0.0 -1.484375 4.985352 0.0 -1.289063
4.556  0.06347656 0.0 -2.504883 1.582031 0.0 -1.938477 2.8125 0.0 -1.826172 3.833008 0.0 -1.489258 4.985352 0.0 -1.289063
4.5576  0.06835938 0.0 -2.519531 1.582031 0.0 -1.953125 2.8125 0.0 -1.835938 3.833008 0.0 -1.494141 4.985352 0.0 -1.289063
4.5592  0.07324219 0.0 -2.539063 1.586914 0.0 -1.967773 2.8125 0.0 -1.845703 3.833008 0.0 -1.499023 4.980469 0.0 -1.289063
4.5608  0.07324219 0.0 -2.553711 1.586914 0.0 -1.977539 2.8125 0.0 -1.855469 3.828125 0.0 -1.503906 4.980469 0.0 -1.289063
4.5624  0.078125 0.0 -2.568359 1.586914 0.0 -1.992188 2.817383 0.0 -1.860352 3.828125 0.0 -1.508789 4.980469 0.0 -1.293945
4.564  0.08300781 0.0 -2.587891 1.586914 0.0 -2.001953 2.817383 0.0 -1.870117 3.828125 0.0 -1.513672 4.975586 0.0 -1.293945
4.5656  0.08789063 0.0 -2.602539 1.586914 0.0 -2.016602 2.817383 0.0 -1.879883 3.828125 0.0 -1.518555 4.975586 0.0 -1.293945
4.5672  0.09277344 0.0 -2.617188 1.586914 0.0 -2.026367 2.817383 0.0 -1.889648 3.823242 0.0 -1.523438 4.970703 0.0 -1.293945
4.5688  0.09765625 0.0 -2.631836 1.586914 0.0 -2.041016 2.817383 0.0 -1.899414 3.823242 0.0 -1.523438 4.970703 0.0 -1.293945
4.5704  0.09765625 0.0 -2.646484 1.591797 0.0 -2.050781 2.817383 0.0 -1.904297 3.823242 0.0 -1.52832 4.970703 0.0 -1.293945
4.572  0.1025391 0.0 -2.666016 1.591797 0.0 -2.06543 2.817383 0.0 -1.914063 3.823242 0.0 -1.533203 4.96582 0.0 -1.293945
4.5736  0.1074219 0.0 -2.680664 1.591797 0.0 -2.075195 2.817383 0.0 -1.923828 3.823242 0.0 -1.538086 4.96582 0.0 -1.293945
4.5752  0.1123047 0.0 -2.695313 1.591797 0.0 -2.089844 2.817383 0.0 -1.933594 3.818359 0.0 -1.542969 4.96582 0.0 -1.293945
4.5768  0.1171875 0.0 -2.709961 1.591797 0.0 -2.099609 2.817383 0.0 -1.938477 3.818359 0.0 -1.547852 4.960938 0.0 -1.298828
4.5784  0.1220703 0.0 -2.724609 1.591797 0.0 -2.109375 2.817383 0.0 -1.948242 3.818359 0.0 -1.552734 4.960938 0.0 -1.298828
4.58  0.1220703 0.0 -2.739258 1.59668 0.0 -2.124023 2.817383 0.0 -1.958008 3.818359 0.0 -1.557617 4.956055 0.0 -1.298828
4.5816  0.1269531 0.0 -2.753906 1.59668 0.0 -2.133789 2.817383 0.0 -1.962891 3.818359 0.0 -1.557617 4.956055 0.0 -1.298828
4.5832  0.1318359 0.0 -2.768555 1.59668 0.0 -2.143555 2.817383 0.0 -1.972656 3.818359 0.0 -1.5625 4.956055 0.0 -1.298828
4.5848  0.1367188 0.0 -2.783203 1.59668 0.0 -2.15332 2.822266 0.0 -1.982422 3.813477 0.0 -1.567383 4.956055 0.0 -1.303711
4.5864  0.1416016 0.0 -2.792969 1.59668 0.0 -2.163086 2.822266 0.0 -1.987305 3.813477 0.0 -1.572266 4.951172 0.0 -1.303711
4.588  0.1416016 0.0 -2.807617 1.59668 0.0 -2.172852 2.822266 0.0 -1.99707 3.813477 0.0 -1.577148 4.951172 0.0 -1.303711
4.5896  0.1464844 0.0 -2.822266 1.601563 0.0 -2.1875 2.822266 0.0 -2.001953 3.813477 0.0 -1.577148 4.951172 0.0 -1.303711
4.5912  0.1513672 0.0 -2.832031 1.601563 0.0 -2.192383 2.822266 0.0 -2.011719 3.813477 0.0 -1.582031 4.946289 0.0 -1.303711
4.5928  0.15625 0.0 -2.84668 1.601563 0.0 -2.202148 2.822266 0.0 -2.016602 3.813477 0.0 -1.586914 4.946289 0.0 -1.308594
4.5944  0.15625 0.0 -2.856445 1.601563 0.0 -2.211914 2.822266 0.0 -2.026367 3.813477 0.0 -1.591797 4.946289 0.0 -1.308594
4.596  0.1611328 0.0 -2.866211 1.601563 0.0 -2.22168 2.827148 0.0 -2.03125 3.813477 0.0 -1.591797 4.946289 0.0 -1.308594
4.5976  0.1660156 0.0 -2.880859 1.606445 0.0 -2.231445 2.827148 0.0 -2.036133 3.813477 0.0 -1.59668 4.946289 0.0 -1.308594
4.5992  0.1708984 0.0 -2.890625 1.606445 0.0 -2.241211 2.827148 0.0 -2.045898 3.813477 0.0 -1.601563 4.941406 0.0 -1.313477
4.6008  0.1708984 0.0 -2.900391 1.606445 0.0 -2.246094 2.827148 0.0 -2.050781 3.813477 0.0 -1.601563 4.941406 0.0 -1.313477
4.6024  0.1757813 0.0 -2.910156 1.606445 0.0 -2.255859 2.827148 0.0 -2.055664 3.813477 0.0 -1.606445 4.941406 0.0 -1.313477
4.604  0.1806641 0.0 -2.919922 1.611328 0.0 -2.260742 2.827148 0.0 -2.060547 3.813477 0.0 -1.611328 4.941406 0.0 -1.313477
4.6056  0.1806641 0.0 -2.929688 1.611328 0.0 -2.270508 2.832031 0.0 -2.06543 3.813477 0.0 -1.611328 4.941406 0.0 -1.318359
4.6072  0.1855469 0.0 -2.939453 1.611328 0.0 -2.275391 2.832031 0.0 -2.075195 3.813477 0.0 -1.616211 4.936523 0.0 -1.318359
4.6088  0.1855469 0.0 -2.944336 1.611328 0.0 -2.280273 2.832031 0.0 -2.080078 3.808594 0.0 -1.616211 4.936523 0.0 -1.318359
4.6104  0.1904297 0.0 -2.954102 1.611328 0.0 -2.290039 2.832031 0.0 -2.084961 3.808594 0.0 -1.621094 4.936523 0.0 -1.318359
4.612  0.1953125 0.0 -2.963867 1.616211 0.0 -2.294922 2.832031 0.0 -2.089844 3.808594 0.0 -1.625977 4.936523 0.0 -1.323242
4.6136  0.1953125 0.0 -2.96875 1.616211 0.0 -2.299805 2.832031 0.0 -2.094727 3.808594 0.0 -1.625977 4.936523 0.0 -1.323242
4.6152  0.2001953 0.0 -2.978516 1.616211 0.0 -2.304688 2.832031 0.0 -2.099609 3.808594 0.0 -1.630859 4.936523 0.0 -1.323242
4.6168  0.2001953 0.0 -2.983398 1.616211 0.0 -2.30957 2.832031 0.0 -2.104492 3.808594 0.0 -1.630859 4.931641 0.0 -1.323242
4.6184  0.2001953 0.0 -2.988281 1.616211 0.0 -2.314453 2.832031 0.0 -2.104492 3.808594 0.0 -1.630859 4.931641 0.0 -1.328125
4.62  0.2050781 0.0 -2.998047 1.621094 0.0 -2.319336 2.836914 0.0 -2.109375 3.808594 0.0 -1.635742 4.931641 0.0 -1.328125
4.6216  0.2050781 0.0 -3.00293 1.621094 0.0 -2.324219 2.836914 0.0 -2.114258 3.808594 0.0 -1.635742 4.931641 0.0 -1.328125
4.6232  0.2099609 0.0 -3.007813 1.621094 0.0 -2.329102 2.836914 0.0 -2.119141 3.808594 0.0 -1.640625 4.931641 0.0 -1.328125
4.6248  0.2099609 0.0 -3.012695 1.621094 0.0 -2.333984 2.836914 0.0 -2.124023 3.808594 0.0 -1.640625 4.931641 0.0 -1.328125
4.6264  0.2099609 0.0 -3.017578 1.621094 0.0 -2.338867 2.836914 0.0 -2.124023 3.808594 0.0 -1.640625 4.926758 0.0 -1.333008
4.628  0.2148438 0.0 -3.022461 1.621094 0.0 -2.338867 2.836914 0.0 -2.128906 3.808594 0.0 -1.645508 4.926758 0.0 -1.333008
4.6296  0.2148438 0.0 -3.022461 1.621094 0.0 -2.34375 2.836914 0.0 -2.128906 3.808594 0.0 -1.645508 4.926758 0.0 -1.333008
4.6312  0.2148438 0.0 -3.027344 1.625977 0.0 -2.348633 2.836914 0.0 -2.133789 3.808594 0.0 -1.645508 4.926758 0.0 -1.333008
4.6328  0.2197266 0.0 -3.032227 1.625977 0.0 -2.348633 2.836914 0.0 -2.138672 3.808594 0.0 -1.650391 4.926758 0.0 -1.333008
4.6344  0.2197266 0.0 -3.037109 1.625977 0.0 -2.353516 2.836914 0.0 -2.138672 3.808594 0.0 -1.650391 4.926758 0.0 -1.333008
4.636  0.2197266 0.0 -3.037109 1.625977 0.0 -2.353516 2.836914 0.0 -2.138672 3.808594 0.0 -1.650391 4.926758 0.0 -1.337891
4.6376  0.2246094 0.0 -3.041992 1.625977 0.0 -2.358398 2.836914 0.0 -2.143555 3.808594 0.0 -1.650391 4.926758 0.0 -1.337891
4.6392  0.2246094 0.0 -3.041992 1.625977 0.0 -2.358398 2.836914 0.0 -2.143555 3.808594 0.0 -1.650391 4.921875 0.0 -1.337891
4.6408  0.2246094 0.0 -3.046875 1.625977 0.0 -2.358398 2.836914 0.0 -2.143555 3.808594 0.0 -1.655273 4.921875 0.0 -1.337891
4.6424  0.2246094 0.0 -3.046875 1.625977 0.0 -2.363281 2.836914 0.0 -2.148438 3.808594 0.0 -1.655273 4.921875 0.0 -1.337891
4.644  0.2246094 0.0 -3.046875 1.630859 0.0 -2.363281 2.836914 0.0 -2.148438 3.808594 0.0 -1.655273 4.921875 0.0 -1.337891
4.6456  0.2246094 0.0 -3.051758 1.630859 0.0 -2.363281 2.836914 0.0 -2.148438 3.808594 0.0 -1.655273 4.921875 0.0 -1.337891
4.6472  0.2294922 0.0 -3.051758 1.630859 0.0 -2.368164 2.836914 0.0 -2.148438 3.808594 0.0 -1.655273 4.921875 0.0 -1.337891
4.6488  0.2294922 0.0 -3.051758 1.630859 0.0 -2.368164 2.836914 0.0 -2.148438 3.808594 0.0 -1.655273 4.921875 0.0 -1.337891
4.6504  0.2294922 0.0 -3.051758 1.630859 0.0 -2.368164 2.836914 0.0 -2.148438 3.808594 0.0 -1.655273 4.921875 0.0 -1.337891
4.652  0.2294922 0.0 -3.051758 1.630859 0.0 -2.368164 2.836914 0.0 -2.148438 3.808594 0.0 -1.655273 4.921875 0.0 -1.337891
4.6536  0.2294922 0.0 -3.056641 1.630859 0.0 -2.368164 2.836914 0.0 -2.148438 3.808594 0.0 -1.655273 4.921875 0.0 -1.337891
4.6552  0.2294922 0.0 -3.056641 1.630859 0.0 -2.368164 2.841797 0.0 -2.148438 3.808594 0.0 -1.655273 4.921875 0.0 -1.337891
4.6568  0.2294922 0.0 -3.056641 1.630859 0.0 -2.368164 2.841797 0.0 -2.148438 3.808594 0.0 -1.655273 4.921875 0.0 -1.337891
4.6584  0.2294922 0.0 -3.056641 1.630859 0.0 -2.368164 2.841797 0.0 -2.148438 3.808594 0.0 -1.655273 4.921875 0.0 -1.337891
4.66  0.2294922 0.0 -3.051758 1.630859 0.0 -2.368164 2.841797 0.0 -2.148438 3.808594 0.0 -1.655273 4.921875 0.0 -1.337891
4.6616  0.2294922 0.0 -3.051758 1.630859 0.0 -2.368164 2.841797 0.0 -2.148438 3.808594 0.0 -1.655273 4.921875 0.0 -1.337891
4.6632  0.2294922 0.0 -3.051758 1.630859 0.0 -2.368164 2.841797 0.0 -2.148438 3.808594 0.0 -1.650391 4.921875 0.0 -1.337891
4.6648  0.2294922 0.0 -3.051758 1.630859 0.0 -2.368164 2.841797 0.0 -2.148438 3.808594 0.0 -1.650391 4.921875 0.0 -1.337891
4.6664  0.2294922 0.0 -3.051758 1.630859 0.0 -2.368164 2.841797 0.0 -2.143555 3.808594 0.0 -1.650391 4.921875 0.0 -1.337891
4.668  0.2294922 0.0 -3.051758 1.630859 0.0 -2.363281 2.841797 0.0 -2.143555 3.808594 0.0 -1.650391 4.921875 0.0 -1.337891
4.6696  0.2294922 0.0 -3.046875 1.630859 0.0 -2.363281 2.841797 0.0 -2.143555 3.808594 0.0 -1.650391 4.921875 0.0 -1.337891
4.6712  0.2294922 0.0 -3.046875 1.630859 0.0 -2.363281 2.841797 0.0 -2.143555 3.808594 0.0 -1.650391 4.921875 0.0 -1.337891
4.6728  0.2294922 0.0 -3.046875 1.630859 0.0 -2.363281 2.841797 0.0 -2.138672 3.808594 0.0 -1.650391 4.921875 0.0 -1.337891
4.6744  0.2246094 0.0 -3.046875 1.630859 0.0 -2.358398 2.841797 0.0 -2.138672 3.808594 0.0 -1.645508 4.921875 0.0 -1.337891
4.676  0.2246094 0.0 -3.041992 1.630859 0.0 -2.358398 2.841797 0.0 -2.138672 3.808594 0.0 -1.645508 4.921875 0.0 -1.337891
4.6776  0.2246094 0.0 -3.041992 1.630859 0.0 -2.358398 2.841797 0.0 -2.138672 3.808594 0.0 -1.645508 4.921875 0.0 -1.337891
4.6792  0.2246094 0.0 -3.041992 1.630859 0.0 -2.358398 2.841797 0.0 -2.133789 3.808594 0.0 -1.645508 4.921875 0.0 -1.337891
4.6808  0.2246094 0.0 -3.041992 1.630859 0.0 -2.353516 2.841797 0.0 -2.133789 3.808594 0.0 -1.640625 4.921875 0.0 -1.342773
4.6824  0.2246094 0.0 -3.037109 1.635742 0.0 -2.353516 2.841797 0.0 -2.133789 3.803711 0.0 -1.640625 4.921875 0.0 -1.342773
4.684  0.2246094 0.0 -3.037109 1.635742 0.0 -2.353516 2.841797 0.0 -2.128906 3.803711 0.0 -1.640625 4.921875 0.0 -1.342773
4.6856  0.2246094 0.0 -3.037109 1.635742 0.0 -2.348633 2.841797 0.0 -2.128906 3.803711 0.0 -1.640625 4.921875 0.0 -1.342773
4.6872  0.2246094 0.0 -3.032227 1.635742 0.0 -2.348633 2.841797 0.0 -2.128906 3.803711 0.0 -1.640625 4.921875 0.0 -1.342773
4.6888  0.2246094 0.0 -3.032227 1.635742 0.0 -2.34375 2.841797 0.0 -2.124023 3.803711 0.0 -1.635742 4.921875 0.0 -1.342773
4.6904  0.2246094 0.0 -3.032227 1.635742 0.0 -2.34375 2.841797 0.0 -2.124023 3.803711 0.0 -1.635742 4.921875 0.0 -1.342773
4.692  0.2246094 0.0 -3.027344 1.635742 0.0 -2.34375 2.841797 0.0 -2.124023 3.803711 0.0 -1.635742 4.921875 0.0 -1.342773
4.6936  0.2246094 0.0 -3.027344 1.635742 0.0 -2.338867 2.841797 0.0 -2.119141 3.803711 0.0 -1.635742 4.921875 0.0 -1.342773
4.6952  0.2246094 0.0 -3.027344 1.635742 0.0 -2.338867 2.841797 0.0 -2.119141 3.803711 0.0 -1.635742 4.921875 0.0 -1.347656
4.6968  0.2246094 0.0 -3.022461 1.635742 0.0 -2.333984 2.841797 0.0 -2.119141 3.803711 0.0 -1.630859 4.921875 0.0 -1.347656
4.6984  0.2197266 0.0 -3.022461 1.635742 0.0 -2.333984 2.841797 0.0 -2.114258 3.803711 0.0 -1.630859 4.921875 0.0 -1.347656
4.7  0.2197266 0.0 -3.022461 1.635742 0.0 -2.329102 2.841797 0.0 -2.114258 3.803711 0.0 -1.630859 4.926758 0.0 -1.347656
4.7016  0.2197266 0.0 -3.017578 1.635742 0.0 -2.329102 2.841797 0.0 -2.109375 3.803711 0.0 -1.630859 4.926758 0.0 -1.347656
4.7032  0.2197266 0.0 -3.017578 1.635742 0.0 -2.329102 2.841797 0.0 -2.109375 3.803711 0.0 -1.630859 4.926758 0.0 -1.347656
4.7048  0.2197266 0.0 -3.012695 1.640625 0.0 -2.324219 2.841797 0.0 -2.109375 3.803711 0.0 -1.625977 4.926758 0.0 -1.352539
4.7064  0.2197266 0.0 -3.012695 1.640625 0.0 -2.324219 2.841797 0.0 -2.104492 3.808594 0.0 -1.625977 4.926758 0.0 -1.352539
4.708  0.2197266 0.0 -3.012695 1.640625 0.0 -2.319336 2.841797 0.0 -2.104492 3.808594 0.0 -1.625977 4.926758 0.0 -1.352539
4.7096  0.2197266 0.0 -3.007813 1.640625 0.0 -2.314453 2.841797 0.0 -2.099609 3.808594 0.0 -1.625977 4.926758 0.0 -1.352539
4.7112  0.2197266 0.0 -3.007813 1.640625 0.0 -2.314453 2.841797 0.0 -2.099609 3.808594 0.0 -1.625977 4.926758 0.0 -1.352539
4.7128  0.2197266 0.0 -3.00293 1.640625 0.0 -2.30957 2.841797 0.0 -2.094727 3.808594 0.0 -1.625977 4.931641 0.0 -1.352539
4.7144  0.2197266 0.0 -3.00293 1.640625 0.0 -2.30957 2.841797 0.0 -2.094727 3.808594 0.0 -1.625977 4.931641 0.0 -1.352539
4.716  0.2197266 0.0 -2.998047 1.640625 0.0 -2.304688 2.841797 0.0 -2.094727 3.808594 0.0 -1.621094 4.931641 0.0 -1.357422
4.7176  0.2246094 0.0 -2.998047 1.640625 0.0 -2.299805 2.841797 0.0 -2.089844 3.808594 0.0 -1.621094 4.931641 0.0 -1.357422
4.7192  0.2246094 0.0 -2.993164 1.645508 0.0 -2.299805 2.84668 0.0 -2.084961 3.813477 0.0 -1.621094 4.931641 0.0 -1.357422
4.7208  0.2246094 0.0 -2.993164 1.645508 0.0 -2.294922 2.84668 0.0 -2.084961 3.813477 0.0 -1.621094 4.936523 0.0 -1.357422
4.7224  0.2246094 0.0 -2.988281 1.645508 0.0 -2.290039 2.84668 0.0 -2.080078 3.813477 0.0 -1.621094 4.936523 0.0 -1.357422
4.724  0.2246094 0.0 -2.988281 1.645508 0.0 -2.285156 2.84668 0.0 -2.080078 3.813477 0.0 -1.621094 4.936523 0.0 -1.357422
4.7256  0.2246094 0.0 -2.983398 1.645508 0.0 -2.285156 2.84668 0.0 -2.075195 3.813477 0.0 -1.621094 4.936523 0.0 -1.357422
4.7272  0.2246094 0.0 -2.983398 1.645508 0.0 -2.280273 2.84668 0.0 -2.070313 3.818359 0.0 -1.616211 4.936523 0.0 -1.357422
4.7288  0.2246094 0.0 -2.978516 1.650391 0.0 -2.275391 2.851563 0.0 -2.070313 3.818359 0.0 -1.616211 4.941406 0.0 -1.357422
4.7304  0.2246094 0.0 -2.973633 1.650391 0.0 -2.270508 2.851563 0.0 -2.06543 3.818359 0.0 -1.616211 4.941406 0.0 -1.362305
4.732  0.2246094 0.0 -2.96875 1.650391 0.0 -2.265625 2.851563 0.0 -2.060547 3.818359 0.0 -1.616211 4.941406 0.0 -1.362305
4.7336  0.2246094 0.0 -2.96875 1.650391 0.0 -2.260742 2.851563 0.0 -2.055664 3.818359 0.0 -1.611328 4.941406 0.0 -1.362305
4.7352  0.2246094 0.0 -2.963867 1.650391 0.0 -2.255859 2.851563 0.0 -2.050781 3.823242 0.0 -1.611328 4.946289 0.0 -1.362305
4.7368  0.2246094 0.0 -2.958984 1.650391 0.0 -2.250977 2.851563 0.0 -2.050781 3.823242 0.0 -1.611328 4.946289 0.0 -1.362305
4.7384  0.2246094 0.0 -2.954102 1.650391 0.0 -2.246094 2.856445 0.0 -2.045898 3.823242 0.0 -1.611328 4.946289 0.0 -1.362305
4.74  0.2246094 0.0 -2.949219 1.655273 0.0 -2.236328 2.856445 0.0 -2.041016 3.823242 0.0 -1.606445 4.951172 0.0 -1.362305
4.7416  0.2246094 0.0 -2.944336 1.655273 0.0 -2.231445 2.856445 0.0 -2.036133 3.823242 0.0 -1.606445 4.951172 0.0 -1.362305
4.7432  0.2246094 0.0 -2.939453 1.655273 0.0 -2.226563 2.856445 0.0 -2.03125 3.823242 0.0 -1.606445 4.951172 0.0 -1.362305
4.7448  0.2246094 0.0 -2.93457 1.655273 0.0 -2.22168 2.856445 0.0 -2.026367 3.828125 0.0 -1.601563 4.951172 0.0 -1.362305
4.7464  0.2246094 0.0 -2.929688 1.655273 0.0 -2.211914 2.856445 0.0 -2.016602 3.828125 0.0 -1.601563 4.956055 0.0 -1.362305
4.748  0.2246094 0.0 -2.924805 1.655273 0.0 -2.207031 2.861328 0.0 -2.011719 3.828125 0.0 -1.59668 4.956055 0.0 -1.362305
4.7496  0.2246094 0.0 -2.915039 1.655273 0.0 -2.197266 2.861328 0.0 -2.006836 3.828125 0.0 -1.59668 4.956055 0.0 -1.362305
4.7512  0.2246094 0.0 -2.910156 1.655273 0.0 -2.192383 2.861328 0.0 -2.001953 3.828125 0.0 -1.591797 4.956055 0.0 -1.362305
4.7528  0.2246094 0.0 -2.905273 1.655273 0.0 -2.182617 2.861328 0.0 -1.99707 3.828125 0.0 -1.591797 4.956055 0.0 -1.362305
4.7544  0.2246094 0.0 -2.895508 1.655273 0.0 -2.172852 2.861328 0.0 -1.987305 3.828125 0.0 -1.586914 4.960938 0.0 -1.362305
4.756  0.2246094 0.0 -2.890625 1.655273 0.0 -2.167969 2.861328 0.0 -1.982422 3.828125 0.0 -1.586914 4.960938 0.0 -1.362305
4.7576  0.2246094 0.0 -2.880859 1.655273 0.0 -2.158203 2.861328 0.0 -1.972656 3.833008 0.0 -1.582031 4.960938 0.0 -1.362305
4.7592  0.2246094 0.0 -2.875977 1.655273 0.0 -2.148438 2.861328 0.0 -1.967773 3.833008 0.0 -1.582031 4.960938 0.0 -1.362305
4.7608  0.2246094 0.0 -2.866211 1.655273 0.0 -2.138672 2.861328 0.0 -1.962891 3.833008 0.0 -1.577148 4.960938 0.0 -1.357422
4.7624  0.2246094 0.0 -2.861328 1.655273 0.0 -2.128906 2.861328 0.0 -1.953125 3.833008 0.0 -1.572266 4.960938 0.0 -1.357422
4.764  0.2197266 0.0 -2.851563 1.655273 0.0 -2.119141 2.861328 0.0 -1.943359 3.833008 0.0 -1.572266 4.96582 0.0 -1.357422
4.7656  0.2197266 0.0 -2.84668 1.655273 0.0 -2.109375 2.861328 0.0 -1.938477 3.833008 0.0 -1.567383 4.96582 0.0 -1.357422
4.7672  0.2197266 0.0 -2.836914 1.655273 0.0 -2.099609 2.861328 0.0 -1.928711 3.833008 0.0 -1.5625 4.96582 0.0 -1.357422
4.7688  0.2197266 0.0 -2.827148 1.655273 0.0 -2.089844 2.861328 0.0 -1.918945 3.833008 0.0 -1.557617 4.96582 0.0 -1.352539
4.7704  0.2197266 0.0 -2.817383 1.655273 0.0 -2.080078 2.861328 0.0 -1.914063 3.833008 0.0 -1.552734 4.96582 0.0 -1.352539
4.772  0.2197266 0.0 -2.8125 1.655273 0.0 -2.070313 2.861328 0.0 -1.904297 3.833008 0.0 -1.547852 4.96582 0.0 -1.352539
4.7736  0.2197266 0.0 -2.802734 1.650391 0.0 -2.055664 2.856445 0.0 -1.894531 3.833008 0.0 -1.542969 4.96582 0.0 -1.352539
4.7752  0.2148438 0.0 -2.792969 1.650391 0.0 -2.045898 2.856445 0.0 -1.884766 3.833008 0.0 -1.542969 4.96582 0.0 -1.347656
4.7768  0.2148438 0.0 -2.783203 1.650391 0.0 -2.036133 2.856445 0.0 -1.875 3.833008 0.0 -1.538086 4.96582 0.0 -1.347656
4.7784  0.2148438 0.0 -2.773438 1.650391 0.0 -2.021484 2.856445 0.0 -1.865234 3.833008 0.0 -1.52832 4.96582 0.0 -1.342773
4.78  0.2148438 0.0 -2.763672 1.650391 0.0 -2.011719 2.856445 0.0 -1.855469 3.833008 0.0 -1.523438 4.96582 0.0 -1.342773
4.7816  0.2148438 0.0 -2.753906 1.650391 0.0 -1.99707 2.856445 0.0 -1.845703 3.833008 0.0 -1.518555 4.96582 0.0 -1.337891
4.7832  0.2099609 0.0 -2.744141 1.645508 0.0 -1.987305 2.856445 0.0 -1.835938 3.833008 0.0 -1.513672 4.96582 0.0 -1.337891
4.7848  0.2099609 0.0 -2.734375 1.645508 0.0 -1.972656 2.851563 0.0 -1.826172 3.833008 0.0 -1.508789 4.96582 0.0 -1.333008
4.7864  0.2099609 0.0 -2.724609 1.645508 0.0 -1.962891 2.851563 0.0 -1.816406 3.828125 0.0 -1.503906 4.96582 0.0 -1.333008
4.788  0.2099609 0.0 -2.714844 1.645508 0.0 -1.948242 2.851563 0.0 -1.801758 3.828125 0.0 -1.499023 4.960938 0.0 -1.328125
4.7896  0.2099609 0.0 -2.705078 1.645508 0.0 -1.933594 2.851563 0.0 -1.791992 3.828125 0.0 -1.489258 4.960938 0.0 -1.328125
4.7912  0.2050781 0.0 -2.695313 1.640625 0.0 -1.923828 2.84668 0.0 -1.782227 3.828125 0.0 -1.484375 4.960938 0.0 -1.323242
4.7928  0.2050781 0.0 -2.685547 1.640625 0.0 -1.90918 2.84668 0.0 -1.767578 3.828125 0.0 -1.479492 4.960938 0.0 -1.318359
4.7944  0.2050781 0.0 -2.675781 1.640625 0.0 -1.894531 2.84668 0.0 -1.757813 3.828125 0.0 -1.469727 4.960938 0.0 -1.318359
4.796  0.2050781 0.0 -2.666016 1.640625 0.0 -1.879883 2.84668 0.0 -1.743164 3.823242 0.0 -1.464844 4.960938 0.0 -1.313477
4.7976  0.2001953 0.0 -2.651367 1.635742 0.0 -1.865234 2.841797 0.0 -1.733398 3.823242 0.0 -1.455078 4.956055 0.0 -1.308594
4.7992  0.2001953 0.0 -2.641602 1.635742 0.0 -1.855469 2.841797 0.0 -1.71875 3.823242 0.0 -1.450195 4.956055 0.0 -1.303711
4.8008  0.2001953 0.0 -2.631836 1.635742 0.0 -1.84082 2.841797 0.0 -1.704102 3.823242 0.0 -1.44043 4.956055 0.0 -1.298828
4.8024  0.1953125 0.0 -2.62207 1.630859 0.0 -1.826172 2.841797 0.0 -1.694336 3.823242 0.0 -1.435547 4.956055 0.0 -1.298828
4.804  0.1953125 0.0 -2.607422 1.630859 0.0 -1.811523 2.836914 0.0 -1.679688 3.818359 0.0 -1.425781 4.951172 0.0 -1.293945
4.8056  0.1953125 0.0 -2.597656 1.630859 0.0 -1.796875 2.836914 0.0 -1.665039 3.818359 0.0 -1.420898 4.951172 0.0 -1.289063
4.8072  0.1904297 0.0 -2.587891 1.625977 0.0 -1.777344 2.836914 0.0 -1.650391 3.818359 0.0 -1.411133 4.951172 0.0 -1.28418
4.8088  0.1904297 0.0 -2.578125 1.625977 0.0 -1.762695 2.832031 0.0 -1.640625 3.818359 0.0 -1.40625 4.946289 0.0 -1.279297
4.8104  0.1904297 0.0 -2.563477 1.625977 0.0 -1.748047 2.832031 0.0 -1.625977 3.813477 0.0 -1.396484 4.946289 0.0 -1.274414
4.812  0.1904297 0.0 -2.553711 1.621094 0.0 -1.733398 2.827148 0.0 -1.611328 3.813477 0.0 -1.391602 4.941406 0.0 -1.269531
4.8136  0.1855469 0.0 -2.543945 1.621094 0.0 -1.71875 2.827148 0.0 -1.59668 3.813477 0.0 -1.381836 4.941406 0.0 -1.264648
4.8152  0.1855469 0.0 -2.53418 1.616211 0.0 -1.704102 2.827148 0.0 -1.582031 3.808594 0.0 -1.37207 4.936523 0.0 -1.259766
4.8168  0.1806641 0.0 -2.524414 1.616211 0.0 -1.68457 2.822266 0.0 -1.567383 3.808594 0.0 -1.367188 4.936523 0.0 -1.254883
4.8184  0.1806641 0.0 -2.509766 1.611328 0.0 -1.669922 2.822266 0.0 -1.552734 3.808594 0.0 -1.357422 4.931641 0.0 -1.25
4.82  0.1806641 0.0 -2.5 1.611328 0.0 -1.655273 2.817383 0.0 -1.538086 3.803711 0.0 -1.352539 4.931641 0.0 -1.245117
4.8216  0.1757813 0.0 -2.490234 1.611328 0.0 -1.640625 2.817383 0.0 -1.523438 3.803711 0.0 -1.342773 4.926758 0.0 -1.235352
4.8232  0.1757813 0.0 -2.480469 1.606445 0.0 -1.621094 2.8125 0.0 -1.508789 3.798828 0.0 -1.333008 4.921875 0.0 -1.230469
4.8248  0.1757813 0.0 -2.470703 1.606445 0.0 -1.606445 2.8125 0.0 -1.494141 3.798828 0.0 -1.328125 4.921875 0.0 -1.225586
4.8264  0.1708984 0.0 -2.460938 1.601563 0.0 -1.591797 2.807617 0.0 -1.479492 3.793945 0.0 -1.318359 4.916992 0.0 -1.220703
4.828  0.1708984 0.0 -2.446289 1.59668 0.0 -1.572266 2.807617 0.0 -1.464844 3.793945 0.0 -1.313477 4.912109 0.0 -1.21582
4.8296  0.1660156 0.0 -2.436523 1.59668 0.0 -1.557617 2.802734 0.0 -1.450195 3.789063 0.0 -1.303711 4.907227 0.0 -1.210938
4.8312  0.1660156 0.0 -2.426758 1.591797 0.0 -1.538086 2.802734 0.0 -1.435547 3.789063 0.0 -1.298828 4.907227 0.0 -1.206055
4.8328  0.1660156 0.0 -2.416992 1.591797 0.0 -1.523438 2.797852 0.0 -1.420898 3.78418 0.0 -1.289063 4.902344 0.0 -1.201172
4.8344  0.1611328 0.0 -2.407227 1.586914 0.0 -1.508789 2.792969 0.0 -1.40625 3.78418 0.0 -1.28418 4.897461 0.0 -1.196289
4.836  0.1611328 0.0 -2.397461 1.586914 0.0 -1.489258 2.792969 0.0 -1.391602 3.779297 0.0 -1.274414 4.892578 0.0 -1.191406
4.8376  0.15625 0.0 -2.387695 1.582031 0.0 -1.474609 2.788086 0.0 -1.376953 3.774414 0.0 -1.269531 4.887695 0.0 -1.186523
4.8392  0.15625 0.0 -2.37793 1.577148 0.0 -1.459961 2.783203 0.0 -1.362305 3.774414 0.0 -1.259766 4.882813 0.0 -1.176758
4.8408  0.15625 0.0 -2.368164 1.577148 0.0 -1.44043 2.783203 0.0 -1.347656 3.769531 0.0 -1.254883 4.87793 0.0 -1.171875
4.8424  0.1513672 0.0 -2.358398 1.572266 0.0 -1.425781 2.77832 0.0 -1.333008 3.764648 0.0 -1.245117 4.873047 0.0 -1.166992
4.844  0.1513672 0.0 -2.353516 1.567383 0.0 -1.40625 2.773438 0.0 -1.318359 3.759766 0.0 -1.240234 4.868164 0.0 -1.162109
4.8456  0.1464844 0.0 -2.34375 1.567383 0.0 -1.391602 2.773438 0.0 -1.303711 3.754883 0.0 -1.230469 4.863281 0.0 -1.157227
4.8472  0.1464844 0.0 -2.333984 1.5625 0.0 -1.37207 2.768555 0.0 -1.289063 3.75 0.0 -1.225586 4.858398 0.0 -1.152344
4.8488  0.1464844 0.0 -2.324219 1.557617 0.0 -1.357422 2.763672 0.0 -1.274414 3.75 0.0 -1.21582 4.853516 0.0 -1.147461
4.8504  0.1416016 0.0 -2.314453 1.552734 0.0 -1.342773 2.758789 0.0 -1.259766 3.745117 0.0 -1.210938 4.84375 0.0 -1.137695
4.852  0.1416016 0.0 -2.304688 1.552734 0.0 -1.323242 2.758789 0.0 -1.245117 3.740234 0.0 -1.201172 4.838867 0.0 -1.132813
4.8536  0.1367188 0.0 -2.299805 1.547852 0.0 -1.308594 2.753906 0.0 -1.230469 3.735352 0.0 -1.196289 4.833984 0.0 -1.12793
4.8552  0.1367188 0.0 -2.290039 1.542969 0.0 -1.289063 2.749023 0.0 -1.21582 3.730469 0.0 -1.186523 4.829102 0.0 -1.123047
4.8568  0.1367188 0.0 -2.280273 1.542969 0.0 -1.274414 2.744141 0.0 -1.201172 3.725586 0.0 -1.181641 4.819336 0.0 -1.118164
4.8584  0.1318359 0.0 -2.270508 1.538086 0.0 -1.254883 2.739258 0.0 -1.186523 3.720703 0.0 -1.176758 4.814453 0.0 -1.108398
4.86  0.1318359 0.0 -2.265625 1.533203 0.0 -1.240234 2.734375 0.0 -1.171875 3.710938 0.0 -1.166992 4.80957 0.0 -1.103516
4.8616  0.1318359 0.0 -2.255859 1.52832 0.0 -1.220703 2.734375 0.0 -1.157227 3.706055 0.0 -1.162109 4.799805 0.0 -1.098633
4.8632  0.1269531 0.0 -2.246094 1.52832 0.0 -1.206055 2.729492 0.0 -1.142578 3.701172 0.0 -1.157227 4.794922 0.0 -1.09375
4.8648  0.1269531 0.0 -2.241211 1.523438 0.0 -1.186523 2.724609 0.0 -1.12793 3.696289 0.0 -1.147461 4.785156 0.0 -1.088867
4.8664  0.1220703 0.0 -2.231445 1.518555 0.0 -1.171875 2.719727 0.0 -1.113281 3.691406 0.0 -1.142578 4.780273 0.0 -1.079102
4.868  0.1220703 0.0 -2.226563 1.513672 0.0 -1.152344 2.714844 0.0 -1.103516 3.686523 0.0 -1.137695 4.775391 0.0 -1.074219
4.8696  0.1220703 0.0 -2.216797 1.513672 0.0 -1.137695 2.709961 0.0 -1.088867 3.676758 0.0 -1.12793 4.765625 0.0 -1.069336
4.8712  0.1171875 0.0 -2.207031 1.508789 0.0 -1.118164 2.705078 0.0 -1.074219 3.671875 0.0 -1.123047 4.755859 0.0 -1.064453
4.8728  0.1171875 0.0 -2.202148 1.503906 0.0 -1.103516 2.700195 0.0 -1.05957 3.666992 0.0 -1.118164 4.750977 0.0 -1.054688
4.8744  0.1171875 0.0 -2.192383 1.499023 0.0 -1.083984 2.695313 0.0 -1.044922 3.662109 0.0 -1.113281 4.741211 0.0 -1.049805
4.876  0.1123047 0.0 -2.1875 1.499023 0.0 -1.069336 2.69043 0.0 -1.035156 3.652344 0.0 -1.108398 4.736328 0.0 -1.044922
4.8776  0.1123047 0.0 -2.177734 1.494141 0.0 -1.049805 2.685547 0.0 -1.020508 3.647461 0.0 -1.098633 4.726563 0.0 -1.040039
4.8792  0.1074219 0.0 -2.172852 1.489258 0.0 -1.035156 2.680664 0.0 -1.005859 3.642578 0.0 -1.09375 4.72168 0.0 -1.035156
4.8808  0.1074219 0.0 -2.163086 1.484375 0.0 -1.015625 2.675781 0.0 -0.9960938 3.632813 0.0 -1.088867 4.711914 0.0 -1.030273
4.8824  0.1074219 0.0 -2.158203 1.484375 0.0 -1.000977 2.670898 0.0 -0.9814453 3.62793 0.0 -1.083984 4.702148 0.0 -1.020508
4.884  0.1025391 0.0 -2.148438 1.479492 0.0 -0.9814453 2.666016 0.0 -0.9716797 3.623047 0.0 -1.079102 4.697266 0.0 -1.015625
4.8856  0.1025391 0.0 -2.143555 1.474609 0.0 -0.9667969 2.661133 0.0 -0.9570313 3.613281 0.0 -1.074219 4.6875 0.0 -1.010742
4.8872  0.1025391 0.0 -2.133789 1.469727 0.0 -0.9521484 2.65625 0.0 -0.9472656 3.608398 0.0 -1.069336 4.677734 0.0 -1.005859
4.8888  0.09765625 0.0 -2.128906 1.469727 0.0 -0.9326172 2.651367 0.0 -0.9326172 3.603516 0.0 -1.064453 4.672852 0.0 -1.000977
4.8904  0.09765625 0.0 -2.124023 1.464844 0.0 -0.9179688 2.646484 0.0 -0.9228516 3.59375 0.0 -1.05957 4.663086 0.0 -0.9960938
4.892  0.09765625 0.0 -2.114258 1.459961 0.0 -0.8984375 2.641602 0.0 -0.9082031 3.588867 0.0 -1.054688 4.65332 0.0 -0.9912109
4.8936  0.09277344 0.0 -2.109375 1.455078 0.0 -0.8837891 2.636719 0.0 -0.8984375 3.583984 0.0 -1.049805 4.648438 0.0 -0.9863281
4.8952  0.09277344 0.0 -2.104492 1.455078 0.0 -0.8691406 2.631836 0.0 -0.8886719 3.574219 0.0 -1.044922 4.638672 0.0 -0.9765625
4.8968  0.08789063 0.0 -2.094727 1.450195 0.0 -0.8544922 2.626953 0.0 -0.8740234 3.569336 0.0 -1.040039 4.628906 0.0 -0.9716797
4.8984  0.08789063 0.0 -2.089844 1.445313 0.0 -0.8349609 2.62207 0.0 -0.8642578 3.564453 0.0 -1.035156 4.624023 0.0 -0.9667969
4.9  0.08789063 0.0 -2.084961 1.445313 0.0 -0.8203125 2.617188 0.0 -0.8544922 3.554688 0.0 -1.030273 4.614258 0.0 -0.9619141
4.9016  0.08300781 0.0 -2.075195 1.44043 0.0 -0.8056641 2.612305 0.0 -0.8398438 3.549805 0.0 -1.025391 4.609375 0.0 -0.9570313
4.9032  0.08300781 0.0 -2.070313 1.435547 0.0 -0.7910156 2.607422 0.0 -0.8300781 3.544922 0.0 -1.020508 4.599609 0.0 -0.9521484
4.9048  0.08300781 0.0 -2.06543 1.430664 0.0 -0.7763672 2.607422 0.0 -0.8203125 3.535156 0.0 -1.015625 4.594727 0.0 -0.9472656
4.9064  0.078125 0.0 -2.060547 1.430664 0.0 -0.7617188 2.602539 0.0 -0.8105469 3.530273 0.0 -1.010742 4.584961 0.0 -0.9423828
4.908  0.078125 0.0 -2.050781 1.425781 0.0 -0.7470703 2.597656 0.0 -0.8007813 3.525391 0.0 -1.005859 4.580078 0.0 -0.9375
4.9096  0.07324219 0.0 -2.045898 1.420898 0.0 -0.7324219 2.592773 0.0 -0.7910156 3.515625 0.0 -1.000977 4.570313 0.0 -0.9326172
4.9112  0.07324219 0.0 -2.041016 1.420898 0.0 -0.7177734 2.587891 0.0 -0.7763672 3.510742 0.0 -0.9960938 4.56543 0.0 -0.9277344
4.9128  0.07324219 0.0 -2.036133 1.416016 0.0 -0.703125 2.583008 0.0 -0.7666016 3.505859 0.0 -0.9912109 4.555664 0.0 -0.9228516
4.9144  0.06835938 0.0 -2.03125 1.416016 0.0 -0.6884766 2.583008 0.0 -0.7568359 3.500977 0.0 -0.9863281 4.550781 0.0 -0.9179688
4.916  0.06835938 0.0 -2.026367 1.411133 0.0 -0.6787109 2.578125 0.0 -0.7470703 3.496094 0.0 -0.9814453 4.541016 0.0 -0.9130859
4.9176  0.06347656 0.0 -2.016602 1.40625 0.0 -0.6640625 2.573242 0.0 -0.7373047 3.491211 0.0 -0.9814453 4.536133 0.0 -0.9082031
4.9192  0.06347656 0.0 -2.011719 1.40625 0.0 -0.6542969 2.573242 0.0 -0.7275391 3.486328 0.0 -0.9765625 4.53125 0.0 -0.9033203
4.9208  0.05859375 0.0 -2.006836 1.401367 0.0 -0.6396484 2.568359 0.0 -0.7226563 3.481445 0.0 -0.9716797 4.521484 0.0 -0.8984375
4.9224  0.05859375 0.0 -2.001953 1.401367 0.0 -0.6298828 2.563477 0.0 -0.7128906 3.476563 0.0 -0.9667969 4.516602 0.0 -0.8935547
4.924  0.05859375 0.0 -1.99707 1.396484 0.0 -0.6152344 2.563477 0.0 -0.703125 3.47168 0.0 -0.9619141 4.511719 0.0 -0.8886719
4.9256  0.05371094 0.0 -1.992188 1.396484 0.0 -0.6054688 2.558594 0.0 -0.6933594 3.466797 0.0 -0.9570313 4.506836 0.0 -0.8837891
4.9272  0.05371094 0.0 -1.987305 1.391602 0.0 -0.5957031 2.553711 0.0 -0.6835938 3.461914 0.0 -0.9521484 4.501953 0.0 -0.8789063
4.9288  0.04882813 0.0 -1.982422 1.391602 0.0 -0.5859375 2.553711 0.0 -0.6738281 3.457031 0.0 -0.9472656 4.49707 0.0 -0.8740234
4.9304  0.04882813 0.0 -1.977539 1.386719 0.0 -0.5761719 2.548828 0.0 -0.6689453 3.452148 0.0 -0.9423828 4.492188 0.0 -0.8691406
4.932  0.04394531 0.0 -1.972656 1.386719 0.0 -0.5664063 2.548828 0.0 -0.6591797 3.447266 0.0 -0.9375 4.487305 0.0 -0.8691406
4.9336  0.04394531 0.0 -1.967773 1.381836 0.0 -0.5566406 2.543945 0.0 -0.6494141 3.447266 0.0 -0.9326172 4.482422 0.0 -0.8642578
4.9352  0.0390625 0.0 -1.967773 1.381836 0.0 -0.546875 2.543945 0.0 -0.6445313 3.442383 0.0 -0.9277344 4.477539 0.0 -0.859375
4.9368  0.0390625 0.0 -1.962891 1.376953 0.0 -0.5371094 2.539063 0.0 -0.6347656 3.4375 0.0 -0.9228516 4.472656 0.0 -0.8544922
4.9384  0.03417969 0.0 -1.958008 1.376953 0.0 -0.5322266 2.539063 0.0 -0.6298828 3.432617 0.0 -0.9179688 4.467773 0.0 -0.8496094
4.94  0.03417969 0.0 -1.953125 1.37207 0.0 -0.5224609 2.53418 0.0 -0.6201172 3.432617 0.0 -0.9130859 4.462891 0.0 -0.8447266
4.9416  0.02929688 0.0 -1.948242 1.37207 0.0 -0.5126953 2.53418 0.0 -0.6152344 3.427734 0.0 -0.9082031 4.458008 0.0 -0.8447266
4.9432  0.02929688 0.0 -1.943359 1.367188 0.0 -0.5078125 2.529297 0.0 -0.6054688 3.422852 0.0 -0.9033203 4.453125 0.0 -0.8398438
4.9448  0.02441406 0.0 -1.943359 1.367188 0.0 -0.5029297 2.529297 0.0 -0.6005859 3.417969 0.0 -0.8984375 4.448242 0.0 -0.8349609
4.9464  0.02441406 0.0 -1.938477 1.362305 0.0 -0.4931641 2.524414 0.0 -0.5908203 3.417969 0.0 -0.8984375 4.448242 0.0 -0.8300781
4.948  0.01953125 0.0 -1.933594 1.362305 0.0 -0.4882813 2.524414 0.0 -0.5859375 3.413086 0.0 -0.8935547 4.443359 0.0 -0.8251953
4.9496  0.01953125 0.0 -1.933594 1.357422 0.0 -0.4833984 2.524414 0.0 -0.5810547 3.408203 0.0 -0.8886719 4.438477 0.0 -0.8251953
4.9512  0.01464844 0.0 -1.928711 1.357422 0.0 -0.4736328 2.519531 0.0 -0.5712891 3.408203 0.0 -0.8837891 4.433594 0.0 -0.8203125
4.9528  0.01464844 0.0 -1.923828 1.352539 0.0 -0.46875 2.519531 0.0 -0.5664063 3.40332 0.0 -0.8789063 4.433594 0.0 -0.8154297
4.9544  0.009765625 0.0 -1.923828 1.352539 0.0 -0.4638672 2.514648 0.0 -0.5615234 3.398438 0.0 -0.8789063 4.428711 0.0 -0.8154297
4.956  0.009765625 0.0 -1.918945 1.347656 0.0 -0.4589844 2.514648 0.0 -0.5566406 3.398438 0.0 -0.8740234 4.423828 0.0 -0.8105469
4.9576  0.004882813 0.0 -1.918945 1.347656 0.0 -0.4541016 2.514648 0.0 -0.546875 3.393555 0.0 -0.8691406 4.423828 0.0 -0.8056641
4.9592  0.004882813 0.0 -1.914063 1.342773 0.0 -0.4541016 2.509766 0.0 -0.5419922 3.393555 0.0 -0.8642578 4.418945 0.0 -0.8056641
4.9608  0.0 0.0 -1.90918 1.342773 0.0 -0.4492188 2.509766 0.0 -0.5371094 3.388672 0.0 -0.8642578 4.414063 0.0 -0.8007813
4.9624  0.0 0.0 -1.90918 1.337891 0.0 -0.4443359 2.504883 0.0 -0.5322266 3.383789 0.0 -0.859375 4.414063 0.0 -0.7958984
4.964  -0.004882813 0.0 -1.904297 1.337891 0.0 -0.4394531 2.504883 0.0 -0.5273438 3.383789 0.0 -0.8544922 4.40918 0.0 -0.7958984
4.9656  -0.004882813 0.0 -1.904297 1.333008 0.0 -0.4345703 2.504883 0.0 -0.5224609 3.378906 0.0 -0.8544922 4.404297 0.0 -0.7910156
4.9672  -0.009765625 0.0 -1.904297 1.333008 0.0 -0.4345703 2.5 0.0 -0.5175781 3.378906 0.0 -0.8496094 4.404297 0.0 -0.7861328
4.9688  -0.009765625 0.0 -1.899414 1.328125 0.0 -0.4296875 2.5 0.0 -0.5126953 3.374023 0.0 -0.8447266 4.399414 0.0 -0.7861328
4.9704  -0.009765625 0.0 -1.899414 1.328125 0.0 -0.4296875 2.495117 0.0 -0.5126953 3.374023 0.0 -0.8447266 4.399414 0.0 -0.78125
4.972  -0.01464844 0.0 -1.894531 1.323242 0.0 -0.4248047 2.495117 0.0 -0.5078125 3.369141 0.0 -0.8398438 4.394531 0.0 -0.78125
4.9736  -0.01464844 0.0 -1.894531 1.323242 0.0 -0.4248047 2.490234 0.0 -0.5029297 3.369141 0.0 -0.8349609 4.394531 0.0 -0.7763672
4.9752  -0.01953125 0.0 -1.894531 1.323242 0.0 -0.4199219 2.490234 0.0 -0.4980469 3.369141 0.0 -0.8349609 4.389648 0.0 -0.7763672
4.9768  -0.01953125 0.0 -1.889648 1.318359 0.0 -0.4199219 2.490234 0.0 -0.4931641 3.364258 0.0 -0.8300781 4.389648 0.0 -0.7714844
4.9784  -0.01953125 0.0 -1.889648 1.318359 0.0 -0.4199219 2.485352 0.0 -0.4931641 3.364258 0.0 -0.8300781 4.384766 0.0 -0.7714844
4.98  -0.02441406 0.0 -1.889648 1.313477 0.0 -0.4150391 2.485352 0.0 -0.4882813 3.359375 0.0 -0.8251953 4.384766 0.0 -0.7666016
4.9816  -0.02441406 0.0 -1.884766 1.313477 0.0 -0.4150391 2.480469 0.0 -0.4833984 3.359375 0.0 -0.8251953 4.379883 0.0 -0.7617188
4.9832  -0.02929688 0.0 -1.884766 1.313477 0.0 -0.4150391 2.480469 0.0 -0.4833984 3.359375 0.0 -0.8203125 4.379883 0.0 -0.7617188
4.9848  -0.02929688 0.0 -1.884766 1.308594 0.0 -0.4150391 2.480469 0.0 -0.4785156 3.359375 0.0 -0.8154297 4.379883 0.0 -0.7568359
4.9864  -0.02929688 0.0 -1.884766 1.308594 0.0 -0.4101563 2.475586 0.0 -0.4785156 3.354492 0.0 -0.8154297 4.375 0.0 -0.7568359
4.988  -0.03417969 0.0 -1.884766 1.303711 0.0 -0.4101563 2.475586 0.0 -0.4736328 3.354492 0.0 -0.8105469 4.375 0.0 -0.7519531
4.9896  -0.03417969 0.0 -1.879883 1.303711 0.0 -0.4101563 2.475586 0.0 -0.4736328 3.354492 0.0 -0.8105469 4.375 0.0 -0.7519531
4.9912  -0.03417969 0.0 -1.879883 1.303711 0.0 -0.4101563 2.470703 0.0 -0.46875 3.354492 0.0 -0.8056641 4.370117 0.0 -0.7470703
4.9928  -0.0390625 0.0 -1.879883 1.303711 0.0 -0.4101563 2.470703 0.0 -0.46875 3.354492 0.0 -0.8056641 4.370117 0.0 -0.7470703
4.9944  -0.0390625 0.0 -1.879883 1.298828 0.0 -0.4101563 2.46582 0.0 -0.4638672 3.354492 0.0 -0.8007813 4.370117 0.0 -0.7421875
4.996  -0.0390625 0.0 -1.879883 1.298828 0.0 -0.4101563 2.46582 0.0 -0.4638672 3.349609 0.0 -0.8007813 4.370117 0.0 -0.7421875
4.9976  -0.04394531 0.0 -1.879883 1.298828 0.0 -0.4101563 2.46582 0.0 -0.4638672 3.349609 0.0 -0.7958984 4.370117 0.0 -0.7373047
4.9992  -0.04394531 0.0 -1.879883 1.298828 0.0 -0.4101563 2.460938 0.0 -0.4589844 3.349609 0.0 -0.7958984 4.365234 0.0 -0.7373047
5.0008  -0.04394531 0.0 -1.879883 1.293945 0.0 -0.4101563 2.460938 0.0 -0.4589844 3.349609 0.0 -0.7958984 4.365234 0.0 -0.7324219
5.0024  -0.04882813 0.0 -1.879883 1.293945 0.0 -0.4150391 2.460938 0.0 -0.4589844 3.349609 0.0 -0.7910156 4.365234 0.0 -0.7324219
5.004  -0.04882813 0.0 -1.879883 1.293945 0.0 -0.4150391 2.460938 0.0 -0.4589844 3.349609 0.0 -0.7910156 4.365234 0.0 -0.7275391
5.0056  -0.05371094 0.0 -1.884766 1.293945 0.0 -0.4150391 2.456055 0.0 -0.4589844 3.349609 0.0 -0.7861328 4.365234 0.0 -0.7275391
5.0072  -0.05371094 0.0 -1.884766 1.293945 0.0 -0.4199219 2.456055 0.0 -0.4541016 3.349609 0.0 -0.7861328 4.365234 0.0 -0.7275391
5.0088  -0.05371094 0.0 -1.884766 1.293945 0.0 -0.4199219 2.456055 0.0 -0.4541016 3.349609 0.0 -0.7861328 4.365234 0.0 -0.7226563
5.0104  -0.05859375 0.0 -1.884766 1.293945 0.0 -0.4248047 2.456055 0.0 -0.4541016 3.349609 0.0 -0.78125 4.365234 0.0 -0.7226563
5.012  -0.05859375 0.0 -1.889648 1.293945 0.0 -0.4248047 2.456055 0.0 -0.4541016 3.349609 0.0 -0.78125 4.365234 0.0 -0.7177734
5.0136  -0.05859375 0.0 -1.889648 1.293945 0.0 -0.4296875 2.456055 0.0 -0.4541016 3.349609 0.0 -0.78125 4.365234 0.0 -0.7177734
5.0152  -0.06347656 0.0 -1.889648 1.293945 0.0 -0.4345703 2.451172 0.0 -0.4589844 3.349609 0.0 -0.78125 4.370117 0.0 -0.7177734
5.0168  -0.06347656 0.0 -1.894531 1.293945 0.0 -0.4345703 2.451172 0.0 -0.4589844 3.349609 0.0 -0.78125 4.370117 0.0 -0.7128906
5.0184  -0.06347656 0.0 -1.894531 1.293945 0.0 -0.4394531 2.451172 0.0 -0.4589844 3.354492 0.0 -0.78125 4.370117 0.0 -0.7128906
5.02  -0.06347656 0.0 -1.899414 1.293945 0.0 -0.4443359 2.451172 0.0 -0.4589844 3.354492 0.0 -0.7763672 4.370117 0.0 -0.7128906
5.0216  -0.06835938 0.0 -1.904297 1.298828 0.0 -0.4492188 2.451172 0.0 -0.4638672 3.354492 0.0 -0.7763672 4.375 0.0 -0.7128906
5.0232  -0.06835938 0.0 -1.904297 1.298828 0.0 -0.4589844 2.456055 0.0 -0.4638672 3.354492 0.0 -0.7763672 4.375 0.0 -0.7080078
5.0248  -0.06835938 0.0 -1.90918 1.298828 0.0 -0.4638672 2.456055 0.0 -0.46875 3.359375 0.0 -0.7763672 4.379883 0.0 -0.7080078
5.0264  -0.06835938 0.0 -1.914063 1.303711 0.0 -0.46875 2.456055 0.0 -0.46875 3.359375 0.0 -0.7763672 4.379883 0.0 -0.7080078
5.028  -0.06835938 0.0 -1.918945 1.303711 0.0 -0.4785156 2.456055 0.0 -0.4736328 3.359375 0.0 -0.7763672 4.384766 0.0 -0.7080078
5.0296  -0.07324219 0.0 -1.923828 1.308594 0.0 -0.4833984 2.456055 0.0 -0.4736328 3.364258 0.0 -0.78125 4.384766 0.0 -0.7080078
5.0312  -0.07324219 0.0 -1.928711 1.308594 0.0 -0.4931641 2.460938 0.0 -0.4785156 3.364258 0.0 -0.78125 4.389648 0.0 -0.7080078
5.0328  -0.07324219 0.0 -1.933594 1.313477 0.0 -0.5029297 2.460938 0.0 -0.4833984 3.369141 0.0 -0.78125 4.394531 0.0 -0.7080078
5.0344  -0.07324219 0.0 -1.938477 1.318359 0.0 -0.5126953 2.46582 0.0 -0.4882813 3.374023 0.0 -0.78125 4.399414 0.0 -0.7080078
5.036  -0.07324219 0.0 -1.948242 1.318359 0.0 -0.5224609 2.46582 0.0 -0.4931641 3.374023 0.0 -0.78125 4.399414 0.0 -0.7080078
5.0376  -0.07324219 0.0 -1.953125 1.323242 0.0 -0.5371094 2.470703 0.0 -0.4980469 3.378906 0.0 -0.7861328 4.404297 0.0 -0.7080078
5.0392  -0.07324219 0.0 -1.958008 1.328125 0.0 -0.546875 2.470703 0.0 -0.5078125 3.383789 0.0 -0.7861328 4.40918 0.0 -0.7080078
5.0408  -0.07324219 0.0 -1.967773 1.333008 0.0 -0.5615234 2.475586 0.0 -0.5126953 3.388672 0.0 -0.7861328 4.418945 0.0 -0.7080078
5.0424  -0.07324219 0.0 -1.977539 1.337891 0.0 -0.5761719 2.475586 0.0 -0.5224609 3.393555 0.0 -0.7910156 4.423828 0.0 -0.7080078
5.044  -0.07324219 0.0 -1.982422 1.342773 0.0 -0.5908203 2.480469 0.0 -0.5273438 3.398438 0.0 -0.7910156 4.428711 0.0 -0.7080078
5.0456  -0.07324219 0.0 -1.992188 1.347656 0.0 -0.6054688 2.485352 0.0 -0.5371094 3.40332 0.0 -0.7958984 4.433594 0.0 -0.7128906
5.0472  -0.06835938 0.0 -2.001953 1.352539 0.0 -0.6201172 2.490234 0.0 -0.546875 3.408203 0.0 -0.8007813 4.443359 0.0 -0.7128906
5.0488  -0.06835938 0.0 -2.011719 1.357422 0.0 -0.6396484 2.495117 0.0 -0.5566406 3.413086 0.0 -0.8007813 4.448242 0.0 -0.7128906
5.0504  -0.06835938 0.0 -2.021484 1.362305 0.0 -0.6591797 2.5 0.0 -0.5664063 3.422852 0.0 -0.8056641 4.458008 0.0 -0.7177734
5.052  -0.06835938 0.0 -2.03125 1.367188 0.0 -0.6787109 2.504883 0.0 -0.5761719 3.427734 0.0 -0.8105469 4.467773 0.0 -0.7177734
5.0536  -0.06835938 0.0 -2.045898 1.37207 0.0 -0.6982422 2.509766 0.0 -0.5908203 3.432617 0.0 -0.8154297 4.472656 0.0 -0.7226563
5.0552  -0.06347656 0.0 -2.055664 1.381836 0.0 -0.7177734 2.514648 0.0 -0.6005859 3.442383 0.0 -0.8203125 4.482422 0.0 -0.7226563
5.0568  -0.06347656 0.0 -2.070313 1.386719 0.0 -0.7421875 2.519531 0.0 -0.6152344 3.447266 0.0 -0.8251953 4.492188 0.0 -0.7275391
5.0584  -0.06347656 0.0 -2.080078 1.391602 0.0 -0.7617188 2.524414 0.0 -0.6298828 3.457031 0.0 -0.8300781 4.501953 0.0 -0.7275391
5.06  -0.05859375 0.0 -2.094727 1.401367 0.0 -0.7861328 2.53418 0.0 -0.6445313 3.461914 0.0 -0.8349609 4.511719 0.0 -0.7324219
5.0616  -0.05859375 0.0 -2.109375 1.40625 0.0 -0.8105469 2.539063 0.0 -0.6640625 3.47168 0.0 -0.8447266 4.521484 0.0 -0.7373047
5.0632  -0.05371094 0.0 -2.124023 1.416016 0.0 -0.8398438 2.543945 0.0 -0.6787109 3.481445 0.0 -0.8496094 4.53125 0.0 -0.7421875
5.0648  -0.05371094 0.0 -2.138672 1.425781 0.0 -0.8642578 2.553711 0.0 -0.6982422 3.486328 0.0 -0.8544922 4.541016 0.0 -0.7470703
5.0664  -0.04882813 0.0 -2.15332 1.430664 0.0 -0.8935547 2.558594 0.0 -0.7128906 3.496094 0.0 -0.8642578 4.550781 0.0 -0.7519531
5.068  -0.04882813 0.0 -2.167969 1.44043 0.0 -0.9179688 2.568359 0.0 -0.7324219 3.505859 0.0 -0.8740234 4.56543 0.0 -0.7568359
5.0696  -0.04394531 0.0 -2.1875 1.450195 0.0 -0.9472656 2.573242 0.0 -0.7519531 3.515625 0.0 -0.8789063 4.575195 0.0 -0.7617188
5.0712  -0.0390625 0.0 -2.202148 1.455078 0.0 -0.9765625 2.583008 0.0 -0.7714844 3.520508 0.0 -0.8886719 4.584961 0.0 -0.7666016
5.0728  -0.0390625 0.0 -2.216797 1.464844 0.0 -1.005859 2.592773 0.0 -0.7958984 3.530273 0.0 -0.8984375 4.599609 0.0 -0.7714844
5.0744  -0.03417969 0.0 -2.236328 1.474609 0.0 -1.040039 2.597656 0.0 -0.8154297 3.540039 0.0 -0.9082031 4.609375 0.0 -0.78125
5.076  -0.02929688 0.0 -2.255859 1.484375 0.0 -1.069336 2.607422 0.0 -0.8398438 3.549805 0.0 -0.9179688 4.619141 0.0 -0.7861328
5.0776  -0.02441406 0.0 -2.275391 1.489258 0.0 -1.103516 2.617188 0.0 -0.8642578 3.55957 0.0 -0.9277344 4.633789 0.0 -0.7910156
5.0792  -0.01953125 0.0 -2.294922 1.499023 0.0 -1.132813 2.626953 0.0 -0.8837891 3.569336 0.0 -0.9423828 4.643555 0.0 -0.8007813
5.0808  -0.01953125 0.0 -2.314453 1.508789 0.0 -1.166992 2.631836 0.0 -0.9082031 3.574219 0.0 -0.9521484 4.65332 0.0 -0.8056641
5.0824  -0.01464844 0.0 -2.333984 1.518555 0.0 -1.196289 2.641602 0.0 -0.9326172 3.583984 0.0 -0.9619141 4.663086 0.0 -0.8154297
5.084  -0.009765625 0.0 -2.353516 1.52832 0.0 -1.230469 2.651367 0.0 -0.9570313 3.59375 0.0 -0.9765625 4.672852 0.0 -0.8203125
5.0856  -0.004882813 0.0 -2.373047 1.538086 0.0 -1.264648 2.65625 0.0 -0.9863281 3.603516 0.0 -0.9863281 4.6875 0.0 -0.8300781
5.0872  0.0 0.0 -2.392578 1.547852 0.0 -1.293945 2.666016 0.0 -1.010742 3.608398 0.0 -1.000977 4.697266 0.0 -0.8349609
5.0888  0.004882813 0.0 -2.412109 1.557617 0.0 -1.328125 2.675781 0.0 -1.035156 3.618164 0.0 -1.010742 4.707031 0.0 -0.8447266
5.0904  0.01464844 0.0 -2.436523 1.567383 0.0 -1.362305 2.680664 0.0 -1.05957 3.62793 0.0 -1.025391 4.716797 0.0 -0.8496094
5.092  0.01953125 0.0 -2.456055 1.572266 0.0 -1.391602 2.69043 0.0 -1.088867 3.632813 0.0 -1.040039 4.72168 0.0 -0.859375
5.0936  0.02441406 0.0 -2.475586 1.582031 0.0 -1.425781 2.695313 0.0 -1.113281 3.642578 0.0 -1.049805 4.731445 0.0 -0.8691406
5.0952  0.02929688 0.0 -2.5 1.591797 0.0 -1.455078 2.705078 0.0 -1.137695 3.647461 0.0 -1.064453 4.741211 0.0 -0.8740234
5.0968  0.03417969 0.0 -2.519531 1.601563 0.0 -1.489258 2.709961 0.0 -1.166992 3.652344 0.0 -1.074219 4.746094 0.0 -0.8837891
5.0984  0.0390625 0.0 -2.539063 1.606445 0.0 -1.518555 2.719727 0.0 -1.191406 3.662109 0.0 -1.088867 4.755859 0.0 -0.8886719
5.1  0.04394531 0.0 -2.558594 1.616211 0.0 -1.547852 2.724609 0.0 -1.21582 3.666992 0.0 -1.103516 4.760742 0.0 -0.8984375
5.1016  0.05371094 0.0 -2.583008 1.621094 0.0 -1.577148 2.729492 0.0 -1.240234 3.671875 0.0 -1.113281 4.765625 0.0 -0.9033203
5.1032  0.05859375 0.0 -2.602539 1.630859 0.0 -1.606445 2.734375 0.0 -1.264648 3.676758 0.0 -1.12793 4.770508 0.0 -0.9130859
5.1048  0.06347656 0.0 -2.62207 1.635742 0.0 -1.635742 2.739258 0.0 -1.293945 3.676758 0.0 -1.137695 4.775391 0.0 -0.9179688
5.1064  0.06835938 0.0 -2.641602 1.640625 0.0 -1.665039 2.744141 0.0 -1.318359 3.681641 0.0 -1.152344 4.780273 0.0 -0.9228516
5.108  0.07324219 0.0 -2.661133 1.645508 0.0 -1.689453 2.749023 0.0 -1.342773 3.686523 0.0 -1.162109 4.785156 0.0 -0.9326172
5.1096  0.078125 0.0 -2.680664 1.650391 0.0 -1.71875 2.753906 0.0 -1.362305 3.686523 0.0 -1.176758 4.785156 0.0 -0.9375
5.1112  0.08300781 0.0 -2.700195 1.655273 0.0 -1.743164 2.758789 0.0 -1.386719 3.691406 0.0 -1.186523 4.790039 0.0 -0.9423828
5.1128  0.08789063 0.0 -2.719727 1.660156 0.0 -1.767578 2.763672 0.0 -1.411133 3.691406 0.0 -1.201172 4.790039 0.0 -0.9521484
5.1144  0.09277344 0.0 -2.739258 1.665039 0.0 -1.796875 2.763672 0.0 -1.435547 3.691406 0.0 -1.210938 4.790039 0.0 -0.9570313
5.116  0.09765625 0.0 -2.758789 1.665039 0.0 -1.821289 2.768555 0.0 -1.455078 3.691406 0.0 -1.225586 4.790039 0.0 -0.9619141
5.1176  0.1025391 0.0 -2.77832 1.669922 0.0 -1.84082 2.768555 0.0 -1.479492 3.691406 0.0 -1.235352 4.790039 0.0 -0.9667969
5.1192  0.1074219 0.0 -2.792969 1.669922 0.0 -1.865234 2.768555 0.0 -1.499023 3.691406 0.0 -1.245117 4.790039 0.0 -0.9716797
5.1208  0.1123047 0.0 -2.8125 1.674805 0.0 -1.889648 2.773438 0.0 -1.523438 3.691406 0.0 -1.254883 4.790039 0.0 -0.9814453
5.1224  0.1171875 0.0 -2.827148 1.674805 0.0 -1.90918 2.773438 0.0 -1.542969 3.691406 0.0 -1.269531 4.790039 0.0 -0.9863281
5.124  0.1220703 0.0 -2.84668 1.674805 0.0 -1.933594 2.773438 0.0 -1.5625 3.691406 0.0 -1.279297 4.790039 0.0 -0.9912109
5.1256  0.1269531 0.0 -2.861328 1.674805 0.0 -1.953125 2.773438 0.0 -1.582031 3.691406 0.0 -1.289063 4.790039 0.0 -0.9960938
5.1272  0.1318359 0.0 -2.875977 1.674805 0.0 -1.972656 2.773438 0.0 -1.601563 3.691406 0.0 -1.298828 4.785156 0.0 -1.000977
5.1288  0.1367188 0.0 -2.895508 1.674805 0.0 -1.992188 2.773438 0.0 -1.621094 3.686523 0.0 -1.308594 4.785156 0.0 -1.010742
5.1304  0.1367188 0.0 -2.910156 1.674805 0.0 -2.011719 2.773438 0.0 -1.640625 3.686523 0.0 -1.323242 4.780273 0.0 -1.015625
5.132  0.1416016 0.0 -2.924805 1.674805 0.0 -2.03125 2.773438 0.0 -1.655273 3.681641 0.0 -1.333008 4.780273 0.0 -1.020508
5.1336  0.1464844 0.0 -2.93457 1.674805 0.0 -2.045898 2.773438 0.0 -1.674805 3.681641 0.0 -1.342773 4.775391 0.0 -1.025391
5.1352  0.1513672 0.0 -2.949219 1.674805 0.0 -2.06543 2.773438 0.0 -1.694336 3.681641 0.0 -1.352539 4.775391 0.0 -1.030273
5.1368  0.1513672 0.0 -2.963867 1.674805 0.0 -2.080078 2.773438 0.0 -1.708984 3.676758 0.0 -1.362305 4.770508 0.0 -1.040039
5.1384  0.15625 0.0 -2.973633 1.669922 0.0 -2.099609 2.773438 0.0 -1.723633 3.676758 0.0 -1.37207 4.770508 0.0 -1.044922
5.14  0.15625 0.0 -2.988281 1.669922 0.0 -2.114258 2.773438 0.0 -1.743164 3.671875 0.0 -1.376953 4.765625 0.0 -1.049805
5.1416  0.1611328 0.0 -2.998047 1.669922 0.0 -2.128906 2.773438 0.0 -1.757813 3.671875 0.0 -1.386719 4.765625 0.0 -1.054688
5.1432  0.1611328 0.0 -3.012695 1.669922 0.0 -2.143555 2.768555 0.0 -1.772461 3.666992 0.0 -1.396484 4.760742 0.0 -1.05957
5.1448  0.1660156 0.0 -3.022461 1.665039 0.0 -2.158203 2.768555 0.0 -1.787109 3.666992 0.0 -1.40625 4.760742 0.0 -1.069336
5.1464  0.1660156 0.0 -3.032227 1.665039 0.0 -2.172852 2.768555 0.0 -1.801758 3.666992 0.0 -1.416016 4.755859 0.0 -1.074219
5.148  0.1708984 0.0 -3.041992 1.660156 0.0 -2.182617 2.768555 0.0 -1.816406 3.662109 0.0 -1.425781 4.750977 0.0 -1.079102
5.1496  0.1708984 0.0 -3.051758 1.660156 0.0 -2.197266 2.768555 0.0 -1.826172 3.662109 0.0 -1.430664 4.750977 0.0 -1.083984
5.1512  0.1757813 0.0 -3.061523 1.660156 0.0 -2.207031 2.768555 0.0 -1.84082 3.657227 0.0 -1.44043 4.746094 0.0 -1.09375
5.1528  0.1757813 0.0 -3.071289 1.655273 0.0 -2.22168 2.763672 0.0 -1.855469 3.657227 0.0 -1.450195 4.746094 0.0 -1.098633
5.1544  0.1757813 0.0 -3.081055 1.655273 0.0 -2.231445 2.763672 0.0 -1.865234 3.652344 0.0 -1.455078 4.741211 0.0 -1.103516
5.156  0.1806641 0.0 -3.085938 1.650391 0.0 -2.241211 2.763672 0.0 -1.875 3.652344 0.0 -1.464844 4.741211 0.0 -1.108398
5.1576  0.1806641 0.0 -3.095703 1.650391 0.0 -2.250977 2.763672 0.0 -1.889648 3.652344 0.0 -1.469727 4.736328 0.0 -1.113281
5.1592  0.1806641 0.0 -3.100586 1.650391 0.0 -2.260742 2.763672 0.0 -1.899414 3.647461 0.0 -1.479492 4.736328 0.0 -1.118164
5.1608  0.1806641 0.0 -3.110352 1.645508 0.0 -2.270508 2.763672 0.0 -1.90918 3.647461 0.0 -1.484375 4.731445 0.0 -1.12793
5.1624  0.1855469 0.0 -3.115234 1.645508 0.0 -2.280273 2.763672 0.0 -1.918945 3.647461 0.0 -1.494141 4.731445 0.0 -1.132813
5.164  0.1855469 0.0 -3.120117 1.640625 0.0 -2.290039 2.758789 0.0 -1.928711 3.642578 0.0 -1.499023 4.731445 0.0 -1.137695
5.1656  0.1855469 0.0 -3.129883 1.640625 0.0 -2.299805 2.758789 0.0 -1.938477 3.642578 0.0 -1.503906 4.726563 0.0 -1.142578
5.1672  0.1855469 0.0 -3.134766 1.640625 0.0 -2.304688 2.758789 0.0 -1.948242 3.642578 0.0 -1.513672 4.726563 0.0 -1.147461
5.1688  0.1855469 0.0 -3.139648 1.640625 0.0 -2.314453 2.758789 0.0 -1.958008 3.637695 0.0 -1.518555 4.72168 0.0 -1.152344
5.1704  0.1855469 0.0 -3.144531 1.635742 0.0 -2.319336 2.758789 0.0 -1.967773 3.637695 0.0 -1.523438 4.72168 0.0 -1.157227
5.172  0.1855469 0.0 -3.149414 1.635742 0.0 -2.324219 2.758789 0.0 -1.972656 3.637695 0.0 -1.52832 4.72168 0.0 -1.162109
5.1736  0.1904297 0.0 -3.149414 1.635742 0.0 -2.333984 2.758789 0.0 -1.982422 3.637695 0.0 -1.533203 4.716797 0.0 -1.166992
5.1752  0.1904297 0.0 -3.154297 1.630859 0.0 -2.338867 2.758789 0.0 -1.987305 3.632813 0.0 -1.542969 4.716797 0.0 -1.171875
5.1768  0.1904297 0.0 -3.15918 1.630859 0.0 -2.34375 2.758789 0.0 -1.99707 3.632813 0.0 -1.547852 4.716797 0.0 -1.171875
5.1784  0.1904297 0.0 -3.164063 1.630859 0.0 -2.348633 2.758789 0.0 -2.001953 3.632813 0.0 -1.552734 4.716797 0.0 -1.176758
5.18  0.1904297 0.0 -3.164063 1.630859 0.0 -2.353516 2.758789 0.0 -2.011719 3.632813 0.0 -1.557617 4.711914 0.0 -1.181641
5.1816  0.1904297 0.0 -3.168945 1.625977 0.0 -2.358398 2.758789 0.0 -2.016602 3.632813 0.0 -1.557617 4.711914 0.0 -1.186523
5.1832  0.1904297 0.0 -3.168945 1.625977 0.0 -2.363281 2.753906 0.0 -2.021484 3.62793 0.0 -1.5625 4.711914 0.0 -1.191406
5.1848  0.1904297 0.0 -3.173828 1.625977 0.0 -2.368164 2.753906 0.0 -2.026367 3.62793 0.0 -1.567383 4.711914 0.0 -1.191406
5.1864  0.1904297 0.0 -3.173828 1.625977 0.0 -2.368164 2.753906 0.0 -2.03125 3.62793 0.0 -1.572266 4.707031 0.0 -1.196289
5.188  0.1904297 0.0 -3.173828 1.625977 0.0 -2.373047 2.753906 0.0 -2.036133 3.62793 0.0 -1.577148 4.707031 0.0 -1.201172
5.1896  0.1904297 0.0 -3.178711 1.621094 0.0 -2.373047 2.753906 0.0 -2.041016 3.62793 0.0 -1.577148 4.707031 0.0 -1.201172
5.1912  0.1904297 0.0 -3.178711 1.621094 0.0 -2.37793 2.753906 0.0 -2.045898 3.62793 0.0 -1.582031 4.707031 0.0 -1.206055
5.1928  0.1904297 0.0 -3.178711 1.621094 0.0 -2.37793 2.753906 0.0 -2.050781 3.62793 0.0 -1.586914 4.707031 0.0 -1.210938
5.1944  0.1855469 0.0 -3.178711 1.621094 0.0 -2.382813 2.753906 0.0 -2.055664 3.623047 0.0 -1.586914 4.702148 0.0 -1.210938
5.196  0.1855469 0.0 -3.178711 1.621094 0.0 -2.382813 2.753906 0.0 -2.055664 3.623047 0.0 -1.591797 4.702148 0.0 -1.21582
5.1976  0.1855469 0.0 -3.183594 1.616211 0.0 -2.382813 2.753906 0.0 -2.060547 3.623047 0.0 -1.591797 4.702148 0.0 -1.21582
5.1992  0.1855469 0.0 -3.183594 1.616211 0.0 -2.387695 2.753906 0.0 -2.06543 3.623047 0.0 -1.591797 4.702148 0.0 -1.21582
5.2008  0.1855469 0.0 -3.183594 1.616211 0.0 -2.387695 2.753906 0.0 -2.06543 3.623047 0.0 -1.59668 4.702148 0.0 -1.220703
5.2024  0.1855469 0.0 -3.183594 1.616211 0.0 -2.387695 2.753906 0.0 -2.070313 3.623047 0.0 -1.59668 4.702148 0.0 -1.220703
5.204  0.1855469 0.0 -3.183594 1.616211 0.0 -2.387695 2.753906 0.0 -2.070313 3.623047 0.0 -1.59668 4.702148 0.0 -1.225586
5.2056  0.1855469 0.0 -3.183594 1.616211 0.0 -2.387695 2.753906 0.0 -2.070313 3.623047 0.0 -1.59668 4.702148 0.0 -1.225586
5.2072  0.1855469 0.0 -3.183594 1.616211 0.0 -2.387695 2.753906 0.0 -2.075195 3.62793 0.0 -1.601563 4.702148 0.0 -1.225586
5.2088  0.1855469 0.0 -3.178711 1.611328 0.0 -2.387695 2.753906 0.0 -2.075195 3.62793 0.0 -1.601563 4.702148 0.0 -1.230469
5.2104  0.1855469 0.0 -3.178711 1.611328 0.0 -2.387695 2.753906 0.0 -2.075195 3.62793 0.0 -1.601563 4.702148 0.0 -1.230469
5.212  0.1855469 0.0 -3.178711 1.611328 0.0 -2.387695 2.753906 0.0 -2.075195 3.62793 0.0 -1.601563 4.702148 0.0 -1.230469
5.2136  0.1855469 0.0 -3.178711 1.611328 0.0 -2.382813 2.753906 0.0 -2.075195 3.62793 0.0 -1.601563 4.702148 0.0 -1.230469
5.2152  0.1855469 0.0 -3.178711 1.611328 0.0 -2.382813 2.753906 0.0 -2.075195 3.62793 0.0 -1.601563 4.707031 0.0 -1.235352
5.2168  0.1855469 0.0 -3.173828 1.611328 0.0 -2.382813 2.753906 0.0 -2.075195 3.62793 0.0 -1.601563 4.707031 0.0 -1.235352
5.2184  0.1904297 0.0 -3.173828 1.611328 0.0 -2.37793 2.753906 0.0 -2.075195 3.632813 0.0 -1.601563 4.707031 0.0 -1.235352
5.22  0.1904297 0.0 -3.173828 1.611328 0.0 -2.37793 2.753906 0.0 -2.075195 3.632813 0.0 -1.601563 4.707031 0.0 -1.235352
5.2216  0.1904297 0.0 -3.173828 1.611328 0.0 -2.373047 2.753906 0.0 -2.075195 3.632813 0.0 -1.601563 4.707031 0.0 -1.240234
5.2232  0.1904297 0.0 -3.168945 1.611328 0.0 -2.373047 2.753906 0.0 -2.075195 3.632813 0.0 -1.601563 4.711914 0.0 -1.240234
5.2248  0.1904297 0.0 -3.168945 1.611328 0.0 -2.368164 2.753906 0.0 -2.075195 3.637695 0.0 -1.601563 4.711914 0.0 -1.240234
5.2264  0.1904297 0.0 -3.164063 1.611328 0.0 -2.368164 2.753906 0.0 -2.070313 3.637695 0.0 -1.601563 4.711914 0.0 -1.240234
5.228  0.1904297 0.0 -3.164063 1.616211 0.0 -2.363281 2.753906 0.0 -2.070313 3.637695 0.0 -1.59668 4.711914 0.0 -1.240234
5.2296  0.1953125 0.0 -3.15918 1.616211 0.0 -2.358398 2.753906 0.0 -2.070313 3.637695 0.0 -1.59668 4.716797 0.0 -1.240234
5.2312  0.1953125 0.0 -3.15918 1.616211 0.0 -2.358398 2.753906 0.0 -2.06543 3.642578 0.0 -1.59668 4.716797 0.0 -1.245117
5.2328  0.1953125 0.0 -3.154297 1.616211 0.0 -2.353516 2.753906 0.0 -2.06543 3.642578 0.0 -1.59668 4.716797 0.0 -1.245117
5.2344  0.1953125 0.0 -3.154297 1.616211 0.0 -2.348633 2.753906 0.0 -2.060547 3.642578 0.0 -1.59668 4.72168 0.0 -1.245117
5.236  0.1953125 0.0 -3.149414 1.616211 0.0 -2.34375 2.758789 0.0 -2.060547 3.642578 0.0 -1.59668 4.72168 0.0 -1.245117
5.2376  0.2001953 0.0 -3.149414 1.616211 0.0 -2.34375 2.758789 0.0 -2.055664 3.647461 0.0 -1.591797 4.726563 0.0 -1.245117
5.2392  0.2001953 0.0 -3.144531 1.616211 0.0 -2.338867 2.758789 0.0 -2.055664 3.647461 0.0 -1.591797 4.726563 0.0 -1.245117
5.2408  0.2001953 0.0 -3.139648 1.616211 0.0 -2.333984 2.758789 0.0 -2.050781 3.647461 0.0 -1.591797 4.726563 0.0 -1.25
5.2424  0.2001953 0.0 -3.139648 1.616211 0.0 -2.329102 2.758789 0.0 -2.050781 3.652344 0.0 -1.591797 4.731445 0.0 -1.25
5.244  0.2001953 0.0 -3.134766 1.616211 0.0 -2.324219 2.758789 0.0 -2.045898 3.652344 0.0 -1.586914 4.731445 0.0 -1.25
5.2456  0.2050781 0.0 -3.129883 1.616211 0.0 -2.319336 2.758789 0.0 -2.045898 3.652344 0.0 -1.586914 4.736328 0.0 -1.25
5.2472  0.2050781 0.0 -3.125 1.616211 0.0 -2.314453 2.758789 0.0 -2.041016 3.652344 0.0 -1.586914 4.736328 0.0 -1.25
5.2488  0.2050781 0.0 -3.120117 1.616211 0.0 -2.30957 2.758789 0.0 -2.036133 3.657227 0.0 -1.582031 4.736328 0.0 -1.25
5.2504  0.2050781 0.0 -3.120117 1.616211 0.0 -2.304688 2.758789 0.0 -2.036133 3.657227 0.0 -1.582031 4.741211 0.0 -1.25
5.252  0.2099609 0.0 -3.115234 1.616211 0.0 -2.294922 2.758789 0.0 -2.03125 3.657227 0.0 -1.577148 4.741211 0.0 -1.254883
5.2536  0.2099609 0.0 -3.110352 1.616211 0.0 -2.290039 2.763672 0.0 -2.026367 3.657227 0.0 -1.577148 4.746094 0.0 -1.254883
5.2552  0.2099609 0.0 -3.105469 1.616211 0.0 -2.285156 2.763672 0.0 -2.021484 3.662109 0.0 -1.577148 4.746094 0.0 -1.254883
5.2568  0.2099609 0.0 -3.100586 1.616211 0.0 -2.280273 2.763672 0.0 -2.016602 3.662109 0.0 -1.572266 4.750977 0.0 -1.254883
5.2584  0.2099609 0.0 -3.095703 1.616211 0.0 -2.275391 2.763672 0.0 -2.016602 3.662109 0.0 -1.572266 4.750977 0.0 -1.254883
5.26  0.2148438 0.0 -3.09082 1.616211 0.0 -2.265625 2.763672 0.0 -2.011719 3.666992 0.0 -1.567383 4.755859 0.0 -1.254883
5.2616  0.2148438 0.0 -3.085938 1.616211 0.0 -2.260742 2.763672 0.0 -2.006836 3.666992 0.0 -1.5625 4.755859 0.0 -1.254883
5.2632  0.2148438 0.0 -3.081055 1.616211 0.0 -2.255859 2.763672 0.0 -2.001953 3.666992 0.0 -1.5625 4.760742 0.0 -1.254883
5.2648  0.2148438 0.0 -3.076172 1.616211 0.0 -2.246094 2.763672 0.0 -1.99707 3.666992 0.0 -1.557617 4.760742 0.0 -1.254883
5.2664  0.2197266 0.0 -3.071289 1.621094 0.0 -2.241211 2.768555 0.0 -1.992188 3.671875 0.0 -1.557617 4.765625 0.0 -1.254883
5.268  0.2197266 0.0 -3.066406 1.621094 0.0 -2.231445 2.768555 0.0 -1.987305 3.671875 0.0 -1.552734 4.765625 0.0 -1.254883
5.2696  0.2197266 0.0 -3.061523 1.621094 0.0 -2.226563 2.768555 0.0 -1.982422 3.671875 0.0 -1.547852 4.770508 0.0 -1.254883
5.2712  0.2197266 0.0 -3.056641 1.621094 0.0 -2.22168 2.768555 0.0 -1.972656 3.676758 0.0 -1.547852 4.770508 0.0 -1.254883
5.2728  0.2246094 0.0 -3.046875 1.621094 0.0 -2.211914 2.768555 0.0 -1.967773 3.676758 0.0 -1.542969 4.775391 0.0 -1.25
5.2744  0.2246094 0.0 -3.041992 1.621094 0.0 -2.207031 2.768555 0.0 -1.962891 3.676758 0.0 -1.538086 4.775391 0.0 -1.25
5.276  0.2246094 0.0 -3.037109 1.621094 0.0 -2.197266 2.768555 0.0 -1.958008 3.681641 0.0 -1.538086 4.780273 0.0 -1.25
5.2776  0.2246094 0.0 -3.032227 1.621094 0.0 -2.1875 2.768555 0.0 -1.953125 3.681641 0.0 -1.533203 4.780273 0.0 -1.25
5.2792  0.2246094 0.0 -3.027344 1.621094 0.0 -2.182617 2.768555 0.0 -1.943359 3.681641 0.0 -1.52832 4.785156 0.0 -1.25
5.2808  0.2246094 0.0 -3.017578 1.621094 0.0 -2.172852 2.773438 0.0 -1.938477 3.681641 0.0 -1.52832 4.785156 0.0 -1.25
5.2824  0.2294922 0.0 -3.012695 1.621094 0.0 -2.167969 2.773438 0.0 -1.933594 3.686523 0.0 -1.523438 4.790039 0.0 -1.25
5.284  0.2294922 0.0 -3.007813 1.621094 0.0 -2.158203 2.773438 0.0 -1.923828 3.686523 0.0 -1.518555 4.790039 0.0 -1.245117
5.2856  0.2294922 0.0 -3.00293 1.621094 0.0 -2.148438 2.773438 0.0 -1.918945 3.686523 0.0 -1.513672 4.790039 0.0 -1.245117
5.2872  0.2294922 0.0 -2.993164 1.621094 0.0 -2.143555 2.773438 0.0 -1.90918 3.691406 0.0 -1.508789 4.794922 0.0 -1.245117
5.2888  0.2294922 0.0 -2.988281 1.621094 0.0 -2.133789 2.773438 0.0 -1.904297 3.691406 0.0 -1.508789 4.794922 0.0 -1.245117
5.2904  0.2294922 0.0 -2.983398 1.621094 0.0 -2.124023 2.773438 0.0 -1.899414 3.691406 0.0 -1.503906 4.799805 0.0 -1.245117
5.292  0.2294922 0.0 -2.973633 1.621094 0.0 -2.119141 2.768555 0.0 -1.889648 3.691406 0.0 -1.499023 4.799805 0.0 -1.240234
5.2936  0.2294922 0.0 -2.96875 1.616211 0.0 -2.109375 2.768555 0.0 -1.884766 3.691406 0.0 -1.494141 4.799805 0.0 -1.240234
5.2952  0.2294922 0.0 -2.963867 1.616211 0.0 -2.099609 2.768555 0.0 -1.875 3.696289 0.0 -1.489258 4.804688 0.0 -1.240234
5.2968  0.2294922 0.0 -2.954102 1.616211 0.0 -2.089844 2.768555 0.0 -1.870117 3.696289 0.0 -1.484375 4.804688 0.0 -1.240234
5.2984  0.2294922 0.0 -2.949219 1.616211 0.0 -2.084961 2.768555 0.0 -1.860352 3.696289 0.0 -1.484375 4.80957 0.0 -1.235352
5.3  0.2294922 0.0 -2.944336 1.616211 0.0 -2.075195 2.768555 0.0 -1.855469 3.696289 0.0 -1.479492 4.80957 0.0 -1.235352
5.3016  0.2294922 0.0 -2.93457 1.616211 0.0 -2.06543 2.768555 0.0 -1.845703 3.696289 0.0 -1.474609 4.80957 0.0 -1.235352
5.3032  0.2294922 0.0 -2.929688 1.616211 0.0 -2.055664 2.768555 0.0 -1.84082 3.701172 0.0 -1.469727 4.814453 0.0 -1.235352
5.3048  0.2246094 0.0 -2.919922 1.611328 0.0 -2.045898 2.768555 0.0 -1.831055 3.701172 0.0 -1.464844 4.814453 0.0 -1.230469
5.3064  0.2246094 0.0 -2.915039 1.611328 0.0 -2.041016 2.768555 0.0 -1.821289 3.701172 0.0 -1.459961 4.814453 0.0 -1.230469
5.308  0.2246094 0.0 -2.905273 1.611328 0.0 -2.03125 2.768555 0.0 -1.816406 3.701172 0.0 -1.455078 4.819336 0.0 -1.230469
5.3096  0.2246094 0.0 -2.900391 1.611328 0.0 -2.021484 2.763672 0.0 -1.806641 3.701172 0.0 -1.450195 4.819336 0.0 -1.230469
5.3112  0.2246094 0.0 -2.895508 1.611328 0.0 -2.011719 2.763672 0.0 -1.801758 3.701172 0.0 -1.445313 4.819336 0.0 -1.225586
5.3128  0.2246094 0.0 -2.885742 1.611328 0.0 -2.001953 2.763672 0.0 -1.791992 3.706055 0.0 -1.445313 4.819336 0.0 -1.225586
5.3144  0.2246094 0.0 -2.880859 1.611328 0.0 -1.992188 2.763672 0.0 -1.787109 3.706055 0.0 -1.44043 4.824219 0.0 -1.225586
5.316  0.2246094 0.0 -2.871094 1.606445 0.0 -1.987305 2.763672 0.0 -1.777344 3.706055 0.0 -1.435547 4.824219 0.0 -1.225586
5.3176  0.2246094 0.0 -2.866211 1.606445 0.0 -1.977539 2.763672 0.0 -1.772461 3.706055 0.0 -1.430664 4.824219 0.0 -1.220703
5.3192  0.2246094 0.0 -2.856445 1.606445 0.0 -1.967773 2.763672 0.0 -1.762695 3.706055 0.0 -1.425781 4.829102 0.0 -1.220703
5.3208  0.2246094 0.0 -2.851563 1.606445 0.0 -1.958008 2.763672 0.0 -1.75293 3.706055 0.0 -1.420898 4.829102 0.0 -1.220703
5.3224  0.2246094 0.0 -2.84668 1.606445 0.0 -1.948242 2.763672 0.0 -1.748047 3.710938 0.0 -1.416016 4.829102 0.0 -1.220703
5.324  0.2246094 0.0 -2.836914 1.606445 0.0 -1.938477 2.763672 0.0 -1.738281 3.710938 0.0 -1.411133 4.829102 0.0 -1.21582
5.3256  0.2197266 0.0 -2.832031 1.601563 0.0 -1.933594 2.763672 0.0 -1.733398 3.710938 0.0 -1.40625 4.833984 0.0 -1.21582
5.3272  0.2197266 0.0 -2.822266 1.601563 0.0 -1.923828 2.758789 0.0 -1.723633 3.710938 0.0 -1.401367 4.833984 0.0 -1.21582
5.3288  0.2197266 0.0 -2.817383 1.601563 0.0 -1.914063 2.758789 0.0 -1.71875 3.710938 0.0 -1.396484 4.833984 0.0 -1.21582
5.3304  0.2197266 0.0 -2.807617 1.601563 0.0 -1.904297 2.758789 0.0 -1.708984 3.710938 0.0 -1.396484 4.833984 0.0 -1.210938
5.332  0.2197266 0.0 -2.802734 1.601563 0.0 -1.894531 2.758789 0.0 -1.704102 3.710938 0.0 -1.391602 4.833984 0.0 -1.210938
5.3336  0.2197266 0.0 -2.792969 1.601563 0.0 -1.889648 2.758789 0.0 -1.694336 3.71582 0.0 -1.386719 4.838867 0.0 -1.210938
5.3352  0.2148438 0.0 -2.788086 1.601563 0.0 -1.879883 2.758789 0.0 -1.689453 3.71582 0.0 -1.381836 4.838867 0.0 -1.210938
5.3368  0.2148438 0.0 -2.77832 1.59668 0.0 -1.870117 2.758789 0.0 -1.679688 3.71582 0.0 -1.376953 4.838867 0.0 -1.210938
5.3384  0.2148438 0.0 -2.768555 1.59668 0.0 -1.860352 2.758789 0.0 -1.674805 3.71582 0.0 -1.37207 4.838867 0.0 -1.206055
5.34  0.2099609 0.0 -2.763672 1.59668 0.0 -1.855469 2.758789 0.0 -1.665039 3.71582 0.0 -1.367188 4.838867 0.0 -1.206055
5.3416  0.2099609 0.0 -2.753906 1.59668 0.0 -1.845703 2.753906 0.0 -1.660156 3.71582 0.0 -1.362305 4.84375 0.0 -1.206055
5.3432  0.2099609 0.0 -2.749023 1.59668 0.0 -1.835938 2.753906 0.0 -1.650391 3.71582 0.0 -1.357422 4.84375 0.0 -1.201172
5.3448  0.2099609 0.0 -2.739258 1.591797 0.0 -1.826172 2.753906 0.0 -1.645508 3.71582 0.0 -1.357422 4.84375 0.0 -1.201172
5.3464  0.2050781 0.0 -2.734375 1.591797 0.0 -1.821289 2.753906 0.0 -1.635742 3.71582 0.0 -1.352539 4.84375 0.0 -1.201172
5.348  0.2050781 0.0 -2.724609 1.591797 0.0 -1.811523 2.753906 0.0 -1.630859 3.71582 0.0 -1.347656 4.84375 0.0 -1.201172
5.3496  0.2050781 0.0 -2.719727 1.591797 0.0 -1.801758 2.753906 0.0 -1.621094 3.720703 0.0 -1.342773 4.84375 0.0 -1.196289
5.3512  0.2001953 0.0 -2.709961 1.586914 0.0 -1.796875 2.753906 0.0 -1.616211 3.720703 0.0 -1.337891 4.84375 0.0 -1.196289
5.3528  0.2001953 0.0 -2.705078 1.586914 0.0 -1.787109 2.753906 0.0 -1.606445 3.720703 0.0 -1.333008 4.848633 0.0 -1.196289
5.3544  0.1953125 0.0 -2.695313 1.586914 0.0 -1.777344 2.749023 0.0 -1.601563 3.720703 0.0 -1.328125 4.848633 0.0 -1.191406
5.356  0.1953125 0.0 -2.69043 1.586914 0.0 -1.772461 2.749023 0.0 -1.591797 3.720703 0.0 -1.323242 4.848633 0.0 -1.191406
5.3576  0.1953125 0.0 -2.685547 1.586914 0.0 -1.762695 2.749023 0.0 -1.586914 3.720703 0.0 -1.318359 4.848633 0.0 -1.191406
5.3592  0.1953125 0.0 -2.675781 1.586914 0.0 -1.757813 2.749023 0.0 -1.577148 3.720703 0.0 -1.318359 4.848633 0.0 -1.186523
5.3608  0.1904297 0.0 -2.670898 1.582031 0.0 -1.748047 2.749023 0.0 -1.572266 3.720703 0.0 -1.313477 4.848633 0.0 -1.186523
5.3624  0.1904297 0.0 -2.661133 1.582031 0.0 -1.738281 2.749023 0.0 -1.567383 3.725586 0.0 -1.308594 4.853516 0.0 -1.186523
5.364  0.1904297 0.0 -2.65625 1.582031 0.0 -1.733398 2.749023 0.0 -1.557617 3.725586 0.0 -1.303711 4.853516 0.0 -1.181641
5.3656  0.1855469 0.0 -2.651367 1.582031 0.0 -1.723633 2.749023 0.0 -1.552734 3.725586 0.0 -1.298828 4.853516 0.0 -1.181641
5.3672  0.1855469 0.0 -2.641602 1.582031 0.0 -1.71875 2.749023 0.0 -1.542969 3.725586 0.0 -1.293945 4.853516 0.0 -1.181641
5.3688  0.1855469 0.0 -2.636719 1.582031 0.0 -1.713867 2.749023 0.0 -1.538086 3.725586 0.0 -1.289063 4.853516 0.0 -1.176758
5.3704  0.1855469 0.0 -2.626953 1.582031 0.0 -1.704102 2.749023 0.0 -1.533203 3.730469 0.0 -1.28418 4.858398 0.0 -1.176758
5.372  0.1806641 0.0 -2.62207 1.582031 0.0 -1.699219 2.749023 0.0 -1.523438 3.730469 0.0 -1.279297 4.858398 0.0 -1.171875
5.3736  0.1806641 0.0 -2.617188 1.577148 0.0 -1.689453 2.749023 0.0 -1.518555 3.730469 0.0 -1.279297 4.858398 0.0 -1.171875
5.3752  0.1806641 0.0 -2.607422 1.577148 0.0 -1.68457 2.749023 0.0 -1.513672 3.730469 0.0 -1.274414 4.858398 0.0 -1.166992
5.3768  0.1806641 0.0 -2.602539 1.577148 0.0 -1.679688 2.749023 0.0 -1.503906 3.735352 0.0 -1.269531 4.858398 0.0 -1.166992
5.3784  0.1757813 0.0 -2.597656 1.577148 0.0 -1.669922 2.749023 0.0 -1.499023 3.735352 0.0 -1.264648 4.863281 0.0 -1.166992
5.38  0.1757813 0.0 -2.587891 1.577148 0.0 -1.665039 2.749023 0.0 -1.494141 3.735352 0.0 -1.259766 4.863281 0.0 -1.162109
5.3816  0.1757813 0.0 -2.583008 1.577148 0.0 -1.660156 2.749023 0.0 -1.484375 3.735352 0.0 -1.254883 4.863281 0.0 -1.162109
5.3832  0.1757813 0.0 -2.578125 1.577148 0.0 -1.655273 2.749023 0.0 -1.479492 3.740234 0.0 -1.25 4.863281 0.0 -1.157227
5.3848  0.1757813 0.0 -2.568359 1.577148 0.0 -1.645508 2.749023 0.0 -1.474609 3.740234 0.0 -1.245117 4.868164 0.0 -1.157227
5.3864  0.1708984 0.0 -2.563477 1.577148 0.0 -1.640625 2.749023 0.0 -1.469727 3.740234 0.0 -1.245117 4.868164 0.0 -1.152344
5.388  0.1708984 0.0 -2.558594 1.577148 0.0 -1.635742 2.749023 0.0 -1.459961 3.740234 0.0 -1.240234 4.868164 0.0 -1.152344
5.3896  0.1708984 0.0 -2.553711 1.577148 0.0 -1.630859 2.753906 0.0 -1.455078 3.745117 0.0 -1.235352 4.868164 0.0 -1.147461
5.3912  0.1708984 0.0 -2.543945 1.577148 0.0 -1.625977 2.753906 0.0 -1.450195 3.745117 0.0 -1.230469 4.868164 0.0 -1.147461
5.3928  0.1708984 0.0 -2.539063 1.577148 0.0 -1.621094 2.753906 0.0 -1.445313 3.745117 0.0 -1.225586 4.873047 0.0 -1.142578
5.3944  0.1660156 0.0 -2.53418 1.577148 0.0 -1.616211 2.753906 0.0 -1.44043 3.745117 0.0 -1.225586 4.873047 0.0 -1.142578
5.396  0.1660156 0.0 -2.524414 1.577148 0.0 -1.611328 2.753906 0.0 -1.435547 3.75 0.0 -1.220703 4.873047 0.0 -1.142578
5.3976  0.1660156 0.0 -2.519531 1.577148 0.0 -1.606445 2.753906 0.0 -1.425781 3.75 0.0 -1.21582 4.873047 0.0 -1.137695
5.3992  0.1660156 0.0 -2.514648 1.577148 0.0 -1.601563 2.753906 0.0 -1.420898 3.75 0.0 -1.210938 4.87793 0.0 -1.137695
5.4008  0.1611328 0.0 -2.509766 1.577148 0.0 -1.59668 2.753906 0.0 -1.416016 3.75 0.0 -1.210938 4.87793 0.0 -1.132813
5.4024  0.1611328 0.0 -2.5 1.577148 0.0 -1.591797 2.753906 0.0 -1.411133 3.75 0.0 -1.206055 4.87793 0.0 -1.132813
5.404  0.1611328 0.0 -2.495117 1.577148 0.0 -1.586914 2.753906 0.0 -1.40625 3.754883 0.0 -1.201172 4.87793 0.0 -1.132813
5.4056  0.15625 0.0 -2.490234 1.577148 0.0 -1.582031 2.753906 0.0 -1.401367 3.754883 0.0 -1.201172 4.87793 0.0 -1.12793
5.4072  0.15625 0.0 -2.480469 1.577148 0.0 -1.577148 2.753906 0.0 -1.401367 3.754883 0.0 -1.196289 4.87793 0.0 -1.12793
5.4088  0.15625 0.0 -2.475586 1.577148 0.0 -1.572266 2.753906 0.0 -1.396484 3.754883 0.0 -1.196289 4.87793 0.0 -1.12793
5.4104  0.1513672 0.0 -2.470703 1.577148 0.0 -1.567383 2.753906 0.0 -1.391602 3.754883 0.0 -1.191406 4.882813 0.0 -1.123047
5.412  0.1513672 0.0 -2.46582 1.577148 0.0 -1.5625 2.753906 0.0 -1.386719 3.754883 0.0 -1.191406 4.882813 0.0 -1.123047
5.4136  0.1513672 0.0 -2.456055 1.577148 0.0 -1.557617 2.753906 0.0 -1.381836 3.759766 0.0 -1.186523 4.882813 0.0 -1.123047
5.4152  0.1464844 0.0 -2.451172 1.577148 0.0 -1.557617 2.753906 0.0 -1.376953 3.759766 0.0 -1.186523 4.882813 0.0 -1.123047
5.4168  0.1464844 0.0 -2.446289 1.577148 0.0 -1.552734 2.753906 0.0 -1.376953 3.759766 0.0 -1.181641 4.882813 0.0 -1.118164
5.4184  0.1464844 0.0 -2.441406 1.577148 0.0 -1.547852 2.753906 0.0 -1.37207 3.759766 0.0 -1.181641 4.882813 0.0 -1.118164
5.42  0.1416016 0.0 -2.431641 1.572266 0.0 -1.542969 2.753906 0.0 -1.367188 3.759766 0.0 -1.176758 4.882813 0.0 -1.118164
5.4216  0.1416016 0.0 -2.426758 1.572266 0.0 -1.542969 2.753906 0.0 -1.367188 3.759766 0.0 -1.176758 4.887695 0.0 -1.118164
5.4232  0.1416016 0.0 -2.421875 1.572266 0.0 -1.538086 2.753906 0.0 -1.362305 3.764648 0.0 -1.171875 4.887695 0.0 -1.113281
5.4248  0.1367188 0.0 -2.416992 1.572266 0.0 -1.533203 2.753906 0.0 -1.362305 3.764648 0.0 -1.171875 4.887695 0.0 -1.113281
5.4264  0.1367188 0.0 -2.407227 1.572266 0.0 -1.52832 2.753906 0.0 -1.357422 3.764648 0.0 -1.171875 4.887695 0.0 -1.113281
5.428  0.1367188 0.0 -2.402344 1.572266 0.0 -1.52832 2.753906 0.0 -1.352539 3.764648 0.0 -1.166992 4.887695 0.0 -1.113281
5.4296  0.1318359 0.0 -2.397461 1.572266 0.0 -1.523438 2.753906 0.0 -1.352539 3.764648 0.0 -1.166992 4.887695 0.0 -1.108398
5.4312  0.1318359 0.0 -2.392578 1.572266 0.0 -1.518555 2.753906 0.0 -1.347656 3.764648 0.0 -1.166992 4.887695 0.0 -1.108398
5.4328  0.1318359 0.0 -2.387695 1.572266 0.0 -1.518555 2.753906 0.0 -1.347656 3.769531 0.0 -1.166992 4.887695 0.0 -1.108398
5.4344  0.1269531 0.0 -2.37793 1.572266 0.0 -1.513672 2.753906 0.0 -1.347656 3.769531 0.0 -1.162109 4.887695 0.0 -1.108398
5.436  0.1269531 0.0 -2.373047 1.572266 0.0 -1.508789 2.758789 0.0 -1.342773 3.769531 0.0 -1.162109 4.892578 0.0 -1.108398
5.4376  0.1269531 0.0 -2.368164 1.572266 0.0 -1.508789 2.758789 0.0 -1.342773 3.769531 0.0 -1.162109 4.892578 0.0 -1.103516
5.4392  0.1220703 0.0 -2.363281 1.572266 0.0 -1.503906 2.758789 0.0 -1.337891 3.769531 0.0 -1.162109 4.892578 0.0 -1.103516
5.4408  0.1220703 0.0 -2.358398 1.572266 0.0 -1.503906 2.758789 0.0 -1.337891 3.769531 0.0 -1.157227 4.892578 0.0 -1.103516
5.4424  0.1171875 0.0 -2.348633 1.572266 0.0 -1.499023 2.758789 0.0 -1.337891 3.769531 0.0 -1.157227 4.892578 0.0 -1.103516
5.444  0.1171875 0.0 -2.34375 1.572266 0.0 -1.494141 2.758789 0.0 -1.333008 3.774414 0.0 -1.157227 4.892578 0.0 -1.103516
5.4456  0.1171875 0.0 -2.338867 1.572266 0.0 -1.494141 2.758789 0.0 -1.333008 3.774414 0.0 -1.157227 4.892578 0.0 -1.098633
5.4472  0.1123047 0.0 -2.333984 1.572266 0.0 -1.489258 2.758789 0.0 -1.333008 3.774414 0.0 -1.157227 4.892578 0.0 -1.098633
5.4488  0.1123047 0.0 -2.324219 1.572266 0.0 -1.489258 2.758789 0.0 -1.333008 3.774414 0.0 -1.157227 4.892578 0.0 -1.098633
5.4504  0.1074219 0.0 -2.319336 1.572266 0.0 -1.484375 2.758789 0.0 -1.328125 3.774414 0.0 -1.152344 4.892578 0.0 -1.098633
5.452  0.1074219 0.0 -2.314453 1.572266 0.0 -1.484375 2.758789 0.0 -1.328125 3.774414 0.0 -1.152344 4.897461 0.0 -1.098633
5.4536  0.1074219 0.0 -2.30957 1.567383 0.0 -1.479492 2.758789 0.0 -1.328125 3.774414 0.0 -1.152344 4.897461 0.0 -1.098633
5.4552  0.1025391 0.0 -2.304688 1.567383 0.0 -1.479492 2.758789 0.0 -1.328125 3.774414 0.0 -1.152344 4.897461 0.0 -1.098633
5.4568  0.1025391 0.0 -2.294922 1.567383 0.0 -1.474609 2.758789 0.0 -1.328125 3.774414 0.0 -1.152344 4.897461 0.0 -1.09375
5.4584  0.09765625 0.0 -2.290039 1.567383 0.0 -1.474609 2.758789 0.0 -1.328125 3.774414 0.0 -1.152344 4.897461 0.0 -1.09375
5.46  0.09765625 0.0 -2.285156 1.567383 0.0 -1.469727 2.758789 0.0 -1.328125 3.774414 0.0 -1.152344 4.897461 0.0 -1.09375
5.4616  0.09277344 0.0 -2.280273 1.567383 0.0 -1.469727 2.758789 0.0 -1.323242 3.774414 0.0 -1.152344 4.897461 0.0 -1.09375
5.4632  0.09277344 0.0 -2.270508 1.567383 0.0 -1.464844 2.758789 0.0 -1.323242 3.774414 0.0 -1.152344 4.897461 0.0 -1.09375
5.4648  0.08789063 0.0 -2.265625 1.567383 0.0 -1.464844 2.758789 0.0 -1.323242 3.774414 0.0 -1.152344 4.897461 0.0 -1.09375
5.4664  0.08789063 0.0 -2.260742 1.567383 0.0 -1.459961 2.758789 0.0 -1.323242 3.774414 0.0 -1.157227 4.897461 0.0 -1.09375
5.468  0.08300781 0.0 -2.255859 1.5625 0.0 -1.459961 2.758789 0.0 -1.328125 3.774414 0.0 -1.157227 4.897461 0.0 -1.09375
5.4696  0.08300781 0.0 -2.250977 1.5625 0.0 -1.455078 2.758789 0.0 -1.328125 3.774414 0.0 -1.157227 4.897461 0.0 -1.09375
5.4712  0.078125 0.0 -2.241211 1.5625 0.0 -1.455078 2.758789 0.0 -1.328125 3.774414 0.0 -1.157227 4.897461 0.0 -1.09375
5.4728  0.078125 0.0 -2.236328 1.5625 0.0 -1.455078 2.758789 0.0 -1.328125 3.774414 0.0 -1.157227 4.897461 0.0 -1.09375
5.4744  0.07324219 0.0 -2.231445 1.5625 0.0 -1.450195 2.753906 0.0 -1.328125 3.774414 0.0 -1.157227 4.897461 0.0 -1.09375
5.476  0.07324219 0.0 -2.226563 1.5625 0.0 -1.450195 2.753906 0.0 -1.328125 3.774414 0.0 -1.162109 4.897461 0.0 -1.09375
5.4776  0.06835938 0.0 -2.216797 1.5625 0.0 -1.450195 2.753906 0.0 -1.328125 3.774414 0.0 -1.162109 4.897461 0.0 -1.09375
5.4792  0.06835938 0.0 -2.211914 1.5625 0.0 -1.445313 2.753906 0.0 -1.333008 3.774414 0.0 -1.162109 4.892578 0.0 -1.09375
5.4808  0.06347656 0.0 -2.207031 1.5625 0.0 -1.445313 2.753906 0.0 -1.333008 3.774414 0.0 -1.162109 4.892578 0.0 -1.09375
5.4824  0.06347656 0.0 -2.202148 1.557617 0.0 -1.44043 2.753906 0.0 -1.333008 3.774414 0.0 -1.162109 4.892578 0.0 -1.09375
5.484  0.05859375 0.0 -2.197266 1.557617 0.0 -1.44043 2.753906 0.0 -1.333008 3.774414 0.0 -1.166992 4.892578 0.0 -1.09375
5.4856  0.05859375 0.0 -2.1875 1.557617 0.0 -1.44043 2.753906 0.0 -1.337891 3.769531 0.0 -1.166992 4.892578 0.0 -1.09375
5.4872  0.05371094 0.0 -2.182617 1.557617 0.0 -1.435547 2.753906 0.0 -1.337891 3.769531 0.0 -1.166992 4.892578 0.0 -1.09375
5.4888  0.05371094 0.0 -2.177734 1.557617 0.0 -1.435547 2.753906 0.0 -1.337891 3.769531 0.0 -1.171875 4.892578 0.0 -1.09375
5.4904  0.04882813 0.0 -2.172852 1.557617 0.0 -1.435547 2.753906 0.0 -1.342773 3.769531 0.0 -1.171875 4.892578 0.0 -1.09375
5.492  0.04882813 0.0 -2.167969 1.557617 0.0 -1.435547 2.753906 0.0 -1.342773 3.769531 0.0 -1.171875 4.892578 0.0 -1.098633
5.4936  0.04394531 0.0 -2.163086 1.557617 0.0 -1.430664 2.753906 0.0 -1.342773 3.769531 0.0 -1.171875 4.892578 0.0 -1.098633
5.4952  0.04394531 0.0 -2.15332 1.557617 0.0 -1.430664 2.753906 0.0 -1.347656 3.769531 0.0 -1.176758 4.892578 0.0 -1.098633
5.4968  0.04394531 0.0 -2.148438 1.557617 0.0 -1.430664 2.753906 0.0 -1.347656 3.769531 0.0 -1.176758 4.892578 0.0 -1.098633
5.4984  0.0390625 0.0 -2.143555 1.557617 0.0 -1.430664 2.753906 0.0 -1.347656 3.769531 0.0 -1.176758 4.892578 0.0 -1.098633
5.5  0.0390625 0.0 -2.138672 1.557617 0.0 -1.425781 2.753906 0.0 -1.352539 3.769531 0.0 -1.181641 4.892578 0.0 -1.098633
5.5016  0.03417969 0.0 -2.133789 1.5625 0.0 -1.425781 2.753906 0.0 -1.352539 3.769531 0.0 -1.181641 4.892578 0.0 -1.098633
5.5032  0.03417969 0.0 -2.128906 1.5625 0.0 -1.425781 2.753906 0.0 -1.357422 3.769531 0.0 -1.186523 4.892578 0.0 -1.098633
5.5048  0.03417969 0.0 -2.124023 1.5625 0.0 -1.425781 2.753906 0.0 -1.357422 3.769531 0.0 -1.186523 4.892578 0.0 -1.098633
5.5064  0.02929688 0.0 -2.119141 1.5625 0.0 -1.425781 2.753906 0.0 -1.357422 3.769531 0.0 -1.186523 4.892578 0.0 -1.103516
5.508  0.02929688 0.0 -2.114258 1.5625 0.0 -1.425781 2.753906 0.0 -1.362305 3.764648 0.0 -1.191406 4.892578 0.0 -1.103516
5.5096  0.02929688 0.0 -2.114258 1.5625 0.0 -1.420898 2.753906 0.0 -1.362305 3.764648 0.0 -1.191406 4.892578 0.0 -1.103516
5.5112  0.02441406 0.0 -2.109375 1.5625 0.0 -1.420898 2.753906 0.0 -1.367188 3.764648 0.0 -1.196289 4.892578 0.0 -1.103516
5.5128  0.02441406 0.0 -2.104492 1.5625 0.0 -1.420898 2.758789 0.0 -1.367188 3.764648 0.0 -1.196289 4.892578 0.0 -1.103516
5.5144  0.02441406 0.0 -2.099609 1.5625 0.0 -1.420898 2.758789 0.0 -1.37207 3.764648 0.0 -1.201172 4.892578 0.0 -1.103516
5.516  0.01953125 0.0 -2.094727 1.5625 0.0 -1.420898 2.758789 0.0 -1.37207 3.764648 0.0 -1.201172 4.892578 0.0 -1.108398
5.5176  0.01953125 0.0 -2.094727 1.5625 0.0 -1.420898 2.758789 0.0 -1.376953 3.764648 0.0 -1.206055 4.892578 0.0 -1.108398
5.5192  0.01953125 0.0 -2.089844 1.5625 0.0 -1.420898 2.758789 0.0 -1.376953 3.764648 0.0 -1.206055 4.892578 0.0 -1.108398
5.5208  0.01464844 0.0 -2.084961 1.5625 0.0 -1.420898 2.758789 0.0 -1.381836 3.764648 0.0 -1.210938 4.892578 0.0 -1.108398
5.5224  0.01464844 0.0 -2.080078 1.5625 0.0 -1.425781 2.758789 0.0 -1.381836 3.764648 0.0 -1.210938 4.892578 0.0 -1.113281
5.524  0.01464844 0.0 -2.080078 1.5625 0.0 -1.425781 2.758789 0.0 -1.386719 3.764648 0.0 -1.21582 4.892578 0.0 -1.113281
5.5256  0.01464844 0.0 -2.075195 1.567383 0.0 -1.425781 2.758789 0.0 -1.386719 3.764648 0.0 -1.220703 4.892578 0.0 -1.113281
5.5272  0.009765625 0.0 -2.075195 1.567383 0.0 -1.425781 2.758789 0.0 -1.391602 3.764648 0.0 -1.220703 4.892578 0.0 -1.113281
5.5288  0.009765625 0.0 -2.070313 1.567383 0.0 -1.425781 2.758789 0.0 -1.396484 3.764648 0.0 -1.225586 4.892578 0.0 -1.118164
5.5304  0.009765625 0.0 -2.06543 1.567383 0.0 -1.430664 2.758789 0.0 -1.396484 3.764648 0.0 -1.225586 4.892578 0.0 -1.118164
5.532  0.009765625 0.0 -2.06543 1.567383 0.0 -1.430664 2.763672 0.0 -1.401367 3.764648 0.0 -1.230469 4.892578 0.0 -1.118164
5.5336  0.004882813 0.0 -2.060547 1.567383 0.0 -1.430664 2.763672 0.0 -1.40625 3.764648 0.0 -1.230469 4.892578 0.0 -1.123047
5.5352  0.004882813 0.0 -2.060547 1.567383 0.0 -1.435547 2.763672 0.0 -1.40625 3.764648 0.0 -1.235352 4.892578 0.0 -1.123047
5.5368  0.004882813 0.0 -2.060547 1.572266 0.0 -1.435547 2.763672 0.0 -1.411133 3.764648 0.0 -1.235352 4.897461 0.0 -1.123047
5.5384  0.004882813 0.0 -2.055664 1.572266 0.0 -1.435547 2.763672 0.0 -1.416016 3.764648 0.0 -1.240234 4.897461 0.0 -1.12793
5.54  0.004882813 0.0 -2.055664 1.572266 0.0 -1.44043 2.763672 0.0 -1.416016 3.764648 0.0 -1.245117 4.897461 0.0 -1.12793
5.5416  0.0 0.0 -2.055664 1.572266 0.0 -1.44043 2.768555 0.0 -1.420898 3.764648 0.0 -1.245117 4.897461 0.0 -1.12793
5.5432  0.0 0.0 -2.050781 1.572266 0.0 -1.445313 2.768555 0.0 -1.425781 3.764648 0.0 -1.25 4.897461 0.0 -1.132813
5.5448  0.0 0.0 -2.050781 1.577148 0.0 -1.450195 2.768555 0.0 -1.430664 3.769531 0.0 -1.25 4.897461 0.0 -1.132813
5.5464  0.0 0.0 -2.050781 1.577148 0.0 -1.450195 2.768555 0.0 -1.435547 3.769531 0.0 -1.254883 4.897461 0.0 -1.137695
5.548  0.0 0.0 -2.050781 1.577148 0.0 -1.455078 2.768555 0.0 -1.435547 3.769531 0.0 -1.259766 4.902344 0.0 -1.137695
5.5496  0.0 0.0 -2.050781 1.577148 0.0 -1.459961 2.773438 0.0 -1.44043 3.769531 0.0 -1.259766 4.902344 0.0 -1.142578
5.5512  -0.004882813 0.0 -2.050781 1.582031 0.0 -1.464844 2.773438 0.0 -1.445313 3.769531 0.0 -1.264648 4.902344 0.0 -1.142578
5.5528  -0.004882813 0.0 -2.050781 1.582031 0.0 -1.469727 2.773438 0.0 -1.450195 3.769531 0.0 -1.269531 4.902344 0.0 -1.147461
5.5544  -0.004882813 0.0 -2.050781 1.582031 0.0 -1.469727 2.77832 0.0 -1.455078 3.774414 0.0 -1.269531 4.902344 0.0 -1.147461
5.556  -0.004882813 0.0 -2.050781 1.582031 0.0 -1.474609 2.77832 0.0 -1.459961 3.774414 0.0 -1.274414 4.907227 0.0 -1.152344
5.5576  -0.004882813 0.0 -2.050781 1.586914 0.0 -1.479492 2.77832 0.0 -1.469727 3.774414 0.0 -1.279297 4.907227 0.0 -1.152344
5.5592  -0.004882813 0.0 -2.055664 1.586914 0.0 -1.489258 2.783203 0.0 -1.474609 3.774414 0.0 -1.279297 4.907227 0.0 -1.157227
5.5608  -0.004882813 0.0 -2.055664 1.586914 0.0 -1.494141 2.783203 0.0 -1.479492 3.779297 0.0 -1.28418 4.907227 0.0 -1.157227
5.5624  -0.004882813 0.0 -2.055664 1.591797 0.0 -1.499023 2.783203 0.0 -1.484375 3.779297 0.0 -1.289063 4.912109 0.0 -1.162109
5.564  -0.004882813 0.0 -2.060547 1.591797 0.0 -1.503906 2.788086 0.0 -1.489258 3.779297 0.0 -1.293945 4.912109 0.0 -1.166992
5.5656  -0.004882813 0.0 -2.06543 1.591797 0.0 -1.508789 2.788086 0.0 -1.499023 3.779297 0.0 -1.293945 4.912109 0.0 -1.166992
5.5672  -0.004882813 0.0 -2.06543 1.59668 0.0 -1.518555 2.792969 0.0 -1.503906 3.78418 0.0 -1.298828 4.912109 0.0 -1.171875
5.5688  -0.004882813 0.0 -2.070313 1.59668 0.0 -1.523438 2.792969 0.0 -1.508789 3.78418 0.0 -1.303711 4.916992 0.0 -1.171875
5.5704  -0.004882813 0.0 -2.075195 1.601563 0.0 -1.533203 2.792969 0.0 -1.518555 3.78418 0.0 -1.308594 4.916992 0.0 -1.176758
5.572  0.0 0.0 -2.080078 1.601563 0.0 -1.538086 2.797852 0.0 -1.523438 3.789063 0.0 -1.313477 4.916992 0.0 -1.181641
5.5736  0.0 0.0 -2.084961 1.601563 0.0 -1.547852 2.797852 0.0 -1.533203 3.789063 0.0 -1.318359 4.921875 0.0 -1.181641
5.5752  0.0 0.0 -2.089844 1.606445 0.0 -1.552734 2.802734 0.0 -1.538086 3.789063 0.0 -1.318359 4.921875 0.0 -1.186523
5.5768  0.0 0.0 -2.094727 1.606445 0.0 -1.5625 2.802734 0.0 -1.547852 3.793945 0.0 -1.323242 4.921875 0.0 -1.191406
5.5784  0.0 0.0 -2.104492 1.606445 0.0 -1.572266 2.807617 0.0 -1.552734 3.793945 0.0 -1.328125 4.926758 0.0 -1.191406
5.58  0.004882813 0.0 -2.109375 1.611328 0.0 -1.582031 2.807617 0.0 -1.5625 3.793945 0.0 -1.333008 4.926758 0.0 -1.196289
5.5816  0.004882813 0.0 -2.119141 1.611328 0.0 -1.591797 2.8125 0.0 -1.572266 3.798828 0.0 -1.337891 4.926758 0.0 -1.201172
5.5832  0.004882813 0.0 -2.124023 1.611328 0.0 -1.601563 2.8125 0.0 -1.577148 3.798828 0.0 -1.342773 4.926758 0.0 -1.206055
5.5848  0.004882813 0.0 -2.133789 1.616211 0.0 -1.611328 2.8125 0.0 -1.586914 3.798828 0.0 -1.347656 4.931641 0.0 -1.206055
5.5864  0.009765625 0.0 -2.143555 1.616211 0.0 -1.621094 2.817383 0.0 -1.59668 3.798828 0.0 -1.352539 4.931641 0.0 -1.210938
5.588  0.009765625 0.0 -2.15332 1.621094 0.0 -1.630859 2.817383 0.0 -1.606445 3.803711 0.0 -1.357422 4.931641 0.0 -1.21582
5.5896  0.009765625 0.0 -2.163086 1.621094 0.0 -1.640625 2.822266 0.0 -1.616211 3.803711 0.0 -1.362305 4.931641 0.0 -1.21582
5.5912  0.01464844 0.0 -2.172852 1.621094 0.0 -1.650391 2.822266 0.0 -1.621094 3.803711 0.0 -1.367188 4.931641 0.0 -1.220703
5.5928  0.01464844 0.0 -2.182617 1.625977 0.0 -1.665039 2.822266 0.0 -1.630859 3.803711 0.0 -1.37207 4.931641 0.0 -1.220703
5.5944  0.01953125 0.0 -2.192383 1.625977 0.0 -1.674805 2.827148 0.0 -1.640625 3.803711 0.0 -1.376953 4.936523 0.0 -1.225586
5.596  0.01953125 0.0 -2.202148 1.625977 0.0 -1.68457 2.827148 0.0 -1.650391 3.808594 0.0 -1.381836 4.936523 0.0 -1.230469
5.5976  0.01953125 0.0 -2.216797 1.630859 0.0 -1.699219 2.827148 0.0 -1.660156 3.808594 0.0 -1.386719 4.936523 0.0 -1.230469
5.5992  0.02441406 0.0 -2.226563 1.630859 0.0 -1.708984 2.832031 0.0 -1.669922 3.808594 0.0 -1.391602 4.936523 0.0 -1.235352
5.6008  0.02441406 0.0 -2.241211 1.630859 0.0 -1.723633 2.832031 0.0 -1.679688 3.808594 0.0 -1.396484 4.936523 0.0 -1.235352
5.6024  0.02929688 0.0 -2.255859 1.630859 0.0 -1.733398 2.832031 0.0 -1.689453 3.808594 0.0 -1.401367 4.936523 0.0 -1.240234
5.604  0.02929688 0.0 -2.265625 1.635742 0.0 -1.748047 2.832031 0.0 -1.699219 3.808594 0.0 -1.40625 4.931641 0.0 -1.240234
5.6056  0.03417969 0.0 -2.280273 1.635742 0.0 -1.757813 2.832031 0.0 -1.708984 3.808594 0.0 -1.411133 4.931641 0.0 -1.245117
5.6072  0.0390625 0.0 -2.294922 1.635742 0.0 -1.772461 2.836914 0.0 -1.71875 3.808594 0.0 -1.416016 4.931641 0.0 -1.245117
5.6088  0.0390625 0.0 -2.30957 1.635742 0.0 -1.782227 2.836914 0.0 -1.728516 3.808594 0.0 -1.420898 4.931641 0.0 -1.25
5.6104  0.04394531 0.0 -2.324219 1.635742 0.0 -1.796875 2.836914 0.0 -1.743164 3.808594 0.0 -1.430664 4.931641 0.0 -1.25
5.612  0.04394531 0.0 -2.338867 1.635742 0.0 -1.811523 2.836914 0.0 -1.75293 3.803711 0.0 -1.435547 4.926758 0.0 -1.254883
5.6136  0.04882813 0.0 -2.353516 1.640625 0.0 -1.821289 2.836914 0.0 -1.762695 3.803711 0.0 -1.44043 4.926758 0.0 -1.254883
5.6152  0.05371094 0.0 -2.373047 1.640625 0.0 -1.835938 2.836914 0.0 -1.772461 3.803711 0.0 -1.445313 4.926758 0.0 -1.259766
5.6168  0.05371094 0.0 -2.387695 1.640625 0.0 -1.850586 2.836914 0.0 -1.782227 3.803711 0.0 -1.450195 4.921875 0.0 -1.259766
5.6184  0.05859375 0.0 -2.402344 1.640625 0.0 -1.860352 2.836914 0.0 -1.791992 3.803711 0.0 -1.455078 4.921875 0.0 -1.259766
5.62  0.06347656 0.0 -2.416992 1.640625 0.0 -1.875 2.836914 0.0 -1.801758 3.798828 0.0 -1.459961 4.916992 0.0 -1.264648
5.6216  0.06347656 0.0 -2.436523 1.640625 0.0 -1.884766 2.836914 0.0 -1.811523 3.798828 0.0 -1.464844 4.916992 0.0 -1.264648
5.6232  0.06835938 0.0 -2.451172 1.640625 0.0 -1.899414 2.836914 0.0 -1.821289 3.798828 0.0 -1.469727 4.912109 0.0 -1.264648
5.6248  0.07324219 0.0 -2.46582 1.640625 0.0 -1.90918 2.832031 0.0 -1.831055 3.793945 0.0 -1.474609 4.912109 0.0 -1.264648
5.6264  0.07324219 0.0 -2.485352 1.640625 0.0 -1.923828 2.832031 0.0 -1.84082 3.793945 0.0 -1.479492 4.907227 0.0 -1.264648
5.628  0.078125 0.0 -2.5 1.640625 0.0 -1.933594 2.832031 0.0 -1.850586 3.789063 0.0 -1.484375 4.907227 0.0 -1.269531
5.6296  0.08300781 0.0 -2.519531 1.640625 0.0 -1.948242 2.832031 0.0 -1.860352 3.789063 0.0 -1.489258 4.902344 0.0 -1.269531
5.6312  0.08789063 0.0 -2.53418 1.640625 0.0 -1.958008 2.832031 0.0 -1.870117 3.789063 0.0 -1.494141 4.897461 0.0 -1.269531
5.6328  0.09277344 0.0 -2.548828 1.635742 0.0 -1.972656 2.832031 0.0 -1.879883 3.78418 0.0 -1.499023 4.897461 0.0 -1.269531
5.6344  0.09277344 0.0 -2.568359 1.635742 0.0 -1.982422 2.832031 0.0 -1.889648 3.78418 0.0 -1.503906 4.892578 0.0 -1.269531
5.636  0.09765625 0.0 -2.583008 1.635742 0.0 -1.99707 2.827148 0.0 -1.899414 3.779297 0.0 -1.508789 4.887695 0.0 -1.269531
5.6376  0.1025391 0.0 -2.597656 1.635742 0.0 -2.006836 2.827148 0.0 -1.90918 3.779297 0.0 -1.513672 4.887695 0.0 -1.269531
5.6392  0.1074219 0.0 -2.612305 1.635742 0.0 -2.016602 2.827148 0.0 -1.918945 3.774414 0.0 -1.518555 4.882813 0.0 -1.269531
5.6408  0.1074219 0.0 -2.631836 1.635742 0.0 -2.03125 2.827148 0.0 -1.928711 3.774414 0.0 -1.523438 4.882813 0.0 -1.269531
5.6424  0.1123047 0.0 -2.646484 1.635742 0.0 -2.041016 2.827148 0.0 -1.933594 3.774414 0.0 -1.523438 4.87793 0.0 -1.269531
5.644  0.1171875 0.0 -2.661133 1.635742 0.0 -2.050781 2.827148 0.0 -1.943359 3.769531 0.0 -1.52832 4.873047 0.0 -1.269531
5.6456  0.1220703 0.0 -2.675781 1.635742 0.0 -2.060547 2.827148 0.0 -1.953125 3.769531 0.0 -1.533203 4.873047 0.0 -1.269531
5.6472  0.1269531 0.0 -2.69043 1.635742 0.0 -2.075195 2.827148 0.0 -1.962891 3.764648 0.0 -1.538086 4.868164 0.0 -1.269531
5.6488  0.1269531 0.0 -2.705078 1.635742 0.0 -2.084961 2.822266 0.0 -1.967773 3.764648 0.0 -1.542969 4.868164 0.0 -1.269531
5.6504  0.1318359 0.0 -2.719727 1.635742 0.0 -2.094727 2.822266 0.0 -1.977539 3.764648 0.0 -1.542969 4.863281 0.0 -1.269531
5.652  0.1367188 0.0 -2.734375 1.635742 0.0 -2.104492 2.822266 0.0 -1.982422 3.759766 0.0 -1.547852 4.863281 0.0 -1.274414
5.6536  0.1416016 0.0 -2.749023 1.635742 0.0 -2.114258 2.822266 0.0 -1.992188 3.759766 0.0 -1.552734 4.858398 0.0 -1.274414
5.6552  0.1464844 0.0 -2.763672 1.635742 0.0 -2.124023 2.822266 0.0 -2.001953 3.759766 0.0 -1.557617 4.858398 0.0 -1.274414
5.6568  0.1464844 0.0 -2.773438 1.640625 0.0 -2.133789 2.822266 0.0 -2.006836 3.754883 0.0 -1.5625 4.853516 0.0 -1.274414
5.6584  0.1513672 0.0 -2.788086 1.640625 0.0 -2.143555 2.827148 0.0 -2.016602 3.754883 0.0 -1.5625 4.853516 0.0 -1.274414
5.66  0.15625 0.0 -2.802734 1.640625 0.0 -2.15332 2.827148 0.0 -2.021484 3.754883 0.0 -1.567383 4.853516 0.0 -1.274414
5.6616  0.1611328 0.0 -2.8125 1.640625 0.0 -2.163086 2.827148 0.0 -2.03125 3.754883 0.0 -1.572266 4.848633 0.0 -1.274414
5.6632  0.1611328 0.0 -2.827148 1.640625 0.0 -2.172852 2.827148 0.0 -2.036133 3.754883 0.0 -1.572266 4.848633 0.0 -1.274414
5.6648  0.1660156 0.0 -2.836914 1.640625 0.0 -2.182617 2.827148 0.0 -2.041016 3.754883 0.0 -1.577148 4.848633 0.0 -1.279297
5.6664  0.1708984 0.0 -2.84668 1.645508 0.0 -2.192383 2.827148 0.0 -2.050781 3.75 0.0 -1.582031 4.84375 0.0 -1.279297
5.668  0.1708984 0.0 -2.861328 1.645508 0.0 -2.202148 2.827148 0.0 -2.055664 3.75 0.0 -1.582031 4.84375 0.0 -1.279297
5.6696  0.1757813 0.0 -2.871094 1.645508 0.0 -2.207031 2.827148 0.0 -2.060547 3.75 0.0 -1.586914 4.84375 0.0 -1.279297
5.6712  0.1806641 0.0 -2.880859 1.645508 0.0 -2.216797 2.832031 0.0 -2.070313 3.75 0.0 -1.591797 4.84375 0.0 -1.279297
5.6728  0.1806641 0.0 -2.890625 1.650391 0.0 -2.226563 2.832031 0.0 -2.075195 3.75 0.0 -1.591797 4.838867 0.0 -1.279297
5.6744  0.1855469 0.0 -2.900391 1.650391 0.0 -2.231445 2.832031 0.0 -2.080078 3.75 0.0 -1.59668 4.838867 0.0 -1.279297
5.676  0.1855469 0.0 -2.910156 1.650391 0.0 -2.241211 2.832031 0.0 -2.084961 3.75 0.0 -1.59668 4.838867 0.0 -1.28418
5.6776  0.1904297 0.0 -2.919922 1.650391 0.0 -2.246094 2.832031 0.0 -2.089844 3.75 0.0 -1.601563 4.838867 0.0 -1.28418
5.6792  0.1904297 0.0 -2.929688 1.650391 0.0 -2.255859 2.832031 0.0 -2.094727 3.75 0.0 -1.606445 4.833984 0.0 -1.28418
5.6808  0.1953125 0.0 -2.939453 1.655273 0.0 -2.260742 2.836914 0.0 -2.099609 3.75 0.0 -1.606445 4.833984 0.0 -1.28418
5.6824  0.1953125 0.0 -2.944336 1.655273 0.0 -2.270508 2.836914 0.0 -2.104492 3.75 0.0 -1.611328 4.833984 0.0 -1.28418
5.684  0.2001953 0.0 -2.954102 1.655273 0.0 -2.275391 2.836914 0.0 -2.109375 3.75 0.0 -1.611328 4.833984 0.0 -1.28418
5.6856  0.2001953 0.0 -2.963867 1.655273 0.0 -2.280273 2.836914 0.0 -2.114258 3.75 0.0 -1.611328 4.833984 0.0 -1.28418
5.6872  0.2001953 0.0 -2.96875 1.655273 0.0 -2.290039 2.836914 0.0 -2.119141 3.75 0.0 -1.616211 4.829102 0.0 -1.289063
5.6888  0.2050781 0.0 -2.978516 1.660156 0.0 -2.294922 2.836914 0.0 -2.124023 3.75 0.0 -1.616211 4.829102 0.0 -1.289063
5.6904  0.2050781 0.0 -2.983398 1.660156 0.0 -2.299805 2.836914 0.0 -2.128906 3.75 0.0 -1.621094 4.829102 0.0 -1.289063
5.692  0.2050781 0.0 -2.988281 1.660156 0.0 -2.304688 2.836914 0.0 -2.133789 3.75 0.0 -1.621094 4.829102 0.0 -1.289063
5.6936  0.2099609 0.0 -2.998047 1.660156 0.0 -2.30957 2.841797 0.0 -2.133789 3.745117 0.0 -1.621094 4.829102 0.0 -1.289063
5.6952  0.2099609 0.0 -3.00293 1.660156 0.0 -2.314453 2.841797 0.0 -2.138672 3.745117 0.0 -1.625977 4.824219 0.0 -1.289063
5.6968  0.2099609 0.0 -3.007813 1.665039 0.0 -2.319336 2.841797 0.0 -2.143555 3.745117 0.0 -1.625977 4.824219 0.0 -1.289063
5.6984  0.2148438 0.0 -3.012695 1.665039 0.0 -2.324219 2.841797 0.0 -2.143555 3.745117 0.0 -1.625977 4.824219 0.0 -1.289063
5.7  0.2148438 0.0 -3.017578 1.665039 0.0 -2.329102 2.841797 0.0 -2.148438 3.75 0.0 -1.630859 4.824219 0.0 -1.289063
5.7016  0.2148438 0.0 -3.022461 1.665039 0.0 -2.333984 2.841797 0.0 -2.15332 3.75 0.0 -1.630859 4.824219 0.0 -1.289063
5.7032  0.2148438 0.0 -3.032227 1.665039 0.0 -2.333984 2.841797 0.0 -2.15332 3.75 0.0 -1.630859 4.824219 0.0 -1.289063
5.7048  0.2148438 0.0 -3.032227 1.669922 0.0 -2.338867 2.841797 0.0 -2.158203 3.75 0.0 -1.630859 4.819336 0.0 -1.289063
5.7064  0.2197266 0.0 -3.037109 1.669922 0.0 -2.34375 2.841797 0.0 -2.158203 3.75 0.0 -1.630859 4.819336 0.0 -1.289063
5.708  0.2197266 0.0 -3.041992 1.669922 0.0 -2.34375 2.841797 0.0 -2.158203 3.75 0.0 -1.635742 4.819336 0.0 -1.289063
5.7096  0.2197266 0.0 -3.046875 1.669922 0.0 -2.348633 2.841797 0.0 -2.163086 3.75 0.0 -1.635742 4.819336 0.0 -1.289063
5.7112  0.2197266 0.0 -3.051758 1.669922 0.0 -2.348633 2.84668 0.0 -2.163086 3.75 0.0 -1.635742 4.819336 0.0 -1.289063
5.7128  0.2246094 0.0 -3.056641 1.674805 0.0 -2.353516 2.84668 0.0 -2.167969 3.75 0.0 -1.635742 4.819336 0.0 -1.289063
5.7144  0.2246094 0.0 -3.056641 1.674805 0.0 -2.353516 2.84668 0.0 -2.167969 3.75 0.0 -1.635742 4.819336 0.0 -1.289063
5.716  0.2246094 0.0 -3.061523 1.674805 0.0 -2.353516 2.84668 0.0 -2.167969 3.75 0.0 -1.635742 4.819336 0.0 -1.289063
5.7176  0.2246094 0.0 -3.061523 1.674805 0.0 -2.358398 2.84668 0.0 -2.167969 3.75 0.0 -1.635742 4.814453 0.0 -1.28418
5.7192  0.2246094 0.0 -3.066406 1.674805 0.0 -2.358398 2.84668 0.0 -2.167969 3.75 0.0 -1.635742 4.814453 0.0 -1.28418
5.7208  0.2246094 0.0 -3.066406 1.679688 0.0 -2.358398 2.84668 0.0 -2.172852 3.75 0.0 -1.635742 4.814453 0.0 -1.28418
5.7224  0.2246094 0.0 -3.071289 1.679688 0.0 -2.363281 2.84668 0.0 -2.172852 3.75 0.0 -1.635742 4.814453 0.0 -1.28418
5.724  0.2294922 0.0 -3.071289 1.679688 0.0 -2.363281 2.84668 0.0 -2.172852 3.75 0.0 -1.635742 4.814453 0.0 -1.28418
5.7256  0.2294922 0.0 -3.076172 1.679688 0.0 -2.363281 2.84668 0.0 -2.172852 3.75 0.0 -1.635742 4.814453 0.0 -1.28418
5.7272  0.2294922 0.0 -3.076172 1.679688 0.0 -2.363281 2.84668 0.0 -2.172852 3.75 0.0 -1.635742 4.814453 0.0 -1.28418
5.7288  0.2294922 0.0 -3.076172 1.679688 0.0 -2.363281 2.84668 0.0 -2.172852 3.75 0.0 -1.635742 4.814453 0.0 -1.28418
5.7304  0.2294922 0.0 -3.076172 1.68457 0.0 -2.363281 2.84668 0.0 -2.172852 3.75 0.0 -1.635742 4.814453 0.0 -1.28418
5.732  0.2294922 0.0 -3.076172 1.68457 0.0 -2.363281 2.84668 0.0 -2.167969 3.75 0.0 -1.635742 4.814453 0.0 -1.28418
5.7336  0.2294922 0.0 -3.076172 1.68457 0.0 -2.363281 2.851563 0.0 -2.167969 3.75 0.0 -1.635742 4.814453 0.0 -1.28418
5.7352  0.2294922 0.0 -3.076172 1.68457 0.0 -2.363281 2.851563 0.0 -2.167969 3.75 0.0 -1.635742 4.814453 0.0 -1.28418
5.7368  0.2294922 0.0 -3.076172 1.68457 0.0 -2.363281 2.851563 0.0 -2.167969 3.75 0.0 -1.635742 4.814453 0.0 -1.28418
5.7384  0.2294922 0.0 -3.076172 1.68457 0.0 -2.363281 2.851563 0.0 -2.167969 3.75 0.0 -1.630859 4.814453 0.0 -1.28418
5.74  0.2294922 0.0 -3.076172 1.68457 0.0 -2.363281 2.851563 0.0 -2.167969 3.75 0.0 -1.630859 4.814453 0.0 -1.28418
5.7416  0.2294922 0.0 -3.076172 1.689453 0.0 -2.358398 2.851563 0.0 -2.163086 3.75 0.0 -1.630859 4.819336 0.0 -1.28418
5.7432  0.234375 0.0 -3.076172 1.689453 0.0 -2.358398 2.851563 0.0 -2.163086 3.75 0.0 -1.630859 4.819336 0.0 -1.28418
5.7448  0.234375 0.0 -3.076172 1.689453 0.0 -2.358398 2.851563 0.0 -2.163086 3.75 0.0 -1.625977 4.819336 0.0 -1.279297
5.7464  0.234375 0.0 -3.076172 1.689453 0.0 -2.358398 2.851563 0.0 -2.158203 3.75 0.0 -1.625977 4.819336 0.0 -1.279297
5.748  0.234375 0.0 -3.071289 1.689453 0.0 -2.353516 2.851563 0.0 -2.158203 3.75 0.0 -1.625977 4.819336 0.0 -1.279297
5.7496  0.234375 0.0 -3.071289 1.689453 0.0 -2.353516 2.851563 0.0 -2.158203 3.75 0.0 -1.625977 4.819336 0.0 -1.279297
5.7512  0.234375 0.0 -3.071289 1.689453 0.0 -2.353516 2.851563 0.0 -2.15332 3.75 0.0 -1.621094 4.819336 0.0 -1.279297
5.7528  0.234375 0.0 -3.066406 1.689453 0.0 -2.348633 2.851563 0.0 -2.15332 3.75 0.0 -1.621094 4.819336 0.0 -1.279297
5.7544  0.234375 0.0 -3.066406 1.694336 0.0 -2.348633 2.851563 0.0 -2.148438 3.75 0.0 -1.621094 4.819336 0.0 -1.279297
5.756  0.234375 0.0 -3.066406 1.694336 0.0 -2.34375 2.851563 0.0 -2.148438 3.75 0.0 -1.616211 4.824219 0.0 -1.279297
5.7576  0.2294922 0.0 -3.061523 1.694336 0.0 -2.34375 2.851563 0.0 -2.143555 3.75 0.0 -1.616211 4.824219 0.0 -1.279297
5.7592  0.2294922 0.0 -3.061523 1.694336 0.0 -2.338867 2.851563 0.0 -2.143555 3.754883 0.0 -1.616211 4.824219 0.0 -1.279297
5.7608  0.2294922 0.0 -3.056641 1.694336 0.0 -2.338867 2.851563 0.0 -2.138672 3.754883 0.0 -1.611328 4.824219 0.0 -1.279297
5.7624  0.2294922 0.0 -3.056641 1.694336 0.0 -2.333984 2.851563 0.0 -2.138672 3.754883 0.0 -1.611328 4.824219 0.0 -1.279297
5.764  0.2294922 0.0 -3.051758 1.694336 0.0 -2.333984 2.851563 0.0 -2.133789 3.754883 0.0 -1.611328 4.824219 0.0 -1.279297
5.7656  0.2294922 0.0 -3.051758 1.694336 0.0 -2.329102 2.851563 0.0 -2.128906 3.754883 0.0 -1.606445 4.824219 0.0 -1.279297
5.7672  0.2294922 0.0 -3.046875 1.694336 0.0 -2.324219 2.851563 0.0 -2.128906 3.754883 0.0 -1.606445 4.829102 0.0 -1.279297
5.7688  0.2294922 0.0 -3.041992 1.694336 0.0 -2.319336 2.851563 0.0 -2.124023 3.754883 0.0 -1.601563 4.829102 0.0 -1.279297
5.7704  0.2294922 0.0 -3.041992 1.694336 0.0 -2.319336 2.851563 0.0 -2.119141 3.754883 0.0 -1.601563 4.829102 0.0 -1.279297
5.772  0.2294922 0.0 -3.037109 1.699219 0.0 -2.314453 2.851563 0.0 -2.119141 3.754883 0.0 -1.601563 4.829102 0.0 -1.279297
5.7736  0.2294922 0.0 -3.032227 1.699219 0.0 -2.30957 2.851563 0.0 -2.114258 3.754883 0.0 -1.59668 4.829102 0.0 -1.279297
5.7752  0.2246094 0.0 -3.027344 1.699219 0.0 -2.304688 2.856445 0.0 -2.109375 3.754883 0.0 -1.59668 4.829102 0.0 -1.279297
5.7768  0.2246094 0.0 -3.022461 1.699219 0.0 -2.299805 2.856445 0.0 -2.104492 3.754883 0.0 -1.591797 4.833984 0.0 -1.279297
5.7784  0.2246094 0.0 -3.017578 1.699219 0.0 -2.294922 2.856445 0.0 -2.099609 3.754883 0.0 -1.591797 4.833984 0.0 -1.279297
5.78  0.2246094 0.0 -3.017578 1.699219 0.0 -2.290039 2.856445 0.0 -2.099609 3.754883 0.0 -1.591797 4.833984 0.0 -1.279297
5.7816  0.2246094 0.0 -3.007813 1.699219 0.0 -2.285156 2.856445 0.0 -2.094727 3.759766 0.0 -1.586914 4.833984 0.0 -1.274414
5.7832  0.2246094 0.0 -3.00293 1.699219 0.0 -2.280273 2.856445 0.0 -2.089844 3.759766 0.0 -1.586914 4.838867 0.0 -1.274414
5.7848  0.2246094 0.0 -2.998047 1.699219 0.0 -2.275391 2.856445 0.0 -2.084961 3.759766 0.0 -1.582031 4.838867 0.0 -1.274414
5.7864  0.2197266 0.0 -2.993164 1.699219 0.0 -2.270508 2.856445 0.0 -2.080078 3.759766 0.0 -1.582031 4.838867 0.0 -1.274414
5.788  0.2197266 0.0 -2.988281 1.699219 0.0 -2.265625 2.856445 0.0 -2.070313 3.759766 0.0 -1.577148 4.838867 0.0 -1.274414
5.7896  0.2197266 0.0 -2.983398 1.699219 0.0 -2.255859 2.856445 0.0 -2.06543 3.759766 0.0 -1.577148 4.838867 0.0 -1.274414
5.7912  0.2197266 0.0 -2.973633 1.699219 0.0 -2.250977 2.856445 0.0 -2.060547 3.759766 0.0 -1.572266 4.84375 0.0 -1.274414
5.7928  0.2197266 0.0 -2.96875 1.699219 0.0 -2.241211 2.856445 0.0 -2.055664 3.759766 0.0 -1.567383 4.84375 0.0 -1.274414
5.7944  0.2148438 0.0 -2.963867 1.699219 0.0 -2.236328 2.856445 0.0 -2.050781 3.759766 0.0 -1.567383 4.84375 0.0 -1.274414
5.796  0.2148438 0.0 -2.954102 1.699219 0.0 -2.226563 2.856445 0.0 -2.041016 3.764648 0.0 -1.5625 4.848633 0.0 -1.274414
5.7976  0.2148438 0.0 -2.949219 1.699219 0.0 -2.22168 2.856445 0.0 -2.036133 3.764648 0.0 -1.5625 4.848633 0.0 -1.274414
5.7992  0.2148438 0.0 -2.939453 1.699219 0.0 -2.211914 2.856445 0.0 -2.03125 3.764648 0.0 -1.557617 4.848633 0.0 -1.269531
5.8008  0.2148438 0.0 -2.93457 1.699219 0.0 -2.207031 2.856445 0.0 -2.021484 3.764648 0.0 -1.552734 4.848633 0.0 -1.269531
5.8024  0.2099609 0.0 -2.924805 1.699219 0.0 -2.197266 2.856445 0.0 -2.016602 3.764648 0.0 -1.552734 4.853516 0.0 -1.269531
5.804  0.2099609 0.0 -2.915039 1.699219 0.0 -2.1875 2.856445 0.0 -2.006836 3.764648 0.0 -1.547852 4.853516 0.0 -1.269531
5.8056  0.2099609 0.0 -2.910156 1.699219 0.0 -2.177734 2.856445 0.0 -2.001953 3.769531 0.0 -1.542969 4.853516 0.0 -1.269531
5.8072  0.2099609 0.0 -2.900391 1.699219 0.0 -2.167969 2.856445 0.0 -1.992188 3.769531 0.0 -1.538086 4.858398 0.0 -1.269531
5.8088  0.2099609 0.0 -2.890625 1.699219 0.0 -2.158203 2.856445 0.0 -1.982422 3.769531 0.0 -1.533203 4.858398 0.0 -1.264648
5.8104  0.2050781 0.0 -2.880859 1.699219 0.0 -2.148438 2.856445 0.0 -1.977539 3.769531 0.0 -1.533203 4.858398 0.0 -1.264648
5.812  0.2050781 0.0 -2.871094 1.699219 0.0 -2.138672 2.856445 0.0 -1.967773 3.769531 0.0 -1.52832 4.863281 0.0 -1.264648
5.8136  0.2050781 0.0 -2.866211 1.699219 0.0 -2.128906 2.856445 0.0 -1.958008 3.774414 0.0 -1.523438 4.863281 0.0 -1.264648
5.8152  0.2050781 0.0 -2.856445 1.699219 0.0 -2.119141 2.856445 0.0 -1.948242 3.774414 0.0 -1.518555 4.863281 0.0 -1.264648
5.8168  0.2050781 0.0 -2.84668 1.699219 0.0 -2.109375 2.856445 0.0 -1.938477 3.774414 0.0 -1.513672 4.863281 0.0 -1.259766
5.8184  0.2050781 0.0 -2.836914 1.699219 0.0 -2.094727 2.856445 0.0 -1.928711 3.774414 0.0 -1.508789 4.868164 0.0 -1.259766
5.82  0.2050781 0.0 -2.827148 1.699219 0.0 -2.084961 2.856445 0.0 -1.918945 3.774414 0.0 -1.503906 4.868164 0.0 -1.259766
5.8216  0.2001953 0.0 -2.8125 1.699219 0.0 -2.075195 2.851563 0.0 -1.90918 3.774414 0.0 -1.499023 4.868164 0.0 -1.254883
5.8232  0.2001953 0.0 -2.802734 1.699219 0.0 -2.060547 2.851563 0.0 -1.899414 3.774414 0.0 -1.494141 4.868164 0.0 -1.254883
5.8248  0.2001953 0.0 -2.792969 1.694336 0.0 -2.050781 2.851563 0.0 -1.889648 3.779297 0.0 -1.489258 4.873047 0.0 -1.254883
5.8264  0.2001953 0.0 -2.783203 1.694336 0.0 -2.036133 2.851563 0.0 -1.879883 3.779297 0.0 -1.484375 4.873047 0.0 -1.25
5.828  0.2001953 0.0 -2.773438 1.694336 0.0 -2.026367 2.851563 0.0 -1.865234 3.779297 0.0 -1.479492 4.873047 0.0 -1.25
5.8296  0.2001953 0.0 -2.763672 1.694336 0.0 -2.011719 2.851563 0.0 -1.855469 3.779297 0.0 -1.474609 4.873047 0.0 -1.25
5.8312  0.2001953 0.0 -2.749023 1.694336 0.0 -1.99707 2.851563 0.0 -1.845703 3.779297 0.0 -1.469727 4.87793 0.0 -1.245117
5.8328  0.1953125 0.0 -2.739258 1.694336 0.0 -1.982422 2.84668 0.0 -1.831055 3.779297 0.0 -1.459961 4.87793 0.0 -1.245117
5.8344  0.1953125 0.0 -2.729492 1.689453 0.0 -1.972656 2.84668 0.0 -1.821289 3.779297 0.0 -1.455078 4.87793 0.0 -1.240234
5.836  0.1953125 0.0 -2.719727 1.689453 0.0 -1.958008 2.84668 0.0 -1.806641 3.779297 0.0 -1.450195 4.87793 0.0 -1.240234
5.8376  0.1953125 0.0 -2.705078 1.689453 0.0 -1.943359 2.84668 0.0 -1.796875 3.779297 0.0 -1.445313 4.87793 0.0 -1.240234
5.8392  0.1953125 0.0 -2.695313 1.68457 0.0 -1.928711 2.84668 0.0 -1.782227 3.779297 0.0 -1.44043 4.87793 0.0 -1.235352
5.8408  0.1953125 0.0 -2.685547 1.68457 0.0 -1.914063 2.841797 0.0 -1.772461 3.779297 0.0 -1.430664 4.87793 0.0 -1.230469
5.8424  0.1953125 0.0 -2.670898 1.68457 0.0 -1.899414 2.841797 0.0 -1.757813 3.779297 0.0 -1.425781 4.87793 0.0 -1.230469
5.844  0.1904297 0.0 -2.661133 1.679688 0.0 -1.884766 2.841797 0.0 -1.743164 3.779297 0.0 -1.420898 4.87793 0.0 -1.225586
5.8456  0.1904297 0.0 -2.646484 1.679688 0.0 -1.870117 2.836914 0.0 -1.728516 3.774414 0.0 -1.411133 4.87793 0.0 -1.225586
5.8472  0.1904297 0.0 -2.636719 1.674805 0.0 -1.850586 2.836914 0.0 -1.71875 3.774414 0.0 -1.40625 4.87793 0.0 -1.220703
5.8488  0.1904297 0.0 -2.626953 1.674805 0.0 -1.835938 2.836914 0.0 -1.704102 3.774414 0.0 -1.401367 4.87793 0.0 -1.220703
5.8504  0.1904297 0.0 -2.612305 1.669922 0.0 -1.821289 2.832031 0.0 -1.689453 3.774414 0.0 -1.391602 4.87793 0.0 -1.21582
5.852  0.1904297 0.0 -2.602539 1.669922 0.0 -1.801758 2.832031 0.0 -1.674805 3.774414 0.0 -1.386719 4.87793 0.0 -1.210938
5.8536  0.1855469 0.0 -2.592773 1.665039 0.0 -1.787109 2.827148 0.0 -1.660156 3.769531 0.0 -1.381836 4.873047 0.0 -1.206055
5.8552  0.1855469 0.0 -2.578125 1.665039 0.0 -1.767578 2.827148 0.0 -1.645508 3.769531 0.0 -1.37207 4.873047 0.0 -1.206055
5.8568  0.1855469 0.0 -2.568359 1.660156 0.0 -1.75293 2.822266 0.0 -1.630859 3.769531 0.0 -1.367188 4.873047 0.0 -1.201172
5.8584  0.1855469 0.0 -2.553711 1.660156 0.0 -1.733398 2.822266 0.0 -1.616211 3.764648 0.0 -1.357422 4.873047 0.0 -1.196289
5.86  0.1855469 0.0 -2.543945 1.655273 0.0 -1.71875 2.817383 0.0 -1.59668 3.764648 0.0 -1.352539 4.868164 0.0 -1.191406
5.8616  0.1806641 0.0 -2.529297 1.650391 0.0 -1.699219 2.817383 0.0 -1.582031 3.764648 0.0 -1.342773 4.868164 0.0 -1.186523
5.8632  0.1806641 0.0 -2.519531 1.650391 0.0 -1.679688 2.8125 0.0 -1.567383 3.759766 0.0 -1.337891 4.868164 0.0 -1.186523
5.8648  0.1806641 0.0 -2.509766 1.645508 0.0 -1.665039 2.8125 0.0 -1.552734 3.759766 0.0 -1.328125 4.863281 0.0 -1.181641
5.8664  0.1806641 0.0 -2.495117 1.640625 0.0 -1.645508 2.807617 0.0 -1.533203 3.759766 0.0 -1.318359 4.863281 0.0 -1.176758
5.868  0.1757813 0.0 -2.485352 1.635742 0.0 -1.625977 2.807617 0.0 -1.518555 3.754883 0.0 -1.313477 4.858398 0.0 -1.171875
5.8696  0.1757813 0.0 -2.470703 1.635742 0.0 -1.606445 2.802734 0.0 -1.503906 3.754883 0.0 -1.303711 4.858398 0.0 -1.166992
5.8712  0.1757813 0.0 -2.460938 1.630859 0.0 -1.586914 2.797852 0.0 -1.484375 3.75 0.0 -1.293945 4.853516 0.0 -1.162109
5.8728  0.1708984 0.0 -2.446289 1.625977 0.0 -1.572266 2.797852 0.0 -1.469727 3.75 0.0 -1.289063 4.853516 0.0 -1.157227
5.8744  0.1708984 0.0 -2.436523 1.621094 0.0 -1.552734 2.792969 0.0 -1.450195 3.745117 0.0 -1.279297 4.848633 0.0 -1.152344
5.876  0.1708984 0.0 -2.426758 1.616211 0.0 -1.533203 2.788086 0.0 -1.435547 3.745117 0.0 -1.269531 4.84375 0.0 -1.147461
5.8776  0.1660156 0.0 -2.412109 1.616211 0.0 -1.513672 2.788086 0.0 -1.416016 3.740234 0.0 -1.264648 4.84375 0.0 -1.142578
5.8792  0.1660156 0.0 -2.402344 1.611328 0.0 -1.494141 2.783203 0.0 -1.401367 3.740234 0.0 -1.254883 4.838867 0.0 -1.132813
5.8808  0.1660156 0.0 -2.387695 1.606445 0.0 -1.474609 2.783203 0.0 -1.381836 3.735352 0.0 -1.245117 4.833984 0.0 -1.12793
5.8824  0.1611328 0.0 -2.37793 1.601563 0.0 -1.455078 2.77832 0.0 -1.362305 3.735352 0.0 -1.235352 4.833984 0.0 -1.123047
5.884  0.1611328 0.0 -2.368164 1.59668 0.0 -1.435547 2.773438 0.0 -1.347656 3.730469 0.0 -1.225586 4.829102 0.0 -1.118164
