0 5000000000 1.0
Cubic 15 explicit
0.0  0.3173828 0.0 -3.125 1.591797 0.0 -2.163086 2.744141 0.0 -1.860352 3.686523 0.0 -1.396484 4.790039 0.0 -1.12793
0.1016  0.08300781 0.0 -2.280273 1.494141 0.0 -1.704102 2.69043 0.0 -1.425781 3.837891 0.0 -1.157227 4.995117 0.0 -1.049805
0.1032  0.078125 0.0 -2.275391 1.494141 0.0 -1.699219 2.69043 0.0 -1.430664 3.837891 0.0 -1.157227 5.0 0.0 -1.054688
0.1048  0.078125 0.0 -2.270508 1.494141 0.0 -1.699219 2.69043 0.0 -1.430664 3.837891 0.0 -1.157227 5.0 0.0 -1.054688
0.1064  0.07324219 0.0 -2.265625 1.494141 0.0 -1.694336 2.69043 0.0 -1.430664 3.837891 0.0 -1.162109 5.0 0.0 -1.054688
0.108  0.07324219 0.0 -2.255859 1.489258 0.0 -1.694336 2.69043 0.0 -1.430664 3.837891 0.0 -1.162109 5.0 0.0 -1.05957
0.1096  0.07324219 0.0 -2.250977 1.489258 0.0 -1.694336 2.69043 0.0 -1.435547 3.837891 0.0 -1.166992 5.0 0.0 -1.05957
0.1112  0.07324219 0.0 -2.246094 1.489258 0.0 -1.694336 2.69043 0.0 -1.435547 3.842773 0.0 -1.166992 5.0 0.0 -1.05957
0.1128  0.06835938 0.0 -2.246094 1.489258 0.0 -1.689453 2.695313 0.0 -1.435547 3.842773 0.0 -1.171875 5.0 0.0 -1.064453
0.1144  0.06835938 0.0 -2.241211 1.489258 0.0 -1.689453 2.695313 0.0 -1.44043 3.842773 0.0 -1.171875 5.0 0.0 -1.064453
0.116  0.06835938 0.0 -2.236328 1.489258 0.0 -1.689453 2.695313 0.0 -1.44043 3.842773 0.0 -1.176758 5.004883 0.0 -1.064453
0.1176  0.06347656 0.0 -2.231445 1.489258 0.0 -1.689453 2.695313 0.0 -1.44043 3.842773 0.0 -1.176758 5.004883 0.0 -1.064453
0.1192  0.06347656 0.0 -2.226563 1.489258 0.0 -1.689453 2.695313 0.0 -1.445313 3.842773 0.0 -1.181641 5.004883 0.0 -1.069336
0.1208  0.06347656 0.0 -2.22168 1.489258 0.0 -1.689453 2.695313 0.0 -1.445313 3.842773 0.0 -1.181641 5.004883 0.0 -1.069336
0.1224  0.06347656 0.0 -2.22168 1.489258 0.0 -1.68457 2.695313 0.0 -1.450195 3.842773 0.0 -1.186523 5.004883 0.0 -1.069336
0.124  0.05859375 0.0 -2.216797 1.489258 0.0 -1.68457 2.695313 0.0 -1.450195 3.842773 0.0 -1.186523 5.004883 0.0 -1.069336
0.1256  0.05859375 0.0 -2.211914 1.489258 0.0 -1.68457 2.695313 0.0 -1.450195 3.842773 0.0 -1.191406 5.004883 0.0 -1.074219
0.1272  0.05859375 0.0 -2.207031 1.489258 0.0 -1.68457 2.700195 0.0 -1.455078 3.842773 0.0 -1.191406 5.009766 0.0 -1.074219
0.1288  0.05859375 0.0 -2.207031 1.489258 0.0 -1.68457 2.700195 0.0 -1.455078 3.842773 0.0 -1.196289 5.009766 0.0 -1.074219
0.1304  0.05859375 0.0 -2.202148 1.489258 0.0 -1.68457 2.700195 0.0 -1.459961 3.842773 0.0 -1.196289 5.009766 0.0 -1.079102
0.132  0.05371094 0.0 -2.197266 1.489258 0.0 -1.68457 2.700195 0.0 -1.464844 3.842773 0.0 -1.201172 5.009766 0.0 -1.079102
0.1336  0.05371094 0.0 -2.197266 1.489258 0.0 -1.68457 2.700195 0.0 -1.464844 3.847656 0.0 -1.201172 5.014648 0.0 -1.079102
0.1352  0.05371094 0.0 -2.192383 1.489258 0.0 -1.68457 2.705078 0.0 -1.469727 3.847656 0.0 -1.206055 5.014648 0.0 -1.079102
0.1368  0.05371094 0.0 -2.192383 1.489258 0.0 -1.68457 2.705078 0.0 -1.469727 3.847656 0.0 -1.210938 5.014648 0.0 -1.083984
0.1384  0.05371094 0.0 -2.1875 1.494141 0.0 -1.689453 2.705078 0.0 -1.474609 3.847656 0.0 -1.210938 5.014648 0.0 -1.083984
0.14  0.05371094 0.0 -2.1875 1.494141 0.0 -1.689453 2.705078 0.0 -1.479492 3.847656 0.0 -1.21582 5.019531 0.0 -1.083984
0.1416  0.05371094 0.0 -2.182617 1.494141 0.0 -1.689453 2.709961 0.0 -1.479492 3.847656 0.0 -1.21582 5.019531 0.0 -1.088867
0.1432  0.05371094 0.0 -2.182617 1.494141 0.0 -1.689453 2.709961 0.0 -1.484375 3.852539 0.0 -1.220703 5.019531 0.0 -1.088867
0.1448  0.05371094 0.0 -2.182617 1.494141 0.0 -1.689453 2.709961 0.0 -1.489258 3.852539 0.0 -1.225586 5.024414 0.0 -1.09375
0.1464  0.05371094 0.0 -2.182617 1.499023 0.0 -1.694336 2.714844 0.0 -1.494141 3.852539 0.0 -1.225586 5.024414 0.0 -1.09375
0.148  0.05371094 0.0 -2.177734 1.499023 0.0 -1.694336 2.714844 0.0 -1.499023 3.852539 0.0 -1.230469 5.024414 0.0 -1.09375
0.1496  0.05371094 0.0 -2.177734 1.499023 0.0 -1.694336 2.714844 0.0 -1.499023 3.857422 0.0 -1.235352 5.029297 0.0 -1.098633
0.1512  0.05371094 0.0 -2.177734 1.499023 0.0 -1.699219 2.719727 0.0 -1.503906 3.857422 0.0 -1.240234 5.029297 0.0 -1.098633
0.1528  0.05371094 0.0 -2.177734 1.503906 0.0 -1.699219 2.719727 0.0 -1.508789 3.857422 0.0 -1.245117 5.03418 0.0 -1.103516
0.1544  0.05371094 0.0 -2.177734 1.503906 0.0 -1.704102 2.724609 0.0 -1.513672 3.862305 0.0 -1.245117 5.03418 0.0 -1.103516
0.156  0.05371094 0.0 -2.177734 1.503906 0.0 -1.704102 2.724609 0.0 -1.518555 3.862305 0.0 -1.25 5.03418 0.0 -1.108398
0.1576  0.05371094 0.0 -2.177734 1.508789 0.0 -1.708984 2.729492 0.0 -1.523438 3.867188 0.0 -1.254883 5.039063 0.0 -1.113281
0.1592  0.05371094 0.0 -2.177734 1.508789 0.0 -1.713867 2.729492 0.0 -1.533203 3.867188 0.0 -1.259766 5.039063 0.0 -1.113281
0.1608  0.05859375 0.0 -2.177734 1.513672 0.0 -1.713867 2.734375 0.0 -1.538086 3.867188 0.0 -1.264648 5.043945 0.0 -1.118164
0.1624  0.05859375 0.0 -2.182617 1.513672 0.0 -1.71875 2.734375 0.0 -1.542969 3.87207 0.0 -1.269531 5.043945 0.0 -1.123047
0.164  0.05859375 0.0 -2.182617 1.518555 0.0 -1.723633 2.739258 0.0 -1.547852 3.87207 0.0 -1.279297 5.048828 0.0 -1.12793
0.1656  0.05859375 0.0 -2.1875 1.518555 0.0 -1.728516 2.739258 0.0 -1.552734 3.876953 0.0 -1.28418 5.048828 0.0 -1.12793
0.1672  0.06347656 0.0 -2.1875 1.523438 0.0 -1.733398 2.744141 0.0 -1.5625 3.876953 0.0 -1.289063 5.053711 0.0 -1.132813
0.1688  0.06347656 0.0 -2.192383 1.523438 0.0 -1.738281 2.744141 0.0 -1.567383 3.881836 0.0 -1.293945 5.053711 0.0 -1.137695
0.1704  0.06347656 0.0 -2.192383 1.52832 0.0 -1.743164 2.749023 0.0 -1.572266 3.881836 0.0 -1.298828 5.058594 0.0 -1.142578
0.172  0.06835938 0.0 -2.197266 1.52832 0.0 -1.748047 2.753906 0.0 -1.582031 3.881836 0.0 -1.308594 5.058594 0.0 -1.147461
0.1736  0.06835938 0.0 -2.202148 1.533203 0.0 -1.75293 2.753906 0.0 -1.586914 3.886719 0.0 -1.313477 5.063477 0.0 -1.147461
0.1752  0.07324219 0.0 -2.207031 1.533203 0.0 -1.757813 2.758789 0.0 -1.59668 3.886719 0.0 -1.318359 5.063477 0.0 -1.152344
0.1768  0.07324219 0.0 -2.211914 1.538086 0.0 -1.762695 2.758789 0.0 -1.601563 3.891602 0.0 -1.328125 5.068359 0.0 -1.157227
0.1784  0.07324219 0.0 -2.216797 1.538086 0.0 -1.772461 2.763672 0.0 -1.611328 3.891602 0.0 -1.333008 5.068359 0.0 -1.162109
0.18  0.078125 0.0 -2.22168 1.542969 0.0 -1.777344 2.768555 0.0 -1.616211 3.896484 0.0 -1.337891 5.073242 0.0 -1.166992
0.1816  0.078125 0.0 -2.226563 1.547852 0.0 -1.782227 2.768555 0.0 -1.625977 3.896484 0.0 -1.347656 5.073242 0.0 -1.171875
0.1832  0.08300781 0.0 -2.236328 1.547852 0.0 -1.791992 2.773438 0.0 -1.630859 3.896484 0.0 -1.352539 5.078125 0.0 -1.176758
0.1848  0.08300781 0.0 -2.241211 1.552734 0.0 -1.796875 2.773438 0.0 -1.640625 3.901367 0.0 -1.357422 5.078125 0.0 -1.181641
0.1864  0.08789063 0.0 -2.246094 1.552734 0.0 -1.806641 2.77832 0.0 -1.650391 3.901367 0.0 -1.367188 5.078125 0.0 -1.186523
0.188  0.09277344 0.0 -2.255859 1.557617 0.0 -1.811523 2.77832 0.0 -1.660156 3.901367 0.0 -1.37207 5.083008 0.0 -1.186523
0.1896  0.09277344 0.0 -2.265625 1.557617 0.0 -1.821289 2.783203 0.0 -1.665039 3.90625 0.0 -1.376953 5.083008 0.0 -1.191406
0.1912  0.09765625 0.0 -2.270508 1.5625 0.0 -1.831055 2.788086 0.0 -1.674805 3.90625 0.0 -1.386719 5.087891 0.0 -1.196289
0.1928  0.09765625 0.0 -2.280273 1.5625 0.0 -1.835938 2.788086 0.0 -1.68457 3.90625 0.0 -1.391602 5.087891 0.0 -1.201172
0.1944  0.1025391 0.0 -2.290039 1.567383 0.0 -1.845703 2.792969 0.0 -1.694336 3.911133 0.0 -1.396484 5.087891 0.0 -1.206055
0.196  0.1025391 0.0 -2.299805 1.567383 0.0 -1.855469 2.792969 0.0 -1.699219 3.911133 0.0 -1.40625 5.092773 0.0 -1.206055
0.1976  0.1074219 0.0 -2.30957 1.572266 0.0 -1.860352 2.797852 0.0 -1.708984 3.911133 0.0 -1.411133 5.092773 0.0 -1.210938
0.1992  0.1123047 0.0 -2.319336 1.572266 0.0 -1.870117 2.797852 0.0 -1.71875 3.911133 0.0 -1.416016 5.092773 0.0 -1.21582
0.2008  0.1123047 0.0 -2.329102 1.577148 0.0 -1.879883 2.797852 0.0 -1.728516 3.911133 0.0 -1.420898 5.092773 0.0 -1.21582
0.2024  0.1171875 0.0 -2.338867 1.577148 0.0 -1.889648 2.802734 0.0 -1.738281 3.911133 0.0 -1.425781 5.092773 0.0 -1.220703
0.204  0.1171875 0.0 -2.348633 1.582031 0.0 -1.899414 2.802734 0.0 -1.748047 3.916016 0.0 -1.435547 5.092773 0.0 -1.225586
0.2056  0.1220703 0.0 -2.363281 1.582031 0.0 -1.904297 2.802734 0.0 -1.757813 3.916016 0.0 -1.44043 5.092773 0.0 -1.225586
0.2072  0.1269531 0.0 -2.373047 1.582031 0.0 -1.914063 2.807617 0.0 -1.767578 3.916016 0.0 -1.445313 5.092773 0.0 -1.230469
0.2088  0.1269531 0.0 -2.387695 1.582031 0.0 -1.923828 2.807617 0.0 -1.772461 3.916016 0.0 -1.450195 5.092773 0.0 -1.230469
0.2104  0.1318359 0.0 -2.397461 1.586914 0.0 -1.933594 2.807617 0.0 -1.782227 3.916016 0.0 -1.455078 5.092773 0.0 -1.230469
0.212  0.1318359 0.0 -2.412109 1.586914 0.0 -1.943359 2.807617 0.0 -1.791992 3.916016 0.0 -1.459961 5.092773 0.0 -1.235352
0.2136  0.1367188 0.0 -2.421875 1.586914 0.0 -1.953125 2.807617 0.0 -1.801758 3.911133 0.0 -1.464844 5.092773 0.0 -1.235352
0.2152  0.1416016 0.0 -2.436523 1.586914 0.0 -1.958008 2.8125 0.0 -1.811523 3.911133 0.0 -1.469727 5.092773 0.0 -1.235352
0.2168  0.1416016 0.0 -2.446289 1.586914 0.0 -1.967773 2.8125 0.0 -1.821289 3.911133 0.0 -1.474609 5.087891 0.0 -1.235352
0.2184  0.1464844 0.0 -2.460938 1.591797 0.0 -1.977539 2.8125 0.0 -1.826172 3.911133 0.0 -1.479492 5.087891 0.0 -1.240234
0.22  0.1513672 0.0 -2.475586 1.591797 0.0 -1.987305 2.8125 0.0 -1.835938 3.911133 0.0 -1.484375 5.087891 0.0 -1.240234
0.2216  0.1513672 0.0 -2.485352 1.591797 0.0 -1.99707 2.8125 0.0 -1.845703 3.90625 0.0 -1.489258 5.083008 0.0 -1.240234
0.2232  0.15625 0.0 -2.5 1.591797 0.0 -2.006836 2.8125 0.0 -1.855469 3.90625 0.0 -1.494141 5.083008 0.0 -1.240234
0.2248  0.15625 0.0 -2.514648 1.591797 0.0 -2.011719 2.807617 0.0 -1.860352 3.90625 0.0 -1.499023 5.078125 0.0 -1.240234
0.2264  0.1611328 0.0 -2.529297 1.586914 0.0 -2.021484 2.807617 0.0 -1.870117 3.901367 0.0 -1.503906 5.073242 0.0 -1.240234
0.228  0.1660156 0.0 -2.539063 1.586914 0.0 -2.03125 2.807617 0.0 -1.879883 3.901367 0.0 -1.508789 5.073242 0.0 -1.240234
0.2296  0.1660156 0.0 -2.553711 1.586914 0.0 -2.041016 2.807617 0.0 -1.884766 3.896484 0.0 -1.513672 5.068359 0.0 -1.240234
0.2312  0.1708984 0.0 -2.568359 1.586914 0.0 -2.050781 2.807617 0.0 -1.894531 3.896484 0.0 -1.518555 5.068359 0.0 -1.240234
0.2328  0.1708984 0.0 -2.583008 1.586914 0.0 -2.055664 2.807617 0.0 -1.904297 3.891602 0.0 -1.523438 5.063477 0.0 -1.240234
0.2344  0.1757813 0.0 -2.592773 1.586914 0.0 -2.06543 2.802734 0.0 -1.90918 3.886719 0.0 -1.52832 5.058594 0.0 -1.240234
0.236  0.1757813 0.0 -2.607422 1.586914 0.0 -2.075195 2.802734 0.0 -1.918945 3.886719 0.0 -1.533203 5.053711 0.0 -1.240234
0.2376  0.1806641 0.0 -2.62207 1.582031 0.0 -2.084961 2.802734 0.0 -1.923828 3.881836 0.0 -1.538086 5.053711 0.0 -1.240234
0.2392  0.1806641 0.0 -2.636719 1.582031 0.0 -2.089844 2.797852 0.0 -1.933594 3.876953 0.0 -1.542969 5.048828 0.0 -1.240234
0.2408  0.1855469 0.0 -2.646484 1.582031 0.0 -2.099609 2.797852 0.0 -1.938477 3.876953 0.0 -1.552734 5.043945 0.0 -1.240234
0.2424  0.1855469 0.0 -2.661133 1.582031 0.0 -2.109375 2.797852 0.0 -1.948242 3.87207 0.0 -1.557617 5.039063 0.0 -1.240234
0.244  0.1904297 0.0 -2.675781 1.577148 0.0 -2.119141 2.792969 0.0 -1.953125 3.867188 0.0 -1.5625 5.03418 0.0 -1.240234
0.2456  0.1904297 0.0 -2.685547 1.577148 0.0 -2.124023 2.792969 0.0 -1.962891 3.862305 0.0 -1.567383 5.03418 0.0 -1.240234
0.2472  0.1953125 0.0 -2.700195 1.577148 0.0 -2.133789 2.792969 0.0 -1.967773 3.862305 0.0 -1.572266 5.029297 0.0 -1.240234
0.2488  0.1953125 0.0 -2.709961 1.577148 0.0 -2.143555 2.788086 0.0 -1.972656 3.857422 0.0 -1.577148 5.024414 0.0 -1.240234
0.2504  0.2001953 0.0 -2.724609 1.572266 0.0 -2.148438 2.788086 0.0 -1.982422 3.852539 0.0 -1.582031 5.019531 0.0 -1.240234
0.252  0.2001953 0.0 -2.734375 1.572266 0.0 -2.158203 2.788086 0.0 -1.987305 3.852539 0.0 -1.582031 5.019531 0.0 -1.240234
0.2536  0.2050781 0.0 -2.749023 1.572266 0.0 -2.167969 2.788086 0.0 -1.992188 3.847656 0.0 -1.586914 5.014648 0.0 -1.240234
0.2552  0.2050781 0.0 -2.758789 1.572266 0.0 -2.172852 2.783203 0.0 -1.99707 3.842773 0.0 -1.591797 5.009766 0.0 -1.240234
0.2568  0.2050781 0.0 -2.768555 1.572266 0.0 -2.182617 2.783203 0.0 -2.006836 3.842773 0.0 -1.59668 5.004883 0.0 -1.245117
0.2584  0.2099609 0.0 -2.77832 1.567383 0.0 -2.1875 2.783203 0.0 -2.011719 3.837891 0.0 -1.601563 5.004883 0.0 -1.245117
0.26  0.2099609 0.0 -2.792969 1.567383 0.0 -2.197266 2.783203 0.0 -2.016602 3.837891 0.0 -1.601563 5.0 0.0 -1.245117
0.2616  0.2099609 0.0 -2.802734 1.567383 0.0 -2.202148 2.783203 0.0 -2.021484 3.833008 0.0 -1.606445 4.995117 0.0 -1.245117
0.2632  0.2148438 0.0 -2.8125 1.567383 0.0 -2.211914 2.77832 0.0 -2.026367 3.833008 0.0 -1.611328 4.995117 0.0 -1.245117
0.2648  0.2148438 0.0 -2.822266 1.567383 0.0 -2.216797 2.77832 0.0 -2.036133 3.828125 0.0 -1.611328 4.990234 0.0 -1.245117
0.2664  0.2148438 0.0 -2.832031 1.567383 0.0 -2.226563 2.77832 0.0 -2.041016 3.828125 0.0 -1.616211 4.990234 0.0 -1.245117
0.268  0.2197266 0.0 -2.841797 1.5625 0.0 -2.231445 2.77832 0.0 -2.045898 3.823242 0.0 -1.616211 4.985352 0.0 -1.245117
0.2696  0.2197266 0.0 -2.851563 1.5625 0.0 -2.236328 2.77832 0.0 -2.050781 3.823242 0.0 -1.621094 4.980469 0.0 -1.245117
0.2712  0.2197266 0.0 -2.856445 1.5625 0.0 -2.246094 2.77832 0.0 -2.055664 3.818359 0.0 -1.621094 4.980469 0.0 -1.245117
0.2728  0.2197266 0.0 -2.866211 1.5625 0.0 -2.250977 2.77832 0.0 -2.060547 3.818359 0.0 -1.625977 4.975586 0.0 -1.245117
0.2744  0.2246094 0.0 -2.875977 1.5625 0.0 -2.255859 2.773438 0.0 -2.06543 3.813477 0.0 -1.625977 4.975586 0.0 -1.245117
0.276  0.2246094 0.0 -2.880859 1.5625 0.0 -2.260742 2.773438 0.0 -2.070313 3.813477 0.0 -1.625977 4.970703 0.0 -1.25
0.2776  0.2246094 0.0 -2.890625 1.5625 0.0 -2.265625 2.773438 0.0 -2.070313 3.813477 0.0 -1.625977 4.970703 0.0 -1.25
0.2792  0.2246094 0.0 -2.895508 1.5625 0.0 -2.270508 2.773438 0.0 -2.075195 3.808594 0.0 -1.630859 4.970703 0.0 -1.25
0.2808  0.2246094 0.0 -2.905273 1.5625 0.0 -2.280273 2.773438 0.0 -2.080078 3.808594 0.0 -1.630859 4.96582 0.0 -1.25
0.2824  0.2294922 0.0 -2.910156 1.557617 0.0 -2.285156 2.773438 0.0 -2.084961 3.808594 0.0 -1.630859 4.96582 0.0 -1.25
0.284  0.2294922 0.0 -2.915039 1.557617 0.0 -2.285156 2.773438 0.0 -2.089844 3.808594 0.0 -1.630859 4.960938 0.0 -1.25
0.2856  0.2294922 0.0 -2.924805 1.557617 0.0 -2.290039 2.773438 0.0 -2.094727 3.803711 0.0 -1.635742 4.960938 0.0 -1.25
0.2872  0.2294922 0.0 -2.929688 1.557617 0.0 -2.294922 2.773438 0.0 -2.094727 3.803711 0.0 -1.635742 4.956055 0.0 -1.25
0.2888  0.2294922 0.0 -2.93457 1.557617 0.0 -2.299805 2.773438 0.0 -2.099609 3.803711 0.0 -1.635742 4.956055 0.0 -1.25
0.2904  0.2294922 0.0 -2.939453 1.557617 0.0 -2.304688 2.773438 0.0 -2.104492 3.798828 0.0 -1.635742 4.956055 0.0 -1.25
0.292  0.2294922 0.0 -2.949219 1.557617 0.0 -2.30957 2.773438 0.0 -2.104492 3.798828 0.0 -1.640625 4.951172 0.0 -1.25
0.2936  0.2294922 0.0 -2.954102 1.557617 0.0 -2.314453 2.768555 0.0 -2.109375 3.798828 0.0 -1.640625 4.951172 0.0 -1.25
0.2952  0.234375 0.0 -2.958984 1.552734 0.0 -2.314453 2.768555 0.0 -2.114258 3.798828 0.0 -1.640625 4.951172 0.0 -1.25
0.2968  0.234375 0.0 -2.963867 1.552734 0.0 -2.319336 2.768555 0.0 -2.114258 3.793945 0.0 -1.645508 4.946289 0.0 -1.25
0.2984  0.234375 0.0 -2.96875 1.552734 0.0 -2.324219 2.768555 0.0 -2.119141 3.793945 0.0 -1.645508 4.946289 0.0 -1.25
0.3  0.234375 0.0 -2.973633 1.552734 0.0 -2.329102 2.768555 0.0 -2.119141 3.793945 0.0 -1.645508 4.941406 0.0 -1.25
0.3016  0.234375 0.0 -2.978516 1.552734 0.0 -2.329102 2.768555 0.0 -2.124023 3.793945 0.0 -1.650391 4.941406 0.0 -1.25
0.3032  0.234375 0.0 -2.978516 1.552734 0.0 -2.333984 2.768555 0.0 -2.124023 3.789063 0.0 -1.650391 4.941406 0.0 -1.254883
0.3048  0.234375 0.0 -2.983398 1.552734 0.0 -2.338867 2.768555 0.0 -2.128906 3.789063 0.0 -1.650391 4.936523 0.0 -1.254883
0.3064  0.234375 0.0 -2.988281 1.552734 0.0 -2.338867 2.768555 0.0 -2.128906 3.789063 0.0 -1.655273 4.936523 0.0 -1.254883
0.308  0.234375 0.0 -2.993164 1.552734 0.0 -2.34375 2.768555 0.0 -2.133789 3.789063 0.0 -1.655273 4.936523 0.0 -1.254883
0.3096  0.234375 0.0 -2.998047 1.547852 0.0 -2.34375 2.763672 0.0 -2.133789 3.789063 0.0 -1.655273 4.936523 0.0 -1.254883
0.3112  0.234375 0.0 -2.998047 1.547852 0.0 -2.348633 2.763672 0.0 -2.138672 3.78418 0.0 -1.660156 4.931641 0.0 -1.254883
0.3128  0.234375 0.0 -3.00293 1.547852 0.0 -2.348633 2.763672 0.0 -2.138672 3.78418 0.0 -1.660156 4.931641 0.0 -1.259766
0.3144  0.234375 0.0 -3.007813 1.547852 0.0 -2.353516 2.763672 0.0 -2.138672 3.78418 0.0 -1.665039 4.931641 0.0 -1.259766
0.316  0.234375 0.0 -3.007813 1.547852 0.0 -2.353516 2.763672 0.0 -2.143555 3.78418 0.0 -1.665039 4.931641 0.0 -1.259766
0.3176  0.234375 0.0 -3.012695 1.547852 0.0 -2.358398 2.763672 0.0 -2.143555 3.78418 0.0 -1.665039 4.926758 0.0 -1.259766
0.3192  0.234375 0.0 -3.012695 1.547852 0.0 -2.358398 2.763672 0.0 -2.143555 3.779297 0.0 -1.669922 4.926758 0.0 -1.264648
0.3208  0.234375 0.0 -3.017578 1.547852 0.0 -2.363281 2.763672 0.0 -2.143555 3.779297 0.0 -1.669922 4.926758 0.0 -1.264648
0.3224  0.234375 0.0 -3.017578 1.547852 0.0 -2.363281 2.763672 0.0 -2.148438 3.779297 0.0 -1.669922 4.926758 0.0 -1.264648
0.324  0.234375 0.0 -3.022461 1.547852 0.0 -2.363281 2.763672 0.0 -2.148438 3.779297 0.0 -1.674805 4.921875 0.0 -1.264648
0.3256  0.234375 0.0 -3.022461 1.547852 0.0 -2.368164 2.758789 0.0 -2.148438 3.779297 0.0 -1.674805 4.921875 0.0 -1.269531
0.3272  0.234375 0.0 -3.022461 1.547852 0.0 -2.368164 2.758789 0.0 -2.148438 3.779297 0.0 -1.674805 4.921875 0.0 -1.269531
0.3288  0.234375 0.0 -3.027344 1.547852 0.0 -2.368164 2.758789 0.0 -2.148438 3.774414 0.0 -1.674805 4.921875 0.0 -1.269531
0.3304  0.234375 0.0 -3.027344 1.547852 0.0 -2.368164 2.758789 0.0 -2.148438 3.774414 0.0 -1.674805 4.921875 0.0 -1.269531
0.332  0.234375 0.0 -3.027344 1.547852 0.0 -2.368164 2.758789 0.0 -2.148438 3.774414 0.0 -1.674805 4.921875 0.0 -1.269531
0.3336  0.234375 0.0 -3.027344 1.547852 0.0 -2.368164 2.758789 0.0 -2.148438 3.774414 0.0 -1.679688 4.916992 0.0 -1.274414
0.3352  0.234375 0.0 -3.027344 1.547852 0.0 -2.368164 2.758789 0.0 -2.148438 3.774414 0.0 -1.679688 4.916992 0.0 -1.274414
0.3368  0.234375 0.0 -3.027344 1.547852 0.0 -2.368164 2.758789 0.0 -2.148438 3.769531 0.0 -1.679688 4.916992 0.0 -1.274414
0.3384  0.2294922 0.0 -3.027344 1.542969 0.0 -2.368164 2.758789 0.0 -2.148438 3.769531 0.0 -1.679688 4.916992 0.0 -1.274414
0.34  0.2294922 0.0 -3.027344 1.542969 0.0 -2.368164 2.758789 0.0 -2.148438 3.769531 0.0 -1.679688 4.916992 0.0 -1.274414
0.3416  0.2294922 0.0 -3.027344 1.542969 0.0 -2.368164 2.758789 0.0 -2.148438 3.769531 0.0 -1.674805 4.916992 0.0 -1.274414
0.3432  0.2294922 0.0 -3.027344 1.542969 0.0 -2.368164 2.758789 0.0 -2.148438 3.769531 0.0 -1.674805 4.916992 0.0 -1.279297
0.3448  0.2294922 0.0 -3.027344 1.542969 0.0 -2.368164 2.758789 0.0 -2.148438 3.764648 0.0 -1.674805 4.912109 0.0 -1.279297
0.3464  0.2294922 0.0 -3.027344 1.542969 0.0 -2.363281 2.753906 0.0 -2.148438 3.764648 0.0 -1.674805 4.912109 0.0 -1.279297
0.348  0.2294922 0.0 -3.027344 1.542969 0.0 -2.363281 2.753906 0.0 -2.148438 3.764648 0.0 -1.674805 4.912109 0.0 -1.279297
0.3496  0.2294922 0.0 -3.027344 1.542969 0.0 -2.363281 2.753906 0.0 -2.143555 3.764648 0.0 -1.674805 4.912109 0.0 -1.279297
0.3512  0.2294922 0.0 -3.022461 1.542969 0.0 -2.363281 2.753906 0.0 -2.143555 3.759766 0.0 -1.674805 4.912109 0.0 -1.279297
0.3528  0.2246094 0.0 -3.022461 1.542969 0.0 -2.363281 2.753906 0.0 -2.143555 3.759766 0.0 -1.669922 4.912109 0.0 -1.279297
0.3544  0.2246094 0.0 -3.022461 1.538086 0.0 -2.358398 2.753906 0.0 -2.143555 3.759766 0.0 -1.669922 4.912109 0.0 -1.279297
0.356  0.2246094 0.0 -3.022461 1.538086 0.0 -2.358398 2.753906 0.0 -2.143555 3.759766 0.0 -1.669922 4.912109 0.0 -1.279297
0.3576  0.2246094 0.0 -3.022461 1.538086 0.0 -2.358398 2.749023 0.0 -2.138672 3.759766 0.0 -1.669922 4.912109 0.0 -1.28418
0.3592  0.2246094 0.0 -3.017578 1.538086 0.0 -2.358398 2.749023 0.0 -2.138672 3.759766 0.0 -1.669922 4.912109 0.0 -1.28418
0.3608  0.2246094 0.0 -3.017578 1.538086 0.0 -2.353516 2.749023 0.0 -2.138672 3.759766 0.0 -1.665039 4.912109 0.0 -1.28418
0.3624  0.2246094 0.0 -3.017578 1.538086 0.0 -2.353516 2.749023 0.0 -2.138672 3.754883 0.0 -1.665039 4.912109 0.0 -1.28418
0.364  0.2246094 0.0 -3.012695 1.538086 0.0 -2.353516 2.749023 0.0 -2.133789 3.754883 0.0 -1.665039 4.912109 0.0 -1.28418
0.3656  0.2246094 0.0 -3.012695 1.538086 0.0 -2.348633 2.749023 0.0 -2.133789 3.754883 0.0 -1.665039 4.912109 0.0 -1.28418
0.3672  0.2246094 0.0 -3.012695 1.538086 0.0 -2.348633 2.749023 0.0 -2.133789 3.754883 0.0 -1.665039 4.912109 0.0 -1.28418
0.3688  0.2246094 0.0 -3.012695 1.538086 0.0 -2.348633 2.749023 0.0 -2.133789 3.754883 0.0 -1.665039 4.912109 0.0 -1.28418
0.3704  0.2246094 0.0 -3.007813 1.538086 0.0 -2.348633 2.749023 0.0 -2.128906 3.754883 0.0 -1.660156 4.912109 0.0 -1.28418
0.372  0.2246094 0.0 -3.007813 1.538086 0.0 -2.34375 2.744141 0.0 -2.128906 3.754883 0.0 -1.660156 4.912109 0.0 -1.28418
0.3736  0.2246094 0.0 -3.007813 1.538086 0.0 -2.34375 2.744141 0.0 -2.128906 3.754883 0.0 -1.660156 4.912109 0.0 -1.289063
0.3752  0.2246094 0.0 -3.007813 1.538086 0.0 -2.34375 2.744141 0.0 -2.124023 3.754883 0.0 -1.660156 4.912109 0.0 -1.289063
0.3768  0.2246094 0.0 -3.00293 1.538086 0.0 -2.338867 2.744141 0.0 -2.124023 3.754883 0.0 -1.660156 4.912109 0.0 -1.289063
0.3784  0.2246094 0.0 -3.00293 1.538086 0.0 -2.338867 2.744141 0.0 -2.124023 3.754883 0.0 -1.660156 4.912109 0.0 -1.289063
0.38  0.2246094 0.0 -3.00293 1.538086 0.0 -2.338867 2.744141 0.0 -2.119141 3.754883 0.0 -1.660156 4.912109 0.0 -1.289063
0.3816  0.2294922 0.0 -3.00293 1.538086 0.0 -2.333984 2.744141 0.0 -2.119141 3.754883 0.0 -1.655273 4.912109 0.0 -1.289063
0.3832  0.2294922 0.0 -2.998047 1.538086 0.0 -2.333984 2.744141 0.0 -2.114258 3.754883 0.0 -1.655273 4.912109 0.0 -1.289063
0.3848  0.2294922 0.0 -2.998047 1.538086 0.0 -2.329102 2.744141 0.0 -2.114258 3.754883 0.0 -1.655273 4.916992 0.0 -1.289063
0.3864  0.2294922 0.0 -2.998047 1.538086 0.0 -2.329102 2.744141 0.0 -2.114258 3.759766 0.0 -1.655273 4.916992 0.0 -1.289063
0.388  0.2294922 0.0 -2.998047 1.538086 0.0 -2.329102 2.744141 0.0 -2.109375 3.759766 0.0 -1.650391 4.916992 0.0 -1.289063
0.3896  0.2294922 0.0 -2.993164 1.538086 0.0 -2.324219 2.744141 0.0 -2.109375 3.759766 0.0 -1.650391 4.916992 0.0 -1.289063
0.3912  0.2294922 0.0 -2.993164 1.538086 0.0 -2.324219 2.744141 0.0 -2.104492 3.759766 0.0 -1.650391 4.916992 0.0 -1.289063
0.3928  0.2294922 0.0 -2.993164 1.533203 0.0 -2.319336 2.744141 0.0 -2.104492 3.759766 0.0 -1.645508 4.916992 0.0 -1.289063
0.3944  0.2294922 0.0 -2.988281 1.533203 0.0 -2.319336 2.744141 0.0 -2.099609 3.759766 0.0 -1.645508 4.916992 0.0 -1.289063
0.396  0.2294922 0.0 -2.988281 1.533203 0.0 -2.314453 2.744141 0.0 -2.099609 3.759766 0.0 -1.645508 4.921875 0.0 -1.289063
0.3976  0.2294922 0.0 -2.988281 1.533203 0.0 -2.314453 2.744141 0.0 -2.094727 3.759766 0.0 -1.640625 4.921875 0.0 -1.289063
0.3992  0.2294922 0.0 -2.983398 1.533203 0.0 -2.30957 2.744141 0.0 -2.094727 3.764648 0.0 -1.640625 4.921875 0.0 -1.28418
0.4008  0.2294922 0.0 -2.983398 1.533203 0.0 -2.30957 2.744141 0.0 -2.089844 3.764648 0.0 -1.635742 4.921875 0.0 -1.28418
0.4024  0.2294922 0.0 -2.978516 1.533203 0.0 -2.304688 2.744141 0.0 -2.084961 3.764648 0.0 -1.635742 4.921875 0.0 -1.28418
0.404  0.2294922 0.0 -2.978516 1.533203 0.0 -2.299805 2.744141 0.0 -2.084961 3.764648 0.0 -1.630859 4.921875 0.0 -1.28418
0.4056  0.2294922 0.0 -2.978516 1.533203 0.0 -2.299805 2.744141 0.0 -2.080078 3.764648 0.0 -1.625977 4.926758 0.0 -1.28418
0.4072  0.2294922 0.0 -2.973633 1.533203 0.0 -2.294922 2.744141 0.0 -2.075195 3.764648 0.0 -1.625977 4.926758 0.0 -1.28418
0.4088  0.2294922 0.0 -2.973633 1.533203 0.0 -2.294922 2.744141 0.0 -2.075195 3.764648 0.0 -1.621094 4.926758 0.0 -1.279297
0.4104  0.2294922 0.0 -2.96875 1.533203 0.0 -2.290039 2.744141 0.0 -2.070313 3.769531 0.0 -1.621094 4.926758 0.0 -1.279297
0.412  0.2294922 0.0 -2.963867 1.533203 0.0 -2.285156 2.744141 0.0 -2.06543 3.769531 0.0 -1.616211 4.931641 0.0 -1.279297
0.4136  0.2294922 0.0 -2.963867 1.538086 0.0 -2.285156 2.744141 0.0 -2.06543 3.769531 0.0 -1.611328 4.931641 0.0 -1.279297
0.4152  0.2294922 0.0 -2.958984 1.538086 0.0 -2.280273 2.744141 0.0 -2.060547 3.769531 0.0 -1.611328 4.931641 0.0 -1.274414
0.4168  0.2294922 0.0 -2.958984 1.538086 0.0 -2.280273 2.744141 0.0 -2.055664 3.769531 0.0 -1.606445 4.931641 0.0 -1.274414
0.4184  0.2294922 0.0 -2.954102 1.538086 0.0 -2.275391 2.744141 0.0 -2.050781 3.769531 0.0 -1.606445 4.931641 0.0 -1.274414
0.42  0.2294922 0.0 -2.949219 1.538086 0.0 -2.270508 2.744141 0.0 -2.050781 3.774414 0.0 -1.601563 4.936523 0.0 -1.274414
0.4216  0.2294922 0.0 -2.949219 1.538086 0.0 -2.265625 2.749023 0.0 -2.045898 3.774414 0.0 -1.601563 4.936523 0.0 -1.269531
0.4232  0.2294922 0.0 -2.944336 1.538086 0.0 -2.265625 2.749023 0.0 -2.041016 3.774414 0.0 -1.59668 4.936523 0.0 -1.269531
0.4248  0.2294922 0.0 -2.939453 1.538086 0.0 -2.260742 2.749023 0.0 -2.036133 3.774414 0.0 -1.591797 4.941406 0.0 -1.269531
0.4264  0.2294922 0.0 -2.939453 1.538086 0.0 -2.255859 2.749023 0.0 -2.03125 3.774414 0.0 -1.591797 4.941406 0.0 -1.264648
0.428  0.2294922 0.0 -2.93457 1.542969 0.0 -2.255859 2.749023 0.0 -2.026367 3.779297 0.0 -1.586914 4.941406 0.0 -1.264648
0.4296  0.2294922 0.0 -2.929688 1.542969 0.0 -2.250977 2.749023 0.0 -2.026367 3.779297 0.0 -1.586914 4.941406 0.0 -1.264648
0.4312  0.234375 0.0 -2.929688 1.542969 0.0 -2.246094 2.749023 0.0 -2.021484 3.779297 0.0 -1.582031 4.946289 0.0 -1.264648
0.4328  0.234375 0.0 -2.924805 1.542969 0.0 -2.241211 2.749023 0.0 -2.016602 3.779297 0.0 -1.582031 4.946289 0.0 -1.259766
0.4344  0.234375 0.0 -2.919922 1.542969 0.0 -2.241211 2.753906 0.0 -2.011719 3.779297 0.0 -1.577148 4.946289 0.0 -1.259766
0.436  0.234375 0.0 -2.915039 1.542969 0.0 -2.236328 2.753906 0.0 -2.006836 3.78418 0.0 -1.577148 4.951172 0.0 -1.259766
0.4376  0.234375 0.0 -2.915039 1.542969 0.0 -2.231445 2.753906 0.0 -2.001953 3.78418 0.0 -1.572266 4.951172 0.0 -1.254883
0.4392  0.234375 0.0 -2.910156 1.547852 0.0 -2.226563 2.753906 0.0 -1.99707 3.78418 0.0 -1.567383 4.951172 0.0 -1.254883
0.4408  0.234375 0.0 -2.905273 1.547852 0.0 -2.226563 2.753906 0.0 -1.992188 3.789063 0.0 -1.567383 4.956055 0.0 -1.25
0.4424  0.2392578 0.0 -2.900391 1.547852 0.0 -2.22168 2.753906 0.0 -1.987305 3.789063 0.0 -1.5625 4.956055 0.0 -1.25
0.444  0.2392578 0.0 -2.895508 1.547852 0.0 -2.216797 2.753906 0.0 -1.982422 3.789063 0.0 -1.557617 4.960938 0.0 -1.245117
0.4456  0.2392578 0.0 -2.890625 1.547852 0.0 -2.211914 2.753906 0.0 -1.972656 3.789063 0.0 -1.557617 4.960938 0.0 -1.245117
0.4472  0.2392578 0.0 -2.885742 1.552734 0.0 -2.207031 2.758789 0.0 -1.967773 3.793945 0.0 -1.552734 4.960938 0.0 -1.240234
0.4488  0.2392578 0.0 -2.885742 1.552734 0.0 -2.202148 2.758789 0.0 -1.962891 3.793945 0.0 -1.547852 4.96582 0.0 -1.240234
0.4504  0.2392578 0.0 -2.880859 1.552734 0.0 -2.202148 2.758789 0.0 -1.958008 3.793945 0.0 -1.542969 4.96582 0.0 -1.235352
0.452  0.2441406 0.0 -2.875977 1.552734 0.0 -2.197266 2.758789 0.0 -1.948242 3.798828 0.0 -1.538086 4.970703 0.0 -1.235352
0.4536  0.2441406 0.0 -2.871094 1.552734 0.0 -2.192383 2.758789 0.0 -1.943359 3.798828 0.0 -1.533203 4.970703 0.0 -1.230469
0.4552  0.2441406 0.0 -2.866211 1.552734 0.0 -2.1875 2.758789 0.0 -1.933594 3.803711 0.0 -1.52832 4.970703 0.0 -1.230469
0.4568  0.2441406 0.0 -2.861328 1.552734 0.0 -2.182617 2.758789 0.0 -1.928711 3.803711 0.0 -1.523438 4.975586 0.0 -1.225586
0.4584  0.2441406 0.0 -2.856445 1.557617 0.0 -2.177734 2.758789 0.0 -1.918945 3.803711 0.0 -1.518555 4.975586 0.0 -1.220703
0.46  0.2441406 0.0 -2.851563 1.557617 0.0 -2.167969 2.758789 0.0 -1.914063 3.808594 0.0 -1.513672 4.980469 0.0 -1.21582
0.4616  0.2441406 0.0 -2.84668 1.557617 0.0 -2.163086 2.758789 0.0 -1.904297 3.808594 0.0 -1.503906 4.980469 0.0 -1.21582
0.4632  0.2490234 0.0 -2.841797 1.557617 0.0 -2.158203 2.753906 0.0 -1.894531 3.808594 0.0 -1.499023 4.985352 0.0 -1.210938
0.4648  0.2490234 0.0 -2.836914 1.557617 0.0 -2.15332 2.753906 0.0 -1.884766 3.813477 0.0 -1.494141 4.985352 0.0 -1.206055
0.4664  0.2490234 0.0 -2.832031 1.557617 0.0 -2.148438 2.753906 0.0 -1.879883 3.813477 0.0 -1.484375 4.990234 0.0 -1.201172
0.468  0.2490234 0.0 -2.822266 1.557617 0.0 -2.138672 2.753906 0.0 -1.870117 3.813477 0.0 -1.479492 4.990234 0.0 -1.196289
0.4696  0.2490234 0.0 -2.817383 1.557617 0.0 -2.133789 2.753906 0.0 -1.860352 3.813477 0.0 -1.469727 4.990234 0.0 -1.191406
0.4712  0.2490234 0.0 -2.8125 1.557617 0.0 -2.128906 2.753906 0.0 -1.850586 3.818359 0.0 -1.464844 4.995117 0.0 -1.186523
0.4728  0.2490234 0.0 -2.807617 1.557617 0.0 -2.124023 2.749023 0.0 -1.835938 3.818359 0.0 -1.455078 4.995117 0.0 -1.181641
0.4744  0.2490234 0.0 -2.802734 1.557617 0.0 -2.114258 2.749023 0.0 -1.826172 3.818359 0.0 -1.445313 5.0 0.0 -1.176758
0.476  0.2490234 0.0 -2.797852 1.557617 0.0 -2.109375 2.749023 0.0 -1.816406 3.823242 0.0 -1.435547 5.0 0.0 -1.171875
0.4776  0.2490234 0.0 -2.788086 1.557617 0.0 -2.099609 2.749023 0.0 -1.806641 3.823242 0.0 -1.425781 5.004883 0.0 -1.166992
0.4792  0.2490234 0.0 -2.783203 1.557617 0.0 -2.094727 2.744141 0.0 -1.791992 3.823242 0.0 -1.416016 5.004883 0.0 -1.157227
0.4808  0.2490234 0.0 -2.77832 1.557617 0.0 -2.089844 2.744141 0.0 -1.782227 3.823242 0.0 -1.40625 5.009766 0.0 -1.152344
0.4824  0.2490234 0.0 -2.773438 1.557617 0.0 -2.080078 2.744141 0.0 -1.767578 3.828125 0.0 -1.396484 5.009766 0.0 -1.147461
0.484  0.2539063 0.0 -2.763672 1.557617 0.0 -2.075195 2.739258 0.0 -1.757813 3.828125 0.0 -1.386719 5.009766 0.0 -1.142578
0.4856  0.2539063 0.0 -2.758789 1.557617 0.0 -2.06543 2.739258 0.0 -1.743164 3.828125 0.0 -1.376953 5.014648 0.0 -1.132813
0.4872  0.2539063 0.0 -2.753906 1.557617 0.0 -2.060547 2.739258 0.0 -1.733398 3.828125 0.0 -1.367188 5.014648 0.0 -1.12793
0.4888  0.2539063 0.0 -2.744141 1.557617 0.0 -2.050781 2.734375 0.0 -1.71875 3.833008 0.0 -1.352539 5.019531 0.0 -1.118164
0.4904  0.2539063 0.0 -2.739258 1.557617 0.0 -2.045898 2.734375 0.0 -1.704102 3.833008 0.0 -1.342773 5.019531 0.0 -1.113281
0.492  0.2539063 0.0 -2.734375 1.557617 0.0 -2.036133 2.729492 0.0 -1.689453 3.833008 0.0 -1.328125 5.024414 0.0 -1.103516
0.4936  0.2539063 0.0 -2.729492 1.552734 0.0 -2.026367 2.729492 0.0 -1.674805 3.837891 0.0 -1.318359 5.024414 0.0 -1.098633
0.4952  0.2539063 0.0 -2.719727 1.552734 0.0 -2.021484 2.729492 0.0 -1.660156 3.837891 0.0 -1.303711 5.024414 0.0 -1.088867
0.4968  0.2539063 0.0 -2.714844 1.552734 0.0 -2.011719 2.724609 0.0 -1.645508 3.837891 0.0 -1.289063 5.029297 0.0 -1.083984
0.4984  0.2539063 0.0 -2.709961 1.552734 0.0 -2.006836 2.724609 0.0 -1.630859 3.837891 0.0 -1.279297 5.029297 0.0 -1.074219
0.5  0.2539063 0.0 -2.700195 1.552734 0.0 -1.99707 2.719727 0.0 -1.616211 3.842773 0.0 -1.264648 5.029297 0.0 -1.064453
0.5016  0.2539063 0.0 -2.695313 1.552734 0.0 -1.987305 2.714844 0.0 -1.59668 3.842773 0.0 -1.25 5.03418 0.0 -1.054688
0.5032  0.2539063 0.0 -2.69043 1.552734 0.0 -1.982422 2.714844 0.0 -1.582031 3.842773 0.0 -1.235352 5.03418 0.0 -1.044922
0.5048  0.2539063 0.0 -2.680664 1.547852 0.0 -1.972656 2.709961 0.0 -1.567383 3.847656 0.0 -1.220703 5.03418 0.0 -1.040039
0.5064  0.2539063 0.0 -2.675781 1.547852 0.0 -1.967773 2.709961 0.0 -1.547852 3.847656 0.0 -1.201172 5.039063 0.0 -1.030273
0.508  0.2539063 0.0 -2.670898 1.547852 0.0 -1.958008 2.705078 0.0 -1.533203 3.847656 0.0 -1.186523 5.039063 0.0 -1.015625
0.5096  0.2539063 0.0 -2.661133 1.547852 0.0 -1.948242 2.700195 0.0 -1.513672 3.852539 0.0 -1.171875 5.039063 0.0 -1.005859
0.5112  0.2539063 0.0 -2.65625 1.547852 0.0 -1.938477 2.700195 0.0 -1.494141 3.852539 0.0 -1.152344 5.043945 0.0 -0.9960938
0.5128  0.2490234 0.0 -2.651367 1.542969 0.0 -1.933594 2.695313 0.0 -1.474609 3.852539 0.0 -1.137695 5.043945 0.0 -0.9863281
0.5144  0.2490234 0.0 -2.646484 1.542969 0.0 -1.923828 2.69043 0.0 -1.459961 3.852539 0.0 -1.118164 5.043945 0.0 -0.9765625
0.516  0.2490234 0.0 -2.636719 1.542969 0.0 -1.914063 2.685547 0.0 -1.44043 3.857422 0.0 -1.098633 5.043945 0.0 -0.9619141
0.5176  0.2490234 0.0 -2.631836 1.542969 0.0 -1.904297 2.680664 0.0 -1.420898 3.857422 0.0 -1.079102 5.043945 0.0 -0.9521484
0.5192  0.2490234 0.0 -2.626953 1.538086 0.0 -1.894531 2.675781 0.0 -1.401367 3.857422 0.0 -1.05957 5.043945 0.0 -0.9375
0.5208  0.2490234 0.0 -2.617188 1.538086 0.0 -1.889648 2.670898 0.0 -1.381836 3.857422 0.0 -1.040039 5.043945 0.0 -0.9228516
0.5224  0.2490234 0.0 -2.612305 1.538086 0.0 -1.879883 2.666016 0.0 -1.357422 3.857422 0.0 -1.020508 5.043945 0.0 -0.9082031
0.524  0.2490234 0.0 -2.602539 1.533203 0.0 -1.870117 2.661133 0.0 -1.337891 3.857422 0.0 -1.000977 5.043945 0.0 -0.8935547
0.5256  0.2490234 0.0 -2.597656 1.533203 0.0 -1.860352 2.65625 0.0 -1.318359 3.857422 0.0 -0.9765625 5.043945 0.0 -0.8789063
0.5272  0.2490234 0.0 -2.592773 1.533203 0.0 -1.850586 2.651367 0.0 -1.298828 3.857422 0.0 -0.9570313 5.043945 0.0 -0.8642578
0.5288  0.2441406 0.0 -2.583008 1.52832 0.0 -1.84082 2.646484 0.0 -1.274414 3.857422 0.0 -0.9326172 5.039063 0.0 -0.8496094
0.5304  0.2441406 0.0 -2.578125 1.52832 0.0 -1.831055 2.636719 0.0 -1.254883 3.857422 0.0 -0.9130859 5.039063 0.0 -0.8349609
0.532  0.2441406 0.0 -2.573242 1.523438 0.0 -1.816406 2.631836 0.0 -1.230469 3.857422 0.0 -0.8886719 5.03418 0.0 -0.8154297
0.5336  0.2441406 0.0 -2.563477 1.523438 0.0 -1.806641 2.62207 0.0 -1.210938 3.857422 0.0 -0.8642578 5.03418 0.0 -0.8007813
0.5352  0.2441406 0.0 -2.558594 1.518555 0.0 -1.796875 2.617188 0.0 -1.186523 3.857422 0.0 -0.8398438 5.029297 0.0 -0.78125
0.5368  0.2441406 0.0 -2.548828 1.518555 0.0 -1.787109 2.607422 0.0 -1.166992 3.852539 0.0 -0.8154297 5.029297 0.0 -0.7617188
0.5384  0.2441406 0.0 -2.543945 1.513672 0.0 -1.777344 2.597656 0.0 -1.142578 3.852539 0.0 -0.7910156 5.024414 0.0 -0.7470703
0.54  0.2392578 0.0 -2.53418 1.508789 0.0 -1.762695 2.592773 0.0 -1.118164 3.852539 0.0 -0.7666016 5.019531 0.0 -0.7275391
0.5416  0.2392578 0.0 -2.529297 1.508789 0.0 -1.75293 2.583008 0.0 -1.09375 3.847656 0.0 -0.7421875 5.014648 0.0 -0.7080078
0.5432  0.2392578 0.0 -2.524414 1.503906 0.0 -1.743164 2.573242 0.0 -1.074219 3.842773 0.0 -0.7177734 5.009766 0.0 -0.6884766
0.5448  0.2392578 0.0 -2.514648 1.499023 0.0 -1.728516 2.563477 0.0 -1.049805 3.842773 0.0 -0.6933594 5.004883 0.0 -0.6640625
0.5464  0.2392578 0.0 -2.509766 1.494141 0.0 -1.71875 2.553711 0.0 -1.025391 3.837891 0.0 -0.6689453 5.0 0.0 -0.6445313
0.548  0.234375 0.0 -2.5 1.489258 0.0 -1.708984 2.543945 0.0 -1.005859 3.833008 0.0 -0.6396484 4.990234 0.0 -0.625
0.5496  0.234375 0.0 -2.495117 1.484375 0.0 -1.694336 2.529297 0.0 -0.9814453 3.828125 0.0 -0.6152344 4.985352 0.0 -0.6005859
0.5512  0.234375 0.0 -2.490234 1.479492 0.0 -1.68457 2.519531 0.0 -0.9570313 3.823242 0.0 -0.5908203 4.975586 0.0 -0.5810547
0.5528  0.234375 0.0 -2.480469 1.474609 0.0 -1.674805 2.509766 0.0 -0.9326172 3.813477 0.0 -0.5615234 4.970703 0.0 -0.5615234
0.5544  0.234375 0.0 -2.475586 1.469727 0.0 -1.660156 2.495117 0.0 -0.9130859 3.808594 0.0 -0.5371094 4.960938 0.0 -0.5371094
0.556  0.2294922 0.0 -2.46582 1.464844 0.0 -1.650391 2.480469 0.0 -0.8886719 3.803711 0.0 -0.5126953 4.951172 0.0 -0.5126953
0.5576  0.2294922 0.0 -2.460938 1.459961 0.0 -1.640625 2.470703 0.0 -0.8642578 3.793945 0.0 -0.4833984 4.941406 0.0 -0.4931641
0.5592  0.2294922 0.0 -2.456055 1.450195 0.0 -1.625977 2.456055 0.0 -0.8447266 3.78418 0.0 -0.4589844 4.931641 0.0 -0.46875
0.5608  0.2294922 0.0 -2.446289 1.445313 0.0 -1.616211 2.441406 0.0 -0.8203125 3.779297 0.0 -0.4345703 4.916992 0.0 -0.4443359
0.5624  0.2246094 0.0 -2.441406 1.435547 0.0 -1.606445 2.426758 0.0 -0.7958984 3.769531 0.0 -0.4052734 4.907227 0.0 -0.4199219
0.564  0.2246094 0.0 -2.436523 1.430664 0.0 -1.59668 2.412109 0.0 -0.7763672 3.759766 0.0 -0.3808594 4.892578 0.0 -0.3955078
0.5656  0.2246094 0.0 -2.426758 1.420898 0.0 -1.586914 2.392578 0.0 -0.7519531 3.75 0.0 -0.3564453 4.882813 0.0 -0.3759766
0.5672  0.2246094 0.0 -2.421875 1.411133 0.0 -1.577148 2.37793 0.0 -0.7324219 3.735352 0.0 -0.3271484 4.868164 0.0 -0.3515625
0.5688  0.2197266 0.0 -2.416992 1.40625 0.0 -1.567383 2.358398 0.0 -0.7080078 3.725586 0.0 -0.3027344 4.853516 0.0 -0.3271484
0.5704  0.2197266 0.0 -2.412109 1.396484 0.0 -1.557617 2.34375 0.0 -0.6884766 3.710938 0.0 -0.2783203 4.838867 0.0 -0.3027344
0.572  0.2197266 0.0 -2.402344 1.386719 0.0 -1.547852 2.324219 0.0 -0.6689453 3.701172 0.0 -0.2490234 4.824219 0.0 -0.2783203
0.5736  0.2197266 0.0 -2.397461 1.376953 0.0 -1.542969 2.304688 0.0 -0.6494141 3.686523 0.0 -0.2246094 4.80957 0.0 -0.2539063
0.5752  0.2148438 0.0 -2.392578 1.367188 0.0 -1.533203 2.285156 0.0 -0.625 3.671875 0.0 -0.2001953 4.794922 0.0 -0.2294922
0.5768  0.2148438 0.0 -2.387695 1.357422 0.0 -1.523438 2.265625 0.0 -0.6054688 3.657227 0.0 -0.1757813 4.775391 0.0 -0.2050781
0.5784  0.2148438 0.0 -2.382813 1.342773 0.0 -1.518555 2.246094 0.0 -0.5859375 3.642578 0.0 -0.1513672 4.760742 0.0 -0.1806641
0.58  0.2099609 0.0 -2.37793 1.333008 0.0 -1.513672 2.226563 0.0 -0.5712891 3.62793 0.0 -0.1269531 4.741211 0.0 -0.1611328
0.5816  0.2099609 0.0 -2.368164 1.323242 0.0 -1.503906 2.207031 0.0 -0.5517578 3.608398 0.0 -0.09765625 4.726563 0.0 -0.1367188
0.5832  0.2099609 0.0 -2.363281 1.313477 0.0 -1.499023 2.182617 0.0 -0.5322266 3.59375 0.0 -0.07324219 4.707031 0.0 -0.1123047
0.5848  0.2099609 0.0 -2.358398 1.298828 0.0 -1.494141 2.163086 0.0 -0.5126953 3.574219 0.0 -0.04882813 4.6875 0.0 -0.08789063
0.5864  0.2050781 0.0 -2.353516 1.289063 0.0 -1.489258 2.138672 0.0 -0.4980469 3.554688 0.0 -0.02441406 4.667969 0.0 -0.06347656
0.588  0.2050781 0.0 -2.348633 1.274414 0.0 -1.484375 2.119141 0.0 -0.4785156 3.540039 0.0 0.0 4.648438 0.0 -0.04394531
0.5896  0.2050781 0.0 -2.34375 1.264648 0.0 -1.479492 2.094727 0.0 -0.4638672 3.520508 0.0 0.02441406 4.628906 0.0 -0.01953125
0.5912  0.2001953 0.0 -2.338867 1.25 0.0 -1.474609 2.070313 0.0 -0.4492188 3.496094 0.0 0.04394531 4.609375 0.0 0.0
0.5928  0.2001953 0.0 -2.333984 1.235352 0.0 -1.469727 2.045898 0.0 -0.4296875 3.476563 0.0 0.06835938 4.589844 0.0 0.02441406
0.5944  0.2001953 0.0 -2.329102 1.225586 0.0 -1.469727 2.021484 0.0 -0.4150391 3.457031 0.0 0.09277344 4.56543 0.0 0.04394531
0.596  0.1953125 0.0 -2.324219 1.210938 0.0 -1.464844 1.99707 0.0 -0.4003906 3.4375 0.0 0.1171875 4.545898 0.0 0.06347656
0.5976  0.1953125 0.0 -2.319336 1.196289 0.0 -1.464844 1.972656 0.0 -0.3857422 3.413086 0.0 0.1367188 4.526367 0.0 0.08789063
0.5992  0.1953125 0.0 -2.314453 1.181641 0.0 -1.459961 1.948242 0.0 -0.3759766 3.393555 0.0 0.1611328 4.506836 0.0 0.1074219
0.6008  0.1953125 0.0 -2.30957 1.171875 0.0 -1.459961 1.923828 0.0 -0.3613281 3.369141 0.0 0.1855469 4.482422 0.0 0.1269531
0.6024  0.1904297 0.0 -2.304688 1.157227 0.0 -1.455078 1.899414 0.0 -0.3466797 3.344727 0.0 0.2050781 4.462891 0.0 0.1416016
0.604  0.1904297 0.0 -2.304688 1.142578 0.0 -1.455078 1.875 0.0 -0.3369141 3.325195 0.0 0.2246094 4.443359 0.0 0.1611328
0.6056  0.1904297 0.0 -2.299805 1.12793 0.0 -1.455078 1.850586 0.0 -0.3222656 3.300781 0.0 0.2490234 4.423828 0.0 0.1806641
0.6072  0.1855469 0.0 -2.294922 1.118164 0.0 -1.455078 1.821289 0.0 -0.3125 3.276367 0.0 0.2685547 4.399414 0.0 0.1953125
0.6088  0.1855469 0.0 -2.290039 1.103516 0.0 -1.455078 1.796875 0.0 -0.3027344 3.256836 0.0 0.2880859 4.379883 0.0 0.2148438
0.6104  0.1855469 0.0 -2.285156 1.088867 0.0 -1.455078 1.772461 0.0 -0.2929688 3.232422 0.0 0.3076172 4.360352 0.0 0.2294922
0.612  0.1855469 0.0 -2.280273 1.079102 0.0 -1.455078 1.748047 0.0 -0.2832031 3.208008 0.0 0.3271484 4.34082 0.0 0.2441406
0.6136  0.1806641 0.0 -2.280273 1.064453 0.0 -1.455078 1.723633 0.0 -0.2734375 3.188477 0.0 0.3417969 4.321289 0.0 0.2587891
0.6152  0.1806641 0.0 -2.275391 1.049805 0.0 -1.455078 1.699219 0.0 -0.2636719 3.164063 0.0 0.3613281 4.301758 0.0 0.2734375
0.6168  0.1806641 0.0 -2.270508 1.040039 0.0 -1.455078 1.674805 0.0 -0.2587891 3.144531 0.0 0.3808594 4.282227 0.0 0.2880859
0.6184  0.1806641 0.0 -2.270508 1.025391 0.0 -1.455078 1.655273 0.0 -0.2490234 3.120117 0.0 0.3955078 4.262695 0.0 0.2978516
0.62  0.1757813 0.0 -2.265625 1.015625 0.0 -1.455078 1.630859 0.0 -0.2441406 3.100586 0.0 0.4101563 4.248047 0.0 0.3125
0.6216  0.1757813 0.0 -2.260742 1.005859 0.0 -1.459961 1.606445 0.0 -0.234375 3.081055 0.0 0.4248047 4.228516 0.0 0.3222656
0.6232  0.1757813 0.0 -2.260742 0.9960938 0.0 -1.459961 1.586914 0.0 -0.2294922 3.061523 0.0 0.4394531 4.208984 0.0 0.3320313
0.6248  0.1757813 0.0 -2.255859 0.9814453 0.0 -1.459961 1.567383 0.0 -0.2246094 3.041992 0.0 0.4541016 4.194336 0.0 0.3417969
0.6264  0.1708984 0.0 -2.255859 0.9716797 0.0 -1.459961 1.547852 0.0 -0.2197266 3.022461 0.0 0.46875 4.179688 0.0 0.3515625
0.628  0.1708984 0.0 -2.250977 0.9619141 0.0 -1.464844 1.52832 0.0 -0.2148438 3.00293 0.0 0.4785156 4.165039 0.0 0.3613281
0.6296  0.1708984 0.0 -2.250977 0.9521484 0.0 -1.464844 1.508789 0.0 -0.2099609 2.988281 0.0 0.4931641 4.150391 0.0 0.3662109
0.6312  0.1708984 0.0 -2.246094 0.9423828 0.0 -1.464844 1.489258 0.0 -0.2050781 2.96875 0.0 0.5029297 4.135742 0.0 0.3759766
0.6328  0.1660156 0.0 -2.246094 0.9375 0.0 -1.469727 1.474609 0.0 -0.2001953 2.954102 0.0 0.5126953 4.121094 0.0 0.3808594
0.6344  0.1660156 0.0 -2.246094 0.9277344 0.0 -1.469727 1.455078 0.0 -0.2001953 2.939453 0.0 0.5224609 4.111328 0.0 0.3857422
0.636  0.1660156 0.0 -2.241211 0.9228516 0.0 -1.469727 1.44043 0.0 -0.1953125 2.924805 0.0 0.5322266 4.09668 0.0 0.390625
0.6376  0.1660156 0.0 -2.241211 0.9130859 0.0 -1.474609 1.425781 0.0 -0.1953125 2.910156 0.0 0.5419922 4.086914 0.0 0.3955078
0.6392  0.1660156 0.0 -2.241211 0.9082031 0.0 -1.474609 1.416016 0.0 -0.1904297 2.900391 0.0 0.5517578 4.077148 0.0 0.4003906
0.6408  0.1660156 0.0 -2.241211 0.8984375 0.0 -1.474609 1.401367 0.0 -0.1904297 2.885742 0.0 0.5566406 4.0625 0.0 0.4052734
0.6424  0.1660156 0.0 -2.241211 0.8935547 0.0 -1.479492 1.391602 0.0 -0.1855469 2.875977 0.0 0.5664063 4.057617 0.0 0.4052734
0.644  0.1611328 0.0 -2.241211 0.8886719 0.0 -1.479492 1.376953 0.0 -0.1855469 2.866211 0.0 0.5712891 4.047852 0.0 0.4101563
0.6456  0.1611328 0.0 -2.241211 0.8837891 0.0 -1.479492 1.367188 0.0 -0.1855469 2.856445 0.0 0.5761719 4.038086 0.0 0.4101563
0.6472  0.1611328 0.0 -2.241211 0.8789063 0.0 -1.484375 1.357422 0.0 -0.1855469 2.84668 0.0 0.5859375 4.02832 0.0 0.4150391
0.6488  0.1611328 0.0 -2.241211 0.8789063 0.0 -1.484375 1.352539 0.0 -0.1855469 2.841797 0.0 0.5908203 4.023438 0.0 0.4150391
0.6504  0.1611328 0.0 -2.241211 0.8740234 0.0 -1.489258 1.342773 0.0 -0.1855469 2.832031 0.0 0.5957031 4.018555 0.0 0.4150391
0.652  0.1611328 0.0 -2.241211 0.8691406 0.0 -1.489258 1.337891 0.0 -0.1806641 2.827148 0.0 0.5957031 4.008789 0.0 0.4150391
0.6536  0.1611328 0.0 -2.241211 0.8691406 0.0 -1.489258 1.328125 0.0 -0.1806641 2.822266 0.0 0.6005859 4.003906 0.0 0.4199219
0.6552  0.1611328 0.0 -2.241211 0.8642578 0.0 -1.494141 1.323242 0.0 -0.1855469 2.817383 0.0 0.6054688 3.999023 0.0 0.4199219
0.6568  0.1611328 0.0 -2.246094 0.8642578 0.0 -1.494141 1.318359 0.0 -0.1855469 2.8125 0.0 0.6103516 3.994141 0.0 0.4199219
0.6584  0.1611328 0.0 -2.246094 0.859375 0.0 -1.499023 1.313477 0.0 -0.1855469 2.807617 0.0 0.6103516 3.989258 0.0 0.4199219
0.66  0.1611328 0.0 -2.246094 0.859375 0.0 -1.499023 1.308594 0.0 -0.1855469 2.802734 0.0 0.6152344 3.984375 0.0 0.4199219
0.6616  0.1611328 0.0 -2.246094 0.859375 0.0 -1.503906 1.308594 0.0 -0.1855469 2.802734 0.0 0.6152344 3.979492 0.0 0.4150391
0.6632  0.1611328 0.0 -2.250977 0.859375 0.0 -1.503906 1.303711 0.0 -0.1855469 2.797852 0.0 0.6201172 3.974609 0.0 0.4150391
0.6648  0.1611328 0.0 -2.250977 0.859375 0.0 -1.508789 1.298828 0.0 -0.1904297 2.797852 0.0 0.6201172 3.974609 0.0 0.4150391
0.6664  0.1611328 0.0 -2.255859 0.8544922 0.0 -1.508789 1.298828 0.0 -0.1904297 2.792969 0.0 0.625 3.969727 0.0 0.4150391
0.668  0.1611328 0.0 -2.255859 0.8544922 0.0 -1.513672 1.293945 0.0 -0.1904297 2.792969 0.0 0.625 3.964844 0.0 0.4150391
0.6696  0.1611328 0.0 -2.260742 0.8544922 0.0 -1.513672 1.293945 0.0 -0.1953125 2.788086 0.0 0.625 3.964844 0.0 0.4150391
0.6712  0.1660156 0.0 -2.260742 0.8544922 0.0 -1.518555 1.293945 0.0 -0.1953125 2.788086 0.0 0.625 3.959961 0.0 0.4101563
0.6728  0.1660156 0.0 -2.265625 0.8544922 0.0 -1.523438 1.289063 0.0 -0.2001953 2.788086 0.0 0.6298828 3.959961 0.0 0.4101563
0.6744  0.1660156 0.0 -2.265625 0.859375 0.0 -1.523438 1.289063 0.0 -0.2050781 2.788086 0.0 0.6298828 3.955078 0.0 0.4101563
0.676  0.1660156 0.0 -2.270508 0.859375 0.0 -1.52832 1.289063 0.0 -0.2050781 2.783203 0.0 0.6298828 3.955078 0.0 0.4052734
0.6776  0.1660156 0.0 -2.270508 0.859375 0.0 -1.533203 1.28418 0.0 -0.2099609 2.783203 0.0 0.6298828 3.950195 0.0 0.4052734
0.6792  0.1660156 0.0 -2.275391 0.859375 0.0 -1.533203 1.28418 0.0 -0.2148438 2.783203 0.0 0.6298828 3.950195 0.0 0.4003906
0.6808  0.1660156 0.0 -2.280273 0.859375 0.0 -1.538086 1.28418 0.0 -0.2148438 2.783203 0.0 0.6298828 3.945313 0.0 0.4003906
0.6824  0.1660156 0.0 -2.285156 0.859375 0.0 -1.542969 1.28418 0.0 -0.2197266 2.77832 0.0 0.6298828 3.945313 0.0 0.3955078
0.684  0.1660156 0.0 -2.285156 0.8642578 0.0 -1.547852 1.28418 0.0 -0.2246094 2.77832 0.0 0.6298828 3.94043 0.0 0.3955078
0.6856  0.1660156 0.0 -2.290039 0.8642578 0.0 -1.552734 1.28418 0.0 -0.2294922 2.77832 0.0 0.625 3.94043 0.0 0.390625
0.6872  0.1708984 0.0 -2.294922 0.8642578 0.0 -1.557617 1.28418 0.0 -0.234375 2.773438 0.0 0.625 3.935547 0.0 0.3857422
0.6888  0.1708984 0.0 -2.299805 0.8642578 0.0 -1.5625 1.279297 0.0 -0.2392578 2.773438 0.0 0.625 3.935547 0.0 0.3857422
0.6904  0.1708984 0.0 -2.304688 0.8691406 0.0 -1.567383 1.279297 0.0 -0.2490234 2.773438 0.0 0.6201172 3.930664 0.0 0.3808594
0.692  0.1708984 0.0 -2.30957 0.8691406 0.0 -1.577148 1.279297 0.0 -0.2539063 2.773438 0.0 0.6201172 3.930664 0.0 0.3759766
0.6936  0.1708984 0.0 -2.314453 0.8740234 0.0 -1.582031 1.279297 0.0 -0.2587891 2.768555 0.0 0.6152344 3.925781 0.0 0.3710938
0.6952  0.1708984 0.0 -2.319336 0.8740234 0.0 -1.586914 1.279297 0.0 -0.2685547 2.768555 0.0 0.6103516 3.925781 0.0 0.3662109
0.6968  0.1708984 0.0 -2.324219 0.8789063 0.0 -1.59668 1.279297 0.0 -0.2734375 2.768555 0.0 0.6103516 3.925781 0.0 0.3662109
0.6984  0.1708984 0.0 -2.329102 0.8789063 0.0 -1.601563 1.279297 0.0 -0.2832031 2.763672 0.0 0.6054688 3.920898 0.0 0.3613281
0.7  0.1708984 0.0 -2.333984 0.8837891 0.0 -1.611328 1.279297 0.0 -0.2929688 2.763672 0.0 0.6005859 3.920898 0.0 0.3564453
0.7016  0.1708984 0.0 -2.34375 0.8837891 0.0 -1.621094 1.279297 0.0 -0.2978516 2.758789 0.0 0.5957031 3.916016 0.0 0.3515625
0.7032  0.1757813 0.0 -2.348633 0.8886719 0.0 -1.630859 1.279297 0.0 -0.3076172 2.758789 0.0 0.5859375 3.916016 0.0 0.3466797
0.7048  0.1757813 0.0 -2.353516 0.8935547 0.0 -1.635742 1.279297 0.0 -0.3173828 2.758789 0.0 0.5810547 3.916016 0.0 0.3369141
0.7064  0.1757813 0.0 -2.363281 0.8935547 0.0 -1.645508 1.28418 0.0 -0.3271484 2.753906 0.0 0.5761719 3.911133 0.0 0.3320313
0.708  0.1757813 0.0 -2.368164 0.8984375 0.0 -1.660156 1.28418 0.0 -0.3417969 2.753906 0.0 0.5664063 3.911133 0.0 0.3271484
0.7096  0.1757813 0.0 -2.37793 0.9033203 0.0 -1.669922 1.28418 0.0 -0.3515625 2.749023 0.0 0.5615234 3.911133 0.0 0.3222656
0.7112  0.1757813 0.0 -2.382813 0.9082031 0.0 -1.679688 1.28418 0.0 -0.3613281 2.749023 0.0 0.5517578 3.911133 0.0 0.3173828
0.7128  0.1806641 0.0 -2.392578 0.9130859 0.0 -1.689453 1.289063 0.0 -0.3759766 2.749023 0.0 0.5419922 3.911133 0.0 0.3076172
0.7144  0.1806641 0.0 -2.402344 0.9179688 0.0 -1.704102 1.289063 0.0 -0.3857422 2.744141 0.0 0.5371094 3.90625 0.0 0.3027344
0.716  0.1806641 0.0 -2.407227 0.9228516 0.0 -1.713867 1.293945 0.0 -0.4003906 2.744141 0.0 0.5273438 3.90625 0.0 0.2978516
0.7176  0.1806641 0.0 -2.416992 0.9277344 0.0 -1.728516 1.293945 0.0 -0.4150391 2.744141 0.0 0.5175781 3.90625 0.0 0.2880859
0.7192  0.1855469 0.0 -2.426758 0.9326172 0.0 -1.738281 1.298828 0.0 -0.4296875 2.744141 0.0 0.5029297 3.90625 0.0 0.2832031
0.7208  0.1855469 0.0 -2.436523 0.9423828 0.0 -1.75293 1.303711 0.0 -0.4443359 2.739258 0.0 0.4931641 3.911133 0.0 0.2734375
0.7224  0.1855469 0.0 -2.441406 0.9472656 0.0 -1.767578 1.308594 0.0 -0.4589844 2.739258 0.0 0.4833984 3.911133 0.0 0.2685547
0.724  0.1904297 0.0 -2.451172 0.9570313 0.0 -1.782227 1.313477 0.0 -0.4736328 2.739258 0.0 0.46875 3.911133 0.0 0.2587891
0.7256  0.1904297 0.0 -2.460938 0.9619141 0.0 -1.796875 1.318359 0.0 -0.4882813 2.744141 0.0 0.4589844 3.916016 0.0 0.2539063
0.7272  0.1904297 0.0 -2.470703 0.9716797 0.0 -1.811523 1.323242 0.0 -0.5078125 2.744141 0.0 0.4443359 3.916016 0.0 0.2441406
0.7288  0.1953125 0.0 -2.480469 0.9765625 0.0 -1.826172 1.328125 0.0 -0.5224609 2.744141 0.0 0.4345703 3.920898 0.0 0.234375
0.7304  0.1953125 0.0 -2.490234 0.9863281 0.0 -1.84082 1.337891 0.0 -0.5371094 2.744141 0.0 0.4199219 3.920898 0.0 0.2294922
0.732  0.2001953 0.0 -2.5 0.9960938 0.0 -1.855469 1.342773 0.0 -0.5566406 2.749023 0.0 0.4052734 3.925781 0.0 0.2197266
0.7336  0.2001953 0.0 -2.509766 1.005859 0.0 -1.870117 1.352539 0.0 -0.5761719 2.753906 0.0 0.390625 3.930664 0.0 0.2099609
0.7352  0.2001953 0.0 -2.519531 1.015625 0.0 -1.889648 1.362305 0.0 -0.5908203 2.753906 0.0 0.3759766 3.935547 0.0 0.2001953
0.7368  0.2050781 0.0 -2.53418 1.025391 0.0 -1.904297 1.37207 0.0 -0.6103516 2.758789 0.0 0.3613281 3.945313 0.0 0.1904297
0.7384  0.2050781 0.0 -2.543945 1.035156 0.0 -1.918945 1.381836 0.0 -0.6298828 2.763672 0.0 0.3417969 3.950195 0.0 0.1806641
0.74  0.2099609 0.0 -2.553711 1.044922 0.0 -1.938477 1.391602 0.0 -0.6494141 2.773438 0.0 0.3271484 3.959961 0.0 0.1708984
0.7416  0.2099609 0.0 -2.563477 1.054688 0.0 -1.953125 1.40625 0.0 -0.6689453 2.77832 0.0 0.3125 3.964844 0.0 0.1611328
0.7432  0.2148438 0.0 -2.573242 1.069336 0.0 -1.972656 1.416016 0.0 -0.6884766 2.783203 0.0 0.2929688 3.974609 0.0 0.1513672
0.7448  0.2148438 0.0 -2.583008 1.079102 0.0 -1.987305 1.430664 0.0 -0.7080078 2.792969 0.0 0.2734375 3.984375 0.0 0.1416016
0.7464  0.2197266 0.0 -2.592773 1.09375 0.0 -2.006836 1.445313 0.0 -0.7275391 2.802734 0.0 0.2539063 3.994141 0.0 0.1318359
0.748  0.2197266 0.0 -2.607422 1.103516 0.0 -2.021484 1.459961 0.0 -0.7470703 2.8125 0.0 0.234375 4.003906 0.0 0.1171875
0.7496  0.2246094 0.0 -2.617188 1.118164 0.0 -2.041016 1.474609 0.0 -0.7714844 2.822266 0.0 0.2148438 4.018555 0.0 0.1074219
0.7512  0.2294922 0.0 -2.626953 1.12793 0.0 -2.055664 1.494141 0.0 -0.7910156 2.832031 0.0 0.1953125 4.02832 0.0 0.09277344
0.7528  0.2294922 0.0 -2.636719 1.142578 0.0 -2.075195 1.508789 0.0 -0.8105469 2.84668 0.0 0.1757813 4.042969 0.0 0.08300781
0.7544  0.234375 0.0 -2.646484 1.152344 0.0 -2.089844 1.52832 0.0 -0.8300781 2.856445 0.0 0.1513672 4.057617 0.0 0.06835938
0.756  0.234375 0.0 -2.661133 1.166992 0.0 -2.104492 1.547852 0.0 -0.8544922 2.871094 0.0 0.1318359 4.072266 0.0 0.05371094
0.7576  0.2392578 0.0 -2.670898 1.181641 0.0 -2.124023 1.567383 0.0 -0.8740234 2.885742 0.0 0.1074219 4.086914 0.0 0.0390625
0.7592  0.2392578 0.0 -2.680664 1.196289 0.0 -2.138672 1.586914 0.0 -0.8935547 2.900391 0.0 0.08300781 4.106445 0.0 0.02929688
0.7608  0.2441406 0.0 -2.69043 1.206055 0.0 -2.158203 1.606445 0.0 -0.9179688 2.915039 0.0 0.05859375 4.121094 0.0 0.009765625
0.7624  0.2490234 0.0 -2.700195 1.220703 0.0 -2.172852 1.625977 0.0 -0.9375 2.93457 0.0 0.03417969 4.140625 0.0 -0.004882813
0.764  0.2490234 0.0 -2.709961 1.235352 0.0 -2.1875 1.650391 0.0 -0.9570313 2.949219 0.0 0.009765625 4.160156 0.0 -0.01953125
0.7656  0.2539063 0.0 -2.719727 1.25 0.0 -2.207031 1.674805 0.0 -0.9814453 2.96875 0.0 -0.01464844 4.179688 0.0 -0.03417969
0.7672  0.2539063 0.0 -2.729492 1.264648 0.0 -2.22168 1.694336 0.0 -1.000977 2.983398 0.0 -0.0390625 4.199219 0.0 -0.05371094
0.7688  0.2587891 0.0 -2.739258 1.274414 0.0 -2.236328 1.71875 0.0 -1.020508 3.00293 0.0 -0.06835938 4.21875 0.0 -0.06835938
0.7704  0.2587891 0.0 -2.749023 1.289063 0.0 -2.250977 1.743164 0.0 -1.040039 3.022461 0.0 -0.09277344 4.238281 0.0 -0.08789063
0.772  0.2636719 0.0 -2.758789 1.303711 0.0 -2.265625 1.767578 0.0 -1.064453 3.041992 0.0 -0.1220703 4.257813 0.0 -0.1025391
0.7736  0.2685547 0.0 -2.768555 1.318359 0.0 -2.275391 1.791992 0.0 -1.083984 3.061523 0.0 -0.1513672 4.282227 0.0 -0.1220703
0.7752  0.2685547 0.0 -2.77832 1.328125 0.0 -2.290039 1.821289 0.0 -1.103516 3.085938 0.0 -0.1757813 4.301758 0.0 -0.1416016
0.7768  0.2734375 0.0 -2.788086 1.342773 0.0 -2.304688 1.845703 0.0 -1.123047 3.105469 0.0 -0.2050781 4.321289 0.0 -0.1611328
0.7784  0.2734375 0.0 -2.792969 1.357422 0.0 -2.314453 1.870117 0.0 -1.142578 3.125 0.0 -0.234375 4.345703 0.0 -0.1806641
0.78  0.2783203 0.0 -2.802734 1.367188 0.0 -2.329102 1.894531 0.0 -1.162109 3.149414 0.0 -0.2587891 4.365234 0.0 -0.2001953
0.7816  0.2783203 0.0 -2.8125 1.381836 0.0 -2.338867 1.923828 0.0 -1.181641 3.168945 0.0 -0.2880859 4.389648 0.0 -0.2197266
0.7832  0.2783203 0.0 -2.817383 1.391602 0.0 -2.348633 1.948242 0.0 -1.201172 3.188477 0.0 -0.3173828 4.40918 0.0 -0.2392578
0.7848  0.2832031 0.0 -2.827148 1.401367 0.0 -2.358398 1.972656 0.0 -1.220703 3.212891 0.0 -0.3417969 4.433594 0.0 -0.2587891
0.7864  0.2832031 0.0 -2.832031 1.416016 0.0 -2.368164 1.99707 0.0 -1.240234 3.232422 0.0 -0.3710938 4.453125 0.0 -0.2783203
0.788  0.2880859 0.0 -2.836914 1.425781 0.0 -2.37793 2.026367 0.0 -1.259766 3.256836 0.0 -0.3955078 4.477539 0.0 -0.2978516
0.7896  0.2880859 0.0 -2.84668 1.435547 0.0 -2.382813 2.050781 0.0 -1.274414 3.276367 0.0 -0.4248047 4.49707 0.0 -0.3173828
0.7912  0.2880859 0.0 -2.851563 1.445313 0.0 -2.392578 2.075195 0.0 -1.293945 3.295898 0.0 -0.4492188 4.516602 0.0 -0.3369141
0.7928  0.2929688 0.0 -2.856445 1.455078 0.0 -2.397461 2.099609 0.0 -1.308594 3.320313 0.0 -0.4785156 4.536133 0.0 -0.3613281
0.7944  0.2929688 0.0 -2.861328 1.464844 0.0 -2.407227 2.124023 0.0 -1.328125 3.339844 0.0 -0.5029297 4.555664 0.0 -0.3808594
0.796  0.2929688 0.0 -2.866211 1.469727 0.0 -2.412109 2.143555 0.0 -1.342773 3.359375 0.0 -0.5273438 4.575195 0.0 -0.4003906
0.7976  0.2929688 0.0 -2.871094 1.479492 0.0 -2.416992 2.167969 0.0 -1.362305 3.378906 0.0 -0.5517578 4.594727 0.0 -0.4199219
0.7992  0.2929688 0.0 -2.875977 1.489258 0.0 -2.421875 2.192383 0.0 -1.376953 3.398438 0.0 -0.5761719 4.614258 0.0 -0.4394531
0.8008  0.2978516 0.0 -2.880859 1.494141 0.0 -2.426758 2.211914 0.0 -1.391602 3.413086 0.0 -0.6005859 4.628906 0.0 -0.4589844
0.8024  0.2978516 0.0 -2.885742 1.499023 0.0 -2.426758 2.231445 0.0 -1.40625 3.432617 0.0 -0.625 4.648438 0.0 -0.4785156
0.804  0.2978516 0.0 -2.890625 1.503906 0.0 -2.431641 2.255859 0.0 -1.420898 3.452148 0.0 -0.6494141 4.663086 0.0 -0.4980469
0.8056  0.2978516 0.0 -2.895508 1.513672 0.0 -2.436523 2.270508 0.0 -1.435547 3.466797 0.0 -0.6689453 4.677734 0.0 -0.5175781
0.8072  0.2978516 0.0 -2.895508 1.518555 0.0 -2.436523 2.290039 0.0 -1.450195 3.481445 0.0 -0.6933594 4.692383 0.0 -0.5322266
0.8088  0.2978516 0.0 -2.900391 1.518555 0.0 -2.436523 2.30957 0.0 -1.464844 3.496094 0.0 -0.7128906 4.707031 0.0 -0.5517578
0.8104  0.2978516 0.0 -2.900391 1.523438 0.0 -2.441406 2.324219 0.0 -1.479492 3.510742 0.0 -0.7373047 4.72168 0.0 -0.5712891
0.812  0.2978516 0.0 -2.905273 1.52832 0.0 -2.441406 2.34375 0.0 -1.489258 3.525391 0.0 -0.7568359 4.731445 0.0 -0.5859375
0.8136  0.2978516 0.0 -2.905273 1.533203 0.0 -2.441406 2.358398 0.0 -1.503906 3.540039 0.0 -0.7763672 4.746094 0.0 -0.6054688
0.8152  0.2978516 0.0 -2.910156 1.533203 0.0 -2.441406 2.373047 0.0 -1.518555 3.549805 0.0 -0.7958984 4.755859 0.0 -0.6201172
0.8168  0.2978516 0.0 -2.910156 1.533203 0.0 -2.446289 2.387695 0.0 -1.52832 3.564453 0.0 -0.8154297 4.765625 0.0 -0.6347656
0.8184  0.2978516 0.0 -2.915039 1.538086 0.0 -2.446289 2.402344 0.0 -1.538086 3.574219 0.0 -0.8300781 4.775391 0.0 -0.6542969
0.82  0.2978516 0.0 -2.915039 1.538086 0.0 -2.446289 2.412109 0.0 -1.552734 3.583984 0.0 -0.8496094 4.785156 0.0 -0.6689453
0.8216  0.2978516 0.0 -2.915039 1.538086 0.0 -2.446289 2.426758 0.0 -1.5625 3.59375 0.0 -0.8642578 4.790039 0.0 -0.6835938
0.8232  0.2978516 0.0 -2.915039 1.538086 0.0 -2.446289 2.436523 0.0 -1.572266 3.603516 0.0 -0.8837891 4.799805 0.0 -0.6982422
0.8248  0.2978516 0.0 -2.919922 1.542969 0.0 -2.446289 2.446289 0.0 -1.582031 3.608398 0.0 -0.8984375 4.804688 0.0 -0.7128906
0.8264  0.2929688 0.0 -2.919922 1.542969 0.0 -2.441406 2.456055 0.0 -1.591797 3.618164 0.0 -0.9130859 4.814453 0.0 -0.7226563
0.828  0.2929688 0.0 -2.919922 1.542969 0.0 -2.441406 2.46582 0.0 -1.601563 3.623047 0.0 -0.9326172 4.819336 0.0 -0.7373047
0.8296  0.2929688 0.0 -2.919922 1.542969 0.0 -2.441406 2.475586 0.0 -1.611328 3.632813 0.0 -0.9472656 4.824219 0.0 -0.7519531
0.8312  0.2929688 0.0 -2.919922 1.542969 0.0 -2.441406 2.485352 0.0 -1.621094 3.637695 0.0 -0.9570313 4.829102 0.0 -0.7617188
0.8328  0.2929688 0.0 -2.919922 1.542969 0.0 -2.441406 2.495117 0.0 -1.630859 3.642578 0.0 -0.9716797 4.833984 0.0 -0.7763672
0.8344  0.2929688 0.0 -2.919922 1.542969 0.0 -2.441406 2.5 0.0 -1.635742 3.647461 0.0 -0.9863281 4.838867 0.0 -0.7861328
0.836  0.2929688 0.0 -2.924805 1.538086 0.0 -2.436523 2.509766 0.0 -1.645508 3.652344 0.0 -1.000977 4.84375 0.0 -0.8007813
0.8376  0.2929688 0.0 -2.924805 1.538086 0.0 -2.436523 2.514648 0.0 -1.650391 3.657227 0.0 -1.010742 4.84375 0.0 -0.8105469
0.8392  0.2929688 0.0 -2.924805 1.538086 0.0 -2.436523 2.519531 0.0 -1.660156 3.662109 0.0 -1.025391 4.848633 0.0 -0.8203125
0.8408  0.2929688 0.0 -2.924805 1.538086 0.0 -2.431641 2.529297 0.0 -1.665039 3.666992 0.0 -1.035156 4.853516 0.0 -0.8300781
0.8424  0.2929688 0.0 -2.924805 1.538086 0.0 -2.431641 2.53418 0.0 -1.669922 3.671875 0.0 -1.044922 4.858398 0.0 -0.8398438
0.844  0.2929688 0.0 -2.924805 1.538086 0.0 -2.431641 2.539063 0.0 -1.679688 3.676758 0.0 -1.05957 4.858398 0.0 -0.8496094
0.8456  0.2929688 0.0 -2.924805 1.538086 0.0 -2.426758 2.548828 0.0 -1.68457 3.681641 0.0 -1.069336 4.863281 0.0 -0.859375
0.8472  0.2929688 0.0 -2.924805 1.538086 0.0 -2.426758 2.553711 0.0 -1.689453 3.686523 0.0 -1.079102 4.863281 0.0 -0.8691406
0.8488  0.2929688 0.0 -2.924805 1.538086 0.0 -2.421875 2.558594 0.0 -1.694336 3.691406 0.0 -1.088867 4.868164 0.0 -0.8740234
0.8504  0.2929688 0.0 -2.919922 1.538086 0.0 -2.421875 2.563477 0.0 -1.699219 3.691406 0.0 -1.098633 4.873047 0.0 -0.8837891
0.852  0.2929688 0.0 -2.919922 1.538086 0.0 -2.421875 2.568359 0.0 -1.704102 3.696289 0.0 -1.103516 4.873047 0.0 -0.8935547
0.8536  0.2929688 0.0 -2.919922 1.538086 0.0 -2.416992 2.573242 0.0 -1.708984 3.701172 0.0 -1.113281 4.87793 0.0 -0.8984375
0.8552  0.2929688 0.0 -2.919922 1.538086 0.0 -2.416992 2.578125 0.0 -1.713867 3.706055 0.0 -1.123047 4.87793 0.0 -0.9082031
0.8568  0.2929688 0.0 -2.919922 1.542969 0.0 -2.412109 2.583008 0.0 -1.71875 3.706055 0.0 -1.12793 4.882813 0.0 -0.9130859
0.8584  0.2929688 0.0 -2.919922 1.542969 0.0 -2.412109 2.587891 0.0 -1.723633 3.710938 0.0 -1.137695 4.882813 0.0 -0.9228516
0.86  0.2929688 0.0 -2.919922 1.542969 0.0 -2.407227 2.592773 0.0 -1.728516 3.71582 0.0 -1.142578 4.887695 0.0 -0.9277344
0.8616  0.2978516 0.0 -2.919922 1.542969 0.0 -2.407227 2.597656 0.0 -1.728516 3.720703 0.0 -1.152344 4.887695 0.0 -0.9326172
0.8632  0.2978516 0.0 -2.919922 1.542969 0.0 -2.407227 2.602539 0.0 -1.733398 3.720703 0.0 -1.157227 4.892578 0.0 -0.9423828
0.8648  0.2978516 0.0 -2.919922 1.542969 0.0 -2.402344 2.607422 0.0 -1.738281 3.725586 0.0 -1.166992 4.892578 0.0 -0.9472656
0.8664  0.2978516 0.0 -2.915039 1.542969 0.0 -2.402344 2.612305 0.0 -1.743164 3.730469 0.0 -1.171875 4.892578 0.0 -0.9521484
0.868  0.2978516 0.0 -2.915039 1.547852 0.0 -2.397461 2.617188 0.0 -1.743164 3.730469 0.0 -1.176758 4.897461 0.0 -0.9570313
0.8696  0.2978516 0.0 -2.915039 1.547852 0.0 -2.397461 2.62207 0.0 -1.748047 3.735352 0.0 -1.181641 4.897461 0.0 -0.9619141
0.8712  0.2978516 0.0 -2.915039 1.547852 0.0 -2.392578 2.626953 0.0 -1.748047 3.735352 0.0 -1.186523 4.902344 0.0 -0.9667969
0.8728  0.2978516 0.0 -2.915039 1.547852 0.0 -2.392578 2.626953 0.0 -1.75293 3.740234 0.0 -1.191406 4.902344 0.0 -0.9716797
0.8744  0.2978516 0.0 -2.915039 1.547852 0.0 -2.387695 2.631836 0.0 -1.75293 3.740234 0.0 -1.196289 4.902344 0.0 -0.9765625
0.876  0.2978516 0.0 -2.910156 1.547852 0.0 -2.387695 2.636719 0.0 -1.757813 3.745117 0.0 -1.201172 4.907227 0.0 -0.9814453
0.8776  0.2978516 0.0 -2.910156 1.552734 0.0 -2.387695 2.641602 0.0 -1.757813 3.745117 0.0 -1.206055 4.907227 0.0 -0.9863281
0.8792  0.2978516 0.0 -2.910156 1.552734 0.0 -2.382813 2.641602 0.0 -1.762695 3.75 0.0 -1.210938 4.907227 0.0 -0.9912109
0.8808  0.2978516 0.0 -2.910156 1.552734 0.0 -2.382813 2.646484 0.0 -1.762695 3.75 0.0 -1.21582 4.912109 0.0 -0.9960938
0.8824  0.2978516 0.0 -2.905273 1.552734 0.0 -2.37793 2.651367 0.0 -1.767578 3.754883 0.0 -1.220703 4.912109 0.0 -1.000977
0.884  0.2978516 0.0 -2.905273 1.552734 0.0 -2.37793 2.651367 0.0 -1.767578 3.754883 0.0 -1.220703 4.912109 0.0 -1.000977
0.8856  0.2978516 0.0 -2.905273 1.552734 0.0 -2.373047 2.65625 0.0 -1.767578 3.759766 0.0 -1.225586 4.916992 0.0 -1.005859
0.8872  0.2978516 0.0 -2.905273 1.557617 0.0 -2.373047 2.65625 0.0 -1.772461 3.759766 0.0 -1.230469 4.916992 0.0 -1.010742
0.8888  0.2978516 0.0 -2.900391 1.557617 0.0 -2.368164 2.661133 0.0 -1.772461 3.759766 0.0 -1.230469 4.916992 0.0 -1.015625
0.8904  0.2978516 0.0 -2.900391 1.557617 0.0 -2.363281 2.666016 0.0 -1.772461 3.764648 0.0 -1.235352 4.916992 0.0 -1.015625
0.892  0.2978516 0.0 -2.900391 1.557617 0.0 -2.363281 2.666016 0.0 -1.777344 3.764648 0.0 -1.235352 4.921875 0.0 -1.020508
0.8936  0.2978516 0.0 -2.895508 1.557617 0.0 -2.358398 2.670898 0.0 -1.777344 3.764648 0.0 -1.240234 4.921875 0.0 -1.025391
0.8952  0.3027344 0.0 -2.895508 1.5625 0.0 -2.358398 2.670898 0.0 -1.777344 3.769531 0.0 -1.240234 4.921875 0.0 -1.025391
0.8968  0.3027344 0.0 -2.895508 1.5625 0.0 -2.353516 2.675781 0.0 -1.777344 3.769531 0.0 -1.245117 4.926758 0.0 -1.030273
0.8984  0.3027344 0.0 -2.890625 1.5625 0.0 -2.353516 2.675781 0.0 -1.777344 3.774414 0.0 -1.245117 4.926758 0.0 -1.030273
0.9  0.3027344 0.0 -2.890625 1.5625 0.0 -2.348633 2.680664 0.0 -1.777344 3.774414 0.0 -1.245117 4.926758 0.0 -1.035156
0.9016  0.3027344 0.0 -2.890625 1.5625 0.0 -2.34375 2.680664 0.0 -1.777344 3.779297 0.0 -1.25 4.931641 0.0 -1.035156
0.9032  0.3027344 0.0 -2.890625 1.567383 0.0 -2.34375 2.685547 0.0 -1.777344 3.779297 0.0 -1.25 4.931641 0.0 -1.040039
0.9048  0.3027344 0.0 -2.885742 1.567383 0.0 -2.338867 2.685547 0.0 -1.777344 3.779297 0.0 -1.254883 4.931641 0.0 -1.040039
0.9064  0.3027344 0.0 -2.885742 1.567383 0.0 -2.333984 2.69043 0.0 -1.777344 3.78418 0.0 -1.254883 4.936523 0.0 -1.044922
0.908  0.3076172 0.0 -2.885742 1.567383 0.0 -2.333984 2.695313 0.0 -1.777344 3.78418 0.0 -1.254883 4.936523 0.0 -1.044922
0.9096  0.3076172 0.0 -2.880859 1.572266 0.0 -2.329102 2.695313 0.0 -1.777344 3.789063 0.0 -1.254883 4.936523 0.0 -1.049805
0.9112  0.3076172 0.0 -2.880859 1.572266 0.0 -2.324219 2.700195 0.0 -1.777344 3.789063 0.0 -1.259766 4.941406 0.0 -1.049805
0.9128  0.3076172 0.0 -2.880859 1.572266 0.0 -2.324219 2.700195 0.0 -1.777344 3.793945 0.0 -1.259766 4.941406 0.0 -1.054688
0.9144  0.3076172 0.0 -2.875977 1.577148 0.0 -2.319336 2.705078 0.0 -1.777344 3.793945 0.0 -1.259766 4.941406 0.0 -1.054688
0.916  0.3076172 0.0 -2.875977 1.577148 0.0 -2.314453 2.705078 0.0 -1.772461 3.798828 0.0 -1.259766 4.946289 0.0 -1.054688
0.9176  0.3076172 0.0 -2.875977 1.577148 0.0 -2.314453 2.709961 0.0 -1.772461 3.803711 0.0 -1.264648 4.946289 0.0 -1.05957
0.9192  0.3076172 0.0 -2.871094 1.582031 0.0 -2.30957 2.709961 0.0 -1.772461 3.803711 0.0 -1.264648 4.946289 0.0 -1.05957
0.9208  0.3125 0.0 -2.871094 1.582031 0.0 -2.304688 2.714844 0.0 -1.767578 3.808594 0.0 -1.264648 4.951172 0.0 -1.05957
0.9224  0.3125 0.0 -2.866211 1.582031 0.0 -2.299805 2.714844 0.0 -1.767578 3.808594 0.0 -1.264648 4.951172 0.0 -1.064453
0.924  0.3125 0.0 -2.866211 1.586914 0.0 -2.299805 2.719727 0.0 -1.767578 3.813477 0.0 -1.264648 4.956055 0.0 -1.064453
0.9256  0.3125 0.0 -2.866211 1.586914 0.0 -2.294922 2.719727 0.0 -1.762695 3.813477 0.0 -1.264648 4.956055 0.0 -1.064453
0.9272  0.3125 0.0 -2.861328 1.586914 0.0 -2.290039 2.724609 0.0 -1.762695 3.813477 0.0 -1.269531 4.956055 0.0 -1.064453
0.9288  0.3125 0.0 -2.861328 1.586914 0.0 -2.285156 2.724609 0.0 -1.757813 3.818359 0.0 -1.269531 4.960938 0.0 -1.064453
0.9304  0.3125 0.0 -2.856445 1.591797 0.0 -2.285156 2.724609 0.0 -1.757813 3.818359 0.0 -1.269531 4.960938 0.0 -1.069336
0.932  0.3125 0.0 -2.856445 1.591797 0.0 -2.280273 2.729492 0.0 -1.757813 3.823242 0.0 -1.269531 4.960938 0.0 -1.069336
0.9336  0.3125 0.0 -2.851563 1.591797 0.0 -2.275391 2.729492 0.0 -1.75293 3.823242 0.0 -1.269531 4.96582 0.0 -1.069336
0.9352  0.3125 0.0 -2.851563 1.591797 0.0 -2.270508 2.729492 0.0 -1.748047 3.823242 0.0 -1.264648 4.96582 0.0 -1.069336
0.9368  0.3125 0.0 -2.84668 1.59668 0.0 -2.265625 2.734375 0.0 -1.748047 3.828125 0.0 -1.264648 4.96582 0.0 -1.069336
0.9384  0.3125 0.0 -2.841797 1.59668 0.0 -2.265625 2.734375 0.0 -1.743164 3.828125 0.0 -1.264648 4.970703 0.0 -1.069336
0.94  0.3125 0.0 -2.841797 1.59668 0.0 -2.260742 2.734375 0.0 -1.743164 3.828125 0.0 -1.264648 4.970703 0.0 -1.069336
0.9416  0.3125 0.0 -2.836914 1.59668 0.0 -2.255859 2.739258 0.0 -1.738281 3.833008 0.0 -1.264648 4.970703 0.0 -1.069336
0.9432  0.3125 0.0 -2.836914 1.59668 0.0 -2.250977 2.739258 0.0 -1.733398 3.833008 0.0 -1.259766 4.970703 0.0 -1.069336
0.9448  0.3125 0.0 -2.832031 1.601563 0.0 -2.246094 2.739258 0.0 -1.733398 3.833008 0.0 -1.259766 4.975586 0.0 -1.069336
0.9464  0.3076172 0.0 -2.827148 1.601563 0.0 -2.241211 2.744141 0.0 -1.728516 3.837891 0.0 -1.259766 4.975586 0.0 -1.069336
0.948  0.3076172 0.0 -2.822266 1.601563 0.0 -2.236328 2.744141 0.0 -1.723633 3.837891 0.0 -1.254883 4.975586 0.0 -1.069336
0.9496  0.3076172 0.0 -2.822266 1.601563 0.0 -2.231445 2.744141 0.0 -1.71875 3.837891 0.0 -1.254883 4.980469 0.0 -1.069336
0.9512  0.3076172 0.0 -2.817383 1.601563 0.0 -2.226563 2.744141 0.0 -1.71875 3.837891 0.0 -1.25 4.980469 0.0 -1.064453
0.9528  0.3076172 0.0 -2.8125 1.601563 0.0 -2.22168 2.744141 0.0 -1.713867 3.842773 0.0 -1.25 4.980469 0.0 -1.064453
0.9544  0.3076172 0.0 -2.807617 1.606445 0.0 -2.216797 2.749023 0.0 -1.708984 3.842773 0.0 -1.245117 4.980469 0.0 -1.064453
0.956  0.3027344 0.0 -2.802734 1.606445 0.0 -2.211914 2.749023 0.0 -1.704102 3.842773 0.0 -1.245117 4.985352 0.0 -1.064453
0.9576  0.3027344 0.0 -2.802734 1.606445 0.0 -2.207031 2.749023 0.0 -1.699219 3.842773 0.0 -1.240234 4.985352 0.0 -1.064453
0.9592  0.3027344 0.0 -2.797852 1.606445 0.0 -2.202148 2.749023 0.0 -1.694336 3.847656 0.0 -1.240234 4.985352 0.0 -1.064453
0.9608  0.3027344 0.0 -2.792969 1.606445 0.0 -2.197266 2.749023 0.0 -1.694336 3.847656 0.0 -1.235352 4.985352 0.0 -1.05957
0.9624  0.3027344 0.0 -2.788086 1.606445 0.0 -2.192383 2.749023 0.0 -1.689453 3.847656 0.0 -1.230469 4.990234 0.0 -1.05957
0.964  0.2978516 0.0 -2.783203 1.606445 0.0 -2.1875 2.753906 0.0 -1.68457 3.847656 0.0 -1.230469 4.990234 0.0 -1.05957
0.9656  0.2978516 0.0 -2.77832 1.606445 0.0 -2.182617 2.753906 0.0 -1.679688 3.847656 0.0 -1.225586 4.990234 0.0 -1.05957
0.9672  0.2978516 0.0 -2.773438 1.606445 0.0 -2.172852 2.753906 0.0 -1.674805 3.852539 0.0 -1.220703 4.990234 0.0 -1.05957
0.9688  0.2929688 0.0 -2.768555 1.606445 0.0 -2.167969 2.753906 0.0 -1.669922 3.852539 0.0 -1.220703 4.990234 0.0 -1.054688
0.9704  0.2929688 0.0 -2.763672 1.606445 0.0 -2.163086 2.753906 0.0 -1.665039 3.852539 0.0 -1.21582 4.995117 0.0 -1.054688
0.972  0.2929688 0.0 -2.763672 1.606445 0.0 -2.158203 2.753906 0.0 -1.660156 3.852539 0.0 -1.210938 4.995117 0.0 -1.054688
0.9736  0.2929688 0.0 -2.758789 1.606445 0.0 -2.15332 2.753906 0.0 -1.660156 3.852539 0.0 -1.210938 4.995117 0.0 -1.054688
0.9752  0.2880859 0.0 -2.753906 1.606445 0.0 -2.143555 2.753906 0.0 -1.655273 3.857422 0.0 -1.206055 4.995117 0.0 -1.054688
0.9768  0.2880859 0.0 -2.749023 1.606445 0.0 -2.138672 2.753906 0.0 -1.650391 3.857422 0.0 -1.206055 4.995117 0.0 -1.049805
0.9784  0.2880859 0.0 -2.744141 1.606445 0.0 -2.133789 2.753906 0.0 -1.645508 3.857422 0.0 -1.201172 5.0 0.0 -1.049805
0.98  0.2832031 0.0 -2.739258 1.606445 0.0 -2.124023 2.753906 0.0 -1.640625 3.857422 0.0 -1.201172 5.0 0.0 -1.049805
0.9816  0.2832031 0.0 -2.734375 1.606445 0.0 -2.119141 2.753906 0.0 -1.635742 3.857422 0.0 -1.196289 5.0 0.0 -1.049805
0.9832  0.2783203 0.0 -2.729492 1.601563 0.0 -2.114258 2.753906 0.0 -1.630859 3.857422 0.0 -1.196289 5.0 0.0 -1.049805
0.9848  0.2783203 0.0 -2.724609 1.601563 0.0 -2.109375 2.753906 0.0 -1.625977 3.862305 0.0 -1.191406 5.0 0.0 -1.049805
0.9864  0.2783203 0.0 -2.719727 1.601563 0.0 -2.099609 2.753906 0.0 -1.621094 3.862305 0.0 -1.191406 5.0 0.0 -1.049805
0.988  0.2734375 0.0 -2.714844 1.601563 0.0 -2.094727 2.753906 0.0 -1.616211 3.862305 0.0 -1.186523 5.004883 0.0 -1.049805
0.9896  0.2734375 0.0 -2.709961 1.601563 0.0 -2.084961 2.753906 0.0 -1.611328 3.862305 0.0 -1.186523 5.004883 0.0 -1.044922
0.9912  0.2734375 0.0 -2.705078 1.601563 0.0 -2.080078 2.753906 0.0 -1.606445 3.862305 0.0 -1.181641 5.004883 0.0 -1.044922
0.9928  0.2685547 0.0 -2.700195 1.59668 0.0 -2.075195 2.753906 0.0 -1.601563 3.862305 0.0 -1.181641 5.004883 0.0 -1.044922
0.9944  0.2685547 0.0 -2.695313 1.59668 0.0 -2.06543 2.753906 0.0 -1.59668 3.867188 0.0 -1.181641 5.004883 0.0 -1.044922
0.996  0.2685547 0.0 -2.69043 1.59668 0.0 -2.060547 2.753906 0.0 -1.591797 3.867188 0.0 -1.176758 5.004883 0.0 -1.044922
0.9976  0.2636719 0.0 -2.685547 1.59668 0.0 -2.050781 2.753906 0.0 -1.586914 3.867188 0.0 -1.176758 5.004883 0.0 -1.044922
0.9992  0.2636719 0.0 -2.680664 1.59668 0.0 -2.045898 2.749023 0.0 -1.582031 3.867188 0.0 -1.171875 5.009766 0.0 -1.044922
1.0008  0.2636719 0.0 -2.675781 1.591797 0.0 -2.041016 2.749023 0.0 -1.577148 3.867188 0.0 -1.171875 5.009766 0.0 -1.044922
1.0024  0.2587891 0.0 -2.670898 1.591797 0.0 -2.03125 2.749023 0.0 -1.572266 3.867188 0.0 -1.166992 5.009766 0.0 -1.044922
1.004  0.2587891 0.0 -2.666016 1.591797 0.0 -2.026367 2.749023 0.0 -1.567383 3.867188 0.0 -1.166992 5.009766 0.0 -1.044922
1.0056  0.2587891 0.0 -2.661133 1.586914 0.0 -2.016602 2.749023 0.0 -1.557617 3.867188 0.0 -1.166992 5.009766 0.0 -1.040039
1.0072  0.2539063 0.0 -2.65625 1.586914 0.0 -2.011719 2.749023 0.0 -1.552734 3.87207 0.0 -1.162109 5.009766 0.0 -1.040039
1.0088  0.2539063 0.0 -2.651367 1.586914 0.0 -2.001953 2.749023 0.0 -1.547852 3.87207 0.0 -1.162109 5.009766 0.0 -1.040039
1.0104  0.2539063 0.0 -2.646484 1.586914 0.0 -1.99707 2.749023 0.0 -1.542969 3.87207 0.0 -1.157227 5.009766 0.0 -1.040039
1.012  0.2490234 0.0 -2.641602 1.582031 0.0 -1.987305 2.744141 0.0 -1.538086 3.87207 0.0 -1.157227 5.009766 0.0 -1.040039
1.0136  0.2490234 0.0 -2.636719 1.582031 0.0 -1.977539 2.744141 0.0 -1.533203 3.87207 0.0 -1.152344 5.009766 0.0 -1.035156
1.0152  0.2490234 0.0 -2.626953 1.582031 0.0 -1.972656 2.744141 0.0 -1.52832 3.87207 0.0 -1.147461 5.014648 0.0 -1.035156
1.0168  0.2441406 0.0 -2.62207 1.577148 0.0 -1.962891 2.744141 0.0 -1.523438 3.87207 0.0 -1.147461 5.014648 0.0 -1.035156
1.0184  0.2441406 0.0 -2.617188 1.577148 0.0 -1.958008 2.744141 0.0 -1.518555 3.87207 0.0 -1.142578 5.014648 0.0 -1.035156
1.02  0.2441406 0.0 -2.612305 1.577148 0.0 -1.948242 2.739258 0.0 -1.508789 3.87207 0.0 -1.142578 5.014648 0.0 -1.030273
1.0216  0.2392578 0.0 -2.607422 1.572266 0.0 -1.943359 2.739258 0.0 -1.503906 3.87207 0.0 -1.137695 5.014648 0.0 -1.030273
1.0232  0.2392578 0.0 -2.602539 1.572266 0.0 -1.933594 2.739258 0.0 -1.499023 3.87207 0.0 -1.132813 5.014648 0.0 -1.030273
1.0248  0.234375 0.0 -2.592773 1.572266 0.0 -1.923828 2.739258 0.0 -1.494141 3.87207 0.0 -1.132813 5.014648 0.0 -1.025391
1.0264  0.234375 0.0 -2.587891 1.567383 0.0 -1.918945 2.739258 0.0 -1.489258 3.87207 0.0 -1.12793 5.009766 0.0 -1.025391
1.028  0.234375 0.0 -2.583008 1.567383 0.0 -1.90918 2.734375 0.0 -1.484375 3.87207 0.0 -1.123047 5.009766 0.0 -1.025391
1.0296  0.2294922 0.0 -2.573242 1.567383 0.0 -1.899414 2.734375 0.0 -1.479492 3.867188 0.0 -1.123047 5.009766 0.0 -1.020508
1.0312  0.2294922 0.0 -2.568359 1.5625 0.0 -1.894531 2.734375 0.0 -1.474609 3.867188 0.0 -1.118164 5.009766 0.0 -1.020508
1.0328  0.2246094 0.0 -2.563477 1.5625 0.0 -1.884766 2.734375 0.0 -1.464844 3.867188 0.0 -1.113281 5.009766 0.0 -1.020508
1.0344  0.2246094 0.0 -2.558594 1.557617 0.0 -1.879883 2.734375 0.0 -1.459961 3.867188 0.0 -1.108398 5.009766 0.0 -1.015625
1.036  0.2197266 0.0 -2.548828 1.557617 0.0 -1.870117 2.729492 0.0 -1.455078 3.867188 0.0 -1.108398 5.009766 0.0 -1.015625
1.0376  0.2197266 0.0 -2.543945 1.557617 0.0 -1.865234 2.729492 0.0 -1.450195 3.867188 0.0 -1.103516 5.009766 0.0 -1.015625
1.0392  0.2197266 0.0 -2.53418 1.552734 0.0 -1.855469 2.729492 0.0 -1.445313 3.867188 0.0 -1.098633 5.009766 0.0 -1.010742
1.0408  0.2148438 0.0 -2.529297 1.552734 0.0 -1.850586 2.729492 0.0 -1.44043 3.867188 0.0 -1.09375 5.009766 0.0 -1.010742
1.0424  0.2148438 0.0 -2.524414 1.552734 0.0 -1.84082 2.729492 0.0 -1.435547 3.867188 0.0 -1.09375 5.009766 0.0 -1.010742
1.044  0.2099609 0.0 -2.514648 1.547852 0.0 -1.831055 2.724609 0.0 -1.430664 3.862305 0.0 -1.088867 5.009766 0.0 -1.005859
1.0456  0.2099609 0.0 -2.509766 1.547852 0.0 -1.826172 2.724609 0.0 -1.425781 3.862305 0.0 -1.083984 5.009766 0.0 -1.005859
1.0472  0.2050781 0.0 -2.504883 1.547852 0.0 -1.821289 2.724609 0.0 -1.420898 3.862305 0.0 -1.083984 5.009766 0.0 -1.005859
1.0488  0.2050781 0.0 -2.495117 1.542969 0.0 -1.811523 2.724609 0.0 -1.420898 3.862305 0.0 -1.079102 5.004883 0.0 -1.000977
1.0504  0.2001953 0.0 -2.490234 1.542969 0.0 -1.806641 2.719727 0.0 -1.416016 3.862305 0.0 -1.074219 5.004883 0.0 -1.000977
1.052  0.2001953 0.0 -2.480469 1.538086 0.0 -1.796875 2.719727 0.0 -1.411133 3.862305 0.0 -1.074219 5.004883 0.0 -1.000977
1.0536  0.1953125 0.0 -2.475586 1.538086 0.0 -1.791992 2.719727 0.0 -1.40625 3.862305 0.0 -1.069336 5.004883 0.0 -1.000977
1.0552  0.1904297 0.0 -2.470703 1.538086 0.0 -1.787109 2.719727 0.0 -1.401367 3.862305 0.0 -1.069336 5.004883 0.0 -0.9960938
1.0568  0.1904297 0.0 -2.460938 1.533203 0.0 -1.777344 2.714844 0.0 -1.401367 3.862305 0.0 -1.064453 5.004883 0.0 -0.9960938
1.0584  0.1855469 0.0 -2.456055 1.533203 0.0 -1.772461 2.714844 0.0 -1.396484 3.862305 0.0 -1.064453 5.004883 0.0 -0.9960938
1.06  0.1855469 0.0 -2.446289 1.52832 0.0 -1.767578 2.714844 0.0 -1.391602 3.862305 0.0 -1.05957 5.004883 0.0 -0.9960938
1.0616  0.1806641 0.0 -2.441406 1.52832 0.0 -1.757813 2.714844 0.0 -1.386719 3.862305 0.0 -1.05957 5.004883 0.0 -0.9960938
1.0632  0.1806641 0.0 -2.436523 1.52832 0.0 -1.75293 2.709961 0.0 -1.386719 3.857422 0.0 -1.05957 5.0 0.0 -0.9912109
1.0648  0.1757813 0.0 -2.426758 1.523438 0.0 -1.748047 2.709961 0.0 -1.381836 3.857422 0.0 -1.054688 5.0 0.0 -0.9912109
1.0664  0.1757813 0.0 -2.421875 1.523438 0.0 -1.743164 2.709961 0.0 -1.376953 3.857422 0.0 -1.054688 5.0 0.0 -0.9912109
1.068  0.1708984 0.0 -2.412109 1.523438 0.0 -1.733398 2.705078 0.0 -1.376953 3.857422 0.0 -1.054688 5.0 0.0 -0.9912109
1.0696  0.1708984 0.0 -2.407227 1.518555 0.0 -1.728516 2.705078 0.0 -1.37207 3.857422 0.0 -1.054688 5.0 0.0 -0.9912109
1.0712  0.1660156 0.0 -2.402344 1.518555 0.0 -1.723633 2.705078 0.0 -1.37207 3.857422 0.0 -1.054688 5.0 0.0 -0.9912109
1.0728  0.1660156 0.0 -2.392578 1.518555 0.0 -1.71875 2.705078 0.0 -1.367188 3.857422 0.0 -1.054688 4.995117 0.0 -0.9912109
1.0744  0.1611328 0.0 -2.387695 1.513672 0.0 -1.713867 2.700195 0.0 -1.367188 3.857422 0.0 -1.049805 4.995117 0.0 -0.9912109
1.076  0.1611328 0.0 -2.37793 1.513672 0.0 -1.708984 2.700195 0.0 -1.362305 3.857422 0.0 -1.049805 4.995117 0.0 -0.9912109
1.0776  0.15625 0.0 -2.373047 1.508789 0.0 -1.699219 2.700195 0.0 -1.362305 3.852539 0.0 -1.049805 4.995117 0.0 -0.9912109
1.0792  0.15625 0.0 -2.368164 1.508789 0.0 -1.694336 2.700195 0.0 -1.357422 3.852539 0.0 -1.049805 4.995117 0.0 -0.9912109
1.0808  0.1513672 0.0 -2.358398 1.508789 0.0 -1.689453 2.700195 0.0 -1.357422 3.852539 0.0 -1.054688 4.995117 0.0 -0.9912109
1.0824  0.1513672 0.0 -2.353516 1.503906 0.0 -1.68457 2.695313 0.0 -1.352539 3.852539 0.0 -1.054688 4.990234 0.0 -0.9912109
1.084  0.1464844 0.0 -2.34375 1.503906 0.0 -1.679688 2.695313 0.0 -1.352539 3.852539 0.0 -1.054688 4.990234 0.0 -0.9960938
1.0856  0.1464844 0.0 -2.338867 1.503906 0.0 -1.674805 2.695313 0.0 -1.347656 3.852539 0.0 -1.054688 4.990234 0.0 -0.9960938
1.0872  0.1416016 0.0 -2.333984 1.503906 0.0 -1.669922 2.695313 0.0 -1.347656 3.852539 0.0 -1.054688 4.990234 0.0 -0.9960938
1.0888  0.1416016 0.0 -2.324219 1.499023 0.0 -1.665039 2.69043 0.0 -1.347656 3.852539 0.0 -1.054688 4.990234 0.0 -0.9960938
1.0904  0.1367188 0.0 -2.319336 1.499023 0.0 -1.660156 2.69043 0.0 -1.342773 3.847656 0.0 -1.054688 4.990234 0.0 -0.9960938
1.092  0.1318359 0.0 -2.30957 1.499023 0.0 -1.655273 2.69043 0.0 -1.342773 3.847656 0.0 -1.054688 4.990234 0.0 -0.9960938
1.0936  0.1318359 0.0 -2.304688 1.494141 0.0 -1.650391 2.69043 0.0 -1.342773 3.847656 0.0 -1.05957 4.985352 0.0 -0.9960938
1.0952  0.1269531 0.0 -2.299805 1.494141 0.0 -1.645508 2.69043 0.0 -1.342773 3.847656 0.0 -1.05957 4.985352 0.0 -1.000977
1.0968  0.1269531 0.0 -2.290039 1.494141 0.0 -1.645508 2.69043 0.0 -1.337891 3.847656 0.0 -1.05957 4.985352 0.0 -1.000977
1.0984  0.1220703 0.0 -2.285156 1.489258 0.0 -1.640625 2.685547 0.0 -1.337891 3.847656 0.0 -1.05957 4.985352 0.0 -1.000977
1.1  0.1220703 0.0 -2.280273 1.489258 0.0 -1.635742 2.685547 0.0 -1.337891 3.847656 0.0 -1.05957 4.985352 0.0 -1.000977
1.1016  0.1171875 0.0 -2.270508 1.489258 0.0 -1.630859 2.685547 0.0 -1.337891 3.842773 0.0 -1.064453 4.985352 0.0 -1.000977
1.1032  0.1171875 0.0 -2.265625 1.484375 0.0 -1.625977 2.685547 0.0 -1.337891 3.842773 0.0 -1.064453 4.980469 0.0 -1.005859
1.1048  0.1123047 0.0 -2.255859 1.484375 0.0 -1.621094 2.685547 0.0 -1.333008 3.842773 0.0 -1.064453 4.980469 0.0 -1.005859
1.1064  0.1074219 0.0 -2.250977 1.484375 0.0 -1.621094 2.685547 0.0 -1.333008 3.842773 0.0 -1.064453 4.980469 0.0 -1.005859
1.108  0.1074219 0.0 -2.246094 1.484375 0.0 -1.616211 2.685547 0.0 -1.333008 3.842773 0.0 -1.064453 4.980469 0.0 -1.005859
1.1096  0.1025391 0.0 -2.236328 1.479492 0.0 -1.611328 2.685547 0.0 -1.333008 3.842773 0.0 -1.064453 4.980469 0.0 -1.005859
1.1112  0.1025391 0.0 -2.231445 1.479492 0.0 -1.611328 2.680664 0.0 -1.333008 3.837891 0.0 -1.069336 4.980469 0.0 -1.010742
1.1128  0.09765625 0.0 -2.226563 1.479492 0.0 -1.606445 2.680664 0.0 -1.333008 3.837891 0.0 -1.069336 4.980469 0.0 -1.010742
1.1144  0.09765625 0.0 -2.22168 1.479492 0.0 -1.601563 2.680664 0.0 -1.333008 3.837891 0.0 -1.069336 4.980469 0.0 -1.010742
1.116  0.09277344 0.0 -2.211914 1.474609 0.0 -1.601563 2.680664 0.0 -1.333008 3.837891 0.0 -1.069336 4.975586 0.0 -1.010742
1.1176  0.09277344 0.0 -2.207031 1.474609 0.0 -1.59668 2.680664 0.0 -1.333008 3.837891 0.0 -1.069336 4.975586 0.0 -1.010742
1.1192  0.08789063 0.0 -2.202148 1.474609 0.0 -1.59668 2.680664 0.0 -1.333008 3.837891 0.0 -1.074219 4.975586 0.0 -1.010742
1.1208  0.08300781 0.0 -2.197266 1.474609 0.0 -1.591797 2.680664 0.0 -1.337891 3.837891 0.0 -1.074219 4.975586 0.0 -1.015625
1.1224  0.08300781 0.0 -2.192383 1.474609 0.0 -1.591797 2.680664 0.0 -1.337891 3.837891 0.0 -1.074219 4.975586 0.0 -1.015625
1.124  0.078125 0.0 -2.182617 1.474609 0.0 -1.586914 2.680664 0.0 -1.337891 3.833008 0.0 -1.074219 4.975586 0.0 -1.015625
1.1256  0.078125 0.0 -2.177734 1.469727 0.0 -1.586914 2.680664 0.0 -1.337891 3.833008 0.0 -1.079102 4.975586 0.0 -1.015625
1.1272  0.07324219 0.0 -2.172852 1.469727 0.0 -1.586914 2.680664 0.0 -1.337891 3.833008 0.0 -1.079102 4.975586 0.0 -1.020508
1.1288  0.07324219 0.0 -2.167969 1.469727 0.0 -1.582031 2.680664 0.0 -1.342773 3.833008 0.0 -1.079102 4.975586 0.0 -1.020508
1.1304  0.07324219 0.0 -2.163086 1.469727 0.0 -1.582031 2.680664 0.0 -1.342773 3.833008 0.0 -1.083984 4.980469 0.0 -1.020508
1.132  0.06835938 0.0 -2.158203 1.469727 0.0 -1.582031 2.680664 0.0 -1.347656 3.833008 0.0 -1.083984 4.980469 0.0 -1.020508
1.1336  0.06835938 0.0 -2.15332 1.469727 0.0 -1.582031 2.680664 0.0 -1.347656 3.833008 0.0 -1.083984 4.980469 0.0 -1.025391
1.1352  0.06347656 0.0 -2.148438 1.469727 0.0 -1.582031 2.680664 0.0 -1.352539 3.833008 0.0 -1.088867 4.980469 0.0 -1.025391
1.1368  0.06347656 0.0 -2.148438 1.469727 0.0 -1.582031 2.685547 0.0 -1.352539 3.833008 0.0 -1.088867 4.980469 0.0 -1.030273
1.1384  0.06347656 0.0 -2.143555 1.469727 0.0 -1.582031 2.685547 0.0 -1.357422 3.833008 0.0 -1.09375 4.980469 0.0 -1.030273
1.14  0.05859375 0.0 -2.138672 1.474609 0.0 -1.582031 2.685547 0.0 -1.357422 3.833008 0.0 -1.098633 4.980469 0.0 -1.035156
1.1416  0.05859375 0.0 -2.133789 1.474609 0.0 -1.582031 2.685547 0.0 -1.362305 3.833008 0.0 -1.098633 4.985352 0.0 -1.035156
1.1432  0.05859375 0.0 -2.128906 1.474609 0.0 -1.582031 2.685547 0.0 -1.367188 3.837891 0.0 -1.103516 4.985352 0.0 -1.040039
1.1448  0.05371094 0.0 -2.128906 1.474609 0.0 -1.582031 2.69043 0.0 -1.367188 3.837891 0.0 -1.108398 4.985352 0.0 -1.040039
1.1464  0.05371094 0.0 -2.124023 1.474609 0.0 -1.582031 2.69043 0.0 -1.37207 3.837891 0.0 -1.113281 4.990234 0.0 -1.044922
1.148  0.05371094 0.0 -2.124023 1.479492 0.0 -1.582031 2.69043 0.0 -1.376953 3.837891 0.0 -1.118164 4.990234 0.0 -1.049805
1.1496  0.05371094 0.0 -2.119141 1.479492 0.0 -1.586914 2.695313 0.0 -1.381836 3.837891 0.0 -1.123047 4.990234 0.0 -1.054688
1.1512  0.05371094 0.0 -2.119141 1.479492 0.0 -1.586914 2.695313 0.0 -1.386719 3.842773 0.0 -1.12793 4.995117 0.0 -1.05957
1.1528  0.04882813 0.0 -2.114258 1.479492 0.0 -1.591797 2.700195 0.0 -1.391602 3.842773 0.0 -1.132813 4.995117 0.0 -1.05957
1.1544  0.04882813 0.0 -2.114258 1.484375 0.0 -1.591797 2.700195 0.0 -1.396484 3.842773 0.0 -1.137695 4.995117 0.0 -1.064453
1.156  0.04882813 0.0 -2.114258 1.484375 0.0 -1.59668 2.705078 0.0 -1.401367 3.842773 0.0 -1.142578 5.0 0.0 -1.069336
1.1576  0.04882813 0.0 -2.114258 1.489258 0.0 -1.59668 2.705078 0.0 -1.40625 3.847656 0.0 -1.147461 5.0 0.0 -1.074219
1.1592  0.04882813 0.0 -2.114258 1.489258 0.0 -1.601563 2.709961 0.0 -1.411133 3.847656 0.0 -1.152344 5.004883 0.0 -1.079102
1.1608  0.04882813 0.0 -2.114258 1.489258 0.0 -1.606445 2.709961 0.0 -1.420898 3.847656 0.0 -1.162109 5.004883 0.0 -1.088867
1.1624  0.04882813 0.0 -2.114258 1.494141 0.0 -1.606445 2.714844 0.0 -1.425781 3.852539 0.0 -1.166992 5.009766 0.0 -1.09375
1.164  0.04882813 0.0 -2.114258 1.494141 0.0 -1.611328 2.719727 0.0 -1.430664 3.852539 0.0 -1.171875 5.009766 0.0 -1.098633
1.1656  0.04882813 0.0 -2.114258 1.499023 0.0 -1.616211 2.719727 0.0 -1.44043 3.857422 0.0 -1.181641 5.014648 0.0 -1.103516
1.1672  0.04882813 0.0 -2.114258 1.503906 0.0 -1.621094 2.724609 0.0 -1.445313 3.857422 0.0 -1.186523 5.014648 0.0 -1.108398
1.1688  0.05371094 0.0 -2.114258 1.503906 0.0 -1.625977 2.729492 0.0 -1.450195 3.862305 0.0 -1.196289 5.019531 0.0 -1.118164
1.1704  0.05371094 0.0 -2.114258 1.508789 0.0 -1.630859 2.729492 0.0 -1.459961 3.862305 0.0 -1.201172 5.019531 0.0 -1.123047
1.172  0.05371094 0.0 -2.119141 1.508789 0.0 -1.635742 2.734375 0.0 -1.464844 3.867188 0.0 -1.210938 5.024414 0.0 -1.12793
1.1736  0.05371094 0.0 -2.119141 1.513672 0.0 -1.645508 2.739258 0.0 -1.474609 3.867188 0.0 -1.220703 5.024414 0.0 -1.132813
1.1752  0.05371094 0.0 -2.124023 1.513672 0.0 -1.650391 2.744141 0.0 -1.479492 3.87207 0.0 -1.225586 5.029297 0.0 -1.142578
1.1768  0.05859375 0.0 -2.124023 1.518555 0.0 -1.655273 2.744141 0.0 -1.489258 3.87207 0.0 -1.235352 5.03418 0.0 -1.147461
1.1784  0.05859375 0.0 -2.128906 1.523438 0.0 -1.660156 2.749023 0.0 -1.499023 3.876953 0.0 -1.240234 5.03418 0.0 -1.152344
1.18  0.05859375 0.0 -2.128906 1.523438 0.0 -1.669922 2.753906 0.0 -1.503906 3.876953 0.0 -1.25 5.039063 0.0 -1.162109
1.1816  0.05859375 0.0 -2.133789 1.52832 0.0 -1.674805 2.758789 0.0 -1.513672 3.881836 0.0 -1.259766 5.039063 0.0 -1.166992
1.1832  0.06347656 0.0 -2.138672 1.533203 0.0 -1.679688 2.758789 0.0 -1.523438 3.881836 0.0 -1.264648 5.043945 0.0 -1.171875
1.1848  0.06347656 0.0 -2.143555 1.533203 0.0 -1.689453 2.763672 0.0 -1.52832 3.886719 0.0 -1.274414 5.048828 0.0 -1.181641
1.1864  0.06347656 0.0 -2.148438 1.538086 0.0 -1.694336 2.768555 0.0 -1.538086 3.886719 0.0 -1.28418 5.048828 0.0 -1.186523
1.188  0.06835938 0.0 -2.15332 1.542969 0.0 -1.704102 2.768555 0.0 -1.547852 3.891602 0.0 -1.289063 5.053711 0.0 -1.191406
1.1896  0.06835938 0.0 -2.158203 1.542969 0.0 -1.713867 2.773438 0.0 -1.557617 3.891602 0.0 -1.298828 5.053711 0.0 -1.201172
1.1912  0.07324219 0.0 -2.163086 1.547852 0.0 -1.71875 2.77832 0.0 -1.567383 3.896484 0.0 -1.303711 5.058594 0.0 -1.206055
1.1928  0.07324219 0.0 -2.167969 1.552734 0.0 -1.728516 2.783203 0.0 -1.577148 3.896484 0.0 -1.313477 5.058594 0.0 -1.210938
1.1944  0.07324219 0.0 -2.172852 1.552734 0.0 -1.738281 2.783203 0.0 -1.582031 3.901367 0.0 -1.318359 5.063477 0.0 -1.21582
1.196  0.078125 0.0 -2.182617 1.557617 0.0 -1.743164 2.788086 0.0 -1.591797 3.901367 0.0 -1.328125 5.063477 0.0 -1.225586
1.1976  0.078125 0.0 -2.1875 1.5625 0.0 -1.75293 2.792969 0.0 -1.601563 3.90625 0.0 -1.333008 5.068359 0.0 -1.230469
1.1992  0.08300781 0.0 -2.197266 1.5625 0.0 -1.762695 2.792969 0.0 -1.611328 3.90625 0.0 -1.342773 5.068359 0.0 -1.235352
1.2008  0.08300781 0.0 -2.202148 1.567383 0.0 -1.767578 2.797852 0.0 -1.621094 3.911133 0.0 -1.347656 5.073242 0.0 -1.240234
1.2024  0.08300781 0.0 -2.211914 1.572266 0.0 -1.777344 2.797852 0.0 -1.630859 3.911133 0.0 -1.357422 5.073242 0.0 -1.245117
1.204  0.08789063 0.0 -2.216797 1.572266 0.0 -1.787109 2.802734 0.0 -1.640625 3.911133 0.0 -1.362305 5.078125 0.0 -1.25
1.2056  0.08789063 0.0 -2.226563 1.577148 0.0 -1.796875 2.807617 0.0 -1.650391 3.916016 0.0 -1.37207 5.078125 0.0 -1.254883
1.2072  0.09277344 0.0 -2.236328 1.577148 0.0 -1.806641 2.807617 0.0 -1.660156 3.916016 0.0 -1.376953 5.078125 0.0 -1.259766
1.2088  0.09277344 0.0 -2.246094 1.582031 0.0 -1.816406 2.8125 0.0 -1.669922 3.916016 0.0 -1.381836 5.083008 0.0 -1.264648
1.2104  0.09765625 0.0 -2.255859 1.582031 0.0 -1.826172 2.8125 0.0 -1.679688 3.920898 0.0 -1.386719 5.083008 0.0 -1.269531
1.212  0.1025391 0.0 -2.265625 1.586914 0.0 -1.831055 2.817383 0.0 -1.689453 3.920898 0.0 -1.396484 5.083008 0.0 -1.269531
1.2136  0.1025391 0.0 -2.275391 1.591797 0.0 -1.84082 2.817383 0.0 -1.699219 3.920898 0.0 -1.401367 5.087891 0.0 -1.274414
1.2152  0.1074219 0.0 -2.285156 1.591797 0.0 -1.850586 2.822266 0.0 -1.708984 3.920898 0.0 -1.40625 5.087891 0.0 -1.279297
1.2168  0.1074219 0.0 -2.294922 1.591797 0.0 -1.860352 2.822266 0.0 -1.713867 3.920898 0.0 -1.411133 5.087891 0.0 -1.28418
1.2184  0.1123047 0.0 -2.304688 1.59668 0.0 -1.870117 2.827148 0.0 -1.723633 3.925781 0.0 -1.416016 5.087891 0.0 -1.28418
1.22  0.1123047 0.0 -2.319336 1.59668 0.0 -1.879883 2.827148 0.0 -1.733398 3.925781 0.0 -1.420898 5.087891 0.0 -1.289063
1.2216  0.1171875 0.0 -2.329102 1.601563 0.0 -1.889648 2.827148 0.0 -1.743164 3.925781 0.0 -1.430664 5.087891 0.0 -1.289063
1.2232  0.1220703 0.0 -2.338867 1.601563 0.0 -1.899414 2.832031 0.0 -1.75293 3.925781 0.0 -1.435547 5.087891 0.0 -1.293945
1.2248  0.1220703 0.0 -2.353516 1.601563 0.0 -1.904297 2.832031 0.0 -1.757813 3.925781 0.0 -1.44043 5.087891 0.0 -1.293945
1.2264  0.1269531 0.0 -2.363281 1.606445 0.0 -1.914063 2.832031 0.0 -1.767578 3.925781 0.0 -1.445313 5.087891 0.0 -1.298828
1.228  0.1269531 0.0 -2.37793 1.606445 0.0 -1.923828 2.832031 0.0 -1.777344 3.925781 0.0 -1.450195 5.087891 0.0 -1.298828
1.2296  0.1318359 0.0 -2.387695 1.606445 0.0 -1.933594 2.832031 0.0 -1.787109 3.925781 0.0 -1.455078 5.087891 0.0 -1.298828
1.2312  0.1367188 0.0 -2.402344 1.606445 0.0 -1.943359 2.836914 0.0 -1.791992 3.920898 0.0 -1.459961 5.087891 0.0 -1.303711
1.2328  0.1367188 0.0 -2.412109 1.606445 0.0 -1.953125 2.836914 0.0 -1.801758 3.920898 0.0 -1.459961 5.087891 0.0 -1.303711
1.2344  0.1416016 0.0 -2.426758 1.611328 0.0 -1.958008 2.836914 0.0 -1.806641 3.920898 0.0 -1.464844 5.087891 0.0 -1.303711
1.236  0.1464844 0.0 -2.436523 1.611328 0.0 -1.967773 2.836914 0.0 -1.816406 3.920898 0.0 -1.469727 5.083008 0.0 -1.303711
1.2376  0.1464844 0.0 -2.451172 1.611328 0.0 -1.977539 2.836914 0.0 -1.826172 3.920898 0.0 -1.474609 5.083008 0.0 -1.303711
1.2392  0.1513672 0.0 -2.460938 1.611328 0.0 -1.987305 2.836914 0.0 -1.831055 3.916016 0.0 -1.479492 5.083008 0.0 -1.303711
1.2408  0.1513672 0.0 -2.475586 1.611328 0.0 -1.992188 2.836914 0.0 -1.84082 3.916016 0.0 -1.484375 5.078125 0.0 -1.303711
1.2424  0.15625 0.0 -2.490234 1.611328 0.0 -2.001953 2.836914 0.0 -1.845703 3.916016 0.0 -1.489258 5.078125 0.0 -1.303711
1.244  0.1611328 0.0 -2.5 1.611328 0.0 -2.011719 2.836914 0.0 -1.850586 3.911133 0.0 -1.489258 5.073242 0.0 -1.303711
1.2456  0.1611328 0.0 -2.514648 1.611328 0.0 -2.016602 2.836914 0.0 -1.860352 3.911133 0.0 -1.494141 5.073242 0.0 -1.303711
1.2472  0.1660156 0.0 -2.524414 1.611328 0.0 -2.026367 2.836914 0.0 -1.865234 3.90625 0.0 -1.499023 5.068359 0.0 -1.303711
1.2488  0.1708984 0.0 -2.539063 1.611328 0.0 -2.036133 2.832031 0.0 -1.870117 3.90625 0.0 -1.503906 5.068359 0.0 -1.303711
1.2504  0.1708984 0.0 -2.553711 1.611328 0.0 -2.041016 2.832031 0.0 -1.879883 3.90625 0.0 -1.503906 5.063477 0.0 -1.298828
1.252  0.1757813 0.0 -2.563477 1.611328 0.0 -2.050781 2.832031 0.0 -1.884766 3.901367 0.0 -1.508789 5.063477 0.0 -1.298828
1.2536  0.1757813 0.0 -2.578125 1.606445 0.0 -2.055664 2.832031 0.0 -1.889648 3.901367 0.0 -1.513672 5.058594 0.0 -1.298828
1.2552  0.1806641 0.0 -2.587891 1.606445 0.0 -2.06543 2.832031 0.0 -1.894531 3.896484 0.0 -1.518555 5.058594 0.0 -1.298828
1.2568  0.1806641 0.0 -2.602539 1.606445 0.0 -2.075195 2.832031 0.0 -1.899414 3.896484 0.0 -1.518555 5.053711 0.0 -1.298828
1.2584  0.1855469 0.0 -2.612305 1.606445 0.0 -2.080078 2.832031 0.0 -1.90918 3.891602 0.0 -1.523438 5.048828 0.0 -1.298828
1.26  0.1855469 0.0 -2.626953 1.606445 0.0 -2.089844 2.827148 0.0 -1.914063 3.891602 0.0 -1.52832 5.048828 0.0 -1.298828
1.2616  0.1904297 0.0 -2.636719 1.606445 0.0 -2.094727 2.827148 0.0 -1.918945 3.886719 0.0 -1.52832 5.043945 0.0 -1.293945
1.2632  0.1953125 0.0 -2.651367 1.606445 0.0 -2.104492 2.827148 0.0 -1.923828 3.886719 0.0 -1.533203 5.039063 0.0 -1.293945
1.2648  0.1953125 0.0 -2.661133 1.606445 0.0 -2.109375 2.827148 0.0 -1.928711 3.881836 0.0 -1.538086 5.039063 0.0 -1.293945
1.2664  0.1953125 0.0 -2.670898 1.606445 0.0 -2.119141 2.827148 0.0 -1.933594 3.881836 0.0 -1.542969 5.03418 0.0 -1.293945
1.268  0.2001953 0.0 -2.685547 1.601563 0.0 -2.124023 2.822266 0.0 -1.938477 3.876953 0.0 -1.542969 5.03418 0.0 -1.293945
1.2696  0.2001953 0.0 -2.695313 1.601563 0.0 -2.128906 2.822266 0.0 -1.943359 3.876953 0.0 -1.547852 5.029297 0.0 -1.293945
1.2712  0.2050781 0.0 -2.705078 1.601563 0.0 -2.138672 2.822266 0.0 -1.953125 3.87207 0.0 -1.547852 5.029297 0.0 -1.293945
1.2728  0.2050781 0.0 -2.714844 1.601563 0.0 -2.143555 2.822266 0.0 -1.958008 3.87207 0.0 -1.552734 5.024414 0.0 -1.293945
1.2744  0.2099609 0.0 -2.724609 1.601563 0.0 -2.15332 2.822266 0.0 -1.962891 3.87207 0.0 -1.557617 5.024414 0.0 -1.293945
1.276  0.2099609 0.0 -2.734375 1.601563 0.0 -2.158203 2.822266 0.0 -1.967773 3.867188 0.0 -1.557617 5.019531 0.0 -1.293945
1.2776  0.2099609 0.0 -2.744141 1.601563 0.0 -2.163086 2.817383 0.0 -1.972656 3.867188 0.0 -1.5625 5.019531 0.0 -1.293945
1.2792  0.2148438 0.0 -2.753906 1.601563 0.0 -2.172852 2.817383 0.0 -1.977539 3.862305 0.0 -1.5625 5.014648 0.0 -1.298828
1.2808  0.2148438 0.0 -2.763672 1.601563 0.0 -2.177734 2.817383 0.0 -1.982422 3.862305 0.0 -1.567383 5.014648 0.0 -1.298828
1.2824  0.2148438 0.0 -2.773438 1.601563 0.0 -2.182617 2.817383 0.0 -1.987305 3.862305 0.0 -1.567383 5.009766 0.0 -1.298828
1.284  0.2148438 0.0 -2.783203 1.601563 0.0 -2.1875 2.817383 0.0 -1.987305 3.857422 0.0 -1.572266 5.009766 0.0 -1.298828
1.2856  0.2197266 0.0 -2.788086 1.601563 0.0 -2.192383 2.817383 0.0 -1.992188 3.857422 0.0 -1.572266 5.009766 0.0 -1.298828
1.2872  0.2197266 0.0 -2.797852 1.601563 0.0 -2.202148 2.817383 0.0 -1.99707 3.857422 0.0 -1.572266 5.004883 0.0 -1.298828
1.2888  0.2197266 0.0 -2.807617 1.601563 0.0 -2.207031 2.817383 0.0 -2.001953 3.852539 0.0 -1.577148 5.004883 0.0 -1.298828
1.2904  0.2246094 0.0 -2.8125 1.601563 0.0 -2.211914 2.817383 0.0 -2.006836 3.852539 0.0 -1.577148 5.004883 0.0 -1.298828
1.292  0.2246094 0.0 -2.822266 1.601563 0.0 -2.216797 2.817383 0.0 -2.006836 3.852539 0.0 -1.577148 5.0 0.0 -1.298828
1.2936  0.2246094 0.0 -2.827148 1.601563 0.0 -2.22168 2.817383 0.0 -2.011719 3.852539 0.0 -1.582031 5.0 0.0 -1.303711
1.2952  0.2246094 0.0 -2.836914 1.601563 0.0 -2.22168 2.817383 0.0 -2.016602 3.847656 0.0 -1.582031 5.0 0.0 -1.303711
1.2968  0.2294922 0.0 -2.841797 1.601563 0.0 -2.226563 2.817383 0.0 -2.021484 3.847656 0.0 -1.582031 5.0 0.0 -1.303711
1.2984  0.2294922 0.0 -2.84668 1.601563 0.0 -2.231445 2.817383 0.0 -2.021484 3.847656 0.0 -1.582031 4.995117 0.0 -1.303711
1.3  0.2294922 0.0 -2.856445 1.601563 0.0 -2.236328 2.817383 0.0 -2.026367 3.847656 0.0 -1.582031 4.995117 0.0 -1.303711
1.3016  0.2294922 0.0 -2.861328 1.601563 0.0 -2.241211 2.817383 0.0 -2.026367 3.842773 0.0 -1.586914 4.995117 0.0 -1.303711
1.3032  0.2294922 0.0 -2.866211 1.601563 0.0 -2.241211 2.817383 0.0 -2.03125 3.842773 0.0 -1.586914 4.995117 0.0 -1.303711
1.3048  0.234375 0.0 -2.871094 1.601563 0.0 -2.246094 2.817383 0.0 -2.03125 3.842773 0.0 -1.586914 4.990234 0.0 -1.303711
1.3064  0.234375 0.0 -2.875977 1.601563 0.0 -2.250977 2.817383 0.0 -2.036133 3.842773 0.0 -1.586914 4.990234 0.0 -1.303711
1.308  0.234375 0.0 -2.880859 1.601563 0.0 -2.250977 2.817383 0.0 -2.036133 3.842773 0.0 -1.586914 4.990234 0.0 -1.303711
1.3096  0.234375 0.0 -2.885742 1.601563 0.0 -2.255859 2.817383 0.0 -2.041016 3.842773 0.0 -1.586914 4.990234 0.0 -1.303711
1.3112  0.234375 0.0 -2.890625 1.601563 0.0 -2.260742 2.817383 0.0 -2.041016 3.837891 0.0 -1.586914 4.990234 0.0 -1.298828
1.3128  0.234375 0.0 -2.895508 1.601563 0.0 -2.260742 2.817383 0.0 -2.041016 3.837891 0.0 -1.586914 4.985352 0.0 -1.298828
1.3144  0.2392578 0.0 -2.900391 1.601563 0.0 -2.265625 2.817383 0.0 -2.045898 3.837891 0.0 -1.586914 4.985352 0.0 -1.298828
1.316  0.2392578 0.0 -2.905273 1.601563 0.0 -2.265625 2.817383 0.0 -2.045898 3.837891 0.0 -1.586914 4.985352 0.0 -1.298828
1.3176  0.2392578 0.0 -2.910156 1.601563 0.0 -2.270508 2.817383 0.0 -2.045898 3.837891 0.0 -1.586914 4.985352 0.0 -1.298828
1.3192  0.2392578 0.0 -2.915039 1.601563 0.0 -2.270508 2.817383 0.0 -2.050781 3.837891 0.0 -1.586914 4.985352 0.0 -1.298828
1.3208  0.2392578 0.0 -2.915039 1.601563 0.0 -2.275391 2.817383 0.0 -2.050781 3.837891 0.0 -1.586914 4.985352 0.0 -1.298828
1.3224  0.2392578 0.0 -2.919922 1.601563 0.0 -2.275391 2.817383 0.0 -2.050781 3.833008 0.0 -1.591797 4.980469 0.0 -1.298828
1.324  0.2392578 0.0 -2.924805 1.601563 0.0 -2.275391 2.817383 0.0 -2.050781 3.833008 0.0 -1.591797 4.980469 0.0 -1.298828
1.3256  0.2392578 0.0 -2.929688 1.601563 0.0 -2.280273 2.817383 0.0 -2.050781 3.833008 0.0 -1.591797 4.980469 0.0 -1.298828
1.3272  0.2441406 0.0 -2.929688 1.601563 0.0 -2.280273 2.822266 0.0 -2.055664 3.833008 0.0 -1.591797 4.980469 0.0 -1.298828
1.3288  0.2441406 0.0 -2.93457 1.601563 0.0 -2.285156 2.822266 0.0 -2.055664 3.833008 0.0 -1.591797 4.980469 0.0 -1.298828
1.3304  0.2441406 0.0 -2.93457 1.606445 0.0 -2.285156 2.822266 0.0 -2.055664 3.833008 0.0 -1.591797 4.980469 0.0 -1.298828
1.332  0.2441406 0.0 -2.939453 1.606445 0.0 -2.285156 2.822266 0.0 -2.055664 3.833008 0.0 -1.59668 4.980469 0.0 -1.303711
1.3336  0.2441406 0.0 -2.939453 1.606445 0.0 -2.290039 2.822266 0.0 -2.055664 3.833008 0.0 -1.59668 4.980469 0.0 -1.303711
1.3352  0.2441406 0.0 -2.944336 1.606445 0.0 -2.290039 2.822266 0.0 -2.055664 3.833008 0.0 -1.59668 4.980469 0.0 -1.303711
1.3368  0.2441406 0.0 -2.944336 1.606445 0.0 -2.290039 2.822266 0.0 -2.055664 3.833008 0.0 -1.59668 4.980469 0.0 -1.303711
1.3384  0.2441406 0.0 -2.944336 1.606445 0.0 -2.294922 2.822266 0.0 -2.055664 3.833008 0.0 -1.601563 4.980469 0.0 -1.303711
1.34  0.2490234 0.0 -2.949219 1.611328 0.0 -2.294922 2.822266 0.0 -2.060547 3.833008 0.0 -1.601563 4.980469 0.0 -1.303711
1.3416  0.2490234 0.0 -2.949219 1.611328 0.0 -2.294922 2.827148 0.0 -2.060547 3.833008 0.0 -1.601563 4.980469 0.0 -1.303711
1.3432  0.2490234 0.0 -2.949219 1.611328 0.0 -2.294922 2.827148 0.0 -2.060547 3.837891 0.0 -1.601563 4.985352 0.0 -1.303711
1.3448  0.2490234 0.0 -2.954102 1.611328 0.0 -2.299805 2.827148 0.0 -2.060547 3.837891 0.0 -1.601563 4.985352 0.0 -1.303711
1.3464  0.2490234 0.0 -2.954102 1.611328 0.0 -2.299805 2.827148 0.0 -2.060547 3.837891 0.0 -1.601563 4.985352 0.0 -1.308594
1.348  0.2490234 0.0 -2.954102 1.616211 0.0 -2.299805 2.827148 0.0 -2.060547 3.837891 0.0 -1.601563 4.985352 0.0 -1.308594
1.3496  0.2539063 0.0 -2.954102 1.616211 0.0 -2.299805 2.827148 0.0 -2.060547 3.837891 0.0 -1.606445 4.985352 0.0 -1.308594
1.3512  0.2539063 0.0 -2.954102 1.616211 0.0 -2.299805 2.832031 0.0 -2.055664 3.837891 0.0 -1.606445 4.985352 0.0 -1.308594
1.3528  0.2539063 0.0 -2.958984 1.616211 0.0 -2.299805 2.832031 0.0 -2.055664 3.842773 0.0 -1.606445 4.985352 0.0 -1.308594
1.3544  0.2539063 0.0 -2.958984 1.616211 0.0 -2.299805 2.832031 0.0 -2.055664 3.842773 0.0 -1.606445 4.990234 0.0 -1.308594
1.356  0.2539063 0.0 -2.958984 1.621094 0.0 -2.299805 2.832031 0.0 -2.055664 3.842773 0.0 -1.606445 4.990234 0.0 -1.308594
1.3576  0.2539063 0.0 -2.958984 1.621094 0.0 -2.299805 2.832031 0.0 -2.055664 3.842773 0.0 -1.601563 4.990234 0.0 -1.308594
1.3592  0.2587891 0.0 -2.958984 1.621094 0.0 -2.299805 2.832031 0.0 -2.055664 3.842773 0.0 -1.601563 4.990234 0.0 -1.308594
1.3608  0.2587891 0.0 -2.958984 1.621094 0.0 -2.299805 2.832031 0.0 -2.055664 3.842773 0.0 -1.601563 4.990234 0.0 -1.308594
1.3624  0.2587891 0.0 -2.958984 1.621094 0.0 -2.299805 2.836914 0.0 -2.050781 3.847656 0.0 -1.601563 4.995117 0.0 -1.308594
1.364  0.2587891 0.0 -2.958984 1.625977 0.0 -2.299805 2.836914 0.0 -2.050781 3.847656 0.0 -1.601563 4.995117 0.0 -1.308594
1.3656  0.2587891 0.0 -2.958984 1.625977 0.0 -2.299805 2.836914 0.0 -2.050781 3.847656 0.0 -1.59668 4.995117 0.0 -1.308594
1.3672  0.2587891 0.0 -2.958984 1.625977 0.0 -2.299805 2.836914 0.0 -2.050781 3.847656 0.0 -1.59668 4.995117 0.0 -1.308594
1.3688  0.2587891 0.0 -2.958984 1.625977 0.0 -2.299805 2.836914 0.0 -2.045898 3.847656 0.0 -1.59668 4.995117 0.0 -1.308594
1.3704  0.2636719 0.0 -2.958984 1.625977 0.0 -2.299805 2.836914 0.0 -2.045898 3.852539 0.0 -1.591797 4.995117 0.0 -1.303711
1.372  0.2636719 0.0 -2.958984 1.625977 0.0 -2.294922 2.836914 0.0 -2.045898 3.852539 0.0 -1.591797 5.0 0.0 -1.303711
1.3736  0.2636719 0.0 -2.958984 1.630859 0.0 -2.294922 2.836914 0.0 -2.041016 3.852539 0.0 -1.586914 5.0 0.0 -1.303711
1.3752  0.2636719 0.0 -2.958984 1.630859 0.0 -2.294922 2.836914 0.0 -2.041016 3.852539 0.0 -1.586914 5.0 0.0 -1.303711
1.3768  0.2636719 0.0 -2.958984 1.630859 0.0 -2.294922 2.836914 0.0 -2.041016 3.852539 0.0 -1.582031 5.0 0.0 -1.303711
1.3784  0.2636719 0.0 -2.958984 1.630859 0.0 -2.290039 2.836914 0.0 -2.036133 3.852539 0.0 -1.582031 5.0 0.0 -1.298828
1.38  0.2636719 0.0 -2.954102 1.630859 0.0 -2.290039 2.841797 0.0 -2.036133 3.857422 0.0 -1.577148 5.0 0.0 -1.298828
1.3816  0.2636719 0.0 -2.954102 1.630859 0.0 -2.290039 2.841797 0.0 -2.03125 3.857422 0.0 -1.577148 5.004883 0.0 -1.298828
1.3832  0.2636719 0.0 -2.954102 1.630859 0.0 -2.285156 2.841797 0.0 -2.03125 3.857422 0.0 -1.572266 5.004883 0.0 -1.298828
1.3848  0.2636719 0.0 -2.954102 1.630859 0.0 -2.285156 2.841797 0.0 -2.03125 3.857422 0.0 -1.572266 5.004883 0.0 -1.293945
1.3864  0.2636719 0.0 -2.954102 1.635742 0.0 -2.285156 2.841797 0.0 -2.026367 3.857422 0.0 -1.567383 5.004883 0.0 -1.293945
1.388  0.2636719 0.0 -2.949219 1.635742 0.0 -2.280273 2.841797 0.0 -2.026367 3.857422 0.0 -1.5625 5.004883 0.0 -1.293945
1.3896  0.2636719 0.0 -2.949219 1.635742 0.0 -2.280273 2.841797 0.0 -2.021484 3.857422 0.0 -1.5625 5.004883 0.0 -1.289063
1.3912  0.2636719 0.0 -2.949219 1.635742 0.0 -2.280273 2.841797 0.0 -2.021484 3.862305 0.0 -1.557617 5.004883 0.0 -1.289063
1.3928  0.2636719 0.0 -2.949219 1.635742 0.0 -2.275391 2.841797 0.0 -2.016602 3.862305 0.0 -1.552734 5.009766 0.0 -1.289063
1.3944  0.2636719 0.0 -2.949219 1.635742 0.0 -2.275391 2.841797 0.0 -2.016602 3.862305 0.0 -1.552734 5.009766 0.0 -1.289063
1.396  0.2636719 0.0 -2.944336 1.635742 0.0 -2.275391 2.841797 0.0 -2.011719 3.862305 0.0 -1.547852 5.009766 0.0 -1.28418
1.3976  0.2636719 0.0 -2.944336 1.635742 0.0 -2.270508 2.841797 0.0 -2.011719 3.862305 0.0 -1.547852 5.009766 0.0 -1.28418
1.3992  0.2636719 0.0 -2.944336 1.635742 0.0 -2.270508 2.841797 0.0 -2.006836 3.862305 0.0 -1.542969 5.009766 0.0 -1.28418
1.4008  0.2636719 0.0 -2.939453 1.635742 0.0 -2.265625 2.841797 0.0 -2.006836 3.862305 0.0 -1.538086 5.009766 0.0 -1.28418
1.4024  0.2636719 0.0 -2.939453 1.635742 0.0 -2.265625 2.841797 0.0 -2.001953 3.862305 0.0 -1.538086 5.014648 0.0 -1.279297
1.404  0.2636719 0.0 -2.939453 1.635742 0.0 -2.260742 2.841797 0.0 -1.99707 3.862305 0.0 -1.533203 5.014648 0.0 -1.279297
1.4056  0.2636719 0.0 -2.939453 1.635742 0.0 -2.260742 2.841797 0.0 -1.99707 3.862305 0.0 -1.533203 5.014648 0.0 -1.279297
1.4072  0.2636719 0.0 -2.93457 1.635742 0.0 -2.260742 2.841797 0.0 -1.992188 3.862305 0.0 -1.52832 5.014648 0.0 -1.279297
1.4088  0.2636719 0.0 -2.93457 1.635742 0.0 -2.255859 2.841797 0.0 -1.992188 3.862305 0.0 -1.52832 5.014648 0.0 -1.279297
1.4104  0.2636719 0.0 -2.93457 1.635742 0.0 -2.255859 2.841797 0.0 -1.987305 3.862305 0.0 -1.523438 5.014648 0.0 -1.274414
1.412  0.2636719 0.0 -2.929688 1.635742 0.0 -2.250977 2.841797 0.0 -1.982422 3.862305 0.0 -1.523438 5.014648 0.0 -1.274414
1.4136  0.2636719 0.0 -2.929688 1.635742 0.0 -2.250977 2.841797 0.0 -1.982422 3.862305 0.0 -1.523438 5.014648 0.0 -1.274414
1.4152  0.2636719 0.0 -2.929688 1.635742 0.0 -2.246094 2.841797 0.0 -1.977539 3.862305 0.0 -1.518555 5.019531 0.0 -1.274414
1.4168  0.2636719 0.0 -2.924805 1.635742 0.0 -2.246094 2.841797 0.0 -1.972656 3.862305 0.0 -1.518555 5.019531 0.0 -1.274414
1.4184  0.2636719 0.0 -2.924805 1.635742 0.0 -2.246094 2.841797 0.0 -1.972656 3.862305 0.0 -1.513672 5.019531 0.0 -1.274414
1.42  0.2636719 0.0 -2.924805 1.635742 0.0 -2.241211 2.841797 0.0 -1.967773 3.862305 0.0 -1.513672 5.019531 0.0 -1.274414
1.4216  0.2636719 0.0 -2.919922 1.635742 0.0 -2.241211 2.841797 0.0 -1.962891 3.862305 0.0 -1.513672 5.019531 0.0 -1.274414
1.4232  0.2636719 0.0 -2.919922 1.635742 0.0 -2.236328 2.841797 0.0 -1.962891 3.862305 0.0 -1.508789 5.019531 0.0 -1.269531
1.4248  0.2636719 0.0 -2.915039 1.635742 0.0 -2.236328 2.841797 0.0 -1.958008 3.862305 0.0 -1.508789 5.024414 0.0 -1.269531
1.4264  0.2636719 0.0 -2.915039 1.635742 0.0 -2.231445 2.841797 0.0 -1.953125 3.862305 0.0 -1.508789 5.024414 0.0 -1.269531
1.428  0.2636719 0.0 -2.915039 1.635742 0.0 -2.231445 2.841797 0.0 -1.948242 3.862305 0.0 -1.503906 5.024414 0.0 -1.269531
1.4296  0.2685547 0.0 -2.910156 1.635742 0.0 -2.226563 2.841797 0.0 -1.943359 3.867188 0.0 -1.503906 5.024414 0.0 -1.269531
1.4312  0.2685547 0.0 -2.910156 1.635742 0.0 -2.226563 2.841797 0.0 -1.943359 3.867188 0.0 -1.499023 5.024414 0.0 -1.269531
1.4328  0.2685547 0.0 -2.910156 1.635742 0.0 -2.22168 2.841797 0.0 -1.938477 3.867188 0.0 -1.499023 5.029297 0.0 -1.264648
1.4344  0.2685547 0.0 -2.905273 1.635742 0.0 -2.22168 2.841797 0.0 -1.933594 3.867188 0.0 -1.494141 5.029297 0.0 -1.264648
1.436  0.2685547 0.0 -2.905273 1.635742 0.0 -2.216797 2.841797 0.0 -1.928711 3.867188 0.0 -1.494141 5.029297 0.0 -1.264648
1.4376  0.2685547 0.0 -2.900391 1.640625 0.0 -2.216797 2.841797 0.0 -1.923828 3.867188 0.0 -1.489258 5.029297 0.0 -1.264648
1.4392  0.2685547 0.0 -2.900391 1.640625 0.0 -2.211914 2.841797 0.0 -1.918945 3.87207 0.0 -1.489258 5.03418 0.0 -1.259766
1.4408  0.2734375 0.0 -2.895508 1.640625 0.0 -2.211914 2.841797 0.0 -1.914063 3.87207 0.0 -1.484375 5.03418 0.0 -1.259766
1.4424  0.2734375 0.0 -2.895508 1.640625 0.0 -2.207031 2.841797 0.0 -1.90918 3.87207 0.0 -1.484375 5.03418 0.0 -1.259766
1.444  0.2734375 0.0 -2.890625 1.640625 0.0 -2.202148 2.841797 0.0 -1.904297 3.87207 0.0 -1.479492 5.03418 0.0 -1.254883
1.4456  0.2734375 0.0 -2.890625 1.640625 0.0 -2.202148 2.841797 0.0 -1.899414 3.876953 0.0 -1.474609 5.039063 0.0 -1.254883
1.4472  0.2734375 0.0 -2.885742 1.640625 0.0 -2.197266 2.841797 0.0 -1.889648 3.876953 0.0 -1.469727 5.039063 0.0 -1.25
1.4488  0.2734375 0.0 -2.885742 1.640625 0.0 -2.197266 2.841797 0.0 -1.884766 3.876953 0.0 -1.464844 5.039063 0.0 -1.25
1.4504  0.2734375 0.0 -2.880859 1.640625 0.0 -2.192383 2.836914 0.0 -1.879883 3.876953 0.0 -1.459961 5.043945 0.0 -1.25
1.452  0.2734375 0.0 -2.880859 1.645508 0.0 -2.1875 2.836914 0.0 -1.875 3.881836 0.0 -1.459961 5.043945 0.0 -1.245117
1.4536  0.2734375 0.0 -2.875977 1.645508 0.0 -2.1875 2.836914 0.0 -1.865234 3.881836 0.0 -1.455078 5.043945 0.0 -1.245117
1.4552  0.2734375 0.0 -2.871094 1.645508 0.0 -2.182617 2.836914 0.0 -1.860352 3.881836 0.0 -1.445313 5.048828 0.0 -1.240234
1.4568  0.2783203 0.0 -2.871094 1.645508 0.0 -2.177734 2.836914 0.0 -1.855469 3.886719 0.0 -1.44043 5.048828 0.0 -1.235352
1.4584  0.2783203 0.0 -2.866211 1.645508 0.0 -2.172852 2.836914 0.0 -1.845703 3.886719 0.0 -1.435547 5.048828 0.0 -1.235352
1.46  0.2734375 0.0 -2.861328 1.645508 0.0 -2.172852 2.832031 0.0 -1.84082 3.886719 0.0 -1.430664 5.048828 0.0 -1.230469
1.4616  0.2734375 0.0 -2.861328 1.645508 0.0 -2.167969 2.832031 0.0 -1.831055 3.886719 0.0 -1.425781 5.053711 0.0 -1.230469
1.4632  0.2734375 0.0 -2.856445 1.645508 0.0 -2.163086 2.832031 0.0 -1.821289 3.886719 0.0 -1.416016 5.053711 0.0 -1.225586
1.4648  0.2734375 0.0 -2.851563 1.645508 0.0 -2.158203 2.832031 0.0 -1.816406 3.891602 0.0 -1.411133 5.053711 0.0 -1.220703
1.4664  0.2734375 0.0 -2.84668 1.645508 0.0 -2.15332 2.827148 0.0 -1.806641 3.891602 0.0 -1.401367 5.058594 0.0 -1.21582
1.468  0.2734375 0.0 -2.841797 1.640625 0.0 -2.148438 2.827148 0.0 -1.796875 3.891602 0.0 -1.396484 5.058594 0.0 -1.21582
1.4696  0.2734375 0.0 -2.836914 1.640625 0.0 -2.143555 2.827148 0.0 -1.787109 3.891602 0.0 -1.386719 5.058594 0.0 -1.210938
1.4712  0.2734375 0.0 -2.836914 1.640625 0.0 -2.138672 2.827148 0.0 -1.777344 3.891602 0.0 -1.376953 5.058594 0.0 -1.206055
1.4728  0.2734375 0.0 -2.832031 1.640625 0.0 -2.133789 2.822266 0.0 -1.767578 3.896484 0.0 -1.37207 5.063477 0.0 -1.201172
1.4744  0.2734375 0.0 -2.827148 1.640625 0.0 -2.128906 2.822266 0.0 -1.757813 3.896484 0.0 -1.362305 5.063477 0.0 -1.196289
1.476  0.2734375 0.0 -2.822266 1.640625 0.0 -2.124023 2.822266 0.0 -1.748047 3.896484 0.0 -1.352539 5.063477 0.0 -1.191406
1.4776  0.2685547 0.0 -2.817383 1.640625 0.0 -2.119141 2.817383 0.0 -1.738281 3.896484 0.0 -1.342773 5.063477 0.0 -1.186523
1.4792  0.2685547 0.0 -2.8125 1.640625 0.0 -2.114258 2.817383 0.0 -1.728516 3.896484 0.0 -1.333008 5.068359 0.0 -1.181641
1.4808  0.2685547 0.0 -2.807617 1.640625 0.0 -2.109375 2.8125 0.0 -1.71875 3.896484 0.0 -1.323242 5.068359 0.0 -1.176758
1.4824  0.2685547 0.0 -2.802734 1.640625 0.0 -2.099609 2.8125 0.0 -1.708984 3.901367 0.0 -1.313477 5.068359 0.0 -1.171875
1.484  0.2685547 0.0 -2.797852 1.635742 0.0 -2.094727 2.8125 0.0 -1.694336 3.901367 0.0 -1.298828 5.068359 0.0 -1.166992
1.4856  0.2685547 0.0 -2.792969 1.635742 0.0 -2.089844 2.807617 0.0 -1.68457 3.901367 0.0 -1.289063 5.073242 0.0 -1.157227
1.4872  0.2685547 0.0 -2.788086 1.635742 0.0 -2.084961 2.807617 0.0 -1.669922 3.901367 0.0 -1.279297 5.073242 0.0 -1.152344
1.4888  0.2636719 0.0 -2.783203 1.635742 0.0 -2.075195 2.802734 0.0 -1.660156 3.901367 0.0 -1.264648 5.073242 0.0 -1.147461
1.4904  0.2636719 0.0 -2.77832 1.635742 0.0 -2.070313 2.802734 0.0 -1.645508 3.901367 0.0 -1.254883 5.073242 0.0 -1.137695
1.492  0.2636719 0.0 -2.773438 1.635742 0.0 -2.06543 2.802734 0.0 -1.635742 3.901367 0.0 -1.240234 5.078125 0.0 -1.132813
1.4936  0.2636719 0.0 -2.768555 1.635742 0.0 -2.055664 2.797852 0.0 -1.621094 3.90625 0.0 -1.230469 5.078125 0.0 -1.123047
1.4952  0.2636719 0.0 -2.763672 1.635742 0.0 -2.050781 2.797852 0.0 -1.606445 3.90625 0.0 -1.21582 5.078125 0.0 -1.118164
1.4968  0.2636719 0.0 -2.758789 1.635742 0.0 -2.041016 2.792969 0.0 -1.591797 3.90625 0.0 -1.206055 5.078125 0.0 -1.108398
1.4984  0.2636719 0.0 -2.753906 1.630859 0.0 -2.036133 2.792969 0.0 -1.577148 3.90625 0.0 -1.191406 5.078125 0.0 -1.103516
1.5  0.2636719 0.0 -2.749023 1.630859 0.0 -2.026367 2.788086 0.0 -1.567383 3.90625 0.0 -1.176758 5.083008 0.0 -1.09375
1.5016  0.2587891 0.0 -2.744141 1.630859 0.0 -2.021484 2.788086 0.0 -1.552734 3.90625 0.0 -1.162109 5.083008 0.0 -1.083984
1.5032  0.2587891 0.0 -2.739258 1.630859 0.0 -2.011719 2.783203 0.0 -1.538086 3.911133 0.0 -1.147461 5.083008 0.0 -1.079102
1.5048  0.2587891 0.0 -2.734375 1.630859 0.0 -2.006836 2.77832 0.0 -1.523438 3.911133 0.0 -1.132813 5.083008 0.0 -1.069336
1.5064  0.2587891 0.0 -2.724609 1.630859 0.0 -1.99707 2.77832 0.0 -1.503906 3.911133 0.0 -1.118164 5.083008 0.0 -1.05957
1.508  0.2587891 0.0 -2.719727 1.630859 0.0 -1.987305 2.773438 0.0 -1.489258 3.911133 0.0 -1.108398 5.083008 0.0 -1.049805
1.5096  0.2587891 0.0 -2.714844 1.625977 0.0 -1.982422 2.773438 0.0 -1.474609 3.911133 0.0 -1.09375 5.087891 0.0 -1.040039
1.5112  0.2587891 0.0 -2.709961 1.625977 0.0 -1.972656 2.768555 0.0 -1.459961 3.911133 0.0 -1.074219 5.087891 0.0 -1.030273
1.5128  0.2539063 0.0 -2.705078 1.625977 0.0 -1.962891 2.763672 0.0 -1.445313 3.916016 0.0 -1.05957 5.087891 0.0 -1.025391
1.5144  0.2539063 0.0 -2.700195 1.625977 0.0 -1.958008 2.763672 0.0 -1.425781 3.916016 0.0 -1.044922 5.087891 0.0 -1.015625
1.516  0.2539063 0.0 -2.695313 1.625977 0.0 -1.948242 2.758789 0.0 -1.411133 3.916016 0.0 -1.030273 5.087891 0.0 -1.000977
1.5176  0.2539063 0.0 -2.69043 1.621094 0.0 -1.938477 2.753906 0.0 -1.396484 3.916016 0.0 -1.015625 5.087891 0.0 -0.9912109
1.5192  0.2539063 0.0 -2.685547 1.621094 0.0 -1.928711 2.753906 0.0 -1.381836 3.916016 0.0 -1.000977 5.087891 0.0 -0.9814453
1.5208  0.2539063 0.0 -2.680664 1.621094 0.0 -1.918945 2.749023 0.0 -1.362305 3.916016 0.0 -0.9863281 5.087891 0.0 -0.9716797
1.5224  0.2490234 0.0 -2.675781 1.621094 0.0 -1.914063 2.744141 0.0 -1.347656 3.916016 0.0 -0.9667969 5.083008 0.0 -0.9619141
1.524  0.2490234 0.0 -2.670898 1.621094 0.0 -1.904297 2.739258 0.0 -1.328125 3.916016 0.0 -0.9521484 5.083008 0.0 -0.9472656
1.5256  0.2490234 0.0 -2.666016 1.616211 0.0 -1.894531 2.734375 0.0 -1.313477 3.916016 0.0 -0.9375 5.083008 0.0 -0.9375
1.5272  0.2490234 0.0 -2.661133 1.616211 0.0 -1.884766 2.729492 0.0 -1.293945 3.916016 0.0 -0.9179688 5.083008 0.0 -0.9277344
1.5288  0.2490234 0.0 -2.65625 1.616211 0.0 -1.875 2.724609 0.0 -1.279297 3.916016 0.0 -0.9033203 5.078125 0.0 -0.9130859
1.5304  0.2490234 0.0 -2.651367 1.616211 0.0 -1.865234 2.719727 0.0 -1.259766 3.916016 0.0 -0.8886719 5.078125 0.0 -0.9033203
1.532  0.2441406 0.0 -2.646484 1.611328 0.0 -1.855469 2.714844 0.0 -1.245117 3.916016 0.0 -0.8691406 5.078125 0.0 -0.8886719
1.5336  0.2441406 0.0 -2.641602 1.611328 0.0 -1.845703 2.709961 0.0 -1.225586 3.916016 0.0 -0.8544922 5.073242 0.0 -0.8740234
1.5352  0.2441406 0.0 -2.636719 1.611328 0.0 -1.835938 2.705078 0.0 -1.210938 3.916016 0.0 -0.8349609 5.073242 0.0 -0.8642578
1.5368  0.2441406 0.0 -2.631836 1.606445 0.0 -1.826172 2.700195 0.0 -1.191406 3.911133 0.0 -0.8203125 5.068359 0.0 -0.8496094
1.5384  0.2441406 0.0 -2.626953 1.606445 0.0 -1.816406 2.695313 0.0 -1.171875 3.911133 0.0 -0.8007813 5.068359 0.0 -0.8349609
1.54  0.2441406 0.0 -2.626953 1.601563 0.0 -1.806641 2.69043 0.0 -1.157227 3.911133 0.0 -0.7861328 5.063477 0.0 -0.8203125
1.5416  0.2441406 0.0 -2.62207 1.601563 0.0 -1.796875 2.685547 0.0 -1.137695 3.90625 0.0 -0.7666016 5.058594 0.0 -0.8056641
1.5432  0.2441406 0.0 -2.617188 1.59668 0.0 -1.787109 2.675781 0.0 -1.123047 3.90625 0.0 -0.7519531 5.053711 0.0 -0.7910156
1.5448  0.2392578 0.0 -2.612305 1.59668 0.0 -1.777344 2.670898 0.0 -1.103516 3.90625 0.0 -0.7324219 5.053711 0.0 -0.7763672
1.5464  0.2392578 0.0 -2.607422 1.591797 0.0 -1.767578 2.661133 0.0 -1.083984 3.901367 0.0 -0.7128906 5.048828 0.0 -0.7568359
1.548  0.2392578 0.0 -2.602539 1.591797 0.0 -1.757813 2.65625 0.0 -1.064453 3.896484 0.0 -0.6982422 5.043945 0.0 -0.7421875
1.5496  0.2392578 0.0 -2.597656 1.586914 0.0 -1.743164 2.646484 0.0 -1.049805 3.896484 0.0 -0.6787109 5.039063 0.0 -0.7275391
1.5512  0.2392578 0.0 -2.592773 1.582031 0.0 -1.733398 2.641602 0.0 -1.030273 3.891602 0.0 -0.6591797 5.029297 0.0 -0.7080078
1.5528  0.2392578 0.0 -2.587891 1.582031 0.0 -1.723633 2.631836 0.0 -1.010742 3.886719 0.0 -0.6396484 5.024414 0.0 -0.6933594
1.5544  0.2392578 0.0 -2.583008 1.577148 0.0 -1.713867 2.626953 0.0 -0.9960938 3.881836 0.0 -0.6201172 5.019531 0.0 -0.6738281
1.556  0.234375 0.0 -2.578125 1.572266 0.0 -1.704102 2.617188 0.0 -0.9765625 3.876953 0.0 -0.6005859 5.014648 0.0 -0.6591797
1.5576  0.234375 0.0 -2.573242 1.567383 0.0 -1.694336 2.607422 0.0 -0.9570313 3.87207 0.0 -0.5810547 5.004883 0.0 -0.6396484
1.5592  0.234375 0.0 -2.568359 1.5625 0.0 -1.68457 2.597656 0.0 -0.9423828 3.867188 0.0 -0.5615234 5.0 0.0 -0.6201172
1.5608  0.234375 0.0 -2.563477 1.557617 0.0 -1.674805 2.587891 0.0 -0.9228516 3.862305 0.0 -0.5419922 4.990234 0.0 -0.6005859
1.5624  0.234375 0.0 -2.558594 1.552734 0.0 -1.665039 2.578125 0.0 -0.9033203 3.857422 0.0 -0.5224609 4.980469 0.0 -0.5810547
1.564  0.234375 0.0 -2.553711 1.547852 0.0 -1.655273 2.568359 0.0 -0.8837891 3.852539 0.0 -0.5029297 4.975586 0.0 -0.5615234
1.5656  0.2294922 0.0 -2.548828 1.542969 0.0 -1.645508 2.558594 0.0 -0.8691406 3.842773 0.0 -0.4833984 4.96582 0.0 -0.5419922
1.5672  0.2294922 0.0 -2.543945 1.538086 0.0 -1.635742 2.543945 0.0 -0.8496094 3.837891 0.0 -0.4638672 4.956055 0.0 -0.5224609
1.5688  0.2294922 0.0 -2.539063 1.52832 0.0 -1.625977 2.53418 0.0 -0.8349609 3.828125 0.0 -0.4443359 4.946289 0.0 -0.5029297
1.5704  0.2294922 0.0 -2.53418 1.523438 0.0 -1.621094 2.524414 0.0 -0.8154297 3.823242 0.0 -0.4248047 4.936523 0.0 -0.4833984
1.572  0.2294922 0.0 -2.529297 1.518555 0.0 -1.611328 2.509766 0.0 -0.7958984 3.813477 0.0 -0.4003906 4.926758 0.0 -0.4638672
1.5736  0.2246094 0.0 -2.524414 1.508789 0.0 -1.601563 2.5 0.0 -0.78125 3.803711 0.0 -0.3808594 4.916992 0.0 -0.4394531
1.5752  0.2246094 0.0 -2.519531 1.503906 0.0 -1.591797 2.485352 0.0 -0.7617188 3.793945 0.0 -0.3613281 4.907227 0.0 -0.4199219
1.5768  0.2246094 0.0 -2.514648 1.494141 0.0 -1.586914 2.470703 0.0 -0.7470703 3.78418 0.0 -0.3417969 4.892578 0.0 -0.4003906
1.5784  0.2246094 0.0 -2.509766 1.489258 0.0 -1.577148 2.460938 0.0 -0.7275391 3.774414 0.0 -0.3173828 4.882813 0.0 -0.3759766
1.58  0.2197266 0.0 -2.504883 1.479492 0.0 -1.567383 2.446289 0.0 -0.7128906 3.764648 0.0 -0.2978516 4.868164 0.0 -0.3564453
1.5816  0.2197266 0.0 -2.5 1.469727 0.0 -1.5625 2.431641 0.0 -0.6982422 3.754883 0.0 -0.2783203 4.858398 0.0 -0.3320313
1.5832  0.2197266 0.0 -2.495117 1.464844 0.0 -1.552734 2.416992 0.0 -0.6787109 3.740234 0.0 -0.2539063 4.84375 0.0 -0.3125
1.5848  0.2197266 0.0 -2.490234 1.455078 0.0 -1.547852 2.402344 0.0 -0.6640625 3.730469 0.0 -0.234375 4.829102 0.0 -0.2880859
1.5864  0.2148438 0.0 -2.485352 1.445313 0.0 -1.542969 2.382813 0.0 -0.6494141 3.71582 0.0 -0.2148438 4.819336 0.0 -0.2685547
1.588  0.2148438 0.0 -2.475586 1.435547 0.0 -1.533203 2.368164 0.0 -0.6347656 3.706055 0.0 -0.1953125 4.804688 0.0 -0.2441406
1.5896  0.2148438 0.0 -2.470703 1.425781 0.0 -1.52832 2.353516 0.0 -0.6152344 3.691406 0.0 -0.1708984 4.790039 0.0 -0.2197266
1.5912  0.2099609 0.0 -2.46582 1.416016 0.0 -1.523438 2.333984 0.0 -0.6005859 3.676758 0.0 -0.1513672 4.775391 0.0 -0.2001953
1.5928  0.2099609 0.0 -2.460938 1.40625 0.0 -1.518555 2.319336 0.0 -0.5859375 3.662109 0.0 -0.1318359 4.760742 0.0 -0.1757813
1.5944  0.2099609 0.0 -2.456055 1.396484 0.0 -1.513672 2.299805 0.0 -0.5712891 3.647461 0.0 -0.1123047 4.741211 0.0 -0.1513672
1.596  0.2099609 0.0 -2.451172 1.386719 0.0 -1.508789 2.280273 0.0 -0.5566406 3.632813 0.0 -0.09277344 4.726563 0.0 -0.1318359
1.5976  0.2050781 0.0 -2.446289 1.376953 0.0 -1.503906 2.260742 0.0 -0.5419922 3.613281 0.0 -0.06835938 4.711914 0.0 -0.1074219
1.5992  0.2050781 0.0 -2.441406 1.367188 0.0 -1.499023 2.246094 0.0 -0.5273438 3.598633 0.0 -0.04882813 4.692383 0.0 -0.08789063
1.6008  0.2050781 0.0 -2.436523 1.357422 0.0 -1.499023 2.226563 0.0 -0.5175781 3.579102 0.0 -0.02929688 4.677734 0.0 -0.06347656
1.6024  0.2050781 0.0 -2.431641 1.342773 0.0 -1.494141 2.202148 0.0 -0.5029297 3.564453 0.0 -0.009765625 4.658203 0.0 -0.0390625
1.604  0.2001953 0.0 -2.426758 1.333008 0.0 -1.489258 2.182617 0.0 -0.4882813 3.544922 0.0 0.009765625 4.643555 0.0 -0.01953125
1.6056  0.2001953 0.0 -2.421875 1.323242 0.0 -1.489258 2.163086 0.0 -0.4785156 3.525391 0.0 0.02929688 4.624023 0.0 0.004882813
1.6072  0.2001953 0.0 -2.416992 1.308594 0.0 -1.484375 2.143555 0.0 -0.4638672 3.505859 0.0 0.04394531 4.604492 0.0 0.02441406
1.6088  0.2001953 0.0 -2.412109 1.298828 0.0 -1.484375 2.124023 0.0 -0.4541016 3.491211 0.0 0.06347656 4.584961 0.0 0.04882813
1.6104  0.1953125 0.0 -2.407227 1.28418 0.0 -1.484375 2.099609 0.0 -0.4394531 3.466797 0.0 0.08300781 4.570313 0.0 0.06835938
1.612  0.1953125 0.0 -2.402344 1.274414 0.0 -1.479492 2.080078 0.0 -0.4296875 3.447266 0.0 0.1025391 4.550781 0.0 0.08789063
1.6136  0.1953125 0.0 -2.397461 1.264648 0.0 -1.479492 2.055664 0.0 -0.4150391 3.427734 0.0 0.1171875 4.53125 0.0 0.1074219
1.6152  0.1904297 0.0 -2.392578 1.25 0.0 -1.479492 2.036133 0.0 -0.4052734 3.408203 0.0 0.1367188 4.511719 0.0 0.1318359
1.6168  0.1904297 0.0 -2.392578 1.240234 0.0 -1.479492 2.011719 0.0 -0.3955078 3.388672 0.0 0.15625 4.492188 0.0 0.1513672
1.6184  0.1904297 0.0 -2.387695 1.225586 0.0 -1.479492 1.987305 0.0 -0.3857422 3.364258 0.0 0.1708984 4.472656 0.0 0.1708984
1.62  0.1904297 0.0 -2.382813 1.21582 0.0 -1.479492 1.967773 0.0 -0.3759766 3.344727 0.0 0.1904297 4.453125 0.0 0.1904297
1.6216  0.1855469 0.0 -2.37793 1.201172 0.0 -1.479492 1.943359 0.0 -0.3662109 3.320313 0.0 0.2050781 4.433594 0.0 0.2099609
1.6232  0.1855469 0.0 -2.373047 1.191406 0.0 -1.479492 1.918945 0.0 -0.3564453 3.300781 0.0 0.2197266 4.414063 0.0 0.2246094
1.6248  0.1855469 0.0 -2.368164 1.176758 0.0 -1.484375 1.899414 0.0 -0.3515625 3.276367 0.0 0.2392578 4.394531 0.0 0.2441406
1.6264  0.1806641 0.0 -2.363281 1.166992 0.0 -1.484375 1.875 0.0 -0.3417969 3.256836 0.0 0.2539063 4.375 0.0 0.2636719
1.628  0.1806641 0.0 -2.358398 1.157227 0.0 -1.484375 1.850586 0.0 -0.3320313 3.232422 0.0 0.2685547 4.360352 0.0 0.2783203
1.6296  0.1806641 0.0 -2.358398 1.142578 0.0 -1.489258 1.831055 0.0 -0.3271484 3.212891 0.0 0.2832031 4.34082 0.0 0.2978516
1.6312  0.1757813 0.0 -2.353516 1.132813 0.0 -1.489258 1.806641 0.0 -0.3173828 3.188477 0.0 0.2978516 4.321289 0.0 0.3125
1.6328  0.1757813 0.0 -2.348633 1.118164 0.0 -1.494141 1.787109 0.0 -0.3125 3.168945 0.0 0.3125 4.301758 0.0 0.3271484
1.6344  0.1757813 0.0 -2.34375 1.108398 0.0 -1.494141 1.762695 0.0 -0.3027344 3.144531 0.0 0.3271484 4.287109 0.0 0.3417969
1.636  0.1757813 0.0 -2.338867 1.098633 0.0 -1.499023 1.743164 0.0 -0.2978516 3.125 0.0 0.3417969 4.267578 0.0 0.3564453
1.6376  0.1708984 0.0 -2.333984 1.088867 0.0 -1.499023 1.71875 0.0 -0.2929688 3.105469 0.0 0.3564453 4.25293 0.0 0.3710938
1.6392  0.1708984 0.0 -2.333984 1.074219 0.0 -1.503906 1.699219 0.0 -0.2880859 3.081055 0.0 0.3662109 4.233398 0.0 0.3857422
1.6408  0.1708984 0.0 -2.329102 1.064453 0.0 -1.503906 1.679688 0.0 -0.2832031 3.061523 0.0 0.3808594 4.21875 0.0 0.4003906
1.6424  0.1660156 0.0 -2.324219 1.054688 0.0 -1.508789 1.655273 0.0 -0.2734375 3.041992 0.0 0.3955078 4.204102 0.0 0.4101563
1.644  0.1660156 0.0 -2.319336 1.044922 0.0 -1.513672 1.635742 0.0 -0.2685547 3.022461 0.0 0.4052734 4.189453 0.0 0.4248047
1.6456  0.1660156 0.0 -2.314453 1.035156 0.0 -1.513672 1.616211 0.0 -0.2636719 3.00293 0.0 0.4199219 4.174805 0.0 0.4345703
1.6472  0.1611328 0.0 -2.314453 1.025391 0.0 -1.518555 1.59668 0.0 -0.2587891 2.983398 0.0 0.4296875 4.160156 0.0 0.4443359
1.6488  0.1611328 0.0 -2.30957 1.015625 0.0 -1.518555 1.577148 0.0 -0.2587891 2.963867 0.0 0.4443359 4.145508 0.0 0.4541016
1.6504  0.1611328 0.0 -2.304688 1.010742 0.0 -1.523438 1.5625 0.0 -0.2539063 2.944336 0.0 0.4541016 4.130859 0.0 0.4638672
1.652  0.1611328 0.0 -2.304688 1.000977 0.0 -1.52832 1.542969 0.0 -0.2490234 2.929688 0.0 0.4638672 4.121094 0.0 0.4736328
1.6536  0.15625 0.0 -2.299805 0.9912109 0.0 -1.52832 1.52832 0.0 -0.2441406 2.910156 0.0 0.4785156 4.106445 0.0 0.4833984
1.6552  0.15625 0.0 -2.294922 0.9863281 0.0 -1.533203 1.508789 0.0 -0.2392578 2.895508 0.0 0.4882813 4.09668 0.0 0.4931641
1.6568  0.15625 0.0 -2.294922 0.9765625 0.0 -1.533203 1.494141 0.0 -0.2392578 2.880859 0.0 0.4980469 4.086914 0.0 0.4980469
1.6584  0.15625 0.0 -2.290039 0.9716797 0.0 -1.538086 1.479492 0.0 -0.234375 2.866211 0.0 0.5078125 4.072266 0.0 0.5078125
1.66  0.1513672 0.0 -2.285156 0.9667969 0.0 -1.538086 1.464844 0.0 -0.2294922 2.851563 0.0 0.5175781 4.0625 0.0 0.5126953
1.6616  0.1513672 0.0 -2.285156 0.9570313 0.0 -1.542969 1.450195 0.0 -0.2294922 2.836914 0.0 0.5273438 4.052734 0.0 0.5224609
1.6632  0.1513672 0.0 -2.280273 0.9521484 0.0 -1.542969 1.435547 0.0 -0.2246094 2.827148 0.0 0.5322266 4.047852 0.0 0.5273438
1.6648  0.1513672 0.0 -2.280273 0.9472656 0.0 -1.542969 1.425781 0.0 -0.2246094 2.8125 0.0 0.5419922 4.038086 0.0 0.5322266
1.6664  0.1464844 0.0 -2.275391 0.9423828 0.0 -1.547852 1.411133 0.0 -0.2197266 2.802734 0.0 0.5517578 4.02832 0.0 0.5371094
1.668  0.1464844 0.0 -2.275391 0.9375 0.0 -1.547852 1.401367 0.0 -0.2197266 2.792969 0.0 0.5566406 4.023438 0.0 0.5419922
1.6696  0.1464844 0.0 -2.270508 0.9326172 0.0 -1.547852 1.391602 0.0 -0.2148438 2.783203 0.0 0.5664063 4.018555 0.0 0.546875
1.6712  0.1464844 0.0 -2.270508 0.9277344 0.0 -1.552734 1.381836 0.0 -0.2148438 2.773438 0.0 0.5761719 4.008789 0.0 0.5517578
1.6728  0.1416016 0.0 -2.265625 0.9277344 0.0 -1.552734 1.37207 0.0 -0.2099609 2.768555 0.0 0.5810547 4.003906 0.0 0.5517578
1.6744  0.1416016 0.0 -2.265625 0.9228516 0.0 -1.552734 1.362305 0.0 -0.2099609 2.758789 0.0 0.5859375 3.999023 0.0 0.5566406
1.676  0.1416016 0.0 -2.265625 0.9179688 0.0 -1.552734 1.357422 0.0 -0.2099609 2.753906 0.0 0.5957031 3.994141 0.0 0.5615234
1.6776  0.1416016 0.0 -2.260742 0.9179688 0.0 -1.552734 1.347656 0.0 -0.2050781 2.744141 0.0 0.6005859 3.989258 0.0 0.5615234
1.6792  0.1416016 0.0 -2.260742 0.9130859 0.0 -1.552734 1.342773 0.0 -0.2050781 2.739258 0.0 0.6054688 3.984375 0.0 0.5664063
1.6808  0.1416016 0.0 -2.260742 0.9130859 0.0 -1.557617 1.333008 0.0 -0.2050781 2.734375 0.0 0.6103516 3.979492 0.0 0.5664063
1.6824  0.1416016 0.0 -2.260742 0.9082031 0.0 -1.557617 1.328125 0.0 -0.2050781 2.729492 0.0 0.6152344 3.979492 0.0 0.5664063
1.684  0.1367188 0.0 -2.255859 0.9082031 0.0 -1.557617 1.323242 0.0 -0.2001953 2.724609 0.0 0.6201172 3.974609 0.0 0.5712891
1.6856  0.1367188 0.0 -2.255859 0.9082031 0.0 -1.557617 1.318359 0.0 -0.2001953 2.719727 0.0 0.625 3.969727 0.0 0.5712891
1.6872  0.1367188 0.0 -2.255859 0.9033203 0.0 -1.557617 1.313477 0.0 -0.2001953 2.719727 0.0 0.6298828 3.969727 0.0 0.5712891
1.6888  0.1367188 0.0 -2.255859 0.9033203 0.0 -1.557617 1.308594 0.0 -0.2001953 2.714844 0.0 0.6347656 3.964844 0.0 0.5712891
1.6904  0.1367188 0.0 -2.255859 0.9033203 0.0 -1.557617 1.303711 0.0 -0.2001953 2.714844 0.0 0.6396484 3.964844 0.0 0.5712891
1.692  0.1367188 0.0 -2.255859 0.9033203 0.0 -1.557617 1.303711 0.0 -0.2001953 2.709961 0.0 0.6396484 3.959961 0.0 0.5761719
1.6936  0.1367188 0.0 -2.255859 0.9033203 0.0 -1.5625 1.298828 0.0 -0.2001953 2.709961 0.0 0.6445313 3.959961 0.0 0.5761719
1.6952  0.1367188 0.0 -2.255859 0.9033203 0.0 -1.5625 1.293945 0.0 -0.2001953 2.705078 0.0 0.6445313 3.955078 0.0 0.5761719
1.6968  0.1367188 0.0 -2.255859 0.9033203 0.0 -1.5625 1.293945 0.0 -0.2001953 2.705078 0.0 0.6494141 3.955078 0.0 0.5761719
1.6984  0.1367188 0.0 -2.255859 0.9033203 0.0 -1.5625 1.289063 0.0 -0.2001953 2.705078 0.0 0.6494141 3.955078 0.0 0.5761719
1.7  0.1367188 0.0 -2.255859 0.9033203 0.0 -1.567383 1.289063 0.0 -0.2001953 2.705078 0.0 0.6494141 3.950195 0.0 0.5761719
1.7016  0.1367188 0.0 -2.255859 0.9033203 0.0 -1.567383 1.28418 0.0 -0.2001953 2.700195 0.0 0.6542969 3.950195 0.0 0.5712891
1.7032  0.1367188 0.0 -2.260742 0.9033203 0.0 -1.567383 1.28418 0.0 -0.2001953 2.700195 0.0 0.6542969 3.950195 0.0 0.5712891
1.7048  0.1367188 0.0 -2.260742 0.9033203 0.0 -1.572266 1.28418 0.0 -0.2050781 2.700195 0.0 0.6542969 3.945313 0.0 0.5712891
1.7064  0.1367188 0.0 -2.260742 0.9033203 0.0 -1.572266 1.279297 0.0 -0.2050781 2.700195 0.0 0.6542969 3.945313 0.0 0.5712891
1.708  0.1367188 0.0 -2.265625 0.9033203 0.0 -1.572266 1.279297 0.0 -0.2050781 2.695313 0.0 0.6542969 3.94043 0.0 0.5712891
1.7096  0.1367188 0.0 -2.265625 0.9033203 0.0 -1.577148 1.279297 0.0 -0.2099609 2.695313 0.0 0.6542969 3.94043 0.0 0.5664063
1.7112  0.1367188 0.0 -2.265625 0.9033203 0.0 -1.582031 1.279297 0.0 -0.2099609 2.695313 0.0 0.6542969 3.94043 0.0 0.5664063
1.7128  0.1367188 0.0 -2.270508 0.9033203 0.0 -1.582031 1.279297 0.0 -0.2148438 2.695313 0.0 0.6542969 3.935547 0.0 0.5664063
1.7144  0.1416016 0.0 -2.270508 0.9082031 0.0 -1.586914 1.274414 0.0 -0.2148438 2.69043 0.0 0.6494141 3.935547 0.0 0.5615234
1.716  0.1416016 0.0 -2.275391 0.9082031 0.0 -1.591797 1.274414 0.0 -0.2197266 2.69043 0.0 0.6494141 3.930664 0.0 0.5615234
1.7176  0.1416016 0.0 -2.280273 0.9082031 0.0 -1.59668 1.274414 0.0 -0.2197266 2.69043 0.0 0.6494141 3.930664 0.0 0.5566406
1.7192  0.1416016 0.0 -2.280273 0.9082031 0.0 -1.59668 1.274414 0.0 -0.2246094 2.69043 0.0 0.6445313 3.925781 0.0 0.5566406
1.7208  0.1416016 0.0 -2.285156 0.9082031 0.0 -1.601563 1.274414 0.0 -0.2294922 2.685547 0.0 0.6445313 3.925781 0.0 0.5517578
1.7224  0.1416016 0.0 -2.290039 0.9130859 0.0 -1.606445 1.274414 0.0 -0.234375 2.685547 0.0 0.6396484 3.920898 0.0 0.5517578
1.724  0.1416016 0.0 -2.294922 0.9130859 0.0 -1.611328 1.274414 0.0 -0.2392578 2.680664 0.0 0.6347656 3.920898 0.0 0.546875
1.7256  0.1416016 0.0 -2.299805 0.9179688 0.0 -1.616211 1.274414 0.0 -0.2441406 2.680664 0.0 0.6347656 3.916016 0.0 0.546875
1.7272  0.1464844 0.0 -2.304688 0.9179688 0.0 -1.625977 1.274414 0.0 -0.2490234 2.680664 0.0 0.6298828 3.911133 0.0 0.5419922
1.7288  0.1464844 0.0 -2.304688 0.9179688 0.0 -1.630859 1.274414 0.0 -0.2539063 2.675781 0.0 0.625 3.911133 0.0 0.5371094
1.7304  0.1464844 0.0 -2.314453 0.9228516 0.0 -1.635742 1.274414 0.0 -0.2587891 2.675781 0.0 0.6201172 3.90625 0.0 0.5322266
1.732  0.1464844 0.0 -2.319336 0.9228516 0.0 -1.645508 1.274414 0.0 -0.2636719 2.670898 0.0 0.6152344 3.90625 0.0 0.5322266
1.7336  0.1464844 0.0 -2.324219 0.9277344 0.0 -1.650391 1.274414 0.0 -0.2734375 2.670898 0.0 0.6103516 3.901367 0.0 0.5273438
1.7352  0.1513672 0.0 -2.329102 0.9326172 0.0 -1.660156 1.274414 0.0 -0.2783203 2.666016 0.0 0.6054688 3.901367 0.0 0.5224609
1.7368  0.1513672 0.0 -2.333984 0.9326172 0.0 -1.665039 1.274414 0.0 -0.2880859 2.666016 0.0 0.6005859 3.896484 0.0 0.5175781
1.7384  0.1513672 0.0 -2.338867 0.9375 0.0 -1.674805 1.274414 0.0 -0.2929688 2.661133 0.0 0.5957031 3.896484 0.0 0.5126953
1.74  0.1513672 0.0 -2.348633 0.9423828 0.0 -1.68457 1.279297 0.0 -0.3027344 2.65625 0.0 0.5859375 3.891602 0.0 0.5078125
1.7416  0.15625 0.0 -2.353516 0.9423828 0.0 -1.689453 1.279297 0.0 -0.3125 2.65625 0.0 0.5810547 3.891602 0.0 0.5029297
1.7432  0.15625 0.0 -2.363281 0.9472656 0.0 -1.699219 1.279297 0.0 -0.3222656 2.651367 0.0 0.5761719 3.886719 0.0 0.4980469
1.7448  0.15625 0.0 -2.368164 0.9521484 0.0 -1.708984 1.279297 0.0 -0.3320313 2.651367 0.0 0.5664063 3.886719 0.0 0.4931641
1.7464  0.1611328 0.0 -2.37793 0.9570313 0.0 -1.71875 1.279297 0.0 -0.3417969 2.651367 0.0 0.5615234 3.881836 0.0 0.4833984
1.748  0.1611328 0.0 -2.382813 0.9619141 0.0 -1.728516 1.28418 0.0 -0.3515625 2.646484 0.0 0.5517578 3.881836 0.0 0.4785156
1.7496  0.1611328 0.0 -2.392578 0.9667969 0.0 -1.738281 1.28418 0.0 -0.3613281 2.646484 0.0 0.5419922 3.881836 0.0 0.4736328
1.7512  0.1660156 0.0 -2.402344 0.9716797 0.0 -1.75293 1.289063 0.0 -0.3759766 2.641602 0.0 0.5371094 3.876953 0.0 0.4638672
1.7528  0.1660156 0.0 -2.407227 0.9765625 0.0 -1.762695 1.289063 0.0 -0.3857422 2.641602 0.0 0.5273438 3.876953 0.0 0.4589844
1.7544  0.1660156 0.0 -2.416992 0.9814453 0.0 -1.772461 1.293945 0.0 -0.4003906 2.641602 0.0 0.5175781 3.876953 0.0 0.4492188
1.756  0.1708984 0.0 -2.426758 0.9863281 0.0 -1.787109 1.298828 0.0 -0.4150391 2.641602 0.0 0.5078125 3.876953 0.0 0.4394531
1.7576  0.1708984 0.0 -2.436523 0.9960938 0.0 -1.796875 1.298828 0.0 -0.4296875 2.636719 0.0 0.4980469 3.876953 0.0 0.4345703
1.7592  0.1708984 0.0 -2.446289 1.000977 0.0 -1.811523 1.303711 0.0 -0.4443359 2.636719 0.0 0.4833984 3.876953 0.0 0.4248047
1.7608  0.1757813 0.0 -2.456055 1.010742 0.0 -1.826172 1.308594 0.0 -0.4589844 2.636719 0.0 0.4736328 3.876953 0.0 0.4150391
1.7624  0.1757813 0.0 -2.46582 1.015625 0.0 -1.835938 1.313477 0.0 -0.4736328 2.636719 0.0 0.4638672 3.876953 0.0 0.4052734
1.764  0.1806641 0.0 -2.480469 1.025391 0.0 -1.850586 1.318359 0.0 -0.4882813 2.641602 0.0 0.4492188 3.881836 0.0 0.3955078
1.7656  0.1806641 0.0 -2.490234 1.030273 0.0 -1.865234 1.328125 0.0 -0.5078125 2.641602 0.0 0.4345703 3.881836 0.0 0.3857422
1.7672  0.1855469 0.0 -2.5 1.040039 0.0 -1.879883 1.333008 0.0 -0.5224609 2.641602 0.0 0.4248047 3.886719 0.0 0.3759766
1.7688  0.1855469 0.0 -2.509766 1.049805 0.0 -1.894531 1.342773 0.0 -0.5419922 2.646484 0.0 0.4101563 3.891602 0.0 0.3662109
1.7704  0.1904297 0.0 -2.524414 1.054688 0.0 -1.914063 1.352539 0.0 -0.5566406 2.646484 0.0 0.3955078 3.891602 0.0 0.3515625
1.772  0.1904297 0.0 -2.53418 1.064453 0.0 -1.928711 1.357422 0.0 -0.5761719 2.651367 0.0 0.3808594 3.896484 0.0 0.3417969
1.7736  0.1953125 0.0 -2.548828 1.074219 0.0 -1.943359 1.367188 0.0 -0.5957031 2.65625 0.0 0.3613281 3.90625 0.0 0.3271484
1.7752  0.2001953 0.0 -2.558594 1.083984 0.0 -1.958008 1.381836 0.0 -0.6152344 2.661133 0.0 0.3466797 3.911133 0.0 0.3173828
1.7768  0.2001953 0.0 -2.573242 1.09375 0.0 -1.977539 1.391602 0.0 -0.6347656 2.666016 0.0 0.3271484 3.916016 0.0 0.3027344
1.7784  0.2050781 0.0 -2.583008 1.108398 0.0 -1.992188 1.40625 0.0 -0.6591797 2.670898 0.0 0.3125 3.925781 0.0 0.2929688
1.78  0.2099609 0.0 -2.597656 1.118164 0.0 -2.011719 1.416016 0.0 -0.6787109 2.680664 0.0 0.2929688 3.935547 0.0 0.2783203
1.7816  0.2099609 0.0 -2.612305 1.12793 0.0 -2.026367 1.430664 0.0 -0.6982422 2.69043 0.0 0.2734375 3.945313 0.0 0.2636719
1.7832  0.2148438 0.0 -2.62207 1.142578 0.0 -2.045898 1.445313 0.0 -0.7177734 2.695313 0.0 0.2539063 3.955078 0.0 0.2490234
1.7848  0.2197266 0.0 -2.636719 1.152344 0.0 -2.06543 1.459961 0.0 -0.7421875 2.705078 0.0 0.234375 3.964844 0.0 0.234375
1.7864  0.2197266 0.0 -2.651367 1.162109 0.0 -2.080078 1.479492 0.0 -0.7617188 2.714844 0.0 0.2099609 3.979492 0.0 0.2197266
1.788  0.2246094 0.0 -2.666016 1.176758 0.0 -2.099609 1.494141 0.0 -0.7861328 2.729492 0.0 0.1904297 3.989258 0.0 0.2001953
1.7896  0.2294922 0.0 -2.675781 1.191406 0.0 -2.114258 1.513672 0.0 -0.8105469 2.739258 0.0 0.1660156 4.003906 0.0 0.1855469
1.7912  0.234375 0.0 -2.69043 1.201172 0.0 -2.133789 1.52832 0.0 -0.8300781 2.753906 0.0 0.1416016 4.018555 0.0 0.1708984
1.7928  0.234375 0.0 -2.705078 1.21582 0.0 -2.15332 1.547852 0.0 -0.8544922 2.768555 0.0 0.1220703 4.033203 0.0 0.1513672
1.7944  0.2392578 0.0 -2.719727 1.230469 0.0 -2.167969 1.572266 0.0 -0.8789063 2.783203 0.0 0.09765625 4.047852 0.0 0.1367188
1.796  0.2441406 0.0 -2.729492 1.240234 0.0 -2.1875 1.591797 0.0 -0.8984375 2.797852 0.0 0.07324219 4.067383 0.0 0.1171875
1.7976  0.2490234 0.0 -2.744141 1.254883 0.0 -2.202148 1.611328 0.0 -0.9228516 2.8125 0.0 0.04394531 4.082031 0.0 0.09765625
1.7992  0.2490234 0.0 -2.758789 1.269531 0.0 -2.22168 1.635742 0.0 -0.9472656 2.832031 0.0 0.01953125 4.101563 0.0 0.078125
1.8008  0.2539063 0.0 -2.768555 1.279297 0.0 -2.236328 1.655273 0.0 -0.9667969 2.84668 0.0 -0.004882813 4.121094 0.0 0.05859375
1.8024  0.2587891 0.0 -2.783203 1.293945 0.0 -2.255859 1.679688 0.0 -0.9912109 2.866211 0.0 -0.03417969 4.140625 0.0 0.0390625
1.804  0.2587891 0.0 -2.792969 1.308594 0.0 -2.270508 1.704102 0.0 -1.015625 2.885742 0.0 -0.05859375 4.160156 0.0 0.01953125
1.8056  0.2636719 0.0 -2.807617 1.323242 0.0 -2.285156 1.728516 0.0 -1.035156 2.905273 0.0 -0.08789063 4.179688 0.0 0.0
1.8072  0.2685547 0.0 -2.817383 1.337891 0.0 -2.304688 1.75293 0.0 -1.05957 2.924805 0.0 -0.1123047 4.199219 0.0 -0.01953125
1.8088  0.2685547 0.0 -2.832031 1.347656 0.0 -2.319336 1.777344 0.0 -1.079102 2.949219 0.0 -0.1416016 4.223633 0.0 -0.0390625
1.8104  0.2734375 0.0 -2.841797 1.362305 0.0 -2.333984 1.806641 0.0 -1.103516 2.96875 0.0 -0.1708984 4.243164 0.0 -0.05859375
1.812  0.2734375 0.0 -2.851563 1.376953 0.0 -2.348633 1.831055 0.0 -1.123047 2.993164 0.0 -0.2001953 4.267578 0.0 -0.08300781
1.8136  0.2783203 0.0 -2.866211 1.386719 0.0 -2.358398 1.855469 0.0 -1.147461 3.012695 0.0 -0.2246094 4.287109 0.0 -0.1025391
1.8152  0.2832031 0.0 -2.875977 1.401367 0.0 -2.373047 1.884766 0.0 -1.166992 3.037109 0.0 -0.2539063 4.311523 0.0 -0.1220703
1.8168  0.2832031 0.0 -2.885742 1.411133 0.0 -2.387695 1.90918 0.0 -1.186523 3.056641 0.0 -0.2832031 4.335938 0.0 -0.1464844
1.8184  0.2880859 0.0 -2.895508 1.425781 0.0 -2.397461 1.933594 0.0 -1.210938 3.081055 0.0 -0.3125 4.355469 0.0 -0.1660156
1.82  0.2880859 0.0 -2.905273 1.435547 0.0 -2.407227 1.962891 0.0 -1.230469 3.105469 0.0 -0.3417969 4.379883 0.0 -0.1855469
1.8216  0.2929688 0.0 -2.915039 1.450195 0.0 -2.416992 1.987305 0.0 -1.25 3.129883 0.0 -0.3662109 4.404297 0.0 -0.2099609
1.8232  0.2929688 0.0 -2.919922 1.459961 0.0 -2.431641 2.016602 0.0 -1.269531 3.149414 0.0 -0.3955078 4.423828 0.0 -0.2294922
1.8248  0.2978516 0.0 -2.929688 1.469727 0.0 -2.436523 2.041016 0.0 -1.28418 3.173828 0.0 -0.4248047 4.448242 0.0 -0.2539063
1.8264  0.2978516 0.0 -2.939453 1.484375 0.0 -2.446289 2.06543 0.0 -1.303711 3.198242 0.0 -0.4492188 4.467773 0.0 -0.2734375
1.828  0.2978516 0.0 -2.944336 1.494141 0.0 -2.456055 2.089844 0.0 -1.323242 3.217773 0.0 -0.4785156 4.487305 0.0 -0.2978516
1.8296  0.3027344 0.0 -2.954102 1.503906 0.0 -2.460938 2.114258 0.0 -1.337891 3.242188 0.0 -0.5029297 4.511719 0.0 -0.3173828
1.8312  0.3027344 0.0 -2.958984 1.513672 0.0 -2.470703 2.138672 0.0 -1.357422 3.261719 0.0 -0.5273438 4.53125 0.0 -0.3369141
1.8328  0.3076172 0.0 -2.96875 1.518555 0.0 -2.475586 2.163086 0.0 -1.37207 3.286133 0.0 -0.5566406 4.550781 0.0 -0.3564453
1.8344  0.3076172 0.0 -2.973633 1.52832 0.0 -2.480469 2.1875 0.0 -1.391602 3.305664 0.0 -0.5810547 4.570313 0.0 -0.3808594
1.836  0.3076172 0.0 -2.978516 1.538086 0.0 -2.485352 2.211914 0.0 -1.40625 3.325195 0.0 -0.6054688 4.589844 0.0 -0.4003906
1.8376  0.3125 0.0 -2.983398 1.542969 0.0 -2.490234 2.231445 0.0 -1.420898 3.344727 0.0 -0.6298828 4.604492 0.0 -0.4199219
1.8392  0.3125 0.0 -2.988281 1.552734 0.0 -2.495117 2.250977 0.0 -1.435547 3.364258 0.0 -0.6494141 4.624023 0.0 -0.4394531
1.8408  0.3125 0.0 -2.993164 1.557617 0.0 -2.5 2.275391 0.0 -1.450195 3.383789 0.0 -0.6738281 4.638672 0.0 -0.4589844
1.8424  0.3125 0.0 -2.998047 1.5625 0.0 -2.504883 2.294922 0.0 -1.464844 3.398438 0.0 -0.6982422 4.658203 0.0 -0.4785156
1.844  0.3125 0.0 -3.00293 1.567383 0.0 -2.504883 2.314453 0.0 -1.479492 3.417969 0.0 -0.7177734 4.672852 0.0 -0.4931641
1.8456  0.3173828 0.0 -3.007813 1.572266 0.0 -2.509766 2.329102 0.0 -1.489258 3.432617 0.0 -0.7373047 4.682617 0.0 -0.5126953
1.8472  0.3173828 0.0 -3.007813 1.577148 0.0 -2.509766 2.348633 0.0 -1.503906 3.447266 0.0 -0.7568359 4.697266 0.0 -0.5273438
1.8488  0.3173828 0.0 -3.012695 1.582031 0.0 -2.514648 2.363281 0.0 -1.518555 3.461914 0.0 -0.7763672 4.711914 0.0 -0.546875
1.8504  0.3173828 0.0 -3.017578 1.582031 0.0 -2.514648 2.37793 0.0 -1.52832 3.476563 0.0 -0.7958984 4.72168 0.0 -0.5615234
1.852  0.3173828 0.0 -3.017578 1.586914 0.0 -2.514648 2.392578 0.0 -1.538086 3.486328 0.0 -0.8154297 4.731445 0.0 -0.5810547
1.8536  0.3173828 0.0 -3.022461 1.586914 0.0 -2.514648 2.407227 0.0 -1.552734 3.500977 0.0 -0.8349609 4.741211 0.0 -0.5957031
1.8552  0.3173828 0.0 -3.022461 1.591797 0.0 -2.519531 2.421875 0.0 -1.5625 3.510742 0.0 -0.8496094 4.750977 0.0 -0.6103516
1.8568  0.3173828 0.0 -3.022461 1.591797 0.0 -2.519531 2.431641 0.0 -1.572266 3.520508 0.0 -0.8691406 4.760742 0.0 -0.625
1.8584  0.3173828 0.0 -3.027344 1.591797 0.0 -2.519531 2.446289 0.0 -1.582031 3.530273 0.0 -0.8837891 4.765625 0.0 -0.6396484
1.86  0.3173828 0.0 -3.027344 1.59668 0.0 -2.519531 2.456055 0.0 -1.591797 3.540039 0.0 -0.8984375 4.775391 0.0 -0.6494141
1.8616  0.3173828 0.0 -3.027344 1.59668 0.0 -2.519531 2.46582 0.0 -1.601563 3.549805 0.0 -0.9130859 4.780273 0.0 -0.6640625
1.8632  0.3173828 0.0 -3.032227 1.59668 0.0 -2.519531 2.475586 0.0 -1.611328 3.554688 0.0 -0.9277344 4.785156 0.0 -0.6787109
1.8648  0.3173828 0.0 -3.032227 1.59668 0.0 -2.514648 2.485352 0.0 -1.621094 3.564453 0.0 -0.9423828 4.790039 0.0 -0.6884766
1.8664  0.3173828 0.0 -3.032227 1.59668 0.0 -2.514648 2.495117 0.0 -1.625977 3.569336 0.0 -0.9521484 4.794922 0.0 -0.6982422
1.868  0.3173828 0.0 -3.032227 1.59668 0.0 -2.514648 2.504883 0.0 -1.635742 3.579102 0.0 -0.9667969 4.799805 0.0 -0.7128906
1.8696  0.3173828 0.0 -3.032227 1.59668 0.0 -2.514648 2.509766 0.0 -1.640625 3.583984 0.0 -0.9765625 4.804688 0.0 -0.7226563
1.8712  0.3173828 0.0 -3.032227 1.59668 0.0 -2.514648 2.519531 0.0 -1.650391 3.588867 0.0 -0.9912109 4.80957 0.0 -0.7324219
1.8728  0.3125 0.0 -3.037109 1.59668 0.0 -2.509766 2.524414 0.0 -1.655273 3.59375 0.0 -1.000977 4.814453 0.0 -0.7421875
1.8744  0.3125 0.0 -3.037109 1.59668 0.0 -2.509766 2.529297 0.0 -1.665039 3.598633 0.0 -1.010742 4.814453 0.0 -0.7519531
1.876  0.3125 0.0 -3.037109 1.59668 0.0 -2.509766 2.539063 0.0 -1.669922 3.603516 0.0 -1.020508 4.819336 0.0 -0.7617188
1.8776  0.3125 0.0 -3.037109 1.59668 0.0 -2.504883 2.543945 0.0 -1.674805 3.608398 0.0 -1.030273 4.819336 0.0 -0.7714844
1.8792  0.3125 0.0 -3.037109 1.59668 0.0 -2.504883 2.548828 0.0 -1.679688 3.613281 0.0 -1.040039 4.824219 0.0 -0.78125
1.8808  0.3125 0.0 -3.037109 1.591797 0.0 -2.5 2.553711 0.0 -1.68457 3.618164 0.0 -1.049805 4.824219 0.0 -0.7861328
1.8824  0.3125 0.0 -3.032227 1.591797 0.0 -2.5 2.558594 0.0 -1.689453 3.623047 0.0 -1.05957 4.829102 0.0 -0.7958984
1.884  0.3125 0.0 -3.032227 1.591797 0.0 -2.5 2.563477 0.0 -1.694336 3.623047 0.0 -1.064453 4.829102 0.0 -0.8056641
1.8856  0.3125 0.0 -3.032227 1.591797 0.0 -2.495117 2.568359 0.0 -1.699219 3.62793 0.0 -1.074219 4.833984 0.0 -0.8105469
1.8872  0.3125 0.0 -3.032227 1.591797 0.0 -2.495117 2.573242 0.0 -1.704102 3.632813 0.0 -1.083984 4.833984 0.0 -0.8203125
1.8888  0.3125 0.0 -3.032227 1.591797 0.0 -2.490234 2.578125 0.0 -1.708984 3.637695 0.0 -1.088867 4.833984 0.0 -0.8251953
1.8904  0.3125 0.0 -3.032227 1.591797 0.0 -2.490234 2.583008 0.0 -1.713867 3.642578 0.0 -1.098633 4.838867 0.0 -0.8349609
1.892  0.3125 0.0 -3.032227 1.591797 0.0 -2.485352 2.587891 0.0 -1.713867 3.642578 0.0 -1.103516 4.838867 0.0 -0.8398438
1.8936  0.3125 0.0 -3.032227 1.59668 0.0 -2.485352 2.592773 0.0 -1.71875 3.647461 0.0 -1.113281 4.84375 0.0 -0.8447266
1.8952  0.3125 0.0 -3.032227 1.59668 0.0 -2.480469 2.597656 0.0 -1.723633 3.652344 0.0 -1.118164 4.84375 0.0 -0.8544922
1.8968  0.3125 0.0 -3.032227 1.59668 0.0 -2.480469 2.602539 0.0 -1.723633 3.657227 0.0 -1.12793 4.84375 0.0 -0.859375
1.8984  0.3125 0.0 -3.027344 1.59668 0.0 -2.475586 2.607422 0.0 -1.728516 3.657227 0.0 -1.132813 4.848633 0.0 -0.8642578
1.9  0.3125 0.0 -3.027344 1.59668 0.0 -2.475586 2.612305 0.0 -1.728516 3.662109 0.0 -1.137695 4.848633 0.0 -0.8740234
1.9016  0.3125 0.0 -3.027344 1.59668 0.0 -2.470703 2.612305 0.0 -1.733398 3.666992 0.0 -1.147461 4.848633 0.0 -0.8789063
1.9032  0.3125 0.0 -3.027344 1.59668 0.0 -2.470703 2.617188 0.0 -1.733398 3.666992 0.0 -1.152344 4.853516 0.0 -0.8837891
1.9048  0.3125 0.0 -3.027344 1.59668 0.0 -2.46582 2.62207 0.0 -1.738281 3.671875 0.0 -1.157227 4.853516 0.0 -0.8886719
1.9064  0.3125 0.0 -3.027344 1.601563 0.0 -2.46582 2.626953 0.0 -1.738281 3.676758 0.0 -1.162109 4.858398 0.0 -0.8935547
1.908  0.3125 0.0 -3.027344 1.601563 0.0 -2.460938 2.631836 0.0 -1.743164 3.681641 0.0 -1.166992 4.858398 0.0 -0.8984375
1.9096  0.3125 0.0 -3.027344 1.601563 0.0 -2.460938 2.631836 0.0 -1.743164 3.681641 0.0 -1.171875 4.858398 0.0 -0.9033203
1.9112  0.3125 0.0 -3.022461 1.601563 0.0 -2.456055 2.636719 0.0 -1.743164 3.686523 0.0 -1.181641 4.863281 0.0 -0.9082031
1.9128  0.3125 0.0 -3.022461 1.606445 0.0 -2.456055 2.641602 0.0 -1.748047 3.691406 0.0 -1.186523 4.863281 0.0 -0.9130859
1.9144  0.3125 0.0 -3.022461 1.606445 0.0 -2.451172 2.646484 0.0 -1.748047 3.691406 0.0 -1.191406 4.863281 0.0 -0.9179688
1.916  0.3125 0.0 -3.022461 1.606445 0.0 -2.451172 2.646484 0.0 -1.748047 3.696289 0.0 -1.196289 4.868164 0.0 -0.9228516
1.9176  0.3125 0.0 -3.022461 1.606445 0.0 -2.446289 2.651367 0.0 -1.748047 3.696289 0.0 -1.196289 4.868164 0.0 -0.9277344
1.9192  0.3125 0.0 -3.022461 1.606445 0.0 -2.446289 2.65625 0.0 -1.75293 3.701172 0.0 -1.201172 4.868164 0.0 -0.9326172
1.9208  0.3125 0.0 -3.022461 1.611328 0.0 -2.441406 2.65625 0.0 -1.75293 3.706055 0.0 -1.206055 4.873047 0.0 -0.9375
1.9224  0.3125 0.0 -3.017578 1.611328 0.0 -2.441406 2.661133 0.0 -1.75293 3.706055 0.0 -1.210938 4.873047 0.0 -0.9375
1.924  0.3125 0.0 -3.017578 1.611328 0.0 -2.436523 2.666016 0.0 -1.75293 3.710938 0.0 -1.21582 4.873047 0.0 -0.9423828
1.9256  0.3125 0.0 -3.017578 1.611328 0.0 -2.431641 2.666016 0.0 -1.75293 3.710938 0.0 -1.21582 4.87793 0.0 -0.9472656
1.9272  0.3125 0.0 -3.017578 1.616211 0.0 -2.431641 2.670898 0.0 -1.757813 3.71582 0.0 -1.220703 4.87793 0.0 -0.9472656
1.9288  0.3125 0.0 -3.017578 1.616211 0.0 -2.426758 2.675781 0.0 -1.757813 3.720703 0.0 -1.225586 4.87793 0.0 -0.9521484
1.9304  0.3125 0.0 -3.012695 1.616211 0.0 -2.426758 2.675781 0.0 -1.757813 3.720703 0.0 -1.225586 4.882813 0.0 -0.9570313
1.932  0.3125 0.0 -3.012695 1.616211 0.0 -2.421875 2.680664 0.0 -1.757813 3.725586 0.0 -1.230469 4.882813 0.0 -0.9570313
1.9336  0.3125 0.0 -3.012695 1.616211 0.0 -2.416992 2.680664 0.0 -1.757813 3.725586 0.0 -1.230469 4.882813 0.0 -0.9619141
1.9352  0.3125 0.0 -3.012695 1.621094 0.0 -2.416992 2.685547 0.0 -1.757813 3.730469 0.0 -1.230469 4.887695 0.0 -0.9619141
1.9368  0.3125 0.0 -3.007813 1.621094 0.0 -2.412109 2.69043 0.0 -1.757813 3.730469 0.0 -1.235352 4.887695 0.0 -0.9667969
1.9384  0.3125 0.0 -3.007813 1.621094 0.0 -2.407227 2.69043 0.0 -1.757813 3.730469 0.0 -1.235352 4.887695 0.0 -0.9667969
1.94  0.3125 0.0 -3.007813 1.621094 0.0 -2.407227 2.695313 0.0 -1.757813 3.735352 0.0 -1.235352 4.892578 0.0 -0.9716797
1.9416  0.3125 0.0 -3.007813 1.621094 0.0 -2.402344 2.695313 0.0 -1.757813 3.735352 0.0 -1.235352 4.892578 0.0 -0.9716797
1.9432  0.3125 0.0 -3.00293 1.625977 0.0 -2.397461 2.700195 0.0 -1.757813 3.740234 0.0 -1.235352 4.892578 0.0 -0.9716797
1.9448  0.3125 0.0 -3.00293 1.625977 0.0 -2.397461 2.700195 0.0 -1.757813 3.740234 0.0 -1.235352 4.897461 0.0 -0.9765625
1.9464  0.3125 0.0 -3.00293 1.625977 0.0 -2.392578 2.700195 0.0 -1.75293 3.740234 0.0 -1.235352 4.897461 0.0 -0.9765625
1.948  0.3125 0.0 -2.998047 1.625977 0.0 -2.387695 2.705078 0.0 -1.75293 3.745117 0.0 -1.235352 4.897461 0.0 -0.9765625
1.9496  0.3125 0.0 -2.998047 1.625977 0.0 -2.382813 2.705078 0.0 -1.75293 3.745117 0.0 -1.235352 4.902344 0.0 -0.9814453
1.9512  0.3076172 0.0 -2.998047 1.625977 0.0 -2.382813 2.709961 0.0 -1.75293 3.75 0.0 -1.235352 4.902344 0.0 -0.9814453
1.9528  0.3076172 0.0 -2.993164 1.630859 0.0 -2.37793 2.709961 0.0 -1.75293 3.75 0.0 -1.235352 4.902344 0.0 -0.9814453
1.9544  0.3076172 0.0 -2.993164 1.630859 0.0 -2.373047 2.714844 0.0 -1.75293 3.75 0.0 -1.235352 4.902344 0.0 -0.9814453
1.956  0.3076172 0.0 -2.988281 1.630859 0.0 -2.368164 2.714844 0.0 -1.748047 3.754883 0.0 -1.235352 4.907227 0.0 -0.9863281
1.9576  0.3076172 0.0 -2.988281 1.630859 0.0 -2.363281 2.719727 0.0 -1.748047 3.754883 0.0 -1.235352 4.907227 0.0 -0.9863281
1.9592  0.3076172 0.0 -2.988281 1.630859 0.0 -2.363281 2.719727 0.0 -1.748047 3.754883 0.0 -1.235352 4.907227 0.0 -0.9863281
1.9608  0.3076172 0.0 -2.983398 1.630859 0.0 -2.358398 2.719727 0.0 -1.748047 3.759766 0.0 -1.235352 4.907227 0.0 -0.9863281
1.9624  0.3076172 0.0 -2.983398 1.630859 0.0 -2.353516 2.724609 0.0 -1.748047 3.759766 0.0 -1.235352 4.912109 0.0 -0.9912109
1.964  0.3076172 0.0 -2.983398 1.635742 0.0 -2.348633 2.724609 0.0 -1.743164 3.764648 0.0 -1.235352 4.912109 0.0 -0.9912109
1.9656  0.3027344 0.0 -2.978516 1.635742 0.0 -2.34375 2.729492 0.0 -1.743164 3.764648 0.0 -1.230469 4.912109 0.0 -0.9912109
1.9672  0.3027344 0.0 -2.978516 1.635742 0.0 -2.34375 2.729492 0.0 -1.743164 3.764648 0.0 -1.230469 4.916992 0.0 -0.9912109
1.9688  0.3027344 0.0 -2.973633 1.635742 0.0 -2.338867 2.734375 0.0 -1.738281 3.769531 0.0 -1.230469 4.916992 0.0 -0.9960938
1.9704  0.3027344 0.0 -2.973633 1.635742 0.0 -2.333984 2.734375 0.0 -1.738281 3.769531 0.0 -1.230469 4.916992 0.0 -0.9960938
1.972  0.3027344 0.0 -2.96875 1.635742 0.0 -2.329102 2.734375 0.0 -1.738281 3.774414 0.0 -1.230469 4.921875 0.0 -0.9960938
1.9736  0.3027344 0.0 -2.96875 1.640625 0.0 -2.329102 2.739258 0.0 -1.738281 3.774414 0.0 -1.230469 4.921875 0.0 -0.9960938
1.9752  0.3027344 0.0 -2.96875 1.640625 0.0 -2.324219 2.739258 0.0 -1.733398 3.774414 0.0 -1.230469 4.921875 0.0 -1.000977
1.9768  0.3027344 0.0 -2.963867 1.640625 0.0 -2.319336 2.739258 0.0 -1.733398 3.779297 0.0 -1.230469 4.921875 0.0 -1.000977
1.9784  0.3027344 0.0 -2.963867 1.640625 0.0 -2.314453 2.744141 0.0 -1.733398 3.779297 0.0 -1.230469 4.926758 0.0 -1.000977
1.98  0.3027344 0.0 -2.958984 1.640625 0.0 -2.314453 2.744141 0.0 -1.728516 3.78418 0.0 -1.230469 4.926758 0.0 -1.005859
1.9816  0.2978516 0.0 -2.958984 1.645508 0.0 -2.30957 2.744141 0.0 -1.728516 3.78418 0.0 -1.230469 4.931641 0.0 -1.005859
1.9832  0.2978516 0.0 -2.954102 1.645508 0.0 -2.304688 2.749023 0.0 -1.723633 3.789063 0.0 -1.230469 4.931641 0.0 -1.005859
1.9848  0.2978516 0.0 -2.954102 1.645508 0.0 -2.299805 2.749023 0.0 -1.723633 3.789063 0.0 -1.230469 4.931641 0.0 -1.005859
1.9864  0.2978516 0.0 -2.949219 1.645508 0.0 -2.299805 2.749023 0.0 -1.71875 3.789063 0.0 -1.230469 4.936523 0.0 -1.010742
1.988  0.2978516 0.0 -2.944336 1.645508 0.0 -2.294922 2.753906 0.0 -1.71875 3.793945 0.0 -1.230469 4.936523 0.0 -1.010742
1.9896  0.2978516 0.0 -2.944336 1.645508 0.0 -2.290039 2.753906 0.0 -1.71875 3.793945 0.0 -1.230469 4.936523 0.0 -1.010742
1.9912  0.2978516 0.0 -2.939453 1.650391 0.0 -2.285156 2.753906 0.0 -1.713867 3.798828 0.0 -1.230469 4.941406 0.0 -1.015625
1.9928  0.2929688 0.0 -2.93457 1.650391 0.0 -2.280273 2.758789 0.0 -1.708984 3.798828 0.0 -1.230469 4.941406 0.0 -1.015625
1.9944  0.2929688 0.0 -2.93457 1.650391 0.0 -2.275391 2.758789 0.0 -1.708984 3.803711 0.0 -1.230469 4.946289 0.0 -1.015625
1.996  0.2929688 0.0 -2.929688 1.650391 0.0 -2.275391 2.758789 0.0 -1.704102 3.803711 0.0 -1.230469 4.946289 0.0 -1.015625
1.9976  0.2929688 0.0 -2.924805 1.650391 0.0 -2.270508 2.758789 0.0 -1.704102 3.808594 0.0 -1.230469 4.946289 0.0 -1.020508
1.9992  0.2929688 0.0 -2.919922 1.650391 0.0 -2.265625 2.763672 0.0 -1.699219 3.808594 0.0 -1.230469 4.951172 0.0 -1.020508
2.0008  0.2880859 0.0 -2.915039 1.655273 0.0 -2.260742 2.763672 0.0 -1.694336 3.813477 0.0 -1.230469 4.951172 0.0 -1.020508
2.0024  0.2880859 0.0 -2.915039 1.655273 0.0 -2.255859 2.763672 0.0 -1.694336 3.813477 0.0 -1.230469 4.956055 0.0 -1.020508
2.004  0.2880859 0.0 -2.910156 1.655273 0.0 -2.250977 2.768555 0.0 -1.689453 3.818359 0.0 -1.225586 4.956055 0.0 -1.020508
2.0056  0.2880859 0.0 -2.905273 1.655273 0.0 -2.246094 2.768555 0.0 -1.68457 3.818359 0.0 -1.225586 4.956055 0.0 -1.025391
2.0072  0.2832031 0.0 -2.900391 1.655273 0.0 -2.241211 2.768555 0.0 -1.68457 3.823242 0.0 -1.225586 4.960938 0.0 -1.025391
2.0088  0.2832031 0.0 -2.895508 1.660156 0.0 -2.236328 2.768555 0.0 -1.679688 3.823242 0.0 -1.225586 4.960938 0.0 -1.025391
2.0104  0.2832031 0.0 -2.890625 1.660156 0.0 -2.231445 2.773438 0.0 -1.674805 3.823242 0.0 -1.220703 4.96582 0.0 -1.025391
2.012  0.2832031 0.0 -2.885742 1.660156 0.0 -2.22168 2.773438 0.0 -1.669922 3.828125 0.0 -1.220703 4.96582 0.0 -1.025391
2.0136  0.2783203 0.0 -2.880859 1.660156 0.0 -2.216797 2.773438 0.0 -1.665039 3.828125 0.0 -1.21582 4.970703 0.0 -1.025391
2.0152  0.2783203 0.0 -2.871094 1.660156 0.0 -2.211914 2.77832 0.0 -1.660156 3.833008 0.0 -1.21582 4.970703 0.0 -1.025391
2.0168  0.2783203 0.0 -2.866211 1.660156 0.0 -2.207031 2.77832 0.0 -1.655273 3.833008 0.0 -1.210938 4.970703 0.0 -1.025391
2.0184  0.2783203 0.0 -2.861328 1.665039 0.0 -2.202148 2.77832 0.0 -1.655273 3.837891 0.0 -1.210938 4.975586 0.0 -1.025391
2.02  0.2734375 0.0 -2.856445 1.665039 0.0 -2.192383 2.77832 0.0 -1.650391 3.837891 0.0 -1.206055 4.975586 0.0 -1.025391
2.0216  0.2734375 0.0 -2.851563 1.665039 0.0 -2.1875 2.783203 0.0 -1.645508 3.837891 0.0 -1.206055 4.980469 0.0 -1.020508
2.0232  0.2734375 0.0 -2.841797 1.665039 0.0 -2.182617 2.783203 0.0 -1.640625 3.842773 0.0 -1.201172 4.980469 0.0 -1.020508
2.0248  0.2685547 0.0 -2.836914 1.665039 0.0 -2.172852 2.783203 0.0 -1.635742 3.842773 0.0 -1.201172 4.980469 0.0 -1.020508
2.0264  0.2685547 0.0 -2.832031 1.665039 0.0 -2.167969 2.783203 0.0 -1.630859 3.842773 0.0 -1.196289 4.985352 0.0 -1.020508
2.028  0.2685547 0.0 -2.822266 1.665039 0.0 -2.163086 2.783203 0.0 -1.625977 3.847656 0.0 -1.191406 4.985352 0.0 -1.020508
2.0296  0.2636719 0.0 -2.817383 1.665039 0.0 -2.15332 2.788086 0.0 -1.621094 3.847656 0.0 -1.191406 4.990234 0.0 -1.020508
2.0312  0.2636719 0.0 -2.8125 1.665039 0.0 -2.148438 2.788086 0.0 -1.616211 3.852539 0.0 -1.186523 4.990234 0.0 -1.015625
2.0328  0.2587891 0.0 -2.802734 1.665039 0.0 -2.138672 2.788086 0.0 -1.606445 3.852539 0.0 -1.181641 4.990234 0.0 -1.015625
2.0344  0.2587891 0.0 -2.797852 1.665039 0.0 -2.133789 2.788086 0.0 -1.601563 3.852539 0.0 -1.181641 4.995117 0.0 -1.015625
2.036  0.2587891 0.0 -2.792969 1.665039 0.0 -2.128906 2.792969 0.0 -1.59668 3.857422 0.0 -1.176758 4.995117 0.0 -1.015625
2.0376  0.2539063 0.0 -2.783203 1.665039 0.0 -2.119141 2.792969 0.0 -1.591797 3.857422 0.0 -1.171875 4.995117 0.0 -1.010742
2.0392  0.2539063 0.0 -2.77832 1.665039 0.0 -2.114258 2.792969 0.0 -1.586914 3.857422 0.0 -1.166992 5.0 0.0 -1.010742
2.0408  0.2490234 0.0 -2.768555 1.665039 0.0 -2.104492 2.792969 0.0 -1.582031 3.862305 0.0 -1.166992 5.0 0.0 -1.010742
2.0424  0.2490234 0.0 -2.763672 1.665039 0.0 -2.099609 2.792969 0.0 -1.577148 3.862305 0.0 -1.162109 5.0 0.0 -1.010742
2.044  0.2441406 0.0 -2.753906 1.665039 0.0 -2.089844 2.792969 0.0 -1.567383 3.862305 0.0 -1.157227 5.004883 0.0 -1.005859
2.0456  0.2441406 0.0 -2.749023 1.665039 0.0 -2.084961 2.792969 0.0 -1.5625 3.867188 0.0 -1.152344 5.004883 0.0 -1.005859
2.0472  0.2441406 0.0 -2.739258 1.665039 0.0 -2.075195 2.797852 0.0 -1.557617 3.867188 0.0 -1.152344 5.004883 0.0 -1.005859
2.0488  0.2392578 0.0 -2.734375 1.665039 0.0 -2.06543 2.797852 0.0 -1.552734 3.867188 0.0 -1.147461 5.009766 0.0 -1.005859
2.0504  0.2392578 0.0 -2.724609 1.660156 0.0 -2.060547 2.797852 0.0 -1.547852 3.87207 0.0 -1.142578 5.009766 0.0 -1.005859
2.052  0.234375 0.0 -2.714844 1.660156 0.0 -2.050781 2.797852 0.0 -1.542969 3.87207 0.0 -1.142578 5.009766 0.0 -1.005859
2.0536  0.234375 0.0 -2.709961 1.660156 0.0 -2.045898 2.797852 0.0 -1.533203 3.87207 0.0 -1.137695 5.009766 0.0 -1.005859
2.0552  0.2294922 0.0 -2.700195 1.660156 0.0 -2.036133 2.797852 0.0 -1.52832 3.87207 0.0 -1.132813 5.014648 0.0 -1.000977
2.0568  0.2294922 0.0 -2.695313 1.660156 0.0 -2.03125 2.797852 0.0 -1.523438 3.876953 0.0 -1.132813 5.014648 0.0 -1.000977
2.0584  0.2246094 0.0 -2.685547 1.655273 0.0 -2.021484 2.797852 0.0 -1.518555 3.876953 0.0 -1.12793 5.014648 0.0 -1.000977
2.06  0.2246094 0.0 -2.680664 1.655273 0.0 -2.011719 2.797852 0.0 -1.513672 3.876953 0.0 -1.12793 5.019531 0.0 -1.000977
2.0616  0.2197266 0.0 -2.670898 1.655273 0.0 -2.006836 2.797852 0.0 -1.508789 3.876953 0.0 -1.123047 5.019531 0.0 -1.000977
2.0632  0.2148438 0.0 -2.661133 1.655273 0.0 -1.99707 2.797852 0.0 -1.503906 3.876953 0.0 -1.123047 5.019531 0.0 -1.000977
2.0648  0.2148438 0.0 -2.65625 1.650391 0.0 -1.987305 2.797852 0.0 -1.494141 3.881836 0.0 -1.118164 5.019531 0.0 -1.005859
2.0664  0.2099609 0.0 -2.646484 1.650391 0.0 -1.982422 2.797852 0.0 -1.489258 3.881836 0.0 -1.118164 5.019531 0.0 -1.005859
2.068  0.2099609 0.0 -2.636719 1.650391 0.0 -1.972656 2.797852 0.0 -1.484375 3.881836 0.0 -1.113281 5.024414 0.0 -1.005859
2.0696  0.2050781 0.0 -2.631836 1.645508 0.0 -1.967773 2.797852 0.0 -1.479492 3.881836 0.0 -1.113281 5.024414 0.0 -1.005859
2.0712  0.2050781 0.0 -2.62207 1.645508 0.0 -1.958008 2.797852 0.0 -1.474609 3.881836 0.0 -1.108398 5.024414 0.0 -1.005859
2.0728  0.2001953 0.0 -2.612305 1.645508 0.0 -1.953125 2.797852 0.0 -1.469727 3.886719 0.0 -1.108398 5.024414 0.0 -1.005859
2.0744  0.1953125 0.0 -2.607422 1.640625 0.0 -1.943359 2.797852 0.0 -1.464844 3.886719 0.0 -1.108398 5.024414 0.0 -1.005859
2.076  0.1953125 0.0 -2.597656 1.640625 0.0 -1.933594 2.797852 0.0 -1.459961 3.886719 0.0 -1.103516 5.024414 0.0 -1.010742
2.0776  0.1904297 0.0 -2.587891 1.640625 0.0 -1.928711 2.792969 0.0 -1.455078 3.886719 0.0 -1.103516 5.029297 0.0 -1.010742
2.0792  0.1855469 0.0 -2.583008 1.635742 0.0 -1.918945 2.792969 0.0 -1.450195 3.886719 0.0 -1.103516 5.029297 0.0 -1.010742
2.0808  0.1855469 0.0 -2.573242 1.635742 0.0 -1.914063 2.792969 0.0 -1.445313 3.886719 0.0 -1.098633 5.029297 0.0 -1.010742
2.0824  0.1806641 0.0 -2.563477 1.635742 0.0 -1.904297 2.792969 0.0 -1.44043 3.886719 0.0 -1.098633 5.029297 0.0 -1.010742
2.084  0.1806641 0.0 -2.553711 1.630859 0.0 -1.899414 2.792969 0.0 -1.435547 3.891602 0.0 -1.098633 5.029297 0.0 -1.010742
2.0856  0.1757813 0.0 -2.548828 1.630859 0.0 -1.889648 2.792969 0.0 -1.430664 3.891602 0.0 -1.09375 5.029297 0.0 -1.015625
2.0872  0.1708984 0.0 -2.539063 1.630859 0.0 -1.884766 2.792969 0.0 -1.425781 3.891602 0.0 -1.09375 5.029297 0.0 -1.015625
2.0888  0.1708984 0.0 -2.529297 1.625977 0.0 -1.875 2.792969 0.0 -1.420898 3.891602 0.0 -1.088867 5.029297 0.0 -1.015625
2.0904  0.1660156 0.0 -2.519531 1.625977 0.0 -1.870117 2.792969 0.0 -1.416016 3.891602 0.0 -1.088867 5.03418 0.0 -1.015625
2.092  0.1611328 0.0 -2.509766 1.625977 0.0 -1.860352 2.788086 0.0 -1.411133 3.891602 0.0 -1.088867 5.03418 0.0 -1.015625
2.0936  0.1611328 0.0 -2.504883 1.621094 0.0 -1.855469 2.788086 0.0 -1.40625 3.896484 0.0 -1.083984 5.03418 0.0 -1.015625
2.0952  0.15625 0.0 -2.495117 1.621094 0.0 -1.845703 2.788086 0.0 -1.401367 3.896484 0.0 -1.083984 5.03418 0.0 -1.015625
2.0968  0.1513672 0.0 -2.485352 1.621094 0.0 -1.84082 2.788086 0.0 -1.396484 3.896484 0.0 -1.083984 5.03418 0.0 -1.015625
2.0984  0.1513672 0.0 -2.475586 1.621094 0.0 -1.835938 2.788086 0.0 -1.396484 3.896484 0.0 -1.079102 5.03418 0.0 -1.015625
2.1  0.1464844 0.0 -2.46582 1.621094 0.0 -1.826172 2.788086 0.0 -1.391602 3.896484 0.0 -1.079102 5.03418 0.0 -1.015625
2.1016  0.1416016 0.0 -2.456055 1.616211 0.0 -1.821289 2.788086 0.0 -1.386719 3.901367 0.0 -1.074219 5.039063 0.0 -1.015625
2.1032  0.1416016 0.0 -2.446289 1.616211 0.0 -1.811523 2.788086 0.0 -1.381836 3.901367 0.0 -1.074219 5.039063 0.0 -1.015625
2.1048  0.1367188 0.0 -2.436523 1.616211 0.0 -1.806641 2.788086 0.0 -1.376953 3.901367 0.0 -1.069336 5.039063 0.0 -1.015625
2.1064  0.1318359 0.0 -2.426758 1.616211 0.0 -1.801758 2.788086 0.0 -1.376953 3.901367 0.0 -1.069336 5.039063 0.0 -1.015625
2.108  0.1318359 0.0 -2.416992 1.611328 0.0 -1.791992 2.788086 0.0 -1.37207 3.901367 0.0 -1.069336 5.039063 0.0 -1.015625
2.1096  0.1269531 0.0 -2.407227 1.611328 0.0 -1.787109 2.788086 0.0 -1.367188 3.90625 0.0 -1.064453 5.039063 0.0 -1.015625
2.1112  0.1220703 0.0 -2.397461 1.611328 0.0 -1.782227 2.788086 0.0 -1.367188 3.90625 0.0 -1.064453 5.039063 0.0 -1.015625
2.1128  0.1220703 0.0 -2.387695 1.611328 0.0 -1.772461 2.788086 0.0 -1.362305 3.90625 0.0 -1.05957 5.043945 0.0 -1.015625
2.1144  0.1171875 0.0 -2.37793 1.611328 0.0 -1.767578 2.788086 0.0 -1.357422 3.90625 0.0 -1.05957 5.043945 0.0 -1.015625
2.116  0.1123047 0.0 -2.373047 1.611328 0.0 -1.762695 2.788086 0.0 -1.357422 3.90625 0.0 -1.05957 5.043945 0.0 -1.015625
2.1176  0.1123047 0.0 -2.363281 1.606445 0.0 -1.757813 2.792969 0.0 -1.352539 3.90625 0.0 -1.054688 5.043945 0.0 -1.015625
2.1192  0.1074219 0.0 -2.353516 1.606445 0.0 -1.75293 2.792969 0.0 -1.352539 3.911133 0.0 -1.054688 5.043945 0.0 -1.015625
2.1208  0.1025391 0.0 -2.34375 1.606445 0.0 -1.743164 2.792969 0.0 -1.347656 3.911133 0.0 -1.054688 5.043945 0.0 -1.015625
2.1224  0.1025391 0.0 -2.333984 1.606445 0.0 -1.738281 2.792969 0.0 -1.347656 3.911133 0.0 -1.049805 5.043945 0.0 -1.015625
2.124  0.09765625 0.0 -2.324219 1.606445 0.0 -1.733398 2.792969 0.0 -1.342773 3.911133 0.0 -1.049805 5.048828 0.0 -1.015625
2.1256  0.09277344 0.0 -2.314453 1.606445 0.0 -1.728516 2.792969 0.0 -1.342773 3.911133 0.0 -1.049805 5.048828 0.0 -1.015625
2.1272  0.09277344 0.0 -2.30957 1.606445 0.0 -1.723633 2.792969 0.0 -1.337891 3.911133 0.0 -1.049805 5.048828 0.0 -1.015625
2.1288  0.08789063 0.0 -2.299805 1.601563 0.0 -1.71875 2.792969 0.0 -1.337891 3.911133 0.0 -1.049805 5.048828 0.0 -1.015625
2.1304  0.08789063 0.0 -2.290039 1.601563 0.0 -1.713867 2.792969 0.0 -1.337891 3.916016 0.0 -1.049805 5.048828 0.0 -1.015625
2.132  0.08300781 0.0 -2.280273 1.601563 0.0 -1.708984 2.792969 0.0 -1.333008 3.916016 0.0 -1.044922 5.048828 0.0 -1.015625
2.1336  0.078125 0.0 -2.275391 1.601563 0.0 -1.704102 2.792969 0.0 -1.333008 3.916016 0.0 -1.044922 5.048828 0.0 -1.015625
2.1352  0.078125 0.0 -2.265625 1.601563 0.0 -1.699219 2.797852 0.0 -1.333008 3.916016 0.0 -1.044922 5.048828 0.0 -1.020508
2.1368  0.07324219 0.0 -2.255859 1.601563 0.0 -1.694336 2.797852 0.0 -1.328125 3.916016 0.0 -1.044922 5.053711 0.0 -1.020508
2.1384  0.07324219 0.0 -2.250977 1.601563 0.0 -1.689453 2.797852 0.0 -1.328125 3.916016 0.0 -1.049805 5.053711 0.0 -1.020508
2.14  0.06835938 0.0 -2.241211 1.601563 0.0 -1.689453 2.797852 0.0 -1.328125 3.916016 0.0 -1.049805 5.053711 0.0 -1.020508
2.1416  0.06347656 0.0 -2.236328 1.601563 0.0 -1.68457 2.797852 0.0 -1.328125 3.916016 0.0 -1.049805 5.053711 0.0 -1.020508
2.1432  0.06347656 0.0 -2.226563 1.59668 0.0 -1.679688 2.797852 0.0 -1.328125 3.920898 0.0 -1.049805 5.053711 0.0 -1.020508
2.1448  0.05859375 0.0 -2.22168 1.59668 0.0 -1.679688 2.797852 0.0 -1.328125 3.920898 0.0 -1.049805 5.053711 0.0 -1.025391
2.1464  0.05859375 0.0 -2.211914 1.59668 0.0 -1.674805 2.797852 0.0 -1.328125 3.920898 0.0 -1.049805 5.053711 0.0 -1.025391
2.148  0.05371094 0.0 -2.207031 1.59668 0.0 -1.669922 2.797852 0.0 -1.328125 3.920898 0.0 -1.054688 5.053711 0.0 -1.025391
2.1496  0.05371094 0.0 -2.202148 1.59668 0.0 -1.669922 2.797852 0.0 -1.323242 3.920898 0.0 -1.054688 5.053711 0.0 -1.025391
2.1512  0.05371094 0.0 -2.192383 1.59668 0.0 -1.665039 2.797852 0.0 -1.323242 3.920898 0.0 -1.054688 5.058594 0.0 -1.025391
2.1528  0.04882813 0.0 -2.1875 1.59668 0.0 -1.665039 2.797852 0.0 -1.328125 3.920898 0.0 -1.05957 5.058594 0.0 -1.030273
2.1544  0.04882813 0.0 -2.182617 1.59668 0.0 -1.660156 2.797852 0.0 -1.328125 3.920898 0.0 -1.05957 5.058594 0.0 -1.030273
2.156  0.04394531 0.0 -2.177734 1.59668 0.0 -1.660156 2.797852 0.0 -1.328125 3.920898 0.0 -1.064453 5.058594 0.0 -1.030273
2.1576  0.04394531 0.0 -2.167969 1.59668 0.0 -1.655273 2.797852 0.0 -1.328125 3.920898 0.0 -1.064453 5.058594 0.0 -1.030273
2.1592  0.04394531 0.0 -2.163086 1.59668 0.0 -1.655273 2.802734 0.0 -1.328125 3.920898 0.0 -1.069336 5.058594 0.0 -1.035156
2.1608  0.0390625 0.0 -2.158203 1.59668 0.0 -1.655273 2.802734 0.0 -1.328125 3.925781 0.0 -1.069336 5.058594 0.0 -1.035156
2.1624  0.0390625 0.0 -2.15332 1.59668 0.0 -1.650391 2.802734 0.0 -1.328125 3.925781 0.0 -1.074219 5.058594 0.0 -1.035156
2.164  0.03417969 0.0 -2.148438 1.59668 0.0 -1.650391 2.802734 0.0 -1.328125 3.925781 0.0 -1.074219 5.058594 0.0 -1.040039
2.1656  0.03417969 0.0 -2.143555 1.59668 0.0 -1.650391 2.802734 0.0 -1.333008 3.925781 0.0 -1.079102 5.058594 0.0 -1.040039
2.1672  0.03417969 0.0 -2.138672 1.59668 0.0 -1.645508 2.802734 0.0 -1.333008 3.925781 0.0 -1.079102 5.058594 0.0 -1.040039
2.1688  0.02929688 0.0 -2.133789 1.59668 0.0 -1.645508 2.802734 0.0 -1.333008 3.925781 0.0 -1.083984 5.058594 0.0 -1.040039
2.1704  0.02929688 0.0 -2.128906 1.59668 0.0 -1.645508 2.802734 0.0 -1.333008 3.925781 0.0 -1.083984 5.063477 0.0 -1.040039
2.172  0.02929688 0.0 -2.124023 1.59668 0.0 -1.645508 2.802734 0.0 -1.337891 3.925781 0.0 -1.088867 5.063477 0.0 -1.044922
2.1736  0.02441406 0.0 -2.119141 1.59668 0.0 -1.640625 2.802734 0.0 -1.337891 3.925781 0.0 -1.088867 5.063477 0.0 -1.044922
2.1752  0.02441406 0.0 -2.114258 1.59668 0.0 -1.640625 2.802734 0.0 -1.337891 3.925781 0.0 -1.09375 5.063477 0.0 -1.044922
2.1768  0.02441406 0.0 -2.114258 1.59668 0.0 -1.640625 2.802734 0.0 -1.337891 3.925781 0.0 -1.09375 5.063477 0.0 -1.044922
2.1784  0.01953125 0.0 -2.109375 1.59668 0.0 -1.640625 2.802734 0.0 -1.342773 3.925781 0.0 -1.098633 5.063477 0.0 -1.049805
2.18  0.01953125 0.0 -2.104492 1.59668 0.0 -1.640625 2.802734 0.0 -1.342773 3.925781 0.0 -1.098633 5.063477 0.0 -1.049805
2.1816  0.01953125 0.0 -2.099609 1.591797 0.0 -1.640625 2.802734 0.0 -1.342773 3.925781 0.0 -1.103516 5.063477 0.0 -1.049805
2.1832  0.01464844 0.0 -2.094727 1.591797 0.0 -1.635742 2.802734 0.0 -1.347656 3.925781 0.0 -1.103516 5.063477 0.0 -1.049805
2.1848  0.01464844 0.0 -2.089844 1.591797 0.0 -1.635742 2.802734 0.0 -1.347656 3.925781 0.0 -1.108398 5.063477 0.0 -1.049805
2.1864  0.01464844 0.0 -2.089844 1.591797 0.0 -1.635742 2.802734 0.0 -1.352539 3.925781 0.0 -1.108398 5.063477 0.0 -1.054688
2.188  0.009765625 0.0 -2.084961 1.591797 0.0 -1.635742 2.802734 0.0 -1.352539 3.925781 0.0 -1.113281 5.063477 0.0 -1.054688
2.1896  0.009765625 0.0 -2.080078 1.591797 0.0 -1.635742 2.802734 0.0 -1.357422 3.920898 0.0 -1.113281 5.063477 0.0 -1.054688
2.1912  0.004882813 0.0 -2.075195 1.591797 0.0 -1.635742 2.802734 0.0 -1.357422 3.920898 0.0 -1.113281 5.063477 0.0 -1.054688
2.1928  0.004882813 0.0 -2.075195 1.591797 0.0 -1.635742 2.802734 0.0 -1.357422 3.920898 0.0 -1.118164 5.063477 0.0 -1.05957
2.1944  0.004882813 0.0 -2.070313 1.586914 0.0 -1.635742 2.802734 0.0 -1.362305 3.920898 0.0 -1.118164 5.063477 0.0 -1.05957
2.196  0.004882813 0.0 -2.06543 1.586914 0.0 -1.635742 2.802734 0.0 -1.367188 3.920898 0.0 -1.123047 5.063477 0.0 -1.05957
2.1976  0.0 0.0 -2.06543 1.586914 0.0 -1.635742 2.802734 0.0 -1.367188 3.920898 0.0 -1.123047 5.063477 0.0 -1.064453
2.1992  0.0 0.0 -2.060547 1.586914 0.0 -1.635742 2.802734 0.0 -1.37207 3.920898 0.0 -1.12793 5.063477 0.0 -1.064453
2.2008  0.0 0.0 -2.060547 1.586914 0.0 -1.635742 2.802734 0.0 -1.37207 3.920898 0.0 -1.12793 5.063477 0.0 -1.064453
2.2024  -0.004882813 0.0 -2.055664 1.586914 0.0 -1.635742 2.802734 0.0 -1.376953 3.920898 0.0 -1.132813 5.063477 0.0 -1.069336
2.204  -0.004882813 0.0 -2.055664 1.586914 0.0 -1.635742 2.802734 0.0 -1.381836 3.920898 0.0 -1.132813 5.063477 0.0 -1.069336
2.2056  -0.004882813 0.0 -2.050781 1.586914 0.0 -1.635742 2.802734 0.0 -1.381836 3.916016 0.0 -1.137695 5.063477 0.0 -1.074219
2.2072  -0.004882813 0.0 -2.050781 1.586914 0.0 -1.635742 2.802734 0.0 -1.386719 3.916016 0.0 -1.137695 5.063477 0.0 -1.074219
2.2088  -0.004882813 0.0 -2.050781 1.586914 0.0 -1.635742 2.802734 0.0 -1.391602 3.916016 0.0 -1.142578 5.063477 0.0 -1.074219
2.2104  -0.004882813 0.0 -2.045898 1.586914 0.0 -1.635742 2.807617 0.0 -1.391602 3.916016 0.0 -1.147461 5.063477 0.0 -1.079102
2.212  -0.009765625 0.0 -2.045898 1.586914 0.0 -1.640625 2.807617 0.0 -1.396484 3.916016 0.0 -1.147461 5.063477 0.0 -1.079102
2.2136  -0.009765625 0.0 -2.045898 1.586914 0.0 -1.640625 2.807617 0.0 -1.401367 3.916016 0.0 -1.152344 5.068359 0.0 -1.083984
2.2152  -0.009765625 0.0 -2.045898 1.586914 0.0 -1.640625 2.807617 0.0 -1.40625 3.916016 0.0 -1.152344 5.068359 0.0 -1.083984
2.2168  -0.009765625 0.0 -2.045898 1.586914 0.0 -1.645508 2.807617 0.0 -1.411133 3.916016 0.0 -1.157227 5.068359 0.0 -1.088867
2.2184  -0.009765625 0.0 -2.045898 1.586914 0.0 -1.645508 2.8125 0.0 -1.416016 3.920898 0.0 -1.162109 5.068359 0.0 -1.09375
2.22  -0.009765625 0.0 -2.045898 1.586914 0.0 -1.650391 2.8125 0.0 -1.416016 3.920898 0.0 -1.166992 5.068359 0.0 -1.09375
2.2216  -0.004882813 0.0 -2.045898 1.591797 0.0 -1.655273 2.8125 0.0 -1.420898 3.920898 0.0 -1.166992 5.073242 0.0 -1.098633
2.2232  -0.004882813 0.0 -2.050781 1.591797 0.0 -1.655273 2.817383 0.0 -1.430664 3.920898 0.0 -1.171875 5.073242 0.0 -1.098633
2.2248  -0.004882813 0.0 -2.050781 1.591797 0.0 -1.660156 2.817383 0.0 -1.435547 3.920898 0.0 -1.176758 5.073242 0.0 -1.103516
2.2264  -0.004882813 0.0 -2.050781 1.591797 0.0 -1.665039 2.817383 0.0 -1.44043 3.920898 0.0 -1.181641 5.078125 0.0 -1.108398
2.228  -0.004882813 0.0 -2.055664 1.59668 0.0 -1.669922 2.822266 0.0 -1.445313 3.925781 0.0 -1.186523 5.078125 0.0 -1.113281
2.2296  -0.004882813 0.0 -2.060547 1.59668 0.0 -1.674805 2.822266 0.0 -1.450195 3.925781 0.0 -1.191406 5.078125 0.0 -1.113281
2.2312  0.0 0.0 -2.060547 1.601563 0.0 -1.679688 2.827148 0.0 -1.455078 3.925781 0.0 -1.196289 5.083008 0.0 -1.118164
2.2328  0.0 0.0 -2.06543 1.601563 0.0 -1.68457 2.827148 0.0 -1.464844 3.930664 0.0 -1.201172 5.083008 0.0 -1.123047
2.2344  0.0 0.0 -2.070313 1.601563 0.0 -1.689453 2.827148 0.0 -1.469727 3.930664 0.0 -1.206055 5.087891 0.0 -1.12793
2.236  0.004882813 0.0 -2.075195 1.606445 0.0 -1.694336 2.832031 0.0 -1.474609 3.930664 0.0 -1.210938 5.087891 0.0 -1.132813
2.2376  0.004882813 0.0 -2.080078 1.606445 0.0 -1.704102 2.832031 0.0 -1.484375 3.935547 0.0 -1.21582 5.092773 0.0 -1.132813
2.2392  0.009765625 0.0 -2.084961 1.611328 0.0 -1.708984 2.836914 0.0 -1.489258 3.935547 0.0 -1.225586 5.092773 0.0 -1.137695
2.2408  0.009765625 0.0 -2.089844 1.611328 0.0 -1.713867 2.836914 0.0 -1.499023 3.935547 0.0 -1.230469 5.092773 0.0 -1.142578
2.2424  0.009765625 0.0 -2.099609 1.616211 0.0 -1.723633 2.841797 0.0 -1.503906 3.94043 0.0 -1.235352 5.097656 0.0 -1.147461
2.244  0.01464844 0.0 -2.104492 1.616211 0.0 -1.733398 2.84668 0.0 -1.513672 3.94043 0.0 -1.245117 5.097656 0.0 -1.152344
2.2456  0.01464844 0.0 -2.114258 1.621094 0.0 -1.738281 2.84668 0.0 -1.518555 3.945313 0.0 -1.25 5.102539 0.0 -1.157227
2.2472  0.01953125 0.0 -2.119141 1.621094 0.0 -1.748047 2.851563 0.0 -1.52832 3.945313 0.0 -1.254883 5.102539 0.0 -1.162109
2.2488  0.01953125 0.0 -2.128906 1.625977 0.0 -1.757813 2.851563 0.0 -1.538086 3.945313 0.0 -1.264648 5.107422 0.0 -1.166992
2.2504  0.02441406 0.0 -2.138672 1.630859 0.0 -1.762695 2.856445 0.0 -1.542969 3.950195 0.0 -1.269531 5.107422 0.0 -1.171875
2.252  0.02929688 0.0 -2.143555 1.630859 0.0 -1.772461 2.856445 0.0 -1.552734 3.950195 0.0 -1.274414 5.112305 0.0 -1.176758
2.2536  0.02929688 0.0 -2.15332 1.635742 0.0 -1.782227 2.861328 0.0 -1.5625 3.950195 0.0 -1.28418 5.112305 0.0 -1.181641
2.2552  0.03417969 0.0 -2.163086 1.635742 0.0 -1.791992 2.861328 0.0 -1.572266 3.955078 0.0 -1.289063 5.112305 0.0 -1.186523
2.2568  0.03417969 0.0 -2.172852 1.640625 0.0 -1.801758 2.866211 0.0 -1.582031 3.955078 0.0 -1.293945 5.117188 0.0 -1.191406
2.2584  0.0390625 0.0 -2.1875 1.640625 0.0 -1.811523 2.866211 0.0 -1.586914 3.955078 0.0 -1.303711 5.117188 0.0 -1.196289
2.26  0.04394531 0.0 -2.197266 1.640625 0.0 -1.821289 2.871094 0.0 -1.59668 3.959961 0.0 -1.308594 5.117188 0.0 -1.201172
2.2616  0.04394531 0.0 -2.207031 1.645508 0.0 -1.831055 2.871094 0.0 -1.606445 3.959961 0.0 -1.313477 5.12207 0.0 -1.201172
2.2632  0.04882813 0.0 -2.22168 1.645508 0.0 -1.84082 2.871094 0.0 -1.616211 3.959961 0.0 -1.323242 5.12207 0.0 -1.206055
2.2648  0.05371094 0.0 -2.231445 1.650391 0.0 -1.850586 2.875977 0.0 -1.625977 3.959961 0.0 -1.328125 5.12207 0.0 -1.210938
2.2664  0.05371094 0.0 -2.241211 1.650391 0.0 -1.865234 2.875977 0.0 -1.635742 3.959961 0.0 -1.333008 5.12207 0.0 -1.21582
2.268  0.05859375 0.0 -2.255859 1.650391 0.0 -1.875 2.875977 0.0 -1.645508 3.964844 0.0 -1.337891 5.12207 0.0 -1.21582
2.2696  0.06347656 0.0 -2.270508 1.655273 0.0 -1.884766 2.880859 0.0 -1.655273 3.964844 0.0 -1.342773 5.126953 0.0 -1.220703
2.2712  0.06347656 0.0 -2.280273 1.655273 0.0 -1.894531 2.880859 0.0 -1.665039 3.964844 0.0 -1.352539 5.126953 0.0 -1.220703
2.2728  0.06835938 0.0 -2.294922 1.655273 0.0 -1.904297 2.880859 0.0 -1.674805 3.964844 0.0 -1.357422 5.126953 0.0 -1.225586
2.2744  0.07324219 0.0 -2.30957 1.660156 0.0 -1.914063 2.880859 0.0 -1.68457 3.964844 0.0 -1.362305 5.126953 0.0 -1.225586
2.276  0.078125 0.0 -2.319336 1.660156 0.0 -1.923828 2.880859 0.0 -1.694336 3.964844 0.0 -1.367188 5.126953 0.0 -1.230469
2.2776  0.078125 0.0 -2.333984 1.660156 0.0 -1.933594 2.885742 0.0 -1.699219 3.959961 0.0 -1.37207 5.12207 0.0 -1.230469
2.2792  0.08300781 0.0 -2.348633 1.660156 0.0 -1.948242 2.885742 0.0 -1.708984 3.959961 0.0 -1.37207 5.12207 0.0 -1.235352
2.2808  0.08789063 0.0 -2.363281 1.660156 0.0 -1.958008 2.885742 0.0 -1.71875 3.959961 0.0 -1.376953 5.12207 0.0 -1.235352
2.2824  0.08789063 0.0 -2.37793 1.660156 0.0 -1.967773 2.885742 0.0 -1.728516 3.959961 0.0 -1.381836 5.12207 0.0 -1.235352
2.284  0.09277344 0.0 -2.387695 1.660156 0.0 -1.977539 2.885742 0.0 -1.738281 3.959961 0.0 -1.386719 5.12207 0.0 -1.235352
2.2856  0.09765625 0.0 -2.402344 1.660156 0.0 -1.987305 2.885742 0.0 -1.743164 3.955078 0.0 -1.391602 5.117188 0.0 -1.235352
2.2872  0.1025391 0.0 -2.416992 1.660156 0.0 -1.99707 2.880859 0.0 -1.75293 3.955078 0.0 -1.391602 5.117188 0.0 -1.235352
2.2888  0.1025391 0.0 -2.431641 1.660156 0.0 -2.006836 2.880859 0.0 -1.762695 3.955078 0.0 -1.396484 5.117188 0.0 -1.235352
2.2904  0.1074219 0.0 -2.446289 1.660156 0.0 -2.016602 2.880859 0.0 -1.767578 3.950195 0.0 -1.401367 5.112305 0.0 -1.235352
2.292  0.1074219 0.0 -2.460938 1.655273 0.0 -2.026367 2.880859 0.0 -1.777344 3.950195 0.0 -1.40625 5.112305 0.0 -1.235352
2.2936  0.1123047 0.0 -2.475586 1.655273 0.0 -2.036133 2.880859 0.0 -1.782227 3.945313 0.0 -1.40625 5.107422 0.0 -1.235352
2.2952  0.1171875 0.0 -2.490234 1.655273 0.0 -2.045898 2.875977 0.0 -1.791992 3.945313 0.0 -1.411133 5.107422 0.0 -1.235352
2.2968  0.1171875 0.0 -2.5 1.655273 0.0 -2.050781 2.875977 0.0 -1.796875 3.94043 0.0 -1.411133 5.102539 0.0 -1.235352
2.2984  0.1220703 0.0 -2.514648 1.655273 0.0 -2.060547 2.875977 0.0 -1.806641 3.94043 0.0 -1.416016 5.097656 0.0 -1.235352
2.3  0.1269531 0.0 -2.529297 1.650391 0.0 -2.070313 2.871094 0.0 -1.811523 3.935547 0.0 -1.420898 5.097656 0.0 -1.235352
2.3016  0.1269531 0.0 -2.543945 1.650391 0.0 -2.080078 2.871094 0.0 -1.821289 3.930664 0.0 -1.420898 5.092773 0.0 -1.235352
2.3032  0.1318359 0.0 -2.558594 1.650391 0.0 -2.089844 2.871094 0.0 -1.826172 3.930664 0.0 -1.425781 5.092773 0.0 -1.235352
2.3048  0.1367188 0.0 -2.568359 1.645508 0.0 -2.099609 2.871094 0.0 -1.835938 3.925781 0.0 -1.430664 5.087891 0.0 -1.235352
2.3064  0.1367188 0.0 -2.583008 1.645508 0.0 -2.104492 2.866211 0.0 -1.84082 3.920898 0.0 -1.430664 5.083008 0.0 -1.235352
2.308  0.1416016 0.0 -2.597656 1.645508 0.0 -2.114258 2.866211 0.0 -1.850586 3.920898 0.0 -1.435547 5.083008 0.0 -1.235352
2.3096  0.1416016 0.0 -2.612305 1.645508 0.0 -2.124023 2.866211 0.0 -1.855469 3.916016 0.0 -1.44043 5.078125 0.0 -1.235352
2.3112  0.1464844 0.0 -2.62207 1.640625 0.0 -2.133789 2.861328 0.0 -1.860352 3.916016 0.0 -1.44043 5.073242 0.0 -1.235352
2.3128  0.1513672 0.0 -2.636719 1.640625 0.0 -2.143555 2.861328 0.0 -1.870117 3.911133 0.0 -1.445313 5.073242 0.0 -1.235352
2.3144  0.1513672 0.0 -2.651367 1.640625 0.0 -2.148438 2.861328 0.0 -1.875 3.911133 0.0 -1.450195 5.068359 0.0 -1.235352
2.316  0.15625 0.0 -2.661133 1.640625 0.0 -2.158203 2.861328 0.0 -1.879883 3.90625 0.0 -1.455078 5.068359 0.0 -1.235352
2.3176  0.1611328 0.0 -2.675781 1.640625 0.0 -2.167969 2.856445 0.0 -1.889648 3.901367 0.0 -1.455078 5.063477 0.0 -1.235352
2.3192  0.1611328 0.0 -2.685547 1.640625 0.0 -2.172852 2.856445 0.0 -1.894531 3.901367 0.0 -1.459961 5.063477 0.0 -1.235352
2.3208  0.1660156 0.0 -2.700195 1.635742 0.0 -2.182617 2.856445 0.0 -1.899414 3.896484 0.0 -1.464844 5.058594 0.0 -1.240234
2.3224  0.1660156 0.0 -2.709961 1.635742 0.0 -2.192383 2.856445 0.0 -1.904297 3.896484 0.0 -1.469727 5.058594 0.0 -1.240234
2.324  0.1708984 0.0 -2.724609 1.635742 0.0 -2.197266 2.856445 0.0 -1.914063 3.896484 0.0 -1.474609 5.053711 0.0 -1.240234
2.3256  0.1708984 0.0 -2.734375 1.635742 0.0 -2.207031 2.851563 0.0 -1.918945 3.891602 0.0 -1.474609 5.053711 0.0 -1.240234
2.3272  0.1757813 0.0 -2.744141 1.635742 0.0 -2.216797 2.851563 0.0 -1.923828 3.891602 0.0 -1.479492 5.048828 0.0 -1.245117
2.3288  0.1806641 0.0 -2.758789 1.635742 0.0 -2.22168 2.851563 0.0 -1.928711 3.886719 0.0 -1.484375 5.048828 0.0 -1.245117
2.3304  0.1806641 0.0 -2.768555 1.635742 0.0 -2.231445 2.851563 0.0 -1.938477 3.886719 0.0 -1.489258 5.043945 0.0 -1.25
2.332  0.1806641 0.0 -2.77832 1.635742 0.0 -2.236328 2.851563 0.0 -1.943359 3.881836 0.0 -1.494141 5.043945 0.0 -1.25
2.3336  0.1855469 0.0 -2.788086 1.635742 0.0 -2.246094 2.851563 0.0 -1.948242 3.881836 0.0 -1.499023 5.043945 0.0 -1.25
2.3352  0.1855469 0.0 -2.797852 1.635742 0.0 -2.250977 2.851563 0.0 -1.953125 3.881836 0.0 -1.503906 5.039063 0.0 -1.254883
2.3368  0.1904297 0.0 -2.807617 1.635742 0.0 -2.260742 2.851563 0.0 -1.958008 3.876953 0.0 -1.508789 5.039063 0.0 -1.254883
2.3384  0.1904297 0.0 -2.817383 1.635742 0.0 -2.265625 2.851563 0.0 -1.967773 3.876953 0.0 -1.508789 5.039063 0.0 -1.259766
2.34  0.1904297 0.0 -2.827148 1.635742 0.0 -2.270508 2.851563 0.0 -1.972656 3.876953 0.0 -1.513672 5.03418 0.0 -1.259766
2.3416  0.1953125 0.0 -2.832031 1.635742 0.0 -2.280273 2.851563 0.0 -1.977539 3.87207 0.0 -1.518555 5.03418 0.0 -1.264648
2.3432  0.1953125 0.0 -2.841797 1.635742 0.0 -2.285156 2.851563 0.0 -1.982422 3.87207 0.0 -1.523438 5.03418 0.0 -1.264648
2.3448  0.1953125 0.0 -2.851563 1.635742 0.0 -2.290039 2.851563 0.0 -1.987305 3.87207 0.0 -1.523438 5.029297 0.0 -1.269531
2.3464  0.2001953 0.0 -2.856445 1.635742 0.0 -2.294922 2.84668 0.0 -1.992188 3.867188 0.0 -1.52832 5.029297 0.0 -1.269531
2.348  0.2001953 0.0 -2.866211 1.635742 0.0 -2.299805 2.84668 0.0 -1.99707 3.867188 0.0 -1.533203 5.029297 0.0 -1.269531
2.3496  0.2001953 0.0 -2.871094 1.635742 0.0 -2.304688 2.84668 0.0 -1.99707 3.862305 0.0 -1.533203 5.024414 0.0 -1.274414
2.3512  0.2001953 0.0 -2.875977 1.635742 0.0 -2.30957 2.84668 0.0 -2.001953 3.862305 0.0 -1.538086 5.024414 0.0 -1.274414
2.3528  0.2001953 0.0 -2.885742 1.635742 0.0 -2.314453 2.84668 0.0 -2.006836 3.862305 0.0 -1.538086 5.024414 0.0 -1.279297
2.3544  0.2001953 0.0 -2.890625 1.635742 0.0 -2.319336 2.84668 0.0 -2.011719 3.857422 0.0 -1.542969 5.024414 0.0 -1.279297
2.356  0.2050781 0.0 -2.895508 1.635742 0.0 -2.324219 2.84668 0.0 -2.016602 3.857422 0.0 -1.542969 5.019531 0.0 -1.279297
2.3576  0.2050781 0.0 -2.900391 1.630859 0.0 -2.329102 2.84668 0.0 -2.016602 3.857422 0.0 -1.542969 5.019531 0.0 -1.279297
2.3592  0.2050781 0.0 -2.905273 1.630859 0.0 -2.329102 2.84668 0.0 -2.021484 3.857422 0.0 -1.547852 5.019531 0.0 -1.28418
2.3608  0.2050781 0.0 -2.910156 1.630859 0.0 -2.333984 2.84668 0.0 -2.021484 3.852539 0.0 -1.547852 5.019531 0.0 -1.28418
2.3624  0.2050781 0.0 -2.915039 1.630859 0.0 -2.333984 2.841797 0.0 -2.026367 3.852539 0.0 -1.547852 5.014648 0.0 -1.28418
2.364  0.2050781 0.0 -2.919922 1.630859 0.0 -2.338867 2.841797 0.0 -2.026367 3.852539 0.0 -1.547852 5.014648 0.0 -1.28418
2.3656  0.2099609 0.0 -2.924805 1.630859 0.0 -2.338867 2.841797 0.0 -2.03125 3.852539 0.0 -1.547852 5.014648 0.0 -1.28418
2.3672  0.2099609 0.0 -2.924805 1.630859 0.0 -2.34375 2.841797 0.0 -2.03125 3.852539 0.0 -1.547852 5.014648 0.0 -1.289063
2.3688  0.2099609 0.0 -2.929688 1.630859 0.0 -2.34375 2.841797 0.0 -2.03125 3.847656 0.0 -1.547852 5.014648 0.0 -1.289063
2.3704  0.2099609 0.0 -2.93457 1.630859 0.0 -2.34375 2.841797 0.0 -2.036133 3.847656 0.0 -1.547852 5.014648 0.0 -1.289063
2.372  0.2099609 0.0 -2.93457 1.630859 0.0 -2.34375 2.841797 0.0 -2.036133 3.847656 0.0 -1.547852 5.014648 0.0 -1.289063
2.3736  0.2099609 0.0 -2.939453 1.635742 0.0 -2.34375 2.841797 0.0 -2.036133 3.847656 0.0 -1.547852 5.014648 0.0 -1.289063
2.3752  0.2148438 0.0 -2.939453 1.635742 0.0 -2.34375 2.84668 0.0 -2.036133 3.847656 0.0 -1.547852 5.014648 0.0 -1.289063
2.3768  0.2148438 0.0 -2.944336 1.635742 0.0 -2.34375 2.84668 0.0 -2.036133 3.847656 0.0 -1.547852 5.014648 0.0 -1.289063
2.3784  0.2148438 0.0 -2.944336 1.635742 0.0 -2.34375 2.84668 0.0 -2.036133 3.847656 0.0 -1.547852 5.014648 0.0 -1.289063
2.38  0.2148438 0.0 -2.944336 1.635742 0.0 -2.34375 2.84668 0.0 -2.036133 3.847656 0.0 -1.547852 5.014648 0.0 -1.289063
2.3816  0.2197266 0.0 -2.949219 1.635742 0.0 -2.34375 2.84668 0.0 -2.036133 3.847656 0.0 -1.542969 5.014648 0.0 -1.289063
2.3832  0.2197266 0.0 -2.949219 1.635742 0.0 -2.34375 2.84668 0.0 -2.036133 3.847656 0.0 -1.542969 5.014648 0.0 -1.289063
2.3848  0.2197266 0.0 -2.949219 1.640625 0.0 -2.34375 2.84668 0.0 -2.036133 3.847656 0.0 -1.542969 5.014648 0.0 -1.28418
2.3864  0.2197266 0.0 -2.949219 1.640625 0.0 -2.34375 2.84668 0.0 -2.03125 3.852539 0.0 -1.542969 5.019531 0.0 -1.28418
2.388  0.2197266 0.0 -2.949219 1.640625 0.0 -2.34375 2.84668 0.0 -2.03125 3.852539 0.0 -1.538086 5.019531 0.0 -1.28418
2.3896  0.2197266 0.0 -2.949219 1.640625 0.0 -2.338867 2.84668 0.0 -2.03125 3.852539 0.0 -1.538086 5.019531 0.0 -1.28418
2.3912  0.2197266 0.0 -2.949219 1.640625 0.0 -2.338867 2.851563 0.0 -2.03125 3.852539 0.0 -1.538086 5.019531 0.0 -1.28418
2.3928  0.2246094 0.0 -2.949219 1.640625 0.0 -2.338867 2.851563 0.0 -2.026367 3.852539 0.0 -1.533203 5.019531 0.0 -1.28418
2.3944  0.2246094 0.0 -2.949219 1.645508 0.0 -2.333984 2.851563 0.0 -2.026367 3.852539 0.0 -1.533203 5.024414 0.0 -1.28418
2.396  0.2246094 0.0 -2.949219 1.645508 0.0 -2.333984 2.851563 0.0 -2.026367 3.852539 0.0 -1.533203 5.024414 0.0 -1.28418
2.3976  0.2246094 0.0 -2.949219 1.645508 0.0 -2.333984 2.851563 0.0 -2.021484 3.857422 0.0 -1.533203 5.024414 0.0 -1.28418
2.3992  0.2246094 0.0 -2.949219 1.645508 0.0 -2.329102 2.851563 0.0 -2.021484 3.857422 0.0 -1.52832 5.024414 0.0 -1.28418
2.4008  0.2246094 0.0 -2.949219 1.645508 0.0 -2.329102 2.851563 0.0 -2.016602 3.857422 0.0 -1.52832 5.024414 0.0 -1.28418
2.4024  0.2246094 0.0 -2.949219 1.645508 0.0 -2.329102 2.851563 0.0 -2.016602 3.857422 0.0 -1.52832 5.029297 0.0 -1.28418
2.404  0.2246094 0.0 -2.944336 1.650391 0.0 -2.324219 2.851563 0.0 -2.011719 3.857422 0.0 -1.523438 5.029297 0.0 -1.28418
2.4056  0.2246094 0.0 -2.944336 1.650391 0.0 -2.324219 2.851563 0.0 -2.011719 3.862305 0.0 -1.523438 5.029297 0.0 -1.28418
2.4072  0.2246094 0.0 -2.944336 1.650391 0.0 -2.319336 2.851563 0.0 -2.006836 3.862305 0.0 -1.523438 5.029297 0.0 -1.28418
2.4088  0.2246094 0.0 -2.939453 1.650391 0.0 -2.319336 2.856445 0.0 -2.006836 3.862305 0.0 -1.523438 5.03418 0.0 -1.28418
2.4104  0.2246094 0.0 -2.939453 1.650391 0.0 -2.319336 2.856445 0.0 -2.001953 3.862305 0.0 -1.518555 5.03418 0.0 -1.28418
2.412  0.2246094 0.0 -2.939453 1.655273 0.0 -2.314453 2.856445 0.0 -1.99707 3.862305 0.0 -1.518555 5.03418 0.0 -1.28418
2.4136  0.2246094 0.0 -2.93457 1.655273 0.0 -2.314453 2.856445 0.0 -1.99707 3.867188 0.0 -1.518555 5.039063 0.0 -1.279297
2.4152  0.2246094 0.0 -2.93457 1.655273 0.0 -2.30957 2.856445 0.0 -1.992188 3.867188 0.0 -1.513672 5.039063 0.0 -1.279297
2.4168  0.2246094 0.0 -2.93457 1.655273 0.0 -2.304688 2.856445 0.0 -1.987305 3.867188 0.0 -1.513672 5.039063 0.0 -1.279297
2.4184  0.2246094 0.0 -2.929688 1.660156 0.0 -2.304688 2.856445 0.0 -1.987305 3.87207 0.0 -1.508789 5.039063 0.0 -1.279297
2.42  0.2246094 0.0 -2.929688 1.660156 0.0 -2.299805 2.856445 0.0 -1.982422 3.87207 0.0 -1.508789 5.043945 0.0 -1.279297
2.4216  0.2246094 0.0 -2.924805 1.660156 0.0 -2.299805 2.856445 0.0 -1.977539 3.87207 0.0 -1.508789 5.043945 0.0 -1.279297
2.4232  0.2246094 0.0 -2.924805 1.660156 0.0 -2.294922 2.861328 0.0 -1.972656 3.87207 0.0 -1.503906 5.043945 0.0 -1.279297
2.4248  0.2246094 0.0 -2.924805 1.665039 0.0 -2.294922 2.861328 0.0 -1.967773 3.876953 0.0 -1.503906 5.048828 0.0 -1.274414
2.4264  0.2246094 0.0 -2.919922 1.665039 0.0 -2.290039 2.861328 0.0 -1.967773 3.876953 0.0 -1.499023 5.048828 0.0 -1.274414
2.428  0.2246094 0.0 -2.919922 1.665039 0.0 -2.285156 2.861328 0.0 -1.962891 3.876953 0.0 -1.499023 5.048828 0.0 -1.274414
2.4296  0.2246094 0.0 -2.915039 1.665039 0.0 -2.280273 2.861328 0.0 -1.958008 3.876953 0.0 -1.494141 5.053711 0.0 -1.274414
2.4312  0.2294922 0.0 -2.915039 1.669922 0.0 -2.280273 2.861328 0.0 -1.953125 3.881836 0.0 -1.494141 5.053711 0.0 -1.269531
2.4328  0.2294922 0.0 -2.910156 1.669922 0.0 -2.275391 2.861328 0.0 -1.948242 3.881836 0.0 -1.489258 5.053711 0.0 -1.269531
2.4344  0.2294922 0.0 -2.910156 1.669922 0.0 -2.270508 2.861328 0.0 -1.943359 3.881836 0.0 -1.484375 5.058594 0.0 -1.269531
2.436  0.2294922 0.0 -2.905273 1.669922 0.0 -2.265625 2.866211 0.0 -1.938477 3.886719 0.0 -1.484375 5.058594 0.0 -1.269531
2.4376  0.2294922 0.0 -2.900391 1.669922 0.0 -2.260742 2.866211 0.0 -1.933594 3.886719 0.0 -1.479492 5.058594 0.0 -1.264648
2.4392  0.2294922 0.0 -2.900391 1.669922 0.0 -2.260742 2.866211 0.0 -1.928711 3.886719 0.0 -1.474609 5.063477 0.0 -1.264648
2.4408  0.2294922 0.0 -2.895508 1.674805 0.0 -2.255859 2.866211 0.0 -1.923828 3.886719 0.0 -1.469727 5.063477 0.0 -1.259766
2.4424  0.2294922 0.0 -2.895508 1.674805 0.0 -2.250977 2.866211 0.0 -1.918945 3.886719 0.0 -1.464844 5.063477 0.0 -1.259766
2.444  0.234375 0.0 -2.890625 1.674805 0.0 -2.246094 2.866211 0.0 -1.90918 3.891602 0.0 -1.464844 5.063477 0.0 -1.259766
2.4456  0.234375 0.0 -2.885742 1.674805 0.0 -2.241211 2.866211 0.0 -1.904297 3.891602 0.0 -1.459961 5.068359 0.0 -1.254883
2.4472  0.234375 0.0 -2.885742 1.674805 0.0 -2.236328 2.866211 0.0 -1.899414 3.891602 0.0 -1.455078 5.068359 0.0 -1.254883
2.4488  0.234375 0.0 -2.880859 1.674805 0.0 -2.231445 2.866211 0.0 -1.894531 3.891602 0.0 -1.450195 5.068359 0.0 -1.25
2.4504  0.234375 0.0 -2.880859 1.674805 0.0 -2.226563 2.866211 0.0 -1.889648 3.891602 0.0 -1.445313 5.068359 0.0 -1.25
2.452  0.234375 0.0 -2.875977 1.674805 0.0 -2.22168 2.866211 0.0 -1.884766 3.891602 0.0 -1.44043 5.073242 0.0 -1.245117
2.4536  0.234375 0.0 -2.871094 1.674805 0.0 -2.211914 2.866211 0.0 -1.875 3.891602 0.0 -1.435547 5.073242 0.0 -1.245117
2.4552  0.234375 0.0 -2.871094 1.674805 0.0 -2.207031 2.866211 0.0 -1.870117 3.896484 0.0 -1.430664 5.073242 0.0 -1.240234
2.4568  0.234375 0.0 -2.866211 1.674805 0.0 -2.202148 2.866211 0.0 -1.865234 3.896484 0.0 -1.425781 5.073242 0.0 -1.240234
2.4584  0.234375 0.0 -2.861328 1.674805 0.0 -2.197266 2.866211 0.0 -1.860352 3.896484 0.0 -1.420898 5.073242 0.0 -1.235352
2.46  0.234375 0.0 -2.861328 1.669922 0.0 -2.192383 2.866211 0.0 -1.855469 3.896484 0.0 -1.416016 5.073242 0.0 -1.235352
2.4616  0.234375 0.0 -2.856445 1.669922 0.0 -2.1875 2.861328 0.0 -1.845703 3.896484 0.0 -1.411133 5.078125 0.0 -1.230469
2.4632  0.234375 0.0 -2.851563 1.669922 0.0 -2.182617 2.861328 0.0 -1.84082 3.896484 0.0 -1.40625 5.078125 0.0 -1.230469
2.4648  0.234375 0.0 -2.84668 1.669922 0.0 -2.172852 2.861328 0.0 -1.835938 3.896484 0.0 -1.401367 5.078125 0.0 -1.225586
2.4664  0.234375 0.0 -2.84668 1.669922 0.0 -2.167969 2.861328 0.0 -1.831055 3.896484 0.0 -1.396484 5.078125 0.0 -1.225586
2.468  0.234375 0.0 -2.841797 1.669922 0.0 -2.163086 2.861328 0.0 -1.821289 3.896484 0.0 -1.391602 5.078125 0.0 -1.220703
2.4696  0.234375 0.0 -2.836914 1.665039 0.0 -2.158203 2.861328 0.0 -1.816406 3.896484 0.0 -1.386719 5.078125 0.0 -1.220703
2.4712  0.2294922 0.0 -2.836914 1.665039 0.0 -2.15332 2.856445 0.0 -1.811523 3.896484 0.0 -1.381836 5.078125 0.0 -1.21582
2.4728  0.2294922 0.0 -2.832031 1.665039 0.0 -2.143555 2.856445 0.0 -1.801758 3.896484 0.0 -1.376953 5.078125 0.0 -1.21582
2.4744  0.2294922 0.0 -2.827148 1.665039 0.0 -2.138672 2.856445 0.0 -1.796875 3.896484 0.0 -1.37207 5.078125 0.0 -1.210938
2.476  0.2294922 0.0 -2.827148 1.660156 0.0 -2.133789 2.851563 0.0 -1.791992 3.896484 0.0 -1.367188 5.078125 0.0 -1.210938
2.4776  0.2294922 0.0 -2.822266 1.660156 0.0 -2.128906 2.851563 0.0 -1.782227 3.896484 0.0 -1.362305 5.078125 0.0 -1.210938
2.4792  0.2294922 0.0 -2.817383 1.660156 0.0 -2.124023 2.851563 0.0 -1.777344 3.896484 0.0 -1.357422 5.078125 0.0 -1.206055
2.4808  0.2294922 0.0 -2.8125 1.655273 0.0 -2.119141 2.84668 0.0 -1.772461 3.896484 0.0 -1.352539 5.078125 0.0 -1.206055
2.4824  0.2294922 0.0 -2.8125 1.655273 0.0 -2.109375 2.84668 0.0 -1.762695 3.896484 0.0 -1.347656 5.073242 0.0 -1.201172
2.484  0.2294922 0.0 -2.807617 1.655273 0.0 -2.104492 2.84668 0.0 -1.757813 3.896484 0.0 -1.342773 5.073242 0.0 -1.201172
2.4856  0.2246094 0.0 -2.802734 1.650391 0.0 -2.099609 2.841797 0.0 -1.748047 3.896484 0.0 -1.337891 5.073242 0.0 -1.196289
2.4872  0.2246094 0.0 -2.802734 1.650391 0.0 -2.094727 2.841797 0.0 -1.743164 3.896484 0.0 -1.333008 5.073242 0.0 -1.196289
2.4888  0.2246094 0.0 -2.797852 1.645508 0.0 -2.084961 2.836914 0.0 -1.733398 3.896484 0.0 -1.328125 5.073242 0.0 -1.191406
2.4904  0.2246094 0.0 -2.792969 1.645508 0.0 -2.080078 2.836914 0.0 -1.728516 3.896484 0.0 -1.323242 5.073242 0.0 -1.186523
2.492  0.2246094 0.0 -2.792969 1.645508 0.0 -2.075195 2.836914 0.0 -1.71875 3.891602 0.0 -1.318359 5.073242 0.0 -1.186523
2.4936  0.2246094 0.0 -2.788086 1.640625 0.0 -2.070313 2.832031 0.0 -1.708984 3.891602 0.0 -1.313477 5.073242 0.0 -1.181641
2.4952  0.2246094 0.0 -2.783203 1.640625 0.0 -2.060547 2.832031 0.0 -1.704102 3.891602 0.0 -1.308594 5.068359 0.0 -1.176758
2.4968  0.2197266 0.0 -2.77832 1.635742 0.0 -2.055664 2.827148 0.0 -1.694336 3.891602 0.0 -1.303711 5.068359 0.0 -1.176758
2.4984  0.2197266 0.0 -2.77832 1.635742 0.0 -2.050781 2.822266 0.0 -1.68457 3.891602 0.0 -1.298828 5.068359 0.0 -1.171875
2.5  0.2197266 0.0 -2.773438 1.630859 0.0 -2.041016 2.822266 0.0 -1.674805 3.891602 0.0 -1.289063 5.068359 0.0 -1.166992
2.5016  0.2197266 0.0 -2.768555 1.630859 0.0 -2.036133 2.817383 0.0 -1.665039 3.886719 0.0 -1.28418 5.068359 0.0 -1.162109
2.5032  0.2197266 0.0 -2.763672 1.625977 0.0 -2.026367 2.817383 0.0 -1.655273 3.886719 0.0 -1.279297 5.063477 0.0 -1.162109
2.5048  0.2148438 0.0 -2.758789 1.625977 0.0 -2.021484 2.8125 0.0 -1.645508 3.886719 0.0 -1.269531 5.063477 0.0 -1.157227
2.5064  0.2148438 0.0 -2.758789 1.621094 0.0 -2.011719 2.807617 0.0 -1.635742 3.886719 0.0 -1.264648 5.063477 0.0 -1.152344
2.508  0.2148438 0.0 -2.753906 1.621094 0.0 -2.006836 2.807617 0.0 -1.625977 3.886719 0.0 -1.254883 5.063477 0.0 -1.147461
2.5096  0.2099609 0.0 -2.749023 1.616211 0.0 -1.99707 2.802734 0.0 -1.611328 3.881836 0.0 -1.25 5.058594 0.0 -1.142578
2.5112  0.2099609 0.0 -2.744141 1.616211 0.0 -1.992188 2.797852 0.0 -1.601563 3.881836 0.0 -1.240234 5.058594 0.0 -1.137695
2.5128  0.2099609 0.0 -2.739258 1.611328 0.0 -1.982422 2.792969 0.0 -1.591797 3.881836 0.0 -1.230469 5.058594 0.0 -1.132813
2.5144  0.2099609 0.0 -2.734375 1.606445 0.0 -1.977539 2.792969 0.0 -1.577148 3.881836 0.0 -1.220703 5.058594 0.0 -1.12793
2.516  0.2050781 0.0 -2.729492 1.606445 0.0 -1.967773 2.788086 0.0 -1.567383 3.876953 0.0 -1.21582 5.053711 0.0 -1.118164
2.5176  0.2050781 0.0 -2.724609 1.601563 0.0 -1.958008 2.783203 0.0 -1.552734 3.876953 0.0 -1.206055 5.053711 0.0 -1.113281
2.5192  0.2050781 0.0 -2.719727 1.601563 0.0 -1.953125 2.77832 0.0 -1.542969 3.876953 0.0 -1.196289 5.053711 0.0 -1.108398
2.5208  0.2001953 0.0 -2.714844 1.59668 0.0 -1.943359 2.77832 0.0 -1.52832 3.876953 0.0 -1.181641 5.053711 0.0 -1.103516
2.5224  0.2001953 0.0 -2.709961 1.591797 0.0 -1.933594 2.773438 0.0 -1.513672 3.876953 0.0 -1.171875 5.048828 0.0 -1.098633
2.524  0.2001953 0.0 -2.705078 1.591797 0.0 -1.923828 2.768555 0.0 -1.503906 3.87207 0.0 -1.162109 5.048828 0.0 -1.088867
2.5256  0.1953125 0.0 -2.700195 1.586914 0.0 -1.918945 2.763672 0.0 -1.489258 3.87207 0.0 -1.152344 5.048828 0.0 -1.083984
2.5272  0.1953125 0.0 -2.695313 1.586914 0.0 -1.90918 2.758789 0.0 -1.474609 3.87207 0.0 -1.137695 5.043945 0.0 -1.079102
2.5288  0.1953125 0.0 -2.69043 1.582031 0.0 -1.899414 2.753906 0.0 -1.459961 3.87207 0.0 -1.12793 5.043945 0.0 -1.069336
2.5304  0.1904297 0.0 -2.685547 1.577148 0.0 -1.889648 2.753906 0.0 -1.445313 3.867188 0.0 -1.118164 5.043945 0.0 -1.064453
2.532  0.1904297 0.0 -2.680664 1.577148 0.0 -1.879883 2.749023 0.0 -1.430664 3.867188 0.0 -1.103516 5.043945 0.0 -1.054688
2.5336  0.1904297 0.0 -2.675781 1.572266 0.0 -1.870117 2.744141 0.0 -1.416016 3.867188 0.0 -1.088867 5.039063 0.0 -1.049805
2.5352  0.1855469 0.0 -2.670898 1.572266 0.0 -1.860352 2.739258 0.0 -1.401367 3.867188 0.0 -1.079102 5.039063 0.0 -1.040039
2.5368  0.1855469 0.0 -2.661133 1.567383 0.0 -1.855469 2.734375 0.0 -1.386719 3.867188 0.0 -1.064453 5.039063 0.0 -1.035156
2.5384  0.1855469 0.0 -2.65625 1.5625 0.0 -1.845703 2.729492 0.0 -1.37207 3.867188 0.0 -1.054688 5.039063 0.0 -1.025391
2.54  0.1806641 0.0 -2.651367 1.5625 0.0 -1.835938 2.724609 0.0 -1.357422 3.867188 0.0 -1.040039 5.03418 0.0 -1.015625
2.5416  0.1806641 0.0 -2.646484 1.557617 0.0 -1.826172 2.724609 0.0 -1.342773 3.862305 0.0 -1.025391 5.03418 0.0 -1.005859
2.5432  0.1806641 0.0 -2.641602 1.557617 0.0 -1.816406 2.719727 0.0 -1.328125 3.862305 0.0 -1.010742 5.03418 0.0 -1.000977
2.5448  0.1806641 0.0 -2.636719 1.552734 0.0 -1.806641 2.714844 0.0 -1.308594 3.862305 0.0 -1.000977 5.029297 0.0 -0.9912109
2.5464  0.1757813 0.0 -2.631836 1.552734 0.0 -1.796875 2.709961 0.0 -1.293945 3.862305 0.0 -0.9863281 5.029297 0.0 -0.9814453
2.548  0.1757813 0.0 -2.626953 1.547852 0.0 -1.791992 2.705078 0.0 -1.279297 3.862305 0.0 -0.9716797 5.029297 0.0 -0.9716797
2.5496  0.1757813 0.0 -2.62207 1.547852 0.0 -1.782227 2.700195 0.0 -1.264648 3.862305 0.0 -0.9570313 5.024414 0.0 -0.9619141
2.5512  0.1757813 0.0 -2.617188 1.542969 0.0 -1.772461 2.695313 0.0 -1.25 3.857422 0.0 -0.9423828 5.024414 0.0 -0.9570313
2.5528  0.1708984 0.0 -2.612305 1.542969 0.0 -1.762695 2.69043 0.0 -1.230469 3.857422 0.0 -0.9277344 5.024414 0.0 -0.9472656
2.5544  0.1708984 0.0 -2.607422 1.538086 0.0 -1.75293 2.685547 0.0 -1.21582 3.857422 0.0 -0.9179688 5.019531 0.0 -0.9375
2.556  0.1708984 0.0 -2.602539 1.538086 0.0 -1.748047 2.680664 0.0 -1.201172 3.857422 0.0 -0.9033203 5.019531 0.0 -0.9277344
2.5576  0.1708984 0.0 -2.602539 1.533203 0.0 -1.738281 2.675781 0.0 -1.186523 3.857422 0.0 -0.8886719 5.014648 0.0 -0.9179688
2.5592  0.1660156 0.0 -2.597656 1.533203 0.0 -1.728516 2.670898 0.0 -1.171875 3.857422 0.0 -0.8740234 5.014648 0.0 -0.9082031
2.5608  0.1660156 0.0 -2.592773 1.52832 0.0 -1.723633 2.666016 0.0 -1.152344 3.852539 0.0 -0.859375 5.009766 0.0 -0.8935547
2.5624  0.1660156 0.0 -2.587891 1.52832 0.0 -1.713867 2.661133 0.0 -1.137695 3.852539 0.0 -0.8447266 5.009766 0.0 -0.8837891
2.564  0.1660156 0.0 -2.583008 1.523438 0.0 -1.704102 2.65625 0.0 -1.123047 3.852539 0.0 -0.8300781 5.004883 0.0 -0.8740234
2.5656  0.1660156 0.0 -2.578125 1.523438 0.0 -1.699219 2.646484 0.0 -1.108398 3.852539 0.0 -0.8154297 5.0 0.0 -0.8642578
2.5672  0.1611328 0.0 -2.573242 1.518555 0.0 -1.689453 2.641602 0.0 -1.09375 3.852539 0.0 -0.8007813 5.0 0.0 -0.8544922
2.5688  0.1611328 0.0 -2.568359 1.518555 0.0 -1.68457 2.636719 0.0 -1.079102 3.847656 0.0 -0.7861328 4.995117 0.0 -0.8398438
2.5704  0.1611328 0.0 -2.563477 1.513672 0.0 -1.674805 2.631836 0.0 -1.05957 3.847656 0.0 -0.7714844 4.990234 0.0 -0.8300781
2.572  0.1611328 0.0 -2.563477 1.513672 0.0 -1.665039 2.626953 0.0 -1.044922 3.847656 0.0 -0.7568359 4.990234 0.0 -0.8154297
2.5736  0.1611328 0.0 -2.558594 1.508789 0.0 -1.660156 2.62207 0.0 -1.030273 3.842773 0.0 -0.7421875 4.985352 0.0 -0.8056641
2.5752  0.15625 0.0 -2.553711 1.503906 0.0 -1.650391 2.612305 0.0 -1.015625 3.842773 0.0 -0.7275391 4.980469 0.0 -0.7910156
2.5768  0.15625 0.0 -2.548828 1.503906 0.0 -1.645508 2.607422 0.0 -1.000977 3.837891 0.0 -0.7128906 4.975586 0.0 -0.78125
2.5784  0.15625 0.0 -2.543945 1.499023 0.0 -1.635742 2.602539 0.0 -0.9863281 3.837891 0.0 -0.6982422 4.970703 0.0 -0.7666016
2.58  0.15625 0.0 -2.539063 1.499023 0.0 -1.630859 2.592773 0.0 -0.9716797 3.837891 0.0 -0.6787109 4.96582 0.0 -0.7519531
2.5816  0.15625 0.0 -2.53418 1.494141 0.0 -1.621094 2.587891 0.0 -0.9570313 3.833008 0.0 -0.6640625 4.960938 0.0 -0.7373047
2.5832  0.1513672 0.0 -2.529297 1.489258 0.0 -1.616211 2.583008 0.0 -0.9423828 3.828125 0.0 -0.6494141 4.956055 0.0 -0.7226563
2.5848  0.1513672 0.0 -2.524414 1.489258 0.0 -1.606445 2.573242 0.0 -0.9277344 3.828125 0.0 -0.6347656 4.951172 0.0 -0.7128906
2.5864  0.1513672 0.0 -2.524414 1.484375 0.0 -1.601563 2.568359 0.0 -0.9130859 3.823242 0.0 -0.6201172 4.946289 0.0 -0.6982422
2.588  0.1513672 0.0 -2.519531 1.479492 0.0 -1.591797 2.558594 0.0 -0.8984375 3.818359 0.0 -0.6005859 4.941406 0.0 -0.6835938
2.5896  0.1464844 0.0 -2.514648 1.474609 0.0 -1.586914 2.553711 0.0 -0.8886719 3.818359 0.0 -0.5859375 4.936523 0.0 -0.6689453
2.5912  0.1464844 0.0 -2.509766 1.469727 0.0 -1.582031 2.543945 0.0 -0.8740234 3.813477 0.0 -0.5712891 4.931641 0.0 -0.6542969
2.5928  0.1464844 0.0 -2.504883 1.469727 0.0 -1.572266 2.539063 0.0 -0.859375 3.808594 0.0 -0.5566406 4.926758 0.0 -0.6396484
2.5944  0.1464844 0.0 -2.5 1.464844 0.0 -1.567383 2.529297 0.0 -0.8447266 3.803711 0.0 -0.5371094 4.921875 0.0 -0.6201172
2.596  0.1416016 0.0 -2.495117 1.459961 0.0 -1.5625 2.524414 0.0 -0.8300781 3.798828 0.0 -0.5224609 4.912109 0.0 -0.6054688
2.5976  0.1416016 0.0 -2.490234 1.455078 0.0 -1.552734 2.514648 0.0 -0.8203125 3.793945 0.0 -0.5078125 4.907227 0.0 -0.5908203
2.5992  0.1416016 0.0 -2.485352 1.450195 0.0 -1.547852 2.509766 0.0 -0.8056641 3.789063 0.0 -0.4931641 4.902344 0.0 -0.5761719
2.6008  0.1367188 0.0 -2.480469 1.445313 0.0 -1.542969 2.5 0.0 -0.7910156 3.78418 0.0 -0.4736328 4.892578 0.0 -0.5615234
2.6024  0.1367188 0.0 -2.475586 1.44043 0.0 -1.533203 2.490234 0.0 -0.78125 3.779297 0.0 -0.4589844 4.887695 0.0 -0.546875
2.604  0.1367188 0.0 -2.470703 1.435547 0.0 -1.52832 2.480469 0.0 -0.7666016 3.774414 0.0 -0.4443359 4.882813 0.0 -0.5273438
2.6056  0.1318359 0.0 -2.46582 1.430664 0.0 -1.523438 2.475586 0.0 -0.7568359 3.769531 0.0 -0.4296875 4.873047 0.0 -0.5126953
2.6072  0.1318359 0.0 -2.460938 1.425781 0.0 -1.518555 2.46582 0.0 -0.7421875 3.764648 0.0 -0.4101563 4.868164 0.0 -0.4980469
2.6088  0.1318359 0.0 -2.456055 1.420898 0.0 -1.513672 2.456055 0.0 -0.7324219 3.759766 0.0 -0.3955078 4.858398 0.0 -0.4833984
2.6104  0.1318359 0.0 -2.451172 1.416016 0.0 -1.503906 2.446289 0.0 -0.7177734 3.75 0.0 -0.3808594 4.853516 0.0 -0.4638672
2.612  0.1269531 0.0 -2.446289 1.411133 0.0 -1.499023 2.436523 0.0 -0.7080078 3.745117 0.0 -0.3662109 4.84375 0.0 -0.4492188
2.6136  0.1269531 0.0 -2.441406 1.40625 0.0 -1.494141 2.431641 0.0 -0.6933594 3.740234 0.0 -0.3515625 4.838867 0.0 -0.4345703
2.6152  0.1269531 0.0 -2.431641 1.401367 0.0 -1.489258 2.421875 0.0 -0.6835938 3.735352 0.0 -0.3369141 4.833984 0.0 -0.4199219
2.6168  0.1269531 0.0 -2.426758 1.396484 0.0 -1.484375 2.412109 0.0 -0.6738281 3.725586 0.0 -0.3173828 4.824219 0.0 -0.4052734
2.6184  0.1220703 0.0 -2.421875 1.391602 0.0 -1.479492 2.402344 0.0 -0.6591797 3.720703 0.0 -0.3027344 4.819336 0.0 -0.3857422
2.62  0.1220703 0.0 -2.416992 1.386719 0.0 -1.474609 2.392578 0.0 -0.6494141 3.71582 0.0 -0.2880859 4.80957 0.0 -0.3710938
2.6216  0.1220703 0.0 -2.412109 1.381836 0.0 -1.474609 2.382813 0.0 -0.6396484 3.706055 0.0 -0.2734375 4.799805 0.0 -0.3564453
2.6232  0.1220703 0.0 -2.407227 1.376953 0.0 -1.469727 2.373047 0.0 -0.6298828 3.701172 0.0 -0.2587891 4.794922 0.0 -0.3417969
2.6248  0.1171875 0.0 -2.402344 1.37207 0.0 -1.464844 2.363281 0.0 -0.6152344 3.696289 0.0 -0.2441406 4.785156 0.0 -0.3222656
2.6264  0.1171875 0.0 -2.397461 1.362305 0.0 -1.459961 2.353516 0.0 -0.6054688 3.686523 0.0 -0.2294922 4.780273 0.0 -0.3076172
2.628  0.1171875 0.0 -2.392578 1.357422 0.0 -1.455078 2.34375 0.0 -0.5957031 3.681641 0.0 -0.2148438 4.770508 0.0 -0.2929688
2.6296  0.1171875 0.0 -2.387695 1.352539 0.0 -1.450195 2.329102 0.0 -0.5859375 3.671875 0.0 -0.2050781 4.760742 0.0 -0.2783203
2.6312  0.1171875 0.0 -2.387695 1.347656 0.0 -1.450195 2.319336 0.0 -0.5761719 3.666992 0.0 -0.1904297 4.755859 0.0 -0.2636719
2.6328  0.1171875 0.0 -2.382813 1.342773 0.0 -1.445313 2.30957 0.0 -0.5615234 3.657227 0.0 -0.1757813 4.746094 0.0 -0.2490234
2.6344  0.1123047 0.0 -2.37793 1.333008 0.0 -1.44043 2.299805 0.0 -0.5517578 3.647461 0.0 -0.1611328 4.736328 0.0 -0.2294922
2.636  0.1123047 0.0 -2.373047 1.328125 0.0 -1.44043 2.285156 0.0 -0.5419922 3.637695 0.0 -0.1464844 4.726563 0.0 -0.2148438
2.6376  0.1123047 0.0 -2.368164 1.323242 0.0 -1.435547 2.275391 0.0 -0.5322266 3.632813 0.0 -0.1318359 4.716797 0.0 -0.2001953
2.6392  0.1123047 0.0 -2.363281 1.313477 0.0 -1.430664 2.260742 0.0 -0.5224609 3.623047 0.0 -0.1171875 4.707031 0.0 -0.1855469
2.6408  0.1074219 0.0 -2.358398 1.308594 0.0 -1.430664 2.250977 0.0 -0.5126953 3.613281 0.0 -0.1025391 4.697266 0.0 -0.1660156
2.6424  0.1074219 0.0 -2.353516 1.303711 0.0 -1.425781 2.236328 0.0 -0.5029297 3.603516 0.0 -0.08789063 4.6875 0.0 -0.1513672
2.644  0.1074219 0.0 -2.348633 1.293945 0.0 -1.420898 2.226563 0.0 -0.4931641 3.59375 0.0 -0.07324219 4.677734 0.0 -0.1367188
2.6456  0.1074219 0.0 -2.34375 1.289063 0.0 -1.420898 2.211914 0.0 -0.4785156 3.579102 0.0 -0.05859375 4.667969 0.0 -0.1171875
2.6472  0.1074219 0.0 -2.338867 1.279297 0.0 -1.416016 2.197266 0.0 -0.46875 3.569336 0.0 -0.04394531 4.658203 0.0 -0.1025391
2.6488  0.1025391 0.0 -2.333984 1.269531 0.0 -1.416016 2.182617 0.0 -0.4589844 3.55957 0.0 -0.02929688 4.643555 0.0 -0.08789063
2.6504  0.1025391 0.0 -2.329102 1.264648 0.0 -1.411133 2.167969 0.0 -0.4492188 3.544922 0.0 -0.01464844 4.633789 0.0 -0.06835938
2.652  0.1025391 0.0 -2.329102 1.254883 0.0 -1.40625 2.15332 0.0 -0.4394531 3.535156 0.0 0.0 4.624023 0.0 -0.05371094
2.6536  0.09765625 0.0 -2.324219 1.245117 0.0 -1.40625 2.138672 0.0 -0.4296875 3.520508 0.0 0.01464844 4.609375 0.0 -0.03417969
2.6552  0.09765625 0.0 -2.319336 1.235352 0.0 -1.401367 2.124023 0.0 -0.4199219 3.505859 0.0 0.02929688 4.594727 0.0 -0.01953125
2.6568  0.09765625 0.0 -2.314453 1.225586 0.0 -1.401367 2.109375 0.0 -0.4101563 3.496094 0.0 0.04394531 4.584961 0.0 -0.004882813
2.6584  0.09765625 0.0 -2.30957 1.21582 0.0 -1.396484 2.094727 0.0 -0.4003906 3.481445 0.0 0.06347656 4.570313 0.0 0.01464844
2.66  0.09277344 0.0 -2.304688 1.206055 0.0 -1.396484 2.075195 0.0 -0.390625 3.466797 0.0 0.078125 4.555664 0.0 0.02929688
2.6616  0.09277344 0.0 -2.299805 1.196289 0.0 -1.391602 2.060547 0.0 -0.3808594 3.452148 0.0 0.09277344 4.545898 0.0 0.04882813
2.6632  0.09277344 0.0 -2.294922 1.186523 0.0 -1.391602 2.045898 0.0 -0.3710938 3.432617 0.0 0.1074219 4.53125 0.0 0.06835938
2.6648  0.08789063 0.0 -2.290039 1.176758 0.0 -1.386719 2.026367 0.0 -0.3564453 3.417969 0.0 0.1220703 4.516602 0.0 0.08300781
2.6664  0.08789063 0.0 -2.285156 1.166992 0.0 -1.386719 2.011719 0.0 -0.3466797 3.40332 0.0 0.1416016 4.501953 0.0 0.1025391
2.668  0.08789063 0.0 -2.280273 1.157227 0.0 -1.381836 1.992188 0.0 -0.3369141 3.383789 0.0 0.15625 4.487305 0.0 0.1171875
2.6696  0.08300781 0.0 -2.275391 1.142578 0.0 -1.381836 1.972656 0.0 -0.3271484 3.369141 0.0 0.1708984 4.472656 0.0 0.1367188
2.6712  0.08300781 0.0 -2.270508 1.132813 0.0 -1.376953 1.958008 0.0 -0.3173828 3.349609 0.0 0.1855469 4.458008 0.0 0.1513672
2.6728  0.08300781 0.0 -2.265625 1.123047 0.0 -1.376953 1.938477 0.0 -0.3076172 3.334961 0.0 0.2050781 4.438477 0.0 0.1708984
2.6744  0.078125 0.0 -2.260742 1.108398 0.0 -1.37207 1.918945 0.0 -0.2978516 3.31543 0.0 0.2197266 4.423828 0.0 0.1855469
2.676  0.078125 0.0 -2.255859 1.098633 0.0 -1.37207 1.899414 0.0 -0.2880859 3.300781 0.0 0.234375 4.40918 0.0 0.2050781
2.6776  0.078125 0.0 -2.255859 1.088867 0.0 -1.367188 1.884766 0.0 -0.2783203 3.28125 0.0 0.2490234 4.394531 0.0 0.2197266
2.6792  0.078125 0.0 -2.250977 1.074219 0.0 -1.367188 1.865234 0.0 -0.2685547 3.261719 0.0 0.2685547 4.379883 0.0 0.2392578
2.6808  0.07324219 0.0 -2.246094 1.064453 0.0 -1.362305 1.845703 0.0 -0.2636719 3.24707 0.0 0.2832031 4.360352 0.0 0.2539063
2.6824  0.07324219 0.0 -2.241211 1.049805 0.0 -1.362305 1.826172 0.0 -0.2539063 3.227539 0.0 0.2978516 4.345703 0.0 0.2734375
2.684  0.07324219 0.0 -2.236328 1.040039 0.0 -1.362305 1.806641 0.0 -0.2441406 3.208008 0.0 0.3125 4.331055 0.0 0.2880859
2.6856  0.07324219 0.0 -2.231445 1.030273 0.0 -1.357422 1.791992 0.0 -0.234375 3.193359 0.0 0.3271484 4.316406 0.0 0.3027344
2.6872  0.06835938 0.0 -2.231445 1.015625 0.0 -1.357422 1.772461 0.0 -0.2246094 3.173828 0.0 0.3417969 4.296875 0.0 0.3173828
2.6888  0.06835938 0.0 -2.226563 1.005859 0.0 -1.357422 1.75293 0.0 -0.2197266 3.154297 0.0 0.3564453 4.282227 0.0 0.3320313
2.6904  0.06835938 0.0 -2.22168 0.9960938 0.0 -1.352539 1.733398 0.0 -0.2099609 3.139648 0.0 0.3710938 4.267578 0.0 0.3466797
2.692  0.06835938 0.0 -2.22168 0.9814453 0.0 -1.352539 1.71875 0.0 -0.2001953 3.120117 0.0 0.3857422 4.25293 0.0 0.3613281
2.6936  0.06835938 0.0 -2.216797 0.9716797 0.0 -1.352539 1.699219 0.0 -0.1953125 3.105469 0.0 0.3955078 4.238281 0.0 0.3759766
2.6952  0.06347656 0.0 -2.211914 0.9619141 0.0 -1.352539 1.68457 0.0 -0.1855469 3.085938 0.0 0.4101563 4.223633 0.0 0.390625
2.6968  0.06347656 0.0 -2.211914 0.9521484 0.0 -1.352539 1.665039 0.0 -0.1806641 3.071289 0.0 0.4248047 4.208984 0.0 0.4052734
2.6984  0.06347656 0.0 -2.207031 0.9423828 0.0 -1.352539 1.650391 0.0 -0.1708984 3.051758 0.0 0.4345703 4.194336 0.0 0.4150391
2.7  0.06347656 0.0 -2.207031 0.9326172 0.0 -1.352539 1.630859 0.0 -0.1660156 3.037109 0.0 0.4492188 4.179688 0.0 0.4296875
2.7016  0.06347656 0.0 -2.202148 0.9228516 0.0 -1.352539 1.616211 0.0 -0.15625 3.022461 0.0 0.4589844 4.165039 0.0 0.4394531
2.7032  0.06347656 0.0 -2.202148 0.9130859 0.0 -1.352539 1.601563 0.0 -0.1513672 3.007813 0.0 0.46875 4.150391 0.0 0.4492188
2.7048  0.05859375 0.0 -2.202148 0.9033203 0.0 -1.352539 1.586914 0.0 -0.1464844 2.993164 0.0 0.4833984 4.135742 0.0 0.4638672
2.7064  0.05859375 0.0 -2.197266 0.8984375 0.0 -1.352539 1.572266 0.0 -0.1416016 2.978516 0.0 0.4931641 4.125977 0.0 0.4736328
2.708  0.05859375 0.0 -2.197266 0.8886719 0.0 -1.352539 1.557617 0.0 -0.1367188 2.963867 0.0 0.5029297 4.111328 0.0 0.4833984
2.7096  0.05859375 0.0 -2.197266 0.8837891 0.0 -1.352539 1.542969 0.0 -0.1318359 2.949219 0.0 0.5126953 4.101563 0.0 0.4882813
2.7112  0.05859375 0.0 -2.197266 0.8740234 0.0 -1.352539 1.533203 0.0 -0.1269531 2.939453 0.0 0.5224609 4.091797 0.0 0.4980469
2.7128  0.05859375 0.0 -2.197266 0.8691406 0.0 -1.357422 1.518555 0.0 -0.1220703 2.924805 0.0 0.5273438 4.077148 0.0 0.5078125
2.7144  0.05859375 0.0 -2.192383 0.8642578 0.0 -1.357422 1.508789 0.0 -0.1171875 2.915039 0.0 0.5371094 4.067383 0.0 0.5175781
2.716  0.05859375 0.0 -2.192383 0.8544922 0.0 -1.357422 1.494141 0.0 -0.1123047 2.900391 0.0 0.546875 4.057617 0.0 0.5224609
2.7176  0.05859375 0.0 -2.192383 0.8496094 0.0 -1.362305 1.484375 0.0 -0.1074219 2.890625 0.0 0.5517578 4.047852 0.0 0.5273438
2.7192  0.05859375 0.0 -2.192383 0.8447266 0.0 -1.362305 1.474609 0.0 -0.1074219 2.880859 0.0 0.5615234 4.038086 0.0 0.5371094
2.7208  0.05371094 0.0 -2.192383 0.8398438 0.0 -1.367188 1.464844 0.0 -0.1025391 2.871094 0.0 0.5664063 4.033203 0.0 0.5419922
2.7224  0.05371094 0.0 -2.192383 0.8398438 0.0 -1.367188 1.455078 0.0 -0.1025391 2.861328 0.0 0.5712891 4.023438 0.0 0.546875
2.724  0.05371094 0.0 -2.192383 0.8349609 0.0 -1.367188 1.450195 0.0 -0.09765625 2.851563 0.0 0.5810547 4.018555 0.0 0.5517578
2.7256  0.05371094 0.0 -2.192383 0.8300781 0.0 -1.37207 1.44043 0.0 -0.09765625 2.84668 0.0 0.5859375 4.008789 0.0 0.5566406
2.7272  0.05371094 0.0 -2.197266 0.8300781 0.0 -1.37207 1.430664 0.0 -0.09765625 2.836914 0.0 0.5908203 4.003906 0.0 0.5615234
2.7288  0.05371094 0.0 -2.197266 0.8300781 0.0 -1.376953 1.425781 0.0 -0.09277344 2.832031 0.0 0.5957031 3.999023 0.0 0.5664063
2.7304  0.05371094 0.0 -2.197266 0.8251953 0.0 -1.381836 1.420898 0.0 -0.09277344 2.822266 0.0 0.6005859 3.989258 0.0 0.5664063
2.732  0.05371094 0.0 -2.197266 0.8251953 0.0 -1.381836 1.416016 0.0 -0.09277344 2.817383 0.0 0.6054688 3.984375 0.0 0.5712891
2.7336  0.05371094 0.0 -2.197266 0.8251953 0.0 -1.386719 1.411133 0.0 -0.09277344 2.8125 0.0 0.6054688 3.979492 0.0 0.5712891
2.7352  0.05371094 0.0 -2.202148 0.8251953 0.0 -1.391602 1.40625 0.0 -0.09765625 2.807617 0.0 0.6103516 3.974609 0.0 0.5761719
2.7368  0.05371094 0.0 -2.202148 0.8251953 0.0 -1.391602 1.401367 0.0 -0.09765625 2.802734 0.0 0.6103516 3.974609 0.0 0.5761719
2.7384  0.05371094 0.0 -2.202148 0.8251953 0.0 -1.396484 1.396484 0.0 -0.09765625 2.797852 0.0 0.6152344 3.969727 0.0 0.5810547
2.74  0.05371094 0.0 -2.207031 0.8251953 0.0 -1.401367 1.396484 0.0 -0.1025391 2.792969 0.0 0.6152344 3.964844 0.0 0.5810547
2.7416  0.05371094 0.0 -2.207031 0.8251953 0.0 -1.40625 1.391602 0.0 -0.1025391 2.788086 0.0 0.6201172 3.959961 0.0 0.5810547
2.7432  0.05371094 0.0 -2.211914 0.8251953 0.0 -1.411133 1.391602 0.0 -0.1074219 2.783203 0.0 0.6201172 3.959961 0.0 0.5810547
2.7448  0.05371094 0.0 -2.216797 0.8300781 0.0 -1.416016 1.386719 0.0 -0.1074219 2.783203 0.0 0.6201172 3.955078 0.0 0.5810547
2.7464  0.05371094 0.0 -2.216797 0.8300781 0.0 -1.420898 1.386719 0.0 -0.1123047 2.77832 0.0 0.6201172 3.955078 0.0 0.5810547
2.748  0.05371094 0.0 -2.22168 0.8349609 0.0 -1.425781 1.386719 0.0 -0.1171875 2.77832 0.0 0.6201172 3.950195 0.0 0.5810547
2.7496  0.05371094 0.0 -2.226563 0.8349609 0.0 -1.430664 1.386719 0.0 -0.1220703 2.773438 0.0 0.6152344 3.950195 0.0 0.5810547
2.7512  0.05371094 0.0 -2.231445 0.8398438 0.0 -1.435547 1.386719 0.0 -0.1269531 2.773438 0.0 0.6152344 3.950195 0.0 0.5810547
2.7528  0.05371094 0.0 -2.236328 0.8398438 0.0 -1.44043 1.386719 0.0 -0.1367188 2.768555 0.0 0.6103516 3.945313 0.0 0.5761719
2.7544  0.05371094 0.0 -2.236328 0.8447266 0.0 -1.450195 1.386719 0.0 -0.1416016 2.768555 0.0 0.6103516 3.945313 0.0 0.5761719
2.756  0.05371094 0.0 -2.246094 0.8496094 0.0 -1.455078 1.391602 0.0 -0.1513672 2.768555 0.0 0.6054688 3.945313 0.0 0.5712891
2.7576  0.05859375 0.0 -2.250977 0.8544922 0.0 -1.464844 1.391602 0.0 -0.15625 2.768555 0.0 0.6005859 3.945313 0.0 0.5664063
2.7592  0.05859375 0.0 -2.255859 0.859375 0.0 -1.474609 1.391602 0.0 -0.1660156 2.768555 0.0 0.5957031 3.945313 0.0 0.5664063
2.7608  0.05859375 0.0 -2.260742 0.8642578 0.0 -1.479492 1.396484 0.0 -0.1757813 2.768555 0.0 0.5908203 3.945313 0.0 0.5615234
2.7624  0.05859375 0.0 -2.270508 0.8691406 0.0 -1.489258 1.401367 0.0 -0.1855469 2.768555 0.0 0.5859375 3.945313 0.0 0.5566406
2.764  0.05859375 0.0 -2.275391 0.8740234 0.0 -1.499023 1.40625 0.0 -0.1953125 2.768555 0.0 0.5761719 3.945313 0.0 0.5517578
2.7656  0.06347656 0.0 -2.280273 0.8789063 0.0 -1.508789 1.40625 0.0 -0.2050781 2.768555 0.0 0.5664063 3.945313 0.0 0.5419922
2.7672  0.06347656 0.0 -2.290039 0.8837891 0.0 -1.518555 1.411133 0.0 -0.2148438 2.773438 0.0 0.5615234 3.950195 0.0 0.5371094
2.7688  0.06347656 0.0 -2.299805 0.8935547 0.0 -1.533203 1.416016 0.0 -0.2294922 2.773438 0.0 0.5517578 3.950195 0.0 0.5322266
2.7704  0.06347656 0.0 -2.30957 0.8984375 0.0 -1.542969 1.425781 0.0 -0.2441406 2.77832 0.0 0.5419922 3.950195 0.0 0.5224609
2.772  0.06835938 0.0 -2.314453 0.9082031 0.0 -1.552734 1.430664 0.0 -0.2539063 2.77832 0.0 0.5273438 3.955078 0.0 0.5126953
2.7736  0.06835938 0.0 -2.324219 0.9130859 0.0 -1.567383 1.44043 0.0 -0.2685547 2.783203 0.0 0.5175781 3.959961 0.0 0.5029297
2.7752  0.06835938 0.0 -2.333984 0.9228516 0.0 -1.582031 1.445313 0.0 -0.2832031 2.788086 0.0 0.5029297 3.964844 0.0 0.4931641
2.7768  0.07324219 0.0 -2.34375 0.9326172 0.0 -1.591797 1.455078 0.0 -0.2978516 2.792969 0.0 0.4882813 3.969727 0.0 0.4833984
2.7784  0.07324219 0.0 -2.358398 0.9375 0.0 -1.606445 1.464844 0.0 -0.3173828 2.797852 0.0 0.4736328 3.974609 0.0 0.4736328
2.78  0.078125 0.0 -2.368164 0.9472656 0.0 -1.621094 1.474609 0.0 -0.3320313 2.802734 0.0 0.4589844 3.979492 0.0 0.4638672
2.7816  0.078125 0.0 -2.37793 0.9570313 0.0 -1.635742 1.484375 0.0 -0.3515625 2.807617 0.0 0.4443359 3.984375 0.0 0.4492188
2.7832  0.08300781 0.0 -2.392578 0.9667969 0.0 -1.650391 1.494141 0.0 -0.3662109 2.817383 0.0 0.4248047 3.994141 0.0 0.4345703
2.7848  0.08300781 0.0 -2.402344 0.9814453 0.0 -1.665039 1.508789 0.0 -0.3857422 2.822266 0.0 0.4101563 3.999023 0.0 0.4199219
2.7864  0.08789063 0.0 -2.416992 0.9912109 0.0 -1.68457 1.523438 0.0 -0.4052734 2.832031 0.0 0.390625 4.008789 0.0 0.4101563
2.788  0.09277344 0.0 -2.426758 1.000977 0.0 -1.699219 1.533203 0.0 -0.4248047 2.841797 0.0 0.3710938 4.018555 0.0 0.390625
2.7896  0.09277344 0.0 -2.441406 1.015625 0.0 -1.713867 1.547852 0.0 -0.4443359 2.851563 0.0 0.3515625 4.02832 0.0 0.3759766
2.7912  0.09765625 0.0 -2.456055 1.025391 0.0 -1.733398 1.567383 0.0 -0.46875 2.861328 0.0 0.3320313 4.042969 0.0 0.3613281
2.7928  0.1025391 0.0 -2.470703 1.040039 0.0 -1.748047 1.582031 0.0 -0.4882813 2.871094 0.0 0.3076172 4.052734 0.0 0.3466797
2.7944  0.1025391 0.0 -2.480469 1.049805 0.0 -1.767578 1.601563 0.0 -0.5126953 2.885742 0.0 0.2880859 4.067383 0.0 0.3271484
2.796  0.1074219 0.0 -2.495117 1.064453 0.0 -1.782227 1.616211 0.0 -0.5322266 2.895508 0.0 0.2636719 4.082031 0.0 0.3076172
2.7976  0.1123047 0.0 -2.509766 1.079102 0.0 -1.801758 1.635742 0.0 -0.5566406 2.910156 0.0 0.2392578 4.09668 0.0 0.2929688
2.7992  0.1123047 0.0 -2.524414 1.09375 0.0 -1.821289 1.655273 0.0 -0.5810547 2.924805 0.0 0.2148438 4.111328 0.0 0.2734375
2.8008  0.1171875 0.0 -2.539063 1.108398 0.0 -1.835938 1.679688 0.0 -0.6054688 2.939453 0.0 0.1904297 4.125977 0.0 0.2539063
2.8024  0.1220703 0.0 -2.553711 1.123047 0.0 -1.855469 1.699219 0.0 -0.6298828 2.954102 0.0 0.1660156 4.145508 0.0 0.234375
2.804  0.1269531 0.0 -2.568359 1.137695 0.0 -1.870117 1.723633 0.0 -0.6542969 2.973633 0.0 0.1416016 4.165039 0.0 0.2148438
2.8056  0.1318359 0.0 -2.583008 1.152344 0.0 -1.889648 1.743164 0.0 -0.6787109 2.988281 0.0 0.1171875 4.179688 0.0 0.1904297
2.8072  0.1367188 0.0 -2.597656 1.166992 0.0 -1.904297 1.767578 0.0 -0.703125 3.007813 0.0 0.09277344 4.199219 0.0 0.1708984
2.8088  0.1416016 0.0 -2.607422 1.181641 0.0 -1.923828 1.791992 0.0 -0.7275391 3.022461 0.0 0.06347656 4.21875 0.0 0.1513672
2.8104  0.1416016 0.0 -2.62207 1.196289 0.0 -1.938477 1.816406 0.0 -0.7519531 3.041992 0.0 0.0390625 4.243164 0.0 0.1269531
2.812  0.1464844 0.0 -2.636719 1.21582 0.0 -1.958008 1.845703 0.0 -0.7763672 3.061523 0.0 0.009765625 4.262695 0.0 0.1025391
2.8136  0.1513672 0.0 -2.651367 1.230469 0.0 -1.972656 1.870117 0.0 -0.8007813 3.081055 0.0 -0.01953125 4.282227 0.0 0.08300781
2.8152  0.15625 0.0 -2.666016 1.245117 0.0 -1.992188 1.894531 0.0 -0.8300781 3.100586 0.0 -0.04394531 4.306641 0.0 0.05859375
2.8168  0.1611328 0.0 -2.675781 1.259766 0.0 -2.006836 1.923828 0.0 -0.8544922 3.125 0.0 -0.07324219 4.326172 0.0 0.03417969
2.8184  0.1660156 0.0 -2.69043 1.279297 0.0 -2.021484 1.948242 0.0 -0.8789063 3.144531 0.0 -0.1025391 4.350586 0.0 0.009765625
2.82  0.1708984 0.0 -2.700195 1.293945 0.0 -2.036133 1.977539 0.0 -0.9033203 3.164063 0.0 -0.1318359 4.375 0.0 -0.01464844
2.8216  0.1708984 0.0 -2.714844 1.308594 0.0 -2.050781 2.006836 0.0 -0.9326172 3.183594 0.0 -0.15625 4.394531 0.0 -0.0390625
2.8232  0.1757813 0.0 -2.724609 1.323242 0.0 -2.06543 2.03125 0.0 -0.9570313 3.208008 0.0 -0.1855469 4.418945 0.0 -0.06347656
2.8248  0.1806641 0.0 -2.739258 1.337891 0.0 -2.080078 2.060547 0.0 -0.9814453 3.227539 0.0 -0.2148438 4.443359 0.0 -0.08789063
2.8264  0.1855469 0.0 -2.749023 1.352539 0.0 -2.094727 2.084961 0.0 -1.005859 3.24707 0.0 -0.2441406 4.462891 0.0 -0.1123047
2.828  0.1904297 0.0 -2.758789 1.37207 0.0 -2.109375 2.114258 0.0 -1.030273 3.271484 0.0 -0.2734375 4.487305 0.0 -0.1367188
2.8296  0.1904297 0.0 -2.773438 1.381836 0.0 -2.119141 2.138672 0.0 -1.05957 3.291016 0.0 -0.3027344 4.506836 0.0 -0.1611328
2.8312  0.1953125 0.0 -2.783203 1.396484 0.0 -2.133789 2.163086 0.0 -1.083984 3.310547 0.0 -0.3320313 4.53125 0.0 -0.1855469
2.8328  0.2001953 0.0 -2.792969 1.411133 0.0 -2.148438 2.192383 0.0 -1.108398 3.330078 0.0 -0.3564453 4.550781 0.0 -0.2099609
2.8344  0.2001953 0.0 -2.802734 1.425781 0.0 -2.158203 2.216797 0.0 -1.132813 3.349609 0.0 -0.3857422 4.575195 0.0 -0.234375
2.836  0.2050781 0.0 -2.8125 1.435547 0.0 -2.172852 2.241211 0.0 -1.157227 3.369141 0.0 -0.4150391 4.594727 0.0 -0.2587891
2.8376  0.2050781 0.0 -2.822266 1.450195 0.0 -2.182617 2.265625 0.0 -1.176758 3.388672 0.0 -0.4443359 4.614258 0.0 -0.2832031
2.8392  0.2099609 0.0 -2.827148 1.459961 0.0 -2.192383 2.285156 0.0 -1.201172 3.408203 0.0 -0.4736328 4.633789 0.0 -0.3076172
2.8408  0.2099609 0.0 -2.836914 1.469727 0.0 -2.202148 2.30957 0.0 -1.225586 3.427734 0.0 -0.4980469 4.648438 0.0 -0.3320313
2.8424  0.2148438 0.0 -2.84668 1.484375 0.0 -2.216797 2.329102 0.0 -1.25 3.442383 0.0 -0.5273438 4.667969 0.0 -0.3515625
2.844  0.2148438 0.0 -2.851563 1.494141 0.0 -2.226563 2.353516 0.0 -1.269531 3.461914 0.0 -0.5566406 4.682617 0.0 -0.3759766
2.8456  0.2197266 0.0 -2.861328 1.499023 0.0 -2.236328 2.373047 0.0 -1.293945 3.476563 0.0 -0.5810547 4.702148 0.0 -0.4003906
2.8472  0.2197266 0.0 -2.866211 1.508789 0.0 -2.246094 2.387695 0.0 -1.313477 3.491211 0.0 -0.6103516 4.716797 0.0 -0.4199219
2.8488  0.2246094 0.0 -2.875977 1.518555 0.0 -2.255859 2.407227 0.0 -1.333008 3.505859 0.0 -0.6347656 4.731445 0.0 -0.4443359
2.8504  0.2246094 0.0 -2.880859 1.523438 0.0 -2.265625 2.426758 0.0 -1.352539 3.520508 0.0 -0.6591797 4.741211 0.0 -0.4638672
2.852  0.2246094 0.0 -2.885742 1.533203 0.0 -2.270508 2.441406 0.0 -1.37207 3.535156 0.0 -0.6835938 4.755859 0.0 -0.4833984
2.8536  0.2294922 0.0 -2.890625 1.538086 0.0 -2.280273 2.456055 0.0 -1.391602 3.544922 0.0 -0.7080078 4.765625 0.0 -0.5029297
2.8552  0.2294922 0.0 -2.900391 1.542969 0.0 -2.290039 2.470703 0.0 -1.411133 3.554688 0.0 -0.7324219 4.775391 0.0 -0.5224609
2.8568  0.2294922 0.0 -2.905273 1.552734 0.0 -2.294922 2.485352 0.0 -1.430664 3.569336 0.0 -0.7568359 4.785156 0.0 -0.5419922
2.8584  0.234375 0.0 -2.910156 1.557617 0.0 -2.304688 2.495117 0.0 -1.445313 3.579102 0.0 -0.78125 4.794922 0.0 -0.5615234
2.86  0.234375 0.0 -2.915039 1.557617 0.0 -2.30957 2.509766 0.0 -1.464844 3.588867 0.0 -0.8007813 4.804688 0.0 -0.5761719
2.8616  0.234375 0.0 -2.915039 1.5625 0.0 -2.314453 2.519531 0.0 -1.479492 3.59375 0.0 -0.8203125 4.80957 0.0 -0.5957031
2.8632  0.234375 0.0 -2.919922 1.567383 0.0 -2.324219 2.529297 0.0 -1.494141 3.603516 0.0 -0.8398438 4.819336 0.0 -0.6103516
2.8648  0.2392578 0.0 -2.924805 1.572266 0.0 -2.329102 2.539063 0.0 -1.508789 3.613281 0.0 -0.859375 4.824219 0.0 -0.625
2.8664  0.2392578 0.0 -2.929688 1.572266 0.0 -2.333984 2.548828 0.0 -1.523438 3.618164 0.0 -0.8789063 4.829102 0.0 -0.6396484
2.868  0.2392578 0.0 -2.929688 1.577148 0.0 -2.338867 2.558594 0.0 -1.538086 3.623047 0.0 -0.8984375 4.833984 0.0 -0.6542969
2.8696  0.2392578 0.0 -2.93457 1.577148 0.0 -2.34375 2.568359 0.0 -1.547852 3.62793 0.0 -0.9130859 4.838867 0.0 -0.6689453
2.8712  0.2392578 0.0 -2.93457 1.577148 0.0 -2.348633 2.573242 0.0 -1.5625 3.637695 0.0 -0.9277344 4.84375 0.0 -0.6787109
2.8728  0.2392578 0.0 -2.939453 1.582031 0.0 -2.348633 2.578125 0.0 -1.572266 3.642578 0.0 -0.9472656 4.84375 0.0 -0.6933594
2.8744  0.2441406 0.0 -2.939453 1.582031 0.0 -2.353516 2.587891 0.0 -1.582031 3.642578 0.0 -0.9570313 4.848633 0.0 -0.703125
2.876  0.2441406 0.0 -2.944336 1.582031 0.0 -2.353516 2.592773 0.0 -1.59668 3.647461 0.0 -0.9716797 4.848633 0.0 -0.7128906
2.8776  0.2441406 0.0 -2.944336 1.582031 0.0 -2.358398 2.597656 0.0 -1.601563 3.652344 0.0 -0.9863281 4.853516 0.0 -0.7226563
2.8792  0.2441406 0.0 -2.944336 1.582031 0.0 -2.358398 2.602539 0.0 -1.611328 3.657227 0.0 -0.9960938 4.853516 0.0 -0.7324219
2.8808  0.2441406 0.0 -2.944336 1.586914 0.0 -2.363281 2.607422 0.0 -1.621094 3.657227 0.0 -1.005859 4.853516 0.0 -0.7421875
2.8824  0.2441406 0.0 -2.944336 1.586914 0.0 -2.363281 2.612305 0.0 -1.630859 3.662109 0.0 -1.020508 4.858398 0.0 -0.7519531
2.884  0.2441406 0.0 -2.949219 1.586914 0.0 -2.363281 2.617188 0.0 -1.635742 3.662109 0.0 -1.025391 4.858398 0.0 -0.7568359
2.8856  0.2441406 0.0 -2.949219 1.586914 0.0 -2.363281 2.62207 0.0 -1.640625 3.666992 0.0 -1.035156 4.858398 0.0 -0.7666016
2.8872  0.2441406 0.0 -2.949219 1.586914 0.0 -2.363281 2.626953 0.0 -1.650391 3.666992 0.0 -1.044922 4.858398 0.0 -0.7714844
2.8888  0.2441406 0.0 -2.949219 1.586914 0.0 -2.363281 2.631836 0.0 -1.655273 3.671875 0.0 -1.054688 4.858398 0.0 -0.78125
2.8904  0.2441406 0.0 -2.944336 1.586914 0.0 -2.363281 2.636719 0.0 -1.660156 3.671875 0.0 -1.05957 4.858398 0.0 -0.7861328
2.892  0.2441406 0.0 -2.944336 1.586914 0.0 -2.363281 2.636719 0.0 -1.665039 3.676758 0.0 -1.064453 4.863281 0.0 -0.7910156
2.8936  0.2441406 0.0 -2.944336 1.591797 0.0 -2.363281 2.641602 0.0 -1.669922 3.676758 0.0 -1.074219 4.863281 0.0 -0.7958984
2.8952  0.2441406 0.0 -2.944336 1.591797 0.0 -2.358398 2.646484 0.0 -1.674805 3.681641 0.0 -1.079102 4.863281 0.0 -0.8007813
2.8968  0.2441406 0.0 -2.944336 1.591797 0.0 -2.358398 2.651367 0.0 -1.679688 3.681641 0.0 -1.083984 4.863281 0.0 -0.8056641
2.8984  0.2441406 0.0 -2.944336 1.591797 0.0 -2.358398 2.651367 0.0 -1.679688 3.686523 0.0 -1.088867 4.863281 0.0 -0.8105469
2.9  0.2441406 0.0 -2.939453 1.591797 0.0 -2.358398 2.65625 0.0 -1.68457 3.686523 0.0 -1.09375 4.868164 0.0 -0.8154297
2.9016  0.2441406 0.0 -2.939453 1.59668 0.0 -2.353516 2.661133 0.0 -1.689453 3.691406 0.0 -1.098633 4.868164 0.0 -0.8203125
2.9032  0.2441406 0.0 -2.939453 1.59668 0.0 -2.353516 2.666016 0.0 -1.689453 3.691406 0.0 -1.103516 4.868164 0.0 -0.8251953
2.9048  0.2441406 0.0 -2.939453 1.59668 0.0 -2.353516 2.666016 0.0 -1.694336 3.696289 0.0 -1.103516 4.868164 0.0 -0.8300781
2.9064  0.2441406 0.0 -2.93457 1.601563 0.0 -2.348633 2.670898 0.0 -1.694336 3.701172 0.0 -1.108398 4.868164 0.0 -0.8349609
2.908  0.2441406 0.0 -2.93457 1.601563 0.0 -2.348633 2.675781 0.0 -1.699219 3.701172 0.0 -1.113281 4.873047 0.0 -0.8398438
2.9096  0.2441406 0.0 -2.93457 1.601563 0.0 -2.34375 2.680664 0.0 -1.699219 3.706055 0.0 -1.118164 4.873047 0.0 -0.8398438
2.9112  0.2441406 0.0 -2.93457 1.606445 0.0 -2.34375 2.680664 0.0 -1.704102 3.706055 0.0 -1.118164 4.873047 0.0 -0.8447266
2.9128  0.2441406 0.0 -2.929688 1.606445 0.0 -2.34375 2.685547 0.0 -1.704102 3.710938 0.0 -1.123047 4.87793 0.0 -0.8496094
2.9144  0.2441406 0.0 -2.929688 1.611328 0.0 -2.338867 2.69043 0.0 -1.708984 3.710938 0.0 -1.12793 4.87793 0.0 -0.8544922
2.916  0.2441406 0.0 -2.929688 1.611328 0.0 -2.338867 2.695313 0.0 -1.708984 3.71582 0.0 -1.12793 4.87793 0.0 -0.859375
2.9176  0.2441406 0.0 -2.929688 1.611328 0.0 -2.333984 2.695313 0.0 -1.708984 3.720703 0.0 -1.132813 4.882813 0.0 -0.859375
2.9192  0.2441406 0.0 -2.929688 1.616211 0.0 -2.333984 2.700195 0.0 -1.713867 3.720703 0.0 -1.137695 4.882813 0.0 -0.8642578
2.9208  0.2441406 0.0 -2.924805 1.616211 0.0 -2.333984 2.705078 0.0 -1.713867 3.725586 0.0 -1.142578 4.882813 0.0 -0.8691406
2.9224  0.2441406 0.0 -2.924805 1.621094 0.0 -2.329102 2.705078 0.0 -1.713867 3.725586 0.0 -1.142578 4.887695 0.0 -0.8740234
2.924  0.2441406 0.0 -2.924805 1.621094 0.0 -2.329102 2.709961 0.0 -1.71875 3.730469 0.0 -1.147461 4.887695 0.0 -0.8789063
2.9256  0.2441406 0.0 -2.924805 1.625977 0.0 -2.329102 2.714844 0.0 -1.71875 3.730469 0.0 -1.152344 4.887695 0.0 -0.8837891
2.9272  0.2441406 0.0 -2.924805 1.625977 0.0 -2.324219 2.719727 0.0 -1.71875 3.735352 0.0 -1.152344 4.892578 0.0 -0.8837891
2.9288  0.2441406 0.0 -2.919922 1.625977 0.0 -2.324219 2.719727 0.0 -1.71875 3.740234 0.0 -1.157227 4.892578 0.0 -0.8886719
2.9304  0.2490234 0.0 -2.919922 1.630859 0.0 -2.319336 2.724609 0.0 -1.71875 3.740234 0.0 -1.162109 4.892578 0.0 -0.8935547
2.932  0.2490234 0.0 -2.919922 1.630859 0.0 -2.319336 2.729492 0.0 -1.723633 3.745117 0.0 -1.162109 4.897461 0.0 -0.8984375
2.9336  0.2490234 0.0 -2.919922 1.635742 0.0 -2.314453 2.729492 0.0 -1.723633 3.745117 0.0 -1.166992 4.897461 0.0 -0.8984375
2.9352  0.2490234 0.0 -2.919922 1.635742 0.0 -2.314453 2.734375 0.0 -1.723633 3.75 0.0 -1.171875 4.897461 0.0 -0.9033203
2.9368  0.2490234 0.0 -2.915039 1.635742 0.0 -2.30957 2.734375 0.0 -1.723633 3.75 0.0 -1.171875 4.902344 0.0 -0.9082031
2.9384  0.2490234 0.0 -2.915039 1.640625 0.0 -2.30957 2.739258 0.0 -1.723633 3.754883 0.0 -1.176758 4.902344 0.0 -0.9130859
2.94  0.2490234 0.0 -2.915039 1.640625 0.0 -2.304688 2.744141 0.0 -1.723633 3.754883 0.0 -1.176758 4.907227 0.0 -0.9130859
2.9416  0.2490234 0.0 -2.915039 1.640625 0.0 -2.304688 2.744141 0.0 -1.723633 3.759766 0.0 -1.181641 4.907227 0.0 -0.9179688
2.9432  0.2490234 0.0 -2.910156 1.640625 0.0 -2.299805 2.749023 0.0 -1.723633 3.759766 0.0 -1.181641 4.907227 0.0 -0.9228516
2.9448  0.2490234 0.0 -2.910156 1.645508 0.0 -2.294922 2.749023 0.0 -1.723633 3.764648 0.0 -1.186523 4.912109 0.0 -0.9228516
2.9464  0.2490234 0.0 -2.910156 1.645508 0.0 -2.294922 2.753906 0.0 -1.723633 3.764648 0.0 -1.186523 4.912109 0.0 -0.9277344
2.948  0.2490234 0.0 -2.910156 1.645508 0.0 -2.290039 2.753906 0.0 -1.723633 3.764648 0.0 -1.186523 4.912109 0.0 -0.9277344
2.9496  0.2490234 0.0 -2.905273 1.645508 0.0 -2.285156 2.758789 0.0 -1.723633 3.769531 0.0 -1.186523 4.916992 0.0 -0.9326172
2.9512  0.2490234 0.0 -2.905273 1.650391 0.0 -2.285156 2.758789 0.0 -1.71875 3.769531 0.0 -1.191406 4.916992 0.0 -0.9326172
2.9528  0.2490234 0.0 -2.900391 1.650391 0.0 -2.280273 2.758789 0.0 -1.71875 3.774414 0.0 -1.191406 4.916992 0.0 -0.9375
2.9544  0.2490234 0.0 -2.900391 1.650391 0.0 -2.275391 2.763672 0.0 -1.71875 3.774414 0.0 -1.191406 4.921875 0.0 -0.9375
2.956  0.2490234 0.0 -2.900391 1.650391 0.0 -2.270508 2.763672 0.0 -1.71875 3.779297 0.0 -1.191406 4.921875 0.0 -0.9423828
2.9576  0.2490234 0.0 -2.895508 1.650391 0.0 -2.265625 2.768555 0.0 -1.713867 3.779297 0.0 -1.191406 4.926758 0.0 -0.9423828
2.9592  0.2490234 0.0 -2.895508 1.650391 0.0 -2.265625 2.768555 0.0 -1.713867 3.779297 0.0 -1.191406 4.926758 0.0 -0.9472656
2.9608  0.2490234 0.0 -2.890625 1.655273 0.0 -2.260742 2.768555 0.0 -1.713867 3.78418 0.0 -1.191406 4.926758 0.0 -0.9472656
2.9624  0.2490234 0.0 -2.890625 1.655273 0.0 -2.255859 2.773438 0.0 -1.708984 3.78418 0.0 -1.191406 4.931641 0.0 -0.9472656
2.964  0.2490234 0.0 -2.885742 1.655273 0.0 -2.250977 2.773438 0.0 -1.708984 3.789063 0.0 -1.191406 4.931641 0.0 -0.9521484
2.9656  0.2490234 0.0 -2.885742 1.655273 0.0 -2.246094 2.773438 0.0 -1.704102 3.789063 0.0 -1.191406 4.931641 0.0 -0.9521484
2.9672  0.2490234 0.0 -2.880859 1.655273 0.0 -2.241211 2.77832 0.0 -1.704102 3.789063 0.0 -1.186523 4.936523 0.0 -0.9521484
2.9688  0.2490234 0.0 -2.875977 1.655273 0.0 -2.236328 2.77832 0.0 -1.699219 3.793945 0.0 -1.186523 4.936523 0.0 -0.9570313
2.9704  0.2490234 0.0 -2.875977 1.655273 0.0 -2.231445 2.77832 0.0 -1.699219 3.793945 0.0 -1.186523 4.936523 0.0 -0.9570313
2.972  0.2490234 0.0 -2.871094 1.655273 0.0 -2.226563 2.77832 0.0 -1.694336 3.793945 0.0 -1.186523 4.941406 0.0 -0.9570313
2.9736  0.2490234 0.0 -2.866211 1.655273 0.0 -2.22168 2.783203 0.0 -1.694336 3.793945 0.0 -1.181641 4.941406 0.0 -0.9570313
2.9752  0.2490234 0.0 -2.866211 1.655273 0.0 -2.211914 2.783203 0.0 -1.689453 3.798828 0.0 -1.181641 4.941406 0.0 -0.9619141
2.9768  0.2490234 0.0 -2.861328 1.655273 0.0 -2.207031 2.783203 0.0 -1.68457 3.798828 0.0 -1.181641 4.946289 0.0 -0.9619141
2.9784  0.2490234 0.0 -2.856445 1.655273 0.0 -2.202148 2.783203 0.0 -1.68457 3.798828 0.0 -1.181641 4.946289 0.0 -0.9619141
2.98  0.2490234 0.0 -2.856445 1.655273 0.0 -2.197266 2.783203 0.0 -1.679688 3.803711 0.0 -1.176758 4.946289 0.0 -0.9619141
2.9816  0.2441406 0.0 -2.851563 1.655273 0.0 -2.192383 2.783203 0.0 -1.674805 3.803711 0.0 -1.176758 4.946289 0.0 -0.9667969
2.9832  0.2441406 0.0 -2.84668 1.650391 0.0 -2.1875 2.788086 0.0 -1.669922 3.803711 0.0 -1.176758 4.951172 0.0 -0.9667969
2.9848  0.2441406 0.0 -2.84668 1.650391 0.0 -2.182617 2.788086 0.0 -1.665039 3.803711 0.0 -1.176758 4.951172 0.0 -0.9667969
2.9864  0.2441406 0.0 -2.841797 1.650391 0.0 -2.172852 2.788086 0.0 -1.665039 3.808594 0.0 -1.171875 4.951172 0.0 -0.9667969
2.988  0.2441406 0.0 -2.836914 1.650391 0.0 -2.167969 2.788086 0.0 -1.660156 3.808594 0.0 -1.171875 4.951172 0.0 -0.9667969
2.9896  0.2441406 0.0 -2.832031 1.650391 0.0 -2.163086 2.788086 0.0 -1.655273 3.808594 0.0 -1.171875 4.956055 0.0 -0.9716797
2.9912  0.2441406 0.0 -2.827148 1.650391 0.0 -2.158203 2.788086 0.0 -1.650391 3.808594 0.0 -1.171875 4.956055 0.0 -0.9716797
2.9928  0.2441406 0.0 -2.827148 1.650391 0.0 -2.15332 2.788086 0.0 -1.645508 3.813477 0.0 -1.166992 4.956055 0.0 -0.9716797
2.9944  0.2392578 0.0 -2.822266 1.650391 0.0 -2.143555 2.788086 0.0 -1.640625 3.813477 0.0 -1.166992 4.956055 0.0 -0.9716797
2.996  0.2392578 0.0 -2.817383 1.645508 0.0 -2.138672 2.788086 0.0 -1.635742 3.813477 0.0 -1.166992 4.960938 0.0 -0.9765625
2.9976  0.2392578 0.0 -2.8125 1.645508 0.0 -2.133789 2.788086 0.0 -1.630859 3.813477 0.0 -1.162109 4.960938 0.0 -0.9765625
2.9992  0.2392578 0.0 -2.807617 1.645508 0.0 -2.124023 2.788086 0.0 -1.625977 3.818359 0.0 -1.162109 4.960938 0.0 -0.9765625
3.0008  0.2392578 0.0 -2.802734 1.645508 0.0 -2.119141 2.788086 0.0 -1.621094 3.818359 0.0 -1.162109 4.960938 0.0 -0.9765625
3.0024  0.2392578 0.0 -2.797852 1.645508 0.0 -2.114258 2.788086 0.0 -1.616211 3.818359 0.0 -1.162109 4.960938 0.0 -0.9765625
3.004  0.234375 0.0 -2.792969 1.645508 0.0 -2.104492 2.788086 0.0 -1.611328 3.818359 0.0 -1.157227 4.96582 0.0 -0.9814453
3.0056  0.234375 0.0 -2.792969 1.640625 0.0 -2.099609 2.788086 0.0 -1.606445 3.818359 0.0 -1.157227 4.96582 0.0 -0.9814453
3.0072  0.234375 0.0 -2.788086 1.640625 0.0 -2.094727 2.783203 0.0 -1.601563 3.823242 0.0 -1.157227 4.96582 0.0 -0.9814453
3.0088  0.2294922 0.0 -2.783203 1.640625 0.0 -2.084961 2.783203 0.0 -1.59668 3.823242 0.0 -1.152344 4.96582 0.0 -0.9814453
3.0104  0.2294922 0.0 -2.77832 1.640625 0.0 -2.080078 2.783203 0.0 -1.591797 3.823242 0.0 -1.152344 4.96582 0.0 -0.9814453
3.012  0.2294922 0.0 -2.768555 1.635742 0.0 -2.075195 2.783203 0.0 -1.586914 3.823242 0.0 -1.147461 4.96582 0.0 -0.9814453
3.0136  0.2246094 0.0 -2.763672 1.635742 0.0 -2.06543 2.783203 0.0 -1.582031 3.823242 0.0 -1.147461 4.96582 0.0 -0.9814453
3.0152  0.2246094 0.0 -2.758789 1.635742 0.0 -2.060547 2.783203 0.0 -1.577148 3.823242 0.0 -1.142578 4.96582 0.0 -0.9863281
3.0168  0.2246094 0.0 -2.753906 1.630859 0.0 -2.050781 2.77832 0.0 -1.572266 3.823242 0.0 -1.142578 4.96582 0.0 -0.9863281
3.0184  0.2197266 0.0 -2.749023 1.630859 0.0 -2.045898 2.77832 0.0 -1.5625 3.828125 0.0 -1.137695 4.96582 0.0 -0.9863281
3.02  0.2197266 0.0 -2.744141 1.630859 0.0 -2.036133 2.77832 0.0 -1.557617 3.828125 0.0 -1.137695 4.96582 0.0 -0.9863281
3.0216  0.2197266 0.0 -2.739258 1.625977 0.0 -2.03125 2.77832 0.0 -1.552734 3.828125 0.0 -1.132813 4.96582 0.0 -0.9863281
3.0232  0.2148438 0.0 -2.734375 1.625977 0.0 -2.021484 2.77832 0.0 -1.547852 3.828125 0.0 -1.132813 4.96582 0.0 -0.9863281
3.0248  0.2148438 0.0 -2.724609 1.621094 0.0 -2.011719 2.773438 0.0 -1.542969 3.828125 0.0 -1.12793 4.96582 0.0 -0.9863281
3.0264  0.2099609 0.0 -2.719727 1.621094 0.0 -2.006836 2.773438 0.0 -1.538086 3.828125 0.0 -1.12793 4.96582 0.0 -0.9863281
3.028  0.2099609 0.0 -2.714844 1.621094 0.0 -1.99707 2.773438 0.0 -1.533203 3.828125 0.0 -1.123047 4.96582 0.0 -0.9863281
3.0296  0.2050781 0.0 -2.709961 1.616211 0.0 -1.987305 2.773438 0.0 -1.523438 3.828125 0.0 -1.123047 4.96582 0.0 -0.9863281
3.0312  0.2050781 0.0 -2.700195 1.616211 0.0 -1.982422 2.768555 0.0 -1.518555 3.828125 0.0 -1.118164 4.96582 0.0 -0.9863281
3.0328  0.2050781 0.0 -2.695313 1.611328 0.0 -1.972656 2.768555 0.0 -1.513672 3.828125 0.0 -1.113281 4.96582 0.0 -0.9863281
3.0344  0.2001953 0.0 -2.69043 1.611328 0.0 -1.962891 2.768555 0.0 -1.508789 3.828125 0.0 -1.113281 4.96582 0.0 -0.9863281
3.036  0.2001953 0.0 -2.680664 1.606445 0.0 -1.958008 2.768555 0.0 -1.503906 3.828125 0.0 -1.108398 4.96582 0.0 -0.9863281
3.0376  0.1953125 0.0 -2.675781 1.606445 0.0 -1.948242 2.768555 0.0 -1.494141 3.828125 0.0 -1.103516 4.96582 0.0 -0.9863281
3.0392  0.1953125 0.0 -2.670898 1.606445 0.0 -1.938477 2.763672 0.0 -1.489258 3.828125 0.0 -1.098633 4.96582 0.0 -0.9863281
3.0408  0.1904297 0.0 -2.661133 1.601563 0.0 -1.933594 2.763672 0.0 -1.484375 3.828125 0.0 -1.098633 4.96582 0.0 -0.9814453
3.0424  0.1904297 0.0 -2.65625 1.601563 0.0 -1.923828 2.763672 0.0 -1.479492 3.823242 0.0 -1.09375 4.96582 0.0 -0.9814453
3.044  0.1855469 0.0 -2.646484 1.59668 0.0 -1.914063 2.763672 0.0 -1.474609 3.823242 0.0 -1.088867 4.96582 0.0 -0.9814453
3.0456  0.1855469 0.0 -2.641602 1.59668 0.0 -1.90918 2.758789 0.0 -1.464844 3.823242 0.0 -1.088867 4.960938 0.0 -0.9814453
3.0472  0.1806641 0.0 -2.636719 1.59668 0.0 -1.899414 2.758789 0.0 -1.459961 3.823242 0.0 -1.083984 4.960938 0.0 -0.9814453
3.0488  0.1806641 0.0 -2.626953 1.591797 0.0 -1.889648 2.758789 0.0 -1.455078 3.823242 0.0 -1.079102 4.960938 0.0 -0.9814453
3.0504  0.1757813 0.0 -2.62207 1.591797 0.0 -1.884766 2.758789 0.0 -1.450195 3.823242 0.0 -1.079102 4.960938 0.0 -0.9814453
3.052  0.1757813 0.0 -2.612305 1.586914 0.0 -1.875 2.758789 0.0 -1.44043 3.823242 0.0 -1.074219 4.960938 0.0 -0.9814453
3.0536  0.1708984 0.0 -2.607422 1.586914 0.0 -1.865234 2.753906 0.0 -1.435547 3.823242 0.0 -1.069336 4.960938 0.0 -0.9814453
3.0552  0.1708984 0.0 -2.597656 1.586914 0.0 -1.860352 2.753906 0.0 -1.430664 3.828125 0.0 -1.069336 4.960938 0.0 -0.9814453
3.0568  0.1660156 0.0 -2.592773 1.582031 0.0 -1.850586 2.753906 0.0 -1.425781 3.828125 0.0 -1.064453 4.960938 0.0 -0.9814453
3.0584  0.1660156 0.0 -2.583008 1.582031 0.0 -1.845703 2.753906 0.0 -1.420898 3.828125 0.0 -1.05957 4.960938 0.0 -0.9814453
3.06  0.1611328 0.0 -2.578125 1.582031 0.0 -1.835938 2.753906 0.0 -1.416016 3.828125 0.0 -1.05957 4.960938 0.0 -0.9814453
3.0616  0.1611328 0.0 -2.568359 1.577148 0.0 -1.831055 2.749023 0.0 -1.411133 3.828125 0.0 -1.054688 4.960938 0.0 -0.9814453
3.0632  0.15625 0.0 -2.563477 1.577148 0.0 -1.821289 2.749023 0.0 -1.401367 3.828125 0.0 -1.054688 4.960938 0.0 -0.9814453
3.0648  0.1513672 0.0 -2.553711 1.577148 0.0 -1.816406 2.749023 0.0 -1.396484 3.828125 0.0 -1.049805 4.96582 0.0 -0.9814453
3.0664  0.1513672 0.0 -2.548828 1.577148 0.0 -1.806641 2.749023 0.0 -1.391602 3.828125 0.0 -1.049805 4.96582 0.0 -0.9814453
3.068  0.1464844 0.0 -2.539063 1.572266 0.0 -1.801758 2.749023 0.0 -1.386719 3.833008 0.0 -1.044922 4.96582 0.0 -0.9814453
3.0696  0.1464844 0.0 -2.53418 1.572266 0.0 -1.791992 2.749023 0.0 -1.381836 3.833008 0.0 -1.044922 4.96582 0.0 -0.9814453
3.0712  0.1416016 0.0 -2.524414 1.572266 0.0 -1.787109 2.749023 0.0 -1.376953 3.833008 0.0 -1.040039 4.96582 0.0 -0.9814453
3.0728  0.1416016 0.0 -2.519531 1.572266 0.0 -1.782227 2.744141 0.0 -1.37207 3.833008 0.0 -1.040039 4.96582 0.0 -0.9814453
3.0744  0.1367188 0.0 -2.509766 1.567383 0.0 -1.777344 2.744141 0.0 -1.367188 3.833008 0.0 -1.035156 4.96582 0.0 -0.9814453
3.076  0.1318359 0.0 -2.5 1.567383 0.0 -1.767578 2.744141 0.0 -1.362305 3.837891 0.0 -1.035156 4.96582 0.0 -0.9814453
3.0776  0.1318359 0.0 -2.495117 1.567383 0.0 -1.762695 2.744141 0.0 -1.357422 3.837891 0.0 -1.035156 4.96582 0.0 -0.9814453
3.0792  0.1269531 0.0 -2.485352 1.567383 0.0 -1.757813 2.744141 0.0 -1.352539 3.837891 0.0 -1.030273 4.96582 0.0 -0.9814453
3.0808  0.1269531 0.0 -2.480469 1.5625 0.0 -1.75293 2.744141 0.0 -1.347656 3.837891 0.0 -1.030273 4.970703 0.0 -0.9814453
3.0824  0.1220703 0.0 -2.470703 1.5625 0.0 -1.748047 2.744141 0.0 -1.342773 3.837891 0.0 -1.030273 4.970703 0.0 -0.9814453
3.084  0.1171875 0.0 -2.46582 1.5625 0.0 -1.738281 2.744141 0.0 -1.337891 3.842773 0.0 -1.030273 4.970703 0.0 -0.9814453
3.0856  0.1171875 0.0 -2.456055 1.5625 0.0 -1.733398 2.744141 0.0 -1.337891 3.842773 0.0 -1.025391 4.970703 0.0 -0.9814453
3.0872  0.1123047 0.0 -2.446289 1.557617 0.0 -1.728516 2.744141 0.0 -1.333008 3.842773 0.0 -1.025391 4.970703 0.0 -0.9814453
3.0888  0.1123047 0.0 -2.441406 1.557617 0.0 -1.723633 2.739258 0.0 -1.328125 3.842773 0.0 -1.025391 4.970703 0.0 -0.9863281
3.0904  0.1074219 0.0 -2.431641 1.557617 0.0 -1.71875 2.739258 0.0 -1.323242 3.842773 0.0 -1.025391 4.970703 0.0 -0.9863281
3.092  0.1074219 0.0 -2.426758 1.557617 0.0 -1.713867 2.739258 0.0 -1.318359 3.842773 0.0 -1.025391 4.970703 0.0 -0.9863281
3.0936  0.1025391 0.0 -2.416992 1.557617 0.0 -1.708984 2.739258 0.0 -1.318359 3.842773 0.0 -1.025391 4.970703 0.0 -0.9863281
3.0952  0.09765625 0.0 -2.407227 1.552734 0.0 -1.704102 2.739258 0.0 -1.313477 3.847656 0.0 -1.020508 4.975586 0.0 -0.9863281
3.0968  0.09765625 0.0 -2.402344 1.552734 0.0 -1.699219 2.739258 0.0 -1.308594 3.847656 0.0 -1.020508 4.975586 0.0 -0.9863281
3.0984  0.09277344 0.0 -2.392578 1.552734 0.0 -1.694336 2.739258 0.0 -1.308594 3.847656 0.0 -1.020508 4.975586 0.0 -0.9863281
3.1  0.09277344 0.0 -2.382813 1.552734 0.0 -1.689453 2.739258 0.0 -1.303711 3.847656 0.0 -1.020508 4.975586 0.0 -0.9863281
3.1016  0.08789063 0.0 -2.37793 1.547852 0.0 -1.68457 2.739258 0.0 -1.303711 3.847656 0.0 -1.020508 4.975586 0.0 -0.9863281
3.1032  0.08789063 0.0 -2.368164 1.547852 0.0 -1.679688 2.739258 0.0 -1.298828 3.847656 0.0 -1.020508 4.975586 0.0 -0.9863281
3.1048  0.08300781 0.0 -2.358398 1.547852 0.0 -1.674805 2.739258 0.0 -1.293945 3.847656 0.0 -1.020508 4.975586 0.0 -0.9863281
3.1064  0.078125 0.0 -2.353516 1.547852 0.0 -1.669922 2.739258 0.0 -1.293945 3.847656 0.0 -1.020508 4.975586 0.0 -0.9863281
3.108  0.078125 0.0 -2.34375 1.547852 0.0 -1.665039 2.739258 0.0 -1.289063 3.847656 0.0 -1.020508 4.975586 0.0 -0.9863281
3.1096  0.07324219 0.0 -2.333984 1.547852 0.0 -1.660156 2.739258 0.0 -1.289063 3.847656 0.0 -1.020508 4.975586 0.0 -0.9863281
3.1112  0.07324219 0.0 -2.324219 1.542969 0.0 -1.655273 2.744141 0.0 -1.289063 3.847656 0.0 -1.015625 4.975586 0.0 -0.9863281
3.1128  0.06835938 0.0 -2.319336 1.542969 0.0 -1.650391 2.744141 0.0 -1.28418 3.847656 0.0 -1.015625 4.975586 0.0 -0.9863281
3.1144  0.06835938 0.0 -2.30957 1.542969 0.0 -1.645508 2.744141 0.0 -1.28418 3.847656 0.0 -1.015625 4.975586 0.0 -0.9863281
3.116  0.06347656 0.0 -2.299805 1.542969 0.0 -1.640625 2.744141 0.0 -1.279297 3.847656 0.0 -1.015625 4.980469 0.0 -0.9863281
3.1176  0.06347656 0.0 -2.294922 1.542969 0.0 -1.635742 2.744141 0.0 -1.279297 3.847656 0.0 -1.015625 4.980469 0.0 -0.9863281
3.1192  0.05859375 0.0 -2.285156 1.542969 0.0 -1.630859 2.744141 0.0 -1.279297 3.847656 0.0 -1.015625 4.980469 0.0 -0.9863281
3.1208  0.05859375 0.0 -2.275391 1.538086 0.0 -1.630859 2.744141 0.0 -1.279297 3.847656 0.0 -1.015625 4.980469 0.0 -0.9912109
3.1224  0.05371094 0.0 -2.270508 1.538086 0.0 -1.625977 2.744141 0.0 -1.274414 3.847656 0.0 -1.015625 4.980469 0.0 -0.9912109
3.124  0.05371094 0.0 -2.260742 1.538086 0.0 -1.621094 2.744141 0.0 -1.274414 3.852539 0.0 -1.015625 4.980469 0.0 -0.9912109
3.1256  0.04882813 0.0 -2.250977 1.538086 0.0 -1.616211 2.744141 0.0 -1.274414 3.852539 0.0 -1.015625 4.980469 0.0 -0.9912109
3.1272  0.04882813 0.0 -2.246094 1.538086 0.0 -1.611328 2.744141 0.0 -1.274414 3.852539 0.0 -1.015625 4.980469 0.0 -0.9912109
3.1288  0.04394531 0.0 -2.236328 1.538086 0.0 -1.606445 2.749023 0.0 -1.274414 3.852539 0.0 -1.015625 4.980469 0.0 -0.9912109
3.1304  0.04394531 0.0 -2.231445 1.538086 0.0 -1.606445 2.749023 0.0 -1.274414 3.852539 0.0 -1.015625 4.985352 0.0 -0.9912109
3.132  0.0390625 0.0 -2.22168 1.538086 0.0 -1.601563 2.749023 0.0 -1.269531 3.852539 0.0 -1.020508 4.985352 0.0 -0.9912109
3.1336  0.0390625 0.0 -2.216797 1.538086 0.0 -1.59668 2.749023 0.0 -1.269531 3.852539 0.0 -1.020508 4.985352 0.0 -0.9960938
3.1352  0.03417969 0.0 -2.207031 1.533203 0.0 -1.591797 2.749023 0.0 -1.269531 3.852539 0.0 -1.020508 4.985352 0.0 -0.9960938
3.1368  0.03417969 0.0 -2.202148 1.533203 0.0 -1.591797 2.749023 0.0 -1.269531 3.852539 0.0 -1.020508 4.985352 0.0 -0.9960938
3.1384  0.02929688 0.0 -2.192383 1.533203 0.0 -1.586914 2.749023 0.0 -1.274414 3.857422 0.0 -1.020508 4.985352 0.0 -0.9960938
3.14  0.02929688 0.0 -2.1875 1.533203 0.0 -1.582031 2.749023 0.0 -1.274414 3.857422 0.0 -1.025391 4.985352 0.0 -0.9960938
3.1416  0.02441406 0.0 -2.177734 1.533203 0.0 -1.582031 2.749023 0.0 -1.274414 3.857422 0.0 -1.025391 4.990234 0.0 -1.000977
3.1432  0.02441406 0.0 -2.172852 1.533203 0.0 -1.577148 2.749023 0.0 -1.274414 3.857422 0.0 -1.025391 4.990234 0.0 -1.000977
3.1448  0.01953125 0.0 -2.163086 1.533203 0.0 -1.577148 2.753906 0.0 -1.274414 3.857422 0.0 -1.030273 4.990234 0.0 -1.000977
3.1464  0.01953125 0.0 -2.158203 1.533203 0.0 -1.572266 2.753906 0.0 -1.274414 3.857422 0.0 -1.030273 4.990234 0.0 -1.005859
3.148  0.01464844 0.0 -2.15332 1.533203 0.0 -1.572266 2.753906 0.0 -1.274414 3.862305 0.0 -1.030273 4.990234 0.0 -1.005859
3.1496  0.01464844 0.0 -2.148438 1.533203 0.0 -1.567383 2.753906 0.0 -1.279297 3.862305 0.0 -1.035156 4.990234 0.0 -1.005859
3.1512  0.01464844 0.0 -2.138672 1.533203 0.0 -1.567383 2.753906 0.0 -1.279297 3.862305 0.0 -1.035156 4.995117 0.0 -1.005859
3.1528  0.009765625 0.0 -2.133789 1.533203 0.0 -1.5625 2.753906 0.0 -1.279297 3.862305 0.0 -1.040039 4.995117 0.0 -1.010742
3.1544  0.009765625 0.0 -2.128906 1.533203 0.0 -1.5625 2.753906 0.0 -1.279297 3.862305 0.0 -1.040039 4.995117 0.0 -1.010742
3.156  0.004882813 0.0 -2.124023 1.533203 0.0 -1.5625 2.753906 0.0 -1.28418 3.867188 0.0 -1.044922 4.995117 0.0 -1.015625
3.1576  0.004882813 0.0 -2.119141 1.533203 0.0 -1.557617 2.753906 0.0 -1.28418 3.867188 0.0 -1.044922 4.995117 0.0 -1.015625
3.1592  0.004882813 0.0 -2.114258 1.533203 0.0 -1.557617 2.758789 0.0 -1.28418 3.867188 0.0 -1.049805 5.0 0.0 -1.015625
3.1608  0.0 0.0 -2.104492 1.533203 0.0 -1.557617 2.758789 0.0 -1.289063 3.867188 0.0 -1.054688 5.0 0.0 -1.020508
3.1624  0.0 0.0 -2.099609 1.538086 0.0 -1.557617 2.758789 0.0 -1.289063 3.867188 0.0 -1.054688 5.0 0.0 -1.020508
3.164  -0.004882813 0.0 -2.094727 1.538086 0.0 -1.557617 2.758789 0.0 -1.293945 3.87207 0.0 -1.05957 5.0 0.0 -1.025391
3.1656  -0.004882813 0.0 -2.089844 1.538086 0.0 -1.552734 2.758789 0.0 -1.293945 3.87207 0.0 -1.05957 5.004883 0.0 -1.025391
3.1672  -0.004882813 0.0 -2.084961 1.538086 0.0 -1.552734 2.758789 0.0 -1.298828 3.87207 0.0 -1.064453 5.004883 0.0 -1.030273
3.1688  -0.009765625 0.0 -2.084961 1.538086 0.0 -1.552734 2.758789 0.0 -1.298828 3.87207 0.0 -1.069336 5.004883 0.0 -1.030273
3.1704  -0.009765625 0.0 -2.080078 1.538086 0.0 -1.552734 2.763672 0.0 -1.303711 3.87207 0.0 -1.069336 5.004883 0.0 -1.035156
3.172  -0.009765625 0.0 -2.075195 1.538086 0.0 -1.552734 2.763672 0.0 -1.303711 3.87207 0.0 -1.074219 5.009766 0.0 -1.035156
3.1736  -0.01464844 0.0 -2.070313 1.538086 0.0 -1.552734 2.763672 0.0 -1.308594 3.87207 0.0 -1.079102 5.009766 0.0 -1.040039
3.1752  -0.01464844 0.0 -2.06543 1.538086 0.0 -1.552734 2.763672 0.0 -1.308594 3.876953 0.0 -1.083984 5.009766 0.0 -1.040039
3.1768  -0.01953125 0.0 -2.060547 1.538086 0.0 -1.552734 2.763672 0.0 -1.313477 3.876953 0.0 -1.083984 5.009766 0.0 -1.044922
3.1784  -0.01953125 0.0 -2.055664 1.538086 0.0 -1.552734 2.763672 0.0 -1.318359 3.876953 0.0 -1.088867 5.014648 0.0 -1.044922
3.18  -0.01953125 0.0 -2.055664 1.538086 0.0 -1.552734 2.768555 0.0 -1.318359 3.876953 0.0 -1.09375 5.014648 0.0 -1.049805
3.1816  -0.02441406 0.0 -2.050781 1.542969 0.0 -1.552734 2.768555 0.0 -1.323242 3.876953 0.0 -1.09375 5.014648 0.0 -1.049805
3.1832  -0.02441406 0.0 -2.045898 1.542969 0.0 -1.557617 2.768555 0.0 -1.323242 3.876953 0.0 -1.098633 5.014648 0.0 -1.054688
3.1848  -0.02441406 0.0 -2.041016 1.542969 0.0 -1.557617 2.768555 0.0 -1.328125 3.876953 0.0 -1.103516 5.019531 0.0 -1.05957
3.1864  -0.02929688 0.0 -2.041016 1.542969 0.0 -1.557617 2.773438 0.0 -1.333008 3.876953 0.0 -1.103516 5.019531 0.0 -1.05957
3.188  -0.02929688 0.0 -2.036133 1.542969 0.0 -1.557617 2.773438 0.0 -1.337891 3.876953 0.0 -1.108398 5.019531 0.0 -1.064453
3.1896  -0.02929688 0.0 -2.03125 1.542969 0.0 -1.557617 2.773438 0.0 -1.337891 3.876953 0.0 -1.113281 5.019531 0.0 -1.064453
3.1912  -0.03417969 0.0 -2.03125 1.542969 0.0 -1.557617 2.773438 0.0 -1.342773 3.876953 0.0 -1.113281 5.024414 0.0 -1.069336
3.1928  -0.03417969 0.0 -2.026367 1.547852 0.0 -1.5625 2.77832 0.0 -1.347656 3.876953 0.0 -1.118164 5.024414 0.0 -1.069336
3.1944  -0.03417969 0.0 -2.021484 1.547852 0.0 -1.5625 2.77832 0.0 -1.352539 3.881836 0.0 -1.123047 5.024414 0.0 -1.074219
3.196  -0.0390625 0.0 -2.021484 1.547852 0.0 -1.5625 2.77832 0.0 -1.352539 3.881836 0.0 -1.123047 5.029297 0.0 -1.079102
3.1976  -0.0390625 0.0 -2.016602 1.547852 0.0 -1.5625 2.783203 0.0 -1.357422 3.881836 0.0 -1.12793 5.029297 0.0 -1.079102
3.1992  -0.0390625 0.0 -2.016602 1.547852 0.0 -1.567383 2.783203 0.0 -1.362305 3.881836 0.0 -1.12793 5.029297 0.0 -1.083984
3.2008  -0.0390625 0.0 -2.011719 1.552734 0.0 -1.567383 2.783203 0.0 -1.367188 3.881836 0.0 -1.132813 5.03418 0.0 -1.083984
3.2024  -0.04394531 0.0 -2.011719 1.552734 0.0 -1.567383 2.788086 0.0 -1.37207 3.881836 0.0 -1.137695 5.03418 0.0 -1.088867
3.204  -0.04394531 0.0 -2.006836 1.552734 0.0 -1.572266 2.788086 0.0 -1.376953 3.881836 0.0 -1.137695 5.03418 0.0 -1.09375
3.2056  -0.04394531 0.0 -2.006836 1.557617 0.0 -1.572266 2.788086 0.0 -1.381836 3.886719 0.0 -1.142578 5.039063 0.0 -1.09375
3.2072  -0.04394531 0.0 -2.006836 1.557617 0.0 -1.577148 2.792969 0.0 -1.381836 3.886719 0.0 -1.147461 5.039063 0.0 -1.098633
3.2088  -0.04394531 0.0 -2.006836 1.557617 0.0 -1.577148 2.792969 0.0 -1.386719 3.886719 0.0 -1.147461 5.043945 0.0 -1.098633
3.2104  -0.04394531 0.0 -2.001953 1.5625 0.0 -1.582031 2.792969 0.0 -1.391602 3.886719 0.0 -1.152344 5.043945 0.0 -1.103516
3.212  -0.04394531 0.0 -2.001953 1.5625 0.0 -1.582031 2.797852 0.0 -1.396484 3.886719 0.0 -1.157227 5.043945 0.0 -1.108398
3.2136  -0.04882813 0.0 -2.001953 1.5625 0.0 -1.586914 2.797852 0.0 -1.401367 3.891602 0.0 -1.162109 5.048828 0.0 -1.108398
3.2152  -0.04882813 0.0 -2.001953 1.567383 0.0 -1.586914 2.802734 0.0 -1.40625 3.891602 0.0 -1.162109 5.048828 0.0 -1.113281
3.2168  -0.04882813 0.0 -2.001953 1.567383 0.0 -1.591797 2.802734 0.0 -1.416016 3.891602 0.0 -1.166992 5.048828 0.0 -1.118164
3.2184  -0.04882813 0.0 -2.001953 1.567383 0.0 -1.59668 2.807617 0.0 -1.420898 3.891602 0.0 -1.171875 5.053711 0.0 -1.118164
3.22  -0.04882813 0.0 -2.006836 1.572266 0.0 -1.601563 2.807617 0.0 -1.425781 3.896484 0.0 -1.176758 5.053711 0.0 -1.123047
3.2216  -0.04394531 0.0 -2.006836 1.572266 0.0 -1.606445 2.807617 0.0 -1.430664 3.896484 0.0 -1.181641 5.058594 0.0 -1.12793
3.2232  -0.04394531 0.0 -2.006836 1.572266 0.0 -1.611328 2.8125 0.0 -1.435547 3.896484 0.0 -1.186523 5.058594 0.0 -1.132813
3.2248  -0.04394531 0.0 -2.011719 1.577148 0.0 -1.611328 2.8125 0.0 -1.44043 3.896484 0.0 -1.191406 5.058594 0.0 -1.137695
3.2264  -0.04394531 0.0 -2.011719 1.577148 0.0 -1.621094 2.817383 0.0 -1.450195 3.901367 0.0 -1.196289 5.063477 0.0 -1.137695
3.228  -0.04394531 0.0 -2.016602 1.582031 0.0 -1.625977 2.817383 0.0 -1.455078 3.901367 0.0 -1.201172 5.063477 0.0 -1.142578
3.2296  -0.04394531 0.0 -2.021484 1.582031 0.0 -1.630859 2.822266 0.0 -1.459961 3.901367 0.0 -1.206055 5.068359 0.0 -1.147461
3.2312  -0.0390625 0.0 -2.021484 1.586914 0.0 -1.635742 2.822266 0.0 -1.469727 3.901367 0.0 -1.210938 5.068359 0.0 -1.152344
3.2328  -0.0390625 0.0 -2.026367 1.586914 0.0 -1.640625 2.827148 0.0 -1.474609 3.90625 0.0 -1.21582 5.068359 0.0 -1.157227
3.2344  -0.0390625 0.0 -2.03125 1.586914 0.0 -1.645508 2.827148 0.0 -1.484375 3.90625 0.0 -1.225586 5.073242 0.0 -1.162109
3.236  -0.03417969 0.0 -2.036133 1.591797 0.0 -1.655273 2.832031 0.0 -1.489258 3.90625 0.0 -1.230469 5.073242 0.0 -1.162109
3.2376  -0.03417969 0.0 -2.045898 1.591797 0.0 -1.660156 2.832031 0.0 -1.499023 3.90625 0.0 -1.235352 5.073242 0.0 -1.166992
3.2392  -0.03417969 0.0 -2.050781 1.59668 0.0 -1.669922 2.832031 0.0 -1.503906 3.911133 0.0 -1.240234 5.078125 0.0 -1.171875
3.2408  -0.02929688 0.0 -2.055664 1.59668 0.0 -1.674805 2.836914 0.0 -1.513672 3.911133 0.0 -1.245117 5.078125 0.0 -1.176758
3.2424  -0.02929688 0.0 -2.06543 1.59668 0.0 -1.68457 2.836914 0.0 -1.518555 3.911133 0.0 -1.254883 5.083008 0.0 -1.181641
3.244  -0.02441406 0.0 -2.070313 1.601563 0.0 -1.689453 2.841797 0.0 -1.52832 3.911133 0.0 -1.259766 5.083008 0.0 -1.186523
3.2456  -0.02441406 0.0 -2.080078 1.601563 0.0 -1.699219 2.841797 0.0 -1.538086 3.916016 0.0 -1.264648 5.083008 0.0 -1.186523
3.2472  -0.01953125 0.0 -2.089844 1.606445 0.0 -1.708984 2.841797 0.0 -1.542969 3.916016 0.0 -1.269531 5.083008 0.0 -1.191406
3.2488  -0.01953125 0.0 -2.094727 1.606445 0.0 -1.713867 2.84668 0.0 -1.552734 3.916016 0.0 -1.279297 5.087891 0.0 -1.196289
3.2504  -0.01464844 0.0 -2.104492 1.606445 0.0 -1.723633 2.84668 0.0 -1.5625 3.916016 0.0 -1.28418 5.087891 0.0 -1.201172
3.252  -0.01464844 0.0 -2.114258 1.611328 0.0 -1.733398 2.84668 0.0 -1.572266 3.916016 0.0 -1.289063 5.087891 0.0 -1.201172
3.2536  -0.009765625 0.0 -2.124023 1.611328 0.0 -1.743164 2.851563 0.0 -1.577148 3.916016 0.0 -1.293945 5.087891 0.0 -1.206055
3.2552  -0.009765625 0.0 -2.133789 1.611328 0.0 -1.75293 2.851563 0.0 -1.586914 3.916016 0.0 -1.303711 5.087891 0.0 -1.210938
3.2568  -0.004882813 0.0 -2.148438 1.616211 0.0 -1.757813 2.851563 0.0 -1.59668 3.916016 0.0 -1.308594 5.092773 0.0 -1.210938
3.2584  0.0 0.0 -2.158203 1.616211 0.0 -1.767578 2.856445 0.0 -1.606445 3.920898 0.0 -1.313477 5.092773 0.0 -1.21582
3.26  0.0 0.0 -2.167969 1.616211 0.0 -1.777344 2.856445 0.0 -1.611328 3.920898 0.0 -1.318359 5.092773 0.0 -1.21582
3.2616  0.004882813 0.0 -2.182617 1.616211 0.0 -1.787109 2.856445 0.0 -1.621094 3.916016 0.0 -1.323242 5.092773 0.0 -1.220703
3.2632  0.009765625 0.0 -2.192383 1.621094 0.0 -1.796875 2.856445 0.0 -1.630859 3.916016 0.0 -1.328125 5.092773 0.0 -1.220703
3.2648  0.009765625 0.0 -2.207031 1.621094 0.0 -1.806641 2.856445 0.0 -1.640625 3.916016 0.0 -1.333008 5.092773 0.0 -1.220703
3.2664  0.01464844 0.0 -2.216797 1.621094 0.0 -1.816406 2.861328 0.0 -1.645508 3.916016 0.0 -1.337891 5.092773 0.0 -1.225586
3.268  0.01953125 0.0 -2.231445 1.621094 0.0 -1.826172 2.861328 0.0 -1.655273 3.916016 0.0 -1.342773 5.092773 0.0 -1.225586
3.2696  0.01953125 0.0 -2.246094 1.621094 0.0 -1.835938 2.861328 0.0 -1.665039 3.916016 0.0 -1.347656 5.092773 0.0 -1.225586
3.2712  0.02441406 0.0 -2.255859 1.621094 0.0 -1.845703 2.861328 0.0 -1.674805 3.916016 0.0 -1.352539 5.087891 0.0 -1.225586
3.2728  0.02929688 0.0 -2.270508 1.621094 0.0 -1.855469 2.861328 0.0 -1.679688 3.911133 0.0 -1.357422 5.087891 0.0 -1.230469
3.2744  0.02929688 0.0 -2.285156 1.621094 0.0 -1.865234 2.861328 0.0 -1.689453 3.911133 0.0 -1.362305 5.087891 0.0 -1.230469
3.276  0.03417969 0.0 -2.299805 1.621094 0.0 -1.875 2.861328 0.0 -1.699219 3.911133 0.0 -1.367188 5.087891 0.0 -1.230469
3.2776  0.0390625 0.0 -2.30957 1.621094 0.0 -1.884766 2.861328 0.0 -1.704102 3.911133 0.0 -1.367188 5.087891 0.0 -1.230469
3.2792  0.04394531 0.0 -2.324219 1.621094 0.0 -1.894531 2.861328 0.0 -1.713867 3.90625 0.0 -1.37207 5.083008 0.0 -1.230469
3.2808  0.04394531 0.0 -2.338867 1.621094 0.0 -1.904297 2.861328 0.0 -1.71875 3.90625 0.0 -1.376953 5.083008 0.0 -1.230469
3.2824  0.04882813 0.0 -2.353516 1.621094 0.0 -1.914063 2.856445 0.0 -1.728516 3.901367 0.0 -1.381836 5.083008 0.0 -1.230469
3.284  0.05371094 0.0 -2.368164 1.621094 0.0 -1.923828 2.856445 0.0 -1.738281 3.901367 0.0 -1.381836 5.078125 0.0 -1.230469
3.2856  0.05371094 0.0 -2.382813 1.621094 0.0 -1.933594 2.856445 0.0 -1.743164 3.896484 0.0 -1.386719 5.078125 0.0 -1.230469
3.2872  0.05859375 0.0 -2.397461 1.621094 0.0 -1.943359 2.856445 0.0 -1.75293 3.896484 0.0 -1.386719 5.073242 0.0 -1.230469
3.2888  0.06347656 0.0 -2.407227 1.616211 0.0 -1.953125 2.856445 0.0 -1.757813 3.891602 0.0 -1.391602 5.073242 0.0 -1.225586
3.2904  0.06347656 0.0 -2.421875 1.616211 0.0 -1.962891 2.851563 0.0 -1.762695 3.891602 0.0 -1.396484 5.068359 0.0 -1.225586
3.292  0.06835938 0.0 -2.436523 1.616211 0.0 -1.972656 2.851563 0.0 -1.772461 3.886719 0.0 -1.396484 5.068359 0.0 -1.225586
3.2936  0.07324219 0.0 -2.451172 1.616211 0.0 -1.977539 2.851563 0.0 -1.777344 3.886719 0.0 -1.401367 5.063477 0.0 -1.225586
3.2952  0.07324219 0.0 -2.46582 1.611328 0.0 -1.987305 2.851563 0.0 -1.787109 3.881836 0.0 -1.401367 5.063477 0.0 -1.225586
3.2968  0.078125 0.0 -2.480469 1.611328 0.0 -1.99707 2.84668 0.0 -1.791992 3.881836 0.0 -1.40625 5.058594 0.0 -1.225586
3.2984  0.078125 0.0 -2.490234 1.611328 0.0 -2.006836 2.84668 0.0 -1.801758 3.876953 0.0 -1.411133 5.053711 0.0 -1.225586
3.3  0.08300781 0.0 -2.504883 1.611328 0.0 -2.016602 2.84668 0.0 -1.806641 3.87207 0.0 -1.411133 5.053711 0.0 -1.225586
3.3016  0.08789063 0.0 -2.519531 1.606445 0.0 -2.026367 2.841797 0.0 -1.811523 3.87207 0.0 -1.416016 5.048828 0.0 -1.225586
3.3032  0.08789063 0.0 -2.529297 1.606445 0.0 -2.03125 2.841797 0.0 -1.821289 3.867188 0.0 -1.420898 5.048828 0.0 -1.225586
3.3048  0.09277344 0.0 -2.543945 1.606445 0.0 -2.041016 2.841797 0.0 -1.826172 3.867188 0.0 -1.420898 5.043945 0.0 -1.225586
3.3064  0.09277344 0.0 -2.558594 1.606445 0.0 -2.050781 2.836914 0.0 -1.831055 3.862305 0.0 -1.425781 5.043945 0.0 -1.225586
3.308  0.09765625 0.0 -2.568359 1.601563 0.0 -2.060547 2.836914 0.0 -1.835938 3.862305 0.0 -1.430664 5.039063 0.0 -1.225586
3.3096  0.09765625 0.0 -2.583008 1.601563 0.0 -2.06543 2.836914 0.0 -1.845703 3.857422 0.0 -1.430664 5.03418 0.0 -1.225586
3.3112  0.1025391 0.0 -2.592773 1.601563 0.0 -2.075195 2.836914 0.0 -1.850586 3.857422 0.0 -1.435547 5.03418 0.0 -1.225586
3.3128  0.1025391 0.0 -2.607422 1.601563 0.0 -2.084961 2.832031 0.0 -1.855469 3.852539 0.0 -1.44043 5.029297 0.0 -1.230469
3.3144  0.1074219 0.0 -2.617188 1.59668 0.0 -2.094727 2.832031 0.0 -1.865234 3.852539 0.0 -1.445313 5.029297 0.0 -1.230469
3.316  0.1074219 0.0 -2.631836 1.59668 0.0 -2.099609 2.832031 0.0 -1.870117 3.847656 0.0 -1.450195 5.024414 0.0 -1.230469
3.3176  0.1123047 0.0 -2.641602 1.59668 0.0 -2.109375 2.832031 0.0 -1.875 3.847656 0.0 -1.450195 5.024414 0.0 -1.230469
3.3192  0.1123047 0.0 -2.651367 1.59668 0.0 -2.119141 2.827148 0.0 -1.879883 3.847656 0.0 -1.455078 5.024414 0.0 -1.235352
3.3208  0.1123047 0.0 -2.666016 1.59668 0.0 -2.124023 2.827148 0.0 -1.884766 3.842773 0.0 -1.459961 5.019531 0.0 -1.235352
3.3224  0.1171875 0.0 -2.675781 1.59668 0.0 -2.133789 2.827148 0.0 -1.894531 3.842773 0.0 -1.464844 5.019531 0.0 -1.235352
3.324  0.1171875 0.0 -2.685547 1.591797 0.0 -2.138672 2.827148 0.0 -1.899414 3.842773 0.0 -1.469727 5.014648 0.0 -1.240234
3.3256  0.1220703 0.0 -2.695313 1.591797 0.0 -2.148438 2.827148 0.0 -1.904297 3.842773 0.0 -1.474609 5.014648 0.0 -1.240234
3.3272  0.1220703 0.0 -2.705078 1.591797 0.0 -2.15332 2.822266 0.0 -1.90918 3.837891 0.0 -1.474609 5.014648 0.0 -1.240234
3.3288  0.1220703 0.0 -2.714844 1.591797 0.0 -2.163086 2.822266 0.0 -1.914063 3.837891 0.0 -1.479492 5.009766 0.0 -1.245117
3.3304  0.1269531 0.0 -2.724609 1.591797 0.0 -2.167969 2.822266 0.0 -1.918945 3.837891 0.0 -1.484375 5.009766 0.0 -1.245117
3.332  0.1269531 0.0 -2.734375 1.591797 0.0 -2.177734 2.822266 0.0 -1.928711 3.837891 0.0 -1.489258 5.009766 0.0 -1.245117
3.3336  0.1269531 0.0 -2.744141 1.591797 0.0 -2.182617 2.822266 0.0 -1.933594 3.833008 0.0 -1.494141 5.004883 0.0 -1.25
3.3352  0.1269531 0.0 -2.753906 1.591797 0.0 -2.192383 2.822266 0.0 -1.938477 3.833008 0.0 -1.499023 5.004883 0.0 -1.25
3.3368  0.1318359 0.0 -2.763672 1.591797 0.0 -2.197266 2.822266 0.0 -1.943359 3.833008 0.0 -1.499023 5.004883 0.0 -1.25
3.3384  0.1318359 0.0 -2.773438 1.586914 0.0 -2.202148 2.817383 0.0 -1.948242 3.833008 0.0 -1.503906 5.0 0.0 -1.254883
3.34  0.1318359 0.0 -2.77832 1.586914 0.0 -2.211914 2.817383 0.0 -1.953125 3.828125 0.0 -1.508789 5.0 0.0 -1.254883
3.3416  0.1318359 0.0 -2.788086 1.586914 0.0 -2.216797 2.817383 0.0 -1.958008 3.828125 0.0 -1.508789 5.0 0.0 -1.254883
3.3432  0.1318359 0.0 -2.792969 1.586914 0.0 -2.22168 2.817383 0.0 -1.962891 3.828125 0.0 -1.513672 4.995117 0.0 -1.259766
3.3448  0.1367188 0.0 -2.802734 1.586914 0.0 -2.226563 2.817383 0.0 -1.967773 3.828125 0.0 -1.518555 4.995117 0.0 -1.259766
3.3464  0.1367188 0.0 -2.807617 1.586914 0.0 -2.231445 2.817383 0.0 -1.967773 3.823242 0.0 -1.518555 4.995117 0.0 -1.259766
3.348  0.1367188 0.0 -2.817383 1.586914 0.0 -2.241211 2.817383 0.0 -1.972656 3.823242 0.0 -1.523438 4.990234 0.0 -1.264648
3.3496  0.1367188 0.0 -2.822266 1.586914 0.0 -2.246094 2.8125 0.0 -1.977539 3.823242 0.0 -1.523438 4.990234 0.0 -1.264648
3.3512  0.1367188 0.0 -2.827148 1.582031 0.0 -2.250977 2.8125 0.0 -1.982422 3.823242 0.0 -1.52832 4.990234 0.0 -1.264648
3.3528  0.1367188 0.0 -2.836914 1.582031 0.0 -2.255859 2.8125 0.0 -1.987305 3.818359 0.0 -1.52832 4.985352 0.0 -1.269531
3.3544  0.1367188 0.0 -2.841797 1.582031 0.0 -2.260742 2.8125 0.0 -1.992188 3.818359 0.0 -1.533203 4.985352 0.0 -1.269531
3.356  0.1367188 0.0 -2.84668 1.582031 0.0 -2.265625 2.8125 0.0 -1.992188 3.818359 0.0 -1.533203 4.985352 0.0 -1.269531
3.3576  0.1367188 0.0 -2.851563 1.582031 0.0 -2.265625 2.8125 0.0 -1.99707 3.818359 0.0 -1.533203 4.980469 0.0 -1.269531
3.3592  0.1367188 0.0 -2.856445 1.582031 0.0 -2.270508 2.8125 0.0 -2.001953 3.813477 0.0 -1.538086 4.980469 0.0 -1.269531
3.3608  0.1416016 0.0 -2.861328 1.582031 0.0 -2.275391 2.807617 0.0 -2.001953 3.813477 0.0 -1.538086 4.980469 0.0 -1.274414
3.3624  0.1416016 0.0 -2.866211 1.577148 0.0 -2.280273 2.807617 0.0 -2.006836 3.813477 0.0 -1.538086 4.980469 0.0 -1.274414
3.364  0.1416016 0.0 -2.871094 1.577148 0.0 -2.285156 2.807617 0.0 -2.006836 3.813477 0.0 -1.538086 4.975586 0.0 -1.274414
3.3656  0.1416016 0.0 -2.875977 1.577148 0.0 -2.285156 2.807617 0.0 -2.011719 3.808594 0.0 -1.542969 4.975586 0.0 -1.274414
3.3672  0.1416016 0.0 -2.880859 1.577148 0.0 -2.290039 2.807617 0.0 -2.016602 3.808594 0.0 -1.542969 4.975586 0.0 -1.274414
3.3688  0.1416016 0.0 -2.880859 1.577148 0.0 -2.294922 2.807617 0.0 -2.016602 3.808594 0.0 -1.542969 4.975586 0.0 -1.274414
3.3704  0.1416016 0.0 -2.885742 1.577148 0.0 -2.294922 2.807617 0.0 -2.021484 3.808594 0.0 -1.542969 4.970703 0.0 -1.279297
3.372  0.1416016 0.0 -2.890625 1.577148 0.0 -2.299805 2.807617 0.0 -2.021484 3.803711 0.0 -1.542969 4.970703 0.0 -1.279297
3.3736  0.1416016 0.0 -2.895508 1.577148 0.0 -2.299805 2.807617 0.0 -2.026367 3.803711 0.0 -1.547852 4.970703 0.0 -1.279297
3.3752  0.1416016 0.0 -2.895508 1.577148 0.0 -2.304688 2.807617 0.0 -2.026367 3.803711 0.0 -1.547852 4.970703 0.0 -1.279297
3.3768  0.1416016 0.0 -2.900391 1.577148 0.0 -2.304688 2.807617 0.0 -2.026367 3.803711 0.0 -1.547852 4.970703 0.0 -1.279297
3.3784  0.1416016 0.0 -2.905273 1.577148 0.0 -2.30957 2.807617 0.0 -2.03125 3.803711 0.0 -1.547852 4.970703 0.0 -1.279297
3.38  0.1416016 0.0 -2.905273 1.577148 0.0 -2.30957 2.807617 0.0 -2.03125 3.803711 0.0 -1.547852 4.96582 0.0 -1.279297
3.3816  0.1464844 0.0 -2.910156 1.577148 0.0 -2.314453 2.807617 0.0 -2.036133 3.798828 0.0 -1.547852 4.96582 0.0 -1.28418
3.3832  0.1464844 0.0 -2.910156 1.577148 0.0 -2.314453 2.807617 0.0 -2.036133 3.798828 0.0 -1.552734 4.96582 0.0 -1.28418
3.3848  0.1464844 0.0 -2.915039 1.577148 0.0 -2.314453 2.807617 0.0 -2.036133 3.798828 0.0 -1.552734 4.96582 0.0 -1.28418
3.3864  0.1464844 0.0 -2.919922 1.577148 0.0 -2.319336 2.807617 0.0 -2.041016 3.798828 0.0 -1.552734 4.96582 0.0 -1.28418
3.388  0.1464844 0.0 -2.919922 1.577148 0.0 -2.319336 2.807617 0.0 -2.041016 3.798828 0.0 -1.552734 4.96582 0.0 -1.28418
3.3896  0.1464844 0.0 -2.924805 1.577148 0.0 -2.324219 2.807617 0.0 -2.041016 3.798828 0.0 -1.552734 4.96582 0.0 -1.28418
3.3912  0.1464844 0.0 -2.924805 1.577148 0.0 -2.324219 2.807617 0.0 -2.041016 3.798828 0.0 -1.557617 4.96582 0.0 -1.289063
3.3928  0.1464844 0.0 -2.929688 1.577148 0.0 -2.324219 2.807617 0.0 -2.045898 3.798828 0.0 -1.557617 4.96582 0.0 -1.289063
3.3944  0.1464844 0.0 -2.929688 1.577148 0.0 -2.329102 2.807617 0.0 -2.045898 3.798828 0.0 -1.557617 4.96582 0.0 -1.289063
3.396  0.1513672 0.0 -2.93457 1.577148 0.0 -2.329102 2.807617 0.0 -2.045898 3.798828 0.0 -1.557617 4.96582 0.0 -1.289063
3.3976  0.1513672 0.0 -2.93457 1.577148 0.0 -2.329102 2.807617 0.0 -2.045898 3.798828 0.0 -1.5625 4.96582 0.0 -1.289063
3.3992  0.1513672 0.0 -2.939453 1.582031 0.0 -2.329102 2.807617 0.0 -2.050781 3.798828 0.0 -1.5625 4.96582 0.0 -1.293945
3.4008  0.1513672 0.0 -2.939453 1.582031 0.0 -2.333984 2.807617 0.0 -2.050781 3.798828 0.0 -1.5625 4.96582 0.0 -1.293945
3.4024  0.1513672 0.0 -2.939453 1.582031 0.0 -2.333984 2.807617 0.0 -2.050781 3.798828 0.0 -1.5625 4.96582 0.0 -1.293945
3.404  0.1513672 0.0 -2.944336 1.582031 0.0 -2.333984 2.807617 0.0 -2.050781 3.798828 0.0 -1.567383 4.96582 0.0 -1.293945
3.4056  0.1513672 0.0 -2.944336 1.582031 0.0 -2.333984 2.807617 0.0 -2.050781 3.798828 0.0 -1.567383 4.96582 0.0 -1.293945
3.4072  0.15625 0.0 -2.944336 1.582031 0.0 -2.338867 2.807617 0.0 -2.050781 3.798828 0.0 -1.567383 4.96582 0.0 -1.298828
3.4088  0.15625 0.0 -2.949219 1.582031 0.0 -2.338867 2.807617 0.0 -2.055664 3.798828 0.0 -1.567383 4.96582 0.0 -1.298828
3.4104  0.15625 0.0 -2.949219 1.582031 0.0 -2.338867 2.807617 0.0 -2.055664 3.803711 0.0 -1.572266 4.96582 0.0 -1.298828
3.412  0.15625 0.0 -2.949219 1.582031 0.0 -2.338867 2.807617 0.0 -2.055664 3.803711 0.0 -1.572266 4.96582 0.0 -1.298828
3.4136  0.15625 0.0 -2.954102 1.586914 0.0 -2.338867 2.807617 0.0 -2.055664 3.803711 0.0 -1.572266 4.96582 0.0 -1.298828
3.4152  0.15625 0.0 -2.954102 1.586914 0.0 -2.338867 2.807617 0.0 -2.055664 3.803711 0.0 -1.572266 4.970703 0.0 -1.303711
3.4168  0.15625 0.0 -2.954102 1.586914 0.0 -2.34375 2.8125 0.0 -2.055664 3.803711 0.0 -1.577148 4.970703 0.0 -1.303711
3.4184  0.1611328 0.0 -2.958984 1.586914 0.0 -2.34375 2.8125 0.0 -2.055664 3.803711 0.0 -1.577148 4.970703 0.0 -1.303711
3.42  0.1611328 0.0 -2.958984 1.586914 0.0 -2.34375 2.8125 0.0 -2.055664 3.803711 0.0 -1.577148 4.970703 0.0 -1.303711
3.4216  0.1611328 0.0 -2.958984 1.586914 0.0 -2.34375 2.8125 0.0 -2.055664 3.803711 0.0 -1.577148 4.970703 0.0 -1.303711
3.4232  0.1611328 0.0 -2.958984 1.586914 0.0 -2.34375 2.8125 0.0 -2.055664 3.803711 0.0 -1.577148 4.970703 0.0 -1.303711
3.4248  0.1611328 0.0 -2.958984 1.586914 0.0 -2.34375 2.8125 0.0 -2.055664 3.803711 0.0 -1.577148 4.970703 0.0 -1.308594
3.4264  0.1611328 0.0 -2.958984 1.586914 0.0 -2.34375 2.8125 0.0 -2.055664 3.808594 0.0 -1.582031 4.970703 0.0 -1.308594
3.428  0.1611328 0.0 -2.958984 1.586914 0.0 -2.34375 2.8125 0.0 -2.055664 3.808594 0.0 -1.582031 4.970703 0.0 -1.308594
3.4296  0.1611328 0.0 -2.963867 1.586914 0.0 -2.34375 2.8125 0.0 -2.055664 3.808594 0.0 -1.582031 4.975586 0.0 -1.308594
3.4312  0.1660156 0.0 -2.963867 1.586914 0.0 -2.34375 2.8125 0.0 -2.055664 3.808594 0.0 -1.582031 4.975586 0.0 -1.308594
3.4328  0.1660156 0.0 -2.963867 1.586914 0.0 -2.34375 2.8125 0.0 -2.055664 3.808594 0.0 -1.582031 4.975586 0.0 -1.308594
3.4344  0.1660156 0.0 -2.963867 1.586914 0.0 -2.34375 2.8125 0.0 -2.050781 3.808594 0.0 -1.577148 4.975586 0.0 -1.308594
3.436  0.1660156 0.0 -2.963867 1.586914 0.0 -2.338867 2.8125 0.0 -2.050781 3.808594 0.0 -1.577148 4.975586 0.0 -1.308594
3.4376  0.1660156 0.0 -2.963867 1.586914 0.0 -2.338867 2.8125 0.0 -2.050781 3.808594 0.0 -1.577148 4.975586 0.0 -1.308594
3.4392  0.1660156 0.0 -2.963867 1.591797 0.0 -2.338867 2.8125 0.0 -2.050781 3.808594 0.0 -1.577148 4.980469 0.0 -1.308594
3.4408  0.1660156 0.0 -2.958984 1.591797 0.0 -2.338867 2.8125 0.0 -2.050781 3.808594 0.0 -1.577148 4.980469 0.0 -1.308594
3.4424  0.1660156 0.0 -2.958984 1.591797 0.0 -2.338867 2.8125 0.0 -2.045898 3.813477 0.0 -1.572266 4.980469 0.0 -1.308594
3.444  0.1660156 0.0 -2.958984 1.591797 0.0 -2.333984 2.8125 0.0 -2.045898 3.813477 0.0 -1.572266 4.980469 0.0 -1.308594
3.4456  0.1660156 0.0 -2.958984 1.591797 0.0 -2.333984 2.8125 0.0 -2.045898 3.813477 0.0 -1.572266 4.980469 0.0 -1.308594
3.4472  0.1708984 0.0 -2.958984 1.591797 0.0 -2.333984 2.8125 0.0 -2.041016 3.813477 0.0 -1.567383 4.985352 0.0 -1.308594
3.4488  0.1708984 0.0 -2.958984 1.591797 0.0 -2.333984 2.817383 0.0 -2.041016 3.813477 0.0 -1.567383 4.985352 0.0 -1.303711
3.4504  0.1708984 0.0 -2.958984 1.591797 0.0 -2.329102 2.817383 0.0 -2.041016 3.813477 0.0 -1.5625 4.985352 0.0 -1.303711
3.452  0.1708984 0.0 -2.954102 1.591797 0.0 -2.329102 2.817383 0.0 -2.036133 3.813477 0.0 -1.5625 4.990234 0.0 -1.303711
3.4536  0.1708984 0.0 -2.954102 1.591797 0.0 -2.324219 2.817383 0.0 -2.036133 3.818359 0.0 -1.5625 4.990234 0.0 -1.303711
3.4552  0.1708984 0.0 -2.954102 1.59668 0.0 -2.324219 2.817383 0.0 -2.03125 3.818359 0.0 -1.557617 4.990234 0.0 -1.303711
3.4568  0.1757813 0.0 -2.954102 1.59668 0.0 -2.319336 2.817383 0.0 -2.03125 3.818359 0.0 -1.557617 4.990234 0.0 -1.303711
3.4584  0.1757813 0.0 -2.949219 1.59668 0.0 -2.319336 2.817383 0.0 -2.026367 3.818359 0.0 -1.552734 4.995117 0.0 -1.303711
3.46  0.1757813 0.0 -2.949219 1.59668 0.0 -2.314453 2.817383 0.0 -2.026367 3.818359 0.0 -1.547852 4.995117 0.0 -1.303711
3.4616  0.1757813 0.0 -2.949219 1.59668 0.0 -2.314453 2.817383 0.0 -2.021484 3.823242 0.0 -1.547852 4.995117 0.0 -1.298828
3.4632  0.1757813 0.0 -2.949219 1.59668 0.0 -2.30957 2.822266 0.0 -2.016602 3.823242 0.0 -1.542969 5.0 0.0 -1.298828
3.4648  0.1806641 0.0 -2.944336 1.59668 0.0 -2.30957 2.822266 0.0 -2.016602 3.823242 0.0 -1.542969 5.0 0.0 -1.298828
3.4664  0.1806641 0.0 -2.944336 1.59668 0.0 -2.304688 2.822266 0.0 -2.011719 3.823242 0.0 -1.538086 5.0 0.0 -1.298828
3.468  0.1806641 0.0 -2.944336 1.59668 0.0 -2.304688 2.822266 0.0 -2.006836 3.823242 0.0 -1.538086 5.0 0.0 -1.298828
3.4696  0.1806641 0.0 -2.939453 1.601563 0.0 -2.299805 2.822266 0.0 -2.006836 3.823242 0.0 -1.533203 5.004883 0.0 -1.298828
3.4712  0.1806641 0.0 -2.939453 1.601563 0.0 -2.299805 2.822266 0.0 -2.001953 3.828125 0.0 -1.533203 5.004883 0.0 -1.298828
3.4728  0.1806641 0.0 -2.939453 1.601563 0.0 -2.294922 2.822266 0.0 -1.99707 3.828125 0.0 -1.52832 5.004883 0.0 -1.293945
3.4744  0.1806641 0.0 -2.93457 1.601563 0.0 -2.290039 2.822266 0.0 -1.99707 3.828125 0.0 -1.52832 5.004883 0.0 -1.293945
3.476  0.1855469 0.0 -2.93457 1.601563 0.0 -2.290039 2.822266 0.0 -1.992188 3.828125 0.0 -1.523438 5.009766 0.0 -1.293945
3.4776  0.1855469 0.0 -2.929688 1.601563 0.0 -2.285156 2.822266 0.0 -1.987305 3.828125 0.0 -1.523438 5.009766 0.0 -1.293945
3.4792  0.1855469 0.0 -2.929688 1.601563 0.0 -2.280273 2.822266 0.0 -1.982422 3.828125 0.0 -1.518555 5.009766 0.0 -1.293945
3.4808  0.1855469 0.0 -2.924805 1.601563 0.0 -2.280273 2.822266 0.0 -1.977539 3.828125 0.0 -1.518555 5.014648 0.0 -1.293945
3.4824  0.1855469 0.0 -2.924805 1.601563 0.0 -2.275391 2.822266 0.0 -1.972656 3.833008 0.0 -1.513672 5.014648 0.0 -1.293945
3.484  0.1855469 0.0 -2.919922 1.601563 0.0 -2.270508 2.822266 0.0 -1.967773 3.833008 0.0 -1.513672 5.014648 0.0 -1.293945
3.4856  0.1855469 0.0 -2.919922 1.601563 0.0 -2.270508 2.822266 0.0 -1.962891 3.833008 0.0 -1.508789 5.014648 0.0 -1.289063
3.4872  0.1855469 0.0 -2.915039 1.601563 0.0 -2.265625 2.822266 0.0 -1.958008 3.833008 0.0 -1.508789 5.014648 0.0 -1.289063
3.4888  0.1855469 0.0 -2.915039 1.601563 0.0 -2.260742 2.822266 0.0 -1.953125 3.833008 0.0 -1.503906 5.019531 0.0 -1.289063
3.4904  0.1855469 0.0 -2.910156 1.601563 0.0 -2.255859 2.817383 0.0 -1.948242 3.833008 0.0 -1.499023 5.019531 0.0 -1.289063
3.492  0.1855469 0.0 -2.905273 1.601563 0.0 -2.250977 2.817383 0.0 -1.943359 3.837891 0.0 -1.499023 5.019531 0.0 -1.28418
3.4936  0.1855469 0.0 -2.905273 1.601563 0.0 -2.246094 2.817383 0.0 -1.938477 3.837891 0.0 -1.494141 5.019531 0.0 -1.28418
3.4952  0.1855469 0.0 -2.900391 1.601563 0.0 -2.241211 2.817383 0.0 -1.928711 3.837891 0.0 -1.489258 5.024414 0.0 -1.28418
3.4968  0.1855469 0.0 -2.895508 1.601563 0.0 -2.236328 2.817383 0.0 -1.923828 3.837891 0.0 -1.484375 5.024414 0.0 -1.279297
3.4984  0.1855469 0.0 -2.895508 1.601563 0.0 -2.231445 2.817383 0.0 -1.914063 3.837891 0.0 -1.479492 5.024414 0.0 -1.279297
3.5  0.1855469 0.0 -2.890625 1.601563 0.0 -2.226563 2.8125 0.0 -1.90918 3.837891 0.0 -1.474609 5.024414 0.0 -1.274414
3.5016  0.1855469 0.0 -2.885742 1.601563 0.0 -2.22168 2.8125 0.0 -1.899414 3.842773 0.0 -1.469727 5.029297 0.0 -1.269531
3.5032  0.1855469 0.0 -2.880859 1.59668 0.0 -2.216797 2.8125 0.0 -1.894531 3.842773 0.0 -1.464844 5.029297 0.0 -1.269531
3.5048  0.1855469 0.0 -2.875977 1.59668 0.0 -2.207031 2.8125 0.0 -1.884766 3.842773 0.0 -1.459961 5.029297 0.0 -1.264648
3.5064  0.1855469 0.0 -2.871094 1.59668 0.0 -2.202148 2.8125 0.0 -1.875 3.842773 0.0 -1.450195 5.029297 0.0 -1.259766
3.508  0.1855469 0.0 -2.866211 1.59668 0.0 -2.197266 2.807617 0.0 -1.865234 3.842773 0.0 -1.445313 5.03418 0.0 -1.254883
3.5096  0.1855469 0.0 -2.861328 1.59668 0.0 -2.1875 2.807617 0.0 -1.855469 3.847656 0.0 -1.44043 5.03418 0.0 -1.25
3.5112  0.1855469 0.0 -2.856445 1.59668 0.0 -2.182617 2.807617 0.0 -1.845703 3.847656 0.0 -1.430664 5.03418 0.0 -1.25
3.5128  0.1855469 0.0 -2.851563 1.59668 0.0 -2.172852 2.802734 0.0 -1.835938 3.847656 0.0 -1.420898 5.03418 0.0 -1.245117
3.5144  0.1855469 0.0 -2.84668 1.59668 0.0 -2.167969 2.802734 0.0 -1.826172 3.847656 0.0 -1.416016 5.03418 0.0 -1.235352
3.516  0.1855469 0.0 -2.841797 1.59668 0.0 -2.158203 2.802734 0.0 -1.816406 3.847656 0.0 -1.40625 5.039063 0.0 -1.230469
3.5176  0.1855469 0.0 -2.836914 1.591797 0.0 -2.15332 2.797852 0.0 -1.801758 3.852539 0.0 -1.396484 5.039063 0.0 -1.225586
3.5192  0.1855469 0.0 -2.832031 1.591797 0.0 -2.143555 2.797852 0.0 -1.791992 3.852539 0.0 -1.386719 5.039063 0.0 -1.220703
3.5208  0.1855469 0.0 -2.827148 1.591797 0.0 -2.133789 2.797852 0.0 -1.777344 3.852539 0.0 -1.376953 5.039063 0.0 -1.21582
3.5224  0.1855469 0.0 -2.822266 1.591797 0.0 -2.128906 2.792969 0.0 -1.767578 3.852539 0.0 -1.367188 5.043945 0.0 -1.206055
3.524  0.1855469 0.0 -2.817383 1.591797 0.0 -2.119141 2.792969 0.0 -1.75293 3.852539 0.0 -1.357422 5.043945 0.0 -1.201172
3.5256  0.1855469 0.0 -2.807617 1.591797 0.0 -2.109375 2.792969 0.0 -1.743164 3.857422 0.0 -1.342773 5.043945 0.0 -1.196289
3.5272  0.1806641 0.0 -2.802734 1.586914 0.0 -2.099609 2.788086 0.0 -1.728516 3.857422 0.0 -1.333008 5.043945 0.0 -1.186523
3.5288  0.1806641 0.0 -2.797852 1.586914 0.0 -2.089844 2.788086 0.0 -1.713867 3.857422 0.0 -1.318359 5.048828 0.0 -1.181641
3.5304  0.1806641 0.0 -2.792969 1.586914 0.0 -2.084961 2.783203 0.0 -1.699219 3.857422 0.0 -1.308594 5.048828 0.0 -1.171875
3.532  0.1806641 0.0 -2.783203 1.586914 0.0 -2.075195 2.783203 0.0 -1.68457 3.862305 0.0 -1.293945 5.048828 0.0 -1.162109
3.5336  0.1806641 0.0 -2.77832 1.586914 0.0 -2.06543 2.77832 0.0 -1.669922 3.862305 0.0 -1.28418 5.048828 0.0 -1.157227
3.5352  0.1806641 0.0 -2.773438 1.582031 0.0 -2.055664 2.77832 0.0 -1.655273 3.862305 0.0 -1.269531 5.053711 0.0 -1.147461
3.5368  0.1806641 0.0 -2.768555 1.582031 0.0 -2.045898 2.773438 0.0 -1.640625 3.862305 0.0 -1.254883 5.053711 0.0 -1.137695
3.5384  0.1806641 0.0 -2.763672 1.582031 0.0 -2.036133 2.773438 0.0 -1.625977 3.867188 0.0 -1.240234 5.053711 0.0 -1.12793
3.54  0.1806641 0.0 -2.753906 1.582031 0.0 -2.026367 2.768555 0.0 -1.611328 3.867188 0.0 -1.225586 5.053711 0.0 -1.118164
3.5416  0.1806641 0.0 -2.749023 1.582031 0.0 -2.016602 2.763672 0.0 -1.59668 3.867188 0.0 -1.210938 5.053711 0.0 -1.113281
3.5432  0.1806641 0.0 -2.744141 1.577148 0.0 -2.006836 2.763672 0.0 -1.577148 3.867188 0.0 -1.196289 5.058594 0.0 -1.103516
3.5448  0.1757813 0.0 -2.739258 1.577148 0.0 -1.99707 2.758789 0.0 -1.5625 3.87207 0.0 -1.181641 5.058594 0.0 -1.09375
3.5464  0.1757813 0.0 -2.729492 1.577148 0.0 -1.987305 2.753906 0.0 -1.547852 3.87207 0.0 -1.166992 5.058594 0.0 -1.079102
3.548  0.1757813 0.0 -2.724609 1.572266 0.0 -1.977539 2.753906 0.0 -1.52832 3.87207 0.0 -1.152344 5.058594 0.0 -1.069336
3.5496  0.1757813 0.0 -2.719727 1.572266 0.0 -1.962891 2.749023 0.0 -1.513672 3.87207 0.0 -1.137695 5.058594 0.0 -1.05957
3.5512  0.1757813 0.0 -2.709961 1.572266 0.0 -1.953125 2.744141 0.0 -1.494141 3.87207 0.0 -1.118164 5.058594 0.0 -1.049805
3.5528  0.1757813 0.0 -2.705078 1.567383 0.0 -1.943359 2.739258 0.0 -1.474609 3.876953 0.0 -1.103516 5.058594 0.0 -1.040039
3.5544  0.1757813 0.0 -2.700195 1.567383 0.0 -1.933594 2.734375 0.0 -1.459961 3.876953 0.0 -1.088867 5.058594 0.0 -1.030273
3.556  0.1708984 0.0 -2.695313 1.567383 0.0 -1.923828 2.734375 0.0 -1.44043 3.876953 0.0 -1.069336 5.058594 0.0 -1.015625
3.5576  0.1708984 0.0 -2.685547 1.5625 0.0 -1.914063 2.729492 0.0 -1.420898 3.876953 0.0 -1.054688 5.058594 0.0 -1.005859
3.5592  0.1708984 0.0 -2.680664 1.5625 0.0 -1.899414 2.724609 0.0 -1.40625 3.876953 0.0 -1.035156 5.058594 0.0 -0.9960938
3.5608  0.1708984 0.0 -2.675781 1.557617 0.0 -1.889648 2.719727 0.0 -1.386719 3.876953 0.0 -1.020508 5.058594 0.0 -0.9814453
3.5624  0.1708984 0.0 -2.666016 1.557617 0.0 -1.879883 2.714844 0.0 -1.367188 3.876953 0.0 -1.000977 5.058594 0.0 -0.9716797
3.564  0.1660156 0.0 -2.661133 1.557617 0.0 -1.865234 2.709961 0.0 -1.347656 3.876953 0.0 -0.9863281 5.053711 0.0 -0.9570313
3.5656  0.1660156 0.0 -2.65625 1.552734 0.0 -1.855469 2.705078 0.0 -1.328125 3.876953 0.0 -0.9667969 5.053711 0.0 -0.9472656
3.5672  0.1660156 0.0 -2.651367 1.552734 0.0 -1.845703 2.700195 0.0 -1.308594 3.876953 0.0 -0.9472656 5.053711 0.0 -0.9326172
3.5688  0.1660156 0.0 -2.641602 1.547852 0.0 -1.835938 2.695313 0.0 -1.293945 3.876953 0.0 -0.9326172 5.048828 0.0 -0.9228516
3.5704  0.1660156 0.0 -2.636719 1.547852 0.0 -1.821289 2.69043 0.0 -1.274414 3.876953 0.0 -0.9130859 5.048828 0.0 -0.9082031
3.572  0.1611328 0.0 -2.631836 1.542969 0.0 -1.811523 2.685547 0.0 -1.254883 3.876953 0.0 -0.8935547 5.048828 0.0 -0.8935547
3.5736  0.1611328 0.0 -2.626953 1.538086 0.0 -1.796875 2.675781 0.0 -1.235352 3.876953 0.0 -0.8740234 5.043945 0.0 -0.8789063
3.5752  0.1611328 0.0 -2.617188 1.538086 0.0 -1.787109 2.670898 0.0 -1.210938 3.876953 0.0 -0.859375 5.039063 0.0 -0.8642578
3.5768  0.1611328 0.0 -2.612305 1.533203 0.0 -1.777344 2.666016 0.0 -1.191406 3.87207 0.0 -0.8398438 5.039063 0.0 -0.8496094
3.5784  0.1611328 0.0 -2.607422 1.533203 0.0 -1.762695 2.661133 0.0 -1.171875 3.87207 0.0 -0.8203125 5.03418 0.0 -0.8349609
3.58  0.1611328 0.0 -2.602539 1.52832 0.0 -1.75293 2.65625 0.0 -1.152344 3.87207 0.0 -0.8007813 5.029297 0.0 -0.8203125
3.5816  0.15625 0.0 -2.592773 1.523438 0.0 -1.738281 2.646484 0.0 -1.132813 3.867188 0.0 -0.78125 5.029297 0.0 -0.8056641
3.5832  0.15625 0.0 -2.587891 1.523438 0.0 -1.728516 2.641602 0.0 -1.113281 3.867188 0.0 -0.7617188 5.024414 0.0 -0.7910156
3.5848  0.15625 0.0 -2.583008 1.518555 0.0 -1.71875 2.631836 0.0 -1.088867 3.862305 0.0 -0.7421875 5.019531 0.0 -0.7763672
3.5864  0.15625 0.0 -2.578125 1.513672 0.0 -1.704102 2.626953 0.0 -1.069336 3.862305 0.0 -0.7226563 5.014648 0.0 -0.7568359
3.588  0.15625 0.0 -2.573242 1.513672 0.0 -1.694336 2.617188 0.0 -1.049805 3.857422 0.0 -0.6982422 5.009766 0.0 -0.7421875
3.5896  0.15625 0.0 -2.563477 1.508789 0.0 -1.679688 2.612305 0.0 -1.030273 3.852539 0.0 -0.6787109 5.0 0.0 -0.7226563
3.5912  0.15625 0.0 -2.558594 1.503906 0.0 -1.669922 2.602539 0.0 -1.005859 3.852539 0.0 -0.6591797 4.995117 0.0 -0.703125
3.5928  0.15625 0.0 -2.553711 1.499023 0.0 -1.655273 2.592773 0.0 -0.9863281 3.847656 0.0 -0.6396484 4.990234 0.0 -0.6835938
3.5944  0.1513672 0.0 -2.548828 1.494141 0.0 -1.645508 2.583008 0.0 -0.9667969 3.842773 0.0 -0.6152344 4.980469 0.0 -0.6689453
3.596  0.1513672 0.0 -2.539063 1.489258 0.0 -1.635742 2.578125 0.0 -0.9423828 3.837891 0.0 -0.5957031 4.975586 0.0 -0.6494141
3.5976  0.1513672 0.0 -2.53418 1.484375 0.0 -1.621094 2.568359 0.0 -0.9228516 3.833008 0.0 -0.5712891 4.96582 0.0 -0.625
3.5992  0.1513672 0.0 -2.529297 1.479492 0.0 -1.611328 2.553711 0.0 -0.9033203 3.823242 0.0 -0.5517578 4.960938 0.0 -0.6054688
3.6008  0.1513672 0.0 -2.519531 1.474609 0.0 -1.601563 2.543945 0.0 -0.8789063 3.818359 0.0 -0.5273438 4.951172 0.0 -0.5859375
3.6024  0.1513672 0.0 -2.514648 1.469727 0.0 -1.586914 2.53418 0.0 -0.859375 3.808594 0.0 -0.5078125 4.941406 0.0 -0.5615234
3.604  0.1513672 0.0 -2.509766 1.459961 0.0 -1.577148 2.519531 0.0 -0.8398438 3.803711 0.0 -0.4833984 4.931641 0.0 -0.5419922
3.6056  0.1464844 0.0 -2.504883 1.455078 0.0 -1.567383 2.509766 0.0 -0.8203125 3.793945 0.0 -0.4638672 4.921875 0.0 -0.5175781
3.6072  0.1464844 0.0 -2.495117 1.450195 0.0 -1.557617 2.495117 0.0 -0.7958984 3.78418 0.0 -0.4394531 4.907227 0.0 -0.4980469
3.6088  0.1464844 0.0 -2.490234 1.44043 0.0 -1.547852 2.480469 0.0 -0.7763672 3.774414 0.0 -0.4150391 4.897461 0.0 -0.4736328
3.6104  0.1464844 0.0 -2.485352 1.430664 0.0 -1.538086 2.470703 0.0 -0.7568359 3.764648 0.0 -0.3955078 4.887695 0.0 -0.4492188
3.612  0.1464844 0.0 -2.475586 1.425781 0.0 -1.52832 2.456055 0.0 -0.7373047 3.754883 0.0 -0.3710938 4.873047 0.0 -0.4248047
3.6136  0.1416016 0.0 -2.470703 1.416016 0.0 -1.518555 2.436523 0.0 -0.7128906 3.740234 0.0 -0.3466797 4.858398 0.0 -0.4003906
3.6152  0.1416016 0.0 -2.46582 1.40625 0.0 -1.508789 2.421875 0.0 -0.6933594 3.730469 0.0 -0.3222656 4.84375 0.0 -0.3808594
3.6168  0.1416016 0.0 -2.460938 1.396484 0.0 -1.499023 2.407227 0.0 -0.6738281 3.71582 0.0 -0.3027344 4.829102 0.0 -0.3564453
3.6184  0.1367188 0.0 -2.451172 1.386719 0.0 -1.489258 2.387695 0.0 -0.6542969 3.701172 0.0 -0.2783203 4.814453 0.0 -0.3271484
3.62  0.1367188 0.0 -2.446289 1.376953 0.0 -1.484375 2.373047 0.0 -0.6347656 3.686523 0.0 -0.2539063 4.799805 0.0 -0.3027344
3.6216  0.1367188 0.0 -2.441406 1.367188 0.0 -1.474609 2.353516 0.0 -0.6152344 3.671875 0.0 -0.2294922 4.785156 0.0 -0.2783203
3.6232  0.1367188 0.0 -2.431641 1.357422 0.0 -1.464844 2.333984 0.0 -0.5957031 3.657227 0.0 -0.2099609 4.770508 0.0 -0.2539063
3.6248  0.1318359 0.0 -2.426758 1.342773 0.0 -1.459961 2.314453 0.0 -0.5810547 3.642578 0.0 -0.1855469 4.750977 0.0 -0.2294922
3.6264  0.1318359 0.0 -2.421875 1.333008 0.0 -1.455078 2.294922 0.0 -0.5615234 3.623047 0.0 -0.1611328 4.736328 0.0 -0.2050781
3.628  0.1269531 0.0 -2.412109 1.318359 0.0 -1.445313 2.275391 0.0 -0.5419922 3.608398 0.0 -0.1367188 4.716797 0.0 -0.1806641
3.6296  0.1269531 0.0 -2.407227 1.308594 0.0 -1.44043 2.255859 0.0 -0.5273438 3.588867 0.0 -0.1171875 4.697266 0.0 -0.1513672
3.6312  0.1269531 0.0 -2.402344 1.293945 0.0 -1.435547 2.231445 0.0 -0.5078125 3.569336 0.0 -0.09277344 4.682617 0.0 -0.1269531
3.6328  0.1220703 0.0 -2.397461 1.28418 0.0 -1.430664 2.211914 0.0 -0.4931641 3.549805 0.0 -0.06835938 4.663086 0.0 -0.1025391
3.6344  0.1220703 0.0 -2.387695 1.269531 0.0 -1.425781 2.1875 0.0 -0.4736328 3.530273 0.0 -0.04882813 4.643555 0.0 -0.078125
3.636  0.1220703 0.0 -2.382813 1.254883 0.0 -1.420898 2.167969 0.0 -0.4589844 3.510742 0.0 -0.02441406 4.624023 0.0 -0.05371094
3.6376  0.1171875 0.0 -2.37793 1.245117 0.0 -1.416016 2.143555 0.0 -0.4394531 3.491211 0.0 -0.004882813 4.604492 0.0 -0.02929688
3.6392  0.1171875 0.0 -2.373047 1.230469 0.0 -1.416016 2.119141 0.0 -0.4248047 3.47168 0.0 0.01953125 4.584961 0.0 -0.004882813
3.6408  0.1171875 0.0 -2.368164 1.21582 0.0 -1.411133 2.099609 0.0 -0.4101563 3.452148 0.0 0.0390625 4.56543 0.0 0.01953125
3.6424  0.1123047 0.0 -2.358398 1.201172 0.0 -1.40625 2.075195 0.0 -0.3955078 3.432617 0.0 0.06347656 4.541016 0.0 0.04394531
3.644  0.1123047 0.0 -2.353516 1.191406 0.0 -1.40625 2.050781 0.0 -0.3808594 3.408203 0.0 0.08300781 4.521484 0.0 0.06835938
3.6456  0.1074219 0.0 -2.348633 1.176758 0.0 -1.40625 2.026367 0.0 -0.3662109 3.388672 0.0 0.1025391 4.501953 0.0 0.09277344
3.6472  0.1074219 0.0 -2.34375 1.162109 0.0 -1.401367 2.001953 0.0 -0.3515625 3.364258 0.0 0.1220703 4.482422 0.0 0.1123047
3.6488  0.1074219 0.0 -2.338867 1.147461 0.0 -1.401367 1.977539 0.0 -0.3417969 3.344727 0.0 0.1464844 4.462891 0.0 0.1367188
3.6504  0.1025391 0.0 -2.333984 1.137695 0.0 -1.401367 1.953125 0.0 -0.3271484 3.325195 0.0 0.1660156 4.443359 0.0 0.15625
3.652  0.1025391 0.0 -2.329102 1.123047 0.0 -1.401367 1.928711 0.0 -0.3125 3.300781 0.0 0.1855469 4.423828 0.0 0.1806641
3.6536  0.1025391 0.0 -2.324219 1.108398 0.0 -1.401367 1.904297 0.0 -0.3027344 3.28125 0.0 0.2050781 4.399414 0.0 0.2001953
3.6552  0.09765625 0.0 -2.319336 1.098633 0.0 -1.401367 1.884766 0.0 -0.2880859 3.256836 0.0 0.2246094 4.379883 0.0 0.2246094
3.6568  0.09765625 0.0 -2.314453 1.083984 0.0 -1.401367 1.860352 0.0 -0.2783203 3.237305 0.0 0.2441406 4.360352 0.0 0.2441406
3.6584  0.09765625 0.0 -2.30957 1.069336 0.0 -1.401367 1.835938 0.0 -0.2685547 3.217773 0.0 0.2587891 4.34082 0.0 0.2636719
3.66  0.09277344 0.0 -2.30957 1.05957 0.0 -1.401367 1.811523 0.0 -0.2539063 3.193359 0.0 0.2783203 4.326172 0.0 0.2832031
3.6616  0.09277344 0.0 -2.304688 1.049805 0.0 -1.401367 1.791992 0.0 -0.2441406 3.173828 0.0 0.2978516 4.306641 0.0 0.3027344
3.6632  0.09277344 0.0 -2.299805 1.035156 0.0 -1.401367 1.767578 0.0 -0.234375 3.154297 0.0 0.3125 4.287109 0.0 0.3173828
3.6648  0.09277344 0.0 -2.294922 1.025391 0.0 -1.401367 1.748047 0.0 -0.2246094 3.134766 0.0 0.3320313 4.267578 0.0 0.3369141
3.6664  0.08789063 0.0 -2.290039 1.015625 0.0 -1.40625 1.723633 0.0 -0.2148438 3.115234 0.0 0.3466797 4.25293 0.0 0.3515625
3.668  0.08789063 0.0 -2.290039 1.000977 0.0 -1.40625 1.704102 0.0 -0.2099609 3.095703 0.0 0.3613281 4.233398 0.0 0.3710938
3.6696  0.08789063 0.0 -2.285156 0.9912109 0.0 -1.40625 1.68457 0.0 -0.2001953 3.076172 0.0 0.3808594 4.21875 0.0 0.3857422
3.6712  0.08300781 0.0 -2.280273 0.9814453 0.0 -1.40625 1.665039 0.0 -0.1904297 3.056641 0.0 0.3955078 4.199219 0.0 0.4003906
3.6728  0.08300781 0.0 -2.280273 0.9716797 0.0 -1.411133 1.645508 0.0 -0.1855469 3.041992 0.0 0.4101563 4.18457 0.0 0.4150391
3.6744  0.08300781 0.0 -2.275391 0.9667969 0.0 -1.411133 1.625977 0.0 -0.1757813 3.022461 0.0 0.4248047 4.169922 0.0 0.4296875
3.676  0.08300781 0.0 -2.275391 0.9570313 0.0 -1.411133 1.611328 0.0 -0.1708984 3.007813 0.0 0.4394531 4.155273 0.0 0.4443359
3.6776  0.078125 0.0 -2.270508 0.9472656 0.0 -1.416016 1.591797 0.0 -0.1611328 2.988281 0.0 0.4541016 4.140625 0.0 0.4541016
3.6792  0.078125 0.0 -2.270508 0.9375 0.0 -1.416016 1.577148 0.0 -0.15625 2.973633 0.0 0.4638672 4.130859 0.0 0.46875
3.6808  0.078125 0.0 -2.265625 0.9326172 0.0 -1.416016 1.557617 0.0 -0.1513672 2.958984 0.0 0.4785156 4.116211 0.0 0.4785156
3.6824  0.078125 0.0 -2.265625 0.9277344 0.0 -1.420898 1.542969 0.0 -0.1464844 2.944336 0.0 0.4882813 4.106445 0.0 0.4882813
3.684  0.078125 0.0 -2.265625 0.9179688 0.0 -1.420898 1.52832 0.0 -0.1416016 2.929688 0.0 0.5029297 4.091797 0.0 0.4980469
3.6856  0.07324219 0.0 -2.260742 0.9130859 0.0 -1.420898 1.513672 0.0 -0.1367188 2.919922 0.0 0.5126953 4.082031 0.0 0.5078125
3.6872  0.07324219 0.0 -2.260742 0.9082031 0.0 -1.425781 1.499023 0.0 -0.1318359 2.905273 0.0 0.5224609 4.072266 0.0 0.5175781
3.6888  0.07324219 0.0 -2.260742 0.9033203 0.0 -1.425781 1.489258 0.0 -0.1269531 2.895508 0.0 0.5322266 4.0625 0.0 0.5224609
3.6904  0.07324219 0.0 -2.255859 0.8984375 0.0 -1.425781 1.474609 0.0 -0.1220703 2.885742 0.0 0.5419922 4.052734 0.0 0.5322266
3.692  0.06835938 0.0 -2.255859 0.8935547 0.0 -1.430664 1.464844 0.0 -0.1171875 2.871094 0.0 0.5517578 4.042969 0.0 0.5371094
3.6936  0.06835938 0.0 -2.255859 0.8886719 0.0 -1.430664 1.455078 0.0 -0.1171875 2.861328 0.0 0.5615234 4.038086 0.0 0.5419922
3.6952  0.06835938 0.0 -2.255859 0.8837891 0.0 -1.430664 1.445313 0.0 -0.1123047 2.851563 0.0 0.5712891 4.02832 0.0 0.546875
3.6968  0.06835938 0.0 -2.255859 0.8789063 0.0 -1.435547 1.435547 0.0 -0.1123047 2.84668 0.0 0.5761719 4.023438 0.0 0.5566406
3.6984  0.06835938 0.0 -2.255859 0.8789063 0.0 -1.435547 1.425781 0.0 -0.1074219 2.836914 0.0 0.5859375 4.013672 0.0 0.5566406
3.7  0.06347656 0.0 -2.250977 0.8740234 0.0 -1.44043 1.416016 0.0 -0.1074219 2.827148 0.0 0.5908203 4.008789 0.0 0.5615234
3.7016  0.06347656 0.0 -2.250977 0.8740234 0.0 -1.44043 1.411133 0.0 -0.1074219 2.822266 0.0 0.6005859 4.003906 0.0 0.5664063
3.7032  0.06347656 0.0 -2.250977 0.8691406 0.0 -1.44043 1.401367 0.0 -0.1025391 2.8125 0.0 0.6054688 3.999023 0.0 0.5712891
3.7048  0.06347656 0.0 -2.250977 0.8691406 0.0 -1.445313 1.396484 0.0 -0.1025391 2.807617 0.0 0.6103516 3.994141 0.0 0.5712891
3.7064  0.06347656 0.0 -2.250977 0.8642578 0.0 -1.445313 1.386719 0.0 -0.1025391 2.802734 0.0 0.6152344 3.989258 0.0 0.5761719
3.708  0.06347656 0.0 -2.255859 0.8642578 0.0 -1.450195 1.381836 0.0 -0.1025391 2.797852 0.0 0.6201172 3.984375 0.0 0.5761719
3.7096  0.06347656 0.0 -2.255859 0.8642578 0.0 -1.450195 1.376953 0.0 -0.1025391 2.792969 0.0 0.625 3.984375 0.0 0.5810547
3.7112  0.05859375 0.0 -2.255859 0.8642578 0.0 -1.455078 1.37207 0.0 -0.1025391 2.788086 0.0 0.6298828 3.979492 0.0 0.5810547
3.7128  0.05859375 0.0 -2.255859 0.859375 0.0 -1.455078 1.367188 0.0 -0.1025391 2.783203 0.0 0.6347656 3.974609 0.0 0.5859375
3.7144  0.05859375 0.0 -2.255859 0.859375 0.0 -1.459961 1.362305 0.0 -0.1025391 2.77832 0.0 0.6347656 3.974609 0.0 0.5859375
3.716  0.05859375 0.0 -2.255859 0.859375 0.0 -1.459961 1.357422 0.0 -0.1074219 2.773438 0.0 0.6396484 3.969727 0.0 0.5859375
3.7176  0.05859375 0.0 -2.260742 0.859375 0.0 -1.464844 1.357422 0.0 -0.1074219 2.773438 0.0 0.6445313 3.969727 0.0 0.5859375
3.7192  0.05859375 0.0 -2.260742 0.859375 0.0 -1.469727 1.352539 0.0 -0.1074219 2.768555 0.0 0.6445313 3.964844 0.0 0.5908203
3.7208  0.05859375 0.0 -2.260742 0.859375 0.0 -1.469727 1.347656 0.0 -0.1123047 2.763672 0.0 0.6445313 3.964844 0.0 0.5908203
3.7224  0.05859375 0.0 -2.265625 0.859375 0.0 -1.474609 1.347656 0.0 -0.1123047 2.758789 0.0 0.6494141 3.959961 0.0 0.5908203
3.724  0.05371094 0.0 -2.265625 0.859375 0.0 -1.479492 1.342773 0.0 -0.1171875 2.758789 0.0 0.6494141 3.959961 0.0 0.5908203
3.7256  0.05371094 0.0 -2.270508 0.859375 0.0 -1.484375 1.342773 0.0 -0.1220703 2.753906 0.0 0.6494141 3.955078 0.0 0.5908203
3.7272  0.05371094 0.0 -2.270508 0.8642578 0.0 -1.484375 1.337891 0.0 -0.1220703 2.753906 0.0 0.6494141 3.955078 0.0 0.5908203
3.7288  0.05371094 0.0 -2.275391 0.8642578 0.0 -1.489258 1.337891 0.0 -0.1269531 2.749023 0.0 0.6494141 3.950195 0.0 0.5908203
3.7304  0.05371094 0.0 -2.275391 0.8642578 0.0 -1.494141 1.333008 0.0 -0.1318359 2.744141 0.0 0.6494141 3.950195 0.0 0.5908203
3.732  0.05371094 0.0 -2.280273 0.8642578 0.0 -1.499023 1.333008 0.0 -0.1367188 2.744141 0.0 0.6494141 3.950195 0.0 0.5908203
3.7336  0.05371094 0.0 -2.280273 0.8642578 0.0 -1.503906 1.333008 0.0 -0.1367188 2.739258 0.0 0.6445313 3.945313 0.0 0.5908203
3.7352  0.05371094 0.0 -2.285156 0.8642578 0.0 -1.508789 1.328125 0.0 -0.1416016 2.739258 0.0 0.6445313 3.945313 0.0 0.5908203
3.7368  0.05371094 0.0 -2.290039 0.8691406 0.0 -1.513672 1.328125 0.0 -0.1464844 2.734375 0.0 0.6396484 3.94043 0.0 0.5908203
3.7384  0.04882813 0.0 -2.290039 0.8691406 0.0 -1.518555 1.328125 0.0 -0.15625 2.734375 0.0 0.6396484 3.94043 0.0 0.5908203
3.74  0.04882813 0.0 -2.294922 0.8691406 0.0 -1.523438 1.328125 0.0 -0.1611328 2.729492 0.0 0.6347656 3.94043 0.0 0.5859375
3.7416  0.04882813 0.0 -2.299805 0.8740234 0.0 -1.533203 1.328125 0.0 -0.1660156 2.724609 0.0 0.6347656 3.935547 0.0 0.5859375
3.7432  0.04882813 0.0 -2.304688 0.8740234 0.0 -1.538086 1.328125 0.0 -0.1708984 2.724609 0.0 0.6298828 3.935547 0.0 0.5859375
3.7448  0.04882813 0.0 -2.30957 0.8740234 0.0 -1.542969 1.328125 0.0 -0.1806641 2.719727 0.0 0.625 3.930664 0.0 0.5810547
3.7464  0.04882813 0.0 -2.314453 0.8789063 0.0 -1.552734 1.328125 0.0 -0.1855469 2.719727 0.0 0.6201172 3.930664 0.0 0.5810547
3.748  0.04882813 0.0 -2.319336 0.8789063 0.0 -1.557617 1.328125 0.0 -0.1953125 2.714844 0.0 0.6152344 3.930664 0.0 0.5761719
3.7496  0.04882813 0.0 -2.324219 0.8837891 0.0 -1.567383 1.328125 0.0 -0.2001953 2.714844 0.0 0.6054688 3.925781 0.0 0.5712891
3.7512  0.04882813 0.0 -2.329102 0.8837891 0.0 -1.572266 1.328125 0.0 -0.2099609 2.709961 0.0 0.6005859 3.925781 0.0 0.5712891
3.7528  0.04882813 0.0 -2.333984 0.8886719 0.0 -1.582031 1.328125 0.0 -0.2197266 2.709961 0.0 0.5957031 3.920898 0.0 0.5664063
3.7544  0.04882813 0.0 -2.338867 0.8886719 0.0 -1.591797 1.328125 0.0 -0.2294922 2.705078 0.0 0.5859375 3.920898 0.0 0.5615234
3.756  0.04882813 0.0 -2.348633 0.8935547 0.0 -1.601563 1.328125 0.0 -0.2392578 2.705078 0.0 0.5810547 3.920898 0.0 0.5566406
3.7576  0.04882813 0.0 -2.353516 0.8984375 0.0 -1.611328 1.333008 0.0 -0.2490234 2.705078 0.0 0.5712891 3.920898 0.0 0.5517578
3.7592  0.04882813 0.0 -2.363281 0.8984375 0.0 -1.621094 1.333008 0.0 -0.2636719 2.700195 0.0 0.5615234 3.916016 0.0 0.546875
3.7608  0.05371094 0.0 -2.368164 0.9033203 0.0 -1.630859 1.337891 0.0 -0.2734375 2.700195 0.0 0.5517578 3.916016 0.0 0.5419922
3.7624  0.05371094 0.0 -2.37793 0.9082031 0.0 -1.640625 1.337891 0.0 -0.2832031 2.700195 0.0 0.5419922 3.916016 0.0 0.5322266
3.764  0.05371094 0.0 -2.382813 0.9130859 0.0 -1.650391 1.342773 0.0 -0.2978516 2.700195 0.0 0.5322266 3.916016 0.0 0.5273438
3.7656  0.05371094 0.0 -2.392578 0.9179688 0.0 -1.665039 1.347656 0.0 -0.3125 2.700195 0.0 0.5175781 3.916016 0.0 0.5175781
3.7672  0.05371094 0.0 -2.402344 0.9228516 0.0 -1.674805 1.352539 0.0 -0.3222656 2.700195 0.0 0.5078125 3.916016 0.0 0.5126953
3.7688  0.05859375 0.0 -2.412109 0.9277344 0.0 -1.689453 1.357422 0.0 -0.3369141 2.700195 0.0 0.4980469 3.920898 0.0 0.5029297
3.7704  0.05859375 0.0 -2.421875 0.9326172 0.0 -1.699219 1.362305 0.0 -0.3515625 2.700195 0.0 0.4833984 3.920898 0.0 0.4931641
3.772  0.05859375 0.0 -2.426758 0.9375 0.0 -1.713867 1.367188 0.0 -0.3710938 2.700195 0.0 0.46875 3.925781 0.0 0.4833984
3.7736  0.06347656 0.0 -2.436523 0.9423828 0.0 -1.723633 1.37207 0.0 -0.3857422 2.705078 0.0 0.4541016 3.925781 0.0 0.4736328
3.7752  0.06347656 0.0 -2.446289 0.9472656 0.0 -1.738281 1.381836 0.0 -0.4003906 2.705078 0.0 0.4394531 3.930664 0.0 0.4638672
3.7768  0.06347656 0.0 -2.456055 0.9521484 0.0 -1.75293 1.386719 0.0 -0.4150391 2.709961 0.0 0.4248047 3.935547 0.0 0.4541016
3.7784  0.06835938 0.0 -2.46582 0.9619141 0.0 -1.767578 1.396484 0.0 -0.4345703 2.709961 0.0 0.4101563 3.94043 0.0 0.4394531
3.78  0.06835938 0.0 -2.475586 0.9667969 0.0 -1.782227 1.40625 0.0 -0.4541016 2.714844 0.0 0.390625 3.945313 0.0 0.4296875
3.7816  0.06835938 0.0 -2.485352 0.9765625 0.0 -1.796875 1.416016 0.0 -0.46875 2.719727 0.0 0.3759766 3.950195 0.0 0.4150391
3.7832  0.07324219 0.0 -2.5 0.9814453 0.0 -1.811523 1.425781 0.0 -0.4882813 2.724609 0.0 0.3564453 3.955078 0.0 0.4003906
3.7848  0.07324219 0.0 -2.509766 0.9912109 0.0 -1.826172 1.435547 0.0 -0.5078125 2.729492 0.0 0.3417969 3.964844 0.0 0.3857422
3.7864  0.078125 0.0 -2.519531 0.9960938 0.0 -1.84082 1.450195 0.0 -0.5273438 2.739258 0.0 0.3222656 3.969727 0.0 0.3710938
3.788  0.078125 0.0 -2.529297 1.005859 0.0 -1.855469 1.459961 0.0 -0.546875 2.744141 0.0 0.3027344 3.979492 0.0 0.3564453
3.7896  0.078125 0.0 -2.539063 1.015625 0.0 -1.870117 1.474609 0.0 -0.5664063 2.753906 0.0 0.2832031 3.989258 0.0 0.3417969
3.7912  0.08300781 0.0 -2.548828 1.020508 0.0 -1.884766 1.489258 0.0 -0.5859375 2.763672 0.0 0.2587891 3.999023 0.0 0.3222656
3.7928  0.08300781 0.0 -2.558594 1.030273 0.0 -1.899414 1.503906 0.0 -0.6054688 2.773438 0.0 0.2392578 4.013672 0.0 0.3076172
3.7944  0.08789063 0.0 -2.573242 1.040039 0.0 -1.914063 1.523438 0.0 -0.6298828 2.783203 0.0 0.2148438 4.023438 0.0 0.2880859
3.796  0.08789063 0.0 -2.583008 1.049805 0.0 -1.928711 1.538086 0.0 -0.6494141 2.792969 0.0 0.1953125 4.038086 0.0 0.2685547
3.7976  0.09277344 0.0 -2.592773 1.05957 0.0 -1.943359 1.557617 0.0 -0.6689453 2.807617 0.0 0.1708984 4.052734 0.0 0.2490234
3.7992  0.09277344 0.0 -2.602539 1.069336 0.0 -1.958008 1.572266 0.0 -0.6933594 2.822266 0.0 0.1464844 4.067383 0.0 0.2294922
3.8008  0.09765625 0.0 -2.612305 1.079102 0.0 -1.972656 1.591797 0.0 -0.7128906 2.832031 0.0 0.1220703 4.082031 0.0 0.2099609
3.8024  0.09765625 0.0 -2.62207 1.09375 0.0 -1.982422 1.616211 0.0 -0.7324219 2.84668 0.0 0.09765625 4.101563 0.0 0.1855469
3.804  0.1025391 0.0 -2.636719 1.103516 0.0 -1.99707 1.635742 0.0 -0.7568359 2.866211 0.0 0.07324219 4.116211 0.0 0.1660156
3.8056  0.1025391 0.0 -2.646484 1.113281 0.0 -2.011719 1.655273 0.0 -0.7763672 2.880859 0.0 0.04882813 4.135742 0.0 0.1416016
3.8072  0.1025391 0.0 -2.65625 1.123047 0.0 -2.026367 1.679688 0.0 -0.8007813 2.900391 0.0 0.02441406 4.155273 0.0 0.1171875
3.8088  0.1074219 0.0 -2.666016 1.137695 0.0 -2.036133 1.704102 0.0 -0.8203125 2.915039 0.0 0.0 4.174805 0.0 0.09765625
3.8104  0.1074219 0.0 -2.675781 1.147461 0.0 -2.050781 1.728516 0.0 -0.8447266 2.93457 0.0 -0.02929688 4.199219 0.0 0.07324219
3.812  0.1123047 0.0 -2.685547 1.162109 0.0 -2.060547 1.75293 0.0 -0.8642578 2.954102 0.0 -0.05371094 4.21875 0.0 0.04882813
3.8136  0.1123047 0.0 -2.695313 1.171875 0.0 -2.075195 1.777344 0.0 -0.8886719 2.978516 0.0 -0.08300781 4.243164 0.0 0.01953125
3.8152  0.1171875 0.0 -2.705078 1.186523 0.0 -2.084961 1.801758 0.0 -0.9130859 2.998047 0.0 -0.1123047 4.262695 0.0 -0.004882813
3.8168  0.1171875 0.0 -2.714844 1.201172 0.0 -2.099609 1.831055 0.0 -0.9326172 3.017578 0.0 -0.1367188 4.287109 0.0 -0.02929688
3.8184  0.1220703 0.0 -2.724609 1.210938 0.0 -2.109375 1.855469 0.0 -0.9570313 3.041992 0.0 -0.1660156 4.311523 0.0 -0.05371094
3.82  0.1220703 0.0 -2.729492 1.225586 0.0 -2.119141 1.884766 0.0 -0.9765625 3.066406 0.0 -0.1953125 4.335938 0.0 -0.08300781
3.8216  0.1269531 0.0 -2.739258 1.240234 0.0 -2.128906 1.914063 0.0 -1.000977 3.09082 0.0 -0.2197266 4.360352 0.0 -0.1074219
3.8232  0.1318359 0.0 -2.749023 1.25 0.0 -2.138672 1.938477 0.0 -1.020508 3.110352 0.0 -0.2490234 4.384766 0.0 -0.1367188
3.8248  0.1318359 0.0 -2.758789 1.264648 0.0 -2.148438 1.967773 0.0 -1.040039 3.134766 0.0 -0.2783203 4.40918 0.0 -0.1660156
3.8264  0.1367188 0.0 -2.763672 1.279297 0.0 -2.158203 1.99707 0.0 -1.064453 3.15918 0.0 -0.3076172 4.438477 0.0 -0.1904297
3.828  0.1367188 0.0 -2.773438 1.293945 0.0 -2.163086 2.021484 0.0 -1.083984 3.183594 0.0 -0.3320313 4.462891 0.0 -0.2197266
3.8296  0.1416016 0.0 -2.783203 1.303711 0.0 -2.172852 2.050781 0.0 -1.108398 3.208008 0.0 -0.3613281 4.487305 0.0 -0.2490234
3.8312  0.1416016 0.0 -2.788086 1.318359 0.0 -2.182617 2.080078 0.0 -1.12793 3.232422 0.0 -0.390625 4.511719 0.0 -0.2783203
3.8328  0.1464844 0.0 -2.797852 1.333008 0.0 -2.1875 2.109375 0.0 -1.147461 3.256836 0.0 -0.4199219 4.536133 0.0 -0.3027344
3.8344  0.1464844 0.0 -2.807617 1.342773 0.0 -2.197266 2.133789 0.0 -1.171875 3.28125 0.0 -0.4443359 4.560547 0.0 -0.3320313
3.836  0.1513672 0.0 -2.8125 1.357422 0.0 -2.202148 2.163086 0.0 -1.191406 3.305664 0.0 -0.4736328 4.584961 0.0 -0.3613281
3.8376  0.15625 0.0 -2.822266 1.37207 0.0 -2.211914 2.1875 0.0 -1.210938 3.330078 0.0 -0.5029297 4.609375 0.0 -0.3857422
3.8392  0.15625 0.0 -2.827148 1.381836 0.0 -2.216797 2.211914 0.0 -1.230469 3.354492 0.0 -0.5273438 4.633789 0.0 -0.4150391
3.8408  0.1611328 0.0 -2.832031 1.391602 0.0 -2.22168 2.236328 0.0 -1.25 3.374023 0.0 -0.5566406 4.658203 0.0 -0.4394531
3.8424  0.1611328 0.0 -2.841797 1.40625 0.0 -2.231445 2.260742 0.0 -1.269531 3.398438 0.0 -0.5810547 4.677734 0.0 -0.46875
3.844  0.1660156 0.0 -2.84668 1.416016 0.0 -2.236328 2.285156 0.0 -1.289063 3.417969 0.0 -0.6103516 4.697266 0.0 -0.4931641
3.8456  0.1660156 0.0 -2.851563 1.425781 0.0 -2.241211 2.30957 0.0 -1.308594 3.4375 0.0 -0.6347656 4.72168 0.0 -0.5175781
3.8472  0.1708984 0.0 -2.861328 1.435547 0.0 -2.246094 2.333984 0.0 -1.328125 3.457031 0.0 -0.6591797 4.741211 0.0 -0.5419922
3.8488  0.1708984 0.0 -2.866211 1.445313 0.0 -2.250977 2.353516 0.0 -1.342773 3.476563 0.0 -0.6835938 4.755859 0.0 -0.5664063
3.8504  0.1757813 0.0 -2.871094 1.455078 0.0 -2.255859 2.373047 0.0 -1.362305 3.496094 0.0 -0.7080078 4.775391 0.0 -0.5908203
3.852  0.1757813 0.0 -2.875977 1.464844 0.0 -2.260742 2.392578 0.0 -1.376953 3.510742 0.0 -0.7324219 4.794922 0.0 -0.6152344
3.8536  0.1757813 0.0 -2.880859 1.474609 0.0 -2.265625 2.412109 0.0 -1.396484 3.525391 0.0 -0.7568359 4.80957 0.0 -0.6396484
3.8552  0.1806641 0.0 -2.885742 1.479492 0.0 -2.270508 2.431641 0.0 -1.411133 3.544922 0.0 -0.78125 4.824219 0.0 -0.6591797
3.8568  0.1806641 0.0 -2.890625 1.489258 0.0 -2.275391 2.446289 0.0 -1.425781 3.55957 0.0 -0.8007813 4.838867 0.0 -0.6835938
3.8584  0.1855469 0.0 -2.895508 1.494141 0.0 -2.280273 2.460938 0.0 -1.44043 3.569336 0.0 -0.8251953 4.848633 0.0 -0.703125
3.86  0.1855469 0.0 -2.900391 1.499023 0.0 -2.280273 2.475586 0.0 -1.455078 3.583984 0.0 -0.8447266 4.863281 0.0 -0.7226563
3.8616  0.1855469 0.0 -2.905273 1.508789 0.0 -2.285156 2.490234 0.0 -1.469727 3.59375 0.0 -0.8642578 4.873047 0.0 -0.7421875
3.8632  0.1904297 0.0 -2.910156 1.513672 0.0 -2.290039 2.504883 0.0 -1.484375 3.608398 0.0 -0.8837891 4.882813 0.0 -0.7617188
3.8648  0.1904297 0.0 -2.915039 1.518555 0.0 -2.290039 2.514648 0.0 -1.499023 3.618164 0.0 -0.9033203 4.892578 0.0 -0.7763672
3.8664  0.1904297 0.0 -2.915039 1.518555 0.0 -2.294922 2.529297 0.0 -1.508789 3.62793 0.0 -0.9228516 4.902344 0.0 -0.7958984
3.868  0.1904297 0.0 -2.919922 1.523438 0.0 -2.294922 2.539063 0.0 -1.523438 3.632813 0.0 -0.9375 4.912109 0.0 -0.8105469
3.8696  0.1953125 0.0 -2.924805 1.52832 0.0 -2.294922 2.548828 0.0 -1.533203 3.642578 0.0 -0.9521484 4.916992 0.0 -0.8251953
3.8712  0.1953125 0.0 -2.929688 1.52832 0.0 -2.299805 2.558594 0.0 -1.542969 3.652344 0.0 -0.9716797 4.926758 0.0 -0.8398438
3.8728  0.1953125 0.0 -2.929688 1.533203 0.0 -2.299805 2.568359 0.0 -1.552734 3.657227 0.0 -0.9863281 4.931641 0.0 -0.8544922
3.8744  0.1953125 0.0 -2.93457 1.538086 0.0 -2.299805 2.573242 0.0 -1.5625 3.662109 0.0 -1.000977 4.936523 0.0 -0.8691406
3.876  0.2001953 0.0 -2.93457 1.538086 0.0 -2.299805 2.583008 0.0 -1.572266 3.671875 0.0 -1.010742 4.941406 0.0 -0.8789063
3.8776  0.2001953 0.0 -2.939453 1.538086 0.0 -2.304688 2.587891 0.0 -1.582031 3.676758 0.0 -1.025391 4.946289 0.0 -0.8935547
3.8792  0.2001953 0.0 -2.939453 1.542969 0.0 -2.304688 2.597656 0.0 -1.591797 3.681641 0.0 -1.040039 4.951172 0.0 -0.9033203
3.8808  0.2001953 0.0 -2.944336 1.542969 0.0 -2.304688 2.602539 0.0 -1.59668 3.686523 0.0 -1.049805 4.956055 0.0 -0.9130859
3.8824  0.2050781 0.0 -2.944336 1.542969 0.0 -2.304688 2.607422 0.0 -1.606445 3.691406 0.0 -1.05957 4.960938 0.0 -0.9228516
3.884  0.2050781 0.0 -2.944336 1.547852 0.0 -2.304688 2.612305 0.0 -1.611328 3.691406 0.0 -1.069336 4.96582 0.0 -0.9326172
3.8856  0.2050781 0.0 -2.949219 1.547852 0.0 -2.304688 2.62207 0.0 -1.621094 3.696289 0.0 -1.079102 4.96582 0.0 -0.9423828
3.8872  0.2050781 0.0 -2.949219 1.547852 0.0 -2.304688 2.626953 0.0 -1.625977 3.701172 0.0 -1.088867 4.970703 0.0 -0.9521484
3.8888  0.2050781 0.0 -2.949219 1.552734 0.0 -2.304688 2.631836 0.0 -1.630859 3.706055 0.0 -1.098633 4.970703 0.0 -0.9619141
3.8904  0.2099609 0.0 -2.949219 1.552734 0.0 -2.299805 2.636719 0.0 -1.635742 3.706055 0.0 -1.108398 4.975586 0.0 -0.9667969
3.892  0.2099609 0.0 -2.954102 1.552734 0.0 -2.299805 2.641602 0.0 -1.640625 3.710938 0.0 -1.113281 4.980469 0.0 -0.9765625
3.8936  0.2099609 0.0 -2.954102 1.552734 0.0 -2.299805 2.646484 0.0 -1.645508 3.710938 0.0 -1.123047 4.980469 0.0 -0.9814453
3.8952  0.2099609 0.0 -2.954102 1.557617 0.0 -2.299805 2.651367 0.0 -1.650391 3.71582 0.0 -1.12793 4.985352 0.0 -0.9863281
3.8968  0.2099609 0.0 -2.954102 1.557617 0.0 -2.299805 2.65625 0.0 -1.655273 3.720703 0.0 -1.132813 4.985352 0.0 -0.9960938
3.8984  0.2099609 0.0 -2.954102 1.557617 0.0 -2.294922 2.661133 0.0 -1.660156 3.720703 0.0 -1.142578 4.985352 0.0 -1.000977
3.9  0.2099609 0.0 -2.954102 1.5625 0.0 -2.294922 2.666016 0.0 -1.665039 3.725586 0.0 -1.147461 4.990234 0.0 -1.005859
3.9016  0.2148438 0.0 -2.954102 1.5625 0.0 -2.294922 2.666016 0.0 -1.665039 3.725586 0.0 -1.152344 4.990234 0.0 -1.010742
3.9032  0.2148438 0.0 -2.954102 1.5625 0.0 -2.294922 2.670898 0.0 -1.669922 3.730469 0.0 -1.157227 4.995117 0.0 -1.015625
3.9048  0.2148438 0.0 -2.954102 1.567383 0.0 -2.290039 2.675781 0.0 -1.674805 3.730469 0.0 -1.162109 4.995117 0.0 -1.025391
3.9064  0.2148438 0.0 -2.954102 1.567383 0.0 -2.290039 2.680664 0.0 -1.674805 3.735352 0.0 -1.166992 5.0 0.0 -1.030273
3.908  0.2148438 0.0 -2.954102 1.567383 0.0 -2.290039 2.685547 0.0 -1.679688 3.735352 0.0 -1.166992 5.0 0.0 -1.035156
3.9096  0.2148438 0.0 -2.954102 1.572266 0.0 -2.285156 2.69043 0.0 -1.679688 3.740234 0.0 -1.171875 5.0 0.0 -1.040039
3.9112  0.2148438 0.0 -2.954102 1.572266 0.0 -2.285156 2.69043 0.0 -1.68457 3.740234 0.0 -1.176758 5.004883 0.0 -1.040039
3.9128  0.2148438 0.0 -2.949219 1.572266 0.0 -2.280273 2.695313 0.0 -1.68457 3.745117 0.0 -1.181641 5.004883 0.0 -1.044922
3.9144  0.2197266 0.0 -2.949219 1.577148 0.0 -2.280273 2.700195 0.0 -1.689453 3.745117 0.0 -1.181641 5.009766 0.0 -1.049805
3.916  0.2197266 0.0 -2.949219 1.577148 0.0 -2.280273 2.700195 0.0 -1.689453 3.75 0.0 -1.186523 5.009766 0.0 -1.054688
3.9176  0.2197266 0.0 -2.949219 1.577148 0.0 -2.275391 2.705078 0.0 -1.689453 3.75 0.0 -1.186523 5.009766 0.0 -1.05957
3.9192  0.2197266 0.0 -2.949219 1.582031 0.0 -2.275391 2.709961 0.0 -1.694336 3.75 0.0 -1.191406 5.014648 0.0 -1.064453
3.9208  0.2197266 0.0 -2.949219 1.582031 0.0 -2.270508 2.709961 0.0 -1.694336 3.754883 0.0 -1.191406 5.014648 0.0 -1.069336
3.9224  0.2197266 0.0 -2.949219 1.582031 0.0 -2.270508 2.714844 0.0 -1.694336 3.754883 0.0 -1.196289 5.014648 0.0 -1.069336
3.924  0.2197266 0.0 -2.944336 1.586914 0.0 -2.265625 2.719727 0.0 -1.694336 3.759766 0.0 -1.196289 5.019531 0.0 -1.074219
3.9256  0.2197266 0.0 -2.944336 1.586914 0.0 -2.265625 2.719727 0.0 -1.699219 3.759766 0.0 -1.196289 5.019531 0.0 -1.079102
3.9272  0.2197266 0.0 -2.944336 1.586914 0.0 -2.260742 2.724609 0.0 -1.699219 3.764648 0.0 -1.201172 5.019531 0.0 -1.083984
3.9288  0.2197266 0.0 -2.944336 1.591797 0.0 -2.260742 2.724609 0.0 -1.699219 3.764648 0.0 -1.201172 5.019531 0.0 -1.088867
3.9304  0.2197266 0.0 -2.939453 1.591797 0.0 -2.255859 2.729492 0.0 -1.699219 3.764648 0.0 -1.201172 5.024414 0.0 -1.088867
3.932  0.2197266 0.0 -2.939453 1.591797 0.0 -2.255859 2.729492 0.0 -1.699219 3.769531 0.0 -1.206055 5.024414 0.0 -1.09375
3.9336  0.2197266 0.0 -2.939453 1.591797 0.0 -2.250977 2.734375 0.0 -1.699219 3.769531 0.0 -1.206055 5.024414 0.0 -1.098633
3.9352  0.2197266 0.0 -2.939453 1.59668 0.0 -2.250977 2.734375 0.0 -1.699219 3.774414 0.0 -1.206055 5.029297 0.0 -1.098633
3.9368  0.2197266 0.0 -2.939453 1.59668 0.0 -2.246094 2.739258 0.0 -1.699219 3.774414 0.0 -1.206055 5.029297 0.0 -1.103516
3.9384  0.2197266 0.0 -2.93457 1.59668 0.0 -2.241211 2.739258 0.0 -1.699219 3.774414 0.0 -1.206055 5.029297 0.0 -1.108398
3.94  0.2197266 0.0 -2.93457 1.601563 0.0 -2.241211 2.744141 0.0 -1.699219 3.779297 0.0 -1.210938 5.029297 0.0 -1.113281
3.9416  0.2197266 0.0 -2.93457 1.601563 0.0 -2.236328 2.744141 0.0 -1.699219 3.779297 0.0 -1.210938 5.03418 0.0 -1.113281
3.9432  0.2197266 0.0 -2.93457 1.601563 0.0 -2.236328 2.744141 0.0 -1.699219 3.779297 0.0 -1.210938 5.03418 0.0 -1.118164
3.9448  0.2197266 0.0 -2.93457 1.601563 0.0 -2.231445 2.749023 0.0 -1.694336 3.78418 0.0 -1.210938 5.03418 0.0 -1.118164
3.9464  0.2197266 0.0 -2.929688 1.606445 0.0 -2.226563 2.749023 0.0 -1.694336 3.78418 0.0 -1.210938 5.03418 0.0 -1.123047
3.948  0.2197266 0.0 -2.929688 1.606445 0.0 -2.226563 2.749023 0.0 -1.694336 3.78418 0.0 -1.21582 5.039063 0.0 -1.12793
3.9496  0.2246094 0.0 -2.929688 1.606445 0.0 -2.22168 2.753906 0.0 -1.694336 3.789063 0.0 -1.21582 5.039063 0.0 -1.12793
3.9512  0.2246094 0.0 -2.929688 1.606445 0.0 -2.216797 2.753906 0.0 -1.689453 3.789063 0.0 -1.21582 5.039063 0.0 -1.132813
3.9528  0.2246094 0.0 -2.924805 1.606445 0.0 -2.216797 2.753906 0.0 -1.689453 3.789063 0.0 -1.21582 5.039063 0.0 -1.132813
3.9544  0.2246094 0.0 -2.924805 1.611328 0.0 -2.211914 2.758789 0.0 -1.689453 3.793945 0.0 -1.21582 5.043945 0.0 -1.137695
3.956  0.2246094 0.0 -2.924805 1.611328 0.0 -2.207031 2.758789 0.0 -1.68457 3.793945 0.0 -1.21582 5.043945 0.0 -1.137695
3.9576  0.2246094 0.0 -2.924805 1.611328 0.0 -2.202148 2.758789 0.0 -1.68457 3.793945 0.0 -1.21582 5.043945 0.0 -1.142578
3.9592  0.2246094 0.0 -2.919922 1.611328 0.0 -2.202148 2.763672 0.0 -1.679688 3.793945 0.0 -1.21582 5.043945 0.0 -1.142578
3.9608  0.2246094 0.0 -2.919922 1.611328 0.0 -2.197266 2.763672 0.0 -1.679688 3.798828 0.0 -1.220703 5.043945 0.0 -1.147461
3.9624  0.2246094 0.0 -2.919922 1.611328 0.0 -2.192383 2.763672 0.0 -1.674805 3.798828 0.0 -1.220703 5.048828 0.0 -1.147461
3.964  0.2294922 0.0 -2.915039 1.611328 0.0 -2.1875 2.763672 0.0 -1.674805 3.798828 0.0 -1.220703 5.048828 0.0 -1.152344
3.9656  0.2294922 0.0 -2.915039 1.616211 0.0 -2.182617 2.768555 0.0 -1.669922 3.798828 0.0 -1.220703 5.048828 0.0 -1.152344
3.9672  0.2294922 0.0 -2.915039 1.616211 0.0 -2.182617 2.768555 0.0 -1.669922 3.803711 0.0 -1.220703 5.048828 0.0 -1.152344
3.9688  0.2294922 0.0 -2.910156 1.616211 0.0 -2.177734 2.768555 0.0 -1.665039 3.803711 0.0 -1.220703 5.048828 0.0 -1.157227
3.9704  0.2294922 0.0 -2.910156 1.616211 0.0 -2.172852 2.768555 0.0 -1.660156 3.803711 0.0 -1.220703 5.048828 0.0 -1.157227
3.972  0.2294922 0.0 -2.910156 1.616211 0.0 -2.167969 2.768555 0.0 -1.660156 3.803711 0.0 -1.220703 5.048828 0.0 -1.157227
3.9736  0.2294922 0.0 -2.905273 1.616211 0.0 -2.163086 2.773438 0.0 -1.655273 3.803711 0.0 -1.220703 5.053711 0.0 -1.162109
3.9752  0.2294922 0.0 -2.905273 1.616211 0.0 -2.158203 2.773438 0.0 -1.655273 3.808594 0.0 -1.220703 5.053711 0.0 -1.162109
3.9768  0.2294922 0.0 -2.900391 1.616211 0.0 -2.15332 2.773438 0.0 -1.650391 3.808594 0.0 -1.220703 5.053711 0.0 -1.162109
3.9784  0.2294922 0.0 -2.900391 1.616211 0.0 -2.148438 2.773438 0.0 -1.645508 3.808594 0.0 -1.220703 5.053711 0.0 -1.166992
3.98  0.2294922 0.0 -2.900391 1.616211 0.0 -2.143555 2.773438 0.0 -1.640625 3.808594 0.0 -1.220703 5.053711 0.0 -1.166992
3.9816  0.2294922 0.0 -2.895508 1.616211 0.0 -2.143555 2.773438 0.0 -1.640625 3.808594 0.0 -1.220703 5.053711 0.0 -1.166992
3.9832  0.2294922 0.0 -2.895508 1.616211 0.0 -2.138672 2.77832 0.0 -1.635742 3.808594 0.0 -1.220703 5.053711 0.0 -1.166992
3.9848  0.2294922 0.0 -2.890625 1.616211 0.0 -2.133789 2.77832 0.0 -1.630859 3.813477 0.0 -1.21582 5.053711 0.0 -1.171875
3.9864  0.2294922 0.0 -2.890625 1.616211 0.0 -2.128906 2.77832 0.0 -1.630859 3.813477 0.0 -1.21582 5.053711 0.0 -1.171875
3.988  0.2294922 0.0 -2.885742 1.616211 0.0 -2.124023 2.77832 0.0 -1.625977 3.813477 0.0 -1.21582 5.053711 0.0 -1.171875
3.9896  0.2294922 0.0 -2.885742 1.616211 0.0 -2.119141 2.77832 0.0 -1.621094 3.813477 0.0 -1.21582 5.053711 0.0 -1.171875
3.9912  0.2294922 0.0 -2.880859 1.616211 0.0 -2.114258 2.77832 0.0 -1.616211 3.813477 0.0 -1.210938 5.053711 0.0 -1.171875
3.9928  0.2246094 0.0 -2.875977 1.616211 0.0 -2.109375 2.77832 0.0 -1.611328 3.818359 0.0 -1.210938 5.053711 0.0 -1.171875
3.9944  0.2246094 0.0 -2.875977 1.616211 0.0 -2.104492 2.77832 0.0 -1.611328 3.818359 0.0 -1.210938 5.053711 0.0 -1.171875
3.996  0.2246094 0.0 -2.871094 1.616211 0.0 -2.094727 2.783203 0.0 -1.606445 3.818359 0.0 -1.206055 5.053711 0.0 -1.171875
3.9976  0.2246094 0.0 -2.871094 1.616211 0.0 -2.089844 2.783203 0.0 -1.601563 3.818359 0.0 -1.206055 5.053711 0.0 -1.171875
3.9992  0.2246094 0.0 -2.866211 1.616211 0.0 -2.084961 2.783203 0.0 -1.59668 3.818359 0.0 -1.201172 5.058594 0.0 -1.171875
4.0008  0.2246094 0.0 -2.861328 1.616211 0.0 -2.080078 2.783203 0.0 -1.591797 3.823242 0.0 -1.201172 5.058594 0.0 -1.171875
4.0024  0.2246094 0.0 -2.861328 1.621094 0.0 -2.075195 2.783203 0.0 -1.586914 3.823242 0.0 -1.196289 5.058594 0.0 -1.171875
4.004  0.2246094 0.0 -2.856445 1.621094 0.0 -2.070313 2.783203 0.0 -1.582031 3.823242 0.0 -1.196289 5.058594 0.0 -1.171875
4.0056  0.2246094 0.0 -2.851563 1.621094 0.0 -2.06543 2.783203 0.0 -1.582031 3.828125 0.0 -1.191406 5.058594 0.0 -1.171875
4.0072  0.2246094 0.0 -2.851563 1.621094 0.0 -2.060547 2.783203 0.0 -1.577148 3.828125 0.0 -1.186523 5.058594 0.0 -1.171875
4.0088  0.2246094 0.0 -2.84668 1.621094 0.0 -2.055664 2.788086 0.0 -1.572266 3.828125 0.0 -1.186523 5.058594 0.0 -1.166992
4.0104  0.2246094 0.0 -2.841797 1.621094 0.0 -2.050781 2.788086 0.0 -1.567383 3.833008 0.0 -1.181641 5.058594 0.0 -1.166992
4.012  0.2246094 0.0 -2.841797 1.621094 0.0 -2.045898 2.788086 0.0 -1.5625 3.833008 0.0 -1.176758 5.063477 0.0 -1.166992
4.0136  0.2246094 0.0 -2.836914 1.621094 0.0 -2.041016 2.788086 0.0 -1.557617 3.833008 0.0 -1.171875 5.063477 0.0 -1.166992
4.0152  0.2246094 0.0 -2.832031 1.621094 0.0 -2.036133 2.788086 0.0 -1.552734 3.833008 0.0 -1.171875 5.063477 0.0 -1.166992
4.0168  0.2246094 0.0 -2.832031 1.621094 0.0 -2.03125 2.788086 0.0 -1.547852 3.837891 0.0 -1.166992 5.063477 0.0 -1.162109
4.0184  0.2246094 0.0 -2.827148 1.625977 0.0 -2.026367 2.788086 0.0 -1.542969 3.837891 0.0 -1.162109 5.063477 0.0 -1.162109
4.02  0.2246094 0.0 -2.827148 1.625977 0.0 -2.021484 2.788086 0.0 -1.538086 3.837891 0.0 -1.157227 5.063477 0.0 -1.162109
4.0216  0.2246094 0.0 -2.822266 1.625977 0.0 -2.016602 2.792969 0.0 -1.533203 3.842773 0.0 -1.157227 5.068359 0.0 -1.157227
4.0232  0.2246094 0.0 -2.817383 1.625977 0.0 -2.011719 2.792969 0.0 -1.52832 3.842773 0.0 -1.152344 5.068359 0.0 -1.157227
4.0248  0.2197266 0.0 -2.817383 1.625977 0.0 -2.006836 2.792969 0.0 -1.52832 3.842773 0.0 -1.147461 5.068359 0.0 -1.157227
4.0264  0.2197266 0.0 -2.8125 1.625977 0.0 -2.001953 2.792969 0.0 -1.523438 3.847656 0.0 -1.142578 5.068359 0.0 -1.157227
4.028  0.2197266 0.0 -2.807617 1.625977 0.0 -1.99707 2.792969 0.0 -1.518555 3.847656 0.0 -1.142578 5.068359 0.0 -1.152344
4.0296  0.2197266 0.0 -2.807617 1.625977 0.0 -1.992188 2.792969 0.0 -1.513672 3.847656 0.0 -1.137695 5.068359 0.0 -1.152344
4.0312  0.2197266 0.0 -2.802734 1.625977 0.0 -1.987305 2.792969 0.0 -1.508789 3.852539 0.0 -1.132813 5.068359 0.0 -1.152344
4.0328  0.2197266 0.0 -2.802734 1.625977 0.0 -1.982422 2.792969 0.0 -1.503906 3.852539 0.0 -1.132813 5.068359 0.0 -1.152344
4.0344  0.2148438 0.0 -2.797852 1.625977 0.0 -1.977539 2.792969 0.0 -1.499023 3.852539 0.0 -1.12793 5.073242 0.0 -1.147461
4.036  0.2148438 0.0 -2.797852 1.625977 0.0 -1.977539 2.792969 0.0 -1.494141 3.857422 0.0 -1.123047 5.073242 0.0 -1.147461
4.0376  0.2148438 0.0 -2.792969 1.625977 0.0 -1.972656 2.792969 0.0 -1.489258 3.857422 0.0 -1.123047 5.073242 0.0 -1.147461
4.0392  0.2148438 0.0 -2.788086 1.625977 0.0 -1.967773 2.792969 0.0 -1.489258 3.857422 0.0 -1.118164 5.073242 0.0 -1.147461
4.0408  0.2099609 0.0 -2.788086 1.625977 0.0 -1.962891 2.792969 0.0 -1.484375 3.857422 0.0 -1.113281 5.073242 0.0 -1.147461
4.0424  0.2099609 0.0 -2.783203 1.625977 0.0 -1.958008 2.792969 0.0 -1.479492 3.862305 0.0 -1.113281 5.073242 0.0 -1.142578
4.044  0.2099609 0.0 -2.783203 1.625977 0.0 -1.953125 2.792969 0.0 -1.474609 3.862305 0.0 -1.108398 5.073242 0.0 -1.142578
4.0456  0.2050781 0.0 -2.77832 1.625977 0.0 -1.948242 2.792969 0.0 -1.469727 3.862305 0.0 -1.108398 5.073242 0.0 -1.142578
4.0472  0.2050781 0.0 -2.773438 1.625977 0.0 -1.943359 2.792969 0.0 -1.464844 3.867188 0.0 -1.103516 5.073242 0.0 -1.142578
4.0488  0.2050781 0.0 -2.773438 1.625977 0.0 -1.943359 2.792969 0.0 -1.459961 3.867188 0.0 -1.103516 5.078125 0.0 -1.142578
4.0504  0.2001953 0.0 -2.768555 1.630859 0.0 -1.938477 2.792969 0.0 -1.459961 3.867188 0.0 -1.098633 5.078125 0.0 -1.142578
4.052  0.2001953 0.0 -2.768555 1.630859 0.0 -1.933594 2.792969 0.0 -1.455078 3.87207 0.0 -1.098633 5.078125 0.0 -1.142578
4.0536  0.2001953 0.0 -2.763672 1.630859 0.0 -1.928711 2.792969 0.0 -1.450195 3.87207 0.0 -1.09375 5.078125 0.0 -1.137695
4.0552  0.1953125 0.0 -2.758789 1.630859 0.0 -1.923828 2.792969 0.0 -1.445313 3.87207 0.0 -1.09375 5.078125 0.0 -1.137695
4.0568  0.1953125 0.0 -2.758789 1.630859 0.0 -1.918945 2.792969 0.0 -1.44043 3.876953 0.0 -1.088867 5.078125 0.0 -1.137695
4.0584  0.1953125 0.0 -2.753906 1.630859 0.0 -1.918945 2.792969 0.0 -1.435547 3.876953 0.0 -1.088867 5.078125 0.0 -1.137695
4.06  0.1904297 0.0 -2.749023 1.630859 0.0 -1.914063 2.792969 0.0 -1.430664 3.876953 0.0 -1.083984 5.078125 0.0 -1.137695
4.0616  0.1904297 0.0 -2.749023 1.630859 0.0 -1.90918 2.792969 0.0 -1.430664 3.881836 0.0 -1.083984 5.083008 0.0 -1.137695
4.0632  0.1904297 0.0 -2.744141 1.630859 0.0 -1.904297 2.792969 0.0 -1.425781 3.881836 0.0 -1.079102 5.083008 0.0 -1.137695
4.0648  0.1855469 0.0 -2.739258 1.630859 0.0 -1.899414 2.792969 0.0 -1.420898 3.881836 0.0 -1.079102 5.083008 0.0 -1.137695
4.0664  0.1855469 0.0 -2.739258 1.630859 0.0 -1.894531 2.792969 0.0 -1.416016 3.881836 0.0 -1.074219 5.083008 0.0 -1.137695
4.068  0.1855469 0.0 -2.734375 1.630859 0.0 -1.889648 2.792969 0.0 -1.411133 3.886719 0.0 -1.074219 5.083008 0.0 -1.137695
4.0696  0.1855469 0.0 -2.729492 1.630859 0.0 -1.884766 2.792969 0.0 -1.40625 3.886719 0.0 -1.074219 5.083008 0.0 -1.137695
4.0712  0.1806641 0.0 -2.724609 1.630859 0.0 -1.884766 2.792969 0.0 -1.40625 3.886719 0.0 -1.069336 5.083008 0.0 -1.137695
4.0728  0.1806641 0.0 -2.724609 1.630859 0.0 -1.879883 2.792969 0.0 -1.401367 3.891602 0.0 -1.069336 5.087891 0.0 -1.137695
4.0744  0.1806641 0.0 -2.719727 1.630859 0.0 -1.875 2.792969 0.0 -1.396484 3.891602 0.0 -1.064453 5.087891 0.0 -1.137695
4.076  0.1757813 0.0 -2.714844 1.630859 0.0 -1.870117 2.792969 0.0 -1.391602 3.891602 0.0 -1.064453 5.087891 0.0 -1.137695
4.0776  0.1757813 0.0 -2.709961 1.630859 0.0 -1.865234 2.792969 0.0 -1.386719 3.891602 0.0 -1.05957 5.087891 0.0 -1.137695
4.0792  0.1757813 0.0 -2.705078 1.630859 0.0 -1.860352 2.792969 0.0 -1.386719 3.896484 0.0 -1.05957 5.087891 0.0 -1.132813
4.0808  0.1757813 0.0 -2.700195 1.630859 0.0 -1.855469 2.792969 0.0 -1.381836 3.896484 0.0 -1.054688 5.087891 0.0 -1.132813
4.0824  0.1708984 0.0 -2.700195 1.630859 0.0 -1.850586 2.792969 0.0 -1.376953 3.896484 0.0 -1.054688 5.087891 0.0 -1.132813
4.084  0.1708984 0.0 -2.695313 1.630859 0.0 -1.845703 2.792969 0.0 -1.37207 3.896484 0.0 -1.049805 5.087891 0.0 -1.132813
4.0856  0.1708984 0.0 -2.69043 1.630859 0.0 -1.84082 2.792969 0.0 -1.37207 3.901367 0.0 -1.049805 5.092773 0.0 -1.132813
4.0872  0.1660156 0.0 -2.685547 1.630859 0.0 -1.835938 2.797852 0.0 -1.367188 3.901367 0.0 -1.049805 5.092773 0.0 -1.132813
4.0888  0.1660156 0.0 -2.680664 1.630859 0.0 -1.831055 2.797852 0.0 -1.362305 3.901367 0.0 -1.044922 5.092773 0.0 -1.132813
4.0904  0.1660156 0.0 -2.675781 1.630859 0.0 -1.826172 2.797852 0.0 -1.357422 3.901367 0.0 -1.040039 5.092773 0.0 -1.132813
4.092  0.1660156 0.0 -2.670898 1.625977 0.0 -1.821289 2.797852 0.0 -1.357422 3.90625 0.0 -1.040039 5.092773 0.0 -1.12793
4.0936  0.1611328 0.0 -2.666016 1.625977 0.0 -1.816406 2.797852 0.0 -1.352539 3.90625 0.0 -1.035156 5.092773 0.0 -1.12793
4.0952  0.1611328 0.0 -2.661133 1.625977 0.0 -1.811523 2.797852 0.0 -1.347656 3.90625 0.0 -1.035156 5.092773 0.0 -1.12793
4.0968  0.1611328 0.0 -2.651367 1.625977 0.0 -1.806641 2.797852 0.0 -1.342773 3.90625 0.0 -1.030273 5.092773 0.0 -1.12793
4.0984  0.15625 0.0 -2.646484 1.625977 0.0 -1.801758 2.797852 0.0 -1.342773 3.911133 0.0 -1.030273 5.097656 0.0 -1.12793
4.1  0.15625 0.0 -2.641602 1.625977 0.0 -1.796875 2.797852 0.0 -1.337891 3.911133 0.0 -1.025391 5.097656 0.0 -1.12793
4.1016  0.15625 0.0 -2.636719 1.625977 0.0 -1.791992 2.802734 0.0 -1.333008 3.911133 0.0 -1.025391 5.097656 0.0 -1.123047
4.1032  0.1513672 0.0 -2.631836 1.625977 0.0 -1.787109 2.802734 0.0 -1.333008 3.911133 0.0 -1.020508 5.097656 0.0 -1.123047
4.1048  0.1513672 0.0 -2.626953 1.625977 0.0 -1.782227 2.802734 0.0 -1.328125 3.911133 0.0 -1.020508 5.097656 0.0 -1.123047
4.1064  0.1513672 0.0 -2.617188 1.625977 0.0 -1.777344 2.802734 0.0 -1.323242 3.916016 0.0 -1.015625 5.097656 0.0 -1.123047
4.108  0.1464844 0.0 -2.612305 1.625977 0.0 -1.772461 2.802734 0.0 -1.323242 3.916016 0.0 -1.010742 5.097656 0.0 -1.123047
4.1096  0.1464844 0.0 -2.607422 1.625977 0.0 -1.767578 2.802734 0.0 -1.318359 3.916016 0.0 -1.010742 5.102539 0.0 -1.118164
4.1112  0.1416016 0.0 -2.597656 1.625977 0.0 -1.762695 2.802734 0.0 -1.313477 3.916016 0.0 -1.005859 5.102539 0.0 -1.118164
4.1128  0.1416016 0.0 -2.592773 1.625977 0.0 -1.757813 2.802734 0.0 -1.313477 3.916016 0.0 -1.005859 5.102539 0.0 -1.118164
4.1144  0.1416016 0.0 -2.587891 1.625977 0.0 -1.75293 2.807617 0.0 -1.308594 3.920898 0.0 -1.000977 5.102539 0.0 -1.118164
4.116  0.1367188 0.0 -2.578125 1.625977 0.0 -1.748047 2.807617 0.0 -1.303711 3.920898 0.0 -1.000977 5.102539 0.0 -1.118164
4.1176  0.1367188 0.0 -2.573242 1.625977 0.0 -1.743164 2.807617 0.0 -1.303711 3.920898 0.0 -0.9960938 5.102539 0.0 -1.113281
4.1192  0.1318359 0.0 -2.563477 1.625977 0.0 -1.738281 2.807617 0.0 -1.298828 3.920898 0.0 -0.9960938 5.102539 0.0 -1.113281
4.1208  0.1318359 0.0 -2.558594 1.625977 0.0 -1.728516 2.807617 0.0 -1.293945 3.920898 0.0 -0.9960938 5.107422 0.0 -1.113281
4.1224  0.1269531 0.0 -2.553711 1.625977 0.0 -1.723633 2.807617 0.0 -1.293945 3.920898 0.0 -0.9912109 5.107422 0.0 -1.113281
4.124  0.1269531 0.0 -2.543945 1.625977 0.0 -1.71875 2.807617 0.0 -1.289063 3.925781 0.0 -0.9912109 5.107422 0.0 -1.113281
4.1256  0.1220703 0.0 -2.539063 1.625977 0.0 -1.713867 2.807617 0.0 -1.289063 3.925781 0.0 -0.9863281 5.107422 0.0 -1.113281
4.1272  0.1220703 0.0 -2.529297 1.625977 0.0 -1.708984 2.807617 0.0 -1.28418 3.925781 0.0 -0.9863281 5.107422 0.0 -1.108398
4.1288  0.1171875 0.0 -2.524414 1.625977 0.0 -1.704102 2.8125 0.0 -1.279297 3.925781 0.0 -0.9863281 5.107422 0.0 -1.108398
4.1304  0.1171875 0.0 -2.514648 1.625977 0.0 -1.699219 2.8125 0.0 -1.279297 3.925781 0.0 -0.9814453 5.107422 0.0 -1.108398
4.132  0.1123047 0.0 -2.509766 1.625977 0.0 -1.694336 2.8125 0.0 -1.274414 3.925781 0.0 -0.9814453 5.107422 0.0 -1.108398
4.1336  0.1123047 0.0 -2.5 1.625977 0.0 -1.689453 2.8125 0.0 -1.274414 3.930664 0.0 -0.9814453 5.112305 0.0 -1.108398
4.1352  0.1074219 0.0 -2.490234 1.625977 0.0 -1.68457 2.8125 0.0 -1.269531 3.930664 0.0 -0.9765625 5.112305 0.0 -1.108398
4.1368  0.1074219 0.0 -2.485352 1.625977 0.0 -1.679688 2.8125 0.0 -1.269531 3.930664 0.0 -0.9765625 5.112305 0.0 -1.108398
4.1384  0.1025391 0.0 -2.475586 1.625977 0.0 -1.674805 2.8125 0.0 -1.264648 3.930664 0.0 -0.9765625 5.112305 0.0 -1.103516
4.14  0.09765625 0.0 -2.470703 1.625977 0.0 -1.669922 2.8125 0.0 -1.264648 3.930664 0.0 -0.9765625 5.112305 0.0 -1.103516
4.1416  0.09765625 0.0 -2.460938 1.625977 0.0 -1.665039 2.8125 0.0 -1.259766 3.935547 0.0 -0.9765625 5.112305 0.0 -1.103516
4.1432  0.09277344 0.0 -2.451172 1.625977 0.0 -1.665039 2.817383 0.0 -1.259766 3.935547 0.0 -0.9765625 5.112305 0.0 -1.103516
4.1448  0.09277344 0.0 -2.446289 1.625977 0.0 -1.660156 2.817383 0.0 -1.254883 3.935547 0.0 -0.9716797 5.112305 0.0 -1.103516
4.1464  0.08789063 0.0 -2.436523 1.625977 0.0 -1.655273 2.817383 0.0 -1.254883 3.935547 0.0 -0.9716797 5.112305 0.0 -1.103516
4.148  0.08789063 0.0 -2.431641 1.625977 0.0 -1.650391 2.817383 0.0 -1.25 3.935547 0.0 -0.9716797 5.112305 0.0 -1.103516
4.1496  0.08300781 0.0 -2.421875 1.625977 0.0 -1.645508 2.817383 0.0 -1.25 3.935547 0.0 -0.9716797 5.117188 0.0 -1.103516
4.1512  0.08300781 0.0 -2.412109 1.625977 0.0 -1.640625 2.817383 0.0 -1.25 3.94043 0.0 -0.9716797 5.117188 0.0 -1.103516
4.1528  0.078125 0.0 -2.407227 1.625977 0.0 -1.640625 2.817383 0.0 -1.245117 3.94043 0.0 -0.9716797 5.117188 0.0 -1.103516
4.1544  0.078125 0.0 -2.397461 1.625977 0.0 -1.635742 2.817383 0.0 -1.245117 3.94043 0.0 -0.9716797 5.117188 0.0 -1.103516
4.156  0.07324219 0.0 -2.387695 1.625977 0.0 -1.630859 2.817383 0.0 -1.245117 3.94043 0.0 -0.9716797 5.117188 0.0 -1.103516
4.1576  0.07324219 0.0 -2.382813 1.625977 0.0 -1.625977 2.817383 0.0 -1.240234 3.94043 0.0 -0.9716797 5.117188 0.0 -1.103516
4.1592  0.06835938 0.0 -2.373047 1.625977 0.0 -1.625977 2.822266 0.0 -1.240234 3.94043 0.0 -0.9765625 5.117188 0.0 -1.103516
4.1608  0.06835938 0.0 -2.368164 1.625977 0.0 -1.621094 2.822266 0.0 -1.240234 3.94043 0.0 -0.9765625 5.117188 0.0 -1.103516
4.1624  0.06347656 0.0 -2.358398 1.625977 0.0 -1.616211 2.822266 0.0 -1.235352 3.945313 0.0 -0.9765625 5.117188 0.0 -1.103516
4.164  0.06347656 0.0 -2.348633 1.625977 0.0 -1.616211 2.822266 0.0 -1.235352 3.945313 0.0 -0.9765625 5.117188 0.0 -1.103516
4.1656  0.05859375 0.0 -2.34375 1.625977 0.0 -1.611328 2.822266 0.0 -1.235352 3.945313 0.0 -0.9765625 5.117188 0.0 -1.103516
4.1672  0.05859375 0.0 -2.333984 1.625977 0.0 -1.606445 2.822266 0.0 -1.235352 3.945313 0.0 -0.9765625 5.117188 0.0 -1.103516
4.1688  0.05859375 0.0 -2.329102 1.625977 0.0 -1.606445 2.822266 0.0 -1.235352 3.945313 0.0 -0.9765625 5.117188 0.0 -1.103516
4.1704  0.05371094 0.0 -2.319336 1.625977 0.0 -1.601563 2.822266 0.0 -1.235352 3.945313 0.0 -0.9814453 5.117188 0.0 -1.103516
4.172  0.05371094 0.0 -2.314453 1.625977 0.0 -1.601563 2.822266 0.0 -1.230469 3.945313 0.0 -0.9814453 5.117188 0.0 -1.103516
4.1736  0.04882813 0.0 -2.304688 1.625977 0.0 -1.59668 2.822266 0.0 -1.230469 3.945313 0.0 -0.9814453 5.117188 0.0 -1.103516
4.1752  0.04882813 0.0 -2.294922 1.625977 0.0 -1.59668 2.822266 0.0 -1.230469 3.945313 0.0 -0.9814453 5.117188 0.0 -1.103516
4.1768  0.04394531 0.0 -2.290039 1.625977 0.0 -1.591797 2.822266 0.0 -1.230469 3.945313 0.0 -0.9814453 5.117188 0.0 -1.103516
4.1784  0.04394531 0.0 -2.280273 1.625977 0.0 -1.591797 2.822266 0.0 -1.230469 3.945313 0.0 -0.9814453 5.117188 0.0 -1.103516
4.18  0.04394531 0.0 -2.275391 1.621094 0.0 -1.586914 2.822266 0.0 -1.230469 3.945313 0.0 -0.9863281 5.117188 0.0 -1.103516
4.1816  0.0390625 0.0 -2.265625 1.621094 0.0 -1.586914 2.822266 0.0 -1.230469 3.945313 0.0 -0.9863281 5.117188 0.0 -1.103516
4.1832  0.0390625 0.0 -2.260742 1.621094 0.0 -1.582031 2.822266 0.0 -1.230469 3.945313 0.0 -0.9863281 5.117188 0.0 -1.103516
4.1848  0.03417969 0.0 -2.250977 1.621094 0.0 -1.582031 2.822266 0.0 -1.230469 3.945313 0.0 -0.9863281 5.117188 0.0 -1.103516
4.1864  0.03417969 0.0 -2.246094 1.621094 0.0 -1.577148 2.822266 0.0 -1.230469 3.945313 0.0 -0.9912109 5.117188 0.0 -1.103516
4.188  0.03417969 0.0 -2.236328 1.621094 0.0 -1.577148 2.822266 0.0 -1.235352 3.945313 0.0 -0.9912109 5.117188 0.0 -1.103516
4.1896  0.02929688 0.0 -2.231445 1.621094 0.0 -1.577148 2.822266 0.0 -1.235352 3.945313 0.0 -0.9912109 5.117188 0.0 -1.103516
4.1912  0.02929688 0.0 -2.226563 1.621094 0.0 -1.572266 2.822266 0.0 -1.235352 3.945313 0.0 -0.9912109 5.117188 0.0 -1.098633
4.1928  0.02441406 0.0 -2.216797 1.616211 0.0 -1.572266 2.822266 0.0 -1.235352 3.945313 0.0 -0.9960938 5.117188 0.0 -1.098633
4.1944  0.02441406 0.0 -2.211914 1.616211 0.0 -1.572266 2.817383 0.0 -1.235352 3.945313 0.0 -0.9960938 5.117188 0.0 -1.098633
4.196  0.01953125 0.0 -2.202148 1.616211 0.0 -1.567383 2.817383 0.0 -1.240234 3.945313 0.0 -0.9960938 5.117188 0.0 -1.098633
4.1976  0.01953125 0.0 -2.197266 1.616211 0.0 -1.567383 2.817383 0.0 -1.240234 3.945313 0.0 -0.9960938 5.117188 0.0 -1.098633
4.1992  0.01953125 0.0 -2.192383 1.616211 0.0 -1.567383 2.817383 0.0 -1.240234 3.94043 0.0 -1.000977 5.117188 0.0 -1.098633
4.2008  0.01464844 0.0 -2.182617 1.616211 0.0 -1.5625 2.817383 0.0 -1.245117 3.94043 0.0 -1.000977 5.117188 0.0 -1.098633
4.2024  0.01464844 0.0 -2.177734 1.611328 0.0 -1.5625 2.817383 0.0 -1.245117 3.94043 0.0 -1.000977 5.117188 0.0 -1.098633
4.204  0.009765625 0.0 -2.172852 1.611328 0.0 -1.5625 2.817383 0.0 -1.25 3.94043 0.0 -1.005859 5.117188 0.0 -1.098633
4.2056  0.009765625 0.0 -2.167969 1.611328 0.0 -1.5625 2.817383 0.0 -1.25 3.94043 0.0 -1.005859 5.117188 0.0 -1.098633
4.2072  0.004882813 0.0 -2.163086 1.611328 0.0 -1.5625 2.817383 0.0 -1.254883 3.94043 0.0 -1.005859 5.117188 0.0 -1.098633
4.2088  0.004882813 0.0 -2.158203 1.611328 0.0 -1.5625 2.817383 0.0 -1.254883 3.94043 0.0 -1.010742 5.117188 0.0 -1.103516
4.2104  0.0 0.0 -2.148438 1.611328 0.0 -1.5625 2.817383 0.0 -1.259766 3.935547 0.0 -1.010742 5.117188 0.0 -1.103516
4.212  0.0 0.0 -2.143555 1.611328 0.0 -1.557617 2.817383 0.0 -1.259766 3.935547 0.0 -1.010742 5.117188 0.0 -1.103516
4.2136  0.0 0.0 -2.138672 1.606445 0.0 -1.557617 2.817383 0.0 -1.264648 3.935547 0.0 -1.015625 5.117188 0.0 -1.103516
4.2152  -0.004882813 0.0 -2.133789 1.606445 0.0 -1.557617 2.817383 0.0 -1.269531 3.935547 0.0 -1.015625 5.117188 0.0 -1.103516
4.2168  -0.004882813 0.0 -2.133789 1.606445 0.0 -1.5625 2.817383 0.0 -1.269531 3.935547 0.0 -1.020508 5.117188 0.0 -1.103516
4.2184  -0.009765625 0.0 -2.128906 1.606445 0.0 -1.5625 2.817383 0.0 -1.274414 3.935547 0.0 -1.020508 5.12207 0.0 -1.103516
4.22  -0.009765625 0.0 -2.124023 1.606445 0.0 -1.5625 2.817383 0.0 -1.279297 3.935547 0.0 -1.025391 5.12207 0.0 -1.108398
4.2216  -0.009765625 0.0 -2.119141 1.606445 0.0 -1.5625 2.817383 0.0 -1.28418 3.935547 0.0 -1.025391 5.12207 0.0 -1.108398
4.2232  -0.01464844 0.0 -2.114258 1.606445 0.0 -1.5625 2.822266 0.0 -1.289063 3.935547 0.0 -1.030273 5.12207 0.0 -1.108398
4.2248  -0.01464844 0.0 -2.114258 1.606445 0.0 -1.5625 2.822266 0.0 -1.289063 3.935547 0.0 -1.030273 5.12207 0.0 -1.108398
4.2264  -0.01464844 0.0 -2.109375 1.606445 0.0 -1.567383 2.822266 0.0 -1.293945 3.935547 0.0 -1.035156 5.12207 0.0 -1.108398
4.228  -0.01464844 0.0 -2.109375 1.606445 0.0 -1.567383 2.822266 0.0 -1.298828 3.935547 0.0 -1.035156 5.126953 0.0 -1.113281
4.2296  -0.01953125 0.0 -2.104492 1.606445 0.0 -1.572266 2.822266 0.0 -1.303711 3.935547 0.0 -1.040039 5.126953 0.0 -1.113281
4.2312  -0.01953125 0.0 -2.104492 1.606445 0.0 -1.572266 2.827148 0.0 -1.308594 3.935547 0.0 -1.044922 5.126953 0.0 -1.113281
4.2328  -0.01953125 0.0 -2.099609 1.606445 0.0 -1.577148 2.827148 0.0 -1.318359 3.935547 0.0 -1.049805 5.126953 0.0 -1.118164
4.2344  -0.01953125 0.0 -2.099609 1.611328 0.0 -1.577148 2.827148 0.0 -1.323242 3.94043 0.0 -1.049805 5.131836 0.0 -1.118164
4.236  -0.01953125 0.0 -2.099609 1.611328 0.0 -1.582031 2.827148 0.0 -1.328125 3.94043 0.0 -1.054688 5.131836 0.0 -1.123047
4.2376  -0.01953125 0.0 -2.099609 1.611328 0.0 -1.586914 2.832031 0.0 -1.333008 3.94043 0.0 -1.05957 5.131836 0.0 -1.123047
4.2392  -0.01953125 0.0 -2.099609 1.611328 0.0 -1.586914 2.832031 0.0 -1.337891 3.94043 0.0 -1.064453 5.136719 0.0 -1.12793
4.2408  -0.01953125 0.0 -2.099609 1.611328 0.0 -1.591797 2.832031 0.0 -1.347656 3.94043 0.0 -1.069336 5.136719 0.0 -1.12793
4.2424  -0.01953125 0.0 -2.099609 1.616211 0.0 -1.59668 2.836914 0.0 -1.352539 3.94043 0.0 -1.074219 5.136719 0.0 -1.132813
4.244  -0.01953125 0.0 -2.099609 1.616211 0.0 -1.601563 2.836914 0.0 -1.357422 3.945313 0.0 -1.079102 5.141602 0.0 -1.132813
4.2456  -0.01953125 0.0 -2.099609 1.616211 0.0 -1.606445 2.841797 0.0 -1.367188 3.945313 0.0 -1.083984 5.141602 0.0 -1.137695
4.2472  -0.01953125 0.0 -2.099609 1.621094 0.0 -1.611328 2.841797 0.0 -1.37207 3.945313 0.0 -1.088867 5.141602 0.0 -1.142578
4.2488  -0.01953125 0.0 -2.104492 1.621094 0.0 -1.621094 2.84668 0.0 -1.381836 3.945313 0.0 -1.098633 5.146484 0.0 -1.142578
4.2504  -0.01953125 0.0 -2.104492 1.621094 0.0 -1.625977 2.84668 0.0 -1.386719 3.950195 0.0 -1.103516 5.146484 0.0 -1.147461
4.252  -0.01953125 0.0 -2.109375 1.625977 0.0 -1.630859 2.851563 0.0 -1.396484 3.950195 0.0 -1.108398 5.151367 0.0 -1.152344
4.2536  -0.01464844 0.0 -2.114258 1.625977 0.0 -1.640625 2.851563 0.0 -1.401367 3.950195 0.0 -1.113281 5.151367 0.0 -1.152344
4.2552  -0.01464844 0.0 -2.119141 1.630859 0.0 -1.645508 2.856445 0.0 -1.411133 3.950195 0.0 -1.123047 5.151367 0.0 -1.157227
4.2568  -0.01464844 0.0 -2.124023 1.630859 0.0 -1.650391 2.856445 0.0 -1.420898 3.955078 0.0 -1.12793 5.15625 0.0 -1.162109
4.2584  -0.01464844 0.0 -2.128906 1.635742 0.0 -1.660156 2.861328 0.0 -1.425781 3.955078 0.0 -1.132813 5.15625 0.0 -1.162109
4.26  -0.009765625 0.0 -2.133789 1.635742 0.0 -1.669922 2.861328 0.0 -1.435547 3.955078 0.0 -1.142578 5.161133 0.0 -1.166992
4.2616  -0.009765625 0.0 -2.138672 1.640625 0.0 -1.674805 2.866211 0.0 -1.445313 3.959961 0.0 -1.147461 5.161133 0.0 -1.171875
4.2632  -0.004882813 0.0 -2.143555 1.645508 0.0 -1.68457 2.866211 0.0 -1.455078 3.959961 0.0 -1.152344 5.161133 0.0 -1.171875
4.2648  -0.004882813 0.0 -2.15332 1.645508 0.0 -1.694336 2.871094 0.0 -1.464844 3.959961 0.0 -1.162109 5.166016 0.0 -1.176758
4.2664  0.0 0.0 -2.158203 1.650391 0.0 -1.704102 2.871094 0.0 -1.469727 3.964844 0.0 -1.166992 5.166016 0.0 -1.181641
4.268  0.0 0.0 -2.167969 1.650391 0.0 -1.713867 2.875977 0.0 -1.479492 3.964844 0.0 -1.176758 5.170898 0.0 -1.181641
4.2696  0.004882813 0.0 -2.177734 1.655273 0.0 -1.723633 2.875977 0.0 -1.489258 3.964844 0.0 -1.181641 5.170898 0.0 -1.186523
4.2712  0.004882813 0.0 -2.182617 1.655273 0.0 -1.728516 2.880859 0.0 -1.499023 3.964844 0.0 -1.186523 5.170898 0.0 -1.191406
4.2728  0.009765625 0.0 -2.192383 1.660156 0.0 -1.738281 2.880859 0.0 -1.508789 3.969727 0.0 -1.196289 5.170898 0.0 -1.191406
4.2744  0.009765625 0.0 -2.202148 1.660156 0.0 -1.75293 2.885742 0.0 -1.518555 3.969727 0.0 -1.201172 5.175781 0.0 -1.196289
4.276  0.01464844 0.0 -2.211914 1.665039 0.0 -1.762695 2.885742 0.0 -1.52832 3.969727 0.0 -1.210938 5.175781 0.0 -1.201172
4.2776  0.01464844 0.0 -2.22168 1.665039 0.0 -1.772461 2.890625 0.0 -1.538086 3.969727 0.0 -1.21582 5.175781 0.0 -1.201172
4.2792  0.01953125 0.0 -2.236328 1.669922 0.0 -1.782227 2.890625 0.0 -1.547852 3.969727 0.0 -1.220703 5.175781 0.0 -1.206055
4.2808  0.02441406 0.0 -2.246094 1.669922 0.0 -1.791992 2.895508 0.0 -1.557617 3.969727 0.0 -1.225586 5.180664 0.0 -1.206055
4.2824  0.02441406 0.0 -2.255859 1.674805 0.0 -1.801758 2.895508 0.0 -1.5625 3.974609 0.0 -1.235352 5.180664 0.0 -1.210938
4.284  0.02929688 0.0 -2.270508 1.674805 0.0 -1.811523 2.895508 0.0 -1.572266 3.974609 0.0 -1.240234 5.180664 0.0 -1.210938
4.2856  0.03417969 0.0 -2.280273 1.679688 0.0 -1.821289 2.900391 0.0 -1.582031 3.974609 0.0 -1.245117 5.180664 0.0 -1.21582
4.2872  0.03417969 0.0 -2.294922 1.679688 0.0 -1.835938 2.900391 0.0 -1.591797 3.974609 0.0 -1.25 5.180664 0.0 -1.21582
4.2888  0.0390625 0.0 -2.304688 1.679688 0.0 -1.845703 2.900391 0.0 -1.601563 3.974609 0.0 -1.254883 5.180664 0.0 -1.21582
4.2904  0.04394531 0.0 -2.319336 1.68457 0.0 -1.855469 2.900391 0.0 -1.611328 3.969727 0.0 -1.259766 5.180664 0.0 -1.220703
4.292  0.04394531 0.0 -2.333984 1.68457 0.0 -1.865234 2.900391 0.0 -1.616211 3.969727 0.0 -1.264648 5.180664 0.0 -1.220703
4.2936  0.04882813 0.0 -2.34375 1.68457 0.0 -1.875 2.900391 0.0 -1.625977 3.969727 0.0 -1.269531 5.180664 0.0 -1.220703
4.2952  0.05371094 0.0 -2.358398 1.68457 0.0 -1.889648 2.900391 0.0 -1.635742 3.969727 0.0 -1.274414 5.180664 0.0 -1.220703
4.2968  0.05371094 0.0 -2.373047 1.68457 0.0 -1.899414 2.905273 0.0 -1.645508 3.969727 0.0 -1.279297 5.180664 0.0 -1.220703
4.2984  0.05859375 0.0 -2.387695 1.689453 0.0 -1.90918 2.905273 0.0 -1.650391 3.964844 0.0 -1.28418 5.175781 0.0 -1.225586
4.3  0.06347656 0.0 -2.402344 1.689453 0.0 -1.918945 2.905273 0.0 -1.660156 3.964844 0.0 -1.289063 5.175781 0.0 -1.225586
4.3016  0.06347656 0.0 -2.416992 1.689453 0.0 -1.928711 2.900391 0.0 -1.669922 3.964844 0.0 -1.289063 5.175781 0.0 -1.225586
4.3032  0.06835938 0.0 -2.426758 1.689453 0.0 -1.938477 2.900391 0.0 -1.674805 3.959961 0.0 -1.293945 5.170898 0.0 -1.225586
4.3048  0.07324219 0.0 -2.441406 1.689453 0.0 -1.948242 2.900391 0.0 -1.68457 3.959961 0.0 -1.298828 5.170898 0.0 -1.225586
4.3064  0.078125 0.0 -2.456055 1.689453 0.0 -1.958008 2.900391 0.0 -1.689453 3.955078 0.0 -1.298828 5.170898 0.0 -1.225586
4.308  0.078125 0.0 -2.470703 1.689453 0.0 -1.972656 2.900391 0.0 -1.699219 3.955078 0.0 -1.303711 5.166016 0.0 -1.225586
4.3096  0.08300781 0.0 -2.485352 1.689453 0.0 -1.982422 2.900391 0.0 -1.704102 3.950195 0.0 -1.303711 5.166016 0.0 -1.225586
4.3112  0.08789063 0.0 -2.5 1.68457 0.0 -1.992188 2.900391 0.0 -1.713867 3.950195 0.0 -1.308594 5.161133 0.0 -1.225586
4.3128  0.08789063 0.0 -2.514648 1.68457 0.0 -2.001953 2.895508 0.0 -1.71875 3.945313 0.0 -1.308594 5.161133 0.0 -1.220703
4.3144  0.09277344 0.0 -2.529297 1.68457 0.0 -2.006836 2.895508 0.0 -1.728516 3.94043 0.0 -1.313477 5.15625 0.0 -1.220703
4.316  0.09765625 0.0 -2.543945 1.68457 0.0 -2.016602 2.895508 0.0 -1.733398 3.94043 0.0 -1.313477 5.151367 0.0 -1.220703
4.3176  0.1025391 0.0 -2.558594 1.68457 0.0 -2.026367 2.895508 0.0 -1.743164 3.935547 0.0 -1.318359 5.151367 0.0 -1.220703
4.3192  0.1025391 0.0 -2.573242 1.68457 0.0 -2.036133 2.890625 0.0 -1.748047 3.935547 0.0 -1.318359 5.146484 0.0 -1.220703
4.3208  0.1074219 0.0 -2.583008 1.679688 0.0 -2.045898 2.890625 0.0 -1.757813 3.930664 0.0 -1.323242 5.146484 0.0 -1.220703
4.3224  0.1123047 0.0 -2.597656 1.679688 0.0 -2.055664 2.890625 0.0 -1.762695 3.925781 0.0 -1.323242 5.141602 0.0 -1.220703
4.324  0.1123047 0.0 -2.612305 1.679688 0.0 -2.06543 2.885742 0.0 -1.767578 3.920898 0.0 -1.328125 5.136719 0.0 -1.220703
4.3256  0.1171875 0.0 -2.626953 1.679688 0.0 -2.075195 2.885742 0.0 -1.777344 3.920898 0.0 -1.328125 5.136719 0.0 -1.220703
4.3272  0.1220703 0.0 -2.636719 1.679688 0.0 -2.080078 2.885742 0.0 -1.782227 3.916016 0.0 -1.333008 5.131836 0.0 -1.21582
4.3288  0.1220703 0.0 -2.651367 1.674805 0.0 -2.089844 2.885742 0.0 -1.787109 3.916016 0.0 -1.333008 5.131836 0.0 -1.21582
4.3304  0.1269531 0.0 -2.666016 1.674805 0.0 -2.099609 2.880859 0.0 -1.791992 3.911133 0.0 -1.337891 5.126953 0.0 -1.21582
4.332  0.1269531 0.0 -2.675781 1.674805 0.0 -2.109375 2.880859 0.0 -1.801758 3.90625 0.0 -1.337891 5.12207 0.0 -1.21582
4.3336  0.1318359 0.0 -2.69043 1.674805 0.0 -2.114258 2.880859 0.0 -1.806641 3.90625 0.0 -1.342773 5.12207 0.0 -1.21582
4.3352  0.1367188 0.0 -2.700195 1.669922 0.0 -2.124023 2.875977 0.0 -1.811523 3.901367 0.0 -1.342773 5.117188 0.0 -1.21582
4.3368  0.1367188 0.0 -2.714844 1.669922 0.0 -2.133789 2.875977 0.0 -1.821289 3.896484 0.0 -1.347656 5.117188 0.0 -1.220703
4.3384  0.1416016 0.0 -2.724609 1.669922 0.0 -2.138672 2.875977 0.0 -1.826172 3.896484 0.0 -1.347656 5.112305 0.0 -1.220703
4.34  0.1416016 0.0 -2.734375 1.669922 0.0 -2.148438 2.875977 0.0 -1.831055 3.891602 0.0 -1.352539 5.112305 0.0 -1.220703
4.3416  0.1464844 0.0 -2.749023 1.669922 0.0 -2.15332 2.875977 0.0 -1.835938 3.891602 0.0 -1.357422 5.107422 0.0 -1.220703
4.3432  0.1464844 0.0 -2.758789 1.665039 0.0 -2.163086 2.871094 0.0 -1.84082 3.886719 0.0 -1.357422 5.107422 0.0 -1.220703
4.3448  0.1513672 0.0 -2.768555 1.665039 0.0 -2.167969 2.871094 0.0 -1.850586 3.886719 0.0 -1.362305 5.102539 0.0 -1.220703
4.3464  0.1513672 0.0 -2.77832 1.665039 0.0 -2.177734 2.871094 0.0 -1.855469 3.881836 0.0 -1.367188 5.102539 0.0 -1.220703
4.348  0.15625 0.0 -2.788086 1.665039 0.0 -2.182617 2.871094 0.0 -1.860352 3.881836 0.0 -1.367188 5.097656 0.0 -1.225586
4.3496  0.15625 0.0 -2.797852 1.665039 0.0 -2.192383 2.871094 0.0 -1.865234 3.881836 0.0 -1.37207 5.097656 0.0 -1.225586
4.3512  0.15625 0.0 -2.807617 1.665039 0.0 -2.197266 2.866211 0.0 -1.870117 3.876953 0.0 -1.376953 5.097656 0.0 -1.225586
4.3528  0.1611328 0.0 -2.817383 1.665039 0.0 -2.202148 2.866211 0.0 -1.875 3.876953 0.0 -1.376953 5.092773 0.0 -1.225586
4.3544  0.1611328 0.0 -2.822266 1.665039 0.0 -2.211914 2.866211 0.0 -1.879883 3.876953 0.0 -1.381836 5.092773 0.0 -1.225586
4.356  0.1660156 0.0 -2.832031 1.660156 0.0 -2.216797 2.866211 0.0 -1.884766 3.87207 0.0 -1.386719 5.087891 0.0 -1.230469
4.3576  0.1660156 0.0 -2.841797 1.660156 0.0 -2.22168 2.866211 0.0 -1.889648 3.87207 0.0 -1.386719 5.087891 0.0 -1.230469
4.3592  0.1660156 0.0 -2.84668 1.660156 0.0 -2.226563 2.866211 0.0 -1.894531 3.87207 0.0 -1.391602 5.087891 0.0 -1.230469
4.3608  0.1708984 0.0 -2.856445 1.660156 0.0 -2.231445 2.861328 0.0 -1.899414 3.867188 0.0 -1.396484 5.083008 0.0 -1.230469
4.3624  0.1708984 0.0 -2.861328 1.660156 0.0 -2.236328 2.861328 0.0 -1.904297 3.867188 0.0 -1.396484 5.083008 0.0 -1.230469
4.364  0.1708984 0.0 -2.871094 1.660156 0.0 -2.241211 2.861328 0.0 -1.904297 3.867188 0.0 -1.401367 5.083008 0.0 -1.230469
4.3656  0.1708984 0.0 -2.875977 1.660156 0.0 -2.246094 2.861328 0.0 -1.90918 3.862305 0.0 -1.401367 5.078125 0.0 -1.235352
4.3672  0.1757813 0.0 -2.880859 1.660156 0.0 -2.250977 2.861328 0.0 -1.914063 3.862305 0.0 -1.40625 5.078125 0.0 -1.235352
4.3688  0.1757813 0.0 -2.885742 1.660156 0.0 -2.255859 2.861328 0.0 -1.914063 3.862305 0.0 -1.40625 5.078125 0.0 -1.235352
4.3704  0.1757813 0.0 -2.890625 1.660156 0.0 -2.260742 2.856445 0.0 -1.918945 3.862305 0.0 -1.411133 5.078125 0.0 -1.235352
4.372  0.1757813 0.0 -2.895508 1.660156 0.0 -2.265625 2.856445 0.0 -1.918945 3.857422 0.0 -1.411133 5.073242 0.0 -1.235352
4.3736  0.1757813 0.0 -2.900391 1.660156 0.0 -2.270508 2.856445 0.0 -1.923828 3.857422 0.0 -1.411133 5.073242 0.0 -1.235352
4.3752  0.1806641 0.0 -2.905273 1.660156 0.0 -2.270508 2.856445 0.0 -1.923828 3.857422 0.0 -1.416016 5.073242 0.0 -1.235352
4.3768  0.1806641 0.0 -2.910156 1.660156 0.0 -2.275391 2.856445 0.0 -1.928711 3.857422 0.0 -1.416016 5.068359 0.0 -1.235352
4.3784  0.1806641 0.0 -2.915039 1.660156 0.0 -2.275391 2.856445 0.0 -1.928711 3.857422 0.0 -1.416016 5.068359 0.0 -1.235352
4.38  0.1806641 0.0 -2.919922 1.655273 0.0 -2.280273 2.851563 0.0 -1.928711 3.852539 0.0 -1.420898 5.068359 0.0 -1.235352
4.3816  0.1806641 0.0 -2.924805 1.655273 0.0 -2.285156 2.851563 0.0 -1.933594 3.852539 0.0 -1.420898 5.068359 0.0 -1.235352
4.3832  0.1806641 0.0 -2.924805 1.655273 0.0 -2.285156 2.851563 0.0 -1.933594 3.852539 0.0 -1.420898 5.063477 0.0 -1.235352
4.3848  0.1806641 0.0 -2.929688 1.655273 0.0 -2.285156 2.851563 0.0 -1.933594 3.852539 0.0 -1.420898 5.063477 0.0 -1.235352
4.3864  0.1806641 0.0 -2.93457 1.655273 0.0 -2.290039 2.851563 0.0 -1.933594 3.852539 0.0 -1.420898 5.063477 0.0 -1.235352
4.388  0.1806641 0.0 -2.93457 1.655273 0.0 -2.290039 2.84668 0.0 -1.933594 3.847656 0.0 -1.420898 5.063477 0.0 -1.235352
4.3896  0.1806641 0.0 -2.939453 1.655273 0.0 -2.294922 2.84668 0.0 -1.933594 3.847656 0.0 -1.420898 5.058594 0.0 -1.235352
4.3912  0.1806641 0.0 -2.939453 1.655273 0.0 -2.294922 2.84668 0.0 -1.933594 3.847656 0.0 -1.420898 5.058594 0.0 -1.235352
4.3928  0.1806641 0.0 -2.939453 1.655273 0.0 -2.294922 2.84668 0.0 -1.933594 3.847656 0.0 -1.420898 5.058594 0.0 -1.230469
4.3944  0.1806641 0.0 -2.944336 1.650391 0.0 -2.294922 2.84668 0.0 -1.933594 3.847656 0.0 -1.420898 5.058594 0.0 -1.230469
4.396  0.1806641 0.0 -2.944336 1.650391 0.0 -2.294922 2.841797 0.0 -1.933594 3.847656 0.0 -1.420898 5.058594 0.0 -1.230469
4.3976  0.1806641 0.0 -2.944336 1.650391 0.0 -2.299805 2.841797 0.0 -1.933594 3.842773 0.0 -1.420898 5.053711 0.0 -1.230469
4.3992  0.1806641 0.0 -2.944336 1.650391 0.0 -2.299805 2.841797 0.0 -1.933594 3.842773 0.0 -1.420898 5.053711 0.0 -1.230469
4.4008  0.1806641 0.0 -2.949219 1.650391 0.0 -2.299805 2.841797 0.0 -1.933594 3.842773 0.0 -1.420898 5.053711 0.0 -1.230469
4.4024  0.1806641 0.0 -2.949219 1.650391 0.0 -2.299805 2.841797 0.0 -1.933594 3.842773 0.0 -1.420898 5.053711 0.0 -1.230469
4.404  0.1806641 0.0 -2.949219 1.650391 0.0 -2.299805 2.836914 0.0 -1.928711 3.842773 0.0 -1.416016 5.053711 0.0 -1.230469
4.4056  0.1757813 0.0 -2.949219 1.645508 0.0 -2.299805 2.836914 0.0 -1.928711 3.842773 0.0 -1.416016 5.048828 0.0 -1.230469
4.4072  0.1757813 0.0 -2.949219 1.645508 0.0 -2.299805 2.836914 0.0 -1.928711 3.842773 0.0 -1.416016 5.048828 0.0 -1.230469
4.4088  0.1757813 0.0 -2.949219 1.645508 0.0 -2.294922 2.836914 0.0 -1.928711 3.837891 0.0 -1.416016 5.048828 0.0 -1.230469
4.4104  0.1757813 0.0 -2.949219 1.645508 0.0 -2.294922 2.836914 0.0 -1.928711 3.837891 0.0 -1.416016 5.048828 0.0 -1.230469
4.412  0.1757813 0.0 -2.949219 1.645508 0.0 -2.294922 2.832031 0.0 -1.923828 3.837891 0.0 -1.411133 5.048828 0.0 -1.230469
4.4136  0.1757813 0.0 -2.949219 1.640625 0.0 -2.294922 2.832031 0.0 -1.923828 3.837891 0.0 -1.411133 5.048828 0.0 -1.230469
4.4152  0.1757813 0.0 -2.949219 1.640625 0.0 -2.294922 2.832031 0.0 -1.923828 3.837891 0.0 -1.411133 5.048828 0.0 -1.230469
4.4168  0.1708984 0.0 -2.949219 1.640625 0.0 -2.294922 2.832031 0.0 -1.918945 3.837891 0.0 -1.411133 5.048828 0.0 -1.230469
4.4184  0.1708984 0.0 -2.949219 1.640625 0.0 -2.290039 2.832031 0.0 -1.918945 3.837891 0.0 -1.40625 5.043945 0.0 -1.230469
4.42  0.1708984 0.0 -2.944336 1.640625 0.0 -2.290039 2.827148 0.0 -1.918945 3.833008 0.0 -1.40625 5.043945 0.0 -1.230469
4.4216  0.1708984 0.0 -2.944336 1.635742 0.0 -2.290039 2.827148 0.0 -1.914063 3.833008 0.0 -1.40625 5.043945 0.0 -1.230469
4.4232  0.1708984 0.0 -2.944336 1.635742 0.0 -2.285156 2.827148 0.0 -1.914063 3.833008 0.0 -1.40625 5.043945 0.0 -1.230469
4.4248  0.1660156 0.0 -2.944336 1.635742 0.0 -2.285156 2.827148 0.0 -1.914063 3.833008 0.0 -1.401367 5.043945 0.0 -1.230469
4.4264  0.1660156 0.0 -2.944336 1.635742 0.0 -2.285156 2.827148 0.0 -1.90918 3.833008 0.0 -1.401367 5.043945 0.0 -1.230469
4.428  0.1660156 0.0 -2.944336 1.635742 0.0 -2.280273 2.827148 0.0 -1.90918 3.833008 0.0 -1.401367 5.043945 0.0 -1.230469
4.4296  0.1660156 0.0 -2.939453 1.635742 0.0 -2.280273 2.827148 0.0 -1.90918 3.833008 0.0 -1.401367 5.043945 0.0 -1.230469
4.4312  0.1660156 0.0 -2.939453 1.630859 0.0 -2.280273 2.822266 0.0 -1.904297 3.833008 0.0 -1.396484 5.043945 0.0 -1.225586
4.4328  0.1660156 0.0 -2.939453 1.630859 0.0 -2.275391 2.822266 0.0 -1.904297 3.828125 0.0 -1.396484 5.043945 0.0 -1.225586
4.4344  0.1660156 0.0 -2.939453 1.630859 0.0 -2.275391 2.822266 0.0 -1.899414 3.828125 0.0 -1.396484 5.043945 0.0 -1.225586
4.436  0.1611328 0.0 -2.939453 1.630859 0.0 -2.275391 2.822266 0.0 -1.899414 3.828125 0.0 -1.396484 5.043945 0.0 -1.225586
4.4376  0.1611328 0.0 -2.93457 1.630859 0.0 -2.270508 2.822266 0.0 -1.899414 3.828125 0.0 -1.391602 5.043945 0.0 -1.225586
4.4392  0.1611328 0.0 -2.93457 1.630859 0.0 -2.270508 2.822266 0.0 -1.894531 3.828125 0.0 -1.391602 5.048828 0.0 -1.225586
4.4408  0.1611328 0.0 -2.93457 1.630859 0.0 -2.265625 2.822266 0.0 -1.894531 3.828125 0.0 -1.391602 5.048828 0.0 -1.225586
4.4424  0.1611328 0.0 -2.93457 1.630859 0.0 -2.265625 2.822266 0.0 -1.889648 3.828125 0.0 -1.386719 5.048828 0.0 -1.225586
4.444  0.1611328 0.0 -2.93457 1.630859 0.0 -2.265625 2.822266 0.0 -1.889648 3.828125 0.0 -1.386719 5.048828 0.0 -1.225586
4.4456  0.1611328 0.0 -2.929688 1.630859 0.0 -2.260742 2.822266 0.0 -1.884766 3.833008 0.0 -1.386719 5.048828 0.0 -1.225586
4.4472  0.1611328 0.0 -2.929688 1.630859 0.0 -2.260742 2.822266 0.0 -1.884766 3.833008 0.0 -1.386719 5.048828 0.0 -1.225586
4.4488  0.1611328 0.0 -2.929688 1.630859 0.0 -2.260742 2.822266 0.0 -1.879883 3.833008 0.0 -1.381836 5.053711 0.0 -1.225586
4.4504  0.1611328 0.0 -2.929688 1.630859 0.0 -2.255859 2.822266 0.0 -1.879883 3.833008 0.0 -1.381836 5.053711 0.0 -1.225586
4.452  0.1611328 0.0 -2.929688 1.630859 0.0 -2.255859 2.822266 0.0 -1.875 3.833008 0.0 -1.381836 5.053711 0.0 -1.225586
4.4536  0.1611328 0.0 -2.929688 1.630859 0.0 -2.255859 2.822266 0.0 -1.870117 3.833008 0.0 -1.376953 5.053711 0.0 -1.225586
4.4552  0.1611328 0.0 -2.924805 1.630859 0.0 -2.250977 2.822266 0.0 -1.870117 3.837891 0.0 -1.376953 5.058594 0.0 -1.225586
4.4568  0.1611328 0.0 -2.924805 1.630859 0.0 -2.250977 2.822266 0.0 -1.865234 3.837891 0.0 -1.37207 5.058594 0.0 -1.225586
4.4584  0.1611328 0.0 -2.924805 1.630859 0.0 -2.246094 2.822266 0.0 -1.860352 3.837891 0.0 -1.37207 5.058594 0.0 -1.225586
4.46  0.1660156 0.0 -2.924805 1.630859 0.0 -2.246094 2.822266 0.0 -1.860352 3.837891 0.0 -1.37207 5.058594 0.0 -1.225586
4.4616  0.1660156 0.0 -2.924805 1.630859 0.0 -2.246094 2.822266 0.0 -1.855469 3.842773 0.0 -1.367188 5.063477 0.0 -1.220703
4.4632  0.1660156 0.0 -2.924805 1.635742 0.0 -2.241211 2.822266 0.0 -1.850586 3.842773 0.0 -1.367188 5.063477 0.0 -1.220703
4.4648  0.1660156 0.0 -2.919922 1.635742 0.0 -2.241211 2.822266 0.0 -1.845703 3.842773 0.0 -1.362305 5.063477 0.0 -1.220703
4.4664  0.1660156 0.0 -2.919922 1.635742 0.0 -2.236328 2.822266 0.0 -1.84082 3.842773 0.0 -1.362305 5.068359 0.0 -1.220703
4.468  0.1660156 0.0 -2.919922 1.635742 0.0 -2.236328 2.822266 0.0 -1.835938 3.847656 0.0 -1.357422 5.068359 0.0 -1.220703
4.4696  0.1660156 0.0 -2.919922 1.635742 0.0 -2.231445 2.822266 0.0 -1.835938 3.847656 0.0 -1.352539 5.068359 0.0 -1.21582
4.4712  0.1708984 0.0 -2.919922 1.635742 0.0 -2.231445 2.822266 0.0 -1.826172 3.847656 0.0 -1.352539 5.073242 0.0 -1.21582
4.4728  0.1708984 0.0 -2.919922 1.635742 0.0 -2.226563 2.822266 0.0 -1.821289 3.847656 0.0 -1.347656 5.073242 0.0 -1.21582
4.4744  0.1708984 0.0 -2.915039 1.640625 0.0 -2.226563 2.817383 0.0 -1.816406 3.852539 0.0 -1.342773 5.073242 0.0 -1.210938
4.476  0.1708984 0.0 -2.915039 1.640625 0.0 -2.22168 2.817383 0.0 -1.811523 3.852539 0.0 -1.342773 5.073242 0.0 -1.210938
4.4776  0.1708984 0.0 -2.915039 1.640625 0.0 -2.22168 2.817383 0.0 -1.806641 3.852539 0.0 -1.337891 5.078125 0.0 -1.210938
4.4792  0.1708984 0.0 -2.915039 1.640625 0.0 -2.216797 2.817383 0.0 -1.801758 3.852539 0.0 -1.333008 5.078125 0.0 -1.206055
4.4808  0.1757813 0.0 -2.910156 1.640625 0.0 -2.211914 2.817383 0.0 -1.791992 3.857422 0.0 -1.328125 5.078125 0.0 -1.201172
4.4824  0.1757813 0.0 -2.910156 1.640625 0.0 -2.207031 2.817383 0.0 -1.787109 3.857422 0.0 -1.323242 5.078125 0.0 -1.201172
4.484  0.1757813 0.0 -2.910156 1.640625 0.0 -2.207031 2.8125 0.0 -1.777344 3.857422 0.0 -1.318359 5.083008 0.0 -1.196289
4.4856  0.1757813 0.0 -2.905273 1.640625 0.0 -2.202148 2.8125 0.0 -1.772461 3.857422 0.0 -1.308594 5.083008 0.0 -1.191406
4.4872  0.1757813 0.0 -2.905273 1.640625 0.0 -2.197266 2.8125 0.0 -1.762695 3.857422 0.0 -1.303711 5.083008 0.0 -1.191406
4.4888  0.1757813 0.0 -2.900391 1.640625 0.0 -2.192383 2.8125 0.0 -1.75293 3.857422 0.0 -1.298828 5.083008 0.0 -1.186523
4.4904  0.1757813 0.0 -2.900391 1.640625 0.0 -2.1875 2.807617 0.0 -1.748047 3.862305 0.0 -1.289063 5.087891 0.0 -1.181641
4.492  0.1757813 0.0 -2.900391 1.640625 0.0 -2.182617 2.807617 0.0 -1.738281 3.862305 0.0 -1.28418 5.087891 0.0 -1.176758
4.4936  0.1757813 0.0 -2.895508 1.640625 0.0 -2.177734 2.807617 0.0 -1.728516 3.862305 0.0 -1.274414 5.087891 0.0 -1.171875
4.4952  0.1757813 0.0 -2.890625 1.640625 0.0 -2.172852 2.802734 0.0 -1.71875 3.862305 0.0 -1.269531 5.087891 0.0 -1.166992
4.4968  0.1806641 0.0 -2.890625 1.640625 0.0 -2.167969 2.802734 0.0 -1.708984 3.862305 0.0 -1.259766 5.087891 0.0 -1.157227
4.4984  0.1806641 0.0 -2.885742 1.640625 0.0 -2.163086 2.802734 0.0 -1.699219 3.862305 0.0 -1.25 5.087891 0.0 -1.152344
4.5  0.1806641 0.0 -2.885742 1.640625 0.0 -2.158203 2.797852 0.0 -1.689453 3.862305 0.0 -1.240234 5.087891 0.0 -1.147461
4.5016  0.1806641 0.0 -2.880859 1.640625 0.0 -2.148438 2.797852 0.0 -1.674805 3.862305 0.0 -1.230469 5.087891 0.0 -1.137695
4.5032  0.1806641 0.0 -2.875977 1.640625 0.0 -2.143555 2.792969 0.0 -1.665039 3.862305 0.0 -1.220703 5.092773 0.0 -1.132813
4.5048  0.1806641 0.0 -2.871094 1.640625 0.0 -2.138672 2.792969 0.0 -1.655273 3.862305 0.0 -1.210938 5.092773 0.0 -1.123047
4.5064  0.1806641 0.0 -2.871094 1.640625 0.0 -2.128906 2.788086 0.0 -1.640625 3.862305 0.0 -1.201172 5.092773 0.0 -1.113281
4.508  0.1806641 0.0 -2.866211 1.640625 0.0 -2.124023 2.788086 0.0 -1.630859 3.862305 0.0 -1.186523 5.092773 0.0 -1.103516
4.5096  0.1806641 0.0 -2.861328 1.640625 0.0 -2.114258 2.783203 0.0 -1.616211 3.867188 0.0 -1.176758 5.092773 0.0 -1.09375
4.5112  0.1806641 0.0 -2.856445 1.640625 0.0 -2.109375 2.783203 0.0 -1.601563 3.867188 0.0 -1.162109 5.092773 0.0 -1.083984
4.5128  0.1806641 0.0 -2.851563 1.635742 0.0 -2.099609 2.77832 0.0 -1.591797 3.867188 0.0 -1.147461 5.092773 0.0 -1.074219
4.5144  0.1757813 0.0 -2.851563 1.635742 0.0 -2.089844 2.773438 0.0 -1.577148 3.867188 0.0 -1.137695 5.092773 0.0 -1.064453
4.516  0.1757813 0.0 -2.84668 1.635742 0.0 -2.084961 2.773438 0.0 -1.5625 3.867188 0.0 -1.123047 5.087891 0.0 -1.054688
4.5176  0.1757813 0.0 -2.841797 1.635742 0.0 -2.075195 2.768555 0.0 -1.547852 3.867188 0.0 -1.108398 5.087891 0.0 -1.040039
4.5192  0.1757813 0.0 -2.836914 1.630859 0.0 -2.06543 2.763672 0.0 -1.533203 3.867188 0.0 -1.09375 5.087891 0.0 -1.030273
4.5208  0.1757813 0.0 -2.832031 1.630859 0.0 -2.055664 2.758789 0.0 -1.518555 3.867188 0.0 -1.079102 5.087891 0.0 -1.015625
4.5224  0.1757813 0.0 -2.827148 1.630859 0.0 -2.050781 2.753906 0.0 -1.503906 3.862305 0.0 -1.05957 5.087891 0.0 -1.005859
4.524  0.1757813 0.0 -2.822266 1.630859 0.0 -2.041016 2.749023 0.0 -1.489258 3.862305 0.0 -1.044922 5.083008 0.0 -0.9912109
4.5256  0.1757813 0.0 -2.817383 1.625977 0.0 -2.03125 2.749023 0.0 -1.474609 3.862305 0.0 -1.030273 5.083008 0.0 -0.9765625
4.5272  0.1757813 0.0 -2.8125 1.625977 0.0 -2.021484 2.744141 0.0 -1.459961 3.862305 0.0 -1.010742 5.083008 0.0 -0.9619141
4.5288  0.1757813 0.0 -2.807617 1.621094 0.0 -2.011719 2.739258 0.0 -1.44043 3.862305 0.0 -0.9960938 5.078125 0.0 -0.9472656
4.5304  0.1757813 0.0 -2.802734 1.621094 0.0 -2.001953 2.729492 0.0 -1.425781 3.857422 0.0 -0.9765625 5.078125 0.0 -0.9326172
4.532  0.1757813 0.0 -2.797852 1.616211 0.0 -1.992188 2.724609 0.0 -1.411133 3.857422 0.0 -0.9570313 5.073242 0.0 -0.9130859
4.5336  0.1757813 0.0 -2.792969 1.616211 0.0 -1.982422 2.719727 0.0 -1.391602 3.857422 0.0 -0.9423828 5.073242 0.0 -0.8984375
4.5352  0.1757813 0.0 -2.788086 1.611328 0.0 -1.972656 2.714844 0.0 -1.376953 3.852539 0.0 -0.9228516 5.068359 0.0 -0.8837891
4.5368  0.1757813 0.0 -2.77832 1.606445 0.0 -1.962891 2.709961 0.0 -1.362305 3.852539 0.0 -0.9033203 5.063477 0.0 -0.8642578
4.5384  0.1757813 0.0 -2.773438 1.606445 0.0 -1.953125 2.700195 0.0 -1.342773 3.847656 0.0 -0.8837891 5.063477 0.0 -0.8496094
4.54  0.1757813 0.0 -2.768555 1.601563 0.0 -1.943359 2.695313 0.0 -1.328125 3.847656 0.0 -0.8691406 5.058594 0.0 -0.8300781
4.5416  0.1757813 0.0 -2.763672 1.59668 0.0 -1.933594 2.685547 0.0 -1.308594 3.842773 0.0 -0.8496094 5.053711 0.0 -0.8105469
4.5432  0.1757813 0.0 -2.758789 1.591797 0.0 -1.923828 2.680664 0.0 -1.293945 3.837891 0.0 -0.8300781 5.048828 0.0 -0.7958984
4.5448  0.1757813 0.0 -2.753906 1.586914 0.0 -1.914063 2.670898 0.0 -1.274414 3.833008 0.0 -0.8105469 5.039063 0.0 -0.7763672
4.5464  0.1757813 0.0 -2.749023 1.582031 0.0 -1.904297 2.666016 0.0 -1.259766 3.828125 0.0 -0.7910156 5.03418 0.0 -0.7568359
4.548  0.1708984 0.0 -2.744141 1.577148 0.0 -1.894531 2.65625 0.0 -1.240234 3.823242 0.0 -0.7714844 5.029297 0.0 -0.7373047
4.5496  0.1708984 0.0 -2.744141 1.572266 0.0 -1.884766 2.646484 0.0 -1.225586 3.818359 0.0 -0.7519531 5.019531 0.0 -0.7177734
4.5512  0.1708984 0.0 -2.739258 1.567383 0.0 -1.879883 2.636719 0.0 -1.206055 3.813477 0.0 -0.7324219 5.014648 0.0 -0.6982422
4.5528  0.1708984 0.0 -2.734375 1.5625 0.0 -1.870117 2.626953 0.0 -1.191406 3.808594 0.0 -0.7177734 5.004883 0.0 -0.6787109
4.5544  0.1708984 0.0 -2.729492 1.557617 0.0 -1.860352 2.617188 0.0 -1.171875 3.798828 0.0 -0.6982422 4.995117 0.0 -0.6542969
4.556  0.1708984 0.0 -2.724609 1.547852 0.0 -1.850586 2.607422 0.0 -1.157227 3.793945 0.0 -0.6787109 4.990234 0.0 -0.6347656
4.5576  0.1708984 0.0 -2.719727 1.542969 0.0 -1.845703 2.592773 0.0 -1.137695 3.78418 0.0 -0.6591797 4.980469 0.0 -0.6152344
4.5592  0.1660156 0.0 -2.714844 1.538086 0.0 -1.835938 2.583008 0.0 -1.123047 3.774414 0.0 -0.6396484 4.96582 0.0 -0.5908203
4.5608  0.1660156 0.0 -2.709961 1.52832 0.0 -1.831055 2.573242 0.0 -1.108398 3.769531 0.0 -0.6201172 4.956055 0.0 -0.5712891
4.5624  0.1660156 0.0 -2.709961 1.523438 0.0 -1.821289 2.558594 0.0 -1.088867 3.759766 0.0 -0.6005859 4.946289 0.0 -0.546875
4.564  0.1660156 0.0 -2.705078 1.513672 0.0 -1.816406 2.548828 0.0 -1.074219 3.75 0.0 -0.5810547 4.931641 0.0 -0.5273438
4.5656  0.1660156 0.0 -2.700195 1.503906 0.0 -1.806641 2.53418 0.0 -1.05957 3.740234 0.0 -0.5664063 4.921875 0.0 -0.5029297
4.5672  0.1660156 0.0 -2.695313 1.499023 0.0 -1.801758 2.519531 0.0 -1.040039 3.725586 0.0 -0.546875 4.907227 0.0 -0.4785156
4.5688  0.1611328 0.0 -2.69043 1.489258 0.0 -1.796875 2.504883 0.0 -1.025391 3.71582 0.0 -0.5273438 4.892578 0.0 -0.4541016
4.5704  0.1611328 0.0 -2.69043 1.479492 0.0 -1.791992 2.495117 0.0 -1.010742 3.701172 0.0 -0.5078125 4.87793 0.0 -0.4296875
4.572  0.1611328 0.0 -2.685547 1.469727 0.0 -1.787109 2.480469 0.0 -0.9960938 3.691406 0.0 -0.4882813 4.863281 0.0 -0.4052734
4.5736  0.1611328 0.0 -2.680664 1.459961 0.0 -1.782227 2.460938 0.0 -0.9814453 3.676758 0.0 -0.4736328 4.848633 0.0 -0.3808594
4.5752  0.1611328 0.0 -2.675781 1.450195 0.0 -1.777344 2.446289 0.0 -0.9667969 3.662109 0.0 -0.4541016 4.833984 0.0 -0.3564453
4.5768  0.1611328 0.0 -2.675781 1.44043 0.0 -1.772461 2.431641 0.0 -0.9521484 3.647461 0.0 -0.4345703 4.814453 0.0 -0.3320313
4.5784  0.15625 0.0 -2.670898 1.430664 0.0 -1.767578 2.416992 0.0 -0.9375 3.632813 0.0 -0.4150391 4.799805 0.0 -0.3076172
4.58  0.15625 0.0 -2.666016 1.420898 0.0 -1.762695 2.397461 0.0 -0.9228516 3.618164 0.0 -0.3955078 4.780273 0.0 -0.2783203
4.5816  0.15625 0.0 -2.661133 1.411133 0.0 -1.757813 2.382813 0.0 -0.9082031 3.603516 0.0 -0.3808594 4.765625 0.0 -0.2539063
4.5832  0.15625 0.0 -2.661133 1.401367 0.0 -1.757813 2.363281 0.0 -0.8935547 3.583984 0.0 -0.3613281 4.746094 0.0 -0.2294922
4.5848  0.1513672 0.0 -2.65625 1.391602 0.0 -1.75293 2.348633 0.0 -0.8789063 3.569336 0.0 -0.3417969 4.726563 0.0 -0.2001953
4.5864  0.1513672 0.0 -2.651367 1.376953 0.0 -1.748047 2.329102 0.0 -0.8691406 3.549805 0.0 -0.3271484 4.707031 0.0 -0.1757813
4.588  0.1513672 0.0 -2.646484 1.367188 0.0 -1.748047 2.30957 0.0 -0.8544922 3.535156 0.0 -0.3076172 4.6875 0.0 -0.1464844
4.5896  0.1513672 0.0 -2.641602 1.357422 0.0 -1.743164 2.290039 0.0 -0.8398438 3.515625 0.0 -0.2880859 4.667969 0.0 -0.1220703
4.5912  0.1464844 0.0 -2.641602 1.347656 0.0 -1.743164 2.270508 0.0 -0.8300781 3.496094 0.0 -0.2734375 4.643555 0.0 -0.09765625
4.5928  0.1464844 0.0 -2.636719 1.333008 0.0 -1.738281 2.250977 0.0 -0.8154297 3.476563 0.0 -0.2539063 4.624023 0.0 -0.06835938
4.5944  0.1464844 0.0 -2.631836 1.323242 0.0 -1.738281 2.231445 0.0 -0.8007813 3.457031 0.0 -0.234375 4.604492 0.0 -0.0390625
4.596  0.1464844 0.0 -2.626953 1.308594 0.0 -1.733398 2.211914 0.0 -0.7910156 3.4375 0.0 -0.2197266 4.580078 0.0 -0.01464844
4.5976  0.1416016 0.0 -2.62207 1.298828 0.0 -1.733398 2.192383 0.0 -0.78125 3.417969 0.0 -0.2001953 4.560547 0.0 0.009765625
4.5992  0.1416016 0.0 -2.617188 1.289063 0.0 -1.733398 2.172852 0.0 -0.7666016 3.398438 0.0 -0.1855469 4.536133 0.0 0.0390625
4.6008  0.1416016 0.0 -2.617188 1.274414 0.0 -1.728516 2.15332 0.0 -0.7568359 3.378906 0.0 -0.1660156 4.516602 0.0 0.06347656
4.6024  0.1367188 0.0 -2.612305 1.264648 0.0 -1.728516 2.133789 0.0 -0.7421875 3.359375 0.0 -0.1464844 4.492188 0.0 0.09277344
4.604  0.1367188 0.0 -2.607422 1.25 0.0 -1.728516 2.114258 0.0 -0.7324219 3.339844 0.0 -0.1318359 4.472656 0.0 0.1171875
4.6056  0.1367188 0.0 -2.602539 1.240234 0.0 -1.723633 2.094727 0.0 -0.7226563 3.31543 0.0 -0.1123047 4.448242 0.0 0.1416016
4.6072  0.1318359 0.0 -2.597656 1.230469 0.0 -1.723633 2.075195 0.0 -0.7080078 3.295898 0.0 -0.09765625 4.428711 0.0 0.1708984
4.6088  0.1318359 0.0 -2.592773 1.21582 0.0 -1.723633 2.055664 0.0 -0.6982422 3.276367 0.0 -0.08300781 4.404297 0.0 0.1953125
4.6104  0.1318359 0.0 -2.587891 1.206055 0.0 -1.723633 2.03125 0.0 -0.6884766 3.256836 0.0 -0.06347656 4.384766 0.0 0.2197266
4.612  0.1269531 0.0 -2.583008 1.196289 0.0 -1.71875 2.011719 0.0 -0.6787109 3.237305 0.0 -0.04882813 4.360352 0.0 0.2441406
4.6136  0.1269531 0.0 -2.578125 1.186523 0.0 -1.71875 1.992188 0.0 -0.6689453 3.212891 0.0 -0.02929688 4.34082 0.0 0.2685547
4.6152  0.1269531 0.0 -2.573242 1.171875 0.0 -1.71875 1.972656 0.0 -0.6591797 3.193359 0.0 -0.01464844 4.321289 0.0 0.2929688
4.6168  0.1220703 0.0 -2.568359 1.162109 0.0 -1.713867 1.953125 0.0 -0.6445313 3.173828 0.0 0.0 4.301758 0.0 0.3173828
4.6184  0.1220703 0.0 -2.563477 1.152344 0.0 -1.713867 1.938477 0.0 -0.6347656 3.154297 0.0 0.01464844 4.282227 0.0 0.3369141
4.62  0.1220703 0.0 -2.558594 1.142578 0.0 -1.713867 1.918945 0.0 -0.625 3.134766 0.0 0.03417969 4.257813 0.0 0.3613281
4.6216  0.1171875 0.0 -2.553711 1.132813 0.0 -1.708984 1.899414 0.0 -0.6152344 3.120117 0.0 0.04882813 4.243164 0.0 0.3808594
4.6232  0.1171875 0.0 -2.548828 1.123047 0.0 -1.708984 1.879883 0.0 -0.6054688 3.100586 0.0 0.06347656 4.223633 0.0 0.4052734
4.6248  0.1171875 0.0 -2.543945 1.113281 0.0 -1.704102 1.865234 0.0 -0.5957031 3.081055 0.0 0.078125 4.204102 0.0 0.4248047
4.6264  0.1123047 0.0 -2.539063 1.103516 0.0 -1.704102 1.845703 0.0 -0.5859375 3.061523 0.0 0.09277344 4.18457 0.0 0.4443359
4.628  0.1123047 0.0 -2.53418 1.09375 0.0 -1.699219 1.826172 0.0 -0.5761719 3.046875 0.0 0.1074219 4.169922 0.0 0.4638672
4.6296  0.1123047 0.0 -2.53418 1.083984 0.0 -1.699219 1.811523 0.0 -0.5664063 3.027344 0.0 0.1220703 4.150391 0.0 0.4785156
4.6312  0.1123047 0.0 -2.529297 1.079102 0.0 -1.694336 1.796875 0.0 -0.5566406 3.012695 0.0 0.1367188 4.135742 0.0 0.4980469
4.6328  0.1074219 0.0 -2.524414 1.069336 0.0 -1.694336 1.777344 0.0 -0.5419922 2.998047 0.0 0.1513672 4.121094 0.0 0.5175781
4.6344  0.1074219 0.0 -2.519531 1.05957 0.0 -1.689453 1.762695 0.0 -0.5322266 2.983398 0.0 0.1611328 4.106445 0.0 0.5322266
4.636  0.1074219 0.0 -2.514648 1.054688 0.0 -1.68457 1.748047 0.0 -0.5224609 2.963867 0.0 0.1757813 4.091797 0.0 0.546875
4.6376  0.1074219 0.0 -2.509766 1.044922 0.0 -1.68457 1.733398 0.0 -0.5126953 2.949219 0.0 0.1904297 4.077148 0.0 0.5615234
4.6392  0.1025391 0.0 -2.504883 1.040039 0.0 -1.679688 1.71875 0.0 -0.5029297 2.939453 0.0 0.2050781 4.0625 0.0 0.5761719
4.6408  0.1025391 0.0 -2.5 1.030273 0.0 -1.674805 1.708984 0.0 -0.4931641 2.924805 0.0 0.2148438 4.047852 0.0 0.5908203
4.6424  0.1025391 0.0 -2.495117 1.025391 0.0 -1.669922 1.694336 0.0 -0.4833984 2.910156 0.0 0.2294922 4.038086 0.0 0.6005859
4.644  0.09765625 0.0 -2.495117 1.020508 0.0 -1.669922 1.679688 0.0 -0.4736328 2.900391 0.0 0.2392578 4.02832 0.0 0.6103516
4.6456  0.09765625 0.0 -2.490234 1.010742 0.0 -1.665039 1.669922 0.0 -0.4638672 2.885742 0.0 0.2539063 4.013672 0.0 0.625
4.6472  0.09765625 0.0 -2.485352 1.005859 0.0 -1.660156 1.655273 0.0 -0.4541016 2.875977 0.0 0.2636719 4.003906 0.0 0.6347656
4.6488  0.09277344 0.0 -2.480469 1.000977 0.0 -1.655273 1.645508 0.0 -0.4443359 2.861328 0.0 0.2783203 3.994141 0.0 0.6445313
4.6504  0.09277344 0.0 -2.475586 0.9960938 0.0 -1.650391 1.635742 0.0 -0.4345703 2.851563 0.0 0.2880859 3.984375 0.0 0.6542969
4.652  0.09277344 0.0 -2.475586 0.9912109 0.0 -1.645508 1.621094 0.0 -0.4248047 2.841797 0.0 0.2978516 3.974609 0.0 0.6591797
4.6536  0.08789063 0.0 -2.470703 0.9814453 0.0 -1.640625 1.611328 0.0 -0.4150391 2.832031 0.0 0.3076172 3.964844 0.0 0.6689453
4.6552  0.08789063 0.0 -2.46582 0.9765625 0.0 -1.640625 1.601563 0.0 -0.4101563 2.822266 0.0 0.3173828 3.959961 0.0 0.6738281
4.6568  0.08789063 0.0 -2.460938 0.9716797 0.0 -1.635742 1.591797 0.0 -0.4003906 2.8125 0.0 0.3320313 3.950195 0.0 0.6835938
4.6584  0.08300781 0.0 -2.460938 0.9667969 0.0 -1.630859 1.582031 0.0 -0.390625 2.802734 0.0 0.3417969 3.94043 0.0 0.6884766
4.66  0.08300781 0.0 -2.456055 0.9619141 0.0 -1.625977 1.577148 0.0 -0.3808594 2.792969 0.0 0.3515625 3.935547 0.0 0.6933594
4.6616  0.08300781 0.0 -2.451172 0.9570313 0.0 -1.621094 1.567383 0.0 -0.3710938 2.788086 0.0 0.3613281 3.930664 0.0 0.6982422
4.6632  0.078125 0.0 -2.446289 0.9521484 0.0 -1.616211 1.557617 0.0 -0.3613281 2.77832 0.0 0.3710938 3.920898 0.0 0.703125
4.6648  0.078125 0.0 -2.446289 0.9521484 0.0 -1.611328 1.547852 0.0 -0.3564453 2.773438 0.0 0.3759766 3.916016 0.0 0.7080078
4.6664  0.078125 0.0 -2.441406 0.9472656 0.0 -1.606445 1.542969 0.0 -0.3466797 2.763672 0.0 0.3857422 3.911133 0.0 0.7128906
4.668  0.07324219 0.0 -2.436523 0.9423828 0.0 -1.601563 1.533203 0.0 -0.3369141 2.758789 0.0 0.3955078 3.90625 0.0 0.7177734
4.6696  0.07324219 0.0 -2.436523 0.9375 0.0 -1.59668 1.52832 0.0 -0.3320313 2.749023 0.0 0.4052734 3.901367 0.0 0.7177734
4.6712  0.06835938 0.0 -2.431641 0.9326172 0.0 -1.591797 1.518555 0.0 -0.3222656 2.744141 0.0 0.4150391 3.891602 0.0 0.7226563
4.6728  0.06835938 0.0 -2.426758 0.9277344 0.0 -1.586914 1.513672 0.0 -0.3125 2.739258 0.0 0.4199219 3.891602 0.0 0.7275391
4.6744  0.06835938 0.0 -2.426758 0.9277344 0.0 -1.582031 1.508789 0.0 -0.3076172 2.734375 0.0 0.4296875 3.886719 0.0 0.7275391
4.676  0.06347656 0.0 -2.421875 0.9228516 0.0 -1.577148 1.499023 0.0 -0.2978516 2.729492 0.0 0.4394531 3.881836 0.0 0.7324219
4.6776  0.06347656 0.0 -2.421875 0.9179688 0.0 -1.572266 1.494141 0.0 -0.2929688 2.724609 0.0 0.4443359 3.876953 0.0 0.7373047
4.6792  0.06347656 0.0 -2.416992 0.9130859 0.0 -1.567383 1.489258 0.0 -0.2832031 2.719727 0.0 0.4541016 3.87207 0.0 0.7373047
4.6808  0.05859375 0.0 -2.412109 0.9130859 0.0 -1.5625 1.484375 0.0 -0.2783203 2.714844 0.0 0.4589844 3.867188 0.0 0.7421875
4.6824  0.05859375 0.0 -2.412109 0.9082031 0.0 -1.557617 1.479492 0.0 -0.2685547 2.709961 0.0 0.46875 3.867188 0.0 0.7421875
4.684  0.05859375 0.0 -2.407227 0.9033203 0.0 -1.557617 1.474609 0.0 -0.2636719 2.705078 0.0 0.4736328 3.862305 0.0 0.7421875
4.6856  0.05371094 0.0 -2.407227 0.9033203 0.0 -1.552734 1.469727 0.0 -0.2587891 2.700195 0.0 0.4833984 3.857422 0.0 0.7470703
4.6872  0.05371094 0.0 -2.402344 0.8984375 0.0 -1.547852 1.464844 0.0 -0.2490234 2.695313 0.0 0.4882813 3.857422 0.0 0.7470703
4.6888  0.05371094 0.0 -2.397461 0.8935547 0.0 -1.542969 1.459961 0.0 -0.2441406 2.695313 0.0 0.4980469 3.852539 0.0 0.7519531
4.6904  0.04882813 0.0 -2.397461 0.8935547 0.0 -1.538086 1.455078 0.0 -0.2392578 2.69043 0.0 0.5029297 3.852539 0.0 0.7519531
4.692  0.04882813 0.0 -2.392578 0.8886719 0.0 -1.533203 1.450195 0.0 -0.234375 2.685547 0.0 0.5078125 3.847656 0.0 0.7519531
4.6936  0.04882813 0.0 -2.392578 0.8886719 0.0 -1.533203 1.445313 0.0 -0.2294922 2.685547 0.0 0.5126953 3.847656 0.0 0.7568359
4.6952  0.04394531 0.0 -2.387695 0.8837891 0.0 -1.52832 1.445313 0.0 -0.2246094 2.680664 0.0 0.5224609 3.842773 0.0 0.7568359
4.6968  0.04394531 0.0 -2.387695 0.8789063 0.0 -1.523438 1.44043 0.0 -0.2197266 2.680664 0.0 0.5273438 3.842773 0.0 0.7617188
4.6984  0.04394531 0.0 -2.387695 0.8789063 0.0 -1.523438 1.435547 0.0 -0.2148438 2.675781 0.0 0.5322266 3.842773 0.0 0.7617188
4.7  0.04394531 0.0 -2.382813 0.8740234 0.0 -1.518555 1.430664 0.0 -0.2099609 2.675781 0.0 0.5371094 3.837891 0.0 0.7617188
4.7016  0.0390625 0.0 -2.382813 0.8740234 0.0 -1.513672 1.430664 0.0 -0.2050781 2.670898 0.0 0.5419922 3.837891 0.0 0.7666016
4.7032  0.0390625 0.0 -2.37793 0.8691406 0.0 -1.513672 1.425781 0.0 -0.2001953 2.670898 0.0 0.546875 3.837891 0.0 0.7666016
4.7048  0.0390625 0.0 -2.37793 0.8691406 0.0 -1.508789 1.425781 0.0 -0.1953125 2.666016 0.0 0.5517578 3.833008 0.0 0.7666016
4.7064  0.0390625 0.0 -2.37793 0.8642578 0.0 -1.503906 1.420898 0.0 -0.1904297 2.666016 0.0 0.5566406 3.833008 0.0 0.7666016
4.708  0.03417969 0.0 -2.373047 0.8642578 0.0 -1.503906 1.416016 0.0 -0.1855469 2.666016 0.0 0.5615234 3.833008 0.0 0.7714844
4.7096  0.03417969 0.0 -2.373047 0.859375 0.0 -1.499023 1.416016 0.0 -0.1855469 2.661133 0.0 0.5664063 3.833008 0.0 0.7714844
4.7112  0.03417969 0.0 -2.373047 0.859375 0.0 -1.499023 1.411133 0.0 -0.1806641 2.661133 0.0 0.5664063 3.828125 0.0 0.7714844
4.7128  0.03417969 0.0 -2.368164 0.8544922 0.0 -1.494141 1.411133 0.0 -0.1757813 2.661133 0.0 0.5712891 3.828125 0.0 0.7763672
4.7144  0.03417969 0.0 -2.368164 0.8544922 0.0 -1.494141 1.40625 0.0 -0.1757813 2.65625 0.0 0.5761719 3.828125 0.0 0.7763672
4.716  0.02929688 0.0 -2.368164 0.8544922 0.0 -1.494141 1.40625 0.0 -0.1708984 2.65625 0.0 0.5761719 3.828125 0.0 0.7763672
4.7176  0.02929688 0.0 -2.368164 0.8496094 0.0 -1.489258 1.40625 0.0 -0.1708984 2.65625 0.0 0.5810547 3.823242 0.0 0.7763672
4.7192  0.02929688 0.0 -2.363281 0.8496094 0.0 -1.489258 1.401367 0.0 -0.1660156 2.651367 0.0 0.5810547 3.823242 0.0 0.7763672
4.7208  0.02929688 0.0 -2.363281 0.8447266 0.0 -1.489258 1.401367 0.0 -0.1660156 2.651367 0.0 0.5859375 3.823242 0.0 0.78125
4.7224  0.02929688 0.0 -2.363281 0.8447266 0.0 -1.484375 1.396484 0.0 -0.1611328 2.651367 0.0 0.5859375 3.823242 0.0 0.78125
4.724  0.02929688 0.0 -2.363281 0.8447266 0.0 -1.484375 1.396484 0.0 -0.1611328 2.646484 0.0 0.5908203 3.823242 0.0 0.78125
4.7256  0.02441406 0.0 -2.363281 0.8398438 0.0 -1.484375 1.396484 0.0 -0.1611328 2.646484 0.0 0.5908203 3.823242 0.0 0.78125
4.7272  0.02441406 0.0 -2.363281 0.8398438 0.0 -1.484375 1.391602 0.0 -0.15625 2.646484 0.0 0.5908203 3.818359 0.0 0.78125
4.7288  0.02441406 0.0 -2.363281 0.8398438 0.0 -1.484375 1.391602 0.0 -0.15625 2.641602 0.0 0.5908203 3.818359 0.0 0.78125
4.7304  0.02441406 0.0 -2.363281 0.8398438 0.0 -1.479492 1.391602 0.0 -0.15625 2.641602 0.0 0.5908203 3.818359 0.0 0.78125
4.732  0.02441406 0.0 -2.363281 0.8349609 0.0 -1.479492 1.386719 0.0 -0.15625 2.641602 0.0 0.5908203 3.818359 0.0 0.7861328
4.7336  0.02441406 0.0 -2.363281 0.8349609 0.0 -1.479492 1.386719 0.0 -0.15625 2.641602 0.0 0.5957031 3.818359 0.0 0.7861328
4.7352  0.02441406 0.0 -2.363281 0.8349609 0.0 -1.479492 1.386719 0.0 -0.15625 2.636719 0.0 0.5908203 3.818359 0.0 0.7861328
4.7368  0.02441406 0.0 -2.368164 0.8349609 0.0 -1.484375 1.386719 0.0 -0.15625 2.636719 0.0 0.5908203 3.813477 0.0 0.7861328
4.7384  0.01953125 0.0 -2.368164 0.8349609 0.0 -1.484375 1.386719 0.0 -0.15625 2.636719 0.0 0.5908203 3.813477 0.0 0.7861328
4.74  0.01953125 0.0 -2.368164 0.8300781 0.0 -1.484375 1.381836 0.0 -0.15625 2.631836 0.0 0.5908203 3.813477 0.0 0.7861328
4.7416  0.01953125 0.0 -2.373047 0.8300781 0.0 -1.484375 1.381836 0.0 -0.15625 2.631836 0.0 0.5908203 3.813477 0.0 0.7861328
4.7432  0.01953125 0.0 -2.373047 0.8300781 0.0 -1.484375 1.381836 0.0 -0.15625 2.631836 0.0 0.5908203 3.813477 0.0 0.7861328
4.7448  0.01953125 0.0 -2.37793 0.8300781 0.0 -1.489258 1.381836 0.0 -0.1611328 2.631836 0.0 0.5859375 3.813477 0.0 0.7861328
4.7464  0.01953125 0.0 -2.37793 0.8300781 0.0 -1.489258 1.381836 0.0 -0.1611328 2.626953 0.0 0.5859375 3.808594 0.0 0.7861328
4.748  0.01953125 0.0 -2.382813 0.8300781 0.0 -1.489258 1.381836 0.0 -0.1611328 2.626953 0.0 0.5810547 3.808594 0.0 0.7861328
4.7496  0.02441406 0.0 -2.387695 0.8300781 0.0 -1.494141 1.381836 0.0 -0.1660156 2.626953 0.0 0.5810547 3.808594 0.0 0.78125
4.7512  0.02441406 0.0 -2.387695 0.8300781 0.0 -1.494141 1.381836 0.0 -0.1660156 2.626953 0.0 0.5761719 3.808594 0.0 0.78125
4.7528  0.02441406 0.0 -2.392578 0.8300781 0.0 -1.499023 1.381836 0.0 -0.1708984 2.62207 0.0 0.5712891 3.808594 0.0 0.78125
4.7544  0.02441406 0.0 -2.397461 0.8300781 0.0 -1.499023 1.381836 0.0 -0.1708984 2.62207 0.0 0.5712891 3.808594 0.0 0.78125
4.756  0.02441406 0.0 -2.402344 0.8300781 0.0 -1.503906 1.381836 0.0 -0.1757813 2.62207 0.0 0.5664063 3.803711 0.0 0.7763672
4.7576  0.02441406 0.0 -2.407227 0.8300781 0.0 -1.508789 1.381836 0.0 -0.1806641 2.62207 0.0 0.5615234 3.803711 0.0 0.7763672
4.7592  0.02929688 0.0 -2.412109 0.8349609 0.0 -1.513672 1.381836 0.0 -0.1855469 2.617188 0.0 0.5566406 3.803711 0.0 0.7763672
4.7608  0.02929688 0.0 -2.421875 0.8349609 0.0 -1.518555 1.381836 0.0 -0.1904297 2.617188 0.0 0.5517578 3.803711 0.0 0.7714844
4.7624  0.02929688 0.0 -2.426758 0.8349609 0.0 -1.523438 1.381836 0.0 -0.1953125 2.617188 0.0 0.546875 3.803711 0.0 0.7714844
4.764  0.02929688 0.0 -2.431641 0.8349609 0.0 -1.52832 1.381836 0.0 -0.2001953 2.617188 0.0 0.5419922 3.798828 0.0 0.7666016
4.7656  0.03417969 0.0 -2.436523 0.8398438 0.0 -1.533203 1.386719 0.0 -0.2050781 2.612305 0.0 0.5322266 3.798828 0.0 0.7666016
4.7672  0.03417969 0.0 -2.446289 0.8398438 0.0 -1.538086 1.386719 0.0 -0.2148438 2.612305 0.0 0.5273438 3.798828 0.0 0.7617188
4.7688  0.03417969 0.0 -2.451172 0.8398438 0.0 -1.542969 1.386719 0.0 -0.2197266 2.612305 0.0 0.5175781 3.798828 0.0 0.7568359
4.7704  0.0390625 0.0 -2.460938 0.8447266 0.0 -1.547852 1.391602 0.0 -0.2294922 2.612305 0.0 0.5126953 3.798828 0.0 0.7568359
4.772  0.0390625 0.0 -2.470703 0.8447266 0.0 -1.557617 1.391602 0.0 -0.234375 2.612305 0.0 0.5029297 3.793945 0.0 0.7519531
4.7736  0.04394531 0.0 -2.475586 0.8496094 0.0 -1.5625 1.396484 0.0 -0.2441406 2.612305 0.0 0.4980469 3.793945 0.0 0.7470703
4.7752  0.04394531 0.0 -2.485352 0.8496094 0.0 -1.572266 1.396484 0.0 -0.2539063 2.612305 0.0 0.4882813 3.793945 0.0 0.7421875
4.7768  0.04394531 0.0 -2.495117 0.8544922 0.0 -1.582031 1.401367 0.0 -0.2636719 2.612305 0.0 0.4785156 3.793945 0.0 0.7324219
4.7784  0.04882813 0.0 -2.504883 0.859375 0.0 -1.586914 1.40625 0.0 -0.2734375 2.612305 0.0 0.46875 3.793945 0.0 0.7275391
4.78  0.04882813 0.0 -2.514648 0.859375 0.0 -1.59668 1.40625 0.0 -0.2880859 2.612305 0.0 0.4589844 3.793945 0.0 0.7226563
4.7816  0.05371094 0.0 -2.524414 0.8642578 0.0 -1.606445 1.411133 0.0 -0.2978516 2.612305 0.0 0.4492188 3.793945 0.0 0.7128906
4.7832  0.05371094 0.0 -2.53418 0.8691406 0.0 -1.616211 1.416016 0.0 -0.3076172 2.612305 0.0 0.4345703 3.798828 0.0 0.703125
4.7848  0.05859375 0.0 -2.543945 0.8740234 0.0 -1.625977 1.420898 0.0 -0.3222656 2.612305 0.0 0.4248047 3.798828 0.0 0.6982422
4.7864  0.06347656 0.0 -2.553711 0.8789063 0.0 -1.635742 1.425781 0.0 -0.3369141 2.617188 0.0 0.4101563 3.798828 0.0 0.6884766
4.788  0.06347656 0.0 -2.563477 0.8837891 0.0 -1.645508 1.435547 0.0 -0.3515625 2.617188 0.0 0.4003906 3.803711 0.0 0.6787109
4.7896  0.06835938 0.0 -2.573242 0.8886719 0.0 -1.660156 1.44043 0.0 -0.3662109 2.62207 0.0 0.3857422 3.803711 0.0 0.6640625
4.7912  0.06835938 0.0 -2.583008 0.8984375 0.0 -1.669922 1.450195 0.0 -0.3808594 2.62207 0.0 0.3710938 3.808594 0.0 0.6542969
4.7928  0.07324219 0.0 -2.592773 0.9033203 0.0 -1.68457 1.455078 0.0 -0.3955078 2.626953 0.0 0.3564453 3.813477 0.0 0.6445313
4.7944  0.078125 0.0 -2.607422 0.9082031 0.0 -1.694336 1.464844 0.0 -0.4101563 2.631836 0.0 0.3417969 3.818359 0.0 0.6298828
4.796  0.078125 0.0 -2.617188 0.9179688 0.0 -1.708984 1.474609 0.0 -0.4296875 2.636719 0.0 0.3271484 3.823242 0.0 0.6152344
4.7976  0.08300781 0.0 -2.626953 0.9228516 0.0 -1.71875 1.484375 0.0 -0.4443359 2.641602 0.0 0.3125 3.828125 0.0 0.6005859
4.7992  0.08300781 0.0 -2.636719 0.9326172 0.0 -1.733398 1.499023 0.0 -0.4638672 2.646484 0.0 0.2929688 3.833008 0.0 0.5859375
4.8008  0.08789063 0.0 -2.651367 0.9423828 0.0 -1.748047 1.508789 0.0 -0.4833984 2.65625 0.0 0.2783203 3.842773 0.0 0.5712891
4.8024  0.09277344 0.0 -2.661133 0.9472656 0.0 -1.762695 1.523438 0.0 -0.5029297 2.666016 0.0 0.2587891 3.852539 0.0 0.5566406
4.804  0.09277344 0.0 -2.670898 0.9570313 0.0 -1.772461 1.538086 0.0 -0.5224609 2.670898 0.0 0.2392578 3.857422 0.0 0.5371094
4.8056  0.09765625 0.0 -2.685547 0.9667969 0.0 -1.787109 1.552734 0.0 -0.5419922 2.680664 0.0 0.2197266 3.867188 0.0 0.5175781
4.8072  0.1025391 0.0 -2.695313 0.9765625 0.0 -1.801758 1.567383 0.0 -0.5615234 2.695313 0.0 0.2001953 3.881836 0.0 0.5029297
4.8088  0.1074219 0.0 -2.709961 0.9912109 0.0 -1.816406 1.582031 0.0 -0.5859375 2.705078 0.0 0.1806641 3.891602 0.0 0.4833984
4.8104  0.1074219 0.0 -2.719727 1.000977 0.0 -1.831055 1.601563 0.0 -0.6054688 2.714844 0.0 0.15625 3.90625 0.0 0.4638672
4.812  0.1123047 0.0 -2.729492 1.010742 0.0 -1.850586 1.616211 0.0 -0.6298828 2.729492 0.0 0.1367188 3.920898 0.0 0.4394531
4.8136  0.1171875 0.0 -2.744141 1.025391 0.0 -1.865234 1.635742 0.0 -0.6542969 2.744141 0.0 0.1123047 3.935547 0.0 0.4199219
4.8152  0.1171875 0.0 -2.753906 1.035156 0.0 -1.879883 1.655273 0.0 -0.6738281 2.758789 0.0 0.08789063 3.950195 0.0 0.3955078
4.8168  0.1220703 0.0 -2.763672 1.049805 0.0 -1.894531 1.679688 0.0 -0.6982422 2.773438 0.0 0.06347656 3.964844 0.0 0.3759766
4.8184  0.1269531 0.0 -2.773438 1.064453 0.0 -1.90918 1.699219 0.0 -0.7226563 2.792969 0.0 0.0390625 3.984375 0.0 0.3515625
4.82  0.1269531 0.0 -2.788086 1.079102 0.0 -1.923828 1.723633 0.0 -0.7470703 2.807617 0.0 0.01464844 4.003906 0.0 0.3271484
4.8216  0.1318359 0.0 -2.797852 1.09375 0.0 -1.938477 1.743164 0.0 -0.7714844 2.827148 0.0 -0.009765625 4.023438 0.0 0.3027344
4.8232  0.1367188 0.0 -2.807617 1.108398 0.0 -1.958008 1.767578 0.0 -0.7958984 2.84668 0.0 -0.03417969 4.042969 0.0 0.2783203
4.8248  0.1416016 0.0 -2.817383 1.123047 0.0 -1.972656 1.791992 0.0 -0.8251953 2.866211 0.0 -0.05859375 4.0625 0.0 0.2539063
4.8264  0.1416016 0.0 -2.832031 1.137695 0.0 -1.987305 1.821289 0.0 -0.8496094 2.890625 0.0 -0.08789063 4.086914 0.0 0.2246094
4.828  0.1464844 0.0 -2.841797 1.152344 0.0 -2.001953 1.845703 0.0 -0.8740234 2.910156 0.0 -0.1123047 4.106445 0.0 0.2001953
4.8296  0.1513672 0.0 -2.851563 1.166992 0.0 -2.016602 1.870117 0.0 -0.8984375 2.93457 0.0 -0.1416016 4.130859 0.0 0.1708984
4.8312  0.1513672 0.0 -2.861328 1.186523 0.0 -2.03125 1.899414 0.0 -0.9228516 2.958984 0.0 -0.1660156 4.155273 0.0 0.1464844
4.8328  0.15625 0.0 -2.871094 1.201172 0.0 -2.050781 1.928711 0.0 -0.9472656 2.978516 0.0 -0.1953125 4.179688 0.0 0.1171875
4.8344  0.1611328 0.0 -2.880859 1.220703 0.0 -2.06543 1.953125 0.0 -0.9765625 3.00293 0.0 -0.2197266 4.204102 0.0 0.09277344
4.836  0.1611328 0.0 -2.890625 1.235352 0.0 -2.080078 1.982422 0.0 -1.000977 3.027344 0.0 -0.2490234 4.228516 0.0 0.06347656
4.8376  0.1660156 0.0 -2.900391 1.254883 0.0 -2.094727 2.011719 0.0 -1.025391 3.056641 0.0 -0.2783203 4.25293 0.0 0.03417969
4.8392  0.1708984 0.0 -2.910156 1.269531 0.0 -2.104492 2.041016 0.0 -1.049805 3.081055 0.0 -0.3027344 4.277344 0.0 0.009765625
4.8408  0.1708984 0.0 -2.919922 1.289063 0.0 -2.119141 2.070313 0.0 -1.074219 3.105469 0.0 -0.3320313 4.306641 0.0 -0.01953125
4.8424  0.1757813 0.0 -2.924805 1.303711 0.0 -2.133789 2.094727 0.0 -1.098633 3.129883 0.0 -0.3564453 4.331055 0.0 -0.04882813
4.844  0.1757813 0.0 -2.93457 1.323242 0.0 -2.148438 2.124023 0.0 -1.123047 3.154297 0.0 -0.3857422 4.355469 0.0 -0.07324219
4.8456  0.1806641 0.0 -2.944336 1.337891 0.0 -2.158203 2.15332 0.0 -1.142578 3.178711 0.0 -0.4101563 4.379883 0.0 -0.1025391
4.8472  0.1806641 0.0 -2.949219 1.352539 0.0 -2.172852 2.177734 0.0 -1.166992 3.203125 0.0 -0.4394531 4.404297 0.0 -0.1269531
4.8488  0.1855469 0.0 -2.958984 1.37207 0.0 -2.182617 2.207031 0.0 -1.191406 3.227539 0.0 -0.4638672 4.428711 0.0 -0.15625
4.8504  0.1855469 0.0 -2.963867 1.386719 0.0 -2.197266 2.231445 0.0 -1.210938 3.251953 0.0 -0.4882813 4.453125 0.0 -0.1806641
4.852  0.1904297 0.0 -2.973633 1.401367 0.0 -2.207031 2.260742 0.0 -1.235352 3.276367 0.0 -0.5175781 4.477539 0.0 -0.2050781
4.8536  0.1904297 0.0 -2.978516 1.416016 0.0 -2.216797 2.285156 0.0 -1.254883 3.300781 0.0 -0.5419922 4.501953 0.0 -0.234375
4.8552  0.1953125 0.0 -2.983398 1.430664 0.0 -2.226563 2.30957 0.0 -1.274414 3.320313 0.0 -0.5664063 4.521484 0.0 -0.2587891
4.8568  0.1953125 0.0 -2.988281 1.445313 0.0 -2.236328 2.329102 0.0 -1.293945 3.344727 0.0 -0.5859375 4.545898 0.0 -0.2783203
4.8584  0.1953125 0.0 -2.998047 1.455078 0.0 -2.246094 2.353516 0.0 -1.313477 3.364258 0.0 -0.6103516 4.56543 0.0 -0.3027344
4.86  0.2001953 0.0 -3.00293 1.469727 0.0 -2.255859 2.37793 0.0 -1.333008 3.383789 0.0 -0.6347656 4.584961 0.0 -0.3271484
4.8616  0.2001953 0.0 -3.007813 1.479492 0.0 -2.260742 2.397461 0.0 -1.352539 3.40332 0.0 -0.6542969 4.604492 0.0 -0.3466797
4.8632  0.2001953 0.0 -3.012695 1.494141 0.0 -2.270508 2.416992 0.0 -1.367188 3.417969 0.0 -0.6787109 4.619141 0.0 -0.3710938
4.8648  0.2001953 0.0 -3.012695 1.503906 0.0 -2.280273 2.436523 0.0 -1.386719 3.4375 0.0 -0.6982422 4.638672 0.0 -0.390625
4.8664  0.2050781 0.0 -3.017578 1.513672 0.0 -2.285156 2.451172 0.0 -1.401367 3.452148 0.0 -0.7177734 4.65332 0.0 -0.4101563
4.868  0.2050781 0.0 -3.022461 1.518555 0.0 -2.290039 2.470703 0.0 -1.416016 3.466797 0.0 -0.7373047 4.667969 0.0 -0.4296875
4.8696  0.2050781 0.0 -3.022461 1.52832 0.0 -2.299805 2.485352 0.0 -1.430664 3.481445 0.0 -0.7568359 4.677734 0.0 -0.4443359
4.8712  0.2050781 0.0 -3.027344 1.533203 0.0 -2.304688 2.5 0.0 -1.445313 3.491211 0.0 -0.7714844 4.692383 0.0 -0.4638672
4.8728  0.2050781 0.0 -3.032227 1.542969 0.0 -2.30957 2.509766 0.0 -1.459961 3.505859 0.0 -0.7910156 4.702148 0.0 -0.4785156
4.8744  0.2050781 0.0 -3.032227 1.547852 0.0 -2.314453 2.524414 0.0 -1.474609 3.515625 0.0 -0.8056641 4.711914 0.0 -0.4980469
4.876  0.2099609 0.0 -3.032227 1.552734 0.0 -2.319336 2.53418 0.0 -1.489258 3.525391 0.0 -0.8251953 4.72168 0.0 -0.5126953
4.8776  0.2099609 0.0 -3.037109 1.552734 0.0 -2.324219 2.543945 0.0 -1.499023 3.535156 0.0 -0.8398438 4.731445 0.0 -0.5273438
4.8792  0.2099609 0.0 -3.037109 1.557617 0.0 -2.329102 2.553711 0.0 -1.508789 3.540039 0.0 -0.8544922 4.736328 0.0 -0.5371094
4.8808  0.2099609 0.0 -3.037109 1.5625 0.0 -2.329102 2.563477 0.0 -1.523438 3.549805 0.0 -0.8642578 4.746094 0.0 -0.5517578
4.8824  0.2099609 0.0 -3.037109 1.5625 0.0 -2.333984 2.568359 0.0 -1.533203 3.554688 0.0 -0.8789063 4.750977 0.0 -0.5615234
4.884  0.2099609 0.0 -3.041992 1.5625 0.0 -2.338867 2.578125 0.0 -1.542969 3.55957 0.0 -0.8886719 4.755859 0.0 -0.5761719
4.8856  0.2099609 0.0 -3.041992 1.567383 0.0 -2.338867 2.583008 0.0 -1.552734 3.564453 0.0 -0.9033203 4.760742 0.0 -0.5859375
4.8872  0.2099609 0.0 -3.041992 1.567383 0.0 -2.338867 2.587891 0.0 -1.557617 3.569336 0.0 -0.9130859 4.765625 0.0 -0.5957031
4.8888  0.2099609 0.0 -3.041992 1.567383 0.0 -2.34375 2.592773 0.0 -1.567383 3.574219 0.0 -0.9228516 4.770508 0.0 -0.6054688
4.8904  0.2099609 0.0 -3.041992 1.567383 0.0 -2.34375 2.597656 0.0 -1.577148 3.579102 0.0 -0.9326172 4.770508 0.0 -0.6152344
4.892  0.2099609 0.0 -3.041992 1.567383 0.0 -2.34375 2.602539 0.0 -1.582031 3.579102 0.0 -0.9423828 4.775391 0.0 -0.625
4.8936  0.2099609 0.0 -3.037109 1.567383 0.0 -2.34375 2.607422 0.0 -1.586914 3.583984 0.0 -0.9521484 4.775391 0.0 -0.6347656
4.8952  0.2099609 0.0 -3.037109 1.5625 0.0 -2.34375 2.607422 0.0 -1.59668 3.583984 0.0 -0.9619141 4.780273 0.0 -0.6396484
4.8968  0.2099609 0.0 -3.037109 1.5625 0.0 -2.34375 2.612305 0.0 -1.601563 3.588867 0.0 -0.9667969 4.780273 0.0 -0.6494141
4.8984  0.2099609 0.0 -3.037109 1.5625 0.0 -2.34375 2.617188 0.0 -1.606445 3.588867 0.0 -0.9765625 4.780273 0.0 -0.6542969
4.9  0.2099609 0.0 -3.037109 1.5625 0.0 -2.34375 2.617188 0.0 -1.611328 3.588867 0.0 -0.9814453 4.785156 0.0 -0.6591797
4.9016  0.2099609 0.0 -3.032227 1.557617 0.0 -2.338867 2.62207 0.0 -1.616211 3.59375 0.0 -0.9912109 4.785156 0.0 -0.6689453
4.9032  0.2099609 0.0 -3.032227 1.557617 0.0 -2.338867 2.62207 0.0 -1.621094 3.59375 0.0 -0.9960938 4.785156 0.0 -0.6738281
4.9048  0.2099609 0.0 -3.032227 1.557617 0.0 -2.338867 2.62207 0.0 -1.625977 3.59375 0.0 -1.000977 4.785156 0.0 -0.6787109
4.9064  0.2099609 0.0 -3.027344 1.557617 0.0 -2.333984 2.626953 0.0 -1.625977 3.598633 0.0 -1.005859 4.790039 0.0 -0.6835938
4.908  0.2099609 0.0 -3.027344 1.552734 0.0 -2.333984 2.626953 0.0 -1.630859 3.598633 0.0 -1.010742 4.790039 0.0 -0.6884766
4.9096  0.2099609 0.0 -3.022461 1.552734 0.0 -2.329102 2.631836 0.0 -1.630859 3.598633 0.0 -1.020508 4.790039 0.0 -0.6982422
4.9112  0.2099609 0.0 -3.022461 1.552734 0.0 -2.329102 2.631836 0.0 -1.635742 3.603516 0.0 -1.025391 4.794922 0.0 -0.703125
4.9128  0.2099609 0.0 -3.022461 1.552734 0.0 -2.324219 2.631836 0.0 -1.635742 3.603516 0.0 -1.025391 4.794922 0.0 -0.703125
4.9144  0.2099609 0.0 -3.017578 1.552734 0.0 -2.324219 2.636719 0.0 -1.640625 3.608398 0.0 -1.030273 4.794922 0.0 -0.7080078
4.916  0.2099609 0.0 -3.012695 1.552734 0.0 -2.319336 2.636719 0.0 -1.640625 3.608398 0.0 -1.035156 4.799805 0.0 -0.7128906
4.9176  0.2099609 0.0 -3.012695 1.552734 0.0 -2.314453 2.636719 0.0 -1.640625 3.608398 0.0 -1.040039 4.799805 0.0 -0.7177734
4.9192  0.2099609 0.0 -3.007813 1.552734 0.0 -2.314453 2.641602 0.0 -1.640625 3.613281 0.0 -1.044922 4.799805 0.0 -0.7226563
4.9208  0.2099609 0.0 -3.007813 1.547852 0.0 -2.30957 2.641602 0.0 -1.640625 3.613281 0.0 -1.049805 4.804688 0.0 -0.7275391
4.9224  0.2099609 0.0 -3.00293 1.552734 0.0 -2.30957 2.641602 0.0 -1.645508 3.618164 0.0 -1.049805 4.804688 0.0 -0.7324219
4.924  0.2099609 0.0 -3.00293 1.552734 0.0 -2.304688 2.646484 0.0 -1.645508 3.618164 0.0 -1.054688 4.804688 0.0 -0.7324219
4.9256  0.2099609 0.0 -2.998047 1.552734 0.0 -2.299805 2.646484 0.0 -1.645508 3.623047 0.0 -1.054688 4.80957 0.0 -0.7373047
4.9272  0.2099609 0.0 -2.998047 1.552734 0.0 -2.294922 2.651367 0.0 -1.645508 3.623047 0.0 -1.05957 4.80957 0.0 -0.7421875
4.9288  0.2099609 0.0 -2.993164 1.552734 0.0 -2.294922 2.651367 0.0 -1.640625 3.62793 0.0 -1.064453 4.814453 0.0 -0.7421875
4.9304  0.2099609 0.0 -2.988281 1.552734 0.0 -2.290039 2.651367 0.0 -1.640625 3.62793 0.0 -1.064453 4.814453 0.0 -0.7470703
4.932  0.2099609 0.0 -2.988281 1.552734 0.0 -2.285156 2.65625 0.0 -1.640625 3.632813 0.0 -1.064453 4.819336 0.0 -0.7470703
4.9336  0.2099609 0.0 -2.983398 1.552734 0.0 -2.280273 2.65625 0.0 -1.640625 3.632813 0.0 -1.069336 4.819336 0.0 -0.7519531
4.9352  0.2148438 0.0 -2.978516 1.557617 0.0 -2.280273 2.661133 0.0 -1.640625 3.637695 0.0 -1.069336 4.819336 0.0 -0.7519531
4.9368  0.2148438 0.0 -2.978516 1.557617 0.0 -2.275391 2.661133 0.0 -1.635742 3.642578 0.0 -1.074219 4.824219 0.0 -0.7568359
4.9384  0.2148438 0.0 -2.973633 1.557617 0.0 -2.270508 2.661133 0.0 -1.635742 3.642578 0.0 -1.074219 4.824219 0.0 -0.7568359
4.94  0.2148438 0.0 -2.973633 1.557617 0.0 -2.265625 2.666016 0.0 -1.635742 3.647461 0.0 -1.074219 4.829102 0.0 -0.7617188
4.9416  0.2148438 0.0 -2.96875 1.5625 0.0 -2.265625 2.666016 0.0 -1.630859 3.647461 0.0 -1.074219 4.829102 0.0 -0.7617188
4.9432  0.2148438 0.0 -2.963867 1.5625 0.0 -2.260742 2.666016 0.0 -1.630859 3.652344 0.0 -1.074219 4.833984 0.0 -0.7666016
4.9448  0.2197266 0.0 -2.963867 1.5625 0.0 -2.255859 2.670898 0.0 -1.625977 3.652344 0.0 -1.079102 4.833984 0.0 -0.7666016
4.9464  0.2197266 0.0 -2.958984 1.5625 0.0 -2.250977 2.670898 0.0 -1.625977 3.657227 0.0 -1.079102 4.833984 0.0 -0.7666016
4.948  0.2197266 0.0 -2.954102 1.567383 0.0 -2.246094 2.670898 0.0 -1.621094 3.662109 0.0 -1.079102 4.838867 0.0 -0.7714844
4.9496  0.2197266 0.0 -2.954102 1.567383 0.0 -2.241211 2.675781 0.0 -1.621094 3.662109 0.0 -1.079102 4.838867 0.0 -0.7714844
4.9512  0.2197266 0.0 -2.949219 1.567383 0.0 -2.236328 2.675781 0.0 -1.616211 3.666992 0.0 -1.079102 4.84375 0.0 -0.7714844
4.9528  0.2197266 0.0 -2.944336 1.567383 0.0 -2.231445 2.675781 0.0 -1.611328 3.666992 0.0 -1.079102 4.84375 0.0 -0.7714844
4.9544  0.2246094 0.0 -2.944336 1.567383 0.0 -2.226563 2.680664 0.0 -1.611328 3.671875 0.0 -1.074219 4.84375 0.0 -0.7763672
4.956  0.2246094 0.0 -2.939453 1.567383 0.0 -2.22168 2.680664 0.0 -1.606445 3.671875 0.0 -1.074219 4.848633 0.0 -0.7763672
4.9576  0.2246094 0.0 -2.93457 1.572266 0.0 -2.216797 2.680664 0.0 -1.601563 3.671875 0.0 -1.074219 4.848633 0.0 -0.7763672
4.9592  0.2246094 0.0 -2.929688 1.572266 0.0 -2.211914 2.680664 0.0 -1.59668 3.676758 0.0 -1.074219 4.848633 0.0 -0.7763672
4.9608  0.2246094 0.0 -2.929688 1.572266 0.0 -2.207031 2.685547 0.0 -1.591797 3.676758 0.0 -1.069336 4.853516 0.0 -0.7763672
4.9624  0.2246094 0.0 -2.924805 1.572266 0.0 -2.202148 2.685547 0.0 -1.591797 3.681641 0.0 -1.069336 4.853516 0.0 -0.7763672
4.964  0.2246094 0.0 -2.919922 1.572266 0.0 -2.197266 2.685547 0.0 -1.586914 3.681641 0.0 -1.064453 4.853516 0.0 -0.7763672
4.9656  0.2246094 0.0 -2.915039 1.572266 0.0 -2.1875 2.685547 0.0 -1.582031 3.681641 0.0 -1.064453 4.858398 0.0 -0.7763672
4.9672  0.2246094 0.0 -2.915039 1.572266 0.0 -2.182617 2.685547 0.0 -1.577148 3.686523 0.0 -1.05957 4.858398 0.0 -0.7763672
4.9688  0.2197266 0.0 -2.910156 1.572266 0.0 -2.177734 2.69043 0.0 -1.572266 3.686523 0.0 -1.05957 4.858398 0.0 -0.7763672
4.9704  0.2197266 0.0 -2.905273 1.572266 0.0 -2.167969 2.69043 0.0 -1.5625 3.686523 0.0 -1.054688 4.858398 0.0 -0.7763672
4.972  0.2197266 0.0 -2.900391 1.572266 0.0 -2.163086 2.69043 0.0 -1.557617 3.691406 0.0 -1.049805 4.863281 0.0 -0.7763672
4.9736  0.2197266 0.0 -2.900391 1.572266 0.0 -2.158203 2.69043 0.0 -1.552734 3.691406 0.0 -1.049805 4.863281 0.0 -0.7763672
4.9752  0.2197266 0.0 -2.895508 1.572266 0.0 -2.148438 2.69043 0.0 -1.547852 3.691406 0.0 -1.044922 4.863281 0.0 -0.7763672
4.9768  0.2197266 0.0 -2.890625 1.572266 0.0 -2.143555 2.69043 0.0 -1.542969 3.691406 0.0 -1.040039 4.863281 0.0 -0.7763672
4.9784  0.2148438 0.0 -2.885742 1.572266 0.0 -2.138672 2.69043 0.0 -1.538086 3.696289 0.0 -1.035156 4.863281 0.0 -0.7763672
4.98  0.2148438 0.0 -2.885742 1.572266 0.0 -2.128906 2.69043 0.0 -1.52832 3.696289 0.0 -1.035156 4.868164 0.0 -0.7763672
4.9816  0.2148438 0.0 -2.880859 1.572266 0.0 -2.124023 2.69043 0.0 -1.523438 3.696289 0.0 -1.030273 4.868164 0.0 -0.7763672
4.9832  0.2148438 0.0 -2.875977 1.567383 0.0 -2.114258 2.69043 0.0 -1.518555 3.696289 0.0 -1.025391 4.868164 0.0 -0.7714844
4.9848  0.2099609 0.0 -2.871094 1.567383 0.0 -2.109375 2.695313 0.0 -1.513672 3.701172 0.0 -1.020508 4.868164 0.0 -0.7714844
4.9864  0.2099609 0.0 -2.866211 1.567383 0.0 -2.099609 2.695313 0.0 -1.503906 3.701172 0.0 -1.015625 4.868164 0.0 -0.7714844
4.988  0.2099609 0.0 -2.861328 1.567383 0.0 -2.094727 2.695313 0.0 -1.499023 3.701172 0.0 -1.010742 4.873047 0.0 -0.7714844
4.9896  0.2099609 0.0 -2.861328 1.567383 0.0 -2.084961 2.695313 0.0 -1.494141 3.701172 0.0 -1.005859 4.873047 0.0 -0.7714844
4.9912  0.2050781 0.0 -2.856445 1.567383 0.0 -2.080078 2.695313 0.0 -1.484375 3.706055 0.0 -1.000977 4.873047 0.0 -0.7714844
4.9928  0.2050781 0.0 -2.851563 1.567383 0.0 -2.070313 2.695313 0.0 -1.479492 3.706055 0.0 -0.9960938 4.873047 0.0 -0.7714844
4.9944  0.2050781 0.0 -2.84668 1.567383 0.0 -2.06543 2.695313 0.0 -1.474609 3.706055 0.0 -0.9912109 4.873047 0.0 -0.7666016
4.996  0.2050781 0.0 -2.841797 1.567383 0.0 -2.055664 2.695313 0.0 -1.464844 3.706055 0.0 -0.9863281 4.87793 0.0 -0.7666016
4.9976  0.2001953 0.0 -2.836914 1.5625 0.0 -2.050781 2.695313 0.0 -1.459961 3.710938 0.0 -0.9863281 4.87793 0.0 -0.7666016
4.9992  0.2001953 0.0 -2.832031 1.5625 0.0 -2.041016 2.695313 0.0 -1.450195 3.710938 0.0 -0.9814453 4.87793 0.0 -0.7666016
5.0008  0.2001953 0.0 -2.832031 1.5625 0.0 -2.036133 2.695313 0.0 -1.445313 3.710938 0.0 -0.9765625 4.87793 0.0 -0.7666016
5.0024  0.2001953 0.0 -2.827148 1.5625 0.0 -2.026367 2.695313 0.0 -1.44043 3.71582 0.0 -0.9716797 4.87793 0.0 -0.7666016
5.004  0.1953125 0.0 -2.822266 1.5625 0.0 -2.021484 2.695313 0.0 -1.430664 3.71582 0.0 -0.9667969 4.882813 0.0 -0.7666016
5.0056  0.1953125 0.0 -2.817383 1.5625 0.0 -2.016602 2.695313 0.0 -1.425781 3.71582 0.0 -0.9667969 4.882813 0.0 -0.7666016
5.0072  0.1953125 0.0 -2.8125 1.5625 0.0 -2.006836 2.695313 0.0 -1.420898 3.71582 0.0 -0.9619141 4.882813 0.0 -0.7666016
5.0088  0.1953125 0.0 -2.807617 1.5625 0.0 -2.001953 2.695313 0.0 -1.411133 3.720703 0.0 -0.9570313 4.882813 0.0 -0.7666016
5.0104  0.1904297 0.0 -2.802734 1.557617 0.0 -1.992188 2.695313 0.0 -1.40625 3.720703 0.0 -0.9521484 4.882813 0.0 -0.7666016
5.012  0.1904297 0.0 -2.797852 1.557617 0.0 -1.987305 2.695313 0.0 -1.401367 3.720703 0.0 -0.9521484 4.882813 0.0 -0.7666016
5.0136  0.1904297 0.0 -2.792969 1.557617 0.0 -1.982422 2.695313 0.0 -1.391602 3.725586 0.0 -0.9472656 4.887695 0.0 -0.7666016
5.0152  0.1855469 0.0 -2.788086 1.557617 0.0 -1.972656 2.695313 0.0 -1.386719 3.725586 0.0 -0.9423828 4.887695 0.0 -0.7666016
5.0168  0.1855469 0.0 -2.788086 1.557617 0.0 -1.967773 2.695313 0.0 -1.381836 3.725586 0.0 -0.9423828 4.887695 0.0 -0.7666016
5.0184  0.1855469 0.0 -2.783203 1.557617 0.0 -1.962891 2.695313 0.0 -1.376953 3.730469 0.0 -0.9375 4.887695 0.0 -0.7666016
5.02  0.1806641 0.0 -2.77832 1.557617 0.0 -1.953125 2.695313 0.0 -1.367188 3.730469 0.0 -0.9375 4.887695 0.0 -0.7666016
5.0216  0.1806641 0.0 -2.773438 1.557617 0.0 -1.948242 2.695313 0.0 -1.362305 3.730469 0.0 -0.9326172 4.892578 0.0 -0.7714844
5.0232  0.1806641 0.0 -2.768555 1.552734 0.0 -1.943359 2.695313 0.0 -1.357422 3.735352 0.0 -0.9277344 4.892578 0.0 -0.7714844
5.0248  0.1757813 0.0 -2.763672 1.552734 0.0 -1.933594 2.695313 0.0 -1.352539 3.735352 0.0 -0.9277344 4.892578 0.0 -0.7714844
5.0264  0.1757813 0.0 -2.758789 1.552734 0.0 -1.928711 2.695313 0.0 -1.342773 3.740234 0.0 -0.9228516 4.892578 0.0 -0.7714844
5.028  0.1757813 0.0 -2.753906 1.552734 0.0 -1.923828 2.695313 0.0 -1.337891 3.740234 0.0 -0.9228516 4.892578 0.0 -0.7714844
5.0296  0.1708984 0.0 -2.749023 1.552734 0.0 -1.918945 2.695313 0.0 -1.333008 3.740234 0.0 -0.9179688 4.897461 0.0 -0.7714844
5.0312  0.1708984 0.0 -2.744141 1.552734 0.0 -1.914063 2.695313 0.0 -1.328125 3.745117 0.0 -0.9179688 4.897461 0.0 -0.7714844
5.0328  0.1708984 0.0 -2.744141 1.552734 0.0 -1.904297 2.695313 0.0 -1.323242 3.745117 0.0 -0.9130859 4.897461 0.0 -0.7763672
5.0344  0.1660156 0.0 -2.739258 1.552734 0.0 -1.899414 2.695313 0.0 -1.318359 3.75 0.0 -0.9130859 4.902344 0.0 -0.7763672
5.036  0.1660156 0.0 -2.734375 1.552734 0.0 -1.894531 2.695313 0.0 -1.308594 3.75 0.0 -0.9082031 4.902344 0.0 -0.7763672
5.0376  0.1660156 0.0 -2.729492 1.552734 0.0 -1.889648 2.695313 0.0 -1.303711 3.754883 0.0 -0.9082031 4.902344 0.0 -0.7763672
5.0392  0.1611328 0.0 -2.724609 1.552734 0.0 -1.884766 2.700195 0.0 -1.298828 3.754883 0.0 -0.9033203 4.902344 0.0 -0.7763672
5.0408  0.1611328 0.0 -2.719727 1.552734 0.0 -1.875 2.700195 0.0 -1.293945 3.759766 0.0 -0.9033203 4.907227 0.0 -0.78125
5.0424  0.15625 0.0 -2.714844 1.552734 0.0 -1.870117 2.700195 0.0 -1.289063 3.759766 0.0 -0.8984375 4.907227 0.0 -0.78125
5.044  0.15625 0.0 -2.709961 1.552734 0.0 -1.865234 2.700195 0.0 -1.28418 3.764648 0.0 -0.8984375 4.907227 0.0 -0.78125
5.0456  0.15625 0.0 -2.705078 1.552734 0.0 -1.860352 2.700195 0.0 -1.279297 3.764648 0.0 -0.8935547 4.912109 0.0 -0.78125
5.0472  0.1513672 0.0 -2.700195 1.557617 0.0 -1.855469 2.700195 0.0 -1.274414 3.769531 0.0 -0.8935547 4.912109 0.0 -0.7861328
5.0488  0.1513672 0.0 -2.695313 1.557617 0.0 -1.850586 2.705078 0.0 -1.269531 3.774414 0.0 -0.8886719 4.916992 0.0 -0.7861328
5.0504  0.1464844 0.0 -2.69043 1.557617 0.0 -1.845703 2.705078 0.0 -1.264648 3.774414 0.0 -0.8837891 4.916992 0.0 -0.7861328
5.052  0.1464844 0.0 -2.685547 1.557617 0.0 -1.84082 2.705078 0.0 -1.264648 3.779297 0.0 -0.8837891 4.916992 0.0 -0.7861328
5.0536  0.1416016 0.0 -2.680664 1.557617 0.0 -1.831055 2.705078 0.0 -1.259766 3.779297 0.0 -0.8789063 4.921875 0.0 -0.7861328
5.0552  0.1416016 0.0 -2.675781 1.557617 0.0 -1.826172 2.705078 0.0 -1.254883 3.78418 0.0 -0.8789063 4.921875 0.0 -0.7910156
5.0568  0.1416016 0.0 -2.670898 1.557617 0.0 -1.821289 2.705078 0.0 -1.25 3.78418 0.0 -0.8740234 4.921875 0.0 -0.7910156
5.0584  0.1367188 0.0 -2.661133 1.557617 0.0 -1.816406 2.709961 0.0 -1.245117 3.789063 0.0 -0.8740234 4.926758 0.0 -0.7910156
5.06  0.1318359 0.0 -2.65625 1.557617 0.0 -1.811523 2.709961 0.0 -1.240234 3.789063 0.0 -0.8691406 4.926758 0.0 -0.7910156
5.0616  0.1318359 0.0 -2.651367 1.557617 0.0 -1.806641 2.709961 0.0 -1.240234 3.793945 0.0 -0.8691406 4.931641 0.0 -0.7958984
5.0632  0.1269531 0.0 -2.646484 1.5625 0.0 -1.801758 2.709961 0.0 -1.235352 3.793945 0.0 -0.8642578 4.931641 0.0 -0.7958984
5.0648  0.1269531 0.0 -2.641602 1.5625 0.0 -1.796875 2.709961 0.0 -1.230469 3.798828 0.0 -0.8642578 4.931641 0.0 -0.7958984
5.0664  0.1220703 0.0 -2.636719 1.5625 0.0 -1.791992 2.709961 0.0 -1.225586 3.798828 0.0 -0.859375 4.936523 0.0 -0.8007813
5.068  0.1220703 0.0 -2.631836 1.5625 0.0 -1.787109 2.714844 0.0 -1.225586 3.803711 0.0 -0.859375 4.936523 0.0 -0.8007813
5.0696  0.1171875 0.0 -2.62207 1.5625 0.0 -1.782227 2.714844 0.0 -1.220703 3.803711 0.0 -0.859375 4.941406 0.0 -0.8007813
5.0712  0.1123047 0.0 -2.617188 1.5625 0.0 -1.782227 2.714844 0.0 -1.21582 3.803711 0.0 -0.8544922 4.941406 0.0 -0.8056641
5.0728  0.1123047 0.0 -2.612305 1.5625 0.0 -1.777344 2.714844 0.0 -1.21582 3.808594 0.0 -0.8544922 4.941406 0.0 -0.8056641
5.0744  0.1074219 0.0 -2.607422 1.5625 0.0 -1.772461 2.714844 0.0 -1.210938 3.808594 0.0 -0.8544922 4.946289 0.0 -0.8056641
5.076  0.1074219 0.0 -2.602539 1.5625 0.0 -1.767578 2.719727 0.0 -1.210938 3.813477 0.0 -0.8544922 4.946289 0.0 -0.8105469
5.0776  0.1025391 0.0 -2.597656 1.5625 0.0 -1.762695 2.719727 0.0 -1.206055 3.813477 0.0 -0.8544922 4.951172 0.0 -0.8105469
5.0792  0.1025391 0.0 -2.592773 1.5625 0.0 -1.762695 2.719727 0.0 -1.206055 3.813477 0.0 -0.8544922 4.951172 0.0 -0.8154297
5.0808  0.09765625 0.0 -2.583008 1.5625 0.0 -1.757813 2.719727 0.0 -1.201172 3.818359 0.0 -0.8544922 4.956055 0.0 -0.8154297
5.0824  0.09277344 0.0 -2.578125 1.5625 0.0 -1.75293 2.719727 0.0 -1.201172 3.818359 0.0 -0.8544922 4.956055 0.0 -0.8203125
5.084  0.09277344 0.0 -2.573242 1.567383 0.0 -1.75293 2.724609 0.0 -1.196289 3.823242 0.0 -0.8544922 4.956055 0.0 -0.8203125
5.0856  0.08789063 0.0 -2.568359 1.567383 0.0 -1.748047 2.724609 0.0 -1.196289 3.823242 0.0 -0.8544922 4.960938 0.0 -0.8251953
5.0872  0.08789063 0.0 -2.563477 1.567383 0.0 -1.748047 2.724609 0.0 -1.196289 3.823242 0.0 -0.8544922 4.960938 0.0 -0.8251953
5.0888  0.08300781 0.0 -2.558594 1.567383 0.0 -1.743164 2.729492 0.0 -1.191406 3.828125 0.0 -0.8544922 4.96582 0.0 -0.8300781
5.0904  0.08300781 0.0 -2.553711 1.567383 0.0 -1.743164 2.729492 0.0 -1.191406 3.828125 0.0 -0.8544922 4.96582 0.0 -0.8300781
5.092  0.078125 0.0 -2.548828 1.567383 0.0 -1.738281 2.729492 0.0 -1.191406 3.833008 0.0 -0.8544922 4.970703 0.0 -0.8349609
5.0936  0.078125 0.0 -2.543945 1.572266 0.0 -1.738281 2.734375 0.0 -1.186523 3.833008 0.0 -0.859375 4.970703 0.0 -0.8349609
5.0952  0.078125 0.0 -2.539063 1.572266 0.0 -1.733398 2.734375 0.0 -1.186523 3.837891 0.0 -0.859375 4.975586 0.0 -0.8398438
5.0968  0.07324219 0.0 -2.53418 1.572266 0.0 -1.733398 2.734375 0.0 -1.186523 3.837891 0.0 -0.859375 4.975586 0.0 -0.8447266
5.0984  0.07324219 0.0 -2.529297 1.572266 0.0 -1.728516 2.739258 0.0 -1.181641 3.842773 0.0 -0.859375 4.980469 0.0 -0.8447266
5.1  0.06835938 0.0 -2.524414 1.577148 0.0 -1.728516 2.739258 0.0 -1.181641 3.842773 0.0 -0.8642578 4.980469 0.0 -0.8496094
5.1016  0.06835938 0.0 -2.519531 1.577148 0.0 -1.728516 2.744141 0.0 -1.181641 3.847656 0.0 -0.8642578 4.985352 0.0 -0.8496094
5.1032  0.06835938 0.0 -2.514648 1.577148 0.0 -1.723633 2.744141 0.0 -1.181641 3.847656 0.0 -0.8642578 4.985352 0.0 -0.8544922
5.1048  0.06347656 0.0 -2.504883 1.577148 0.0 -1.723633 2.744141 0.0 -1.176758 3.852539 0.0 -0.8691406 4.990234 0.0 -0.859375
5.1064  0.06347656 0.0 -2.5 1.582031 0.0 -1.71875 2.749023 0.0 -1.176758 3.852539 0.0 -0.8691406 4.995117 0.0 -0.859375
5.108  0.06347656 0.0 -2.495117 1.582031 0.0 -1.71875 2.749023 0.0 -1.176758 3.857422 0.0 -0.8691406 4.995117 0.0 -0.8642578
5.1096  0.05859375 0.0 -2.490234 1.582031 0.0 -1.713867 2.753906 0.0 -1.176758 3.857422 0.0 -0.8740234 5.0 0.0 -0.8642578
5.1112  0.05859375 0.0 -2.485352 1.586914 0.0 -1.713867 2.753906 0.0 -1.176758 3.862305 0.0 -0.8740234 5.0 0.0 -0.8691406
5.1128  0.05859375 0.0 -2.480469 1.586914 0.0 -1.713867 2.758789 0.0 -1.171875 3.867188 0.0 -0.8740234 5.004883 0.0 -0.8691406
5.1144  0.05371094 0.0 -2.475586 1.586914 0.0 -1.708984 2.758789 0.0 -1.171875 3.867188 0.0 -0.8740234 5.004883 0.0 -0.8740234
5.116  0.05371094 0.0 -2.46582 1.591797 0.0 -1.708984 2.763672 0.0 -1.171875 3.87207 0.0 -0.8740234 5.009766 0.0 -0.8740234
5.1176  0.05371094 0.0 -2.460938 1.591797 0.0 -1.704102 2.763672 0.0 -1.171875 3.876953 0.0 -0.8740234 5.009766 0.0 -0.8789063
5.1192  0.04882813 0.0 -2.456055 1.591797 0.0 -1.699219 2.768555 0.0 -1.171875 3.876953 0.0 -0.8740234 5.014648 0.0 -0.8789063
5.1208  0.04882813 0.0 -2.446289 1.591797 0.0 -1.699219 2.768555 0.0 -1.171875 3.881836 0.0 -0.8740234 5.019531 0.0 -0.8837891
5.1224  0.04882813 0.0 -2.441406 1.59668 0.0 -1.694336 2.768555 0.0 -1.166992 3.881836 0.0 -0.8740234 5.019531 0.0 -0.8837891
5.124  0.04394531 0.0 -2.436523 1.59668 0.0 -1.694336 2.773438 0.0 -1.166992 3.886719 0.0 -0.8740234 5.024414 0.0 -0.8837891
5.1256  0.04394531 0.0 -2.426758 1.59668 0.0 -1.689453 2.773438 0.0 -1.166992 3.891602 0.0 -0.8740234 5.024414 0.0 -0.8886719
5.1272  0.0390625 0.0 -2.421875 1.59668 0.0 -1.68457 2.77832 0.0 -1.166992 3.891602 0.0 -0.8740234 5.024414 0.0 -0.8886719
5.1288  0.0390625 0.0 -2.416992 1.59668 0.0 -1.68457 2.77832 0.0 -1.166992 3.896484 0.0 -0.8740234 5.029297 0.0 -0.8886719
5.1304  0.0390625 0.0 -2.407227 1.601563 0.0 -1.679688 2.77832 0.0 -1.166992 3.896484 0.0 -0.8740234 5.029297 0.0 -0.8886719
5.132  0.03417969 0.0 -2.402344 1.601563 0.0 -1.674805 2.783203 0.0 -1.166992 3.901367 0.0 -0.8740234 5.03418 0.0 -0.8935547
5.1336  0.03417969 0.0 -2.392578 1.601563 0.0 -1.674805 2.783203 0.0 -1.166992 3.901367 0.0 -0.8740234 5.03418 0.0 -0.8935547
5.1352  0.02929688 0.0 -2.387695 1.601563 0.0 -1.669922 2.783203 0.0 -1.166992 3.90625 0.0 -0.8740234 5.03418 0.0 -0.8935547
5.1368  0.02929688 0.0 -2.37793 1.601563 0.0 -1.665039 2.783203 0.0 -1.162109 3.90625 0.0 -0.8691406 5.039063 0.0 -0.8935547
5.1384  0.02441406 0.0 -2.373047 1.601563 0.0 -1.660156 2.788086 0.0 -1.162109 3.90625 0.0 -0.8691406 5.039063 0.0 -0.8935547
5.14  0.02441406 0.0 -2.363281 1.601563 0.0 -1.660156 2.788086 0.0 -1.162109 3.911133 0.0 -0.8691406 5.039063 0.0 -0.8935547
5.1416  0.01953125 0.0 -2.358398 1.601563 0.0 -1.655273 2.788086 0.0 -1.162109 3.911133 0.0 -0.8691406 5.043945 0.0 -0.8984375
5.1432  0.01953125 0.0 -2.348633 1.601563 0.0 -1.650391 2.788086 0.0 -1.162109 3.911133 0.0 -0.8691406 5.043945 0.0 -0.8984375
5.1448  0.01464844 0.0 -2.338867 1.601563 0.0 -1.645508 2.792969 0.0 -1.162109 3.916016 0.0 -0.8642578 5.043945 0.0 -0.8984375
5.1464  0.01464844 0.0 -2.333984 1.601563 0.0 -1.645508 2.792969 0.0 -1.162109 3.916016 0.0 -0.8642578 5.048828 0.0 -0.8984375
5.148  0.009765625 0.0 -2.324219 1.601563 0.0 -1.640625 2.792969 0.0 -1.162109 3.916016 0.0 -0.8642578 5.048828 0.0 -0.8984375
5.1496  0.009765625 0.0 -2.319336 1.601563 0.0 -1.635742 2.792969 0.0 -1.162109 3.916016 0.0 -0.8642578 5.048828 0.0 -0.8984375
5.1512  0.004882813 0.0 -2.30957 1.601563 0.0 -1.630859 2.797852 0.0 -1.162109 3.920898 0.0 -0.8642578 5.048828 0.0 -0.8984375
5.1528  0.004882813 0.0 -2.304688 1.601563 0.0 -1.630859 2.797852 0.0 -1.162109 3.920898 0.0 -0.8642578 5.053711 0.0 -0.8984375
5.1544  0.0 0.0 -2.294922 1.601563 0.0 -1.625977 2.797852 0.0 -1.162109 3.920898 0.0 -0.859375 5.053711 0.0 -0.8984375
5.156  0.0 0.0 -2.290039 1.601563 0.0 -1.621094 2.797852 0.0 -1.162109 3.920898 0.0 -0.859375 5.053711 0.0 -0.8984375
5.1576  -0.004882813 0.0 -2.280273 1.601563 0.0 -1.621094 2.797852 0.0 -1.162109 3.920898 0.0 -0.859375 5.053711 0.0 -0.8984375
5.1592  -0.004882813 0.0 -2.270508 1.601563 0.0 -1.616211 2.797852 0.0 -1.162109 3.925781 0.0 -0.859375 5.058594 0.0 -0.8935547
5.1608  -0.009765625 0.0 -2.265625 1.601563 0.0 -1.611328 2.802734 0.0 -1.162109 3.925781 0.0 -0.859375 5.058594 0.0 -0.8935547
5.1624  -0.009765625 0.0 -2.255859 1.601563 0.0 -1.611328 2.802734 0.0 -1.162109 3.925781 0.0 -0.859375 5.058594 0.0 -0.8935547
5.164  -0.01464844 0.0 -2.250977 1.601563 0.0 -1.606445 2.802734 0.0 -1.162109 3.925781 0.0 -0.859375 5.058594 0.0 -0.8935547
5.1656  -0.01464844 0.0 -2.246094 1.601563 0.0 -1.601563 2.802734 0.0 -1.157227 3.925781 0.0 -0.859375 5.058594 0.0 -0.8935547
5.1672  -0.01464844 0.0 -2.236328 1.601563 0.0 -1.601563 2.802734 0.0 -1.157227 3.925781 0.0 -0.859375 5.063477 0.0 -0.8935547
5.1688  -0.01953125 0.0 -2.231445 1.601563 0.0 -1.59668 2.802734 0.0 -1.157227 3.930664 0.0 -0.859375 5.063477 0.0 -0.8935547
5.1704  -0.01953125 0.0 -2.22168 1.601563 0.0 -1.59668 2.807617 0.0 -1.157227 3.930664 0.0 -0.859375 5.063477 0.0 -0.8935547
5.172  -0.02441406 0.0 -2.216797 1.601563 0.0 -1.591797 2.807617 0.0 -1.157227 3.930664 0.0 -0.859375 5.063477 0.0 -0.8935547
5.1736  -0.02441406 0.0 -2.211914 1.606445 0.0 -1.586914 2.807617 0.0 -1.157227 3.930664 0.0 -0.859375 5.063477 0.0 -0.8935547
5.1752  -0.02929688 0.0 -2.202148 1.606445 0.0 -1.586914 2.807617 0.0 -1.157227 3.930664 0.0 -0.859375 5.068359 0.0 -0.8935547
5.1768  -0.02929688 0.0 -2.197266 1.606445 0.0 -1.582031 2.807617 0.0 -1.157227 3.935547 0.0 -0.859375 5.068359 0.0 -0.8935547
5.1784  -0.02929688 0.0 -2.192383 1.606445 0.0 -1.582031 2.807617 0.0 -1.157227 3.935547 0.0 -0.859375 5.068359 0.0 -0.8886719
5.18  -0.03417969 0.0 -2.1875 1.606445 0.0 -1.582031 2.8125 0.0 -1.157227 3.935547 0.0 -0.859375 5.068359 0.0 -0.8886719
5.1816  -0.03417969 0.0 -2.182617 1.606445 0.0 -1.577148 2.8125 0.0 -1.157227 3.935547 0.0 -0.8642578 5.073242 0.0 -0.8935547
5.1832  -0.03417969 0.0 -2.172852 1.606445 0.0 -1.577148 2.8125 0.0 -1.157227 3.935547 0.0 -0.8642578 5.073242 0.0 -0.8935547
5.1848  -0.0390625 0.0 -2.167969 1.606445 0.0 -1.572266 2.8125 0.0 -1.157227 3.94043 0.0 -0.8642578 5.073242 0.0 -0.8935547
5.1864  -0.0390625 0.0 -2.163086 1.606445 0.0 -1.572266 2.8125 0.0 -1.157227 3.94043 0.0 -0.8642578 5.073242 0.0 -0.8935547
5.188  -0.0390625 0.0 -2.158203 1.606445 0.0 -1.572266 2.8125 0.0 -1.157227 3.94043 0.0 -0.8642578 5.078125 0.0 -0.8935547
5.1896  -0.04394531 0.0 -2.15332 1.611328 0.0 -1.567383 2.8125 0.0 -1.157227 3.94043 0.0 -0.8691406 5.078125 0.0 -0.8935547
5.1912  -0.04394531 0.0 -2.148438 1.611328 0.0 -1.567383 2.8125 0.0 -1.162109 3.945313 0.0 -0.8691406 5.078125 0.0 -0.8935547
5.1928  -0.04394531 0.0 -2.143555 1.611328 0.0 -1.567383 2.817383 0.0 -1.162109 3.945313 0.0 -0.8691406 5.078125 0.0 -0.8935547
5.1944  -0.04882813 0.0 -2.138672 1.611328 0.0 -1.567383 2.817383 0.0 -1.162109 3.945313 0.0 -0.8691406 5.078125 0.0 -0.8935547
5.196  -0.04882813 0.0 -2.133789 1.611328 0.0 -1.5625 2.817383 0.0 -1.162109 3.945313 0.0 -0.8740234 5.083008 0.0 -0.8935547
5.1976  -0.04882813 0.0 -2.128906 1.611328 0.0 -1.5625 2.817383 0.0 -1.162109 3.950195 0.0 -0.8740234 5.083008 0.0 -0.8935547
5.1992  -0.04882813 0.0 -2.124023 1.611328 0.0 -1.5625 2.817383 0.0 -1.166992 3.950195 0.0 -0.8740234 5.083008 0.0 -0.8935547
5.2008  -0.04882813 0.0 -2.119141 1.611328 0.0 -1.5625 2.817383 0.0 -1.166992 3.950195 0.0 -0.8789063 5.083008 0.0 -0.8984375
5.2024  -0.05371094 0.0 -2.114258 1.616211 0.0 -1.5625 2.817383 0.0 -1.166992 3.950195 0.0 -0.8789063 5.083008 0.0 -0.8984375
5.204  -0.05371094 0.0 -2.114258 1.616211 0.0 -1.5625 2.822266 0.0 -1.166992 3.950195 0.0 -0.8789063 5.087891 0.0 -0.8984375
5.2056  -0.05371094 0.0 -2.109375 1.616211 0.0 -1.557617 2.822266 0.0 -1.171875 3.955078 0.0 -0.8837891 5.087891 0.0 -0.8984375
5.2072  -0.05371094 0.0 -2.104492 1.616211 0.0 -1.557617 2.822266 0.0 -1.171875 3.955078 0.0 -0.8837891 5.087891 0.0 -0.8984375
5.2088  -0.05371094 0.0 -2.099609 1.616211 0.0 -1.557617 2.822266 0.0 -1.171875 3.955078 0.0 -0.8837891 5.087891 0.0 -0.8984375
5.2104  -0.05371094 0.0 -2.094727 1.616211 0.0 -1.557617 2.822266 0.0 -1.176758 3.955078 0.0 -0.8886719 5.087891 0.0 -0.8984375
5.212  -0.05859375 0.0 -2.089844 1.621094 0.0 -1.557617 2.822266 0.0 -1.176758 3.955078 0.0 -0.8886719 5.092773 0.0 -0.8984375
5.2136  -0.05859375 0.0 -2.089844 1.621094 0.0 -1.557617 2.827148 0.0 -1.181641 3.959961 0.0 -0.8886719 5.092773 0.0 -0.8984375
5.2152  -0.05859375 0.0 -2.084961 1.621094 0.0 -1.557617 2.827148 0.0 -1.181641 3.959961 0.0 -0.8935547 5.092773 0.0 -0.9033203
5.2168  -0.05859375 0.0 -2.080078 1.621094 0.0 -1.557617 2.827148 0.0 -1.186523 3.959961 0.0 -0.8935547 5.092773 0.0 -0.9033203
5.2184  -0.05859375 0.0 -2.075195 1.621094 0.0 -1.557617 2.827148 0.0 -1.186523 3.959961 0.0 -0.8935547 5.097656 0.0 -0.9033203
5.22  -0.05859375 0.0 -2.075195 1.621094 0.0 -1.557617 2.832031 0.0 -1.191406 3.959961 0.0 -0.8984375 5.097656 0.0 -0.9033203
5.2216  -0.05859375 0.0 -2.070313 1.625977 0.0 -1.557617 2.832031 0.0 -1.196289 3.959961 0.0 -0.8984375 5.097656 0.0 -0.9033203
5.2232  -0.05859375 0.0 -2.070313 1.625977 0.0 -1.557617 2.832031 0.0 -1.196289 3.964844 0.0 -0.8984375 5.097656 0.0 -0.9033203
5.2248  -0.05859375 0.0 -2.06543 1.625977 0.0 -1.5625 2.832031 0.0 -1.201172 3.964844 0.0 -0.9033203 5.102539 0.0 -0.9082031
5.2264  -0.05859375 0.0 -2.060547 1.625977 0.0 -1.5625 2.836914 0.0 -1.206055 3.964844 0.0 -0.9033203 5.102539 0.0 -0.9082031
5.228  -0.05859375 0.0 -2.060547 1.630859 0.0 -1.5625 2.836914 0.0 -1.210938 3.964844 0.0 -0.9082031 5.102539 0.0 -0.9082031
5.2296  -0.05859375 0.0 -2.060547 1.630859 0.0 -1.5625 2.836914 0.0 -1.21582 3.964844 0.0 -0.9082031 5.107422 0.0 -0.9130859
5.2312  -0.05859375 0.0 -2.055664 1.630859 0.0 -1.567383 2.836914 0.0 -1.21582 3.964844 0.0 -0.9130859 5.107422 0.0 -0.9130859
5.2328  -0.05859375 0.0 -2.055664 1.630859 0.0 -1.567383 2.841797 0.0 -1.220703 3.969727 0.0 -0.9179688 5.107422 0.0 -0.9130859
5.2344  -0.05859375 0.0 -2.050781 1.635742 0.0 -1.567383 2.841797 0.0 -1.225586 3.969727 0.0 -0.9179688 5.107422 0.0 -0.9179688
5.236  -0.05859375 0.0 -2.050781 1.635742 0.0 -1.572266 2.841797 0.0 -1.230469 3.969727 0.0 -0.9228516 5.112305 0.0 -0.9179688
5.2376  -0.05859375 0.0 -2.050781 1.635742 0.0 -1.572266 2.84668 0.0 -1.240234 3.969727 0.0 -0.9277344 5.112305 0.0 -0.9228516
5.2392  -0.05859375 0.0 -2.050781 1.635742 0.0 -1.577148 2.84668 0.0 -1.245117 3.969727 0.0 -0.9326172 5.117188 0.0 -0.9277344
5.2408  -0.05859375 0.0 -2.045898 1.640625 0.0 -1.582031 2.851563 0.0 -1.25 3.969727 0.0 -0.9326172 5.117188 0.0 -0.9277344
5.2424  -0.05859375 0.0 -2.045898 1.640625 0.0 -1.582031 2.851563 0.0 -1.254883 3.969727 0.0 -0.9375 5.117188 0.0 -0.9326172
5.244  -0.05859375 0.0 -2.045898 1.640625 0.0 -1.586914 2.851563 0.0 -1.259766 3.974609 0.0 -0.9423828 5.12207 0.0 -0.9375
5.2456  -0.05859375 0.0 -2.045898 1.645508 0.0 -1.591797 2.856445 0.0 -1.269531 3.974609 0.0 -0.9521484 5.12207 0.0 -0.9423828
5.2472  -0.05859375 0.0 -2.045898 1.645508 0.0 -1.59668 2.856445 0.0 -1.274414 3.974609 0.0 -0.9570313 5.12207 0.0 -0.9472656
5.2488  -0.05859375 0.0 -2.045898 1.650391 0.0 -1.601563 2.861328 0.0 -1.279297 3.974609 0.0 -0.9619141 5.126953 0.0 -0.9472656
5.2504  -0.05859375 0.0 -2.045898 1.650391 0.0 -1.601563 2.861328 0.0 -1.289063 3.974609 0.0 -0.9667969 5.126953 0.0 -0.9521484
5.252  -0.05371094 0.0 -2.045898 1.650391 0.0 -1.606445 2.866211 0.0 -1.293945 3.974609 0.0 -0.9716797 5.131836 0.0 -0.9570313
5.2536  -0.05371094 0.0 -2.050781 1.655273 0.0 -1.616211 2.866211 0.0 -1.303711 3.979492 0.0 -0.9814453 5.131836 0.0 -0.9619141
5.2552  -0.05371094 0.0 -2.050781 1.655273 0.0 -1.621094 2.871094 0.0 -1.308594 3.979492 0.0 -0.9863281 5.131836 0.0 -0.9667969
5.2568  -0.05371094 0.0 -2.050781 1.660156 0.0 -1.625977 2.871094 0.0 -1.318359 3.979492 0.0 -0.9960938 5.136719 0.0 -0.9765625
5.2584  -0.05371094 0.0 -2.055664 1.660156 0.0 -1.630859 2.875977 0.0 -1.323242 3.979492 0.0 -1.000977 5.136719 0.0 -0.9814453
5.26  -0.04882813 0.0 -2.055664 1.660156 0.0 -1.635742 2.875977 0.0 -1.333008 3.979492 0.0 -1.010742 5.141602 0.0 -0.9863281
5.2616  -0.04882813 0.0 -2.060547 1.665039 0.0 -1.645508 2.880859 0.0 -1.342773 3.984375 0.0 -1.015625 5.141602 0.0 -0.9912109
5.2632  -0.04882813 0.0 -2.060547 1.665039 0.0 -1.650391 2.880859 0.0 -1.347656 3.984375 0.0 -1.025391 5.146484 0.0 -0.9960938
5.2648  -0.04394531 0.0 -2.06543 1.669922 0.0 -1.655273 2.885742 0.0 -1.357422 3.984375 0.0 -1.035156 5.146484 0.0 -1.000977
5.2664  -0.04394531 0.0 -2.070313 1.669922 0.0 -1.665039 2.885742 0.0 -1.367188 3.989258 0.0 -1.040039 5.151367 0.0 -1.005859
5.268  -0.04394531 0.0 -2.075195 1.674805 0.0 -1.669922 2.890625 0.0 -1.37207 3.989258 0.0 -1.049805 5.151367 0.0 -1.015625
5.2696  -0.0390625 0.0 -2.075195 1.674805 0.0 -1.679688 2.890625 0.0 -1.381836 3.989258 0.0 -1.05957 5.151367 0.0 -1.020508
5.2712  -0.0390625 0.0 -2.080078 1.679688 0.0 -1.68457 2.895508 0.0 -1.391602 3.994141 0.0 -1.064453 5.15625 0.0 -1.025391
5.2728  -0.03417969 0.0 -2.084961 1.679688 0.0 -1.694336 2.895508 0.0 -1.401367 3.994141 0.0 -1.074219 5.15625 0.0 -1.030273
5.2744  -0.03417969 0.0 -2.094727 1.68457 0.0 -1.704102 2.900391 0.0 -1.411133 3.994141 0.0 -1.083984 5.161133 0.0 -1.035156
5.276  -0.03417969 0.0 -2.099609 1.689453 0.0 -1.708984 2.900391 0.0 -1.420898 3.994141 0.0 -1.088867 5.161133 0.0 -1.044922
5.2776  -0.02929688 0.0 -2.104492 1.689453 0.0 -1.71875 2.905273 0.0 -1.425781 3.999023 0.0 -1.098633 5.161133 0.0 -1.049805
5.2792  -0.02929688 0.0 -2.109375 1.694336 0.0 -1.728516 2.905273 0.0 -1.435547 3.999023 0.0 -1.108398 5.166016 0.0 -1.054688
5.2808  -0.02441406 0.0 -2.119141 1.694336 0.0 -1.738281 2.910156 0.0 -1.445313 3.999023 0.0 -1.113281 5.166016 0.0 -1.05957
5.2824  -0.02441406 0.0 -2.124023 1.699219 0.0 -1.743164 2.910156 0.0 -1.455078 4.003906 0.0 -1.123047 5.170898 0.0 -1.064453
5.284  -0.01953125 0.0 -2.133789 1.699219 0.0 -1.75293 2.915039 0.0 -1.464844 4.003906 0.0 -1.12793 5.170898 0.0 -1.069336
5.2856  -0.01953125 0.0 -2.143555 1.704102 0.0 -1.762695 2.915039 0.0 -1.474609 4.003906 0.0 -1.137695 5.170898 0.0 -1.074219
5.2872  -0.01464844 0.0 -2.148438 1.704102 0.0 -1.772461 2.919922 0.0 -1.484375 4.008789 0.0 -1.142578 5.170898 0.0 -1.079102
5.2888  -0.009765625 0.0 -2.158203 1.704102 0.0 -1.782227 2.919922 0.0 -1.494141 4.008789 0.0 -1.152344 5.175781 0.0 -1.083984
5.2904  -0.009765625 0.0 -2.167969 1.708984 0.0 -1.791992 2.924805 0.0 -1.503906 4.008789 0.0 -1.157227 5.175781 0.0 -1.088867
5.292  -0.004882813 0.0 -2.177734 1.708984 0.0 -1.801758 2.924805 0.0 -1.513672 4.008789 0.0 -1.162109 5.175781 0.0 -1.09375
5.2936  -0.004882813 0.0 -2.1875 1.713867 0.0 -1.811523 2.929688 0.0 -1.523438 4.008789 0.0 -1.171875 5.180664 0.0 -1.09375
5.2952  0.0 0.0 -2.197266 1.713867 0.0 -1.821289 2.929688 0.0 -1.533203 4.008789 0.0 -1.176758 5.180664 0.0 -1.098633
5.2968  0.004882813 0.0 -2.207031 1.71875 0.0 -1.831055 2.929688 0.0 -1.542969 4.013672 0.0 -1.181641 5.180664 0.0 -1.103516
5.2984  0.004882813 0.0 -2.216797 1.71875 0.0 -1.84082 2.93457 0.0 -1.552734 4.013672 0.0 -1.186523 5.180664 0.0 -1.103516
5.3  0.009765625 0.0 -2.231445 1.71875 0.0 -1.850586 2.93457 0.0 -1.5625 4.013672 0.0 -1.191406 5.180664 0.0 -1.108398
5.3016  0.01464844 0.0 -2.241211 1.723633 0.0 -1.860352 2.93457 0.0 -1.567383 4.013672 0.0 -1.196289 5.180664 0.0 -1.108398
5.3032  0.01464844 0.0 -2.255859 1.723633 0.0 -1.870117 2.939453 0.0 -1.577148 4.013672 0.0 -1.201172 5.180664 0.0 -1.113281
5.3048  0.01953125 0.0 -2.265625 1.723633 0.0 -1.879883 2.939453 0.0 -1.586914 4.013672 0.0 -1.206055 5.180664 0.0 -1.113281
5.3064  0.02441406 0.0 -2.280273 1.728516 0.0 -1.889648 2.939453 0.0 -1.59668 4.008789 0.0 -1.210938 5.180664 0.0 -1.118164
5.308  0.02441406 0.0 -2.290039 1.728516 0.0 -1.899414 2.944336 0.0 -1.606445 4.008789 0.0 -1.21582 5.180664 0.0 -1.118164
5.3096  0.02929688 0.0 -2.304688 1.728516 0.0 -1.90918 2.944336 0.0 -1.611328 4.008789 0.0 -1.220703 5.180664 0.0 -1.118164
5.3112  0.03417969 0.0 -2.314453 1.728516 0.0 -1.918945 2.944336 0.0 -1.621094 4.008789 0.0 -1.225586 5.180664 0.0 -1.118164
5.3128  0.0390625 0.0 -2.329102 1.733398 0.0 -1.928711 2.944336 0.0 -1.630859 4.008789 0.0 -1.225586 5.180664 0.0 -1.118164
5.3144  0.0390625 0.0 -2.34375 1.733398 0.0 -1.938477 2.944336 0.0 -1.635742 4.003906 0.0 -1.230469 5.180664 0.0 -1.123047
5.316  0.04394531 0.0 -2.358398 1.733398 0.0 -1.948242 2.944336 0.0 -1.645508 4.003906 0.0 -1.235352 5.175781 0.0 -1.123047
5.3176  0.04882813 0.0 -2.368164 1.733398 0.0 -1.958008 2.944336 0.0 -1.650391 4.003906 0.0 -1.235352 5.175781 0.0 -1.123047
5.3192  0.04882813 0.0 -2.382813 1.733398 0.0 -1.967773 2.944336 0.0 -1.660156 3.999023 0.0 -1.240234 5.175781 0.0 -1.123047
5.3208  0.05371094 0.0 -2.397461 1.733398 0.0 -1.977539 2.944336 0.0 -1.665039 3.999023 0.0 -1.245117 5.170898 0.0 -1.123047
5.3224  0.05859375 0.0 -2.412109 1.733398 0.0 -1.987305 2.944336 0.0 -1.674805 3.994141 0.0 -1.25 5.170898 0.0 -1.118164
5.324  0.05859375 0.0 -2.421875 1.733398 0.0 -1.99707 2.944336 0.0 -1.679688 3.989258 0.0 -1.25 5.166016 0.0 -1.118164
5.3256  0.06347656 0.0 -2.436523 1.728516 0.0 -2.001953 2.944336 0.0 -1.689453 3.989258 0.0 -1.254883 5.161133 0.0 -1.118164
5.3272  0.06347656 0.0 -2.451172 1.728516 0.0 -2.011719 2.944336 0.0 -1.694336 3.984375 0.0 -1.259766 5.161133 0.0 -1.118164
5.3288  0.06835938 0.0 -2.46582 1.728516 0.0 -2.021484 2.939453 0.0 -1.699219 3.979492 0.0 -1.259766 5.15625 0.0 -1.118164
5.3304  0.07324219 0.0 -2.480469 1.728516 0.0 -2.03125 2.939453 0.0 -1.708984 3.979492 0.0 -1.264648 5.151367 0.0 -1.118164
5.332  0.07324219 0.0 -2.490234 1.723633 0.0 -2.041016 2.939453 0.0 -1.713867 3.974609 0.0 -1.269531 5.146484 0.0 -1.118164
5.3336  0.078125 0.0 -2.504883 1.723633 0.0 -2.045898 2.93457 0.0 -1.71875 3.969727 0.0 -1.274414 5.146484 0.0 -1.118164
5.3352  0.078125 0.0 -2.519531 1.723633 0.0 -2.055664 2.93457 0.0 -1.728516 3.964844 0.0 -1.279297 5.141602 0.0 -1.118164
5.3368  0.08300781 0.0 -2.53418 1.71875 0.0 -2.06543 2.929688 0.0 -1.733398 3.959961 0.0 -1.28418 5.136719 0.0 -1.118164
5.3384  0.08300781 0.0 -2.543945 1.71875 0.0 -2.075195 2.929688 0.0 -1.738281 3.955078 0.0 -1.28418 5.131836 0.0 -1.113281
5.34  0.08789063 0.0 -2.558594 1.713867 0.0 -2.080078 2.924805 0.0 -1.748047 3.950195 0.0 -1.289063 5.126953 0.0 -1.113281
5.3416  0.08789063 0.0 -2.573242 1.708984 0.0 -2.089844 2.924805 0.0 -1.75293 3.945313 0.0 -1.293945 5.12207 0.0 -1.113281
5.3432  0.09277344 0.0 -2.583008 1.708984 0.0 -2.099609 2.919922 0.0 -1.757813 3.94043 0.0 -1.298828 5.117188 0.0 -1.113281
5.3448  0.09277344 0.0 -2.597656 1.704102 0.0 -2.109375 2.919922 0.0 -1.767578 3.935547 0.0 -1.303711 5.112305 0.0 -1.118164
5.3464  0.09765625 0.0 -2.612305 1.704102 0.0 -2.114258 2.915039 0.0 -1.772461 3.930664 0.0 -1.308594 5.107422 0.0 -1.118164
5.348  0.09765625 0.0 -2.62207 1.699219 0.0 -2.124023 2.910156 0.0 -1.777344 3.925781 0.0 -1.313477 5.102539 0.0 -1.118164
5.3496  0.1025391 0.0 -2.636719 1.694336 0.0 -2.128906 2.910156 0.0 -1.782227 3.920898 0.0 -1.323242 5.097656 0.0 -1.118164
5.3512  0.1025391 0.0 -2.646484 1.694336 0.0 -2.138672 2.905273 0.0 -1.787109 3.916016 0.0 -1.328125 5.092773 0.0 -1.118164
5.3528  0.1025391 0.0 -2.65625 1.689453 0.0 -2.148438 2.905273 0.0 -1.796875 3.911133 0.0 -1.333008 5.087891 0.0 -1.118164
5.3544  0.1074219 0.0 -2.670898 1.689453 0.0 -2.15332 2.900391 0.0 -1.801758 3.90625 0.0 -1.337891 5.083008 0.0 -1.118164
5.356  0.1074219 0.0 -2.680664 1.68457 0.0 -2.163086 2.895508 0.0 -1.806641 3.901367 0.0 -1.342773 5.078125 0.0 -1.123047
5.3576  0.1123047 0.0 -2.69043 1.679688 0.0 -2.167969 2.895508 0.0 -1.811523 3.896484 0.0 -1.347656 5.073242 0.0 -1.123047
5.3592  0.1123047 0.0 -2.700195 1.679688 0.0 -2.177734 2.890625 0.0 -1.816406 3.891602 0.0 -1.352539 5.068359 0.0 -1.123047
5.3608  0.1123047 0.0 -2.714844 1.674805 0.0 -2.182617 2.890625 0.0 -1.821289 3.891602 0.0 -1.357422 5.068359 0.0 -1.123047
5.3624  0.1171875 0.0 -2.724609 1.674805 0.0 -2.192383 2.885742 0.0 -1.831055 3.886719 0.0 -1.357422 5.063477 0.0 -1.123047
5.364  0.1171875 0.0 -2.734375 1.669922 0.0 -2.197266 2.885742 0.0 -1.835938 3.881836 0.0 -1.362305 5.058594 0.0 -1.12793
5.3656  0.1171875 0.0 -2.744141 1.669922 0.0 -2.202148 2.880859 0.0 -1.84082 3.876953 0.0 -1.367188 5.053711 0.0 -1.12793
5.3672  0.1220703 0.0 -2.749023 1.665039 0.0 -2.211914 2.880859 0.0 -1.845703 3.87207 0.0 -1.37207 5.048828 0.0 -1.12793
5.3688  0.1220703 0.0 -2.758789 1.665039 0.0 -2.216797 2.880859 0.0 -1.850586 3.87207 0.0 -1.376953 5.048828 0.0 -1.12793
5.3704  0.1269531 0.0 -2.768555 1.665039 0.0 -2.22168 2.875977 0.0 -1.850586 3.867188 0.0 -1.376953 5.043945 0.0 -1.12793
5.372  0.1269531 0.0 -2.77832 1.660156 0.0 -2.226563 2.875977 0.0 -1.855469 3.867188 0.0 -1.381836 5.043945 0.0 -1.12793
5.3736  0.1269531 0.0 -2.783203 1.660156 0.0 -2.231445 2.875977 0.0 -1.860352 3.862305 0.0 -1.381836 5.039063 0.0 -1.132813
5.3752  0.1318359 0.0 -2.792969 1.660156 0.0 -2.236328 2.871094 0.0 -1.865234 3.862305 0.0 -1.386719 5.039063 0.0 -1.132813
5.3768  0.1318359 0.0 -2.797852 1.660156 0.0 -2.241211 2.871094 0.0 -1.870117 3.857422 0.0 -1.386719 5.03418 0.0 -1.132813
5.3784  0.1318359 0.0 -2.807617 1.660156 0.0 -2.246094 2.871094 0.0 -1.870117 3.857422 0.0 -1.391602 5.03418 0.0 -1.132813
5.38  0.1367188 0.0 -2.8125 1.655273 0.0 -2.250977 2.871094 0.0 -1.875 3.852539 0.0 -1.391602 5.029297 0.0 -1.132813
5.3816  0.1367188 0.0 -2.822266 1.655273 0.0 -2.255859 2.866211 0.0 -1.879883 3.852539 0.0 -1.391602 5.029297 0.0 -1.132813
5.3832  0.1367188 0.0 -2.827148 1.655273 0.0 -2.255859 2.866211 0.0 -1.879883 3.852539 0.0 -1.391602 5.024414 0.0 -1.132813
5.3848  0.1416016 0.0 -2.832031 1.655273 0.0 -2.260742 2.866211 0.0 -1.884766 3.852539 0.0 -1.391602 5.024414 0.0 -1.12793
5.3864  0.1416016 0.0 -2.836914 1.655273 0.0 -2.265625 2.866211 0.0 -1.884766 3.847656 0.0 -1.391602 5.024414 0.0 -1.12793
5.388  0.1464844 0.0 -2.84668 1.655273 0.0 -2.265625 2.866211 0.0 -1.889648 3.847656 0.0 -1.391602 5.024414 0.0 -1.12793
5.3896  0.1464844 0.0 -2.851563 1.655273 0.0 -2.270508 2.861328 0.0 -1.889648 3.847656 0.0 -1.391602 5.019531 0.0 -1.12793
5.3912  0.1464844 0.0 -2.856445 1.650391 0.0 -2.270508 2.861328 0.0 -1.889648 3.847656 0.0 -1.391602 5.019531 0.0 -1.12793
5.3928  0.1464844 0.0 -2.861328 1.650391 0.0 -2.275391 2.861328 0.0 -1.894531 3.847656 0.0 -1.391602 5.019531 0.0 -1.12793
5.3944  0.1513672 0.0 -2.866211 1.650391 0.0 -2.275391 2.861328 0.0 -1.894531 3.842773 0.0 -1.391602 5.019531 0.0 -1.12793
5.396  0.1513672 0.0 -2.871094 1.650391 0.0 -2.280273 2.861328 0.0 -1.894531 3.842773 0.0 -1.391602 5.019531 0.0 -1.12793
5.3976  0.1513672 0.0 -2.871094 1.650391 0.0 -2.280273 2.861328 0.0 -1.894531 3.842773 0.0 -1.391602 5.014648 0.0 -1.123047
5.3992  0.15625 0.0 -2.875977 1.650391 0.0 -2.285156 2.856445 0.0 -1.899414 3.842773 0.0 -1.391602 5.014648 0.0 -1.123047
5.4008  0.15625 0.0 -2.880859 1.650391 0.0 -2.285156 2.856445 0.0 -1.899414 3.842773 0.0 -1.391602 5.014648 0.0 -1.123047
5.4024  0.15625 0.0 -2.885742 1.650391 0.0 -2.285156 2.856445 0.0 -1.899414 3.842773 0.0 -1.386719 5.014648 0.0 -1.123047
5.404  0.15625 0.0 -2.890625 1.650391 0.0 -2.290039 2.856445 0.0 -1.899414 3.842773 0.0 -1.386719 5.014648 0.0 -1.123047
5.4056  0.1611328 0.0 -2.890625 1.650391 0.0 -2.290039 2.856445 0.0 -1.899414 3.842773 0.0 -1.386719 5.014648 0.0 -1.123047
5.4072  0.1611328 0.0 -2.895508 1.650391 0.0 -2.290039 2.856445 0.0 -1.899414 3.842773 0.0 -1.386719 5.014648 0.0 -1.118164
5.4088  0.1611328 0.0 -2.900391 1.650391 0.0 -2.294922 2.851563 0.0 -1.899414 3.842773 0.0 -1.386719 5.009766 0.0 -1.118164
5.4104  0.1611328 0.0 -2.900391 1.650391 0.0 -2.294922 2.851563 0.0 -1.899414 3.842773 0.0 -1.381836 5.009766 0.0 -1.118164
5.412  0.1611328 0.0 -2.905273 1.650391 0.0 -2.294922 2.851563 0.0 -1.899414 3.842773 0.0 -1.381836 5.009766 0.0 -1.118164
5.4136  0.1660156 0.0 -2.905273 1.645508 0.0 -2.294922 2.851563 0.0 -1.899414 3.842773 0.0 -1.381836 5.009766 0.0 -1.118164
5.4152  0.1660156 0.0 -2.910156 1.645508 0.0 -2.299805 2.851563 0.0 -1.894531 3.842773 0.0 -1.381836 5.009766 0.0 -1.118164
5.4168  0.1660156 0.0 -2.910156 1.645508 0.0 -2.299805 2.84668 0.0 -1.894531 3.842773 0.0 -1.381836 5.009766 0.0 -1.118164
5.4184  0.1660156 0.0 -2.915039 1.645508 0.0 -2.299805 2.84668 0.0 -1.894531 3.842773 0.0 -1.381836 5.009766 0.0 -1.118164
5.42  0.1660156 0.0 -2.915039 1.645508 0.0 -2.299805 2.84668 0.0 -1.894531 3.842773 0.0 -1.376953 5.009766 0.0 -1.113281
5.4216  0.1660156 0.0 -2.919922 1.645508 0.0 -2.299805 2.84668 0.0 -1.894531 3.842773 0.0 -1.376953 5.009766 0.0 -1.113281
5.4232  0.1708984 0.0 -2.919922 1.645508 0.0 -2.304688 2.84668 0.0 -1.894531 3.842773 0.0 -1.376953 5.009766 0.0 -1.113281
5.4248  0.1708984 0.0 -2.919922 1.645508 0.0 -2.304688 2.841797 0.0 -1.889648 3.842773 0.0 -1.376953 5.009766 0.0 -1.113281
5.4264  0.1708984 0.0 -2.924805 1.645508 0.0 -2.304688 2.841797 0.0 -1.889648 3.842773 0.0 -1.376953 5.009766 0.0 -1.113281
5.428  0.1708984 0.0 -2.924805 1.645508 0.0 -2.304688 2.841797 0.0 -1.889648 3.842773 0.0 -1.376953 5.004883 0.0 -1.113281
5.4296  0.1708984 0.0 -2.924805 1.645508 0.0 -2.304688 2.841797 0.0 -1.889648 3.842773 0.0 -1.37207 5.004883 0.0 -1.113281
5.4312  0.1708984 0.0 -2.924805 1.640625 0.0 -2.304688 2.841797 0.0 -1.884766 3.842773 0.0 -1.37207 5.004883 0.0 -1.108398
5.4328  0.1708984 0.0 -2.924805 1.640625 0.0 -2.304688 2.836914 0.0 -1.884766 3.842773 0.0 -1.37207 5.004883 0.0 -1.108398
5.4344  0.1708984 0.0 -2.924805 1.640625 0.0 -2.304688 2.836914 0.0 -1.884766 3.842773 0.0 -1.37207 5.004883 0.0 -1.108398
5.436  0.1757813 0.0 -2.929688 1.640625 0.0 -2.304688 2.836914 0.0 -1.879883 3.842773 0.0 -1.37207 5.004883 0.0 -1.108398
5.4376  0.1757813 0.0 -2.929688 1.640625 0.0 -2.304688 2.836914 0.0 -1.879883 3.842773 0.0 -1.37207 5.004883 0.0 -1.108398
5.4392  0.1757813 0.0 -2.929688 1.640625 0.0 -2.304688 2.836914 0.0 -1.879883 3.842773 0.0 -1.367188 5.004883 0.0 -1.103516
5.4408  0.1757813 0.0 -2.929688 1.640625 0.0 -2.304688 2.836914 0.0 -1.875 3.842773 0.0 -1.367188 5.004883 0.0 -1.103516
5.4424  0.1757813 0.0 -2.929688 1.640625 0.0 -2.304688 2.832031 0.0 -1.875 3.842773 0.0 -1.367188 5.004883 0.0 -1.103516
5.444  0.1757813 0.0 -2.929688 1.640625 0.0 -2.304688 2.832031 0.0 -1.875 3.842773 0.0 -1.367188 5.004883 0.0 -1.103516
5.4456  0.1757813 0.0 -2.929688 1.635742 0.0 -2.304688 2.832031 0.0 -1.870117 3.837891 0.0 -1.362305 5.004883 0.0 -1.098633
5.4472  0.1757813 0.0 -2.924805 1.635742 0.0 -2.304688 2.832031 0.0 -1.870117 3.837891 0.0 -1.362305 5.004883 0.0 -1.098633
5.4488  0.1757813 0.0 -2.924805 1.635742 0.0 -2.304688 2.832031 0.0 -1.865234 3.837891 0.0 -1.362305 5.004883 0.0 -1.098633
5.4504  0.1757813 0.0 -2.924805 1.635742 0.0 -2.304688 2.832031 0.0 -1.865234 3.837891 0.0 -1.357422 5.004883 0.0 -1.09375
5.452  0.1757813 0.0 -2.924805 1.635742 0.0 -2.304688 2.832031 0.0 -1.865234 3.837891 0.0 -1.357422 5.004883 0.0 -1.09375
5.4536  0.1757813 0.0 -2.924805 1.635742 0.0 -2.299805 2.827148 0.0 -1.860352 3.837891 0.0 -1.357422 5.004883 0.0 -1.09375
5.4552  0.1757813 0.0 -2.924805 1.635742 0.0 -2.299805 2.827148 0.0 -1.860352 3.837891 0.0 -1.352539 5.004883 0.0 -1.088867
5.4568  0.1757813 0.0 -2.919922 1.635742 0.0 -2.299805 2.827148 0.0 -1.855469 3.837891 0.0 -1.352539 5.004883 0.0 -1.088867
5.4584  0.1757813 0.0 -2.919922 1.635742 0.0 -2.299805 2.827148 0.0 -1.855469 3.837891 0.0 -1.347656 5.004883 0.0 -1.088867
5.46  0.1757813 0.0 -2.919922 1.635742 0.0 -2.299805 2.827148 0.0 -1.850586 3.837891 0.0 -1.347656 5.004883 0.0 -1.083984
5.4616  0.1757813 0.0 -2.919922 1.635742 0.0 -2.294922 2.827148 0.0 -1.850586 3.837891 0.0 -1.347656 5.004883 0.0 -1.083984
5.4632  0.1806641 0.0 -2.915039 1.635742 0.0 -2.294922 2.827148 0.0 -1.850586 3.837891 0.0 -1.342773 5.004883 0.0 -1.083984
5.4648  0.1806641 0.0 -2.915039 1.635742 0.0 -2.294922 2.827148 0.0 -1.845703 3.837891 0.0 -1.342773 5.004883 0.0 -1.079102
5.4664  0.1806641 0.0 -2.915039 1.635742 0.0 -2.290039 2.827148 0.0 -1.845703 3.837891 0.0 -1.337891 5.004883 0.0 -1.079102
5.468  0.1806641 0.0 -2.910156 1.635742 0.0 -2.290039 2.827148 0.0 -1.84082 3.837891 0.0 -1.337891 5.004883 0.0 -1.079102
5.4696  0.1806641 0.0 -2.910156 1.630859 0.0 -2.290039 2.827148 0.0 -1.84082 3.837891 0.0 -1.333008 5.004883 0.0 -1.074219
5.4712  0.1806641 0.0 -2.910156 1.630859 0.0 -2.290039 2.827148 0.0 -1.835938 3.837891 0.0 -1.333008 5.004883 0.0 -1.074219
5.4728  0.1806641 0.0 -2.905273 1.630859 0.0 -2.285156 2.827148 0.0 -1.835938 3.837891 0.0 -1.328125 5.009766 0.0 -1.074219
5.4744  0.1806641 0.0 -2.905273 1.630859 0.0 -2.285156 2.827148 0.0 -1.831055 3.837891 0.0 -1.328125 5.009766 0.0 -1.069336
5.476  0.1806641 0.0 -2.905273 1.630859 0.0 -2.280273 2.822266 0.0 -1.831055 3.842773 0.0 -1.328125 5.009766 0.0 -1.069336
5.4776  0.1806641 0.0 -2.900391 1.630859 0.0 -2.280273 2.822266 0.0 -1.826172 3.842773 0.0 -1.323242 5.009766 0.0 -1.069336
5.4792  0.1806641 0.0 -2.900391 1.630859 0.0 -2.280273 2.822266 0.0 -1.821289 3.842773 0.0 -1.323242 5.009766 0.0 -1.064453
5.4808  0.1806641 0.0 -2.895508 1.630859 0.0 -2.275391 2.822266 0.0 -1.821289 3.842773 0.0 -1.318359 5.009766 0.0 -1.064453
5.4824  0.1806641 0.0 -2.895508 1.630859 0.0 -2.275391 2.822266 0.0 -1.816406 3.842773 0.0 -1.318359 5.009766 0.0 -1.064453
5.484  0.1757813 0.0 -2.895508 1.630859 0.0 -2.270508 2.822266 0.0 -1.816406 3.842773 0.0 -1.313477 5.009766 0.0 -1.05957
5.4856  0.1757813 0.0 -2.890625 1.630859 0.0 -2.270508 2.822266 0.0 -1.811523 3.842773 0.0 -1.313477 5.009766 0.0 -1.05957
5.4872  0.1757813 0.0 -2.890625 1.630859 0.0 -2.265625 2.822266 0.0 -1.806641 3.842773 0.0 -1.308594 5.009766 0.0 -1.05957
5.4888  0.1757813 0.0 -2.885742 1.625977 0.0 -2.265625 2.822266 0.0 -1.806641 3.842773 0.0 -1.308594 5.014648 0.0 -1.054688
5.4904  0.1757813 0.0 -2.885742 1.625977 0.0 -2.265625 2.817383 0.0 -1.801758 3.842773 0.0 -1.308594 5.014648 0.0 -1.054688
5.492  0.1757813 0.0 -2.885742 1.625977 0.0 -2.260742 2.817383 0.0 -1.796875 3.842773 0.0 -1.303711 5.014648 0.0 -1.049805
5.4936  0.1757813 0.0 -2.880859 1.625977 0.0 -2.255859 2.817383 0.0 -1.791992 3.842773 0.0 -1.303711 5.014648 0.0 -1.049805
5.4952  0.1757813 0.0 -2.880859 1.625977 0.0 -2.255859 2.817383 0.0 -1.787109 3.842773 0.0 -1.298828 5.014648 0.0 -1.044922
5.4968  0.1708984 0.0 -2.875977 1.625977 0.0 -2.250977 2.817383 0.0 -1.782227 3.842773 0.0 -1.293945 5.014648 0.0 -1.044922
5.4984  0.1708984 0.0 -2.875977 1.621094 0.0 -2.250977 2.8125 0.0 -1.777344 3.842773 0.0 -1.293945 5.014648 0.0 -1.040039
5.5  0.1708984 0.0 -2.871094 1.621094 0.0 -2.246094 2.8125 0.0 -1.772461 3.842773 0.0 -1.289063 5.014648 0.0 -1.040039
5.5016  0.1708984 0.0 -2.871094 1.621094 0.0 -2.241211 2.8125 0.0 -1.767578 3.842773 0.0 -1.28418 5.014648 0.0 -1.035156
5.5032  0.1708984 0.0 -2.866211 1.621094 0.0 -2.241211 2.807617 0.0 -1.762695 3.842773 0.0 -1.28418 5.014648 0.0 -1.030273
5.5048  0.1708984 0.0 -2.861328 1.621094 0.0 -2.236328 2.807617 0.0 -1.757813 3.842773 0.0 -1.279297 5.014648 0.0 -1.030273
5.5064  0.1708984 0.0 -2.861328 1.616211 0.0 -2.231445 2.802734 0.0 -1.75293 3.842773 0.0 -1.274414 5.014648 0.0 -1.025391
5.508  0.1660156 0.0 -2.856445 1.616211 0.0 -2.231445 2.802734 0.0 -1.748047 3.842773 0.0 -1.269531 5.014648 0.0 -1.020508
5.5096  0.1660156 0.0 -2.856445 1.616211 0.0 -2.226563 2.802734 0.0 -1.738281 3.842773 0.0 -1.264648 5.014648 0.0 -1.015625
5.5112  0.1660156 0.0 -2.851563 1.616211 0.0 -2.22168 2.797852 0.0 -1.733398 3.842773 0.0 -1.254883 5.014648 0.0 -1.010742
5.5128  0.1660156 0.0 -2.84668 1.611328 0.0 -2.216797 2.797852 0.0 -1.723633 3.837891 0.0 -1.25 5.014648 0.0 -1.005859
5.5144  0.1660156 0.0 -2.84668 1.611328 0.0 -2.211914 2.792969 0.0 -1.71875 3.837891 0.0 -1.245117 5.009766 0.0 -0.9960938
5.516  0.1660156 0.0 -2.841797 1.611328 0.0 -2.207031 2.788086 0.0 -1.708984 3.837891 0.0 -1.235352 5.009766 0.0 -0.9912109
5.5176  0.1611328 0.0 -2.836914 1.606445 0.0 -2.202148 2.788086 0.0 -1.704102 3.837891 0.0 -1.230469 5.009766 0.0 -0.9863281
5.5192  0.1611328 0.0 -2.832031 1.606445 0.0 -2.197266 2.783203 0.0 -1.694336 3.837891 0.0 -1.220703 5.009766 0.0 -0.9765625
5.5208  0.1611328 0.0 -2.832031 1.606445 0.0 -2.192383 2.783203 0.0 -1.68457 3.837891 0.0 -1.21582 5.009766 0.0 -0.9716797
5.5224  0.1611328 0.0 -2.827148 1.606445 0.0 -2.1875 2.77832 0.0 -1.674805 3.833008 0.0 -1.206055 5.009766 0.0 -0.9619141
5.524  0.1611328 0.0 -2.822266 1.601563 0.0 -2.182617 2.773438 0.0 -1.665039 3.833008 0.0 -1.196289 5.004883 0.0 -0.9521484
5.5256  0.1611328 0.0 -2.817383 1.601563 0.0 -2.177734 2.773438 0.0 -1.655273 3.833008 0.0 -1.186523 5.004883 0.0 -0.9472656
5.5272  0.15625 0.0 -2.8125 1.59668 0.0 -2.172852 2.768555 0.0 -1.645508 3.833008 0.0 -1.176758 5.004883 0.0 -0.9375
5.5288  0.15625 0.0 -2.807617 1.59668 0.0 -2.163086 2.763672 0.0 -1.635742 3.833008 0.0 -1.162109 5.004883 0.0 -0.9277344
5.5304  0.15625 0.0 -2.807617 1.59668 0.0 -2.158203 2.758789 0.0 -1.625977 3.828125 0.0 -1.152344 5.004883 0.0 -0.9179688
5.532  0.15625 0.0 -2.802734 1.591797 0.0 -2.15332 2.753906 0.0 -1.616211 3.828125 0.0 -1.142578 5.0 0.0 -0.9082031
5.5336  0.15625 0.0 -2.797852 1.591797 0.0 -2.143555 2.753906 0.0 -1.601563 3.828125 0.0 -1.12793 5.0 0.0 -0.8984375
5.5352  0.15625 0.0 -2.792969 1.591797 0.0 -2.138672 2.749023 0.0 -1.591797 3.828125 0.0 -1.118164 5.0 0.0 -0.8837891
5.5368  0.15625 0.0 -2.788086 1.586914 0.0 -2.128906 2.744141 0.0 -1.577148 3.823242 0.0 -1.103516 4.995117 0.0 -0.8740234
5.5384  0.15625 0.0 -2.783203 1.586914 0.0 -2.124023 2.739258 0.0 -1.567383 3.823242 0.0 -1.088867 4.995117 0.0 -0.859375
5.54  0.1513672 0.0 -2.77832 1.582031 0.0 -2.114258 2.734375 0.0 -1.552734 3.823242 0.0 -1.074219 4.995117 0.0 -0.8496094
5.5416  0.1513672 0.0 -2.773438 1.582031 0.0 -2.109375 2.729492 0.0 -1.538086 3.818359 0.0 -1.05957 4.990234 0.0 -0.8349609
5.5432  0.1513672 0.0 -2.768555 1.582031 0.0 -2.099609 2.724609 0.0 -1.52832 3.818359 0.0 -1.044922 4.990234 0.0 -0.8251953
5.5448  0.1513672 0.0 -2.763672 1.577148 0.0 -2.094727 2.719727 0.0 -1.513672 3.818359 0.0 -1.030273 4.990234 0.0 -0.8105469
5.5464  0.1513672 0.0 -2.758789 1.577148 0.0 -2.084961 2.714844 0.0 -1.499023 3.813477 0.0 -1.015625 4.985352 0.0 -0.7958984
5.548  0.1513672 0.0 -2.753906 1.572266 0.0 -2.075195 2.709961 0.0 -1.484375 3.813477 0.0 -1.000977 4.985352 0.0 -0.78125
5.5496  0.1513672 0.0 -2.749023 1.572266 0.0 -2.06543 2.705078 0.0 -1.469727 3.808594 0.0 -0.9814453 4.980469 0.0 -0.7666016
5.5512  0.1513672 0.0 -2.744141 1.567383 0.0 -2.060547 2.700195 0.0 -1.455078 3.808594 0.0 -0.9667969 4.980469 0.0 -0.7519531
5.5528  0.1513672 0.0 -2.739258 1.567383 0.0 -2.050781 2.69043 0.0 -1.44043 3.803711 0.0 -0.9472656 4.975586 0.0 -0.7324219
5.5544  0.1513672 0.0 -2.734375 1.5625 0.0 -2.041016 2.685547 0.0 -1.420898 3.803711 0.0 -0.9326172 4.975586 0.0 -0.7177734
5.556  0.1513672 0.0 -2.729492 1.5625 0.0 -2.03125 2.680664 0.0 -1.40625 3.798828 0.0 -0.9130859 4.970703 0.0 -0.703125
5.5576  0.1513672 0.0 -2.724609 1.557617 0.0 -2.021484 2.675781 0.0 -1.391602 3.798828 0.0 -0.8984375 4.96582 0.0 -0.6835938
5.5592  0.1464844 0.0 -2.719727 1.557617 0.0 -2.016602 2.666016 0.0 -1.376953 3.793945 0.0 -0.8789063 4.96582 0.0 -0.6689453
5.5608  0.1464844 0.0 -2.714844 1.552734 0.0 -2.006836 2.661133 0.0 -1.357422 3.793945 0.0 -0.859375 4.960938 0.0 -0.6494141
5.5624  0.1464844 0.0 -2.709961 1.552734 0.0 -1.99707 2.65625 0.0 -1.342773 3.789063 0.0 -0.8398438 4.956055 0.0 -0.6347656
5.564  0.1464844 0.0 -2.705078 1.547852 0.0 -1.987305 2.646484 0.0 -1.328125 3.78418 0.0 -0.8203125 4.956055 0.0 -0.6152344
5.5656  0.1464844 0.0 -2.700195 1.547852 0.0 -1.977539 2.641602 0.0 -1.308594 3.78418 0.0 -0.8056641 4.951172 0.0 -0.5957031
5.5672  0.1464844 0.0 -2.695313 1.542969 0.0 -1.967773 2.631836 0.0 -1.293945 3.779297 0.0 -0.7861328 4.946289 0.0 -0.5761719
5.5688  0.1464844 0.0 -2.69043 1.538086 0.0 -1.958008 2.62207 0.0 -1.274414 3.774414 0.0 -0.7666016 4.941406 0.0 -0.5566406
5.5704  0.1464844 0.0 -2.685547 1.538086 0.0 -1.953125 2.617188 0.0 -1.259766 3.769531 0.0 -0.7470703 4.936523 0.0 -0.5371094
5.572  0.1464844 0.0 -2.680664 1.533203 0.0 -1.943359 2.607422 0.0 -1.240234 3.764648 0.0 -0.7275391 4.931641 0.0 -0.5175781
5.5736  0.1464844 0.0 -2.675781 1.52832 0.0 -1.933594 2.597656 0.0 -1.225586 3.759766 0.0 -0.7080078 4.921875 0.0 -0.4980469
5.5752  0.1464844 0.0 -2.675781 1.52832 0.0 -1.923828 2.587891 0.0 -1.206055 3.754883 0.0 -0.6884766 4.916992 0.0 -0.4785156
5.5768  0.1464844 0.0 -2.670898 1.523438 0.0 -1.918945 2.578125 0.0 -1.191406 3.75 0.0 -0.6689453 4.912109 0.0 -0.4589844
5.5784  0.1464844 0.0 -2.666016 1.518555 0.0 -1.90918 2.568359 0.0 -1.176758 3.745117 0.0 -0.6494141 4.902344 0.0 -0.4394531
5.58  0.1464844 0.0 -2.661133 1.513672 0.0 -1.899414 2.558594 0.0 -1.157227 3.735352 0.0 -0.625 4.897461 0.0 -0.4199219
5.5816  0.1416016 0.0 -2.65625 1.508789 0.0 -1.894531 2.548828 0.0 -1.142578 3.730469 0.0 -0.6054688 4.887695 0.0 -0.3955078
5.5832  0.1416016 0.0 -2.651367 1.503906 0.0 -1.884766 2.539063 0.0 -1.123047 3.720703 0.0 -0.5859375 4.882813 0.0 -0.3759766
5.5848  0.1416016 0.0 -2.651367 1.499023 0.0 -1.879883 2.529297 0.0 -1.108398 3.71582 0.0 -0.5664063 4.873047 0.0 -0.3564453
5.5864  0.1416016 0.0 -2.646484 1.494141 0.0 -1.870117 2.514648 0.0 -1.088867 3.706055 0.0 -0.546875 4.863281 0.0 -0.3320313
5.588  0.1416016 0.0 -2.641602 1.489258 0.0 -1.860352 2.504883 0.0 -1.074219 3.696289 0.0 -0.5273438 4.853516 0.0 -0.3125
5.5896  0.1416016 0.0 -2.636719 1.484375 0.0 -1.855469 2.490234 0.0 -1.05957 3.686523 0.0 -0.5078125 4.84375 0.0 -0.2929688
5.5912  0.1367188 0.0 -2.631836 1.474609 0.0 -1.850586 2.480469 0.0 -1.040039 3.681641 0.0 -0.4882813 4.833984 0.0 -0.2685547
5.5928  0.1367188 0.0 -2.631836 1.469727 0.0 -1.84082 2.46582 0.0 -1.025391 3.666992 0.0 -0.46875 4.819336 0.0 -0.2490234
5.5944  0.1367188 0.0 -2.626953 1.464844 0.0 -1.835938 2.456055 0.0 -1.010742 3.657227 0.0 -0.4541016 4.80957 0.0 -0.2246094
5.596  0.1367188 0.0 -2.62207 1.455078 0.0 -1.831055 2.441406 0.0 -0.9912109 3.647461 0.0 -0.4345703 4.799805 0.0 -0.2050781
5.5976  0.1367188 0.0 -2.617188 1.450195 0.0 -1.821289 2.426758 0.0 -0.9765625 3.637695 0.0 -0.4150391 4.785156 0.0 -0.1806641
5.5992  0.1318359 0.0 -2.612305 1.44043 0.0 -1.816406 2.412109 0.0 -0.9619141 3.623047 0.0 -0.3955078 4.770508 0.0 -0.1611328
5.6008  0.1318359 0.0 -2.612305 1.435547 0.0 -1.811523 2.397461 0.0 -0.9472656 3.613281 0.0 -0.3759766 4.760742 0.0 -0.1367188
5.6024  0.1318359 0.0 -2.607422 1.425781 0.0 -1.806641 2.382813 0.0 -0.9326172 3.598633 0.0 -0.3564453 4.746094 0.0 -0.1171875
5.604  0.1269531 0.0 -2.602539 1.420898 0.0 -1.796875 2.368164 0.0 -0.9130859 3.588867 0.0 -0.3369141 4.731445 0.0 -0.09277344
5.6056  0.1269531 0.0 -2.597656 1.411133 0.0 -1.791992 2.353516 0.0 -0.8984375 3.574219 0.0 -0.3173828 4.716797 0.0 -0.06835938
5.6072  0.1269531 0.0 -2.592773 1.401367 0.0 -1.787109 2.333984 0.0 -0.8837891 3.55957 0.0 -0.3027344 4.702148 0.0 -0.04882813
5.6088  0.1269531 0.0 -2.587891 1.391602 0.0 -1.782227 2.319336 0.0 -0.8691406 3.544922 0.0 -0.2832031 4.6875 0.0 -0.02441406
5.6104  0.1220703 0.0 -2.583008 1.381836 0.0 -1.777344 2.304688 0.0 -0.8544922 3.530273 0.0 -0.2636719 4.672852 0.0 -0.004882813
5.612  0.1220703 0.0 -2.583008 1.376953 0.0 -1.767578 2.285156 0.0 -0.8398438 3.515625 0.0 -0.2441406 4.65332 0.0 0.01953125
5.6136  0.1220703 0.0 -2.578125 1.367188 0.0 -1.762695 2.270508 0.0 -0.8251953 3.500977 0.0 -0.2294922 4.638672 0.0 0.0390625
5.6152  0.1171875 0.0 -2.573242 1.357422 0.0 -1.757813 2.250977 0.0 -0.8105469 3.486328 0.0 -0.2099609 4.624023 0.0 0.06347656
5.6168  0.1171875 0.0 -2.568359 1.347656 0.0 -1.75293 2.236328 0.0 -0.7958984 3.47168 0.0 -0.1904297 4.604492 0.0 0.08789063
5.6184  0.1171875 0.0 -2.563477 1.333008 0.0 -1.748047 2.216797 0.0 -0.78125 3.457031 0.0 -0.1757813 4.589844 0.0 0.1074219
5.62  0.1123047 0.0 -2.558594 1.323242 0.0 -1.743164 2.202148 0.0 -0.7666016 3.4375 0.0 -0.15625 4.570313 0.0 0.1318359
5.6216  0.1123047 0.0 -2.553711 1.313477 0.0 -1.738281 2.182617 0.0 -0.7519531 3.422852 0.0 -0.1367188 4.555664 0.0 0.1513672
5.6232  0.1123047 0.0 -2.548828 1.303711 0.0 -1.733398 2.163086 0.0 -0.7421875 3.408203 0.0 -0.1220703 4.536133 0.0 0.1757813
5.6248  0.1074219 0.0 -2.543945 1.293945 0.0 -1.728516 2.143555 0.0 -0.7275391 3.388672 0.0 -0.1025391 4.516602 0.0 0.1953125
5.6264  0.1074219 0.0 -2.539063 1.279297 0.0 -1.71875 2.128906 0.0 -0.7128906 3.374023 0.0 -0.08789063 4.501953 0.0 0.2148438
5.628  0.1025391 0.0 -2.53418 1.269531 0.0 -1.713867 2.109375 0.0 -0.6982422 3.354492 0.0 -0.06835938 4.482422 0.0 0.2392578
5.6296  0.1025391 0.0 -2.529297 1.259766 0.0 -1.708984 2.089844 0.0 -0.6835938 3.339844 0.0 -0.05371094 4.462891 0.0 0.2587891
5.6312  0.1025391 0.0 -2.524414 1.25 0.0 -1.704102 2.070313 0.0 -0.6689453 3.320313 0.0 -0.03417969 4.448242 0.0 0.2783203
5.6328  0.09765625 0.0 -2.519531 1.235352 0.0 -1.699219 2.050781 0.0 -0.6591797 3.305664 0.0 -0.01953125 4.428711 0.0 0.2978516
5.6344  0.09765625 0.0 -2.514648 1.225586 0.0 -1.694336 2.03125 0.0 -0.6445313 3.286133 0.0 0.0 4.40918 0.0 0.3173828
5.636  0.09765625 0.0 -2.509766 1.21582 0.0 -1.689453 2.016602 0.0 -0.6298828 3.271484 0.0 0.01464844 4.394531 0.0 0.3369141
5.6376  0.09277344 0.0 -2.509766 1.201172 0.0 -1.68457 1.99707 0.0 -0.6201172 3.251953 0.0 0.02929688 4.375 0.0 0.3564453
5.6392  0.09277344 0.0 -2.504883 1.191406 0.0 -1.679688 1.977539 0.0 -0.6054688 3.232422 0.0 0.04882813 4.355469 0.0 0.3759766
5.6408  0.08789063 0.0 -2.5 1.176758 0.0 -1.669922 1.958008 0.0 -0.5908203 3.217773 0.0 0.06347656 4.34082 0.0 0.3955078
5.6424  0.08789063 0.0 -2.495117 1.166992 0.0 -1.665039 1.938477 0.0 -0.5810547 3.198242 0.0 0.078125 4.321289 0.0 0.4101563
5.644  0.08789063 0.0 -2.490234 1.157227 0.0 -1.660156 1.918945 0.0 -0.5664063 3.178711 0.0 0.09277344 4.306641 0.0 0.4296875
5.6456  0.08300781 0.0 -2.485352 1.142578 0.0 -1.655273 1.899414 0.0 -0.5566406 3.164063 0.0 0.1074219 4.287109 0.0 0.4443359
5.6472  0.08300781 0.0 -2.480469 1.132813 0.0 -1.650391 1.879883 0.0 -0.5419922 3.144531 0.0 0.1220703 4.272461 0.0 0.4589844
5.6488  0.08300781 0.0 -2.475586 1.123047 0.0 -1.645508 1.865234 0.0 -0.5322266 3.129883 0.0 0.1367188 4.257813 0.0 0.4785156
5.6504  0.078125 0.0 -2.475586 1.108398 0.0 -1.640625 1.845703 0.0 -0.5175781 3.110352 0.0 0.1513672 4.238281 0.0 0.4931641
5.652  0.078125 0.0 -2.470703 1.098633 0.0 -1.635742 1.826172 0.0 -0.5078125 3.095703 0.0 0.1660156 4.223633 0.0 0.5078125
5.6536  0.07324219 0.0 -2.46582 1.088867 0.0 -1.630859 1.806641 0.0 -0.4931641 3.076172 0.0 0.1806641 4.208984 0.0 0.5224609
5.6552  0.07324219 0.0 -2.460938 1.074219 0.0 -1.625977 1.791992 0.0 -0.4833984 3.061523 0.0 0.1953125 4.194336 0.0 0.5322266
5.6568  0.07324219 0.0 -2.456055 1.064453 0.0 -1.621094 1.772461 0.0 -0.4736328 3.046875 0.0 0.2050781 4.179688 0.0 0.546875
5.6584  0.06835938 0.0 -2.456055 1.054688 0.0 -1.616211 1.75293 0.0 -0.4589844 3.027344 0.0 0.2197266 4.165039 0.0 0.5566406
5.66  0.06835938 0.0 -2.451172 1.044922 0.0 -1.611328 1.738281 0.0 -0.4492188 3.012695 0.0 0.234375 4.150391 0.0 0.5712891
