0 5000000000 1.0
Cubic 15 explicit
0.0  0.2734375 0.0 -3.076172 1.572266 0.0 -2.163086 2.700195 0.0 -1.826172 3.745117 0.0 -1.450195 4.936523 0.0 -1.313477
1.4008  0.2734375 0.0 -3.076172 1.572266 0.0 -2.163086 2.700195 0.0 -1.826172 3.745117 0.0 -1.450195 4.936523 0.0 -1.313477
1.4024  0.2734375 0.0 -3.061523 1.572266 0.0 -2.143555 2.695313 0.0 -1.806641 3.745117 0.0 -1.44043 4.936523 0.0 -1.313477
1.404  0.2734375 0.0 -3.046875 1.572266 0.0 -2.124023 2.695313 0.0 -1.791992 3.745117 0.0 -1.430664 4.936523 0.0 -1.308594
1.4056  0.2685547 0.0 -3.032227 1.567383 0.0 -2.104492 2.695313 0.0 -1.772461 3.745117 0.0 -1.416016 4.936523 0.0 -1.303711
1.4072  0.2685547 0.0 -3.017578 1.567383 0.0 -2.084961 2.69043 0.0 -1.75293 3.745117 0.0 -1.40625 4.936523 0.0 -1.298828
1.4088  0.2685547 0.0 -2.998047 1.5625 0.0 -2.060547 2.69043 0.0 -1.733398 3.745117 0.0 -1.396484 4.936523 0.0 -1.293945
1.4104  0.2685547 0.0 -2.983398 1.5625 0.0 -2.041016 2.69043 0.0 -1.713867 3.745117 0.0 -1.381836 4.931641 0.0 -1.289063
1.412  0.2636719 0.0 -2.96875 1.5625 0.0 -2.021484 2.685547 0.0 -1.694336 3.745117 0.0 -1.37207 4.931641 0.0 -1.28418
1.4136  0.2636719 0.0 -2.954102 1.557617 0.0 -1.99707 2.685547 0.0 -1.674805 3.75 0.0 -1.357422 4.931641 0.0 -1.279297
1.4152  0.2636719 0.0 -2.939453 1.557617 0.0 -1.977539 2.685547 0.0 -1.655273 3.75 0.0 -1.347656 4.931641 0.0 -1.274414
1.4168  0.2587891 0.0 -2.924805 1.557617 0.0 -1.958008 2.680664 0.0 -1.635742 3.75 0.0 -1.333008 4.931641 0.0 -1.269531
1.4184  0.2587891 0.0 -2.910156 1.552734 0.0 -1.933594 2.680664 0.0 -1.616211 3.75 0.0 -1.323242 4.931641 0.0 -1.264648
1.42  0.2587891 0.0 -2.895508 1.552734 0.0 -1.914063 2.675781 0.0 -1.59668 3.75 0.0 -1.308594 4.926758 0.0 -1.259766
1.4216  0.2587891 0.0 -2.875977 1.547852 0.0 -1.889648 2.675781 0.0 -1.577148 3.75 0.0 -1.298828 4.926758 0.0 -1.254883
1.4232  0.2539063 0.0 -2.861328 1.547852 0.0 -1.865234 2.675781 0.0 -1.552734 3.75 0.0 -1.28418 4.926758 0.0 -1.25
1.4248  0.2539063 0.0 -2.84668 1.547852 0.0 -1.845703 2.670898 0.0 -1.533203 3.75 0.0 -1.269531 4.926758 0.0 -1.245117
1.4264  0.2539063 0.0 -2.832031 1.542969 0.0 -1.821289 2.670898 0.0 -1.513672 3.75 0.0 -1.259766 4.921875 0.0 -1.240234
1.428  0.2490234 0.0 -2.817383 1.542969 0.0 -1.796875 2.666016 0.0 -1.489258 3.75 0.0 -1.245117 4.921875 0.0 -1.235352
1.4296  0.2490234 0.0 -2.802734 1.538086 0.0 -1.777344 2.666016 0.0 -1.469727 3.75 0.0 -1.230469 4.921875 0.0 -1.230469
1.4312  0.2490234 0.0 -2.788086 1.538086 0.0 -1.75293 2.661133 0.0 -1.445313 3.75 0.0 -1.220703 4.916992 0.0 -1.220703
1.4328  0.2441406 0.0 -2.768555 1.533203 0.0 -1.728516 2.661133 0.0 -1.425781 3.75 0.0 -1.206055 4.916992 0.0 -1.21582
1.4344  0.2441406 0.0 -2.753906 1.533203 0.0 -1.704102 2.65625 0.0 -1.401367 3.75 0.0 -1.191406 4.912109 0.0 -1.210938
1.436  0.2441406 0.0 -2.739258 1.533203 0.0 -1.679688 2.65625 0.0 -1.381836 3.75 0.0 -1.176758 4.912109 0.0 -1.206055
1.4376  0.2392578 0.0 -2.724609 1.52832 0.0 -1.655273 2.651367 0.0 -1.357422 3.75 0.0 -1.162109 4.907227 0.0 -1.196289
1.4392  0.2392578 0.0 -2.709961 1.52832 0.0 -1.630859 2.651367 0.0 -1.337891 3.75 0.0 -1.152344 4.902344 0.0 -1.191406
1.4408  0.234375 0.0 -2.695313 1.523438 0.0 -1.606445 2.646484 0.0 -1.313477 3.75 0.0 -1.137695 4.902344 0.0 -1.181641
1.4424  0.234375 0.0 -2.680664 1.523438 0.0 -1.577148 2.641602 0.0 -1.289063 3.75 0.0 -1.123047 4.897461 0.0 -1.176758
1.444  0.234375 0.0 -2.666016 1.518555 0.0 -1.552734 2.641602 0.0 -1.269531 3.745117 0.0 -1.108398 4.892578 0.0 -1.171875
1.4456  0.2294922 0.0 -2.65625 1.518555 0.0 -1.523438 2.636719 0.0 -1.245117 3.745117 0.0 -1.09375 4.887695 0.0 -1.162109
1.4472  0.2294922 0.0 -2.641602 1.513672 0.0 -1.499023 2.636719 0.0 -1.220703 3.745117 0.0 -1.079102 4.882813 0.0 -1.157227
1.4488  0.2246094 0.0 -2.626953 1.513672 0.0 -1.469727 2.631836 0.0 -1.196289 3.740234 0.0 -1.069336 4.882813 0.0 -1.147461
1.4504  0.2246094 0.0 -2.612305 1.508789 0.0 -1.445313 2.631836 0.0 -1.176758 3.740234 0.0 -1.054688 4.87793 0.0 -1.142578
1.452  0.2246094 0.0 -2.597656 1.508789 0.0 -1.416016 2.626953 0.0 -1.152344 3.740234 0.0 -1.040039 4.873047 0.0 -1.132813
1.4536  0.2197266 0.0 -2.583008 1.508789 0.0 -1.386719 2.626953 0.0 -1.12793 3.735352 0.0 -1.025391 4.868164 0.0 -1.12793
1.4552  0.2197266 0.0 -2.573242 1.503906 0.0 -1.357422 2.62207 0.0 -1.103516 3.735352 0.0 -1.015625 4.863281 0.0 -1.118164
1.4568  0.2148438 0.0 -2.558594 1.503906 0.0 -1.328125 2.617188 0.0 -1.079102 3.735352 0.0 -1.000977 4.858398 0.0 -1.108398
1.4584  0.2148438 0.0 -2.543945 1.499023 0.0 -1.298828 2.617188 0.0 -1.05957 3.730469 0.0 -0.9863281 4.848633 0.0 -1.103516
1.46  0.2099609 0.0 -2.53418 1.499023 0.0 -1.269531 2.612305 0.0 -1.035156 3.730469 0.0 -0.9765625 4.84375 0.0 -1.09375
1.4616  0.2050781 0.0 -2.519531 1.499023 0.0 -1.240234 2.612305 0.0 -1.010742 3.730469 0.0 -0.9619141 4.838867 0.0 -1.088867
1.4632  0.2050781 0.0 -2.509766 1.494141 0.0 -1.210938 2.607422 0.0 -0.9863281 3.725586 0.0 -0.9521484 4.833984 0.0 -1.079102
1.4648  0.2001953 0.0 -2.495117 1.494141 0.0 -1.181641 2.607422 0.0 -0.9667969 3.725586 0.0 -0.9375 4.829102 0.0 -1.074219
1.4664  0.2001953 0.0 -2.485352 1.494141 0.0 -1.152344 2.607422 0.0 -0.9423828 3.720703 0.0 -0.9228516 4.824219 0.0 -1.064453
1.468  0.1953125 0.0 -2.470703 1.494141 0.0 -1.123047 2.602539 0.0 -0.9228516 3.720703 0.0 -0.9130859 4.819336 0.0 -1.05957
1.4696  0.1953125 0.0 -2.460938 1.494141 0.0 -1.088867 2.602539 0.0 -0.8984375 3.71582 0.0 -0.9033203 4.80957 0.0 -1.049805
1.4712  0.1904297 0.0 -2.446289 1.494141 0.0 -1.05957 2.597656 0.0 -0.8740234 3.71582 0.0 -0.8886719 4.804688 0.0 -1.044922
1.4728  0.1855469 0.0 -2.436523 1.494141 0.0 -1.030273 2.597656 0.0 -0.8544922 3.71582 0.0 -0.8789063 4.799805 0.0 -1.040039
1.4744  0.1855469 0.0 -2.426758 1.494141 0.0 -1.000977 2.597656 0.0 -0.8300781 3.710938 0.0 -0.8691406 4.794922 0.0 -1.030273
1.476  0.1806641 0.0 -2.416992 1.494141 0.0 -0.9716797 2.592773 0.0 -0.8105469 3.710938 0.0 -0.8544922 4.790039 0.0 -1.025391
1.4776  0.1757813 0.0 -2.402344 1.494141 0.0 -0.9423828 2.592773 0.0 -0.7910156 3.710938 0.0 -0.8447266 4.780273 0.0 -1.015625
1.4792  0.1757813 0.0 -2.392578 1.494141 0.0 -0.9179688 2.592773 0.0 -0.7666016 3.706055 0.0 -0.8349609 4.775391 0.0 -1.010742
1.4808  0.1708984 0.0 -2.382813 1.494141 0.0 -0.8886719 2.587891 0.0 -0.7470703 3.706055 0.0 -0.8251953 4.770508 0.0 -1.005859
1.4824  0.1660156 0.0 -2.373047 1.494141 0.0 -0.859375 2.587891 0.0 -0.7275391 3.706055 0.0 -0.8154297 4.765625 0.0 -0.9960938
1.484  0.1660156 0.0 -2.363281 1.494141 0.0 -0.8349609 2.587891 0.0 -0.7080078 3.706055 0.0 -0.8007813 4.760742 0.0 -0.9912109
1.4856  0.1611328 0.0 -2.353516 1.499023 0.0 -0.8105469 2.583008 0.0 -0.6884766 3.701172 0.0 -0.7910156 4.755859 0.0 -0.9863281
1.4872  0.15625 0.0 -2.34375 1.499023 0.0 -0.7861328 2.583008 0.0 -0.6689453 3.701172 0.0 -0.78125 4.750977 0.0 -0.9814453
1.4888  0.15625 0.0 -2.333984 1.499023 0.0 -0.7617188 2.583008 0.0 -0.6494141 3.701172 0.0 -0.7714844 4.746094 0.0 -0.9765625
1.4904  0.1513672 0.0 -2.324219 1.503906 0.0 -0.7373047 2.583008 0.0 -0.6347656 3.701172 0.0 -0.7617188 4.741211 0.0 -0.9667969
1.492  0.1464844 0.0 -2.314453 1.503906 0.0 -0.7128906 2.578125 0.0 -0.6152344 3.701172 0.0 -0.7519531 4.736328 0.0 -0.9619141
1.4936  0.1464844 0.0 -2.30957 1.503906 0.0 -0.6933594 2.578125 0.0 -0.6005859 3.701172 0.0 -0.7470703 4.731445 0.0 -0.9570313
1.4952  0.1416016 0.0 -2.299805 1.508789 0.0 -0.6738281 2.578125 0.0 -0.5810547 3.701172 0.0 -0.7373047 4.726563 0.0 -0.9521484
1.4968  0.1367188 0.0 -2.290039 1.508789 0.0 -0.6542969 2.578125 0.0 -0.5664063 3.701172 0.0 -0.7275391 4.72168 0.0 -0.9472656
1.4984  0.1367188 0.0 -2.280273 1.508789 0.0 -0.6347656 2.573242 0.0 -0.5517578 3.701172 0.0 -0.7177734 4.716797 0.0 -0.9423828
1.5  0.1318359 0.0 -2.275391 1.513672 0.0 -0.6201172 2.573242 0.0 -0.5371094 3.701172 0.0 -0.7080078 4.711914 0.0 -0.9375
1.5016  0.1269531 0.0 -2.265625 1.513672 0.0 -0.6054688 2.573242 0.0 -0.5224609 3.701172 0.0 -0.6982422 4.711914 0.0 -0.9326172
1.5032  0.1269531 0.0 -2.260742 1.513672 0.0 -0.5908203 2.568359 0.0 -0.5078125 3.701172 0.0 -0.6933594 4.707031 0.0 -0.9277344
1.5048  0.1220703 0.0 -2.250977 1.518555 0.0 -0.5761719 2.568359 0.0 -0.4980469 3.701172 0.0 -0.6835938 4.702148 0.0 -0.9228516
1.5064  0.1171875 0.0 -2.246094 1.518555 0.0 -0.5615234 2.568359 0.0 -0.4833984 3.701172 0.0 -0.6738281 4.697266 0.0 -0.9179688
1.508  0.1171875 0.0 -2.236328 1.518555 0.0 -0.5517578 2.563477 0.0 -0.4736328 3.701172 0.0 -0.6689453 4.697266 0.0 -0.9130859
1.5096  0.1123047 0.0 -2.231445 1.523438 0.0 -0.5371094 2.563477 0.0 -0.4589844 3.701172 0.0 -0.6591797 4.692383 0.0 -0.9082031
1.5112  0.1074219 0.0 -2.22168 1.523438 0.0 -0.5273438 2.563477 0.0 -0.4492188 3.701172 0.0 -0.6542969 4.692383 0.0 -0.9033203
1.5128  0.1074219 0.0 -2.216797 1.523438 0.0 -0.5175781 2.558594 0.0 -0.4394531 3.701172 0.0 -0.6445313 4.6875 0.0 -0.8984375
1.5144  0.1025391 0.0 -2.211914 1.523438 0.0 -0.5126953 2.558594 0.0 -0.4296875 3.701172 0.0 -0.6396484 4.6875 0.0 -0.8935547
1.516  0.1025391 0.0 -2.202148 1.523438 0.0 -0.5029297 2.558594 0.0 -0.4199219 3.701172 0.0 -0.6298828 4.682617 0.0 -0.8886719
1.5176  0.09765625 0.0 -2.197266 1.523438 0.0 -0.4980469 2.553711 0.0 -0.4150391 3.701172 0.0 -0.625 4.682617 0.0 -0.8837891
1.5192  0.09277344 0.0 -2.192383 1.52832 0.0 -0.4882813 2.553711 0.0 -0.4052734 3.701172 0.0 -0.6152344 4.677734 0.0 -0.8789063
1.5208  0.09277344 0.0 -2.1875 1.52832 0.0 -0.4833984 2.548828 0.0 -0.4003906 3.701172 0.0 -0.6103516 4.677734 0.0 -0.8789063
1.5224  0.08789063 0.0 -2.182617 1.52832 0.0 -0.4785156 2.548828 0.0 -0.390625 3.701172 0.0 -0.6054688 4.672852 0.0 -0.8740234
1.524  0.08300781 0.0 -2.177734 1.52832 0.0 -0.4736328 2.548828 0.0 -0.3857422 3.706055 0.0 -0.5957031 4.672852 0.0 -0.8691406
1.5256  0.08300781 0.0 -2.172852 1.52832 0.0 -0.4736328 2.543945 0.0 -0.3759766 3.706055 0.0 -0.5908203 4.672852 0.0 -0.8642578
1.5272  0.078125 0.0 -2.167969 1.52832 0.0 -0.46875 2.543945 0.0 -0.3710938 3.706055 0.0 -0.5859375 4.667969 0.0 -0.859375
1.5288  0.078125 0.0 -2.163086 1.523438 0.0 -0.46875 2.539063 0.0 -0.3662109 3.706055 0.0 -0.5810547 4.667969 0.0 -0.8544922
1.5304  0.07324219 0.0 -2.158203 1.523438 0.0 -0.4638672 2.539063 0.0 -0.3613281 3.706055 0.0 -0.5761719 4.667969 0.0 -0.8544922
1.532  0.07324219 0.0 -2.15332 1.523438 0.0 -0.4638672 2.53418 0.0 -0.3564453 3.706055 0.0 -0.5664063 4.667969 0.0 -0.8496094
1.5336  0.06835938 0.0 -2.148438 1.523438 0.0 -0.4589844 2.53418 0.0 -0.3564453 3.706055 0.0 -0.5615234 4.663086 0.0 -0.8447266
1.5352  0.06835938 0.0 -2.148438 1.523438 0.0 -0.4589844 2.529297 0.0 -0.3515625 3.706055 0.0 -0.5566406 4.663086 0.0 -0.8398438
1.5368  0.06347656 0.0 -2.143555 1.523438 0.0 -0.4589844 2.529297 0.0 -0.3466797 3.706055 0.0 -0.5517578 4.663086 0.0 -0.8349609
1.5384  0.06347656 0.0 -2.138672 1.518555 0.0 -0.4589844 2.529297 0.0 -0.3466797 3.706055 0.0 -0.546875 4.663086 0.0 -0.8349609
1.54  0.05859375 0.0 -2.138672 1.518555 0.0 -0.4589844 2.524414 0.0 -0.3417969 3.710938 0.0 -0.546875 4.663086 0.0 -0.8300781
1.5416  0.05859375 0.0 -2.133789 1.518555 0.0 -0.4589844 2.524414 0.0 -0.3417969 3.710938 0.0 -0.5419922 4.658203 0.0 -0.8251953
1.5432  0.05371094 0.0 -2.128906 1.513672 0.0 -0.4638672 2.519531 0.0 -0.3369141 3.710938 0.0 -0.5371094 4.658203 0.0 -0.8251953
1.5448  0.05371094 0.0 -2.128906 1.513672 0.0 -0.4638672 2.519531 0.0 -0.3369141 3.710938 0.0 -0.5322266 4.658203 0.0 -0.8203125
1.5464  0.04882813 0.0 -2.124023 1.513672 0.0 -0.4638672 2.519531 0.0 -0.3369141 3.710938 0.0 -0.5273438 4.658203 0.0 -0.8154297
1.548  0.04882813 0.0 -2.124023 1.508789 0.0 -0.46875 2.514648 0.0 -0.3369141 3.710938 0.0 -0.5273438 4.658203 0.0 -0.8154297
1.5496  0.04394531 0.0 -2.124023 1.508789 0.0 -0.46875 2.514648 0.0 -0.3369141 3.710938 0.0 -0.5224609 4.658203 0.0 -0.8105469
1.5512  0.04394531 0.0 -2.119141 1.503906 0.0 -0.4736328 2.514648 0.0 -0.3369141 3.710938 0.0 -0.5224609 4.658203 0.0 -0.8056641
1.5528  0.04394531 0.0 -2.119141 1.503906 0.0 -0.4736328 2.509766 0.0 -0.3369141 3.710938 0.0 -0.5175781 4.658203 0.0 -0.8056641
1.5544  0.0390625 0.0 -2.119141 1.503906 0.0 -0.4785156 2.509766 0.0 -0.3369141 3.710938 0.0 -0.5175781 4.658203 0.0 -0.8007813
1.556  0.0390625 0.0 -2.114258 1.499023 0.0 -0.4833984 2.509766 0.0 -0.3417969 3.710938 0.0 -0.5126953 4.658203 0.0 -0.7958984
1.5576  0.03417969 0.0 -2.114258 1.494141 0.0 -0.4882813 2.504883 0.0 -0.3417969 3.710938 0.0 -0.5126953 4.658203 0.0 -0.7958984
1.5592  0.03417969 0.0 -2.114258 1.494141 0.0 -0.4931641 2.504883 0.0 -0.3466797 3.710938 0.0 -0.5078125 4.658203 0.0 -0.7910156
1.5608  0.03417969 0.0 -2.114258 1.489258 0.0 -0.4980469 2.504883 0.0 -0.3466797 3.710938 0.0 -0.5078125 4.663086 0.0 -0.7910156
1.5624  0.02929688 0.0 -2.114258 1.489258 0.0 -0.5029297 2.5 0.0 -0.3515625 3.710938 0.0 -0.5078125 4.663086 0.0 -0.7861328
1.564  0.02929688 0.0 -2.114258 1.484375 0.0 -0.5078125 2.5 0.0 -0.3564453 3.710938 0.0 -0.5078125 4.663086 0.0 -0.7861328
1.5656  0.02929688 0.0 -2.109375 1.479492 0.0 -0.5126953 2.5 0.0 -0.3564453 3.710938 0.0 -0.5078125 4.663086 0.0 -0.78125
1.5672  0.02929688 0.0 -2.109375 1.479492 0.0 -0.5224609 2.5 0.0 -0.3613281 3.710938 0.0 -0.5078125 4.663086 0.0 -0.7763672
1.5688  0.02441406 0.0 -2.114258 1.474609 0.0 -0.5273438 2.495117 0.0 -0.3662109 3.710938 0.0 -0.5078125 4.663086 0.0 -0.7763672
1.5704  0.02441406 0.0 -2.114258 1.469727 0.0 -0.5322266 2.495117 0.0 -0.3710938 3.710938 0.0 -0.5078125 4.667969 0.0 -0.7714844
1.572  0.02441406 0.0 -2.114258 1.469727 0.0 -0.5419922 2.495117 0.0 -0.3808594 3.710938 0.0 -0.5078125 4.667969 0.0 -0.7714844
1.5736  0.02441406 0.0 -2.114258 1.464844 0.0 -0.5517578 2.495117 0.0 -0.3857422 3.710938 0.0 -0.5078125 4.667969 0.0 -0.7714844
1.5752  0.02441406 0.0 -2.114258 1.459961 0.0 -0.5566406 2.490234 0.0 -0.390625 3.706055 0.0 -0.5078125 4.672852 0.0 -0.7666016
1.5768  0.02441406 0.0 -2.114258 1.459961 0.0 -0.5664063 2.490234 0.0 -0.4003906 3.706055 0.0 -0.5126953 4.672852 0.0 -0.7666016
1.5784  0.02441406 0.0 -2.119141 1.455078 0.0 -0.5761719 2.490234 0.0 -0.4052734 3.706055 0.0 -0.5126953 4.672852 0.0 -0.7617188
1.58  0.02441406 0.0 -2.119141 1.450195 0.0 -0.5859375 2.490234 0.0 -0.4150391 3.706055 0.0 -0.5126953 4.677734 0.0 -0.7617188
1.5816  0.02441406 0.0 -2.119141 1.450195 0.0 -0.5957031 2.490234 0.0 -0.4199219 3.706055 0.0 -0.5175781 4.677734 0.0 -0.7568359
1.5832  0.02441406 0.0 -2.124023 1.445313 0.0 -0.6005859 2.490234 0.0 -0.4296875 3.706055 0.0 -0.5224609 4.682617 0.0 -0.7568359
1.5848  0.02441406 0.0 -2.124023 1.44043 0.0 -0.6103516 2.490234 0.0 -0.4394531 3.706055 0.0 -0.5224609 4.682617 0.0 -0.7568359
1.5864  0.02441406 0.0 -2.128906 1.44043 0.0 -0.625 2.490234 0.0 -0.4492188 3.706055 0.0 -0.5273438 4.6875 0.0 -0.7568359
1.588  0.02929688 0.0 -2.128906 1.435547 0.0 -0.6347656 2.485352 0.0 -0.4589844 3.701172 0.0 -0.5322266 4.6875 0.0 -0.7519531
1.5896  0.02929688 0.0 -2.133789 1.435547 0.0 -0.6445313 2.485352 0.0 -0.46875 3.701172 0.0 -0.5371094 4.692383 0.0 -0.7519531
1.5912  0.02929688 0.0 -2.138672 1.435547 0.0 -0.6542969 2.485352 0.0 -0.4785156 3.701172 0.0 -0.5419922 4.692383 0.0 -0.7519531
1.5928  0.03417969 0.0 -2.138672 1.430664 0.0 -0.6640625 2.485352 0.0 -0.4882813 3.701172 0.0 -0.546875 4.697266 0.0 -0.7519531
1.5944  0.03417969 0.0 -2.143555 1.430664 0.0 -0.6738281 2.485352 0.0 -0.5029297 3.701172 0.0 -0.5566406 4.702148 0.0 -0.7519531
1.596  0.0390625 0.0 -2.148438 1.425781 0.0 -0.6835938 2.490234 0.0 -0.5126953 3.701172 0.0 -0.5615234 4.707031 0.0 -0.7519531
1.5976  0.0390625 0.0 -2.15332 1.425781 0.0 -0.6933594 2.490234 0.0 -0.5224609 3.701172 0.0 -0.5712891 4.707031 0.0 -0.7519531
1.5992  0.04394531 0.0 -2.158203 1.425781 0.0 -0.7080078 2.490234 0.0 -0.5371094 3.701172 0.0 -0.5761719 4.711914 0.0 -0.7519531
1.6008  0.04394531 0.0 -2.158203 1.425781 0.0 -0.7177734 2.490234 0.0 -0.546875 3.701172 0.0 -0.5859375 4.716797 0.0 -0.7568359
1.6024  0.04882813 0.0 -2.163086 1.420898 0.0 -0.7275391 2.490234 0.0 -0.5615234 3.701172 0.0 -0.5957031 4.72168 0.0 -0.7568359
1.604  0.05371094 0.0 -2.167969 1.420898 0.0 -0.7373047 2.490234 0.0 -0.5761719 3.701172 0.0 -0.6005859 4.726563 0.0 -0.7568359
1.6056  0.05859375 0.0 -2.172852 1.420898 0.0 -0.7470703 2.490234 0.0 -0.5859375 3.706055 0.0 -0.6103516 4.726563 0.0 -0.7617188
1.6072  0.06347656 0.0 -2.177734 1.420898 0.0 -0.7568359 2.490234 0.0 -0.6005859 3.706055 0.0 -0.6201172 4.731445 0.0 -0.7617188
1.6088  0.06347656 0.0 -2.182617 1.416016 0.0 -0.7714844 2.490234 0.0 -0.6152344 3.706055 0.0 -0.6298828 4.736328 0.0 -0.7666016
1.6104  0.06835938 0.0 -2.192383 1.416016 0.0 -0.78125 2.490234 0.0 -0.6298828 3.706055 0.0 -0.6445313 4.741211 0.0 -0.7666016
1.612  0.07324219 0.0 -2.197266 1.416016 0.0 -0.7910156 2.490234 0.0 -0.6445313 3.706055 0.0 -0.6542969 4.746094 0.0 -0.7714844
1.6136  0.078125 0.0 -2.202148 1.416016 0.0 -0.8007813 2.490234 0.0 -0.6591797 3.706055 0.0 -0.6640625 4.750977 0.0 -0.7763672
1.6152  0.08300781 0.0 -2.207031 1.411133 0.0 -0.8105469 2.485352 0.0 -0.6689453 3.706055 0.0 -0.6738281 4.750977 0.0 -0.78125
1.6168  0.08789063 0.0 -2.211914 1.411133 0.0 -0.8203125 2.485352 0.0 -0.6835938 3.706055 0.0 -0.6884766 4.755859 0.0 -0.7861328
1.6184  0.09277344 0.0 -2.22168 1.40625 0.0 -0.8300781 2.485352 0.0 -0.6982422 3.706055 0.0 -0.6982422 4.760742 0.0 -0.7910156
1.62  0.1025391 0.0 -2.226563 1.40625 0.0 -0.8447266 2.480469 0.0 -0.7128906 3.706055 0.0 -0.7128906 4.765625 0.0 -0.7958984
1.6216  0.1074219 0.0 -2.231445 1.401367 0.0 -0.8544922 2.480469 0.0 -0.7324219 3.706055 0.0 -0.7226563 4.765625 0.0 -0.8007813
1.6232  0.1123047 0.0 -2.241211 1.396484 0.0 -0.8642578 2.475586 0.0 -0.7470703 3.706055 0.0 -0.7373047 4.770508 0.0 -0.8056641
1.6248  0.1171875 0.0 -2.246094 1.396484 0.0 -0.8740234 2.475586 0.0 -0.7617188 3.706055 0.0 -0.7470703 4.775391 0.0 -0.8105469
1.6264  0.1220703 0.0 -2.250977 1.391602 0.0 -0.8837891 2.470703 0.0 -0.7763672 3.706055 0.0 -0.7617188 4.775391 0.0 -0.8154297
1.628  0.1269531 0.0 -2.260742 1.386719 0.0 -0.8935547 2.46582 0.0 -0.7910156 3.706055 0.0 -0.7714844 4.780273 0.0 -0.8203125
1.6296  0.1367188 0.0 -2.265625 1.381836 0.0 -0.9033203 2.460938 0.0 -0.8056641 3.706055 0.0 -0.7861328 4.780273 0.0 -0.8251953
1.6312  0.1416016 0.0 -2.275391 1.37207 0.0 -0.9130859 2.456055 0.0 -0.8203125 3.701172 0.0 -0.7958984 4.780273 0.0 -0.8349609
1.6328  0.1464844 0.0 -2.280273 1.367188 0.0 -0.9277344 2.451172 0.0 -0.8349609 3.701172 0.0 -0.8105469 4.785156 0.0 -0.8398438
1.6344  0.1513672 0.0 -2.285156 1.362305 0.0 -0.9375 2.446289 0.0 -0.8496094 3.696289 0.0 -0.8203125 4.785156 0.0 -0.8496094
1.636  0.15625 0.0 -2.294922 1.352539 0.0 -0.9472656 2.436523 0.0 -0.8642578 3.691406 0.0 -0.8349609 4.785156 0.0 -0.8544922
1.6376  0.1611328 0.0 -2.299805 1.342773 0.0 -0.9570313 2.426758 0.0 -0.8789063 3.686523 0.0 -0.8447266 4.785156 0.0 -0.859375
1.6392  0.1660156 0.0 -2.30957 1.333008 0.0 -0.9667969 2.421875 0.0 -0.8935547 3.681641 0.0 -0.859375 4.785156 0.0 -0.8691406
1.6408  0.1708984 0.0 -2.314453 1.323242 0.0 -0.9716797 2.412109 0.0 -0.9082031 3.676758 0.0 -0.8691406 4.780273 0.0 -0.8740234
1.6424  0.1757813 0.0 -2.324219 1.313477 0.0 -0.9814453 2.402344 0.0 -0.9228516 3.671875 0.0 -0.8789063 4.780273 0.0 -0.8837891
1.644  0.1806641 0.0 -2.329102 1.303711 0.0 -0.9912109 2.392578 0.0 -0.9375 3.666992 0.0 -0.8935547 4.780273 0.0 -0.8886719
1.6456  0.1855469 0.0 -2.338867 1.293945 0.0 -1.000977 2.382813 0.0 -0.9521484 3.657227 0.0 -0.9033203 4.775391 0.0 -0.8984375
1.6472  0.1904297 0.0 -2.34375 1.28418 0.0 -1.010742 2.368164 0.0 -0.9667969 3.652344 0.0 -0.9130859 4.775391 0.0 -0.9033203
1.6488  0.1953125 0.0 -2.348633 1.269531 0.0 -1.015625 2.358398 0.0 -0.9765625 3.642578 0.0 -0.9228516 4.770508 0.0 -0.9082031
1.6504  0.2001953 0.0 -2.358398 1.259766 0.0 -1.025391 2.34375 0.0 -0.9912109 3.637695 0.0 -0.9326172 4.765625 0.0 -0.9179688
1.652  0.2050781 0.0 -2.363281 1.245117 0.0 -1.030273 2.333984 0.0 -1.005859 3.62793 0.0 -0.9472656 4.760742 0.0 -0.9228516
1.6536  0.2050781 0.0 -2.373047 1.235352 0.0 -1.035156 2.319336 0.0 -1.015625 3.618164 0.0 -0.9570313 4.755859 0.0 -0.9277344
1.6552  0.2099609 0.0 -2.37793 1.220703 0.0 -1.044922 2.304688 0.0 -1.030273 3.608398 0.0 -0.9667969 4.750977 0.0 -0.9375
1.6568  0.2148438 0.0 -2.387695 1.210938 0.0 -1.049805 2.294922 0.0 -1.040039 3.598633 0.0 -0.9765625 4.746094 0.0 -0.9423828
1.6584  0.2197266 0.0 -2.392578 1.196289 0.0 -1.054688 2.280273 0.0 -1.049805 3.583984 0.0 -0.9814453 4.741211 0.0 -0.9472656
1.66  0.2197266 0.0 -2.402344 1.186523 0.0 -1.05957 2.265625 0.0 -1.064453 3.574219 0.0 -0.9912109 4.736328 0.0 -0.9570313
1.6616  0.2246094 0.0 -2.407227 1.171875 0.0 -1.064453 2.255859 0.0 -1.074219 3.564453 0.0 -1.000977 4.726563 0.0 -0.9619141
1.6632  0.2246094 0.0 -2.416992 1.162109 0.0 -1.064453 2.241211 0.0 -1.083984 3.549805 0.0 -1.010742 4.72168 0.0 -0.9667969
1.6648  0.2294922 0.0 -2.426758 1.147461 0.0 -1.069336 2.226563 0.0 -1.098633 3.540039 0.0 -1.020508 4.711914 0.0 -0.9716797
1.6664  0.2294922 0.0 -2.431641 1.137695 0.0 -1.074219 2.211914 0.0 -1.108398 3.525391 0.0 -1.030273 4.707031 0.0 -0.9814453
1.668  0.234375 0.0 -2.441406 1.123047 0.0 -1.074219 2.202148 0.0 -1.118164 3.515625 0.0 -1.035156 4.697266 0.0 -0.9863281
1.6696  0.234375 0.0 -2.451172 1.113281 0.0 -1.079102 2.1875 0.0 -1.12793 3.500977 0.0 -1.044922 4.692383 0.0 -0.9912109
1.6712  0.234375 0.0 -2.460938 1.103516 0.0 -1.083984 2.172852 0.0 -1.142578 3.491211 0.0 -1.054688 4.682617 0.0 -0.9960938
1.6728  0.2392578 0.0 -2.470703 1.09375 0.0 -1.083984 2.163086 0.0 -1.152344 3.476563 0.0 -1.064453 4.677734 0.0 -1.000977
1.6744  0.2392578 0.0 -2.475586 1.083984 0.0 -1.088867 2.148438 0.0 -1.162109 3.466797 0.0 -1.069336 4.667969 0.0 -1.005859
1.676  0.2392578 0.0 -2.485352 1.074219 0.0 -1.09375 2.138672 0.0 -1.171875 3.452148 0.0 -1.079102 4.658203 0.0 -1.010742
1.6776  0.2441406 0.0 -2.5 1.064453 0.0 -1.09375 2.128906 0.0 -1.186523 3.442383 0.0 -1.088867 4.648438 0.0 -1.020508
1.6792  0.2441406 0.0 -2.509766 1.054688 0.0 -1.098633 2.114258 0.0 -1.196289 3.427734 0.0 -1.098633 4.643555 0.0 -1.025391
1.6808  0.2441406 0.0 -2.519531 1.044922 0.0 -1.103516 2.104492 0.0 -1.206055 3.417969 0.0 -1.108398 4.633789 0.0 -1.030273
1.6824  0.2441406 0.0 -2.529297 1.040039 0.0 -1.108398 2.094727 0.0 -1.220703 3.40332 0.0 -1.113281 4.624023 0.0 -1.035156
1.684  0.2441406 0.0 -2.543945 1.030273 0.0 -1.113281 2.084961 0.0 -1.230469 3.393555 0.0 -1.123047 4.619141 0.0 -1.040039
1.6856  0.2490234 0.0 -2.553711 1.025391 0.0 -1.118164 2.075195 0.0 -1.245117 3.383789 0.0 -1.132813 4.609375 0.0 -1.049805
1.6872  0.2490234 0.0 -2.568359 1.015625 0.0 -1.123047 2.06543 0.0 -1.254883 3.369141 0.0 -1.142578 4.599609 0.0 -1.054688
1.6888  0.2490234 0.0 -2.578125 1.010742 0.0 -1.132813 2.055664 0.0 -1.269531 3.359375 0.0 -1.152344 4.594727 0.0 -1.05957
1.6904  0.2490234 0.0 -2.592773 1.000977 0.0 -1.142578 2.045898 0.0 -1.279297 3.349609 0.0 -1.162109 4.584961 0.0 -1.069336
1.692  0.2490234 0.0 -2.607422 0.9960938 0.0 -1.152344 2.041016 0.0 -1.293945 3.339844 0.0 -1.171875 4.575195 0.0 -1.074219
1.6936  0.2490234 0.0 -2.62207 0.9912109 0.0 -1.162109 2.03125 0.0 -1.308594 3.330078 0.0 -1.181641 4.570313 0.0 -1.079102
1.6952  0.2490234 0.0 -2.636719 0.9863281 0.0 -1.171875 2.026367 0.0 -1.323242 3.320313 0.0 -1.191406 4.560547 0.0 -1.088867
1.6968  0.2490234 0.0 -2.651367 0.9765625 0.0 -1.186523 2.016602 0.0 -1.337891 3.310547 0.0 -1.201172 4.555664 0.0 -1.09375
1.6984  0.2490234 0.0 -2.670898 0.9716797 0.0 -1.196289 2.011719 0.0 -1.352539 3.300781 0.0 -1.21582 4.550781 0.0 -1.103516
1.7  0.2539063 0.0 -2.685547 0.9667969 0.0 -1.210938 2.006836 0.0 -1.367188 3.295898 0.0 -1.225586 4.541016 0.0 -1.108398
1.7016  0.2539063 0.0 -2.700195 0.9619141 0.0 -1.225586 2.001953 0.0 -1.386719 3.286133 0.0 -1.235352 4.536133 0.0 -1.118164
1.7032  0.2539063 0.0 -2.719727 0.9570313 0.0 -1.245117 1.99707 0.0 -1.401367 3.28125 0.0 -1.245117 4.53125 0.0 -1.123047
1.7048  0.2539063 0.0 -2.739258 0.9521484 0.0 -1.259766 1.992188 0.0 -1.416016 3.271484 0.0 -1.259766 4.526367 0.0 -1.132813
1.7064  0.2539063 0.0 -2.753906 0.9472656 0.0 -1.279297 1.987305 0.0 -1.435547 3.266602 0.0 -1.269531 4.521484 0.0 -1.137695
1.708  0.2539063 0.0 -2.773438 0.9423828 0.0 -1.303711 1.982422 0.0 -1.450195 3.261719 0.0 -1.279297 4.516602 0.0 -1.147461
1.7096  0.2587891 0.0 -2.792969 0.9423828 0.0 -1.323242 1.982422 0.0 -1.469727 3.256836 0.0 -1.293945 4.511719 0.0 -1.152344
1.7112  0.2587891 0.0 -2.8125 0.9375 0.0 -1.342773 1.977539 0.0 -1.489258 3.251953 0.0 -1.303711 4.506836 0.0 -1.162109
1.7128  0.2587891 0.0 -2.832031 0.9326172 0.0 -1.367188 1.977539 0.0 -1.503906 3.24707 0.0 -1.313477 4.506836 0.0 -1.171875
1.7144  0.2636719 0.0 -2.851563 0.9277344 0.0 -1.391602 1.977539 0.0 -1.523438 3.24707 0.0 -1.328125 4.501953 0.0 -1.176758
1.716  0.2636719 0.0 -2.871094 0.9277344 0.0 -1.416016 1.972656 0.0 -1.542969 3.242188 0.0 -1.337891 4.501953 0.0 -1.186523
1.7176  0.2636719 0.0 -2.890625 0.9228516 0.0 -1.445313 1.972656 0.0 -1.5625 3.237305 0.0 -1.347656 4.49707 0.0 -1.191406
1.7192  0.2636719 0.0 -2.910156 0.9228516 0.0 -1.469727 1.972656 0.0 -1.582031 3.237305 0.0 -1.362305 4.49707 0.0 -1.201172
1.7208  0.2685547 0.0 -2.929688 0.9228516 0.0 -1.499023 1.977539 0.0 -1.601563 3.237305 0.0 -1.37207 4.49707 0.0 -1.206055
1.7224  0.2685547 0.0 -2.949219 0.9179688 0.0 -1.52832 1.977539 0.0 -1.621094 3.232422 0.0 -1.381836 4.49707 0.0 -1.21582
1.724  0.2685547 0.0 -2.973633 0.9179688 0.0 -1.557617 1.977539 0.0 -1.640625 3.232422 0.0 -1.396484 4.49707 0.0 -1.220703
1.7256  0.2734375 0.0 -2.993164 0.9179688 0.0 -1.586914 1.982422 0.0 -1.660156 3.232422 0.0 -1.40625 4.49707 0.0 -1.230469
1.7272  0.2734375 0.0 -3.012695 0.9179688 0.0 -1.621094 1.982422 0.0 -1.679688 3.232422 0.0 -1.416016 4.49707 0.0 -1.235352
1.7288  0.2783203 0.0 -3.032227 0.9179688 0.0 -1.650391 1.987305 0.0 -1.699219 3.237305 0.0 -1.430664 4.49707 0.0 -1.245117
1.7304  0.2783203 0.0 -3.051758 0.9228516 0.0 -1.68457 1.987305 0.0 -1.71875 3.237305 0.0 -1.44043 4.501953 0.0 -1.25
1.732  0.2783203 0.0 -3.076172 0.9228516 0.0 -1.713867 1.992188 0.0 -1.743164 3.237305 0.0 -1.450195 4.501953 0.0 -1.254883
1.7336  0.2832031 0.0 -3.095703 0.9228516 0.0 -1.748047 1.99707 0.0 -1.762695 3.237305 0.0 -1.459961 4.506836 0.0 -1.259766
1.7352  0.2832031 0.0 -3.115234 0.9277344 0.0 -1.782227 2.001953 0.0 -1.782227 3.242188 0.0 -1.469727 4.506836 0.0 -1.269531
1.7368  0.2832031 0.0 -3.134766 0.9326172 0.0 -1.811523 2.006836 0.0 -1.801758 3.242188 0.0 -1.479492 4.511719 0.0 -1.274414
1.7384  0.2880859 0.0 -3.154297 0.9326172 0.0 -1.845703 2.011719 0.0 -1.821289 3.24707 0.0 -1.489258 4.516602 0.0 -1.279297
1.74  0.2880859 0.0 -3.178711 0.9375 0.0 -1.879883 2.016602 0.0 -1.835938 3.251953 0.0 -1.499023 4.521484 0.0 -1.28418
1.7416  0.2880859 0.0 -3.198242 0.9423828 0.0 -1.914063 2.026367 0.0 -1.855469 3.251953 0.0 -1.508789 4.521484 0.0 -1.289063
1.7432  0.2880859 0.0 -3.217773 0.9472656 0.0 -1.948242 2.03125 0.0 -1.875 3.256836 0.0 -1.518555 4.526367 0.0 -1.293945
1.7448  0.2929688 0.0 -3.237305 0.9521484 0.0 -1.977539 2.036133 0.0 -1.894531 3.261719 0.0 -1.523438 4.53125 0.0 -1.298828
1.7464  0.2929688 0.0 -3.256836 0.9570313 0.0 -2.011719 2.041016 0.0 -1.914063 3.261719 0.0 -1.533203 4.536133 0.0 -1.303711
1.748  0.2929688 0.0 -3.271484 0.9619141 0.0 -2.045898 2.050781 0.0 -1.928711 3.266602 0.0 -1.542969 4.541016 0.0 -1.308594
1.7496  0.2978516 0.0 -3.291016 0.9667969 0.0 -2.075195 2.055664 0.0 -1.948242 3.271484 0.0 -1.547852 4.545898 0.0 -1.313477
1.7512  0.2978516 0.0 -3.310547 0.9765625 0.0 -2.109375 2.06543 0.0 -1.962891 3.276367 0.0 -1.557617 4.550781 0.0 -1.318359
1.7528  0.2978516 0.0 -3.330078 0.9814453 0.0 -2.138672 2.070313 0.0 -1.982422 3.28125 0.0 -1.5625 4.555664 0.0 -1.323242
1.7544  0.2978516 0.0 -3.344727 0.9863281 0.0 -2.172852 2.075195 0.0 -1.99707 3.286133 0.0 -1.572266 4.560547 0.0 -1.328125
1.756  0.2978516 0.0 -3.364258 0.9960938 0.0 -2.202148 2.084961 0.0 -2.011719 3.291016 0.0 -1.577148 4.56543 0.0 -1.333008
1.7576  0.2978516 0.0 -3.378906 1.000977 0.0 -2.231445 2.089844 0.0 -2.026367 3.291016 0.0 -1.582031 4.570313 0.0 -1.333008
1.7592  0.3027344 0.0 -3.393555 1.005859 0.0 -2.260742 2.099609 0.0 -2.041016 3.295898 0.0 -1.586914 4.575195 0.0 -1.337891
1.7608  0.3027344 0.0 -3.413086 1.015625 0.0 -2.290039 2.104492 0.0 -2.055664 3.300781 0.0 -1.591797 4.580078 0.0 -1.342773
1.7624  0.3027344 0.0 -3.427734 1.020508 0.0 -2.319336 2.114258 0.0 -2.070313 3.305664 0.0 -1.59668 4.584961 0.0 -1.342773
1.764  0.3027344 0.0 -3.442383 1.030273 0.0 -2.34375 2.119141 0.0 -2.084961 3.310547 0.0 -1.601563 4.589844 0.0 -1.347656
1.7656  0.3027344 0.0 -3.457031 1.035156 0.0 -2.373047 2.128906 0.0 -2.099609 3.31543 0.0 -1.606445 4.594727 0.0 -1.352539
1.7672  0.3027344 0.0 -3.47168 1.044922 0.0 -2.397461 2.133789 0.0 -2.109375 3.320313 0.0 -1.611328 4.599609 0.0 -1.352539
1.7688  0.3027344 0.0 -3.486328 1.049805 0.0 -2.421875 2.143555 0.0 -2.124023 3.325195 0.0 -1.616211 4.604492 0.0 -1.357422
1.7704  0.3027344 0.0 -3.496094 1.05957 0.0 -2.446289 2.148438 0.0 -2.133789 3.330078 0.0 -1.621094 4.609375 0.0 -1.357422
1.772  0.3027344 0.0 -3.510742 1.064453 0.0 -2.470703 2.158203 0.0 -2.143555 3.334961 0.0 -1.625977 4.609375 0.0 -1.362305
1.7736  0.3027344 0.0 -3.525391 1.074219 0.0 -2.495117 2.163086 0.0 -2.15332 3.339844 0.0 -1.630859 4.614258 0.0 -1.367188
1.7752  0.3027344 0.0 -3.535156 1.079102 0.0 -2.514648 2.167969 0.0 -2.163086 3.344727 0.0 -1.630859 4.619141 0.0 -1.367188
1.7768  0.3027344 0.0 -3.544922 1.088867 0.0 -2.53418 2.177734 0.0 -2.172852 3.344727 0.0 -1.635742 4.624023 0.0 -1.37207
1.7784  0.3076172 0.0 -3.55957 1.09375 0.0 -2.558594 2.182617 0.0 -2.182617 3.349609 0.0 -1.640625 4.628906 0.0 -1.37207
1.78  0.3076172 0.0 -3.569336 1.103516 0.0 -2.578125 2.1875 0.0 -2.192383 3.354492 0.0 -1.640625 4.628906 0.0 -1.376953
1.7816  0.3076172 0.0 -3.579102 1.108398 0.0 -2.597656 2.197266 0.0 -2.202148 3.359375 0.0 -1.645508 4.633789 0.0 -1.376953
1.7832  0.3076172 0.0 -3.588867 1.118164 0.0 -2.612305 2.202148 0.0 -2.207031 3.364258 0.0 -1.650391 4.638672 0.0 -1.381836
1.7848  0.3076172 0.0 -3.598633 1.123047 0.0 -2.631836 2.207031 0.0 -2.216797 3.369141 0.0 -1.650391 4.638672 0.0 -1.381836
1.7864  0.3076172 0.0 -3.608398 1.12793 0.0 -2.646484 2.216797 0.0 -2.226563 3.369141 0.0 -1.655273 4.643555 0.0 -1.386719
1.788  0.3076172 0.0 -3.618164 1.137695 0.0 -2.666016 2.22168 0.0 -2.231445 3.374023 0.0 -1.655273 4.648438 0.0 -1.386719
1.7896  0.3076172 0.0 -3.623047 1.142578 0.0 -2.680664 2.226563 0.0 -2.236328 3.378906 0.0 -1.660156 4.648438 0.0 -1.391602
1.7912  0.3076172 0.0 -3.632813 1.147461 0.0 -2.695313 2.231445 0.0 -2.246094 3.383789 0.0 -1.665039 4.65332 0.0 -1.391602
1.7928  0.3076172 0.0 -3.642578 1.157227 0.0 -2.709961 2.236328 0.0 -2.250977 3.383789 0.0 -1.665039 4.65332 0.0 -1.396484
1.7944  0.3076172 0.0 -3.647461 1.162109 0.0 -2.719727 2.246094 0.0 -2.255859 3.388672 0.0 -1.669922 4.658203 0.0 -1.396484
1.796  0.3076172 0.0 -3.657227 1.166992 0.0 -2.734375 2.250977 0.0 -2.260742 3.393555 0.0 -1.669922 4.658203 0.0 -1.396484
1.7976  0.3076172 0.0 -3.662109 1.171875 0.0 -2.744141 2.255859 0.0 -2.270508 3.393555 0.0 -1.674805 4.658203 0.0 -1.401367
1.7992  0.3027344 0.0 -3.666992 1.176758 0.0 -2.758789 2.260742 0.0 -2.275391 3.398438 0.0 -1.674805 4.663086 0.0 -1.401367
1.8008  0.3027344 0.0 -3.676758 1.186523 0.0 -2.768555 2.265625 0.0 -2.280273 3.398438 0.0 -1.679688 4.663086 0.0 -1.40625
1.8024  0.3027344 0.0 -3.681641 1.191406 0.0 -2.77832 2.270508 0.0 -2.285156 3.40332 0.0 -1.679688 4.663086 0.0 -1.40625
1.804  0.3027344 0.0 -3.686523 1.196289 0.0 -2.788086 2.275391 0.0 -2.285156 3.40332 0.0 -1.68457 4.667969 0.0 -1.411133
1.8056  0.3027344 0.0 -3.691406 1.201172 0.0 -2.797852 2.280273 0.0 -2.290039 3.408203 0.0 -1.689453 4.667969 0.0 -1.411133
1.8072  0.3027344 0.0 -3.696289 1.206055 0.0 -2.802734 2.280273 0.0 -2.294922 3.408203 0.0 -1.689453 4.667969 0.0 -1.416016
1.8088  0.2978516 0.0 -3.701172 1.210938 0.0 -2.8125 2.285156 0.0 -2.299805 3.413086 0.0 -1.694336 4.667969 0.0 -1.416016
1.8104  0.2978516 0.0 -3.706055 1.210938 0.0 -2.817383 2.290039 0.0 -2.304688 3.413086 0.0 -1.694336 4.667969 0.0 -1.420898
1.812  0.2978516 0.0 -3.706055 1.21582 0.0 -2.827148 2.294922 0.0 -2.304688 3.413086 0.0 -1.699219 4.672852 0.0 -1.420898
1.8136  0.2978516 0.0 -3.710938 1.220703 0.0 -2.832031 2.299805 0.0 -2.30957 3.417969 0.0 -1.699219 4.672852 0.0 -1.425781
1.8152  0.2978516 0.0 -3.71582 1.225586 0.0 -2.836914 2.299805 0.0 -2.314453 3.417969 0.0 -1.699219 4.672852 0.0 -1.425781
1.8168  0.2929688 0.0 -3.71582 1.230469 0.0 -2.841797 2.304688 0.0 -2.314453 3.417969 0.0 -1.704102 4.672852 0.0 -1.430664
1.8184  0.2929688 0.0 -3.720703 1.230469 0.0 -2.84668 2.30957 0.0 -2.319336 3.417969 0.0 -1.704102 4.672852 0.0 -1.430664
1.82  0.2929688 0.0 -3.720703 1.235352 0.0 -2.851563 2.30957 0.0 -2.319336 3.422852 0.0 -1.708984 4.672852 0.0 -1.430664
1.8216  0.2929688 0.0 -3.725586 1.240234 0.0 -2.851563 2.314453 0.0 -2.324219 3.422852 0.0 -1.708984 4.672852 0.0 -1.435547
1.8232  0.2880859 0.0 -3.725586 1.240234 0.0 -2.856445 2.319336 0.0 -2.324219 3.422852 0.0 -1.708984 4.672852 0.0 -1.435547
1.8248  0.2880859 0.0 -3.730469 1.245117 0.0 -2.861328 2.319336 0.0 -2.324219 3.422852 0.0 -1.713867 4.672852 0.0 -1.435547
1.8264  0.2880859 0.0 -3.730469 1.245117 0.0 -2.861328 2.324219 0.0 -2.329102 3.427734 0.0 -1.713867 4.672852 0.0 -1.44043
1.828  0.2880859 0.0 -3.730469 1.25 0.0 -2.861328 2.324219 0.0 -2.329102 3.427734 0.0 -1.713867 4.672852 0.0 -1.44043
1.8296  0.2880859 0.0 -3.730469 1.254883 0.0 -2.866211 2.329102 0.0 -2.329102 3.427734 0.0 -1.713867 4.672852 0.0 -1.44043
1.8312  0.2832031 0.0 -3.730469 1.254883 0.0 -2.866211 2.329102 0.0 -2.329102 3.427734 0.0 -1.713867 4.672852 0.0 -1.44043
1.8328  0.2832031 0.0 -3.730469 1.259766 0.0 -2.866211 2.333984 0.0 -2.329102 3.427734 0.0 -1.713867 4.672852 0.0 -1.44043
1.8344  0.2832031 0.0 -3.730469 1.259766 0.0 -2.866211 2.333984 0.0 -2.329102 3.432617 0.0 -1.71875 4.672852 0.0 -1.445313
1.836  0.2832031 0.0 -3.730469 1.264648 0.0 -2.866211 2.338867 0.0 -2.329102 3.432617 0.0 -1.71875 4.672852 0.0 -1.445313
1.8376  0.2783203 0.0 -3.730469 1.264648 0.0 -2.866211 2.34375 0.0 -2.329102 3.432617 0.0 -1.713867 4.672852 0.0 -1.445313
1.8392  0.2783203 0.0 -3.730469 1.269531 0.0 -2.861328 2.34375 0.0 -2.329102 3.432617 0.0 -1.713867 4.672852 0.0 -1.445313
1.8408  0.2783203 0.0 -3.725586 1.269531 0.0 -2.861328 2.34375 0.0 -2.329102 3.4375 0.0 -1.713867 4.672852 0.0 -1.445313
1.8424  0.2783203 0.0 -3.725586 1.274414 0.0 -2.861328 2.348633 0.0 -2.329102 3.4375 0.0 -1.713867 4.672852 0.0 -1.445313
1.844  0.2783203 0.0 -3.720703 1.274414 0.0 -2.856445 2.348633 0.0 -2.329102 3.4375 0.0 -1.713867 4.672852 0.0 -1.44043
1.8456  0.2783203 0.0 -3.720703 1.274414 0.0 -2.856445 2.353516 0.0 -2.324219 3.4375 0.0 -1.708984 4.672852 0.0 -1.44043
1.8472  0.2734375 0.0 -3.71582 1.279297 0.0 -2.851563 2.353516 0.0 -2.324219 3.442383 0.0 -1.708984 4.672852 0.0 -1.44043
1.8488  0.2734375 0.0 -3.71582 1.279297 0.0 -2.84668 2.358398 0.0 -2.324219 3.442383 0.0 -1.708984 4.677734 0.0 -1.44043
1.8504  0.2734375 0.0 -3.710938 1.28418 0.0 -2.84668 2.358398 0.0 -2.319336 3.442383 0.0 -1.704102 4.677734 0.0 -1.44043
1.852  0.2734375 0.0 -3.706055 1.28418 0.0 -2.841797 2.363281 0.0 -2.319336 3.447266 0.0 -1.699219 4.677734 0.0 -1.44043
1.8536  0.2734375 0.0 -3.701172 1.28418 0.0 -2.836914 2.363281 0.0 -2.314453 3.447266 0.0 -1.699219 4.677734 0.0 -1.435547
1.8552  0.2734375 0.0 -3.696289 1.289063 0.0 -2.832031 2.368164 0.0 -2.30957 3.447266 0.0 -1.694336 4.677734 0.0 -1.435547
1.8568  0.2685547 0.0 -3.696289 1.289063 0.0 -2.827148 2.368164 0.0 -2.30957 3.447266 0.0 -1.694336 4.677734 0.0 -1.435547
1.8584  0.2685547 0.0 -3.691406 1.293945 0.0 -2.822266 2.368164 0.0 -2.304688 3.452148 0.0 -1.689453 4.682617 0.0 -1.430664
1.86  0.2685547 0.0 -3.686523 1.293945 0.0 -2.817383 2.373047 0.0 -2.299805 3.452148 0.0 -1.68457 4.682617 0.0 -1.430664
1.8616  0.2685547 0.0 -3.676758 1.293945 0.0 -2.807617 2.373047 0.0 -2.294922 3.452148 0.0 -1.679688 4.682617 0.0 -1.430664
1.8632  0.2685547 0.0 -3.671875 1.298828 0.0 -2.802734 2.373047 0.0 -2.290039 3.457031 0.0 -1.674805 4.682617 0.0 -1.425781
1.8648  0.2685547 0.0 -3.666992 1.298828 0.0 -2.797852 2.37793 0.0 -2.290039 3.457031 0.0 -1.669922 4.682617 0.0 -1.425781
1.8664  0.2636719 0.0 -3.662109 1.298828 0.0 -2.792969 2.37793 0.0 -2.285156 3.457031 0.0 -1.665039 4.6875 0.0 -1.420898
1.868  0.2636719 0.0 -3.657227 1.303711 0.0 -2.783203 2.382813 0.0 -2.280273 3.461914 0.0 -1.660156 4.6875 0.0 -1.420898
1.8696  0.2636719 0.0 -3.652344 1.303711 0.0 -2.77832 2.382813 0.0 -2.275391 3.461914 0.0 -1.655273 4.6875 0.0 -1.420898
1.8712  0.2636719 0.0 -3.642578 1.303711 0.0 -2.773438 2.382813 0.0 -2.265625 3.461914 0.0 -1.650391 4.692383 0.0 -1.416016
1.8728  0.2636719 0.0 -3.637695 1.308594 0.0 -2.763672 2.387695 0.0 -2.260742 3.466797 0.0 -1.645508 4.692383 0.0 -1.416016
1.8744  0.2636719 0.0 -3.632813 1.308594 0.0 -2.758789 2.387695 0.0 -2.255859 3.466797 0.0 -1.640625 4.692383 0.0 -1.411133
1.876  0.2587891 0.0 -3.623047 1.308594 0.0 -2.749023 2.387695 0.0 -2.250977 3.47168 0.0 -1.635742 4.692383 0.0 -1.411133
1.8776  0.2587891 0.0 -3.618164 1.313477 0.0 -2.744141 2.392578 0.0 -2.246094 3.47168 0.0 -1.630859 4.697266 0.0 -1.40625
1.8792  0.2587891 0.0 -3.613281 1.313477 0.0 -2.739258 2.392578 0.0 -2.241211 3.47168 0.0 -1.625977 4.697266 0.0 -1.40625
1.8808  0.2587891 0.0 -3.603516 1.313477 0.0 -2.729492 2.397461 0.0 -2.236328 3.476563 0.0 -1.621094 4.697266 0.0 -1.40625
1.8824  0.2587891 0.0 -3.598633 1.318359 0.0 -2.724609 2.397461 0.0 -2.226563 3.476563 0.0 -1.616211 4.702148 0.0 -1.401367
1.884  0.2587891 0.0 -3.588867 1.318359 0.0 -2.714844 2.397461 0.0 -2.22168 3.476563 0.0 -1.611328 4.702148 0.0 -1.401367
1.8856  0.2587891 0.0 -3.583984 1.318359 0.0 -2.709961 2.402344 0.0 -2.216797 3.481445 0.0 -1.606445 4.702148 0.0 -1.396484
1.8872  0.2539063 0.0 -3.579102 1.323242 0.0 -2.705078 2.402344 0.0 -2.211914 3.481445 0.0 -1.601563 4.707031 0.0 -1.396484
1.8888  0.2539063 0.0 -3.569336 1.323242 0.0 -2.695313 2.402344 0.0 -2.202148 3.486328 0.0 -1.59668 4.707031 0.0 -1.391602
1.8904  0.2539063 0.0 -3.564453 1.323242 0.0 -2.69043 2.407227 0.0 -2.197266 3.486328 0.0 -1.591797 4.707031 0.0 -1.391602
1.892  0.2539063 0.0 -3.554688 1.328125 0.0 -2.680664 2.407227 0.0 -2.192383 3.486328 0.0 -1.586914 4.711914 0.0 -1.391602
1.8936  0.2539063 0.0 -3.549805 1.328125 0.0 -2.675781 2.407227 0.0 -2.1875 3.491211 0.0 -1.582031 4.711914 0.0 -1.386719
1.8952  0.2539063 0.0 -3.540039 1.328125 0.0 -2.670898 2.407227 0.0 -2.177734 3.491211 0.0 -1.577148 4.711914 0.0 -1.386719
1.8968  0.2490234 0.0 -3.535156 1.333008 0.0 -2.661133 2.412109 0.0 -2.172852 3.496094 0.0 -1.572266 4.716797 0.0 -1.386719
1.8984  0.2490234 0.0 -3.530273 1.333008 0.0 -2.65625 2.412109 0.0 -2.167969 3.496094 0.0 -1.567383 4.716797 0.0 -1.381836
1.9  0.2490234 0.0 -3.520508 1.333008 0.0 -2.651367 2.412109 0.0 -2.158203 3.500977 0.0 -1.5625 4.716797 0.0 -1.381836
1.9016  0.2490234 0.0 -3.515625 1.337891 0.0 -2.641602 2.416992 0.0 -2.15332 3.500977 0.0 -1.557617 4.72168 0.0 -1.376953
1.9032  0.2441406 0.0 -3.505859 1.337891 0.0 -2.636719 2.416992 0.0 -2.148438 3.500977 0.0 -1.552734 4.72168 0.0 -1.376953
1.9048  0.2441406 0.0 -3.500977 1.337891 0.0 -2.631836 2.416992 0.0 -2.138672 3.505859 0.0 -1.547852 4.72168 0.0 -1.376953
1.9064  0.2441406 0.0 -3.491211 1.337891 0.0 -2.62207 2.416992 0.0 -2.133789 3.505859 0.0 -1.542969 4.726563 0.0 -1.37207
1.908  0.2441406 0.0 -3.486328 1.337891 0.0 -2.617188 2.421875 0.0 -2.128906 3.510742 0.0 -1.538086 4.726563 0.0 -1.37207
1.9096  0.2392578 0.0 -3.476563 1.342773 0.0 -2.607422 2.421875 0.0 -2.119141 3.510742 0.0 -1.538086 4.726563 0.0 -1.37207
1.9112  0.2392578 0.0 -3.47168 1.342773 0.0 -2.602539 2.421875 0.0 -2.114258 3.510742 0.0 -1.533203 4.726563 0.0 -1.367188
1.9128  0.2392578 0.0 -3.461914 1.342773 0.0 -2.597656 2.421875 0.0 -2.109375 3.515625 0.0 -1.52832 4.731445 0.0 -1.367188
1.9144  0.2392578 0.0 -3.457031 1.342773 0.0 -2.587891 2.421875 0.0 -2.099609 3.515625 0.0 -1.523438 4.731445 0.0 -1.367188
1.916  0.234375 0.0 -3.447266 1.342773 0.0 -2.583008 2.426758 0.0 -2.094727 3.515625 0.0 -1.518555 4.731445 0.0 -1.362305
1.9176  0.234375 0.0 -3.4375 1.342773 0.0 -2.573242 2.426758 0.0 -2.084961 3.520508 0.0 -1.513672 4.736328 0.0 -1.362305
1.9192  0.234375 0.0 -3.432617 1.347656 0.0 -2.568359 2.426758 0.0 -2.080078 3.520508 0.0 -1.508789 4.736328 0.0 -1.362305
1.9208  0.234375 0.0 -3.422852 1.347656 0.0 -2.558594 2.426758 0.0 -2.070313 3.525391 0.0 -1.503906 4.736328 0.0 -1.362305
1.9224  0.2294922 0.0 -3.417969 1.347656 0.0 -2.548828 2.431641 0.0 -2.06543 3.525391 0.0 -1.499023 4.741211 0.0 -1.357422
1.924  0.2294922 0.0 -3.408203 1.347656 0.0 -2.543945 2.431641 0.0 -2.055664 3.525391 0.0 -1.494141 4.741211 0.0 -1.357422
1.9256  0.2294922 0.0 -3.398438 1.347656 0.0 -2.53418 2.431641 0.0 -2.050781 3.530273 0.0 -1.489258 4.741211 0.0 -1.357422
1.9272  0.2246094 0.0 -3.388672 1.347656 0.0 -2.524414 2.431641 0.0 -2.041016 3.530273 0.0 -1.484375 4.741211 0.0 -1.352539
1.9288  0.2246094 0.0 -3.383789 1.347656 0.0 -2.514648 2.436523 0.0 -2.036133 3.535156 0.0 -1.479492 4.746094 0.0 -1.352539
1.9304  0.2246094 0.0 -3.374023 1.347656 0.0 -2.509766 2.436523 0.0 -2.026367 3.535156 0.0 -1.474609 4.746094 0.0 -1.352539
1.932  0.2197266 0.0 -3.364258 1.347656 0.0 -2.5 2.436523 0.0 -2.016602 3.535156 0.0 -1.469727 4.750977 0.0 -1.352539
1.9336  0.2197266 0.0 -3.354492 1.352539 0.0 -2.490234 2.441406 0.0 -2.011719 3.540039 0.0 -1.464844 4.750977 0.0 -1.347656
1.9352  0.2197266 0.0 -3.344727 1.352539 0.0 -2.480469 2.441406 0.0 -2.001953 3.540039 0.0 -1.459961 4.750977 0.0 -1.347656
1.9368  0.2148438 0.0 -3.334961 1.352539 0.0 -2.470703 2.441406 0.0 -1.992188 3.544922 0.0 -1.450195 4.755859 0.0 -1.347656
1.9384  0.2148438 0.0 -3.325195 1.352539 0.0 -2.460938 2.441406 0.0 -1.987305 3.544922 0.0 -1.445313 4.755859 0.0 -1.342773
1.94  0.2148438 0.0 -3.31543 1.352539 0.0 -2.451172 2.446289 0.0 -1.977539 3.549805 0.0 -1.44043 4.760742 0.0 -1.342773
1.9416  0.2099609 0.0 -3.305664 1.352539 0.0 -2.441406 2.446289 0.0 -1.967773 3.549805 0.0 -1.435547 4.760742 0.0 -1.342773
1.9432  0.2099609 0.0 -3.295898 1.352539 0.0 -2.431641 2.446289 0.0 -1.962891 3.549805 0.0 -1.430664 4.760742 0.0 -1.342773
1.9448  0.2050781 0.0 -3.286133 1.352539 0.0 -2.421875 2.451172 0.0 -1.953125 3.554688 0.0 -1.425781 4.765625 0.0 -1.337891
1.9464  0.2050781 0.0 -3.276367 1.357422 0.0 -2.407227 2.451172 0.0 -1.943359 3.554688 0.0 -1.420898 4.765625 0.0 -1.337891
1.948  0.2050781 0.0 -3.261719 1.357422 0.0 -2.397461 2.451172 0.0 -1.938477 3.55957 0.0 -1.416016 4.770508 0.0 -1.337891
1.9496  0.2001953 0.0 -3.251953 1.357422 0.0 -2.387695 2.456055 0.0 -1.928711 3.55957 0.0 -1.411133 4.770508 0.0 -1.337891
1.9512  0.2001953 0.0 -3.242188 1.357422 0.0 -2.37793 2.456055 0.0 -1.918945 3.564453 0.0 -1.401367 4.775391 0.0 -1.337891
1.9528  0.1953125 0.0 -3.227539 1.357422 0.0 -2.368164 2.456055 0.0 -1.914063 3.564453 0.0 -1.396484 4.775391 0.0 -1.333008
1.9544  0.1953125 0.0 -3.217773 1.357422 0.0 -2.358398 2.460938 0.0 -1.904297 3.569336 0.0 -1.391602 4.780273 0.0 -1.333008
1.956  0.1904297 0.0 -3.208008 1.357422 0.0 -2.348633 2.460938 0.0 -1.894531 3.569336 0.0 -1.386719 4.780273 0.0 -1.333008
1.9576  0.1904297 0.0 -3.193359 1.362305 0.0 -2.333984 2.460938 0.0 -1.889648 3.574219 0.0 -1.381836 4.785156 0.0 -1.333008
1.9592  0.1855469 0.0 -3.183594 1.362305 0.0 -2.324219 2.46582 0.0 -1.879883 3.574219 0.0 -1.376953 4.785156 0.0 -1.333008
1.9608  0.1855469 0.0 -3.168945 1.362305 0.0 -2.314453 2.46582 0.0 -1.875 3.579102 0.0 -1.37207 4.790039 0.0 -1.333008
1.9624  0.1806641 0.0 -3.15918 1.362305 0.0 -2.304688 2.46582 0.0 -1.865234 3.579102 0.0 -1.367188 4.790039 0.0 -1.333008
1.964  0.1806641 0.0 -3.149414 1.362305 0.0 -2.294922 2.470703 0.0 -1.855469 3.583984 0.0 -1.362305 4.794922 0.0 -1.328125
1.9656  0.1757813 0.0 -3.134766 1.362305 0.0 -2.285156 2.470703 0.0 -1.850586 3.583984 0.0 -1.357422 4.794922 0.0 -1.328125
1.9672  0.1757813 0.0 -3.125 1.362305 0.0 -2.275391 2.470703 0.0 -1.84082 3.588867 0.0 -1.357422 4.799805 0.0 -1.328125
1.9688  0.1708984 0.0 -3.110352 1.362305 0.0 -2.265625 2.470703 0.0 -1.835938 3.59375 0.0 -1.352539 4.799805 0.0 -1.328125
1.9704  0.1660156 0.0 -3.100586 1.362305 0.0 -2.255859 2.475586 0.0 -1.826172 3.59375 0.0 -1.347656 4.799805 0.0 -1.328125
1.972  0.1660156 0.0 -3.085938 1.367188 0.0 -2.241211 2.475586 0.0 -1.821289 3.598633 0.0 -1.342773 4.804688 0.0 -1.328125
1.9736  0.1611328 0.0 -3.076172 1.367188 0.0 -2.231445 2.475586 0.0 -1.811523 3.598633 0.0 -1.337891 4.804688 0.0 -1.328125
1.9752  0.15625 0.0 -3.061523 1.367188 0.0 -2.22168 2.480469 0.0 -1.806641 3.603516 0.0 -1.337891 4.80957 0.0 -1.328125
1.9768  0.15625 0.0 -3.051758 1.367188 0.0 -2.211914 2.480469 0.0 -1.796875 3.603516 0.0 -1.333008 4.80957 0.0 -1.328125
1.9784  0.1513672 0.0 -3.037109 1.367188 0.0 -2.202148 2.480469 0.0 -1.791992 3.608398 0.0 -1.328125 4.814453 0.0 -1.328125
1.98  0.1513672 0.0 -3.027344 1.367188 0.0 -2.192383 2.485352 0.0 -1.787109 3.613281 0.0 -1.323242 4.814453 0.0 -1.328125
1.9816  0.1464844 0.0 -3.012695 1.37207 0.0 -2.182617 2.485352 0.0 -1.777344 3.613281 0.0 -1.323242 4.819336 0.0 -1.328125
1.9832  0.1416016 0.0 -3.00293 1.37207 0.0 -2.172852 2.485352 0.0 -1.772461 3.618164 0.0 -1.318359 4.819336 0.0 -1.328125
1.9848  0.1416016 0.0 -2.988281 1.37207 0.0 -2.167969 2.490234 0.0 -1.762695 3.618164 0.0 -1.313477 4.824219 0.0 -1.328125
1.9864  0.1367188 0.0 -2.973633 1.37207 0.0 -2.158203 2.490234 0.0 -1.757813 3.623047 0.0 -1.313477 4.824219 0.0 -1.328125
1.988  0.1367188 0.0 -2.963867 1.37207 0.0 -2.148438 2.490234 0.0 -1.75293 3.62793 0.0 -1.308594 4.829102 0.0 -1.328125
1.9896  0.1318359 0.0 -2.949219 1.376953 0.0 -2.138672 2.495117 0.0 -1.743164 3.62793 0.0 -1.308594 4.829102 0.0 -1.328125
1.9912  0.1318359 0.0 -2.939453 1.376953 0.0 -2.128906 2.495117 0.0 -1.738281 3.632813 0.0 -1.303711 4.833984 0.0 -1.328125
1.9928  0.1269531 0.0 -2.924805 1.376953 0.0 -2.119141 2.5 0.0 -1.728516 3.632813 0.0 -1.298828 4.833984 0.0 -1.323242
1.9944  0.1220703 0.0 -2.915039 1.376953 0.0 -2.109375 2.5 0.0 -1.723633 3.637695 0.0 -1.298828 4.838867 0.0 -1.323242
1.996  0.1220703 0.0 -2.900391 1.381836 0.0 -2.099609 2.5 0.0 -1.71875 3.642578 0.0 -1.293945 4.84375 0.0 -1.323242
1.9976  0.1171875 0.0 -2.885742 1.381836 0.0 -2.089844 2.504883 0.0 -1.708984 3.642578 0.0 -1.289063 4.84375 0.0 -1.323242
1.9992  0.1171875 0.0 -2.875977 1.381836 0.0 -2.080078 2.504883 0.0 -1.704102 3.647461 0.0 -1.289063 4.848633 0.0 -1.323242
2.0008  0.1123047 0.0 -2.861328 1.381836 0.0 -2.070313 2.509766 0.0 -1.694336 3.652344 0.0 -1.28418 4.848633 0.0 -1.323242
2.0024  0.1123047 0.0 -2.84668 1.386719 0.0 -2.060547 2.509766 0.0 -1.689453 3.652344 0.0 -1.28418 4.853516 0.0 -1.318359
2.004  0.1074219 0.0 -2.836914 1.386719 0.0 -2.050781 2.509766 0.0 -1.68457 3.657227 0.0 -1.279297 4.853516 0.0 -1.318359
2.0056  0.1025391 0.0 -2.822266 1.386719 0.0 -2.041016 2.514648 0.0 -1.674805 3.657227 0.0 -1.274414 4.858398 0.0 -1.318359
2.0072  0.1025391 0.0 -2.8125 1.386719 0.0 -2.03125 2.514648 0.0 -1.669922 3.662109 0.0 -1.274414 4.863281 0.0 -1.318359
2.0088  0.09765625 0.0 -2.797852 1.391602 0.0 -2.021484 2.519531 0.0 -1.660156 3.666992 0.0 -1.269531 4.863281 0.0 -1.318359
2.0104  0.09765625 0.0 -2.783203 1.391602 0.0 -2.011719 2.519531 0.0 -1.655273 3.666992 0.0 -1.264648 4.868164 0.0 -1.313477
2.012  0.09277344 0.0 -2.773438 1.391602 0.0 -2.001953 2.519531 0.0 -1.650391 3.671875 0.0 -1.264648 4.868164 0.0 -1.313477
2.0136  0.09277344 0.0 -2.758789 1.391602 0.0 -1.992188 2.524414 0.0 -1.640625 3.676758 0.0 -1.259766 4.873047 0.0 -1.313477
2.0152  0.08789063 0.0 -2.744141 1.396484 0.0 -1.982422 2.524414 0.0 -1.635742 3.676758 0.0 -1.254883 4.873047 0.0 -1.308594
2.0168  0.08300781 0.0 -2.734375 1.396484 0.0 -1.972656 2.529297 0.0 -1.625977 3.681641 0.0 -1.254883 4.87793 0.0 -1.308594
2.0184  0.08300781 0.0 -2.719727 1.396484 0.0 -1.962891 2.529297 0.0 -1.621094 3.681641 0.0 -1.25 4.87793 0.0 -1.308594
2.02  0.078125 0.0 -2.705078 1.396484 0.0 -1.953125 2.529297 0.0 -1.616211 3.686523 0.0 -1.25 4.882813 0.0 -1.303711
2.0216  0.078125 0.0 -2.695313 1.396484 0.0 -1.943359 2.53418 0.0 -1.606445 3.691406 0.0 -1.245117 4.882813 0.0 -1.303711
2.0232  0.07324219 0.0 -2.680664 1.401367 0.0 -1.938477 2.53418 0.0 -1.601563 3.691406 0.0 -1.240234 4.887695 0.0 -1.303711
2.0248  0.06835938 0.0 -2.666016 1.401367 0.0 -1.928711 2.53418 0.0 -1.59668 3.696289 0.0 -1.240234 4.887695 0.0 -1.298828
2.0264  0.06835938 0.0 -2.651367 1.401367 0.0 -1.918945 2.539063 0.0 -1.586914 3.701172 0.0 -1.235352 4.892578 0.0 -1.298828
2.028  0.06347656 0.0 -2.641602 1.401367 0.0 -1.90918 2.539063 0.0 -1.582031 3.701172 0.0 -1.230469 4.892578 0.0 -1.298828
2.0296  0.06347656 0.0 -2.626953 1.401367 0.0 -1.899414 2.543945 0.0 -1.577148 3.706055 0.0 -1.230469 4.897461 0.0 -1.293945
2.0312  0.05859375 0.0 -2.612305 1.40625 0.0 -1.889648 2.543945 0.0 -1.572266 3.706055 0.0 -1.225586 4.897461 0.0 -1.293945
2.0328  0.05371094 0.0 -2.602539 1.40625 0.0 -1.879883 2.543945 0.0 -1.5625 3.710938 0.0 -1.225586 4.902344 0.0 -1.293945
2.0344  0.05371094 0.0 -2.587891 1.40625 0.0 -1.875 2.548828 0.0 -1.557617 3.71582 0.0 -1.220703 4.902344 0.0 -1.289063
2.036  0.04882813 0.0 -2.578125 1.40625 0.0 -1.865234 2.548828 0.0 -1.552734 3.71582 0.0 -1.21582 4.907227 0.0 -1.289063
2.0376  0.04882813 0.0 -2.563477 1.411133 0.0 -1.855469 2.553711 0.0 -1.547852 3.720703 0.0 -1.21582 4.907227 0.0 -1.28418
2.0392  0.04394531 0.0 -2.548828 1.411133 0.0 -1.845703 2.553711 0.0 -1.542969 3.725586 0.0 -1.210938 4.912109 0.0 -1.28418
2.0408  0.04394531 0.0 -2.539063 1.411133 0.0 -1.835938 2.553711 0.0 -1.538086 3.725586 0.0 -1.210938 4.916992 0.0 -1.28418
2.0424  0.0390625 0.0 -2.524414 1.411133 0.0 -1.831055 2.558594 0.0 -1.52832 3.730469 0.0 -1.206055 4.916992 0.0 -1.279297
2.044  0.0390625 0.0 -2.514648 1.416016 0.0 -1.821289 2.558594 0.0 -1.523438 3.735352 0.0 -1.201172 4.921875 0.0 -1.279297
2.0456  0.03417969 0.0 -2.5 1.416016 0.0 -1.811523 2.563477 0.0 -1.518555 3.735352 0.0 -1.201172 4.921875 0.0 -1.279297
2.0472  0.03417969 0.0 -2.490234 1.416016 0.0 -1.806641 2.563477 0.0 -1.513672 3.740234 0.0 -1.196289 4.926758 0.0 -1.274414
2.0488  0.02929688 0.0 -2.475586 1.420898 0.0 -1.796875 2.568359 0.0 -1.513672 3.740234 0.0 -1.196289 4.926758 0.0 -1.274414
2.0504  0.02929688 0.0 -2.46582 1.420898 0.0 -1.791992 2.568359 0.0 -1.508789 3.745117 0.0 -1.191406 4.931641 0.0 -1.274414
2.052  0.02441406 0.0 -2.456055 1.420898 0.0 -1.782227 2.573242 0.0 -1.503906 3.75 0.0 -1.191406 4.931641 0.0 -1.274414
2.0536  0.02441406 0.0 -2.441406 1.420898 0.0 -1.777344 2.573242 0.0 -1.499023 3.75 0.0 -1.191406 4.936523 0.0 -1.269531
2.0552  0.01953125 0.0 -2.431641 1.425781 0.0 -1.767578 2.578125 0.0 -1.494141 3.754883 0.0 -1.186523 4.941406 0.0 -1.269531
2.0568  0.01953125 0.0 -2.421875 1.425781 0.0 -1.762695 2.578125 0.0 -1.489258 3.759766 0.0 -1.186523 4.941406 0.0 -1.269531
2.0584  0.01953125 0.0 -2.412109 1.425781 0.0 -1.75293 2.583008 0.0 -1.489258 3.759766 0.0 -1.186523 4.946289 0.0 -1.269531
2.06  0.01464844 0.0 -2.402344 1.430664 0.0 -1.748047 2.583008 0.0 -1.484375 3.764648 0.0 -1.181641 4.946289 0.0 -1.269531
2.0616  0.01464844 0.0 -2.387695 1.430664 0.0 -1.743164 2.587891 0.0 -1.479492 3.764648 0.0 -1.181641 4.951172 0.0 -1.264648
2.0632  0.009765625 0.0 -2.37793 1.430664 0.0 -1.738281 2.587891 0.0 -1.474609 3.769531 0.0 -1.181641 4.951172 0.0 -1.264648
2.0648  0.009765625 0.0 -2.368164 1.435547 0.0 -1.728516 2.592773 0.0 -1.474609 3.769531 0.0 -1.181641 4.956055 0.0 -1.264648
2.0664  0.004882813 0.0 -2.358398 1.435547 0.0 -1.723633 2.592773 0.0 -1.469727 3.774414 0.0 -1.181641 4.960938 0.0 -1.264648
2.068  0.004882813 0.0 -2.348633 1.435547 0.0 -1.71875 2.597656 0.0 -1.469727 3.779297 0.0 -1.176758 4.960938 0.0 -1.264648
2.0696  0.004882813 0.0 -2.338867 1.44043 0.0 -1.713867 2.602539 0.0 -1.464844 3.779297 0.0 -1.176758 4.96582 0.0 -1.264648
2.0712  0.0 0.0 -2.329102 1.44043 0.0 -1.708984 2.602539 0.0 -1.464844 3.78418 0.0 -1.176758 4.96582 0.0 -1.264648
2.0728  0.0 0.0 -2.319336 1.44043 0.0 -1.704102 2.607422 0.0 -1.459961 3.78418 0.0 -1.176758 4.970703 0.0 -1.264648
2.0744  0.0 0.0 -2.30957 1.445313 0.0 -1.699219 2.607422 0.0 -1.459961 3.789063 0.0 -1.176758 4.970703 0.0 -1.264648
2.076  -0.004882813 0.0 -2.299805 1.445313 0.0 -1.694336 2.612305 0.0 -1.455078 3.789063 0.0 -1.181641 4.975586 0.0 -1.264648
2.0776  -0.004882813 0.0 -2.294922 1.450195 0.0 -1.689453 2.612305 0.0 -1.455078 3.793945 0.0 -1.181641 4.980469 0.0 -1.269531
2.0792  -0.009765625 0.0 -2.285156 1.450195 0.0 -1.689453 2.617188 0.0 -1.455078 3.798828 0.0 -1.181641 4.980469 0.0 -1.269531
2.0808  -0.009765625 0.0 -2.275391 1.450195 0.0 -1.68457 2.62207 0.0 -1.455078 3.798828 0.0 -1.181641 4.985352 0.0 -1.269531
2.0824  -0.009765625 0.0 -2.265625 1.455078 0.0 -1.679688 2.62207 0.0 -1.450195 3.803711 0.0 -1.181641 4.985352 0.0 -1.269531
2.084  -0.01464844 0.0 -2.260742 1.455078 0.0 -1.679688 2.626953 0.0 -1.450195 3.803711 0.0 -1.186523 4.990234 0.0 -1.269531
2.0856  -0.01464844 0.0 -2.250977 1.459961 0.0 -1.674805 2.631836 0.0 -1.450195 3.808594 0.0 -1.186523 4.990234 0.0 -1.274414
2.0872  -0.01464844 0.0 -2.241211 1.459961 0.0 -1.669922 2.631836 0.0 -1.450195 3.813477 0.0 -1.186523 4.995117 0.0 -1.274414
2.0888  -0.01464844 0.0 -2.236328 1.464844 0.0 -1.669922 2.636719 0.0 -1.450195 3.813477 0.0 -1.191406 5.0 0.0 -1.274414
2.0904  -0.01953125 0.0 -2.226563 1.464844 0.0 -1.665039 2.636719 0.0 -1.445313 3.818359 0.0 -1.191406 5.0 0.0 -1.274414
2.092  -0.01953125 0.0 -2.22168 1.469727 0.0 -1.665039 2.641602 0.0 -1.445313 3.818359 0.0 -1.191406 5.004883 0.0 -1.279297
2.0936  -0.01953125 0.0 -2.211914 1.469727 0.0 -1.660156 2.646484 0.0 -1.445313 3.823242 0.0 -1.196289 5.004883 0.0 -1.279297
2.0952  -0.02441406 0.0 -2.207031 1.474609 0.0 -1.660156 2.646484 0.0 -1.445313 3.828125 0.0 -1.196289 5.009766 0.0 -1.279297
2.0968  -0.02441406 0.0 -2.197266 1.479492 0.0 -1.660156 2.651367 0.0 -1.445313 3.828125 0.0 -1.196289 5.014648 0.0 -1.279297
2.0984  -0.02441406 0.0 -2.192383 1.479492 0.0 -1.655273 2.65625 0.0 -1.445313 3.833008 0.0 -1.201172 5.014648 0.0 -1.28418
2.1  -0.02441406 0.0 -2.1875 1.484375 0.0 -1.655273 2.661133 0.0 -1.445313 3.837891 0.0 -1.201172 5.019531 0.0 -1.28418
2.1016  -0.02441406 0.0 -2.177734 1.484375 0.0 -1.655273 2.661133 0.0 -1.445313 3.837891 0.0 -1.201172 5.019531 0.0 -1.28418
2.1032  -0.02929688 0.0 -2.172852 1.489258 0.0 -1.655273 2.666016 0.0 -1.450195 3.842773 0.0 -1.206055 5.024414 0.0 -1.28418
2.1048  -0.02929688 0.0 -2.167969 1.489258 0.0 -1.650391 2.670898 0.0 -1.450195 3.847656 0.0 -1.206055 5.029297 0.0 -1.289063
2.1064  -0.02929688 0.0 -2.163086 1.494141 0.0 -1.650391 2.670898 0.0 -1.450195 3.847656 0.0 -1.206055 5.029297 0.0 -1.289063
2.108  -0.02929688 0.0 -2.158203 1.499023 0.0 -1.650391 2.675781 0.0 -1.450195 3.852539 0.0 -1.210938 5.03418 0.0 -1.289063
2.1096  -0.02929688 0.0 -2.15332 1.499023 0.0 -1.650391 2.680664 0.0 -1.450195 3.857422 0.0 -1.210938 5.039063 0.0 -1.289063
2.1112  -0.02929688 0.0 -2.148438 1.503906 0.0 -1.650391 2.680664 0.0 -1.450195 3.857422 0.0 -1.210938 5.039063 0.0 -1.293945
2.1128  -0.02929688 0.0 -2.143555 1.508789 0.0 -1.650391 2.685547 0.0 -1.450195 3.862305 0.0 -1.21582 5.043945 0.0 -1.293945
2.1144  -0.02929688 0.0 -2.138672 1.508789 0.0 -1.645508 2.69043 0.0 -1.455078 3.867188 0.0 -1.21582 5.043945 0.0 -1.293945
2.116  -0.03417969 0.0 -2.133789 1.513672 0.0 -1.645508 2.695313 0.0 -1.455078 3.867188 0.0 -1.21582 5.048828 0.0 -1.293945
2.1176  -0.03417969 0.0 -2.128906 1.513672 0.0 -1.645508 2.695313 0.0 -1.455078 3.87207 0.0 -1.21582 5.053711 0.0 -1.293945
2.1192  -0.03417969 0.0 -2.124023 1.518555 0.0 -1.645508 2.700195 0.0 -1.455078 3.87207 0.0 -1.220703 5.053711 0.0 -1.293945
2.1208  -0.03417969 0.0 -2.124023 1.523438 0.0 -1.645508 2.705078 0.0 -1.455078 3.876953 0.0 -1.220703 5.058594 0.0 -1.298828
2.1224  -0.03417969 0.0 -2.119141 1.523438 0.0 -1.645508 2.705078 0.0 -1.459961 3.881836 0.0 -1.220703 5.058594 0.0 -1.298828
2.124  -0.03417969 0.0 -2.119141 1.52832 0.0 -1.645508 2.709961 0.0 -1.459961 3.881836 0.0 -1.220703 5.063477 0.0 -1.298828
2.1256  -0.03417969 0.0 -2.114258 1.52832 0.0 -1.645508 2.709961 0.0 -1.464844 3.886719 0.0 -1.225586 5.068359 0.0 -1.298828
2.1272  -0.03417969 0.0 -2.114258 1.533203 0.0 -1.645508 2.714844 0.0 -1.464844 3.886719 0.0 -1.225586 5.068359 0.0 -1.298828
2.1288  -0.03417969 0.0 -2.109375 1.533203 0.0 -1.645508 2.719727 0.0 -1.464844 3.891602 0.0 -1.225586 5.073242 0.0 -1.298828
2.1304  -0.03417969 0.0 -2.109375 1.538086 0.0 -1.650391 2.719727 0.0 -1.469727 3.891602 0.0 -1.225586 5.073242 0.0 -1.303711
2.132  -0.03417969 0.0 -2.109375 1.538086 0.0 -1.650391 2.724609 0.0 -1.469727 3.896484 0.0 -1.230469 5.078125 0.0 -1.303711
2.1336  -0.03417969 0.0 -2.109375 1.542969 0.0 -1.650391 2.724609 0.0 -1.474609 3.896484 0.0 -1.230469 5.078125 0.0 -1.303711
2.1352  -0.03417969 0.0 -2.109375 1.542969 0.0 -1.650391 2.729492 0.0 -1.479492 3.896484 0.0 -1.235352 5.083008 0.0 -1.303711
2.1368  -0.02929688 0.0 -2.109375 1.547852 0.0 -1.655273 2.734375 0.0 -1.479492 3.901367 0.0 -1.235352 5.083008 0.0 -1.308594
2.1384  -0.02929688 0.0 -2.109375 1.547852 0.0 -1.655273 2.734375 0.0 -1.484375 3.901367 0.0 -1.235352 5.087891 0.0 -1.308594
2.14  -0.02929688 0.0 -2.109375 1.552734 0.0 -1.655273 2.739258 0.0 -1.489258 3.90625 0.0 -1.240234 5.087891 0.0 -1.308594
2.1416  -0.02929688 0.0 -2.109375 1.552734 0.0 -1.660156 2.739258 0.0 -1.494141 3.90625 0.0 -1.240234 5.092773 0.0 -1.313477
2.1432  -0.02929688 0.0 -2.114258 1.557617 0.0 -1.665039 2.744141 0.0 -1.499023 3.90625 0.0 -1.245117 5.092773 0.0 -1.313477
2.1448  -0.02441406 0.0 -2.114258 1.5625 0.0 -1.665039 2.749023 0.0 -1.503906 3.911133 0.0 -1.25 5.097656 0.0 -1.318359
2.1464  -0.02441406 0.0 -2.119141 1.5625 0.0 -1.669922 2.749023 0.0 -1.508789 3.911133 0.0 -1.25 5.097656 0.0 -1.318359
2.148  -0.02441406 0.0 -2.119141 1.567383 0.0 -1.674805 2.753906 0.0 -1.513672 3.916016 0.0 -1.254883 5.102539 0.0 -1.323242
2.1496  -0.01953125 0.0 -2.124023 1.567383 0.0 -1.679688 2.753906 0.0 -1.518555 3.916016 0.0 -1.259766 5.107422 0.0 -1.323242
2.1512  -0.01953125 0.0 -2.128906 1.572266 0.0 -1.68457 2.758789 0.0 -1.523438 3.916016 0.0 -1.259766 5.107422 0.0 -1.328125
2.1528  -0.01464844 0.0 -2.133789 1.577148 0.0 -1.689453 2.763672 0.0 -1.52832 3.920898 0.0 -1.264648 5.112305 0.0 -1.328125
2.1544  -0.01464844 0.0 -2.138672 1.577148 0.0 -1.694336 2.763672 0.0 -1.533203 3.920898 0.0 -1.269531 5.112305 0.0 -1.333008
2.156  -0.009765625 0.0 -2.148438 1.582031 0.0 -1.704102 2.768555 0.0 -1.542969 3.925781 0.0 -1.274414 5.117188 0.0 -1.333008
2.1576  -0.009765625 0.0 -2.15332 1.586914 0.0 -1.708984 2.773438 0.0 -1.547852 3.925781 0.0 -1.279297 5.117188 0.0 -1.337891
2.1592  -0.004882813 0.0 -2.158203 1.591797 0.0 -1.713867 2.773438 0.0 -1.552734 3.925781 0.0 -1.28418 5.12207 0.0 -1.337891
2.1608  -0.004882813 0.0 -2.167969 1.591797 0.0 -1.723633 2.77832 0.0 -1.5625 3.930664 0.0 -1.289063 5.126953 0.0 -1.342773
2.1624  0.0 0.0 -2.177734 1.59668 0.0 -1.733398 2.783203 0.0 -1.567383 3.930664 0.0 -1.293945 5.126953 0.0 -1.347656
2.164  0.004882813 0.0 -2.182617 1.601563 0.0 -1.738281 2.783203 0.0 -1.577148 3.935547 0.0 -1.298828 5.131836 0.0 -1.347656
2.1656  0.009765625 0.0 -2.192383 1.601563 0.0 -1.748047 2.788086 0.0 -1.586914 3.935547 0.0 -1.303711 5.136719 0.0 -1.352539
2.1672  0.009765625 0.0 -2.202148 1.606445 0.0 -1.757813 2.792969 0.0 -1.591797 3.94043 0.0 -1.308594 5.136719 0.0 -1.357422
2.1688  0.01464844 0.0 -2.216797 1.611328 0.0 -1.767578 2.792969 0.0 -1.601563 3.94043 0.0 -1.313477 5.141602 0.0 -1.357422
2.1704  0.01953125 0.0 -2.226563 1.616211 0.0 -1.777344 2.797852 0.0 -1.606445 3.94043 0.0 -1.318359 5.141602 0.0 -1.362305
2.172  0.02441406 0.0 -2.236328 1.616211 0.0 -1.787109 2.802734 0.0 -1.616211 3.945313 0.0 -1.323242 5.146484 0.0 -1.362305
2.1736  0.02929688 0.0 -2.246094 1.621094 0.0 -1.796875 2.802734 0.0 -1.625977 3.945313 0.0 -1.328125 5.146484 0.0 -1.367188
2.1752  0.02929688 0.0 -2.260742 1.625977 0.0 -1.806641 2.807617 0.0 -1.635742 3.950195 0.0 -1.333008 5.151367 0.0 -1.367188
2.1768  0.03417969 0.0 -2.275391 1.625977 0.0 -1.816406 2.8125 0.0 -1.645508 3.950195 0.0 -1.342773 5.151367 0.0 -1.37207
2.1784  0.0390625 0.0 -2.285156 1.630859 0.0 -1.826172 2.8125 0.0 -1.650391 3.950195 0.0 -1.347656 5.15625 0.0 -1.37207
2.18  0.04394531 0.0 -2.299805 1.635742 0.0 -1.84082 2.817383 0.0 -1.660156 3.950195 0.0 -1.352539 5.15625 0.0 -1.376953
2.1816  0.04882813 0.0 -2.314453 1.635742 0.0 -1.850586 2.822266 0.0 -1.669922 3.955078 0.0 -1.357422 5.15625 0.0 -1.376953
2.1832  0.05371094 0.0 -2.329102 1.640625 0.0 -1.860352 2.822266 0.0 -1.679688 3.955078 0.0 -1.362305 5.161133 0.0 -1.376953
2.1848  0.05859375 0.0 -2.34375 1.645508 0.0 -1.875 2.827148 0.0 -1.689453 3.955078 0.0 -1.367188 5.161133 0.0 -1.381836
2.1864  0.06347656 0.0 -2.358398 1.645508 0.0 -1.884766 2.827148 0.0 -1.699219 3.955078 0.0 -1.37207 5.161133 0.0 -1.381836
2.188  0.06835938 0.0 -2.373047 1.650391 0.0 -1.899414 2.832031 0.0 -1.704102 3.955078 0.0 -1.376953 5.161133 0.0 -1.381836
2.1896  0.07324219 0.0 -2.387695 1.650391 0.0 -1.90918 2.832031 0.0 -1.713867 3.955078 0.0 -1.381836 5.161133 0.0 -1.381836
2.1912  0.078125 0.0 -2.407227 1.655273 0.0 -1.918945 2.832031 0.0 -1.723633 3.955078 0.0 -1.386719 5.161133 0.0 -1.381836
2.1928  0.08300781 0.0 -2.421875 1.655273 0.0 -1.933594 2.836914 0.0 -1.733398 3.955078 0.0 -1.391602 5.161133 0.0 -1.386719
2.1944  0.08789063 0.0 -2.436523 1.655273 0.0 -1.943359 2.836914 0.0 -1.743164 3.955078 0.0 -1.396484 5.161133 0.0 -1.386719
2.196  0.08789063 0.0 -2.456055 1.660156 0.0 -1.958008 2.836914 0.0 -1.75293 3.955078 0.0 -1.401367 5.161133 0.0 -1.386719
2.1976  0.09277344 0.0 -2.470703 1.660156 0.0 -1.967773 2.836914 0.0 -1.762695 3.950195 0.0 -1.40625 5.161133 0.0 -1.386719
2.1992  0.09765625 0.0 -2.490234 1.660156 0.0 -1.982422 2.836914 0.0 -1.767578 3.950195 0.0 -1.411133 5.161133 0.0 -1.386719
2.2008  0.1025391 0.0 -2.504883 1.660156 0.0 -1.992188 2.841797 0.0 -1.777344 3.950195 0.0 -1.416016 5.161133 0.0 -1.381836
2.2024  0.1074219 0.0 -2.524414 1.660156 0.0 -2.006836 2.841797 0.0 -1.787109 3.945313 0.0 -1.420898 5.15625 0.0 -1.381836
2.204  0.1123047 0.0 -2.539063 1.665039 0.0 -2.016602 2.841797 0.0 -1.796875 3.945313 0.0 -1.425781 5.15625 0.0 -1.381836
2.2056  0.1123047 0.0 -2.558594 1.665039 0.0 -2.03125 2.841797 0.0 -1.806641 3.94043 0.0 -1.430664 5.151367 0.0 -1.381836
2.2072  0.1171875 0.0 -2.573242 1.665039 0.0 -2.041016 2.836914 0.0 -1.816406 3.94043 0.0 -1.435547 5.151367 0.0 -1.381836
2.2088  0.1220703 0.0 -2.592773 1.665039 0.0 -2.055664 2.836914 0.0 -1.821289 3.935547 0.0 -1.44043 5.146484 0.0 -1.381836
2.2104  0.1269531 0.0 -2.607422 1.665039 0.0 -2.06543 2.836914 0.0 -1.831055 3.930664 0.0 -1.445313 5.146484 0.0 -1.381836
2.212  0.1269531 0.0 -2.626953 1.665039 0.0 -2.080078 2.836914 0.0 -1.84082 3.930664 0.0 -1.445313 5.141602 0.0 -1.376953
2.2136  0.1318359 0.0 -2.641602 1.665039 0.0 -2.089844 2.836914 0.0 -1.850586 3.925781 0.0 -1.450195 5.136719 0.0 -1.376953
2.2152  0.1367188 0.0 -2.661133 1.665039 0.0 -2.104492 2.836914 0.0 -1.860352 3.920898 0.0 -1.455078 5.136719 0.0 -1.376953
2.2168  0.1367188 0.0 -2.680664 1.660156 0.0 -2.114258 2.832031 0.0 -1.865234 3.920898 0.0 -1.459961 5.131836 0.0 -1.376953
2.2184  0.1416016 0.0 -2.695313 1.660156 0.0 -2.128906 2.832031 0.0 -1.875 3.916016 0.0 -1.464844 5.126953 0.0 -1.376953
2.22  0.1464844 0.0 -2.714844 1.660156 0.0 -2.138672 2.832031 0.0 -1.884766 3.911133 0.0 -1.469727 5.12207 0.0 -1.376953
2.2216  0.1464844 0.0 -2.729492 1.660156 0.0 -2.148438 2.827148 0.0 -1.889648 3.911133 0.0 -1.474609 5.117188 0.0 -1.37207
2.2232  0.1513672 0.0 -2.744141 1.660156 0.0 -2.163086 2.827148 0.0 -1.899414 3.90625 0.0 -1.479492 5.117188 0.0 -1.37207
2.2248  0.15625 0.0 -2.763672 1.660156 0.0 -2.172852 2.827148 0.0 -1.90918 3.901367 0.0 -1.484375 5.112305 0.0 -1.37207
2.2264  0.15625 0.0 -2.77832 1.660156 0.0 -2.1875 2.827148 0.0 -1.918945 3.901367 0.0 -1.489258 5.107422 0.0 -1.37207
2.228  0.1611328 0.0 -2.792969 1.660156 0.0 -2.197266 2.822266 0.0 -1.923828 3.896484 0.0 -1.494141 5.102539 0.0 -1.37207
2.2296  0.1660156 0.0 -2.8125 1.655273 0.0 -2.207031 2.822266 0.0 -1.933594 3.891602 0.0 -1.499023 5.102539 0.0 -1.37207
2.2312  0.1660156 0.0 -2.827148 1.655273 0.0 -2.22168 2.822266 0.0 -1.943359 3.891602 0.0 -1.503906 5.097656 0.0 -1.37207
2.2328  0.1708984 0.0 -2.841797 1.655273 0.0 -2.231445 2.817383 0.0 -1.948242 3.886719 0.0 -1.508789 5.092773 0.0 -1.37207
2.2344  0.1708984 0.0 -2.856445 1.655273 0.0 -2.241211 2.817383 0.0 -1.958008 3.886719 0.0 -1.513672 5.087891 0.0 -1.37207
2.236  0.1757813 0.0 -2.871094 1.655273 0.0 -2.250977 2.817383 0.0 -1.962891 3.881836 0.0 -1.518555 5.087891 0.0 -1.37207
2.2376  0.1757813 0.0 -2.885742 1.655273 0.0 -2.260742 2.817383 0.0 -1.972656 3.876953 0.0 -1.523438 5.083008 0.0 -1.37207
2.2392  0.1806641 0.0 -2.900391 1.655273 0.0 -2.270508 2.817383 0.0 -1.977539 3.876953 0.0 -1.52832 5.078125 0.0 -1.37207
2.2408  0.1806641 0.0 -2.915039 1.655273 0.0 -2.285156 2.8125 0.0 -1.987305 3.87207 0.0 -1.533203 5.078125 0.0 -1.376953
2.2424  0.1855469 0.0 -2.929688 1.655273 0.0 -2.294922 2.8125 0.0 -1.992188 3.87207 0.0 -1.538086 5.073242 0.0 -1.376953
2.244  0.1855469 0.0 -2.939453 1.655273 0.0 -2.299805 2.8125 0.0 -2.001953 3.867188 0.0 -1.542969 5.073242 0.0 -1.376953
2.2456  0.1904297 0.0 -2.954102 1.655273 0.0 -2.30957 2.8125 0.0 -2.006836 3.867188 0.0 -1.542969 5.068359 0.0 -1.376953
2.2472  0.1904297 0.0 -2.96875 1.655273 0.0 -2.319336 2.8125 0.0 -2.016602 3.862305 0.0 -1.547852 5.063477 0.0 -1.376953
2.2488  0.1953125 0.0 -2.978516 1.655273 0.0 -2.329102 2.8125 0.0 -2.021484 3.862305 0.0 -1.552734 5.063477 0.0 -1.376953
2.2504  0.1953125 0.0 -2.988281 1.655273 0.0 -2.338867 2.8125 0.0 -2.026367 3.862305 0.0 -1.557617 5.058594 0.0 -1.376953
2.252  0.1953125 0.0 -3.00293 1.660156 0.0 -2.34375 2.8125 0.0 -2.036133 3.857422 0.0 -1.5625 5.058594 0.0 -1.376953
2.2536  0.2001953 0.0 -3.012695 1.660156 0.0 -2.353516 2.8125 0.0 -2.041016 3.857422 0.0 -1.5625 5.053711 0.0 -1.381836
2.2552  0.2001953 0.0 -3.022461 1.660156 0.0 -2.358398 2.807617 0.0 -2.045898 3.852539 0.0 -1.567383 5.053711 0.0 -1.381836
2.2568  0.2001953 0.0 -3.032227 1.660156 0.0 -2.368164 2.807617 0.0 -2.050781 3.852539 0.0 -1.567383 5.048828 0.0 -1.381836
2.2584  0.2050781 0.0 -3.041992 1.660156 0.0 -2.373047 2.807617 0.0 -2.055664 3.847656 0.0 -1.572266 5.048828 0.0 -1.381836
2.26  0.2050781 0.0 -3.051758 1.660156 0.0 -2.382813 2.807617 0.0 -2.060547 3.847656 0.0 -1.577148 5.043945 0.0 -1.381836
2.2616  0.2050781 0.0 -3.061523 1.660156 0.0 -2.387695 2.807617 0.0 -2.06543 3.842773 0.0 -1.577148 5.043945 0.0 -1.381836
2.2632  0.2099609 0.0 -3.071289 1.660156 0.0 -2.392578 2.807617 0.0 -2.070313 3.842773 0.0 -1.577148 5.039063 0.0 -1.381836
2.2648  0.2099609 0.0 -3.076172 1.660156 0.0 -2.397461 2.807617 0.0 -2.075195 3.842773 0.0 -1.582031 5.039063 0.0 -1.386719
2.2664  0.2099609 0.0 -3.085938 1.660156 0.0 -2.402344 2.807617 0.0 -2.080078 3.837891 0.0 -1.582031 5.03418 0.0 -1.386719
2.268  0.2099609 0.0 -3.09082 1.655273 0.0 -2.407227 2.802734 0.0 -2.080078 3.837891 0.0 -1.582031 5.03418 0.0 -1.386719
2.2696  0.2099609 0.0 -3.100586 1.655273 0.0 -2.412109 2.802734 0.0 -2.084961 3.833008 0.0 -1.586914 5.029297 0.0 -1.386719
2.2712  0.2099609 0.0 -3.105469 1.655273 0.0 -2.416992 2.802734 0.0 -2.089844 3.833008 0.0 -1.586914 5.029297 0.0 -1.386719
2.2728  0.2099609 0.0 -3.110352 1.655273 0.0 -2.421875 2.802734 0.0 -2.089844 3.828125 0.0 -1.586914 5.024414 0.0 -1.386719
2.2744  0.2148438 0.0 -3.115234 1.655273 0.0 -2.421875 2.802734 0.0 -2.094727 3.828125 0.0 -1.586914 5.019531 0.0 -1.386719
2.276  0.2148438 0.0 -3.120117 1.655273 0.0 -2.426758 2.802734 0.0 -2.094727 3.823242 0.0 -1.591797 5.019531 0.0 -1.386719
2.2776  0.2148438 0.0 -3.129883 1.655273 0.0 -2.426758 2.797852 0.0 -2.099609 3.823242 0.0 -1.591797 5.014648 0.0 -1.386719
2.2792  0.2148438 0.0 -3.129883 1.655273 0.0 -2.431641 2.797852 0.0 -2.099609 3.818359 0.0 -1.591797 5.014648 0.0 -1.386719
2.2808  0.2148438 0.0 -3.134766 1.655273 0.0 -2.431641 2.797852 0.0 -2.104492 3.818359 0.0 -1.591797 5.009766 0.0 -1.386719
2.2824  0.2148438 0.0 -3.139648 1.650391 0.0 -2.436523 2.797852 0.0 -2.104492 3.813477 0.0 -1.591797 5.009766 0.0 -1.386719
2.284  0.2148438 0.0 -3.144531 1.650391 0.0 -2.436523 2.797852 0.0 -2.104492 3.813477 0.0 -1.591797 5.004883 0.0 -1.381836
2.2856  0.2148438 0.0 -3.144531 1.650391 0.0 -2.436523 2.792969 0.0 -2.104492 3.813477 0.0 -1.591797 5.004883 0.0 -1.381836
2.2872  0.2148438 0.0 -3.149414 1.650391 0.0 -2.436523 2.792969 0.0 -2.109375 3.808594 0.0 -1.591797 5.004883 0.0 -1.381836
2.2888  0.2148438 0.0 -3.154297 1.650391 0.0 -2.441406 2.792969 0.0 -2.109375 3.808594 0.0 -1.591797 5.0 0.0 -1.381836
2.2904  0.2099609 0.0 -3.154297 1.650391 0.0 -2.441406 2.792969 0.0 -2.109375 3.803711 0.0 -1.591797 5.0 0.0 -1.381836
2.292  0.2099609 0.0 -3.154297 1.645508 0.0 -2.441406 2.788086 0.0 -2.109375 3.803711 0.0 -1.591797 4.995117 0.0 -1.381836
2.2936  0.2099609 0.0 -3.15918 1.645508 0.0 -2.441406 2.788086 0.0 -2.109375 3.803711 0.0 -1.591797 4.995117 0.0 -1.381836
2.2952  0.2099609 0.0 -3.15918 1.645508 0.0 -2.436523 2.788086 0.0 -2.104492 3.798828 0.0 -1.591797 4.995117 0.0 -1.381836
2.2968  0.2099609 0.0 -3.15918 1.645508 0.0 -2.436523 2.788086 0.0 -2.104492 3.798828 0.0 -1.591797 4.990234 0.0 -1.381836
2.2984  0.2099609 0.0 -3.15918 1.645508 0.0 -2.436523 2.783203 0.0 -2.104492 3.798828 0.0 -1.586914 4.990234 0.0 -1.381836
2.3  0.2099609 0.0 -3.15918 1.640625 0.0 -2.436523 2.783203 0.0 -2.104492 3.793945 0.0 -1.586914 4.985352 0.0 -1.381836
2.3016  0.2099609 0.0 -3.15918 1.640625 0.0 -2.431641 2.783203 0.0 -2.099609 3.793945 0.0 -1.586914 4.985352 0.0 -1.381836
2.3032  0.2099609 0.0 -3.15918 1.640625 0.0 -2.431641 2.783203 0.0 -2.099609 3.793945 0.0 -1.586914 4.985352 0.0 -1.381836
2.3048  0.2099609 0.0 -3.15918 1.640625 0.0 -2.426758 2.77832 0.0 -2.099609 3.793945 0.0 -1.586914 4.985352 0.0 -1.381836
2.3064  0.2099609 0.0 -3.15918 1.640625 0.0 -2.426758 2.77832 0.0 -2.094727 3.789063 0.0 -1.582031 4.980469 0.0 -1.381836
2.308  0.2099609 0.0 -3.15918 1.635742 0.0 -2.421875 2.77832 0.0 -2.089844 3.789063 0.0 -1.582031 4.980469 0.0 -1.381836
2.3096  0.2050781 0.0 -3.15918 1.635742 0.0 -2.421875 2.77832 0.0 -2.089844 3.789063 0.0 -1.582031 4.980469 0.0 -1.381836
2.3112  0.2050781 0.0 -3.154297 1.635742 0.0 -2.416992 2.773438 0.0 -2.084961 3.789063 0.0 -1.577148 4.975586 0.0 -1.381836
2.3128  0.2050781 0.0 -3.154297 1.635742 0.0 -2.412109 2.773438 0.0 -2.080078 3.78418 0.0 -1.577148 4.975586 0.0 -1.381836
2.3144  0.2050781 0.0 -3.149414 1.635742 0.0 -2.407227 2.773438 0.0 -2.075195 3.78418 0.0 -1.577148 4.975586 0.0 -1.381836
2.316  0.2050781 0.0 -3.149414 1.630859 0.0 -2.402344 2.768555 0.0 -2.075195 3.78418 0.0 -1.572266 4.975586 0.0 -1.381836
2.3176  0.2050781 0.0 -3.144531 1.630859 0.0 -2.397461 2.768555 0.0 -2.070313 3.78418 0.0 -1.572266 4.975586 0.0 -1.376953
2.3192  0.2050781 0.0 -3.144531 1.630859 0.0 -2.392578 2.768555 0.0 -2.06543 3.78418 0.0 -1.567383 4.970703 0.0 -1.376953
2.3208  0.2050781 0.0 -3.139648 1.630859 0.0 -2.387695 2.768555 0.0 -2.055664 3.78418 0.0 -1.567383 4.970703 0.0 -1.376953
2.3224  0.2050781 0.0 -3.134766 1.630859 0.0 -2.382813 2.763672 0.0 -2.050781 3.779297 0.0 -1.5625 4.970703 0.0 -1.376953
2.324  0.2050781 0.0 -3.129883 1.625977 0.0 -2.373047 2.763672 0.0 -2.045898 3.779297 0.0 -1.557617 4.970703 0.0 -1.376953
2.3256  0.2050781 0.0 -3.125 1.625977 0.0 -2.368164 2.763672 0.0 -2.041016 3.779297 0.0 -1.557617 4.970703 0.0 -1.376953
2.3272  0.2050781 0.0 -3.120117 1.625977 0.0 -2.363281 2.758789 0.0 -2.03125 3.779297 0.0 -1.552734 4.970703 0.0 -1.376953
2.3288  0.2050781 0.0 -3.115234 1.625977 0.0 -2.353516 2.758789 0.0 -2.026367 3.779297 0.0 -1.547852 4.970703 0.0 -1.376953
2.3304  0.2050781 0.0 -3.110352 1.625977 0.0 -2.34375 2.758789 0.0 -2.016602 3.779297 0.0 -1.542969 4.970703 0.0 -1.37207
2.332  0.2050781 0.0 -3.105469 1.621094 0.0 -2.338867 2.753906 0.0 -2.011719 3.779297 0.0 -1.538086 4.96582 0.0 -1.37207
2.3336  0.2050781 0.0 -3.100586 1.621094 0.0 -2.329102 2.753906 0.0 -2.001953 3.779297 0.0 -1.533203 4.96582 0.0 -1.37207
2.3352  0.2050781 0.0 -3.095703 1.621094 0.0 -2.319336 2.753906 0.0 -1.992188 3.779297 0.0 -1.52832 4.96582 0.0 -1.37207
2.3368  0.2050781 0.0 -3.09082 1.621094 0.0 -2.30957 2.753906 0.0 -1.987305 3.779297 0.0 -1.523438 4.96582 0.0 -1.367188
2.3384  0.2050781 0.0 -3.081055 1.616211 0.0 -2.299805 2.749023 0.0 -1.977539 3.779297 0.0 -1.518555 4.96582 0.0 -1.367188
2.34  0.2050781 0.0 -3.076172 1.616211 0.0 -2.290039 2.749023 0.0 -1.967773 3.774414 0.0 -1.513672 4.96582 0.0 -1.367188
2.3416  0.2050781 0.0 -3.066406 1.616211 0.0 -2.280273 2.749023 0.0 -1.958008 3.774414 0.0 -1.508789 4.96582 0.0 -1.362305
2.3432  0.2050781 0.0 -3.061523 1.616211 0.0 -2.270508 2.744141 0.0 -1.943359 3.774414 0.0 -1.503906 4.96582 0.0 -1.362305
2.3448  0.2050781 0.0 -3.051758 1.611328 0.0 -2.255859 2.744141 0.0 -1.933594 3.774414 0.0 -1.499023 4.96582 0.0 -1.362305
2.3464  0.2001953 0.0 -3.046875 1.611328 0.0 -2.246094 2.744141 0.0 -1.923828 3.774414 0.0 -1.489258 4.96582 0.0 -1.357422
2.348  0.2001953 0.0 -3.037109 1.611328 0.0 -2.231445 2.739258 0.0 -1.914063 3.774414 0.0 -1.484375 4.96582 0.0 -1.357422
2.3496  0.2001953 0.0 -3.032227 1.611328 0.0 -2.22168 2.739258 0.0 -1.899414 3.774414 0.0 -1.474609 4.96582 0.0 -1.352539
2.3512  0.2001953 0.0 -3.022461 1.606445 0.0 -2.207031 2.739258 0.0 -1.889648 3.774414 0.0 -1.469727 4.96582 0.0 -1.352539
2.3528  0.2001953 0.0 -3.012695 1.606445 0.0 -2.192383 2.734375 0.0 -1.875 3.774414 0.0 -1.459961 4.96582 0.0 -1.347656
2.3544  0.2001953 0.0 -3.00293 1.606445 0.0 -2.177734 2.734375 0.0 -1.860352 3.774414 0.0 -1.455078 4.96582 0.0 -1.342773
2.356  0.2001953 0.0 -2.993164 1.601563 0.0 -2.167969 2.729492 0.0 -1.850586 3.774414 0.0 -1.445313 4.96582 0.0 -1.342773
2.3576  0.2001953 0.0 -2.983398 1.601563 0.0 -2.15332 2.729492 0.0 -1.835938 3.774414 0.0 -1.44043 4.960938 0.0 -1.337891
2.3592  0.2001953 0.0 -2.973633 1.601563 0.0 -2.138672 2.729492 0.0 -1.821289 3.774414 0.0 -1.430664 4.960938 0.0 -1.333008
2.3608  0.2001953 0.0 -2.963867 1.59668 0.0 -2.119141 2.724609 0.0 -1.806641 3.774414 0.0 -1.420898 4.960938 0.0 -1.333008
2.3624  0.2001953 0.0 -2.954102 1.59668 0.0 -2.104492 2.724609 0.0 -1.791992 3.769531 0.0 -1.411133 4.960938 0.0 -1.328125
2.364  0.1953125 0.0 -2.944336 1.591797 0.0 -2.089844 2.719727 0.0 -1.777344 3.769531 0.0 -1.401367 4.960938 0.0 -1.323242
2.3656  0.1953125 0.0 -2.93457 1.591797 0.0 -2.075195 2.719727 0.0 -1.762695 3.769531 0.0 -1.391602 4.960938 0.0 -1.318359
2.3672  0.1953125 0.0 -2.924805 1.591797 0.0 -2.055664 2.719727 0.0 -1.748047 3.769531 0.0 -1.381836 4.956055 0.0 -1.313477
2.3688  0.1953125 0.0 -2.915039 1.586914 0.0 -2.041016 2.714844 0.0 -1.733398 3.769531 0.0 -1.37207 4.956055 0.0 -1.313477
2.3704  0.1953125 0.0 -2.900391 1.586914 0.0 -2.021484 2.714844 0.0 -1.713867 3.769531 0.0 -1.362305 4.956055 0.0 -1.308594
2.372  0.1953125 0.0 -2.890625 1.582031 0.0 -2.006836 2.709961 0.0 -1.699219 3.769531 0.0 -1.352539 4.956055 0.0 -1.303711
2.3736  0.1953125 0.0 -2.880859 1.582031 0.0 -1.987305 2.709961 0.0 -1.68457 3.769531 0.0 -1.342773 4.951172 0.0 -1.298828
2.3752  0.1904297 0.0 -2.871094 1.577148 0.0 -1.972656 2.705078 0.0 -1.665039 3.764648 0.0 -1.333008 4.951172 0.0 -1.293945
2.3768  0.1904297 0.0 -2.856445 1.577148 0.0 -1.953125 2.705078 0.0 -1.650391 3.764648 0.0 -1.323242 4.951172 0.0 -1.289063
2.3784  0.1904297 0.0 -2.84668 1.577148 0.0 -1.933594 2.700195 0.0 -1.635742 3.764648 0.0 -1.308594 4.946289 0.0 -1.28418
2.38  0.1904297 0.0 -2.836914 1.572266 0.0 -1.918945 2.700195 0.0 -1.616211 3.764648 0.0 -1.298828 4.946289 0.0 -1.279297
2.3816  0.1904297 0.0 -2.827148 1.572266 0.0 -1.899414 2.695313 0.0 -1.601563 3.764648 0.0 -1.289063 4.941406 0.0 -1.274414
2.3832  0.1855469 0.0 -2.8125 1.567383 0.0 -1.879883 2.695313 0.0 -1.582031 3.759766 0.0 -1.279297 4.941406 0.0 -1.264648
2.3848  0.1855469 0.0 -2.802734 1.567383 0.0 -1.865234 2.69043 0.0 -1.567383 3.759766 0.0 -1.264648 4.941406 0.0 -1.259766
2.3864  0.1855469 0.0 -2.792969 1.5625 0.0 -1.845703 2.69043 0.0 -1.547852 3.759766 0.0 -1.254883 4.936523 0.0 -1.254883
2.388  0.1855469 0.0 -2.77832 1.5625 0.0 -1.826172 2.685547 0.0 -1.52832 3.759766 0.0 -1.245117 4.931641 0.0 -1.25
2.3896  0.1806641 0.0 -2.768555 1.557617 0.0 -1.806641 2.680664 0.0 -1.513672 3.754883 0.0 -1.230469 4.931641 0.0 -1.245117
2.3912  0.1806641 0.0 -2.758789 1.552734 0.0 -1.787109 2.680664 0.0 -1.494141 3.754883 0.0 -1.220703 4.926758 0.0 -1.240234
2.3928  0.1806641 0.0 -2.744141 1.552734 0.0 -1.772461 2.675781 0.0 -1.474609 3.754883 0.0 -1.210938 4.926758 0.0 -1.235352
2.3944  0.1806641 0.0 -2.734375 1.547852 0.0 -1.75293 2.675781 0.0 -1.459961 3.754883 0.0 -1.196289 4.921875 0.0 -1.225586
2.396  0.1757813 0.0 -2.724609 1.547852 0.0 -1.733398 2.670898 0.0 -1.44043 3.75 0.0 -1.186523 4.916992 0.0 -1.220703
2.3976  0.1757813 0.0 -2.709961 1.542969 0.0 -1.713867 2.666016 0.0 -1.420898 3.75 0.0 -1.171875 4.916992 0.0 -1.21582
2.3992  0.1757813 0.0 -2.700195 1.538086 0.0 -1.694336 2.666016 0.0 -1.40625 3.75 0.0 -1.162109 4.912109 0.0 -1.210938
2.4008  0.1708984 0.0 -2.69043 1.538086 0.0 -1.674805 2.661133 0.0 -1.386719 3.745117 0.0 -1.152344 4.907227 0.0 -1.201172
2.4024  0.1708984 0.0 -2.675781 1.533203 0.0 -1.655273 2.65625 0.0 -1.367188 3.745117 0.0 -1.137695 4.902344 0.0 -1.196289
2.404  0.1708984 0.0 -2.666016 1.533203 0.0 -1.635742 2.65625 0.0 -1.347656 3.745117 0.0 -1.12793 4.902344 0.0 -1.191406
2.4056  0.1660156 0.0 -2.65625 1.52832 0.0 -1.616211 2.651367 0.0 -1.333008 3.740234 0.0 -1.118164 4.897461 0.0 -1.186523
2.4072  0.1660156 0.0 -2.641602 1.523438 0.0 -1.59668 2.646484 0.0 -1.313477 3.740234 0.0 -1.103516 4.892578 0.0 -1.176758
2.4088  0.1660156 0.0 -2.631836 1.523438 0.0 -1.577148 2.641602 0.0 -1.293945 3.740234 0.0 -1.09375 4.887695 0.0 -1.171875
2.4104  0.1611328 0.0 -2.62207 1.518555 0.0 -1.557617 2.641602 0.0 -1.274414 3.735352 0.0 -1.083984 4.882813 0.0 -1.166992
2.412  0.1611328 0.0 -2.612305 1.513672 0.0 -1.538086 2.636719 0.0 -1.254883 3.735352 0.0 -1.074219 4.87793 0.0 -1.162109
2.4136  0.1611328 0.0 -2.597656 1.508789 0.0 -1.513672 2.631836 0.0 -1.235352 3.735352 0.0 -1.05957 4.873047 0.0 -1.152344
2.4152  0.15625 0.0 -2.587891 1.508789 0.0 -1.494141 2.626953 0.0 -1.220703 3.730469 0.0 -1.049805 4.868164 0.0 -1.147461
2.4168  0.15625 0.0 -2.578125 1.503906 0.0 -1.474609 2.626953 0.0 -1.201172 3.730469 0.0 -1.040039 4.863281 0.0 -1.142578
2.4184  0.15625 0.0 -2.568359 1.499023 0.0 -1.450195 2.62207 0.0 -1.181641 3.725586 0.0 -1.025391 4.858398 0.0 -1.132813
2.42  0.1513672 0.0 -2.558594 1.499023 0.0 -1.430664 2.617188 0.0 -1.162109 3.725586 0.0 -1.015625 4.853516 0.0 -1.12793
2.4216  0.1513672 0.0 -2.548828 1.494141 0.0 -1.40625 2.612305 0.0 -1.142578 3.725586 0.0 -1.005859 4.848633 0.0 -1.118164
2.4232  0.1513672 0.0 -2.53418 1.494141 0.0 -1.381836 2.612305 0.0 -1.123047 3.720703 0.0 -0.9960938 4.84375 0.0 -1.113281
2.4248  0.1464844 0.0 -2.524414 1.489258 0.0 -1.357422 2.607422 0.0 -1.103516 3.720703 0.0 -0.9863281 4.838867 0.0 -1.103516
2.4264  0.1464844 0.0 -2.514648 1.484375 0.0 -1.337891 2.602539 0.0 -1.083984 3.720703 0.0 -0.9716797 4.833984 0.0 -1.098633
2.428  0.1464844 0.0 -2.504883 1.484375 0.0 -1.313477 2.597656 0.0 -1.064453 3.71582 0.0 -0.9619141 4.829102 0.0 -1.088867
2.4296  0.1464844 0.0 -2.495117 1.479492 0.0 -1.289063 2.597656 0.0 -1.044922 3.71582 0.0 -0.9521484 4.824219 0.0 -1.083984
2.4312  0.1416016 0.0 -2.485352 1.479492 0.0 -1.264648 2.592773 0.0 -1.025391 3.710938 0.0 -0.9423828 4.819336 0.0 -1.074219
2.4328  0.1416016 0.0 -2.475586 1.474609 0.0 -1.240234 2.587891 0.0 -1.005859 3.710938 0.0 -0.9277344 4.814453 0.0 -1.069336
2.4344  0.1416016 0.0 -2.46582 1.474609 0.0 -1.210938 2.587891 0.0 -0.9863281 3.706055 0.0 -0.9179688 4.804688 0.0 -1.05957
2.436  0.1367188 0.0 -2.456055 1.469727 0.0 -1.186523 2.583008 0.0 -0.9667969 3.706055 0.0 -0.9082031 4.799805 0.0 -1.054688
2.4376  0.1367188 0.0 -2.446289 1.469727 0.0 -1.162109 2.578125 0.0 -0.9472656 3.701172 0.0 -0.8984375 4.794922 0.0 -1.044922
2.4392  0.1367188 0.0 -2.436523 1.469727 0.0 -1.132813 2.578125 0.0 -0.9277344 3.701172 0.0 -0.8886719 4.790039 0.0 -1.040039
2.4408  0.1318359 0.0 -2.426758 1.464844 0.0 -1.108398 2.573242 0.0 -0.9082031 3.696289 0.0 -0.8789063 4.785156 0.0 -1.030273
2.4424  0.1318359 0.0 -2.416992 1.464844 0.0 -1.083984 2.568359 0.0 -0.8886719 3.696289 0.0 -0.8691406 4.780273 0.0 -1.020508
2.444  0.1318359 0.0 -2.407227 1.464844 0.0 -1.054688 2.568359 0.0 -0.8691406 3.691406 0.0 -0.859375 4.770508 0.0 -1.015625
2.4456  0.1269531 0.0 -2.402344 1.459961 0.0 -1.030273 2.563477 0.0 -0.8544922 3.691406 0.0 -0.8447266 4.765625 0.0 -1.005859
2.4472  0.1269531 0.0 -2.392578 1.459961 0.0 -1.005859 2.563477 0.0 -0.8349609 3.686523 0.0 -0.8349609 4.760742 0.0 -1.000977
2.4488  0.1220703 0.0 -2.382813 1.459961 0.0 -0.9765625 2.558594 0.0 -0.8154297 3.686523 0.0 -0.8251953 4.755859 0.0 -0.9912109
2.4504  0.1220703 0.0 -2.373047 1.459961 0.0 -0.9521484 2.553711 0.0 -0.7958984 3.681641 0.0 -0.8154297 4.746094 0.0 -0.9863281
2.452  0.1171875 0.0 -2.363281 1.459961 0.0 -0.9277344 2.553711 0.0 -0.7763672 3.681641 0.0 -0.8056641 4.741211 0.0 -0.9814453
2.4536  0.1171875 0.0 -2.353516 1.455078 0.0 -0.9033203 2.548828 0.0 -0.7617188 3.676758 0.0 -0.8007813 4.736328 0.0 -0.9716797
2.4552  0.1123047 0.0 -2.348633 1.455078 0.0 -0.8740234 2.548828 0.0 -0.7421875 3.671875 0.0 -0.7910156 4.731445 0.0 -0.9667969
2.4568  0.1123047 0.0 -2.338867 1.455078 0.0 -0.8496094 2.543945 0.0 -0.7226563 3.671875 0.0 -0.78125 4.726563 0.0 -0.9570313
2.4584  0.1074219 0.0 -2.329102 1.455078 0.0 -0.8300781 2.543945 0.0 -0.7080078 3.671875 0.0 -0.7714844 4.72168 0.0 -0.9521484
2.46  0.1074219 0.0 -2.319336 1.455078 0.0 -0.8056641 2.539063 0.0 -0.6884766 3.666992 0.0 -0.7617188 4.716797 0.0 -0.9472656
2.4616  0.1025391 0.0 -2.314453 1.455078 0.0 -0.78125 2.539063 0.0 -0.6738281 3.666992 0.0 -0.7519531 4.707031 0.0 -0.9375
2.4632  0.1025391 0.0 -2.304688 1.455078 0.0 -0.7617188 2.53418 0.0 -0.6591797 3.662109 0.0 -0.7421875 4.702148 0.0 -0.9326172
2.4648  0.09765625 0.0 -2.294922 1.455078 0.0 -0.7373047 2.53418 0.0 -0.6396484 3.662109 0.0 -0.7373047 4.697266 0.0 -0.9277344
2.4664  0.09765625 0.0 -2.290039 1.455078 0.0 -0.7177734 2.529297 0.0 -0.625 3.657227 0.0 -0.7275391 4.692383 0.0 -0.9228516
2.468  0.09277344 0.0 -2.280273 1.455078 0.0 -0.6982422 2.529297 0.0 -0.6103516 3.657227 0.0 -0.7177734 4.6875 0.0 -0.9179688
2.4696  0.08789063 0.0 -2.270508 1.455078 0.0 -0.6787109 2.524414 0.0 -0.5957031 3.657227 0.0 -0.7128906 4.682617 0.0 -0.9082031
2.4712  0.08789063 0.0 -2.265625 1.455078 0.0 -0.6591797 2.524414 0.0 -0.5810547 3.657227 0.0 -0.703125 4.677734 0.0 -0.9033203
2.4728  0.08300781 0.0 -2.255859 1.455078 0.0 -0.6445313 2.519531 0.0 -0.5664063 3.652344 0.0 -0.6982422 4.672852 0.0 -0.8984375
2.4744  0.078125 0.0 -2.250977 1.455078 0.0 -0.6298828 2.519531 0.0 -0.5566406 3.652344 0.0 -0.6884766 4.667969 0.0 -0.8935547
2.476  0.078125 0.0 -2.241211 1.455078 0.0 -0.6103516 2.514648 0.0 -0.5419922 3.652344 0.0 -0.6787109 4.667969 0.0 -0.8886719
2.4776  0.07324219 0.0 -2.236328 1.455078 0.0 -0.5957031 2.514648 0.0 -0.5322266 3.652344 0.0 -0.6738281 4.663086 0.0 -0.8837891
2.4792  0.07324219 0.0 -2.226563 1.455078 0.0 -0.5859375 2.514648 0.0 -0.5175781 3.652344 0.0 -0.6640625 4.658203 0.0 -0.8789063
2.4808  0.06835938 0.0 -2.22168 1.455078 0.0 -0.5712891 2.509766 0.0 -0.5078125 3.647461 0.0 -0.6591797 4.65332 0.0 -0.8740234
2.4824  0.06347656 0.0 -2.216797 1.455078 0.0 -0.5615234 2.509766 0.0 -0.4931641 3.647461 0.0 -0.6542969 4.648438 0.0 -0.8691406
2.484  0.06347656 0.0 -2.207031 1.455078 0.0 -0.546875 2.504883 0.0 -0.4833984 3.647461 0.0 -0.6445313 4.648438 0.0 -0.8642578
2.4856  0.05859375 0.0 -2.202148 1.455078 0.0 -0.5371094 2.504883 0.0 -0.4736328 3.647461 0.0 -0.6396484 4.643555 0.0 -0.859375
2.4872  0.05859375 0.0 -2.197266 1.455078 0.0 -0.5273438 2.5 0.0 -0.4638672 3.647461 0.0 -0.6347656 4.638672 0.0 -0.859375
2.4888  0.05371094 0.0 -2.1875 1.455078 0.0 -0.5224609 2.5 0.0 -0.4541016 3.647461 0.0 -0.625 4.638672 0.0 -0.8544922
2.4904  0.05371094 0.0 -2.182617 1.455078 0.0 -0.5126953 2.495117 0.0 -0.4492188 3.647461 0.0 -0.6201172 4.633789 0.0 -0.8496094
2.492  0.04882813 0.0 -2.177734 1.455078 0.0 -0.5078125 2.495117 0.0 -0.4394531 3.647461 0.0 -0.6152344 4.628906 0.0 -0.8447266
2.4936  0.04394531 0.0 -2.172852 1.455078 0.0 -0.4980469 2.490234 0.0 -0.4296875 3.647461 0.0 -0.6103516 4.628906 0.0 -0.8398438
2.4952  0.04394531 0.0 -2.167969 1.455078 0.0 -0.4931641 2.490234 0.0 -0.4248047 3.647461 0.0 -0.6054688 4.624023 0.0 -0.8398438
2.4968  0.0390625 0.0 -2.163086 1.455078 0.0 -0.4882813 2.490234 0.0 -0.4199219 3.647461 0.0 -0.6005859 4.624023 0.0 -0.8349609
2.4984  0.0390625 0.0 -2.158203 1.455078 0.0 -0.4833984 2.485352 0.0 -0.4101563 3.647461 0.0 -0.5957031 4.619141 0.0 -0.8300781
2.5  0.03417969 0.0 -2.148438 1.455078 0.0 -0.4833984 2.485352 0.0 -0.4052734 3.647461 0.0 -0.5908203 4.619141 0.0 -0.8300781
2.5016  0.03417969 0.0 -2.143555 1.455078 0.0 -0.4785156 2.480469 0.0 -0.4003906 3.647461 0.0 -0.5859375 4.619141 0.0 -0.8251953
2.5032  0.02929688 0.0 -2.138672 1.450195 0.0 -0.4736328 2.480469 0.0 -0.3955078 3.647461 0.0 -0.5810547 4.614258 0.0 -0.8203125
2.5048  0.02929688 0.0 -2.138672 1.450195 0.0 -0.4736328 2.475586 0.0 -0.390625 3.647461 0.0 -0.5761719 4.614258 0.0 -0.8203125
2.5064  0.02441406 0.0 -2.133789 1.450195 0.0 -0.4736328 2.475586 0.0 -0.3857422 3.647461 0.0 -0.5712891 4.609375 0.0 -0.8154297
2.508  0.02441406 0.0 -2.128906 1.450195 0.0 -0.46875 2.475586 0.0 -0.3808594 3.652344 0.0 -0.5664063 4.609375 0.0 -0.8154297
2.5096  0.01953125 0.0 -2.124023 1.450195 0.0 -0.46875 2.470703 0.0 -0.3759766 3.652344 0.0 -0.5664063 4.609375 0.0 -0.8105469
2.5112  0.01953125 0.0 -2.119141 1.450195 0.0 -0.46875 2.470703 0.0 -0.3710938 3.652344 0.0 -0.5615234 4.604492 0.0 -0.8056641
2.5128  0.01464844 0.0 -2.114258 1.450195 0.0 -0.46875 2.46582 0.0 -0.3710938 3.652344 0.0 -0.5566406 4.604492 0.0 -0.8056641
2.5144  0.01464844 0.0 -2.114258 1.445313 0.0 -0.46875 2.46582 0.0 -0.3662109 3.652344 0.0 -0.5566406 4.604492 0.0 -0.8007813
2.516  0.01464844 0.0 -2.109375 1.445313 0.0 -0.46875 2.46582 0.0 -0.3662109 3.652344 0.0 -0.5517578 4.604492 0.0 -0.8007813
2.5176  0.009765625 0.0 -2.104492 1.445313 0.0 -0.46875 2.460938 0.0 -0.3613281 3.652344 0.0 -0.546875 4.599609 0.0 -0.8007813
2.5192  0.009765625 0.0 -2.104492 1.445313 0.0 -0.46875 2.460938 0.0 -0.3613281 3.652344 0.0 -0.546875 4.599609 0.0 -0.7958984
2.5208  0.004882813 0.0 -2.099609 1.445313 0.0 -0.46875 2.460938 0.0 -0.3613281 3.652344 0.0 -0.5419922 4.599609 0.0 -0.7958984
2.5224  0.004882813 0.0 -2.094727 1.44043 0.0 -0.4736328 2.456055 0.0 -0.3564453 3.652344 0.0 -0.5419922 4.599609 0.0 -0.7910156
2.524  0.004882813 0.0 -2.094727 1.44043 0.0 -0.4736328 2.456055 0.0 -0.3564453 3.652344 0.0 -0.5371094 4.599609 0.0 -0.7910156
2.5256  0.0 0.0 -2.089844 1.44043 0.0 -0.4736328 2.456055 0.0 -0.3564453 3.652344 0.0 -0.5371094 4.594727 0.0 -0.7861328
2.5272  0.0 0.0 -2.089844 1.44043 0.0 -0.4785156 2.451172 0.0 -0.3564453 3.652344 0.0 -0.5322266 4.594727 0.0 -0.7861328
2.5288  0.0 0.0 -2.084961 1.435547 0.0 -0.4785156 2.451172 0.0 -0.3564453 3.652344 0.0 -0.5322266 4.594727 0.0 -0.7861328
2.5304  -0.004882813 0.0 -2.084961 1.435547 0.0 -0.4833984 2.451172 0.0 -0.3564453 3.652344 0.0 -0.5322266 4.594727 0.0 -0.78125
2.532  -0.004882813 0.0 -2.080078 1.435547 0.0 -0.4833984 2.451172 0.0 -0.3613281 3.652344 0.0 -0.5322266 4.594727 0.0 -0.78125
2.5336  -0.004882813 0.0 -2.080078 1.430664 0.0 -0.4882813 2.446289 0.0 -0.3613281 3.652344 0.0 -0.5273438 4.594727 0.0 -0.78125
2.5352  -0.004882813 0.0 -2.080078 1.430664 0.0 -0.4931641 2.446289 0.0 -0.3613281 3.652344 0.0 -0.5273438 4.594727 0.0 -0.78125
2.5368  -0.009765625 0.0 -2.075195 1.430664 0.0 -0.4980469 2.446289 0.0 -0.3662109 3.652344 0.0 -0.5273438 4.594727 0.0 -0.7763672
2.5384  -0.009765625 0.0 -2.075195 1.430664 0.0 -0.5029297 2.446289 0.0 -0.3662109 3.652344 0.0 -0.5273438 4.594727 0.0 -0.7763672
2.54  -0.009765625 0.0 -2.075195 1.425781 0.0 -0.5029297 2.441406 0.0 -0.3710938 3.652344 0.0 -0.5273438 4.594727 0.0 -0.7763672
2.5416  -0.009765625 0.0 -2.075195 1.425781 0.0 -0.5126953 2.441406 0.0 -0.3759766 3.652344 0.0 -0.5273438 4.594727 0.0 -0.7763672
2.5432  -0.009765625 0.0 -2.075195 1.425781 0.0 -0.5175781 2.441406 0.0 -0.3759766 3.652344 0.0 -0.5273438 4.594727 0.0 -0.7763672
2.5448  -0.009765625 0.0 -2.070313 1.420898 0.0 -0.5224609 2.441406 0.0 -0.3808594 3.652344 0.0 -0.5273438 4.594727 0.0 -0.7763672
2.5464  -0.01464844 0.0 -2.070313 1.420898 0.0 -0.5273438 2.436523 0.0 -0.3857422 3.652344 0.0 -0.5273438 4.594727 0.0 -0.7763672
2.548  -0.01464844 0.0 -2.070313 1.420898 0.0 -0.5322266 2.436523 0.0 -0.390625 3.652344 0.0 -0.5273438 4.594727 0.0 -0.7714844
2.5496  -0.01464844 0.0 -2.070313 1.416016 0.0 -0.5419922 2.436523 0.0 -0.3955078 3.652344 0.0 -0.5273438 4.599609 0.0 -0.7714844
2.5512  -0.01464844 0.0 -2.070313 1.416016 0.0 -0.546875 2.436523 0.0 -0.4003906 3.652344 0.0 -0.5273438 4.599609 0.0 -0.7714844
2.5528  -0.01464844 0.0 -2.070313 1.411133 0.0 -0.5566406 2.436523 0.0 -0.4101563 3.652344 0.0 -0.5322266 4.599609 0.0 -0.7763672
2.5544  -0.01464844 0.0 -2.075195 1.411133 0.0 -0.5615234 2.436523 0.0 -0.4150391 3.652344 0.0 -0.5322266 4.599609 0.0 -0.7763672
2.556  -0.01464844 0.0 -2.075195 1.411133 0.0 -0.5712891 2.436523 0.0 -0.4199219 3.652344 0.0 -0.5371094 4.604492 0.0 -0.7763672
2.5576  -0.01464844 0.0 -2.075195 1.40625 0.0 -0.5810547 2.436523 0.0 -0.4296875 3.652344 0.0 -0.5371094 4.604492 0.0 -0.7763672
2.5592  -0.01464844 0.0 -2.075195 1.40625 0.0 -0.5908203 2.431641 0.0 -0.4394531 3.652344 0.0 -0.5419922 4.604492 0.0 -0.7763672
2.5608  -0.01464844 0.0 -2.075195 1.40625 0.0 -0.6005859 2.431641 0.0 -0.4443359 3.652344 0.0 -0.5419922 4.609375 0.0 -0.7763672
2.5624  -0.009765625 0.0 -2.080078 1.40625 0.0 -0.6103516 2.431641 0.0 -0.4541016 3.652344 0.0 -0.546875 4.609375 0.0 -0.78125
2.564  -0.009765625 0.0 -2.080078 1.401367 0.0 -0.6201172 2.431641 0.0 -0.4638672 3.652344 0.0 -0.5517578 4.609375 0.0 -0.78125
2.5656  -0.009765625 0.0 -2.080078 1.401367 0.0 -0.6298828 2.431641 0.0 -0.4736328 3.652344 0.0 -0.5566406 4.614258 0.0 -0.78125
2.5672  -0.009765625 0.0 -2.084961 1.401367 0.0 -0.6396484 2.431641 0.0 -0.4833984 3.652344 0.0 -0.5615234 4.614258 0.0 -0.7861328
2.5688  -0.009765625 0.0 -2.084961 1.401367 0.0 -0.6494141 2.436523 0.0 -0.4931641 3.652344 0.0 -0.5664063 4.619141 0.0 -0.7861328
2.5704  -0.004882813 0.0 -2.089844 1.401367 0.0 -0.6591797 2.436523 0.0 -0.5029297 3.652344 0.0 -0.5712891 4.624023 0.0 -0.7861328
2.572  -0.004882813 0.0 -2.089844 1.401367 0.0 -0.6738281 2.436523 0.0 -0.5126953 3.652344 0.0 -0.5761719 4.624023 0.0 -0.7910156
2.5736  -0.004882813 0.0 -2.094727 1.401367 0.0 -0.6835938 2.436523 0.0 -0.5273438 3.657227 0.0 -0.5810547 4.628906 0.0 -0.7910156
2.5752  0.0 0.0 -2.099609 1.401367 0.0 -0.6933594 2.436523 0.0 -0.5371094 3.657227 0.0 -0.5859375 4.633789 0.0 -0.7958984
2.5768  0.0 0.0 -2.099609 1.401367 0.0 -0.7080078 2.441406 0.0 -0.5517578 3.657227 0.0 -0.5908203 4.638672 0.0 -0.7958984
2.5784  0.004882813 0.0 -2.104492 1.401367 0.0 -0.7177734 2.441406 0.0 -0.5615234 3.657227 0.0 -0.6005859 4.643555 0.0 -0.8007813
2.58  0.004882813 0.0 -2.109375 1.401367 0.0 -0.7275391 2.441406 0.0 -0.5761719 3.657227 0.0 -0.6054688 4.648438 0.0 -0.8056641
2.5816  0.009765625 0.0 -2.114258 1.401367 0.0 -0.7421875 2.446289 0.0 -0.5859375 3.662109 0.0 -0.6152344 4.648438 0.0 -0.8056641
2.5832  0.01464844 0.0 -2.119141 1.40625 0.0 -0.7519531 2.446289 0.0 -0.6005859 3.662109 0.0 -0.6201172 4.65332 0.0 -0.8105469
2.5848  0.01953125 0.0 -2.124023 1.40625 0.0 -0.7666016 2.451172 0.0 -0.6152344 3.662109 0.0 -0.6298828 4.663086 0.0 -0.8154297
2.5864  0.01953125 0.0 -2.128906 1.40625 0.0 -0.7763672 2.451172 0.0 -0.6298828 3.662109 0.0 -0.6347656 4.667969 0.0 -0.8203125
2.588  0.02441406 0.0 -2.133789 1.411133 0.0 -0.7910156 2.456055 0.0 -0.6445313 3.666992 0.0 -0.6445313 4.672852 0.0 -0.8251953
2.5896  0.02929688 0.0 -2.138672 1.411133 0.0 -0.8056641 2.456055 0.0 -0.6591797 3.666992 0.0 -0.6542969 4.677734 0.0 -0.8251953
2.5912  0.03417969 0.0 -2.143555 1.411133 0.0 -0.8154297 2.460938 0.0 -0.6738281 3.671875 0.0 -0.6640625 4.682617 0.0 -0.8300781
2.5928  0.0390625 0.0 -2.15332 1.416016 0.0 -0.8300781 2.460938 0.0 -0.6884766 3.671875 0.0 -0.6738281 4.6875 0.0 -0.8349609
2.5944  0.04394531 0.0 -2.158203 1.416016 0.0 -0.8398438 2.46582 0.0 -0.703125 3.671875 0.0 -0.6835938 4.697266 0.0 -0.8398438
2.596  0.04882813 0.0 -2.163086 1.420898 0.0 -0.8544922 2.46582 0.0 -0.7177734 3.676758 0.0 -0.6933594 4.702148 0.0 -0.8447266
2.5976  0.05371094 0.0 -2.172852 1.420898 0.0 -0.8691406 2.470703 0.0 -0.7324219 3.676758 0.0 -0.703125 4.707031 0.0 -0.8496094
2.5992  0.05859375 0.0 -2.177734 1.425781 0.0 -0.8789063 2.470703 0.0 -0.7470703 3.681641 0.0 -0.7128906 4.711914 0.0 -0.859375
2.6008  0.06835938 0.0 -2.1875 1.425781 0.0 -0.8935547 2.470703 0.0 -0.7666016 3.681641 0.0 -0.7226563 4.72168 0.0 -0.8642578
2.6024  0.07324219 0.0 -2.192383 1.425781 0.0 -0.9033203 2.475586 0.0 -0.78125 3.686523 0.0 -0.7324219 4.726563 0.0 -0.8691406
2.604  0.078125 0.0 -2.202148 1.425781 0.0 -0.9179688 2.475586 0.0 -0.7958984 3.686523 0.0 -0.7421875 4.731445 0.0 -0.8740234
2.6056  0.08300781 0.0 -2.207031 1.430664 0.0 -0.9326172 2.475586 0.0 -0.8154297 3.691406 0.0 -0.7568359 4.736328 0.0 -0.8789063
2.6072  0.09277344 0.0 -2.216797 1.430664 0.0 -0.9423828 2.475586 0.0 -0.8300781 3.691406 0.0 -0.7666016 4.746094 0.0 -0.8886719
2.6088  0.09765625 0.0 -2.226563 1.430664 0.0 -0.9570313 2.475586 0.0 -0.8447266 3.696289 0.0 -0.7763672 4.750977 0.0 -0.8935547
2.6104  0.1025391 0.0 -2.231445 1.425781 0.0 -0.9716797 2.475586 0.0 -0.859375 3.696289 0.0 -0.7861328 4.755859 0.0 -0.8984375
2.612  0.1123047 0.0 -2.241211 1.425781 0.0 -0.9814453 2.475586 0.0 -0.8789063 3.696289 0.0 -0.8007813 4.760742 0.0 -0.9082031
2.6136  0.1171875 0.0 -2.250977 1.425781 0.0 -0.9960938 2.470703 0.0 -0.8935547 3.696289 0.0 -0.8105469 4.765625 0.0 -0.9130859
2.6152  0.1269531 0.0 -2.255859 1.420898 0.0 -1.010742 2.470703 0.0 -0.9082031 3.696289 0.0 -0.8203125 4.770508 0.0 -0.9179688
2.6168  0.1318359 0.0 -2.265625 1.420898 0.0 -1.020508 2.46582 0.0 -0.9277344 3.696289 0.0 -0.8349609 4.775391 0.0 -0.9277344
2.6184  0.1367188 0.0 -2.275391 1.416016 0.0 -1.035156 2.46582 0.0 -0.9423828 3.696289 0.0 -0.8447266 4.775391 0.0 -0.9326172
2.62  0.1416016 0.0 -2.285156 1.411133 0.0 -1.044922 2.460938 0.0 -0.9570313 3.696289 0.0 -0.8544922 4.780273 0.0 -0.9423828
2.6216  0.1513672 0.0 -2.290039 1.40625 0.0 -1.05957 2.456055 0.0 -0.9716797 3.696289 0.0 -0.8691406 4.785156 0.0 -0.9472656
2.6232  0.15625 0.0 -2.299805 1.401367 0.0 -1.069336 2.446289 0.0 -0.9863281 3.696289 0.0 -0.8789063 4.785156 0.0 -0.9570313
2.6248  0.1611328 0.0 -2.30957 1.391602 0.0 -1.079102 2.441406 0.0 -1.000977 3.691406 0.0 -0.8886719 4.790039 0.0 -0.9619141
2.6264  0.1660156 0.0 -2.314453 1.386719 0.0 -1.088867 2.436523 0.0 -1.015625 3.686523 0.0 -0.8984375 4.790039 0.0 -0.9716797
2.628  0.1708984 0.0 -2.324219 1.376953 0.0 -1.098633 2.426758 0.0 -1.030273 3.686523 0.0 -0.9130859 4.790039 0.0 -0.9765625
2.6296  0.1757813 0.0 -2.329102 1.367188 0.0 -1.108398 2.416992 0.0 -1.044922 3.681641 0.0 -0.9228516 4.794922 0.0 -0.9863281
2.6312  0.1806641 0.0 -2.338867 1.357422 0.0 -1.118164 2.407227 0.0 -1.05957 3.676758 0.0 -0.9326172 4.794922 0.0 -0.9912109
2.6328  0.1855469 0.0 -2.34375 1.347656 0.0 -1.12793 2.397461 0.0 -1.069336 3.666992 0.0 -0.9423828 4.790039 0.0 -1.000977
2.6344  0.1904297 0.0 -2.353516 1.337891 0.0 -1.137695 2.387695 0.0 -1.083984 3.662109 0.0 -0.9521484 4.790039 0.0 -1.005859
2.636  0.1953125 0.0 -2.358398 1.328125 0.0 -1.142578 2.37793 0.0 -1.09375 3.657227 0.0 -0.9619141 4.790039 0.0 -1.015625
2.6376  0.2001953 0.0 -2.368164 1.313477 0.0 -1.147461 2.363281 0.0 -1.103516 3.647461 0.0 -0.9716797 4.790039 0.0 -1.020508
2.6392  0.2050781 0.0 -2.373047 1.303711 0.0 -1.157227 2.353516 0.0 -1.118164 3.637695 0.0 -0.9765625 4.785156 0.0 -1.025391
2.6408  0.2050781 0.0 -2.382813 1.293945 0.0 -1.162109 2.338867 0.0 -1.12793 3.632813 0.0 -0.9863281 4.780273 0.0 -1.035156
2.6424  0.2099609 0.0 -2.387695 1.279297 0.0 -1.166992 2.324219 0.0 -1.137695 3.623047 0.0 -0.9960938 4.780273 0.0 -1.040039
2.644  0.2148438 0.0 -2.392578 1.264648 0.0 -1.166992 2.30957 0.0 -1.147461 3.613281 0.0 -1.000977 4.775391 0.0 -1.044922
2.6456  0.2148438 0.0 -2.402344 1.254883 0.0 -1.171875 2.299805 0.0 -1.157227 3.603516 0.0 -1.010742 4.770508 0.0 -1.049805
2.6472  0.2197266 0.0 -2.407227 1.240234 0.0 -1.171875 2.285156 0.0 -1.166992 3.588867 0.0 -1.015625 4.765625 0.0 -1.054688
2.6488  0.2197266 0.0 -2.412109 1.230469 0.0 -1.176758 2.270508 0.0 -1.171875 3.579102 0.0 -1.025391 4.760742 0.0 -1.05957
2.6504  0.2246094 0.0 -2.421875 1.21582 0.0 -1.176758 2.255859 0.0 -1.181641 3.569336 0.0 -1.030273 4.755859 0.0 -1.064453
2.652  0.2246094 0.0 -2.426758 1.201172 0.0 -1.176758 2.241211 0.0 -1.191406 3.554688 0.0 -1.040039 4.750977 0.0 -1.069336
2.6536  0.2294922 0.0 -2.431641 1.191406 0.0 -1.176758 2.226563 0.0 -1.196289 3.544922 0.0 -1.044922 4.741211 0.0 -1.074219
2.6552  0.2294922 0.0 -2.441406 1.176758 0.0 -1.176758 2.211914 0.0 -1.206055 3.530273 0.0 -1.049805 4.736328 0.0 -1.079102
2.6568  0.2294922 0.0 -2.446289 1.166992 0.0 -1.176758 2.197266 0.0 -1.210938 3.520508 0.0 -1.054688 4.731445 0.0 -1.083984
2.6584  0.234375 0.0 -2.456055 1.152344 0.0 -1.171875 2.182617 0.0 -1.21582 3.505859 0.0 -1.05957 4.72168 0.0 -1.083984
2.66  0.234375 0.0 -2.460938 1.142578 0.0 -1.171875 2.167969 0.0 -1.225586 3.496094 0.0 -1.069336 4.716797 0.0 -1.088867
2.6616  0.234375 0.0 -2.470703 1.12793 0.0 -1.171875 2.15332 0.0 -1.230469 3.481445 0.0 -1.074219 4.707031 0.0 -1.09375
2.6632  0.234375 0.0 -2.475586 1.118164 0.0 -1.166992 2.138672 0.0 -1.235352 3.47168 0.0 -1.079102 4.702148 0.0 -1.098633
2.6648  0.2392578 0.0 -2.485352 1.108398 0.0 -1.166992 2.128906 0.0 -1.245117 3.457031 0.0 -1.083984 4.692383 0.0 -1.098633
2.6664  0.2392578 0.0 -2.490234 1.098633 0.0 -1.166992 2.114258 0.0 -1.25 3.447266 0.0 -1.088867 4.6875 0.0 -1.103516
2.668  0.2392578 0.0 -2.5 1.083984 0.0 -1.166992 2.099609 0.0 -1.254883 3.4375 0.0 -1.09375 4.682617 0.0 -1.108398
2.6696  0.2392578 0.0 -2.504883 1.074219 0.0 -1.166992 2.089844 0.0 -1.259766 3.422852 0.0 -1.098633 4.672852 0.0 -1.108398
2.6712  0.2392578 0.0 -2.514648 1.064453 0.0 -1.166992 2.075195 0.0 -1.269531 3.413086 0.0 -1.103516 4.667969 0.0 -1.113281
2.6728  0.2392578 0.0 -2.524414 1.05957 0.0 -1.166992 2.06543 0.0 -1.274414 3.40332 0.0 -1.108398 4.658203 0.0 -1.118164
2.6744  0.2441406 0.0 -2.53418 1.049805 0.0 -1.166992 2.055664 0.0 -1.28418 3.393555 0.0 -1.113281 4.65332 0.0 -1.118164
2.676  0.2441406 0.0 -2.543945 1.040039 0.0 -1.166992 2.041016 0.0 -1.289063 3.378906 0.0 -1.118164 4.643555 0.0 -1.123047
2.6776  0.2441406 0.0 -2.553711 1.030273 0.0 -1.166992 2.03125 0.0 -1.298828 3.369141 0.0 -1.123047 4.638672 0.0 -1.12793
2.6792  0.2441406 0.0 -2.563477 1.020508 0.0 -1.171875 2.021484 0.0 -1.303711 3.359375 0.0 -1.12793 4.628906 0.0 -1.12793
2.6808  0.2441406 0.0 -2.573242 1.015625 0.0 -1.176758 2.016602 0.0 -1.313477 3.354492 0.0 -1.132813 4.624023 0.0 -1.132813
2.6824  0.2441406 0.0 -2.583008 1.005859 0.0 -1.181641 2.006836 0.0 -1.323242 3.344727 0.0 -1.137695 4.619141 0.0 -1.137695
2.684  0.2441406 0.0 -2.597656 1.000977 0.0 -1.186523 1.99707 0.0 -1.333008 3.334961 0.0 -1.147461 4.614258 0.0 -1.137695
2.6856  0.2441406 0.0 -2.607422 0.9912109 0.0 -1.191406 1.992188 0.0 -1.342773 3.325195 0.0 -1.152344 4.604492 0.0 -1.142578
2.6872  0.2441406 0.0 -2.62207 0.9863281 0.0 -1.201172 1.982422 0.0 -1.352539 3.320313 0.0 -1.157227 4.599609 0.0 -1.147461
2.6888  0.2441406 0.0 -2.631836 0.9814453 0.0 -1.206055 1.977539 0.0 -1.362305 3.310547 0.0 -1.162109 4.594727 0.0 -1.147461
2.6904  0.2441406 0.0 -2.646484 0.9716797 0.0 -1.21582 1.967773 0.0 -1.37207 3.305664 0.0 -1.166992 4.589844 0.0 -1.152344
2.692  0.2441406 0.0 -2.65625 0.9667969 0.0 -1.230469 1.962891 0.0 -1.381836 3.300781 0.0 -1.171875 4.584961 0.0 -1.157227
2.6936  0.2441406 0.0 -2.670898 0.9619141 0.0 -1.240234 1.958008 0.0 -1.396484 3.291016 0.0 -1.181641 4.580078 0.0 -1.157227
2.6952  0.2441406 0.0 -2.685547 0.9570313 0.0 -1.254883 1.953125 0.0 -1.40625 3.286133 0.0 -1.186523 4.575195 0.0 -1.162109
2.6968  0.2441406 0.0 -2.700195 0.9521484 0.0 -1.269531 1.953125 0.0 -1.420898 3.28125 0.0 -1.191406 4.575195 0.0 -1.166992
2.6984  0.2441406 0.0 -2.714844 0.9472656 0.0 -1.28418 1.948242 0.0 -1.435547 3.276367 0.0 -1.201172 4.570313 0.0 -1.166992
2.7  0.2441406 0.0 -2.729492 0.9423828 0.0 -1.298828 1.943359 0.0 -1.445313 3.271484 0.0 -1.206055 4.56543 0.0 -1.171875
2.7016  0.2441406 0.0 -2.744141 0.9375 0.0 -1.318359 1.943359 0.0 -1.459961 3.271484 0.0 -1.210938 4.56543 0.0 -1.176758
2.7032  0.2441406 0.0 -2.758789 0.9326172 0.0 -1.333008 1.943359 0.0 -1.474609 3.266602 0.0 -1.220703 4.560547 0.0 -1.176758
2.7048  0.2441406 0.0 -2.773438 0.9277344 0.0 -1.352539 1.938477 0.0 -1.489258 3.261719 0.0 -1.225586 4.560547 0.0 -1.181641
2.7064  0.2441406 0.0 -2.788086 0.9228516 0.0 -1.37207 1.938477 0.0 -1.503906 3.261719 0.0 -1.235352 4.555664 0.0 -1.186523
2.708  0.2441406 0.0 -2.807617 0.9228516 0.0 -1.396484 1.938477 0.0 -1.518555 3.256836 0.0 -1.240234 4.555664 0.0 -1.186523
2.7096  0.2441406 0.0 -2.822266 0.9179688 0.0 -1.416016 1.938477 0.0 -1.538086 3.256836 0.0 -1.25 4.555664 0.0 -1.191406
2.7112  0.2441406 0.0 -2.836914 0.9179688 0.0 -1.44043 1.938477 0.0 -1.552734 3.256836 0.0 -1.254883 4.555664 0.0 -1.196289
2.7128  0.2441406 0.0 -2.856445 0.9179688 0.0 -1.464844 1.943359 0.0 -1.567383 3.251953 0.0 -1.264648 4.555664 0.0 -1.196289
2.7144  0.2441406 0.0 -2.871094 0.9130859 0.0 -1.489258 1.943359 0.0 -1.586914 3.251953 0.0 -1.274414 4.555664 0.0 -1.201172
2.716  0.2441406 0.0 -2.890625 0.9130859 0.0 -1.513672 1.943359 0.0 -1.601563 3.251953 0.0 -1.279297 4.555664 0.0 -1.206055
2.7176  0.2441406 0.0 -2.905273 0.9130859 0.0 -1.542969 1.948242 0.0 -1.616211 3.251953 0.0 -1.289063 4.555664 0.0 -1.206055
2.7192  0.2441406 0.0 -2.924805 0.9130859 0.0 -1.567383 1.953125 0.0 -1.635742 3.256836 0.0 -1.298828 4.555664 0.0 -1.210938
2.7208  0.2490234 0.0 -2.939453 0.9179688 0.0 -1.59668 1.953125 0.0 -1.650391 3.256836 0.0 -1.308594 4.555664 0.0 -1.21582
2.7224  0.2490234 0.0 -2.958984 0.9179688 0.0 -1.625977 1.958008 0.0 -1.669922 3.256836 0.0 -1.318359 4.560547 0.0 -1.21582
2.724  0.2490234 0.0 -2.973633 0.9179688 0.0 -1.650391 1.962891 0.0 -1.68457 3.261719 0.0 -1.323242 4.560547 0.0 -1.220703
2.7256  0.2490234 0.0 -2.993164 0.9228516 0.0 -1.679688 1.967773 0.0 -1.704102 3.261719 0.0 -1.333008 4.56543 0.0 -1.225586
2.7272  0.2490234 0.0 -3.007813 0.9277344 0.0 -1.708984 1.977539 0.0 -1.71875 3.266602 0.0 -1.342773 4.56543 0.0 -1.225586
2.7288  0.2539063 0.0 -3.027344 0.9277344 0.0 -1.743164 1.982422 0.0 -1.738281 3.266602 0.0 -1.352539 4.570313 0.0 -1.230469
2.7304  0.2539063 0.0 -3.041992 0.9326172 0.0 -1.772461 1.987305 0.0 -1.75293 3.271484 0.0 -1.362305 4.570313 0.0 -1.235352
2.732  0.2539063 0.0 -3.061523 0.9375 0.0 -1.801758 1.992188 0.0 -1.772461 3.276367 0.0 -1.37207 4.575195 0.0 -1.240234
2.7336  0.2539063 0.0 -3.076172 0.9423828 0.0 -1.831055 2.001953 0.0 -1.787109 3.276367 0.0 -1.381836 4.580078 0.0 -1.240234
2.7352  0.2587891 0.0 -3.095703 0.9472656 0.0 -1.860352 2.006836 0.0 -1.801758 3.28125 0.0 -1.391602 4.584961 0.0 -1.245117
2.7368  0.2587891 0.0 -3.110352 0.9521484 0.0 -1.894531 2.016602 0.0 -1.821289 3.286133 0.0 -1.401367 4.589844 0.0 -1.25
2.7384  0.2587891 0.0 -3.129883 0.9619141 0.0 -1.923828 2.026367 0.0 -1.835938 3.291016 0.0 -1.411133 4.589844 0.0 -1.254883
2.74  0.2587891 0.0 -3.144531 0.9667969 0.0 -1.953125 2.03125 0.0 -1.850586 3.295898 0.0 -1.420898 4.594727 0.0 -1.259766
2.7416  0.2587891 0.0 -3.164063 0.9716797 0.0 -1.982422 2.041016 0.0 -1.865234 3.300781 0.0 -1.430664 4.599609 0.0 -1.264648
2.7432  0.2636719 0.0 -3.178711 0.9814453 0.0 -2.011719 2.050781 0.0 -1.884766 3.305664 0.0 -1.44043 4.604492 0.0 -1.264648
2.7448  0.2636719 0.0 -3.193359 0.9863281 0.0 -2.045898 2.055664 0.0 -1.899414 3.310547 0.0 -1.450195 4.609375 0.0 -1.269531
2.7464  0.2636719 0.0 -3.208008 0.9960938 0.0 -2.075195 2.06543 0.0 -1.914063 3.31543 0.0 -1.459961 4.614258 0.0 -1.274414
2.748  0.2636719 0.0 -3.227539 1.000977 0.0 -2.104492 2.075195 0.0 -1.928711 3.320313 0.0 -1.469727 4.619141 0.0 -1.279297
2.7496  0.2636719 0.0 -3.242188 1.010742 0.0 -2.128906 2.084961 0.0 -1.943359 3.325195 0.0 -1.474609 4.624023 0.0 -1.28418
2.7512  0.2685547 0.0 -3.256836 1.015625 0.0 -2.158203 2.089844 0.0 -1.953125 3.330078 0.0 -1.484375 4.628906 0.0 -1.289063
2.7528  0.2685547 0.0 -3.271484 1.025391 0.0 -2.1875 2.099609 0.0 -1.967773 3.339844 0.0 -1.494141 4.633789 0.0 -1.293945
2.7544  0.2685547 0.0 -3.286133 1.035156 0.0 -2.211914 2.109375 0.0 -1.982422 3.344727 0.0 -1.503906 4.638672 0.0 -1.298828
2.756  0.2685547 0.0 -3.295898 1.040039 0.0 -2.241211 2.119141 0.0 -1.992188 3.349609 0.0 -1.508789 4.643555 0.0 -1.298828
2.7576  0.2685547 0.0 -3.310547 1.049805 0.0 -2.265625 2.128906 0.0 -2.006836 3.354492 0.0 -1.518555 4.648438 0.0 -1.303711
2.7592  0.2685547 0.0 -3.325195 1.054688 0.0 -2.290039 2.133789 0.0 -2.016602 3.359375 0.0 -1.52832 4.648438 0.0 -1.308594
2.7608  0.2685547 0.0 -3.339844 1.064453 0.0 -2.314453 2.143555 0.0 -2.03125 3.364258 0.0 -1.533203 4.65332 0.0 -1.313477
2.7624  0.2734375 0.0 -3.349609 1.074219 0.0 -2.338867 2.15332 0.0 -2.041016 3.369141 0.0 -1.542969 4.658203 0.0 -1.318359
2.764  0.2734375 0.0 -3.364258 1.079102 0.0 -2.363281 2.163086 0.0 -2.050781 3.374023 0.0 -1.547852 4.663086 0.0 -1.323242
2.7656  0.2734375 0.0 -3.374023 1.088867 0.0 -2.382813 2.167969 0.0 -2.060547 3.378906 0.0 -1.557617 4.667969 0.0 -1.323242
2.7672  0.2734375 0.0 -3.383789 1.09375 0.0 -2.407227 2.177734 0.0 -2.075195 3.383789 0.0 -1.5625 4.667969 0.0 -1.328125
2.7688  0.2734375 0.0 -3.398438 1.103516 0.0 -2.426758 2.1875 0.0 -2.084961 3.388672 0.0 -1.572266 4.672852 0.0 -1.333008
2.7704  0.2734375 0.0 -3.408203 1.113281 0.0 -2.446289 2.192383 0.0 -2.089844 3.393555 0.0 -1.577148 4.677734 0.0 -1.337891
2.772  0.2734375 0.0 -3.417969 1.118164 0.0 -2.46582 2.202148 0.0 -2.099609 3.398438 0.0 -1.582031 4.682617 0.0 -1.337891
2.7736  0.2734375 0.0 -3.427734 1.12793 0.0 -2.485352 2.207031 0.0 -2.109375 3.40332 0.0 -1.586914 4.682617 0.0 -1.342773
2.7752  0.2734375 0.0 -3.4375 1.132813 0.0 -2.504883 2.216797 0.0 -2.119141 3.40332 0.0 -1.591797 4.6875 0.0 -1.347656
2.7768  0.2734375 0.0 -3.447266 1.137695 0.0 -2.519531 2.22168 0.0 -2.124023 3.408203 0.0 -1.601563 4.6875 0.0 -1.347656
2.7784  0.2783203 0.0 -3.457031 1.147461 0.0 -2.53418 2.231445 0.0 -2.133789 3.413086 0.0 -1.606445 4.692383 0.0 -1.352539
2.78  0.2783203 0.0 -3.461914 1.152344 0.0 -2.553711 2.236328 0.0 -2.138672 3.417969 0.0 -1.611328 4.692383 0.0 -1.352539
2.7816  0.2783203 0.0 -3.47168 1.162109 0.0 -2.568359 2.241211 0.0 -2.148438 3.422852 0.0 -1.611328 4.697266 0.0 -1.357422
2.7832  0.2783203 0.0 -3.476563 1.166992 0.0 -2.583008 2.250977 0.0 -2.15332 3.422852 0.0 -1.616211 4.697266 0.0 -1.357422
2.7848  0.2783203 0.0 -3.486328 1.171875 0.0 -2.592773 2.255859 0.0 -2.158203 3.427734 0.0 -1.621094 4.702148 0.0 -1.362305
2.7864  0.2734375 0.0 -3.491211 1.181641 0.0 -2.607422 2.260742 0.0 -2.163086 3.432617 0.0 -1.625977 4.702148 0.0 -1.362305
2.788  0.2734375 0.0 -3.496094 1.186523 0.0 -2.617188 2.265625 0.0 -2.167969 3.432617 0.0 -1.630859 4.707031 0.0 -1.367188
2.7896  0.2734375 0.0 -3.500977 1.191406 0.0 -2.631836 2.270508 0.0 -2.172852 3.4375 0.0 -1.630859 4.707031 0.0 -1.367188
2.7912  0.2734375 0.0 -3.510742 1.196289 0.0 -2.641602 2.280273 0.0 -2.177734 3.442383 0.0 -1.635742 4.707031 0.0 -1.367188
2.7928  0.2734375 0.0 -3.515625 1.201172 0.0 -2.651367 2.285156 0.0 -2.182617 3.442383 0.0 -1.640625 4.711914 0.0 -1.37207
2.7944  0.2734375 0.0 -3.515625 1.210938 0.0 -2.661133 2.290039 0.0 -2.1875 3.447266 0.0 -1.640625 4.711914 0.0 -1.37207
2.796  0.2734375 0.0 -3.520508 1.21582 0.0 -2.670898 2.294922 0.0 -2.192383 3.447266 0.0 -1.645508 4.711914 0.0 -1.37207
2.7976  0.2734375 0.0 -3.525391 1.220703 0.0 -2.675781 2.299805 0.0 -2.197266 3.452148 0.0 -1.645508 4.711914 0.0 -1.376953
2.7992  0.2685547 0.0 -3.530273 1.225586 0.0 -2.685547 2.304688 0.0 -2.202148 3.452148 0.0 -1.645508 4.716797 0.0 -1.376953
2.8008  0.2685547 0.0 -3.530273 1.230469 0.0 -2.69043 2.304688 0.0 -2.202148 3.457031 0.0 -1.650391 4.716797 0.0 -1.376953
2.8024  0.2685547 0.0 -3.535156 1.230469 0.0 -2.700195 2.30957 0.0 -2.207031 3.457031 0.0 -1.650391 4.716797 0.0 -1.376953
2.804  0.2685547 0.0 -3.535156 1.235352 0.0 -2.705078 2.314453 0.0 -2.207031 3.461914 0.0 -1.650391 4.716797 0.0 -1.376953
2.8056  0.2685547 0.0 -3.540039 1.240234 0.0 -2.709961 2.319336 0.0 -2.211914 3.461914 0.0 -1.650391 4.716797 0.0 -1.381836
2.8072  0.2636719 0.0 -3.540039 1.245117 0.0 -2.714844 2.324219 0.0 -2.211914 3.461914 0.0 -1.655273 4.716797 0.0 -1.381836
2.8088  0.2636719 0.0 -3.544922 1.25 0.0 -2.719727 2.329102 0.0 -2.216797 3.466797 0.0 -1.655273 4.72168 0.0 -1.381836
2.8104  0.2636719 0.0 -3.544922 1.254883 0.0 -2.724609 2.329102 0.0 -2.216797 3.466797 0.0 -1.655273 4.72168 0.0 -1.381836
2.812  0.2636719 0.0 -3.544922 1.254883 0.0 -2.724609 2.333984 0.0 -2.216797 3.47168 0.0 -1.655273 4.72168 0.0 -1.381836
2.8136  0.2587891 0.0 -3.544922 1.259766 0.0 -2.729492 2.338867 0.0 -2.22168 3.47168 0.0 -1.655273 4.72168 0.0 -1.381836
2.8152  0.2587891 0.0 -3.544922 1.264648 0.0 -2.729492 2.338867 0.0 -2.22168 3.47168 0.0 -1.655273 4.72168 0.0 -1.381836
2.8168  0.2587891 0.0 -3.544922 1.264648 0.0 -2.734375 2.34375 0.0 -2.22168 3.476563 0.0 -1.650391 4.72168 0.0 -1.381836
2.8184  0.2587891 0.0 -3.544922 1.269531 0.0 -2.734375 2.348633 0.0 -2.22168 3.476563 0.0 -1.650391 4.72168 0.0 -1.381836
2.82  0.2539063 0.0 -3.544922 1.274414 0.0 -2.734375 2.348633 0.0 -2.22168 3.476563 0.0 -1.650391 4.72168 0.0 -1.381836
2.8216  0.2539063 0.0 -3.544922 1.274414 0.0 -2.734375 2.353516 0.0 -2.22168 3.481445 0.0 -1.650391 4.72168 0.0 -1.381836
2.8232  0.2539063 0.0 -3.544922 1.279297 0.0 -2.734375 2.358398 0.0 -2.22168 3.481445 0.0 -1.645508 4.72168 0.0 -1.381836
2.8248  0.2539063 0.0 -3.540039 1.279297 0.0 -2.734375 2.358398 0.0 -2.22168 3.481445 0.0 -1.645508 4.72168 0.0 -1.381836
2.8264  0.2490234 0.0 -3.540039 1.28418 0.0 -2.734375 2.363281 0.0 -2.22168 3.481445 0.0 -1.645508 4.72168 0.0 -1.381836
2.828  0.2490234 0.0 -3.540039 1.28418 0.0 -2.734375 2.363281 0.0 -2.216797 3.486328 0.0 -1.640625 4.72168 0.0 -1.376953
2.8296  0.2490234 0.0 -3.535156 1.289063 0.0 -2.734375 2.368164 0.0 -2.216797 3.486328 0.0 -1.640625 4.72168 0.0 -1.376953
2.8312  0.2441406 0.0 -3.535156 1.289063 0.0 -2.729492 2.368164 0.0 -2.216797 3.486328 0.0 -1.640625 4.72168 0.0 -1.376953
2.8328  0.2441406 0.0 -3.530273 1.293945 0.0 -2.729492 2.373047 0.0 -2.216797 3.486328 0.0 -1.635742 4.72168 0.0 -1.376953
2.8344  0.2441406 0.0 -3.525391 1.293945 0.0 -2.724609 2.373047 0.0 -2.211914 3.491211 0.0 -1.635742 4.72168 0.0 -1.376953
2.836  0.2441406 0.0 -3.525391 1.293945 0.0 -2.724609 2.37793 0.0 -2.211914 3.491211 0.0 -1.630859 4.72168 0.0 -1.376953
2.8376  0.2392578 0.0 -3.520508 1.298828 0.0 -2.719727 2.37793 0.0 -2.207031 3.491211 0.0 -1.630859 4.726563 0.0 -1.376953
2.8392  0.2392578 0.0 -3.515625 1.298828 0.0 -2.714844 2.382813 0.0 -2.207031 3.491211 0.0 -1.625977 4.726563 0.0 -1.37207
2.8408  0.2392578 0.0 -3.515625 1.303711 0.0 -2.714844 2.382813 0.0 -2.202148 3.496094 0.0 -1.625977 4.726563 0.0 -1.37207
2.8424  0.2392578 0.0 -3.510742 1.303711 0.0 -2.709961 2.387695 0.0 -2.202148 3.496094 0.0 -1.621094 4.726563 0.0 -1.37207
2.844  0.234375 0.0 -3.505859 1.303711 0.0 -2.705078 2.387695 0.0 -2.197266 3.496094 0.0 -1.616211 4.726563 0.0 -1.37207
2.8456  0.234375 0.0 -3.500977 1.308594 0.0 -2.700195 2.387695 0.0 -2.192383 3.500977 0.0 -1.616211 4.726563 0.0 -1.37207
2.8472  0.234375 0.0 -3.496094 1.308594 0.0 -2.695313 2.392578 0.0 -2.192383 3.500977 0.0 -1.611328 4.726563 0.0 -1.37207
2.8488  0.234375 0.0 -3.491211 1.308594 0.0 -2.69043 2.392578 0.0 -2.1875 3.500977 0.0 -1.611328 4.731445 0.0 -1.367188
2.8504  0.234375 0.0 -3.486328 1.313477 0.0 -2.685547 2.397461 0.0 -2.182617 3.505859 0.0 -1.606445 4.731445 0.0 -1.367188
2.852  0.2294922 0.0 -3.481445 1.313477 0.0 -2.680664 2.397461 0.0 -2.177734 3.505859 0.0 -1.601563 4.731445 0.0 -1.367188
2.8536  0.2294922 0.0 -3.476563 1.318359 0.0 -2.675781 2.397461 0.0 -2.172852 3.510742 0.0 -1.601563 4.731445 0.0 -1.367188
2.8552  0.2294922 0.0 -3.47168 1.318359 0.0 -2.666016 2.402344 0.0 -2.167969 3.510742 0.0 -1.59668 4.731445 0.0 -1.367188
2.8568  0.2294922 0.0 -3.466797 1.318359 0.0 -2.661133 2.402344 0.0 -2.167969 3.510742 0.0 -1.591797 4.736328 0.0 -1.362305
2.8584  0.2294922 0.0 -3.461914 1.323242 0.0 -2.65625 2.407227 0.0 -2.163086 3.515625 0.0 -1.591797 4.736328 0.0 -1.362305
2.86  0.2294922 0.0 -3.457031 1.323242 0.0 -2.651367 2.407227 0.0 -2.158203 3.515625 0.0 -1.586914 4.736328 0.0 -1.362305
2.8616  0.2294922 0.0 -3.452148 1.323242 0.0 -2.641602 2.412109 0.0 -2.148438 3.520508 0.0 -1.582031 4.736328 0.0 -1.362305
2.8632  0.2294922 0.0 -3.442383 1.328125 0.0 -2.636719 2.412109 0.0 -2.143555 3.520508 0.0 -1.577148 4.741211 0.0 -1.362305
2.8648  0.2294922 0.0 -3.4375 1.328125 0.0 -2.626953 2.412109 0.0 -2.138672 3.525391 0.0 -1.577148 4.741211 0.0 -1.357422
2.8664  0.2246094 0.0 -3.432617 1.328125 0.0 -2.62207 2.416992 0.0 -2.133789 3.525391 0.0 -1.572266 4.741211 0.0 -1.357422
2.868  0.2246094 0.0 -3.422852 1.333008 0.0 -2.617188 2.416992 0.0 -2.128906 3.530273 0.0 -1.567383 4.746094 0.0 -1.357422
2.8696  0.2246094 0.0 -3.417969 1.333008 0.0 -2.607422 2.421875 0.0 -2.124023 3.530273 0.0 -1.5625 4.746094 0.0 -1.357422
2.8712  0.2246094 0.0 -3.413086 1.333008 0.0 -2.602539 2.421875 0.0 -2.119141 3.530273 0.0 -1.557617 4.746094 0.0 -1.352539
2.8728  0.2246094 0.0 -3.40332 1.333008 0.0 -2.592773 2.421875 0.0 -2.109375 3.535156 0.0 -1.557617 4.750977 0.0 -1.352539
2.8744  0.2246094 0.0 -3.398438 1.337891 0.0 -2.583008 2.426758 0.0 -2.104492 3.535156 0.0 -1.552734 4.750977 0.0 -1.352539
2.876  0.2246094 0.0 -3.388672 1.337891 0.0 -2.578125 2.426758 0.0 -2.099609 3.540039 0.0 -1.547852 4.750977 0.0 -1.352539
2.8776  0.2246094 0.0 -3.383789 1.337891 0.0 -2.568359 2.431641 0.0 -2.089844 3.540039 0.0 -1.542969 4.755859 0.0 -1.352539
2.8792  0.2197266 0.0 -3.378906 1.337891 0.0 -2.563477 2.431641 0.0 -2.084961 3.540039 0.0 -1.538086 4.755859 0.0 -1.347656
2.8808  0.2197266 0.0 -3.369141 1.337891 0.0 -2.553711 2.431641 0.0 -2.080078 3.544922 0.0 -1.533203 4.755859 0.0 -1.347656
2.8824  0.2197266 0.0 -3.364258 1.342773 0.0 -2.543945 2.436523 0.0 -2.070313 3.544922 0.0 -1.52832 4.760742 0.0 -1.347656
2.884  0.2197266 0.0 -3.354492 1.342773 0.0 -2.539063 2.436523 0.0 -2.06543 3.549805 0.0 -1.52832 4.760742 0.0 -1.342773
2.8856  0.2197266 0.0 -3.344727 1.342773 0.0 -2.529297 2.436523 0.0 -2.060547 3.549805 0.0 -1.523438 4.760742 0.0 -1.342773
2.8872  0.2197266 0.0 -3.339844 1.342773 0.0 -2.519531 2.441406 0.0 -2.050781 3.549805 0.0 -1.518555 4.765625 0.0 -1.342773
2.8888  0.2148438 0.0 -3.330078 1.342773 0.0 -2.514648 2.441406 0.0 -2.045898 3.554688 0.0 -1.513672 4.765625 0.0 -1.342773
2.8904  0.2148438 0.0 -3.325195 1.342773 0.0 -2.504883 2.441406 0.0 -2.041016 3.554688 0.0 -1.508789 4.765625 0.0 -1.337891
2.892  0.2148438 0.0 -3.31543 1.342773 0.0 -2.495117 2.441406 0.0 -2.03125 3.554688 0.0 -1.503906 4.770508 0.0 -1.337891
2.8936  0.2148438 0.0 -3.310547 1.347656 0.0 -2.485352 2.446289 0.0 -2.026367 3.55957 0.0 -1.499023 4.770508 0.0 -1.337891
2.8952  0.2148438 0.0 -3.300781 1.347656 0.0 -2.475586 2.446289 0.0 -2.016602 3.55957 0.0 -1.494141 4.770508 0.0 -1.337891
2.8968  0.2148438 0.0 -3.291016 1.347656 0.0 -2.470703 2.446289 0.0 -2.011719 3.55957 0.0 -1.489258 4.775391 0.0 -1.333008
2.8984  0.2099609 0.0 -3.286133 1.347656 0.0 -2.460938 2.451172 0.0 -2.006836 3.564453 0.0 -1.484375 4.775391 0.0 -1.333008
2.9  0.2099609 0.0 -3.276367 1.347656 0.0 -2.451172 2.451172 0.0 -1.99707 3.564453 0.0 -1.484375 4.775391 0.0 -1.333008
2.9016  0.2099609 0.0 -3.266602 1.347656 0.0 -2.441406 2.451172 0.0 -1.992188 3.564453 0.0 -1.479492 4.775391 0.0 -1.333008
2.9032  0.2099609 0.0 -3.261719 1.347656 0.0 -2.431641 2.451172 0.0 -1.987305 3.569336 0.0 -1.474609 4.780273 0.0 -1.328125
2.9048  0.2099609 0.0 -3.251953 1.347656 0.0 -2.426758 2.456055 0.0 -1.977539 3.569336 0.0 -1.469727 4.780273 0.0 -1.328125
2.9064  0.2099609 0.0 -3.242188 1.347656 0.0 -2.416992 2.456055 0.0 -1.972656 3.569336 0.0 -1.464844 4.780273 0.0 -1.328125
2.908  0.2099609 0.0 -3.237305 1.352539 0.0 -2.407227 2.456055 0.0 -1.967773 3.574219 0.0 -1.459961 4.785156 0.0 -1.328125
2.9096  0.2050781 0.0 -3.227539 1.352539 0.0 -2.397461 2.456055 0.0 -1.958008 3.574219 0.0 -1.455078 4.785156 0.0 -1.323242
2.9112  0.2050781 0.0 -3.217773 1.352539 0.0 -2.387695 2.460938 0.0 -1.953125 3.574219 0.0 -1.450195 4.785156 0.0 -1.323242
2.9128  0.2050781 0.0 -3.208008 1.352539 0.0 -2.37793 2.460938 0.0 -1.948242 3.579102 0.0 -1.450195 4.790039 0.0 -1.323242
2.9144  0.2050781 0.0 -3.203125 1.352539 0.0 -2.373047 2.460938 0.0 -1.938477 3.579102 0.0 -1.445313 4.790039 0.0 -1.323242
2.916  0.2050781 0.0 -3.193359 1.352539 0.0 -2.363281 2.460938 0.0 -1.933594 3.583984 0.0 -1.44043 4.790039 0.0 -1.323242
2.9176  0.2050781 0.0 -3.183594 1.352539 0.0 -2.353516 2.460938 0.0 -1.928711 3.583984 0.0 -1.435547 4.794922 0.0 -1.323242
2.9192  0.2001953 0.0 -3.178711 1.352539 0.0 -2.34375 2.46582 0.0 -1.918945 3.583984 0.0 -1.435547 4.794922 0.0 -1.323242
2.9208  0.2001953 0.0 -3.168945 1.352539 0.0 -2.338867 2.46582 0.0 -1.914063 3.588867 0.0 -1.430664 4.794922 0.0 -1.318359
2.9224  0.2001953 0.0 -3.15918 1.352539 0.0 -2.329102 2.46582 0.0 -1.90918 3.588867 0.0 -1.425781 4.799805 0.0 -1.318359
2.924  0.2001953 0.0 -3.154297 1.352539 0.0 -2.319336 2.46582 0.0 -1.904297 3.588867 0.0 -1.420898 4.799805 0.0 -1.318359
2.9256  0.2001953 0.0 -3.144531 1.352539 0.0 -2.314453 2.470703 0.0 -1.894531 3.59375 0.0 -1.420898 4.799805 0.0 -1.318359
2.9272  0.1953125 0.0 -3.134766 1.352539 0.0 -2.304688 2.470703 0.0 -1.889648 3.59375 0.0 -1.416016 4.804688 0.0 -1.318359
2.9288  0.1953125 0.0 -3.129883 1.352539 0.0 -2.294922 2.470703 0.0 -1.884766 3.598633 0.0 -1.411133 4.804688 0.0 -1.318359
2.9304  0.1953125 0.0 -3.120117 1.357422 0.0 -2.290039 2.470703 0.0 -1.879883 3.598633 0.0 -1.411133 4.804688 0.0 -1.318359
2.932  0.1953125 0.0 -3.110352 1.357422 0.0 -2.280273 2.470703 0.0 -1.875 3.598633 0.0 -1.40625 4.80957 0.0 -1.318359
2.9336  0.1953125 0.0 -3.105469 1.357422 0.0 -2.275391 2.470703 0.0 -1.870117 3.603516 0.0 -1.40625 4.80957 0.0 -1.318359
2.9352  0.1904297 0.0 -3.095703 1.357422 0.0 -2.265625 2.475586 0.0 -1.865234 3.603516 0.0 -1.401367 4.80957 0.0 -1.318359
2.9368  0.1904297 0.0 -3.09082 1.357422 0.0 -2.260742 2.475586 0.0 -1.860352 3.603516 0.0 -1.401367 4.814453 0.0 -1.318359
2.9384  0.1904297 0.0 -3.081055 1.357422 0.0 -2.250977 2.475586 0.0 -1.855469 3.608398 0.0 -1.396484 4.814453 0.0 -1.318359
2.94  0.1855469 0.0 -3.076172 1.357422 0.0 -2.246094 2.475586 0.0 -1.850586 3.608398 0.0 -1.391602 4.814453 0.0 -1.323242
2.9416  0.1855469 0.0 -3.066406 1.357422 0.0 -2.241211 2.475586 0.0 -1.845703 3.613281 0.0 -1.391602 4.819336 0.0 -1.323242
2.9432  0.1855469 0.0 -3.061523 1.357422 0.0 -2.231445 2.475586 0.0 -1.84082 3.613281 0.0 -1.386719 4.819336 0.0 -1.323242
2.9448  0.1855469 0.0 -3.051758 1.357422 0.0 -2.226563 2.475586 0.0 -1.835938 3.613281 0.0 -1.386719 4.819336 0.0 -1.323242
2.9464  0.1806641 0.0 -3.046875 1.357422 0.0 -2.22168 2.480469 0.0 -1.831055 3.618164 0.0 -1.386719 4.819336 0.0 -1.323242
2.948  0.1806641 0.0 -3.037109 1.357422 0.0 -2.211914 2.480469 0.0 -1.826172 3.618164 0.0 -1.381836 4.824219 0.0 -1.323242
2.9496  0.1806641 0.0 -3.032227 1.357422 0.0 -2.207031 2.480469 0.0 -1.821289 3.618164 0.0 -1.381836 4.824219 0.0 -1.323242
2.9512  0.1757813 0.0 -3.022461 1.357422 0.0 -2.202148 2.480469 0.0 -1.816406 3.618164 0.0 -1.376953 4.824219 0.0 -1.323242
2.9528  0.1757813 0.0 -3.017578 1.357422 0.0 -2.197266 2.480469 0.0 -1.811523 3.623047 0.0 -1.376953 4.824219 0.0 -1.328125
2.9544  0.1708984 0.0 -3.007813 1.357422 0.0 -2.192383 2.480469 0.0 -1.811523 3.623047 0.0 -1.376953 4.829102 0.0 -1.328125
2.956  0.1708984 0.0 -3.00293 1.357422 0.0 -2.1875 2.480469 0.0 -1.806641 3.623047 0.0 -1.37207 4.829102 0.0 -1.328125
2.9576  0.1708984 0.0 -2.993164 1.357422 0.0 -2.177734 2.480469 0.0 -1.801758 3.623047 0.0 -1.37207 4.829102 0.0 -1.328125
2.9592  0.1660156 0.0 -2.988281 1.357422 0.0 -2.172852 2.480469 0.0 -1.796875 3.62793 0.0 -1.367188 4.829102 0.0 -1.328125
2.9608  0.1660156 0.0 -2.983398 1.357422 0.0 -2.167969 2.480469 0.0 -1.796875 3.62793 0.0 -1.367188 4.829102 0.0 -1.328125
2.9624  0.1611328 0.0 -2.973633 1.357422 0.0 -2.163086 2.485352 0.0 -1.791992 3.62793 0.0 -1.367188 4.829102 0.0 -1.333008
2.964  0.1611328 0.0 -2.96875 1.357422 0.0 -2.158203 2.485352 0.0 -1.787109 3.62793 0.0 -1.362305 4.833984 0.0 -1.333008
2.9656  0.15625 0.0 -2.958984 1.357422 0.0 -2.15332 2.485352 0.0 -1.782227 3.62793 0.0 -1.362305 4.833984 0.0 -1.333008
2.9672  0.15625 0.0 -2.954102 1.357422 0.0 -2.148438 2.485352 0.0 -1.782227 3.62793 0.0 -1.362305 4.833984 0.0 -1.333008
2.9688  0.15625 0.0 -2.944336 1.357422 0.0 -2.143555 2.485352 0.0 -1.777344 3.632813 0.0 -1.357422 4.833984 0.0 -1.333008
2.9704  0.1513672 0.0 -2.939453 1.357422 0.0 -2.138672 2.485352 0.0 -1.772461 3.632813 0.0 -1.357422 4.833984 0.0 -1.333008
2.972  0.1513672 0.0 -2.929688 1.357422 0.0 -2.133789 2.485352 0.0 -1.767578 3.632813 0.0 -1.352539 4.833984 0.0 -1.333008
2.9736  0.1464844 0.0 -2.924805 1.352539 0.0 -2.128906 2.485352 0.0 -1.767578 3.632813 0.0 -1.352539 4.838867 0.0 -1.337891
2.9752  0.1464844 0.0 -2.915039 1.352539 0.0 -2.119141 2.485352 0.0 -1.762695 3.632813 0.0 -1.352539 4.838867 0.0 -1.337891
2.9768  0.1416016 0.0 -2.905273 1.352539 0.0 -2.114258 2.485352 0.0 -1.757813 3.632813 0.0 -1.347656 4.838867 0.0 -1.337891
2.9784  0.1416016 0.0 -2.900391 1.352539 0.0 -2.109375 2.485352 0.0 -1.75293 3.632813 0.0 -1.347656 4.838867 0.0 -1.337891
2.98  0.1367188 0.0 -2.890625 1.352539 0.0 -2.104492 2.485352 0.0 -1.748047 3.637695 0.0 -1.347656 4.838867 0.0 -1.337891
2.9816  0.1367188 0.0 -2.880859 1.352539 0.0 -2.099609 2.485352 0.0 -1.743164 3.637695 0.0 -1.342773 4.838867 0.0 -1.337891
2.9832  0.1318359 0.0 -2.875977 1.352539 0.0 -2.089844 2.485352 0.0 -1.743164 3.637695 0.0 -1.342773 4.84375 0.0 -1.337891
2.9848  0.1318359 0.0 -2.866211 1.352539 0.0 -2.084961 2.485352 0.0 -1.738281 3.637695 0.0 -1.337891 4.84375 0.0 -1.337891
2.9864  0.1269531 0.0 -2.856445 1.352539 0.0 -2.080078 2.485352 0.0 -1.733398 3.637695 0.0 -1.337891 4.84375 0.0 -1.337891
2.988  0.1269531 0.0 -2.84668 1.352539 0.0 -2.075195 2.485352 0.0 -1.728516 3.642578 0.0 -1.333008 4.84375 0.0 -1.337891
2.9896  0.1220703 0.0 -2.836914 1.352539 0.0 -2.06543 2.490234 0.0 -1.723633 3.642578 0.0 -1.333008 4.84375 0.0 -1.337891
2.9912  0.1220703 0.0 -2.832031 1.352539 0.0 -2.060547 2.490234 0.0 -1.71875 3.642578 0.0 -1.328125 4.84375 0.0 -1.337891
2.9928  0.1171875 0.0 -2.822266 1.352539 0.0 -2.055664 2.490234 0.0 -1.713867 3.642578 0.0 -1.328125 4.848633 0.0 -1.337891
2.9944  0.1171875 0.0 -2.8125 1.352539 0.0 -2.045898 2.490234 0.0 -1.708984 3.647461 0.0 -1.323242 4.848633 0.0 -1.333008
2.996  0.1123047 0.0 -2.802734 1.352539 0.0 -2.041016 2.490234 0.0 -1.704102 3.647461 0.0 -1.323242 4.848633 0.0 -1.333008
2.9976  0.1074219 0.0 -2.792969 1.357422 0.0 -2.03125 2.490234 0.0 -1.699219 3.647461 0.0 -1.318359 4.848633 0.0 -1.333008
2.9992  0.1074219 0.0 -2.783203 1.357422 0.0 -2.026367 2.495117 0.0 -1.694336 3.647461 0.0 -1.318359 4.848633 0.0 -1.333008
3.0008  0.1025391 0.0 -2.773438 1.357422 0.0 -2.016602 2.495117 0.0 -1.689453 3.652344 0.0 -1.313477 4.853516 0.0 -1.333008
3.0024  0.1025391 0.0 -2.758789 1.357422 0.0 -2.011719 2.495117 0.0 -1.68457 3.652344 0.0 -1.313477 4.853516 0.0 -1.328125
3.004  0.09765625 0.0 -2.749023 1.357422 0.0 -2.001953 2.495117 0.0 -1.679688 3.652344 0.0 -1.308594 4.853516 0.0 -1.328125
3.0056  0.09765625 0.0 -2.739258 1.357422 0.0 -1.99707 2.495117 0.0 -1.674805 3.652344 0.0 -1.308594 4.853516 0.0 -1.328125
3.0072  0.09277344 0.0 -2.729492 1.357422 0.0 -1.987305 2.5 0.0 -1.669922 3.657227 0.0 -1.303711 4.853516 0.0 -1.328125
3.0088  0.08789063 0.0 -2.719727 1.357422 0.0 -1.982422 2.5 0.0 -1.665039 3.657227 0.0 -1.298828 4.858398 0.0 -1.323242
3.0104  0.08789063 0.0 -2.705078 1.357422 0.0 -1.972656 2.5 0.0 -1.660156 3.657227 0.0 -1.298828 4.858398 0.0 -1.323242
3.012  0.08300781 0.0 -2.695313 1.357422 0.0 -1.962891 2.504883 0.0 -1.655273 3.662109 0.0 -1.293945 4.858398 0.0 -1.323242
3.0136  0.078125 0.0 -2.685547 1.357422 0.0 -1.958008 2.504883 0.0 -1.650391 3.662109 0.0 -1.289063 4.858398 0.0 -1.318359
3.0152  0.078125 0.0 -2.670898 1.362305 0.0 -1.948242 2.504883 0.0 -1.645508 3.662109 0.0 -1.289063 4.863281 0.0 -1.318359
3.0168  0.07324219 0.0 -2.661133 1.362305 0.0 -1.938477 2.504883 0.0 -1.640625 3.662109 0.0 -1.28418 4.863281 0.0 -1.318359
3.0184  0.07324219 0.0 -2.646484 1.362305 0.0 -1.928711 2.509766 0.0 -1.635742 3.666992 0.0 -1.28418 4.863281 0.0 -1.313477
3.02  0.06835938 0.0 -2.636719 1.362305 0.0 -1.923828 2.509766 0.0 -1.630859 3.666992 0.0 -1.279297 4.863281 0.0 -1.313477
3.0216  0.06347656 0.0 -2.62207 1.362305 0.0 -1.914063 2.509766 0.0 -1.625977 3.666992 0.0 -1.279297 4.868164 0.0 -1.308594
3.0232  0.06347656 0.0 -2.612305 1.362305 0.0 -1.904297 2.514648 0.0 -1.621094 3.671875 0.0 -1.274414 4.868164 0.0 -1.308594
3.0248  0.05859375 0.0 -2.597656 1.362305 0.0 -1.894531 2.514648 0.0 -1.616211 3.671875 0.0 -1.269531 4.868164 0.0 -1.308594
3.0264  0.05859375 0.0 -2.587891 1.367188 0.0 -1.889648 2.514648 0.0 -1.611328 3.671875 0.0 -1.269531 4.868164 0.0 -1.303711
3.028  0.05371094 0.0 -2.573242 1.367188 0.0 -1.879883 2.519531 0.0 -1.606445 3.676758 0.0 -1.264648 4.873047 0.0 -1.303711
3.0296  0.04882813 0.0 -2.563477 1.367188 0.0 -1.870117 2.519531 0.0 -1.601563 3.676758 0.0 -1.264648 4.873047 0.0 -1.303711
3.0312  0.04882813 0.0 -2.553711 1.367188 0.0 -1.860352 2.519531 0.0 -1.59668 3.676758 0.0 -1.259766 4.873047 0.0 -1.298828
3.0328  0.04394531 0.0 -2.539063 1.367188 0.0 -1.855469 2.524414 0.0 -1.591797 3.681641 0.0 -1.259766 4.87793 0.0 -1.298828
3.0344  0.04394531 0.0 -2.529297 1.37207 0.0 -1.845703 2.524414 0.0 -1.586914 3.681641 0.0 -1.259766 4.87793 0.0 -1.298828
3.036  0.0390625 0.0 -2.514648 1.37207 0.0 -1.835938 2.529297 0.0 -1.582031 3.686523 0.0 -1.254883 4.87793 0.0 -1.298828
3.0376  0.0390625 0.0 -2.504883 1.37207 0.0 -1.826172 2.529297 0.0 -1.577148 3.686523 0.0 -1.254883 4.882813 0.0 -1.293945
3.0392  0.03417969 0.0 -2.490234 1.37207 0.0 -1.821289 2.529297 0.0 -1.572266 3.686523 0.0 -1.25 4.882813 0.0 -1.293945
3.0408  0.03417969 0.0 -2.480469 1.37207 0.0 -1.811523 2.53418 0.0 -1.567383 3.691406 0.0 -1.25 4.882813 0.0 -1.293945
3.0424  0.02929688 0.0 -2.470703 1.376953 0.0 -1.801758 2.53418 0.0 -1.5625 3.691406 0.0 -1.25 4.887695 0.0 -1.289063
3.044  0.02929688 0.0 -2.456055 1.376953 0.0 -1.796875 2.53418 0.0 -1.557617 3.691406 0.0 -1.245117 4.887695 0.0 -1.289063
3.0456  0.02441406 0.0 -2.446289 1.376953 0.0 -1.787109 2.539063 0.0 -1.557617 3.696289 0.0 -1.245117 4.887695 0.0 -1.289063
3.0472  0.02441406 0.0 -2.436523 1.376953 0.0 -1.782227 2.539063 0.0 -1.552734 3.696289 0.0 -1.245117 4.887695 0.0 -1.289063
3.0488  0.01953125 0.0 -2.421875 1.381836 0.0 -1.772461 2.539063 0.0 -1.547852 3.701172 0.0 -1.245117 4.892578 0.0 -1.28418
3.0504  0.01953125 0.0 -2.412109 1.381836 0.0 -1.767578 2.543945 0.0 -1.542969 3.701172 0.0 -1.240234 4.892578 0.0 -1.28418
3.052  0.01464844 0.0 -2.402344 1.381836 0.0 -1.757813 2.543945 0.0 -1.538086 3.706055 0.0 -1.240234 4.892578 0.0 -1.28418
3.0536  0.01464844 0.0 -2.392578 1.386719 0.0 -1.75293 2.548828 0.0 -1.538086 3.706055 0.0 -1.240234 4.897461 0.0 -1.28418
3.0552  0.009765625 0.0 -2.382813 1.386719 0.0 -1.743164 2.548828 0.0 -1.533203 3.706055 0.0 -1.240234 4.897461 0.0 -1.28418
3.0568  0.009765625 0.0 -2.373047 1.386719 0.0 -1.738281 2.548828 0.0 -1.52832 3.710938 0.0 -1.235352 4.897461 0.0 -1.279297
3.0584  0.009765625 0.0 -2.363281 1.386719 0.0 -1.733398 2.553711 0.0 -1.52832 3.710938 0.0 -1.235352 4.897461 0.0 -1.279297
3.06  0.004882813 0.0 -2.353516 1.391602 0.0 -1.728516 2.553711 0.0 -1.523438 3.71582 0.0 -1.235352 4.902344 0.0 -1.279297
3.0616  0.004882813 0.0 -2.34375 1.391602 0.0 -1.71875 2.553711 0.0 -1.518555 3.71582 0.0 -1.235352 4.902344 0.0 -1.279297
3.0632  0.004882813 0.0 -2.333984 1.391602 0.0 -1.713867 2.558594 0.0 -1.518555 3.71582 0.0 -1.235352 4.902344 0.0 -1.274414
3.0648  0.0 0.0 -2.324219 1.391602 0.0 -1.708984 2.558594 0.0 -1.513672 3.720703 0.0 -1.230469 4.907227 0.0 -1.274414
3.0664  0.0 0.0 -2.314453 1.396484 0.0 -1.704102 2.558594 0.0 -1.513672 3.720703 0.0 -1.230469 4.907227 0.0 -1.274414
3.068  0.0 0.0 -2.304688 1.396484 0.0 -1.699219 2.563477 0.0 -1.508789 3.725586 0.0 -1.230469 4.907227 0.0 -1.274414
3.0696  -0.004882813 0.0 -2.294922 1.396484 0.0 -1.689453 2.563477 0.0 -1.508789 3.725586 0.0 -1.230469 4.912109 0.0 -1.269531
3.0712  -0.004882813 0.0 -2.290039 1.401367 0.0 -1.68457 2.563477 0.0 -1.503906 3.730469 0.0 -1.225586 4.912109 0.0 -1.269531
3.0728  -0.004882813 0.0 -2.280273 1.401367 0.0 -1.679688 2.568359 0.0 -1.503906 3.730469 0.0 -1.225586 4.912109 0.0 -1.269531
3.0744  -0.009765625 0.0 -2.270508 1.401367 0.0 -1.674805 2.568359 0.0 -1.499023 3.730469 0.0 -1.225586 4.916992 0.0 -1.269531
3.076  -0.009765625 0.0 -2.265625 1.401367 0.0 -1.669922 2.568359 0.0 -1.499023 3.735352 0.0 -1.225586 4.916992 0.0 -1.269531
3.0776  -0.009765625 0.0 -2.255859 1.401367 0.0 -1.669922 2.573242 0.0 -1.494141 3.735352 0.0 -1.225586 4.916992 0.0 -1.264648
3.0792  -0.009765625 0.0 -2.250977 1.40625 0.0 -1.665039 2.573242 0.0 -1.494141 3.740234 0.0 -1.225586 4.921875 0.0 -1.264648
3.0808  -0.01464844 0.0 -2.246094 1.40625 0.0 -1.660156 2.573242 0.0 -1.494141 3.740234 0.0 -1.225586 4.921875 0.0 -1.264648
3.0824  -0.01464844 0.0 -2.236328 1.40625 0.0 -1.655273 2.578125 0.0 -1.494141 3.740234 0.0 -1.220703 4.926758 0.0 -1.264648
3.084  -0.01464844 0.0 -2.231445 1.40625 0.0 -1.650391 2.578125 0.0 -1.489258 3.745117 0.0 -1.220703 4.926758 0.0 -1.264648
3.0856  -0.01464844 0.0 -2.226563 1.411133 0.0 -1.650391 2.578125 0.0 -1.489258 3.745117 0.0 -1.220703 4.926758 0.0 -1.264648
3.0872  -0.01464844 0.0 -2.216797 1.411133 0.0 -1.645508 2.583008 0.0 -1.489258 3.745117 0.0 -1.220703 4.931641 0.0 -1.264648
3.0888  -0.01953125 0.0 -2.211914 1.411133 0.0 -1.645508 2.583008 0.0 -1.489258 3.75 0.0 -1.220703 4.931641 0.0 -1.264648
3.0904  -0.01953125 0.0 -2.207031 1.411133 0.0 -1.640625 2.583008 0.0 -1.489258 3.75 0.0 -1.220703 4.931641 0.0 -1.264648
3.092  -0.01953125 0.0 -2.202148 1.411133 0.0 -1.640625 2.587891 0.0 -1.489258 3.75 0.0 -1.225586 4.936523 0.0 -1.264648
3.0936  -0.01953125 0.0 -2.197266 1.411133 0.0 -1.635742 2.587891 0.0 -1.489258 3.754883 0.0 -1.225586 4.936523 0.0 -1.264648
3.0952  -0.02441406 0.0 -2.192383 1.416016 0.0 -1.635742 2.587891 0.0 -1.489258 3.754883 0.0 -1.225586 4.936523 0.0 -1.264648
3.0968  -0.02441406 0.0 -2.1875 1.416016 0.0 -1.635742 2.587891 0.0 -1.489258 3.754883 0.0 -1.225586 4.941406 0.0 -1.264648
3.0984  -0.02441406 0.0 -2.1875 1.416016 0.0 -1.635742 2.592773 0.0 -1.489258 3.759766 0.0 -1.225586 4.941406 0.0 -1.269531
3.1  -0.02441406 0.0 -2.182617 1.416016 0.0 -1.635742 2.592773 0.0 -1.489258 3.759766 0.0 -1.230469 4.941406 0.0 -1.269531
3.1016  -0.02441406 0.0 -2.177734 1.416016 0.0 -1.635742 2.592773 0.0 -1.494141 3.759766 0.0 -1.230469 4.946289 0.0 -1.269531
3.1032  -0.02441406 0.0 -2.177734 1.420898 0.0 -1.635742 2.597656 0.0 -1.494141 3.759766 0.0 -1.235352 4.946289 0.0 -1.269531
3.1048  -0.02441406 0.0 -2.172852 1.420898 0.0 -1.635742 2.597656 0.0 -1.494141 3.764648 0.0 -1.235352 4.946289 0.0 -1.274414
3.1064  -0.02929688 0.0 -2.172852 1.420898 0.0 -1.635742 2.602539 0.0 -1.499023 3.764648 0.0 -1.240234 4.951172 0.0 -1.274414
3.108  -0.02929688 0.0 -2.167969 1.420898 0.0 -1.635742 2.602539 0.0 -1.499023 3.764648 0.0 -1.240234 4.951172 0.0 -1.279297
3.1096  -0.02929688 0.0 -2.167969 1.425781 0.0 -1.635742 2.602539 0.0 -1.503906 3.769531 0.0 -1.245117 4.951172 0.0 -1.279297
3.1112  -0.02929688 0.0 -2.163086 1.425781 0.0 -1.635742 2.607422 0.0 -1.503906 3.769531 0.0 -1.245117 4.956055 0.0 -1.279297
3.1128  -0.02929688 0.0 -2.163086 1.425781 0.0 -1.640625 2.607422 0.0 -1.508789 3.769531 0.0 -1.25 4.956055 0.0 -1.28418
3.1144  -0.02929688 0.0 -2.163086 1.430664 0.0 -1.640625 2.612305 0.0 -1.508789 3.774414 0.0 -1.254883 4.956055 0.0 -1.28418
3.116  -0.02929688 0.0 -2.163086 1.430664 0.0 -1.645508 2.612305 0.0 -1.513672 3.774414 0.0 -1.254883 4.960938 0.0 -1.289063
3.1176  -0.02929688 0.0 -2.163086 1.430664 0.0 -1.645508 2.617188 0.0 -1.518555 3.774414 0.0 -1.259766 4.960938 0.0 -1.289063
3.1192  -0.02441406 0.0 -2.163086 1.435547 0.0 -1.650391 2.617188 0.0 -1.518555 3.779297 0.0 -1.264648 4.96582 0.0 -1.293945
3.1208  -0.02441406 0.0 -2.163086 1.435547 0.0 -1.650391 2.62207 0.0 -1.523438 3.779297 0.0 -1.264648 4.96582 0.0 -1.293945
3.1224  -0.02441406 0.0 -2.163086 1.44043 0.0 -1.655273 2.62207 0.0 -1.52832 3.779297 0.0 -1.269531 4.970703 0.0 -1.298828
3.124  -0.02441406 0.0 -2.163086 1.44043 0.0 -1.660156 2.626953 0.0 -1.533203 3.78418 0.0 -1.274414 4.970703 0.0 -1.298828
3.1256  -0.02441406 0.0 -2.167969 1.445313 0.0 -1.660156 2.626953 0.0 -1.538086 3.78418 0.0 -1.279297 4.970703 0.0 -1.303711
3.1272  -0.01953125 0.0 -2.167969 1.445313 0.0 -1.665039 2.631836 0.0 -1.538086 3.789063 0.0 -1.279297 4.975586 0.0 -1.303711
3.1288  -0.01953125 0.0 -2.172852 1.450195 0.0 -1.669922 2.631836 0.0 -1.542969 3.789063 0.0 -1.28418 4.975586 0.0 -1.308594
3.1304  -0.01953125 0.0 -2.172852 1.450195 0.0 -1.674805 2.636719 0.0 -1.547852 3.789063 0.0 -1.289063 4.980469 0.0 -1.308594
3.132  -0.01953125 0.0 -2.177734 1.455078 0.0 -1.679688 2.641602 0.0 -1.552734 3.793945 0.0 -1.293945 4.980469 0.0 -1.313477
3.1336  -0.01464844 0.0 -2.182617 1.455078 0.0 -1.68457 2.641602 0.0 -1.557617 3.793945 0.0 -1.293945 4.985352 0.0 -1.313477
3.1352  -0.01464844 0.0 -2.1875 1.459961 0.0 -1.689453 2.646484 0.0 -1.5625 3.798828 0.0 -1.298828 4.990234 0.0 -1.313477
3.1368  -0.009765625 0.0 -2.1875 1.464844 0.0 -1.694336 2.651367 0.0 -1.567383 3.798828 0.0 -1.303711 4.990234 0.0 -1.318359
3.1384  -0.009765625 0.0 -2.192383 1.464844 0.0 -1.699219 2.65625 0.0 -1.572266 3.803711 0.0 -1.303711 4.995117 0.0 -1.318359
3.14  -0.004882813 0.0 -2.202148 1.469727 0.0 -1.704102 2.65625 0.0 -1.577148 3.803711 0.0 -1.308594 4.995117 0.0 -1.323242
3.1416  -0.004882813 0.0 -2.207031 1.474609 0.0 -1.708984 2.661133 0.0 -1.582031 3.808594 0.0 -1.313477 5.0 0.0 -1.323242
3.1432  0.0 0.0 -2.211914 1.474609 0.0 -1.713867 2.666016 0.0 -1.586914 3.808594 0.0 -1.313477 5.0 0.0 -1.323242
3.1448  0.004882813 0.0 -2.216797 1.479492 0.0 -1.71875 2.666016 0.0 -1.591797 3.813477 0.0 -1.318359 5.004883 0.0 -1.328125
3.1464  0.004882813 0.0 -2.226563 1.484375 0.0 -1.728516 2.670898 0.0 -1.601563 3.813477 0.0 -1.323242 5.004883 0.0 -1.328125
3.148  0.009765625 0.0 -2.231445 1.489258 0.0 -1.733398 2.675781 0.0 -1.606445 3.818359 0.0 -1.323242 5.009766 0.0 -1.328125
3.1496  0.01464844 0.0 -2.241211 1.489258 0.0 -1.738281 2.680664 0.0 -1.611328 3.818359 0.0 -1.328125 5.014648 0.0 -1.333008
3.1512  0.01953125 0.0 -2.246094 1.494141 0.0 -1.748047 2.680664 0.0 -1.616211 3.818359 0.0 -1.333008 5.014648 0.0 -1.333008
3.1528  0.01953125 0.0 -2.255859 1.499023 0.0 -1.75293 2.685547 0.0 -1.621094 3.823242 0.0 -1.333008 5.019531 0.0 -1.333008
3.1544  0.02441406 0.0 -2.265625 1.503906 0.0 -1.762695 2.69043 0.0 -1.630859 3.823242 0.0 -1.337891 5.019531 0.0 -1.333008
3.156  0.02929688 0.0 -2.275391 1.503906 0.0 -1.767578 2.695313 0.0 -1.635742 3.828125 0.0 -1.337891 5.024414 0.0 -1.333008
3.1576  0.03417969 0.0 -2.285156 1.508789 0.0 -1.772461 2.695313 0.0 -1.640625 3.828125 0.0 -1.342773 5.024414 0.0 -1.337891
3.1592  0.0390625 0.0 -2.294922 1.513672 0.0 -1.782227 2.700195 0.0 -1.645508 3.828125 0.0 -1.347656 5.029297 0.0 -1.337891
3.1608  0.04394531 0.0 -2.304688 1.513672 0.0 -1.787109 2.705078 0.0 -1.655273 3.833008 0.0 -1.347656 5.029297 0.0 -1.337891
3.1624  0.04394531 0.0 -2.314453 1.518555 0.0 -1.796875 2.705078 0.0 -1.660156 3.833008 0.0 -1.352539 5.03418 0.0 -1.337891
3.164  0.04882813 0.0 -2.324219 1.523438 0.0 -1.806641 2.709961 0.0 -1.665039 3.833008 0.0 -1.352539 5.03418 0.0 -1.337891
3.1656  0.05371094 0.0 -2.338867 1.523438 0.0 -1.811523 2.714844 0.0 -1.669922 3.837891 0.0 -1.357422 5.03418 0.0 -1.337891
3.1672  0.05859375 0.0 -2.348633 1.52832 0.0 -1.821289 2.714844 0.0 -1.679688 3.837891 0.0 -1.357422 5.039063 0.0 -1.337891
3.1688  0.06347656 0.0 -2.363281 1.533203 0.0 -1.826172 2.719727 0.0 -1.68457 3.837891 0.0 -1.362305 5.039063 0.0 -1.337891
3.1704  0.06835938 0.0 -2.373047 1.533203 0.0 -1.835938 2.719727 0.0 -1.689453 3.837891 0.0 -1.367188 5.039063 0.0 -1.337891
3.172  0.07324219 0.0 -2.387695 1.538086 0.0 -1.84082 2.719727 0.0 -1.694336 3.837891 0.0 -1.367188 5.039063 0.0 -1.337891
3.1736  0.078125 0.0 -2.397461 1.538086 0.0 -1.850586 2.724609 0.0 -1.704102 3.842773 0.0 -1.37207 5.039063 0.0 -1.337891
3.1752  0.08300781 0.0 -2.412109 1.542969 0.0 -1.860352 2.724609 0.0 -1.708984 3.842773 0.0 -1.37207 5.043945 0.0 -1.337891
3.1768  0.08789063 0.0 -2.421875 1.542969 0.0 -1.865234 2.729492 0.0 -1.713867 3.842773 0.0 -1.376953 5.043945 0.0 -1.333008
3.1784  0.09277344 0.0 -2.436523 1.547852 0.0 -1.875 2.729492 0.0 -1.71875 3.842773 0.0 -1.376953 5.043945 0.0 -1.333008
3.18  0.09765625 0.0 -2.451172 1.547852 0.0 -1.884766 2.729492 0.0 -1.728516 3.842773 0.0 -1.381836 5.043945 0.0 -1.333008
3.1816  0.1025391 0.0 -2.46582 1.547852 0.0 -1.889648 2.729492 0.0 -1.733398 3.842773 0.0 -1.381836 5.039063 0.0 -1.333008
3.1832  0.1074219 0.0 -2.475586 1.552734 0.0 -1.899414 2.729492 0.0 -1.738281 3.842773 0.0 -1.386719 5.039063 0.0 -1.333008
3.1848  0.1123047 0.0 -2.490234 1.552734 0.0 -1.904297 2.729492 0.0 -1.743164 3.842773 0.0 -1.386719 5.039063 0.0 -1.328125
3.1864  0.1171875 0.0 -2.504883 1.552734 0.0 -1.914063 2.729492 0.0 -1.75293 3.837891 0.0 -1.391602 5.039063 0.0 -1.328125
3.188  0.1220703 0.0 -2.519531 1.552734 0.0 -1.923828 2.729492 0.0 -1.757813 3.837891 0.0 -1.391602 5.039063 0.0 -1.328125
3.1896  0.1269531 0.0 -2.53418 1.552734 0.0 -1.928711 2.729492 0.0 -1.762695 3.837891 0.0 -1.396484 5.03418 0.0 -1.328125
3.1912  0.1318359 0.0 -2.548828 1.557617 0.0 -1.938477 2.729492 0.0 -1.767578 3.837891 0.0 -1.396484 5.03418 0.0 -1.323242
3.1928  0.1367188 0.0 -2.563477 1.557617 0.0 -1.943359 2.729492 0.0 -1.772461 3.837891 0.0 -1.401367 5.03418 0.0 -1.323242
3.1944  0.1367188 0.0 -2.573242 1.557617 0.0 -1.953125 2.729492 0.0 -1.777344 3.833008 0.0 -1.40625 5.029297 0.0 -1.323242
3.196  0.1416016 0.0 -2.587891 1.557617 0.0 -1.962891 2.729492 0.0 -1.782227 3.833008 0.0 -1.40625 5.029297 0.0 -1.323242
3.1976  0.1464844 0.0 -2.602539 1.557617 0.0 -1.967773 2.729492 0.0 -1.791992 3.833008 0.0 -1.411133 5.029297 0.0 -1.318359
3.1992  0.1513672 0.0 -2.617188 1.557617 0.0 -1.977539 2.729492 0.0 -1.796875 3.828125 0.0 -1.411133 5.024414 0.0 -1.318359
3.2008  0.15625 0.0 -2.631836 1.557617 0.0 -1.987305 2.724609 0.0 -1.801758 3.828125 0.0 -1.416016 5.024414 0.0 -1.318359
3.2024  0.15625 0.0 -2.646484 1.557617 0.0 -1.992188 2.724609 0.0 -1.806641 3.823242 0.0 -1.416016 5.019531 0.0 -1.313477
3.204  0.1611328 0.0 -2.65625 1.557617 0.0 -2.001953 2.724609 0.0 -1.811523 3.823242 0.0 -1.420898 5.019531 0.0 -1.313477
3.2056  0.1660156 0.0 -2.670898 1.552734 0.0 -2.006836 2.724609 0.0 -1.816406 3.818359 0.0 -1.420898 5.014648 0.0 -1.313477
3.2072  0.1660156 0.0 -2.685547 1.552734 0.0 -2.016602 2.724609 0.0 -1.821289 3.818359 0.0 -1.425781 5.014648 0.0 -1.313477
3.2088  0.1708984 0.0 -2.695313 1.552734 0.0 -2.026367 2.719727 0.0 -1.826172 3.813477 0.0 -1.425781 5.009766 0.0 -1.313477
3.2104  0.1757813 0.0 -2.709961 1.552734 0.0 -2.03125 2.719727 0.0 -1.831055 3.813477 0.0 -1.430664 5.009766 0.0 -1.308594
3.212  0.1757813 0.0 -2.719727 1.552734 0.0 -2.041016 2.719727 0.0 -1.84082 3.808594 0.0 -1.430664 5.004883 0.0 -1.308594
3.2136  0.1806641 0.0 -2.734375 1.552734 0.0 -2.045898 2.714844 0.0 -1.845703 3.808594 0.0 -1.430664 5.0 0.0 -1.308594
3.2152  0.1806641 0.0 -2.744141 1.552734 0.0 -2.055664 2.714844 0.0 -1.850586 3.803711 0.0 -1.435547 5.0 0.0 -1.308594
3.2168  0.1855469 0.0 -2.758789 1.547852 0.0 -2.06543 2.714844 0.0 -1.855469 3.803711 0.0 -1.435547 4.995117 0.0 -1.308594
3.2184  0.1855469 0.0 -2.768555 1.547852 0.0 -2.070313 2.714844 0.0 -1.860352 3.798828 0.0 -1.44043 4.995117 0.0 -1.308594
3.22  0.1904297 0.0 -2.783203 1.547852 0.0 -2.080078 2.709961 0.0 -1.865234 3.798828 0.0 -1.44043 4.990234 0.0 -1.303711
3.2216  0.1904297 0.0 -2.792969 1.547852 0.0 -2.084961 2.709961 0.0 -1.870117 3.793945 0.0 -1.44043 4.990234 0.0 -1.303711
3.2232  0.1904297 0.0 -2.802734 1.547852 0.0 -2.094727 2.709961 0.0 -1.875 3.789063 0.0 -1.445313 4.985352 0.0 -1.303711
3.2248  0.1953125 0.0 -2.8125 1.542969 0.0 -2.099609 2.709961 0.0 -1.879883 3.789063 0.0 -1.445313 4.980469 0.0 -1.303711
3.2264  0.1953125 0.0 -2.822266 1.542969 0.0 -2.104492 2.705078 0.0 -1.884766 3.78418 0.0 -1.450195 4.980469 0.0 -1.303711
3.228  0.2001953 0.0 -2.832031 1.542969 0.0 -2.114258 2.705078 0.0 -1.889648 3.78418 0.0 -1.450195 4.975586 0.0 -1.303711
3.2296  0.2001953 0.0 -2.841797 1.542969 0.0 -2.119141 2.705078 0.0 -1.894531 3.779297 0.0 -1.450195 4.975586 0.0 -1.303711
3.2312  0.2001953 0.0 -2.851563 1.542969 0.0 -2.124023 2.705078 0.0 -1.899414 3.779297 0.0 -1.455078 4.970703 0.0 -1.303711
3.2328  0.2001953 0.0 -2.861328 1.538086 0.0 -2.133789 2.700195 0.0 -1.899414 3.774414 0.0 -1.455078 4.970703 0.0 -1.303711
3.2344  0.2050781 0.0 -2.871094 1.538086 0.0 -2.138672 2.700195 0.0 -1.904297 3.774414 0.0 -1.455078 4.96582 0.0 -1.303711
3.236  0.2050781 0.0 -2.875977 1.538086 0.0 -2.143555 2.700195 0.0 -1.90918 3.769531 0.0 -1.459961 4.96582 0.0 -1.303711
3.2376  0.2050781 0.0 -2.885742 1.538086 0.0 -2.148438 2.700195 0.0 -1.914063 3.769531 0.0 -1.459961 4.960938 0.0 -1.303711
3.2392  0.2050781 0.0 -2.890625 1.538086 0.0 -2.158203 2.695313 0.0 -1.918945 3.764648 0.0 -1.459961 4.960938 0.0 -1.303711
3.2408  0.2050781 0.0 -2.900391 1.533203 0.0 -2.163086 2.695313 0.0 -1.923828 3.764648 0.0 -1.464844 4.956055 0.0 -1.303711
3.2424  0.2050781 0.0 -2.905273 1.533203 0.0 -2.167969 2.695313 0.0 -1.923828 3.759766 0.0 -1.464844 4.956055 0.0 -1.308594
3.244  0.2050781 0.0 -2.915039 1.533203 0.0 -2.172852 2.695313 0.0 -1.928711 3.759766 0.0 -1.464844 4.951172 0.0 -1.308594
3.2456  0.2050781 0.0 -2.919922 1.533203 0.0 -2.177734 2.69043 0.0 -1.933594 3.754883 0.0 -1.469727 4.951172 0.0 -1.308594
3.2472  0.2050781 0.0 -2.924805 1.533203 0.0 -2.182617 2.69043 0.0 -1.938477 3.754883 0.0 -1.469727 4.946289 0.0 -1.308594
3.2488  0.2099609 0.0 -2.929688 1.533203 0.0 -2.1875 2.69043 0.0 -1.938477 3.75 0.0 -1.474609 4.946289 0.0 -1.308594
3.2504  0.2050781 0.0 -2.93457 1.52832 0.0 -2.192383 2.69043 0.0 -1.943359 3.75 0.0 -1.474609 4.941406 0.0 -1.308594
3.252  0.2050781 0.0 -2.944336 1.52832 0.0 -2.197266 2.69043 0.0 -1.948242 3.745117 0.0 -1.474609 4.941406 0.0 -1.308594
3.2536  0.2050781 0.0 -2.949219 1.52832 0.0 -2.197266 2.685547 0.0 -1.948242 3.745117 0.0 -1.479492 4.941406 0.0 -1.313477
3.2552  0.2050781 0.0 -2.954102 1.52832 0.0 -2.202148 2.685547 0.0 -1.953125 3.745117 0.0 -1.479492 4.936523 0.0 -1.313477
3.2568  0.2050781 0.0 -2.954102 1.52832 0.0 -2.207031 2.685547 0.0 -1.958008 3.740234 0.0 -1.479492 4.936523 0.0 -1.313477
3.2584  0.2050781 0.0 -2.958984 1.52832 0.0 -2.211914 2.685547 0.0 -1.958008 3.740234 0.0 -1.484375 4.931641 0.0 -1.313477
3.26  0.2050781 0.0 -2.963867 1.52832 0.0 -2.216797 2.685547 0.0 -1.962891 3.735352 0.0 -1.484375 4.931641 0.0 -1.313477
3.2616  0.2050781 0.0 -2.96875 1.523438 0.0 -2.216797 2.685547 0.0 -1.962891 3.735352 0.0 -1.484375 4.931641 0.0 -1.318359
3.2632  0.2050781 0.0 -2.973633 1.523438 0.0 -2.22168 2.680664 0.0 -1.967773 3.735352 0.0 -1.489258 4.926758 0.0 -1.318359
3.2648  0.2050781 0.0 -2.978516 1.523438 0.0 -2.226563 2.680664 0.0 -1.972656 3.735352 0.0 -1.489258 4.926758 0.0 -1.318359
3.2664  0.2050781 0.0 -2.978516 1.523438 0.0 -2.226563 2.680664 0.0 -1.972656 3.730469 0.0 -1.494141 4.926758 0.0 -1.318359
3.268  0.2050781 0.0 -2.983398 1.523438 0.0 -2.231445 2.680664 0.0 -1.972656 3.730469 0.0 -1.494141 4.921875 0.0 -1.323242
3.2696  0.2001953 0.0 -2.988281 1.523438 0.0 -2.231445 2.680664 0.0 -1.977539 3.730469 0.0 -1.494141 4.921875 0.0 -1.323242
3.2712  0.2001953 0.0 -2.988281 1.523438 0.0 -2.236328 2.680664 0.0 -1.977539 3.725586 0.0 -1.499023 4.921875 0.0 -1.323242
3.2728  0.2001953 0.0 -2.993164 1.523438 0.0 -2.236328 2.680664 0.0 -1.982422 3.725586 0.0 -1.499023 4.916992 0.0 -1.323242
3.2744  0.2001953 0.0 -2.993164 1.523438 0.0 -2.241211 2.675781 0.0 -1.982422 3.725586 0.0 -1.499023 4.916992 0.0 -1.323242
3.276  0.2001953 0.0 -2.998047 1.523438 0.0 -2.241211 2.675781 0.0 -1.982422 3.725586 0.0 -1.499023 4.916992 0.0 -1.328125
3.2776  0.2001953 0.0 -2.998047 1.523438 0.0 -2.246094 2.675781 0.0 -1.987305 3.725586 0.0 -1.503906 4.916992 0.0 -1.328125
3.2792  0.2001953 0.0 -3.00293 1.523438 0.0 -2.246094 2.675781 0.0 -1.987305 3.720703 0.0 -1.503906 4.916992 0.0 -1.328125
3.2808  0.2001953 0.0 -3.00293 1.523438 0.0 -2.246094 2.675781 0.0 -1.987305 3.720703 0.0 -1.503906 4.912109 0.0 -1.328125
3.2824  0.2001953 0.0 -3.007813 1.523438 0.0 -2.246094 2.675781 0.0 -1.987305 3.720703 0.0 -1.503906 4.912109 0.0 -1.328125
3.284  0.1953125 0.0 -3.007813 1.523438 0.0 -2.250977 2.675781 0.0 -1.987305 3.720703 0.0 -1.503906 4.912109 0.0 -1.328125
3.2856  0.1953125 0.0 -3.007813 1.523438 0.0 -2.250977 2.675781 0.0 -1.987305 3.720703 0.0 -1.508789 4.912109 0.0 -1.333008
3.2872  0.1953125 0.0 -3.007813 1.523438 0.0 -2.250977 2.675781 0.0 -1.992188 3.71582 0.0 -1.508789 4.912109 0.0 -1.333008
3.2888  0.1953125 0.0 -3.012695 1.523438 0.0 -2.250977 2.675781 0.0 -1.992188 3.71582 0.0 -1.508789 4.907227 0.0 -1.333008
3.2904  0.1953125 0.0 -3.012695 1.523438 0.0 -2.250977 2.675781 0.0 -1.992188 3.71582 0.0 -1.508789 4.907227 0.0 -1.333008
3.292  0.1953125 0.0 -3.012695 1.523438 0.0 -2.250977 2.675781 0.0 -1.987305 3.71582 0.0 -1.508789 4.907227 0.0 -1.333008
3.2936  0.1953125 0.0 -3.012695 1.523438 0.0 -2.250977 2.675781 0.0 -1.987305 3.71582 0.0 -1.508789 4.907227 0.0 -1.333008
3.2952  0.1953125 0.0 -3.012695 1.523438 0.0 -2.250977 2.675781 0.0 -1.987305 3.71582 0.0 -1.508789 4.907227 0.0 -1.333008
3.2968  0.1953125 0.0 -3.012695 1.523438 0.0 -2.250977 2.670898 0.0 -1.987305 3.710938 0.0 -1.508789 4.907227 0.0 -1.333008
3.2984  0.1953125 0.0 -3.012695 1.523438 0.0 -2.250977 2.670898 0.0 -1.987305 3.710938 0.0 -1.508789 4.902344 0.0 -1.333008
3.3  0.1904297 0.0 -3.012695 1.523438 0.0 -2.250977 2.670898 0.0 -1.982422 3.710938 0.0 -1.503906 4.902344 0.0 -1.333008
