0.0 5.0 1.0
Linear 12 explicit
 0.000000 0.0645807 0.0 0.1049536 0.07778254 0.0 0.1105348 0.09481132 0.0 0.113659 0.1123897 0.0 0.1102712
 0.010000 0.06435115178899257 5.678462963701927E-9 0.10470857046316832 0.0777554650448865 -6.578769286799045E-10 0.11001254039058674 0.09444902228376859 4.323725345901831E-10 0.11319983062561481 0.11172767885269648 4.035717696042273E-10 0.10925721762642521
 0.020000 0.06453699800821851 1.2941365503526366E-8 0.10427664688469622 0.07783314330835496 4.916795862134897E-10 0.10947476533577391 0.09432498247827026 1.2909395141623023E-9 0.11278168033232891 0.11154065900030269 1.2830310132901709E-9 0.10887398626761823
 0.030000 0.06454700512714903 1.988534738123027E-8 0.1037572699755738 0.07782886992052616 4.850980151032346E-9 0.10900153181215669 0.09430031159976227 2.237020402378197E-9 0.11247573889380011 0.11159444960122579 2.1767994266367832E-9 0.10878888536671816
 0.040000 0.06443507512758895 2.7656764033078977E-8 0.10330825443299792 0.07773273450021469 1.0169808260691823E-8 0.10866599334735226 0.09423633261167566 2.8801799836341343E-9 0.11230922382531974 0.11162303701712997 1.916691371760855E-9 0.10881671977459045
 0.050000 0.06429450449399787 3.581975650529477E-8 0.10298852389519206 0.07759405295509658 1.5354567373174945E-8 0.10845491097724186 0.0941147637753286 3.7097669754752343E-9 0.11225388359490801 0.111571457996109 1.0001644063175433E-9 0.10890906497234902
 0.060000 0.06415766028233838 4.30618082701002E-8 0.10277946848771564 0.07744973989103104 1.9941652728095065E-8 0.10832205607630431 0.09396668937398187 4.926773656886141E-9 0.11225548339289644 0.11147103412015587 3.652236106535358E-11 0.10902893372546602
 0.070000 0.06402765840475777 4.8755944597873334E-8 0.10263733587870977 0.0773135657496261 2.3677104737851606E-8 0.10822539031429175 0.09381730164923974 6.281617076687458E-9 0.11227334768251623 0.11135659730150431 -8.54366002887368E-10 0.10914995840980522
 0.080000 0.06390247160704138 5.2960224913530405E-8 0.1025224688438167 0.07718669513750896 2.649236239230175E-8 0.10813773046660632 0.09367560309721334 7.4282731602038906E-9 0.11228719038945112 0.111245197280399 -1.7441929048561049E-9 0.1092611933384154
 0.090000 0.06378146360156263 5.6006876610944735E-8 0.10240954670362139 0.07706688838916384 2.8465533601530974E-8 0.10804588569162002 0.09354178368137864 8.165826760960598E-9 0.11229124432733456 0.1111411970659205 -2.669849111284954E-9 0.10936230718795101
 0.100000 0.06366476440767989 5.822867656309783E-8 0.10228725758567393 0.0769520400349844 2.9747243801001984E-8 0.10794598513942515 0.09341368842923503 8.467639665070252E-9 0.1122867676658243 0.11104380055561053 -3.624174382848414E-9 0.10945689486183942
 0.110000 0.0635521084149589 5.986814248202626E-8 0.10215371694685152 0.07684064204774538 3.0500822567062346E-8 0.10783889558872749 0.09328926906618054 8.409760189560286E-9 0.1122768519126545 0.11095094354599573 -4.595431618637839E-9 0.10954837294770514
 0.120000 0.06344267067382178 6.108467327693422E-8 0.10201154531943504 0.07673156019043317 3.086965109440429E-8 0.10772707389381947 0.09316699859009528 8.095852945599848E-9 0.11226405593552793 0.1108606277716383 -5.580198189058895E-9 0.10963868517377903
 0.130000 0.06333542136284795 6.198646897059392E-8 0.10186437050280955 0.07662390800599149 3.0966315189925836E-8 0.10761286565773903 0.09304578860841817 7.615262324564708E-9 0.11224987548293856 0.11077126982353416 -6.5781986443940025E-9 0.1097285154112048
 0.140000 0.06322945977984522 6.265464060234008E-8 0.1017150459969651 0.0765170229697727 3.087422747053684E-8 0.10749785172821406 0.09292488905037495 7.031145765628055E-9 0.11223496702696585 0.11068175707869235 -7.586874581259285E-9 0.1098178838059627
 0.150000 0.06312415834765846 6.315446711560609E-8 0.10156516257674836 0.0764104501965864 3.065377429594887E-8 0.1073828109022924 0.09280381580807842 6.384061195069567E-9 0.11221950420271623 0.11059140022996221 -8.600505817669999E-9 0.1099066024311535
 0.160000 0.06301916010558084 6.35387212883368E-8 0.10141526208717909 0.07630390932545923 3.034845567766414E-8 0.10726795201314897 0.09268228927599606 5.6995736883259855E-9 0.11220344523065232 0.11049983860679372 -9.611753409987476E-9 0.10999449339280445
 0.170000 0.06291431316230488 6.384830911333833E-8 0.10126527775333305 0.07619725548320722 2.998951052014321E-8 0.10715319001679359 0.09256018058808228 4.9945679112045806E-9 0.1121866859550107 0.11040693571348019 -1.0613306530252341E-8 0.11008144438553594
 0.180000 0.06280959731361958 6.411305444883736E-8 0.10111492591327483 0.07609044367296844 2.9599109970310206E-8 0.10703835635425839 0.09243746720782214 4.2810749896532745E-9 0.11216913160376007 0.11031269053276092 -1.1598819515569207E-8 0.11016739463593378
 0.190000 0.06270506573259044 6.435333518606772E-8 0.10096394836818767 0.07598349855395044 2.9192649867505157E-8 0.10692331668834784 0.09231419754005235 3.568147326653969E-9 0.1121507222197878 0.11021717433192997 -1.2563224661118086E-8 0.11025230847890986
 0.200000 0.0626008058950137 6.45822576879967E-8 0.10081221143571306 0.07587648916186546 2.87805190190307E-8 0.10680801276450241 0.09219046324230688 2.8626618829726996E-9 0.11213143516186962 0.11012049126894695 -1.3502689543217665E-8 0.11033615810464677
 0.210000 0.06249691640544704 6.480780631599367E-8 0.10065971097394298 0.07576950855537966 2.836950899125402E-8 0.10669245851500327 0.09206637828778073 2.1696959226527493E-9 0.1121112779057497 0.1100227564421003 -1.441442449283073E-8 0.110418917129363
 0.220000 0.062393494735069104 6.503461514620624E-8 0.1005065346826093 0.07566265867987351 2.7963917901823818E-8 0.10657671703493175 0.09194206412344051 1.4928252982527355E-9 0.11209027807112246 0.10992408487656134 -1.5296451782721165E-8 0.11050056025706673
 0.230000 0.06229063154362223 6.526523937300017E-8 0.10035281714946619 0.07555604029734009 2.7566378157524175E-8 0.10646087560171563 0.0918176400994738 8.344349816981377E-10 0.11206847413579182 0.10982458657829935 -1.6147387944302737E-8 0.11058106471812525
 0.240000 0.06218840854727926 6.550099253583696E-8 0.10019870506222169 0.0754497471984619 2.7178443314969045E-8 0.10634502680362268 0.09169321806221123 1.9604333692710495E-10 0.11204590837643917 0.10972436461105203 -1.696626364293711E-8 0.11066041136329471
 0.250000 0.06208689810325193 6.574245804797211E-8 0.1000443369322977 0.07534386356398007 2.680099427479821E-8 0.10622925758005074 0.09156889990334693 -4.214102281042421E-10 0.11202262241839588 0.10962351454975389 -1.7752385425001404E-8 0.11073858496736606
 0.260000 0.06198616355709695 6.598980248372751E-8 0.09988983485978241 0.0752384633538269 2.6434508167046173E-8 0.10611364475222501 0.09144477698723058 -1.0173378873951138E-9 0.1119986550734036 0.10952212453885847 -1.850524436810065E-8 0.11081557401503171
 0.270000 0.061886259917172934 6.62429683111083E-8 0.09973530378242952 0.07513361082955633 2.6079236374787784E-8 0.10599825463068467 0.09132093063215743 -1.5913518747295019E-9 0.11197404179986924 0.10942027564253995 -1.9224454393434856E-8 0.11089137032165387
 0.280000 0.06178723467044587 6.650179415357691E-8 0.09958083415242917 0.07502936159656573 2.573531672821872E-8 0.10588314453684047 0.09119743308836643 -2.1431691434448107E-9 0.11194881506886716 0.10931804236613628 -1.990971933035936E-8 0.11096596868589916
 0.290000 0.06168912864841681 6.676608943641153E-8 0.09942650538806039 0.07492576379315549 2.54028445512673E-8 0.10576836478918211 0.09107434867190813 -2.6725600065529212E-9 0.11192300506026216 0.1092154932833528 -2.056081415463444E-8 0.11103936661972488
 0.300000 0.061591976880570116 6.703567655356501E-8 0.09927238879394301 0.0748228592248159 2.5081907290859328E-8 0.1056539604134134 0.09095173486476636 -3.1793246075364185E-9 0.11189664033066361 0.1091126917084686 -2.117757454479065E-8 0.1111115641283884
 0.310000 0.06149580938539054 6.731041079058315E-8 0.09911854956634009 0.07472068435101574 2.477260512341316E-8 0.10553997234137721 0.09082964328799142 -3.6632810993615838E-9 0.11186974829622269 0.10900969635263918 -2.1759890847305204E-8 0.11118256350439258
 0.320000 0.0614006518639722 6.759019050616079E-8 0.09896504798055265 0.07461927109579941 2.447505531648247E-8 0.10542643814000409 0.09070812051305961 -4.12426475372381E-9 0.11184235551103026 0.10890656191378176 -2.230770211370053E-8 0.11125236911733806
 0.330000 0.06130652627969539 6.787495000181327E-8 0.09881194002088216 0.07451864748858322 2.41893894594648E-8 0.10531339241340865 0.09058720871090836 -4.562129505889346E-9 0.11181448778971881 0.10880333956917482 -2.2820994300785973E-8 0.11132098719992854
 0.340000 0.06121345132483415 6.816465780871781E-8 0.09865927770378502 0.07441883815878536 2.391574924671308E-8 0.10520086702197033 0.09046694615698418 -4.976746779525932E-9 0.11178617023864966 0.10870007736169034 -2.329979870871011E-8 0.11138842563891042
 0.350000 0.06112144278761651 6.845930563397518E-8 0.09850710926962872 0.07431986471427092 2.3654281219143227E-8 0.10508889122161688 0.09034736761929195 -5.368008592613858E-9 0.11175742724782792 0.10859682048818224 -2.3744184747132065E-8 0.11145469377968942
 0.360000 0.06103051383974266 6.87588990133436E-8 0.09835547933967342 0.07422174603337374 2.3405130162134158E-8 0.10497749178111913 0.09022850465820925 -5.7358288586534855E-9 0.11172828247515315 0.1084936115089902 -2.4154260744934765E-8 0.1115198022492581
 0.370000 0.060940675265484266 6.906345244452747E-8 0.09820442907775745 0.0741244984963769 2.316843250927229E-8 0.1048666931013022 0.09011038586418584 -6.080145585221962E-9 0.11169875883686371 0.10839049050088521 -2.453016821793945E-8 0.11158376279793714
 0.380000 0.06085193565100379 6.937298279882307E-8 0.09805399636415574 0.07402813617687054 2.2944313942718524E-8 0.10475651734074636 0.08999303705451152 -6.400919349646663E-9 0.11166887850699643 0.108287495174021 -2.4872082943961454E-8 0.11164658815788663
 0.390000 0.06076430154829749 6.9687504743605E-8 0.09790421597605004 0.07393267100774673 2.273288588568975E-8 0.1046469845446104 0.08987648144470942 -6.698136957771788E-9 0.11163866292376966 0.10818466096899673 -2.5180210695015622E-8 0.11170829191560379
 0.400000 0.060677777623637644 7.000702780530129E-8 0.09775511976692185 0.07383811293158445 2.2534245689594123E-8 0.10453811277189863 0.08976073980491582 -6.971808421836505E-9 0.11160813279982838 0.10808202114499864 -2.545478518805246E-8 0.11176888839593113
 0.410000 0.06059236679648576 7.033155666337885E-8 0.09760673683953237 0.07374447004124159 2.2348473929732517E-8 0.1044299182179564 0.08964583060740171 -7.221967133718699E-9 0.11157730813410234 0.1079796068654284 -2.5696066896301795E-8 0.1118283925558524
 0.420000 0.0605080703719341 7.06610898271005E-8 0.09745909371025632 0.07365174871368595 2.2175635051452704E-8 0.10432241533086288 0.08953177016838111 -7.4486703712717206E-9 0.11154620822419228 0.1078774472840325 -2.5904338298831374E-8 0.11188681988699277
 0.430000 0.06042488816783474 7.099561850367972E-8 0.0973122144646498 0.07355995373828728 2.201577882236719E-8 0.10421561692167548 0.08941857278529669 -7.651995447667217E-9 0.11151485167903172 0.10777556963234332 -2.6079905371716705E-8 0.11194418632620946
 0.440000 0.060342818636720565 7.133512628822872E-8 0.09716612090509626 0.0734690884397928 2.1868937585956954E-8 0.10410953426905667 0.08930625086968388 -7.832042560321057E-9 0.11148325643196852 0.1076739993080478 -2.6223095740042723E-8 0.11200050817384069
 0.450000 0.06026185898216818 7.167959115144134E-8 0.09702083269147602 0.07337915479573281 2.1735129324593005E-8 0.10400417721886313 0.08919481507520191 -7.988929488549007E-9 0.11145143975449032 0.10757275996337579 -2.633425329756815E-8 0.11205580201925064
 0.460000 0.06018200526916862 7.202898353439166E-8 0.09687636747548245 0.0732901535478841 2.161435911869455E-8 0.10389955427907759 0.08908427442030127 -8.122792785232938E-9 0.11141941827070163 0.10747187359252401 -2.641373948748241E-8 0.11211008467328859
 0.470000 0.06010325252816639 7.238327107246062E-8 0.09673274102885798 0.07320208430746895 2.150661885371481E-8 0.1037956727102569 0.08897463640505332 -8.233785204069678E-9 0.11138720797252458 0.10737136061724242 -2.6461930676209715E-8 0.11216337310724478
 0.480000 0.06002559485260695 7.274241636574343E-8 0.0965899673655675 0.07311494565391528 2.1411888912379846E-8 0.1036925386115199 0.08886590712183402 -8.322075983657728E-9 0.11135482423551352 0.10727123996992798 -2.647921820177202E-8 0.11221568439787293
 0.490000 0.05994902548998911 7.310637733711057E-8 0.09644805885782005 0.0730287352271499 2.13301374832961E-8 0.10359015700205315 0.08875809135972441 -8.387848241744527E-9 0.11132228183510913 0.10717152917376689 -2.6466005301592118E-8 0.11226703567802353
 0.500000 0.05987353692656732 7.347511044324962E-8 0.09630702634589453 0.07294344981354145 2.1261324162437343E-8 0.10348853189812647 0.08865119270264693 -8.431298312683159E-9 0.1112895949631676 0.10707224441965682 -2.642270599152541E-8 0.1123174440924668
 0.510000 0.0597895625472126 7.39102998499029E-8 0.09616429497072272 0.07283550787607594 2.1217321963000414E-8 0.10339806281888629 0.08853268556122088 -8.414356513972422E-9 0.11121706211103376 0.10696492778460641 -2.6339073559046502E-8 0.11232427468446671
 0.520000 0.05969726007187955 7.440688217459409E-8 0.09602047956836023 0.0727174179355825 2.122043501845888E-8 0.10330780049660229 0.08840996799990442 -8.369787035980882E-9 0.11112744488687162 0.10685415454663948 -2.6253748588462264E-8 0.11231084818776182
 0.530000 0.05960134671688568 7.492041920005724E-8 0.09587519463347474 0.07259707851879259 2.1266808441691815E-8 0.10321365681020718 0.08828624133698748 -8.328660202910998E-9 0.11103209570719479 0.10674213041215423 -2.623435529085196E-8 0.11229178854020876
 0.540000 0.059504827021641664 7.544068265363611E-8 0.09572748208402179 0.07247636692522752 2.1328274677749755E-8 0.1031164642783935 0.08816165454112274 -8.316348091567046E-9 0.1109357209022749 0.10662894429147088 -2.630612063905733E-8 0.11227236446200752
 0.550000 0.059408810027891445 7.598390598779594E-8 0.09557734902791934 0.07235540801239239 2.138362994494756E-8 0.10301798956459297 0.08803626575730568 -8.345313639038156E-9 0.11084023584925677 0.10651458068140139 -2.6446143384479415E-8 0.11225395186417356
 0.560000 0.05931360375418821 7.655456315776145E-8 0.09542571365005283 0.07223438283725518 2.1428187237022247E-8 0.10291937631319975 0.08791054238370585 -8.409487112031622E-9 0.11074611851445504 0.1063994699264844 -2.6613861266606798E-8 0.1122364875631612
 0.570000 0.05921934695070644 7.713813979119074E-8 0.09527366019360527 0.07211370153043793 2.1465613332719654E-8 0.10282111018004171 0.08778510689165399 -8.490475253558914E-9 0.1106532249348985 0.10628421961956046 -2.6775816134645878E-8 0.11221952028609608
 0.580000 0.05912618140803902 7.771535584274342E-8 0.09512194810142563 0.07199378201952583 2.150018025509513E-8 0.10272333675489786 0.08766047926867293 -8.568777923560447E-9 0.11056129833798067 0.10616934139677557 -2.6913123001501158E-8 0.1122026707138144
 0.590000 0.059034246704513745 7.827420565314481E-8 0.09497093371833801 0.07187491584772518 2.1534613149057655E-8 0.1026260817970603 0.08753698607874598 -8.631366995418213E-9 0.11047017941641009 0.10605516441862528 -2.7018571331834042E-8 0.11218574983834913
 0.600000 0.05894365118380859 7.881227718937264E-8 0.0948207058440959 0.07175725951635478 2.1570699464624212E-8 0.1025293433813516 0.08741478830642188 -8.673095889992403E-9 0.11037982348460586 0.10594186239283755 -2.7091574136292523E-8 0.11216871478500456
 0.610000 0.05885445953600227 7.933321835246753E-8 0.09467124187836677 0.07164087672529282 2.1609980995287622E-8 0.10243311840800615 0.08729394353817291 -8.694211223046456E-9 0.11029024770562497 0.10582950934132168 -2.713448832195175E-8 0.11215159083089368
 0.620000 0.05876669608976741 7.98425067429553E-8 0.09452250281928813 0.07152578023574274 2.1653903746839136E-8 0.10233740627370205 0.08717445654619685 -8.697145870391638E-9 0.11020148241684243 0.10571812517628801 -2.7150538336684864E-8 0.1121344170716803
 0.630000 0.05868035605705315 8.034489723076525E-8 0.09437446705629411 0.07141195889241271 2.1703706925043616E-8 0.10224220731290369 0.08705630914859053 -8.684372565432412E-9 0.11011354812866239 0.10560770403094613 -2.7142751598550717E-8 0.11211722360375062
 0.640000 0.05859541834439826 8.084360116439353E-8 0.09422713078065978 0.07129939226867055 2.1760338223846422E-8 0.10214752129780628 0.08693947513510707 -8.657555374314918E-9 0.11002645215646942 0.10549822978736743 -2.7113465542853277E-8 0.11210002860770703
 0.650000 0.05851185595189303 8.13404338959454E-8 0.09408049887439013 0.07118805806603018 2.1824457467997586E-8 0.10205334696815621 0.08682392720965719 -8.617523335183783E-9 0.10994019325905681 0.10538968412935741 -2.7064209145054677E-8 0.1120828427804326
 0.660000 0.05842964241320206 8.183625157955622E-8 0.09393457781325659 0.07107793565358923 2.1896486280207078E-8 0.10195968234628044 0.0867096401403122 -8.564546687998677E-9 0.10985476673997692 0.10528205049854633 -2.69958195142258E-8 0.11206567392645095
 0.670000 0.05834875460387136 8.23313408544101E-8 0.09378937296222022 0.07096900746898378 2.1976666130277464E-8 0.10186652537451195 0.0865965920197667 -8.498619017774379E-9 0.10977016742860414 0.10517531571331186 -2.6908657696896026E-8 0.11204852945246985
 0.680000 0.05826917314009642 8.282568403038779E-8 0.09364488873256559 0.07086125918308331 2.2065103626626586E-8 0.10177387450077337 0.0864847644449617 -8.419646696736172E-9 0.10968639071289127 0.1050694702017081 -2.6802828558569322E-8 0.11203141706267813
 0.690000 0.05819088162435323 8.331911643709939E-8 0.09350112960606413 0.07075467919766562 2.2161810070860234E-8 0.10168172901316895 0.08637414205708749 -8.327551540163337E-9 0.10960343254476855 0.1049645074650207 -2.667834787751341E-8 0.11201434459192654
 0.700000 0.05811386560163874 8.381141378937243E-8 0.09335810086353402 0.07064925787117227 2.2266730344874868E-8 0.10159008908802786 0.08626471177169708 -8.222312704696435E-9 0.10952128913435805 0.10486042321434548 -2.65352448247097E-8 0.11199731966657693
 0.710000 0.05803811165345077 8.430234326694205E-8 0.09321580871372613 0.07054498672979523 2.2379767805597675E-8 0.10149895562089219 0.08615646195202108 -8.103973767557837E-9 0.10943995666463918 0.10475721447844903 -2.6373607295591674E-8 0.11198034948128285
 0.720000 0.05796360675629274 8.479169775206551E-8 0.09307425998386751 0.07044185780401938 2.250080682537811E-8 0.10140832994824954 0.08604938168836779 -7.972636615633166E-9 0.10935943110460118 0.10465487884989265 -2.6193594188846144E-8 0.11196344072219057
 0.730000 0.057890337884783274 8.527930335099934E-8 0.09293346164539035 0.0703398631429285 2.2629725796940967E-8 0.10131821355697163 0.08594346025816421 -7.828446902632156E-9 0.10927970810105457 0.10455341393277341 -2.599542371389952E-8 0.11194659957568828
 0.740000 0.05781829179491495 8.57650268702474E-8 0.09279342037902938 0.07023899450314182 2.2766407479286722E-8 0.10122860784409972 0.08583868677488354 -7.671576469406531E-9 0.10920078291797335 0.10445281698870017 -2.5779356995900926E-8 0.11192983176421031
 0.750000 0.05774745492589962 8.624877080397732E-8 0.0926541422726758 0.07013924318144768 2.2910744036490064E-8 0.10113951395293062 0.0857350499964619 -7.502212732316863E-9 0.10912265040618355 0.10435308474461302 -2.5545681019541537E-8 0.11191314257972618
 0.760000 0.05767781337523151 8.673046533539082E-8 0.09251563266180199 0.07004059995171259 2.306263793229013E-8 0.10105093268400116 0.08563253825023501 -7.32054546340206E-9 0.10904530499697465 0.1042542133168641 -2.5294695138760313E-8 0.11189653690837072
 0.770000 0.057609352916592235 8.72100633020386E-8 0.0923778960807847 0.06994305506931259 2.3222002625859928E-8 0.10096286446478991 0.08553113943299072 -7.126762029506169E-9 0.10896874071591398 0.10415619820995053 -2.5026701074267942E-8 0.11188001924938479
 0.780000 0.057542059040748876 8.768753473574822E-8 0.09224093628368014 0.069846598313881 2.3388759951877456E-8 0.10087530935775592 0.08543084105318664 -6.9210448743810326E-9 0.10889295121190062 0.10405903435754929 -2.4741997370418003E-8 0.11186359373253814
 0.790000 0.05747591700646439 8.816286204603084E-8 0.09210475629958004 0.06975121904965867 2.356284010430465E-8 0.1007882670886329 0.08533163029222406 -6.7035698763903655E-9 0.10881792979526445 0.10396271618324886 -2.444087952855133E-8 0.11184726413610672
 0.800000 0.05741091189314556 8.863603642160502E-8 0.091969358499199 0.06965690629020854 2.374417765689238E-8 0.10070173708200197 0.08523349407025334 -6.474507337300239E-9 0.10874366947907925 0.10386723766665283 -2.412363728613778E-8 0.11183103390558957
 0.810000 0.05734702865033882 8.910705845154363E-8 0.0918347446597156 0.06956364875995921 2.393271238137898E-8 0.10061571849638942 0.0851364191084058 -6.234023050436437E-9 0.10867016301944567 0.10377259240670131 -2.37905566544218E-8 0.1118149061725082
 0.820000 0.057284252141651816 8.957593553760197E-8 0.09170091602223597 0.06947143494902638 2.412838684630227E-8 0.10053021025523992 0.08504039198368922 -5.98227976550335E-9 0.1085974029524003 0.10367877367827759 -2.344192129929394E-8 0.11179888377263007
 0.830000 0.05722256718236482 9.00426826779724E-8 0.09156787334056682 0.0693802531602725 2.4331146748112355E-8 0.1004452110727583 0.08494539917548805 -5.719437821833859E-9 0.1085253816266579 0.10358577448086624 -2.3078011958232816E-8 0.11178296926325108
 0.840000 0.05716195857103259 9.050732079278279E-8 0.09143561692208124 0.06929009154898454 2.4540938375168777E-8 0.10036071947500495 0.08485142710411127 -5.445658061273848E-9 0.10845409123232738 0.10349358757956609 -2.2699109707080607E-8 0.11176716493946873
 0.850000 0.057102411115891205 9.096987547739576E-8 0.09130414666222782 0.06920093815621897 2.475771061697291E-8 0.10027673381717153 0.0847584621625377 -5.1610987008859906E-9 0.10838352382615424 0.10340220553951499 -2.230549312843461E-8 0.1117514728495066
 0.860000 0.057043909657044096 9.143037903275509E-8 0.09117346207426572 0.06911278093704669 2.4981413639384177E-8 0.10019325229802344 0.08466649074269905 -4.865917879481273E-9 0.10831367135392472 0.10331162075501851 -2.189744210492258E-8 0.11173589480921949
 0.870000 0.056986439085342365 9.188886879795626E-8 0.09104356231554596 0.06902560778484754 2.5211997853720206E-8 0.10011027297232662 0.08457549925755622 -4.560273470815535E-9 0.108244525670566 0.103221825474604 -2.1475234848314803E-8 0.11172043241586797
 0.880000 0.05692998435871962 9.234538603300241E-8 0.09091444621131413 0.06893940655259652 2.544941570976718E-8 0.10002779376187956 0.08448547415999906 -4.244322947464943E-9 0.10817607855835966 0.10313281182301962 -2.1039150123103526E-8 0.11170508706123633
 0.890000 0.05687453051655074 9.279997733928916E-8 0.09078611227670236 0.06885416507184251 2.5693620158282012E-8 0.09994581246555767 0.084396401959339 -3.9182239813115285E-9 0.1081083217435621 0.10304457182093314 -2.058946601492667E-8 0.11168985994413168
 0.900000 0.056820062692436876 9.325269233672585E-8 0.09065855873733723 0.06876987116987068 2.5944564179977175E-8 0.09986432676863861 0.08430826923594026 -3.5821346347798996E-9 0.10804124691163901 0.10295709740286434 -2.0126460591154533E-8 0.1116747520822969
 0.910000 0.05676656612568295 9.37035856991822E-8 0.09053178354881454 0.06868651268536387 2.6202202216939726E-8 0.0997833342515651 0.08422106265433495 -3.2362107378756086E-9 0.10797484572126205 0.10287038043368246 -1.9650411049261364E-8 0.11165976432375498
 0.920000 0.05671402617164271 9.415271483456946E-8 0.09040578441518887 0.06860407748276542 2.6466489299435485E-8 0.09970283239823374 0.0841347689750499 -2.8806093631722646E-9 0.1079091098171764 0.10278441272388457 -1.9161593705778873E-8 0.1116448973576002
 0.930000 0.056662428311023784 9.460014034969103E-8 0.09028055880654963 0.0685225534654586 2.6737381289378482E-8 0.09962281860385569 0.08404937506527464 -2.5154869438041106E-9 0.10784403084202107 0.10269918604376112 -1.866028449793079E-8 0.11163015172426116
 0.940000 0.05661175815825109 9.504592595579978E-8 0.09015610397572399 0.06844192858784719 2.701483369429022E-8 0.09954329018241043 0.08396486790846051 -2.1409989174339105E-9 0.10777960044717363 0.10261469213653021 -1.8146759079611088E-8 0.11161552782524453
 0.950000 0.05656200146892292 9.549013874449057E-8 0.09003241697412774 0.06836219086638853 2.7298803511223005E-8 0.09946424437370484 0.08388123461291012 -1.7573002798643557E-9 0.10771581030267798 0.10253092273048008 -1.762129143570317E-8 0.11160102593237886
 0.960000 0.056513160019298334 9.593914088367974E-8 0.08990949023014243 0.06828333275975032 2.7590597904697107E-8 0.09938569342511755 0.08379847031214281 -1.3656757010508714E-9 0.10765266991305371 0.10244788021289061 -1.7086305625551927E-8 0.11158665168171991
 0.970000 0.05646522926956361 9.63975712169037E-8 0.08978733476550857 0.06820535012069116 2.7894472161321365E-8 0.09930765244393465 0.08371657493292063 -9.640302969579268E-10 0.10759018015886557 0.10236556924691362 -1.654189722707991E-8 0.11157240882783079
 0.980000 0.05641818370340928 9.686057317464158E-8 0.08966595560870184 0.06812823897130507 2.8209138210576122E-8 0.09923009338795061 0.08363553364506432 -5.517907772728858E-10 0.10752831181309827 0.10228397666120262 -1.5986501815871455E-8 0.11155829183917969
 0.990000 0.05637199789598137 9.731918465023146E-8 0.08954534550292391 0.06805197869288594 2.853020049084028E-8 0.09915300476179333 0.08355532581491915 -1.300547161857165E-10 0.10746704712512085 0.10220308538810133 -1.5418949064695444E-8 0.11154429642559521
 1.000000 0.05632665286101317 9.77676451816585E-8 0.08942549293003879 0.06797654942820554 2.8854314920505378E-8 0.09907638036101155 0.08347593151987165 3.0021823832010334E-10 0.10740637504889623 0.10212287888259354 -1.4838847441292471E-8 0.1115304199449564
 1.010000 0.05628228852595541 9.825045277236401E-8 0.08931388350726044 0.06790597722406093 2.9212547568165722E-8 0.09900499466029188 0.08341130574326971 7.615423518678961E-10 0.10733913669889562 0.10205932287646569 -1.4211986603105053E-8 0.11149413025219307
 1.020000 0.05624210681903953 9.876350811195335E-8 0.08921348185586143 0.06784478878922559 2.9612767093347945E-8 0.09893859085614136 0.08336087584942894 1.2568346119440756E-9 0.1072672532250094 0.10201050325172765 -1.3589824599707942E-8 0.11144500035542625
 1.030000 0.05620837047010275 9.929522638265438E-8 0.08912315676615533 0.06779390136566572 3.0045314586907954E-8 0.09887687196531415 0.08332255334716553 1.7428800861239998E-9 0.1071948211166268 0.10197403551578217 -1.3084904667302714E-8 0.11139270168445695
 1.040000 0.05618099100502264 9.988543174967712E-8 0.0890408268844242 0.06775156070094825 3.049214174261312E-8 0.09881996624470082 0.08329354574593059 2.162074665277603E-9 0.10712488877931964 0.10194714703463525 -1.276960194075801E-8 0.11134105287208747
 1.050000 0.0561584327861912 1.0057771294799631E-7 0.08896469531662438 0.06771522818513434 3.0944216179973344E-8 0.09876748834894802 0.08327093781520466 2.4816964972228366E-9 0.10705831319940363 0.10192695126424298 -1.2648172129272414E-8 0.11129083366641636
 1.060000 0.056138923475395584 1.0137775416691798E-7 0.08889329076379987 0.06768270923071258 3.140116868067345E-8 0.09871855037431138 0.0832523967545431 2.7036246860281196E-9 0.10699459159404505 0.10191105418922704 -1.2683439307021423E-8 0.11124168494795526
 1.070000 0.056121083957216523 1.0226065940240074E-7 0.08882532161504562 0.06765245484714172 3.186592054690822E-8 0.09867210390521917 0.08323629686889612 2.8526965263751994E-9 0.10693284228128754 0.10189772899225419 -1.2826789735174815E-8 0.11119304720657011
 1.080000 0.05610405680237954 1.0319387527757609E-7 0.08875965774734836 0.0676234681603438 3.2340080371179025E-8 0.09862723748106143 0.08322157427632146 2.9592888626450596E-9 0.10687233263375868 0.10188582810424512 -1.3034724524416743E-8 0.1111445232084928
 1.090000 0.05608739967235413 1.0415147540722708E-7 0.08869540987641979 0.06759514977104558 3.282316784000312E-8 0.09858330928695479 0.08320757225441068 3.047873096060486E-9 0.10681261957656832 0.10187464773698993 -1.3274482665985081E-8 0.11109592311547407
 1.100000 0.0560709301990271 1.05117343784183E-7 0.08863198746454376 0.06756717788667278 3.331368656656684E-8 0.09853994480835328 0.08319392811813718 3.1336956806761116E-9 0.10675349691046536 0.10186380684185821 -1.352437930881541E-8 0.11104719293794647
 1.110000 0.056054613765015644 1.06082964119751E-7 0.0885690789361766 0.06753942230794907 3.381010562916455E-8 0.09849697751899147 0.08318048799989845 3.224274054818721E-9 0.1066949127484536 0.10185315195421382 -1.3772102154450092E-8 0.11099834388660895
 1.120000 0.056038472809909964 1.0704772596910167E-7 0.0885065925095838 0.06751185923611329 3.43118957493005E-8 0.09845438616894435 0.0831672303986601 3.3222282853843364E-9 0.10663687100030518 0.1018426639649602 -1.4013016828461579E-8 0.11094939842948866
 1.130000 0.05602252827835732 1.0801189089616176E-7 0.08844456503651942 0.06748452783097529 3.4820084514664806E-8 0.09841217833243138 0.0831541883563713 3.4285620080700706E-9 0.10657937782758602 0.10183237899270593 -1.4245431191868864E-8 0.1109003701901351
 1.140000 0.056006805311430215 1.0897217369457134E-7 0.08838307285090943 0.06745747620329584 3.533275530352238E-8 0.09837039528906721 0.08314141577470167 3.5419153417695507E-9 0.10652244835543433 0.10182235468141924 -1.4469941314961721E-8 0.1108512663387246
 1.150000 0.05599132964085708 1.0992577411242772E-7 0.08832219254601396 0.06743075174748954 3.584781236708044E-8 0.09832908221438068 0.0831289671918747 3.660541842766319E-9 0.10646609698405986 0.1018126485613221 -1.4688172144744645E-8 0.1108020900488311
 1.160000 0.05597612214274466 1.1087205621142699E-7 0.08826198405107162 0.06740439303441072 3.6363935865733333E-8 0.09828827443346 0.08311688683692518 3.782955772279036E-9 0.1064103333474226 0.10180330756879073 -1.4901941048775017E-8 0.1107528432482076
 1.170000 0.05596119715772487 1.118119363276234E-7 0.08820248655863588 0.06737842693904834 3.688058834965749E-8 0.09824799454583093 0.08310520558617712 3.907931784852112E-9 0.10635516151598301 0.10179436494687048 -1.5112904347111366E-8 0.11070352704566645
 1.180000 0.0559465626648742 1.1274688641771172E-7 0.08814372139304878 0.06735286929526643 3.739783555488171E-8 0.09820825428293754 0.0830939419461786 4.034556582997193E-9 0.10630058068211262 0.1017858411348936 -1.5322400049926476E-8 0.11065414161078217
 1.190000 0.05593223102025556 1.1368408789179313E-7 0.08808569626550705 0.06732772848239346 3.791599062990385E-8 0.09816907034257485 0.08308310978081876 4.160831472343399E-9 0.10624659855426351 0.10177775333921853 -1.5533276382528476E-8 0.11060468974285764
 1.200000 0.05591819839281613 1.1462461268065574E-7 0.0880284176283256 0.06730301087407788 3.843916500615455E-8 0.09813043531918036 0.08307271286560423 4.288687146931005E-9 0.10619320267867292 0.10177010536643705 -1.5745182373946833E-8 0.11055516926738017
 1.210000 0.05590446563542213 1.1556468290426192E-7 0.08797187991344664 0.06727871830286127 3.89667225423529E-8 0.09809234296360801 0.08306275180165473 4.418516760236662E-9 0.10614038912976613 0.10176290008204412 -1.595729362400965E-8 0.11050558046194811
 1.220000 0.05589102245395604 1.1650107729258975E-7 0.08791607879544636 0.06725484354705052 3.949669094195986E-8 0.09805478673305741 0.08305322186279436 4.550129083790404E-9 0.10608813943551455 0.101756130871891 -1.6168961341347324E-8 0.11045591712529555
 1.230000 0.05587785714418581 1.174325712134768E-7 0.08786100638356609 0.06723137623238402 4.002770859729051E-8 0.0980177580088784 0.08304411290579351 4.683286966522179E-9 0.1060364412193885 0.1017497879752063 -1.637990178575151E-8 0.11040617500060629
 1.240000 0.05586496075090385 1.183592741875927E-7 0.08780665291794575 0.06720830691150503 4.055928268325212E-8 0.09798124911471322 0.08303541530213251 4.817723810611764E-9 0.10598528536063594 0.10174386200781185 -1.659013770471884E-8 0.11035635109305633
 1.250000 0.0558523261013739 1.1928192401961444E-7 0.08775300882266383 0.0671856277721024 4.109148716254363E-8 0.09794525282722646 0.08302712098359284 4.953217403257879E-9 0.105934663218605 0.10173834496197466 -1.6799839605596125E-8 0.1103064430652628
 1.260000 0.055839947076493424 1.2020137853182798E-7 0.08770006542836459 0.06716333226323454 4.162466492212541E-8 0.09790976247691363 0.08301922333070587 5.0896750689825735E-9 0.1058845663782284 0.10173323035499841 -1.7009193247945164E-8 0.11025644884487042
 1.270000 0.05582781830004437 1.2111834672911164E-7 0.08764781517640757 0.06714141492811415 4.215921032908432E-8 0.09787477199111258 0.08301171697529033 5.227137008284349E-9 0.10583498666478866 0.10172851296895008 -1.7218324305963477E-8 0.11020636629083927
 1.280000 0.055815928507412814 1.2203591812818808E-7 0.08759626237465885 0.06711987059382131 4.2696552752113943E-8 0.09784027944432223 0.08300459774435084 5.365912060214698E-9 0.10578591656545511 0.10172418848916595 -1.742726489626117E-8 0.11015619298644094
 1.290000 0.05580427791268556 1.2295189791634242E-7 0.08754539648321916 0.06709869587341506 4.323652102940033E-8 0.09780627926993128 0.08299786185891098 5.50628038731414E-9 0.105737348810324 0.10172025323823605 -1.7635954375226412E-8 0.1101059266374641
 1.300000 0.05579287000475011 1.2387115194406534E-7 0.08749521253101258 0.06707788707237225 4.3777424082534134E-8 0.09777278012867191 0.08299151033001263 5.646253286212665E-9 0.10568928764566426 0.1017167099200782 -1.784649718465224E-8 0.11005556808537706
 1.310000 0.055781694100935204 1.247949970239896E-7 0.08744571792937866 0.06705744631371391 4.432382174659997E-8 0.09773977244951192 0.08298554183395722 5.788193034262315E-9 0.10564172057341419 0.1017135561903563 -1.80577506994932E-8 0.11000511468547773
 1.320000 0.0557707483333186 1.2571891747115554E-7 0.08739690077273081 0.06703736975691006 4.487501027866406E-8 0.09770724648728116 0.08297995222794499 5.932683893388912E-9 0.10559463592491644 0.10171078745580997 -1.8268475333071537E-8 0.10995456257881651
 1.330000 0.05576002906317596 1.2663882058789826E-7 0.08734874940304149 0.067017652298649 4.542870727372481E-8 0.09767519435109016 0.08297473672959535 6.079575338704725E-9 0.10554802447088835 0.10170839870559151 -1.847784075679897E-8 0.10990390820361708
 1.340000 0.05574953196142755 1.2755313595193736E-7 0.08730125459005744 0.06699828884655191 4.5983286178380236E-8 0.09764360944192875 0.0829698905373402 6.2285640008642365E-9 0.10550187831041186 0.10170638496622486 -1.8685487489224143E-8 0.10985314862720075
 1.350000 0.05573925266111525 1.284620059373504E-7 0.0872544089667717 0.06697927474071977 4.653808315644264E-8 0.0976124861150922 0.08296540919528783 6.379274124998056E-9 0.10545619023237585 0.10170474155070715 -1.8891467497205683E-8 0.10980228132534367
 1.360000 0.05572918692145229 1.2936631900287484E-7 0.08720820650706827 0.0669606058117433 4.709313466434255E-8 0.09758181946887023 0.08296128874217036 6.531385210914493E-9 0.1054109534229821 0.1017034641926543 -1.909605137761877E-8 0.10975130390861086
 1.370000 0.055719330708357065 1.302670820330912E-7 0.08716264198423757 0.06694227832493331 4.764882177938831E-8 0.09755160506153086 0.08295752568863882 6.684738112383893E-9 0.10536616129308334 0.10170254903565557 -1.9299539750015656E-8 0.10970021396649496
 1.380000 0.055709680217366345 1.3116512834446213E-7 0.08711771056797687 0.06692428887626552 4.8205594725008347E-8 0.09752183870579985 0.08295411691585121 6.83933680547378E-9 0.10532180740007388 0.10170199254895149 -1.9502151720577804E-8 0.10964900903720431
 1.390000 0.05570023185760383 1.3206104824715675E-7 0.0870734075945775 0.0669066343022109 4.876383520011915E-8 0.0974925163431258 0.08295105956995154 6.995283021855957E-9 0.10527788541663563 0.10170179142787758 -1.9703987284320126E-8 0.10959768662142594
 1.400000 0.05569098221218395 1.3295522314028446E-7 0.08702972846649962 0.06688931160535326 4.93238178204312E-8 0.09746363398666219 0.08294835097518596 7.152713648289026E-9 0.1052343891212029 0.10170194250743886 -1.9905044467055214E-8 0.10954624419946164
 1.410000 0.055681938873021676 1.3384791532302502E-7 0.08698666671107183 0.06687232761293116 4.988574948977279E-8 0.09743518723344365 0.08294599356591982 7.311748028913569E-9 0.10519132931986484 0.10170245139153125 -2.010529354855967E-8 0.1094946849611627
 1.420000 0.05567309634163662 1.347393153376144E-7 0.08694422299014007 0.06685567786316872 5.044978568433553E-8 0.0974071772608883 0.08294398843214143 7.472543330618944E-9 0.10514868696783522 0.10170331501319789 -2.0304594188781262E-8 0.1094430032988457
 1.430000 0.05566444657764937 1.3562952364295057E-7 0.08690239465544265 0.0668393561798055 5.101594262286005E-8 0.09737959939081135 0.08294233059204591 7.635183489991567E-9 0.10510645154450095 0.10170452763454381 -2.050285216874608E-8 0.10939119451759151
 1.440000 0.055655983537117294 1.3651847903064874E-7 0.08686117665907354 0.06682335743425816 5.158423791761764E-8 0.09735244845521931 0.08294101487487757 7.799713832840207E-9 0.10506461678430827 0.10170608339489405 -2.0699993520349887E-8 0.10933925486081776
 1.450000 0.055647702726772504 1.37406111476402E-7 0.08682056301093853 0.06680767718905849 5.2154658893462704E-8 0.09732571956545061 0.08294003675516168 7.96616630608972E-9 0.10502317684559669 0.10170797687641567 -2.0895941133592268E-8 0.10928718141506243
 1.460000 0.055639600474505835 1.3829239305828267E-7 0.08678054759695646 0.06679231148799962 5.272717437628925E-8 0.09729940806702901 0.08293939233727857 8.134566915441338E-9 0.1049821259344304 0.10171020334390336 -2.1090611262870146E-8 0.109234971752448
 1.470000 0.055631673559667194 1.391773115049266E-7 0.0867411246887455 0.06677725691739557 5.3301755556055856E-8 0.09727350953743942 0.08293907835777628 8.304942158839108E-9 0.10494145834927314 0.1017127587171676 -2.128391712203196E-8 0.10918262348681826
 1.480000 0.05562391903871401 1.4006085430846372E-7 0.0867022890855412 0.0667625105244159 5.38783839181106E-8 0.09724801983115104 0.08293909207337753 8.477324045325573E-9 0.10490116850255815 0.10171563941736499 -2.1475774266543657E-8 0.10913013413173259
 1.490000 0.05561633414910523 1.409430083006908E-7 0.08666403604105988 0.06674806968284551 5.445704746580212E-8 0.0972229350559189 0.08293943110382435 8.651749797652384E-9 0.10486125092677667 0.10171884219399586 -2.1666100071347275E-8 0.10907750112321737
 1.500000 0.05560891625463754 1.4182376231267226E-7 0.08662636112573432 0.06673393197384177 5.503773674863688E-8 0.09719825151592781 0.08294009329538 8.828259143004473E-9 0.10482170027762851 0.1017223639847095 -2.1854815519840187E-8 0.10902472187197014
 1.510000 0.0556207890193774 1.4270659594709435E-7 0.08662114821604495 0.06674151137343498 5.580887621224439E-8 0.09721094246281611 0.08296458698157375 9.078579853454196E-9 0.10482626471534917 0.10175158825828216 -2.195195399434927E-8 0.10899461528594763
 1.520000 0.055663262630105785 1.4427331192529646E-7 0.08664673560601012 0.06678116431289967 5.662460712057461E-8 0.0972530652999192 0.08302245309405464 9.462505177997859E-9 0.1048543216584299 0.10181515242169334 -2.194572754965197E-8 0.10897521644036809
 1.530000 0.05572907191556263 1.4647980300999022E-7 0.08670260076878199 0.06685016373458876 5.7733642202825114E-8 0.09731796464703951 0.0831125469841363 1.0048321418082691E-8 0.1048959006758849 0.1019125851491052 -2.188581221474279E-8 0.10896107174968786
 1.540000 0.05581034718622611 1.4904644120500123E-7 0.08678491912483188 0.0669423959570093 5.922702915634343E-8 0.09739976284417376 0.08322869336710376 1.0855773589799125E-8 0.10494504784879724 0.10203733451511646 -2.183665144423884E-8 0.1089485647430537
 1.550000 0.05590132741159964 1.5193016311532758E-7 0.08688711629372319 0.06705090247914043 6.104633453601171E-8 0.09749335938516705 0.08336320739311254 1.1838858940825629E-8 0.10499810120299514 0.10218104859906124 -2.185115287932695E-8 0.10893563199037141
 1.560000 0.05599807425807959 1.551645268845694E-7 0.08700217769153518 0.06716956214257172 6.312344895863732E-8 0.09759442505745045 0.08350922712593017 1.2922617213084376E-8 0.10505302317440175 0.10233637950774904 -2.1955772226463415E-8 0.10892153266430772
 1.570000 0.056097997821113736 1.5874112540374777E-7 0.08712440746833483 0.06729384528704929 6.541597473745393E-8 0.09769968419534407 0.08366165578531959 1.4054189665960549E-8 0.10510877252881336 0.10249798967017389 -2.2141087081179873E-8 0.10890626120894406
 1.580000 0.056199508440704524 1.6262384722518984E-7 0.08724989777923758 0.0674208914319863 6.788519018206145E-8 0.09780679850113247 0.08381719106289769 1.521075454314718E-8 0.10516475008184382 0.10266247188602776 -2.2375975962643134E-8 0.10889000937298234
 1.590000 0.056301688209726794 1.6677051886557114E-7 0.08737635498243274 0.06754905891942954 7.050727542782442E-8 0.09791437616256095 0.08397396360975909 1.6399392907899255E-8 0.10522052241457217 0.10282789116475884 -2.2617622319804763E-8 0.10887288775860186
 1.600000 0.05640416894266213 1.7112351013692892E-7 0.08750264530174848 0.06767758402960858 7.326648018445034E-8 0.09802179084584345 0.08413112396066569 1.764301179742165E-8 0.1052759375078441 0.10299337753168701 -2.282125290658701E-8 0.10885494845573772
 1.610000 0.05650683836523654 1.756458031201379E-7 0.08762840319384668 0.06780627326192061 7.614484952456494E-8 0.09812877368282198 0.08428842775740833 1.8957439628106843E-8 0.10533090277684999 0.10315867088101058 -2.295612261252631E-8 0.10883618789021839
 1.620000 0.056609804443148726 1.803117186713333E-7 0.08775364964615619 0.06793519602438963 7.913401666075558E-8 0.09823540182536973 0.08444597708516835 2.0354609475825814E-8 0.10538546800751712 0.10332387313552352 -2.30027077306578E-8 0.10881660987751667
 1.630000 0.05671321037271756 1.8511132807766908E-7 0.08787859369101986 0.06806457742863133 8.222801316880985E-8 0.09834177240387573 0.08460399754554564 2.1838968679444164E-8 0.1054396725468224 0.10348920806336073 -2.295440791266998E-8 0.10879621221853826
 1.640000 0.05681720096579826 1.9004857146692158E-7 0.08800347070139058 0.06819464232756275 8.542701909542237E-8 0.09844801242645532 0.08476272795139504 2.341120779462559E-8 0.10549356130724445 0.10365491373092653 -2.281218383918568E-8 0.10877499442765255
 1.650000 0.05692200550872623 1.9509699541684318E-7 0.08812846656405265 0.06832560441679428 8.872263864194207E-8 0.09855433566194406 0.0849224208865702 2.5071035314047733E-8 0.10554727849212066 0.10382125047802146 -2.25751749126311E-8 0.10875298861416922
 1.660000 0.057027717007624816 2.0025657165410316E-7 0.08825376013124496 0.0684576448271279 9.210576415827422E-8 0.09866079449921705 0.08508324684275458 2.680715704816816E-8 0.10560081493598163 0.10398837944712455 -2.225213151535706E-8 0.10873019199971419
 1.670000 0.05713443613098462 2.055437772020074E-7 0.08837949302067412 0.06859084704832129 9.558174891856761E-8 0.09876756186490654 0.08524534400340916 2.861588551417724E-8 0.10565423497166106 0.10415643487813069 -2.1850894302473223E-8 0.10870660978369136
 1.680000 0.05724228187032506 2.10960773110658E-7 0.08850576085700787 0.06872532922472493 9.914703486726687E-8 0.09887472814008205 0.08540883086336377 3.04925650874322E-8 0.10570760983291339 0.10432552977455961 -2.1377295504711925E-8 0.1086822587536707
 1.690000 0.057351289661787784 2.1651644836970644E-7 0.08863257603560978 0.06886118839945189 1.0280105101943138E-7 0.0989822067246365 0.08557375692049896 3.24319335953718E-8 0.1057609028558877 0.10449570411307714 -2.0838172759513668E-8 0.1086571363976219
 1.700000 0.05746146061766252 2.2222253010005958E-7 0.08875991712188201 0.06899842769750943 1.0654831075386149E-7 0.09908996946291437 0.08574012984691039 3.443175761887164E-8 0.10581406460843205 0.10466695249216065 -2.0238809340395025E-8 0.10863122602993339
 1.710000 0.05757280154740928 2.2808362684453924E-7 0.0888877436093369 0.06913703704389207 1.1039051016954914E-7 0.09919799184729901 0.08590793698613539 3.6490057356465014E-8 0.1058670738821971 0.10483925160220671 -1.9583084951612933E-8 0.10860451864526147
 1.720000 0.057685321351666 2.340976364755676E-7 0.08901600994135866 0.06927700718558105 1.14325850070132E-7 0.09930624678297384 0.08607716129777437 3.860424329627015E-8 0.10591991966012552 0.10501257299603563 -1.8873914884473964E-8 0.1085770146123713
 1.730000 0.057799028538356265 2.402585476900636E-7 0.08914467184000172 0.06941833054034738 1.183503757142042E-7 0.09941470541169221 0.08624778594689532 4.077140004579475E-8 0.10597259167983625 0.1051868883974793 -1.8113566890155143E-8 0.10854872008450522
 1.740000 0.057913962925175956 2.4655809476047865E-7 0.08927368343665816 0.06956101956054395 1.2245897042294035E-7 0.09952335265477899 0.08641981317888785 4.298861639707517E-8 0.1060251170907001 0.1053621939495887 -1.7303921190894176E-8 0.10851965809980806
 1.750000 0.058030132240136104 2.529890145159729E-7 0.08940301825417137 0.06970507736223258 1.2664578830411096E-7 0.0996321631407892 0.08659323933953866 4.525219954676644E-8 0.10607746391628108 0.10553847050749739 -1.6446983418457387E-8 0.10848983327257714
 1.760000 0.05814753735413985 2.595449156532041E-7 0.0895326465381936 0.06985049895186593 1.309053647016094E-7 0.09974110671701207 0.08676804991736006 4.755843089640062E-8 0.1061296128524977 0.10571569318931805 -1.5545056295935407E-8 0.1084592522832843
 1.770000 0.05826618369157883 2.662195428696182E-7 0.08966253415959016 0.06999727890870823 1.3523271802349051E-7 0.09985015648390962 0.0869442299800536 4.9903566225918684E-8 0.10618155224136394 0.1058938362566852 -1.460072711463263E-8 0.10842792544538757
 1.780000 0.05838607843904341 2.7300725267548704E-7 0.0897926452185996 0.07014541243394332 1.3962317491211451E-7 0.09995928557890335 0.08712176442535194 5.2283859209988724E-8 0.10623327157292364 0.10607287357071574 -1.3616768673701266E-8 0.10839586708152994
 1.790000 0.058507228517585025 2.7990300417791006E-7 0.08992294341155123 0.07029489414999472 1.4407236374625378E-7 0.10006846694000497 0.0873006371985929 5.4695605117395887E-8 0.10628476086921519 0.10625277850841956 -1.2596045140797958E-8 0.10836309525816602
 1.800000 0.05862963998126345 2.8690216573626473E-7 0.09005339247829555 0.07044571789848607 1.485762058296213E-7 0.10017767319161429 0.08748083100998337 5.7135184597956815E-8 0.10633601054680866 0.10643352364745022 -1.1541446306029826E-8 0.10832963108896498
 1.810000 0.058753317697696004 2.9400041048896816E-7 0.09018395620434257 0.0705978764470044 1.5313085674976366E-7 0.10028687667866878 0.08766232702609374 5.9599075605650465E-8 0.10638701139761302 0.10661508041666755 -1.045585063215446E-8 0.10829549848589337
 1.820000 0.0588782651423728 3.0119366482876326E-7 0.0903145982028729 0.07075136118127567 1.5773263980231124E-7 0.10039604940742168 0.08784510453551785 6.208383989025152E-8 0.10643775466058984 0.10679741881312467 -9.342107179171251E-9 0.10826072429600833
 1.830000 0.05900448426641531 3.0847805987071E-7 0.09044528168424547 0.0709061618594662 1.623779849270566E-7 0.10050516298342015 0.0880291406814087 6.458609199479179E-8 0.10648823213745207 0.10698050721980154 -8.203038675778696E-9 0.10822533856915378
 1.840000 0.059131975407471955 3.158498861016149E-7 0.09057596928962154 0.07106226644409454 1.6706337749727773E-7 0.10061418857427921 0.0882144102780593 6.710247292726528E-8 0.10653843631009027 0.10716431231626442 -7.0414453506381646E-9 0.10818937481529672
 1.850000 0.0592607372211654 3.2330555452100866E-7 0.09070662300090986 0.07121966098982513 1.717853131948219E-7 0.10072309690650186 0.08840088569429529 6.962962155615442E-8 0.10658836044899343 0.10734879906077813 -5.86011501573693E-9 0.10815287021337781
 1.860000 0.059390766625277334 3.30841559046733E-7 0.09083720411124875 0.07137832956814355 1.7654026093528542E-7 0.10083185829101511 0.08858853678215621 7.216415800247381E-8 0.1066379987173704 0.1075339307223328 -4.661828497703762E-9 0.10811586577878352
 1.870000 0.05952205875476095 3.38454444122325E-7 0.09096767323646446 0.07153825421563823 1.813246312015936E-7 0.10094044267044341 0.08877733083408922 7.470267007216132E-8 0.10668734627839378 0.10771966894580189 -3.4493609884287583E-9 0.10807840650470643
 1.880000 0.05965460692647733 3.4614077829520556E-7 0.09109799035254958 0.07169941489723022 1.8613475627506858E-7 0.10104881968195092 0.08896723255744357 7.724170903684932E-8 0.10673639940979146 0.10790597383866507 -2.225480254324963E-9 0.1080405414866676
 1.890000 0.05978840188102855 3.538801878174614E-7 0.09122811555243698 0.0718617898898736 1.9096812596127593E-7 0.10115695842896205 0.08915820418689875 7.977914672229058E-8 0.10678515546409323 0.10809280420204058 -9.918651009664465E-10 0.10800232402399387
 1.900000 0.05992343355914945 3.6171261584073916E-7 0.09135800630777131 0.07202535321937491 1.9580971288121088E-7 0.10126482914497222 0.08935020492183801 8.230651368585726E-8 0.10683361350343994 0.10828011707696585 2.4630234526890967E-10 0.10796381166958245
 1.910000 0.060059690301783764 3.6961410170903994E-7 0.09148762019780692 0.07219007964687672 2.0067200917529838E-7 0.10137239958446968 0.08954319132526113 8.48228239240824E-8 0.10688177388356311 0.108467868376292 1.486104312734724E-9 0.10792506652289237
 1.920000 0.06019715815748713 3.7757092811507376E-7 0.09161691603948506 0.07235594068080463 2.0555177912950361E-7 0.10147963924800858 0.08973711788221576 8.73275262534857E-8 0.10692963864558037 0.10865601328247938 2.7261743992111915E-9 0.10788615505468264
 1.930000 0.06033582102810021 3.855876372821182E-7 0.09174585263100733 0.07252290596298033 2.1044204539114126E-7 0.10158651795447209 0.08993193654491424 8.981820236076737E-8 0.10697721163199903 0.10884450612506881 3.96502895443811E-9 0.10784714807892407
 1.940000 0.06047566101398789 3.936611458207747E-7 0.09187438818150652 0.07269094282426272 2.153377068877583E-7 0.1016930055748152 0.09012759664468996 9.229098836692557E-8 0.10702449862649688 0.10903330038783232 5.200446225585071E-9 0.10780812081789043
 1.950000 0.060616658286798096 4.01787106598035E-7 0.09200248043147238 0.0728600163298376 2.2023411921926985E-7 0.10179907213213425 0.09032404486200618 9.474164967907485E-8 0.10707150747917797 0.10922234880803845 6.429745516786892E-9 0.10776915289101087
 1.960000 0.060758791067436264 4.0996126782210227E-7 0.0921300869497634 0.0730300892652981 2.2512648654672463E-7 0.10190468796052168 0.09052122524310206 9.71661086286993E-8 0.1071182482256009 0.10941160349254414 7.650174814389697E-9 0.10773032822359414
 1.970000 0.0609020355670996 4.1817942500651393E-7 0.09225716530649859 0.0732011221126116 2.3000995251997753E-7 0.1020098238422501 0.09071907921483531 9.956050502368088E-8 0.1071647332238898 0.10960101602386171 8.859116941854872E-9 0.10769173489746625
 1.980000 0.06104636594612069 4.2643741686439675E-7 0.09238367320026245 0.07337307301055092 2.348797448733045E-7 0.10211445112460257 0.09091754559354953 1.0192116839773082E-7 0.10721097729415674 0.10979053755207673 1.0054145374548096E-8 0.10765346495312547
 1.990000 0.06119175426409115 4.3473119676379007E-7 0.09250956855398713 0.07354589770156153 2.3973124258094384E-7 0.10221854181649816 0.09111656058849782 1.042446091748643E-7 0.10725699784184803 0.10998011886616281 1.1233015763187697E-8 0.10761561413418053
 2.000000 0.06133817041000475 4.4305689643837493E-7 0.09263480959120832 0.07371954945820558 2.445600048557125E-7 0.1023220686699619 0.09131605779791892 1.065275192808403E-7 0.10730281495395601 0.11016971043497219 1.2393642574438965E-8 0.10757828155630711
 2.010000 0.06147374095781963 4.5092543860099947E-7 0.09276002906274461 0.07388358343142723 2.4926926799280477E-7 0.10241349331956615 0.09148829457798045 1.0883408512530754E-7 0.10735953826550429 0.11033509759659368 1.3437212281987058E-8 0.10759059566913041
 2.020000 0.06159180168302011 4.5675305872072116E-7 0.09288007989904623 0.07402793112257333 2.53438186096882E-7 0.10249740619970238 0.09163283888739596 1.1103016077090273E-7 0.10742448886839873 0.11047695680604047 1.435061970941631E-8 0.10762821162309881
 2.030000 0.061693183082249144 4.6133085342259706E-7 0.09299279035710757 0.07415192936812502 2.5664063046082E-7 0.10257736105188368 0.09175474619850162 1.128722081188653E-7 0.10749351403553649 0.11059718613290051 1.5128547955730542E-8 0.10767232722957312
 2.040000 0.06178194118258881 4.6528624158220246E-7 0.09309719018834853 0.07425983995878997 2.589701946339419E-7 0.10265342823011858 0.09185962804373836 1.1422248742754988E-7 0.10756326842901467 0.1106997028712276 1.575421879128574E-8 0.10771798818015428
 2.050000 0.061862631745028915 4.6864817775910654E-7 0.09319359200305936 0.0743570267643349 2.606759172128146E-7 0.10272522478629785 0.09195320292415701 1.1510689493376533E-7 0.10763229690491118 0.11079024767459736 1.6223392363562342E-8 0.10776460334693132
 2.060000 0.06193909343348918 4.7148435022165273E-7 0.0932834618662425 0.07444810000681468 2.61929552123613E-7 0.10279334995140554 0.09204036191882474 1.1564111394727997E-7 0.10770052936734671 0.11087412114970632 1.6557799636041497E-8 0.10781200741756237
 2.070000 0.06201402652045043 4.7393157447731593E-7 0.09336893069105015 0.07453641188811758 2.6285221253812573E-7 0.1028590907467553 0.09212466798430718 1.1594534316807771E-7 0.10776843707613122 0.11095509946194657 1.6795289000993036E-8 0.10785995106258607
 2.080000 0.0620890614350582 4.761223952727367E-7 0.09345214095688849 0.07462414025247728 2.63545778278784E-7 0.1029237705835277 0.09220841128398798 1.1610868022960673E-7 0.10783652806242765 0.11103549811079014 1.6973489732889407E-8 0.10790822897259073
 2.090000 0.06216503692674343 4.78161915242754E-7 0.09353477464165173 0.07471254687067293 2.6409427459965006E-7 0.10298837420679777 0.09229289001051438 1.1618917897295225E-7 0.10790516720796756 0.1111165725695176 1.712034321563927E-8 0.10795672637720365
 2.100000 0.0622422817136068 4.801366191437232E-7 0.09361793009698768 0.07480225059071471 2.645650812807812E-7 0.10305349451739997 0.09237872134862252 1.1622446971641814E-7 0.10797456293283852 0.11119889261726493 1.7253162960460305E-8 0.10800538999773651
 2.110000 0.062320872313898795 4.820837960642156E-7 0.0937021068938949 0.07489345938811098 2.649949856040194E-7 0.10311937388692212 0.09246609383234643 1.16236236604502E-7 0.10804480079079035 0.11128261593870646 1.7380722552873376E-8 0.10805419623145618
 2.120000 0.062400735363298716 4.840343158963341E-7 0.09378747108687487 0.07498615271177507 2.654061914059543E-7 0.1031860697111625 0.09255497173844136 1.162359387874829E-7 0.1081158979866562 0.1113676875194343 1.7506640794996484E-8 0.10810313598801849
 2.130000 0.06248177550177283 4.860047302660511E-7 0.09387393057887862 0.07508020575267854 2.6581039671236617E-7 0.10325351460108667 0.09264521618430412 1.1622829741740052E-7 0.1081878352824877 0.11145396000582843 1.7631734337943395E-8 0.10815220820112582
 2.140000 0.06256388508660894 4.880030594107258E-7 0.09396132494142599 0.07517546672208811 2.6621386352675786E-7 0.10332161159993664 0.09273666758788537 1.1621478634564331E-7 0.10826058559038405 0.11154126964936566 1.775560248235643E-8 0.10820141823735663
 2.150000 0.06264697192040516 4.900304244882194E-7 0.09404949937374264 0.07527179987995969 2.66618766834136E-7 0.1033902734264835 0.09282918619474598 1.1619548317484248E-7 0.10833412635275237 0.11162947343221831 1.7877560478458543E-8 0.10825077356203806
 2.160000 0.06273096743626716 4.920843600885247E-7 0.09413833312866479 0.07536910149624058 2.6702445051317196E-7 0.10345943599123178 0.09292266651607556 1.1616981191604963E-7 0.10840844432514536 0.11171846224512398 1.7997039431296185E-8 0.10830028065803735
 2.170000 0.0628158260794344 4.941616554090498E-7 0.09422774486729682 0.07546730114394958 2.6742893051989743E-7 0.10352905890993203 0.09301703791904044 1.1613682630850207E-7 0.1084835348215615 0.11180816100871804 1.8113646251233267E-8 0.10834994311506956
 2.180000 0.06290152118703789 4.962594729257038E-7 0.09431768615095139 0.07556635622971655 2.6782996520967693E-7 0.10359912036585094 0.09311225868268963 1.1609539768190399E-7 0.10855939893531182 0.11189852273913772 1.8227083456772246E-8 0.10839976089342959
 2.190000 0.06298803988198047 4.983757422483967E-7 0.09440813149818897 0.07566624439176375 2.6822559646686315E-7 0.10366961091969351 0.09320830806470554 1.1604438367961779E-7 0.10863604086748802 0.11198952080026124 1.8337074477275072E-8 0.10844973048077584
 2.200000 0.0630753782739393 5.005091928050416E-7 0.09449906936784253 0.07576695628904527 2.686143332186877E-7 0.10374052833502478 0.09330517884442266 1.1598275108303065E-7 0.10871346606936429 0.11208114163584311 1.844333701957262E-8 0.10849984552219512
 2.210000 0.06316353756880538 5.026592427935908E-7 0.09459049553817181 0.07586848985178676 2.6899515953230097E-7 0.1038118739822603 0.09340287139093156 1.1590963747313976E-7 0.10879168018490322 0.11217337897031818 1.8545583775610248E-8 0.10855009757160143
 2.220000 0.06325252125003543 5.048258436372109E-7 0.09468240886259321 0.0759708462160056 2.693674677481641E-7 0.10388365064562999 0.09350138946848272 1.1582436003727852E-7 0.10887068854570661 0.11226622968809884 1.8643540510969446E-8 0.10860047675375896
 2.230000 0.0633423332448565 5.070093365400272E-7 0.09477480883897345 0.07607402714333407 2.697309722674017E-7 0.10395586133143615 0.09360073757258633 1.1572639515669123E-7 0.10895049597276371 0.1123596912032253 1.8736956816707715E-8 0.10865097225045763
 2.240000 0.06343297687240819 5.092103341443044E-7 0.09486769437289651 0.07617803357198187 2.7008562298972153E-7 0.10402850869973004 0.09370091943432259 1.1561534336667606E-7 0.10903110671627016 0.11245375997659728 1.882561290070431E-8 0.10870157260489707
 2.250000 0.06352445434323514 5.114296300633802E-7 0.09496106324708355 0.07628286493654664 2.704315355711432E-7 0.10410159484600584 0.0938019373213294 1.154908936748075E-7 0.10911252444148695 0.11254843082255285 1.8909317710453562E-8 0.10875226587853733
 2.260000 0.06361676660319154 5.136681422077016E-7 0.09505491197115548 0.07638851895469383 2.707689371513588E-7 0.10417512126163826 0.093903791823979 1.1535279469926699E-7 0.10919475222067741 0.11264369669970252 1.8987902124899646E-8 0.10880303970669862
 2.270000 0.06370991336168932 5.159268692245967E-7 0.09514923581550844 0.07649499165958798 2.7109812923655415E-7 0.1042490888752478 0.09400648189707886 1.1520083132559794E-7 0.1092777925187335 0.11273954875826257 1.9061213359141605E-8 0.10885388129518508
 2.280000 0.06380389319517353 5.182068658076666E-7 0.0952440289190234 0.07660227753289374 2.7141946180925277E-7 0.1043234981224126 0.09411000500538744 1.1503480772895508E-7 0.10936164717123117 0.11283597649217665 1.9129107978604884E-8 0.1089047773894805
 2.290000 0.06389870366074583 5.205092290355629E-7 0.0953392844118433 0.07671036965352782 2.71733318583555E-7 0.10439834901672275 0.09421435728398542 1.1485453444487912E-7 0.10944631735642653 0.11293296790670498 1.9191445031515253E-8 0.10895571423662827
 2.300000 0.06399434138758754 5.228350905750594E-7 0.0954349945239697 0.07681925982003246 2.7204010820371144E-7 0.10447364120927669 0.09431953366935442 1.1465982475678944E-7 0.10953180356242617 0.1130305096572668 1.92480839833336E-8 0.10900667755060851
 2.310000 0.06409080213510154 5.251856141164445E-7 0.0955311506673552 0.07692893863158018 2.7234026231751645E-7 0.10454937403161982 0.09442552798565852 1.1445049014461037E-7 0.10961810555003253 0.11312858714431073 1.929888235006589E-8 0.10905765248577406
 2.320000 0.0641880808186454 5.275619935273006E-7 0.0956277434889141 0.07703939552788708 2.726342337747953E-7 0.1046255465216732 0.09453233298683138 1.1422633854343344E-7 0.10970522231144315 0.11322718456524089 1.9343696678866934E-8 0.10910862361928796
 2.330000 0.06428617150911455 5.29965454843902E-7 0.0957247628973533 0.07715061879543181 2.729224970192426E-7 0.10470215743471464 0.09463994036253068 1.1398717468449669E-7 0.10979315202502396 0.11332628493191209 1.9382378110575733E-8 0.10915957494182799
 2.340000 0.06438506748434819 5.323678738124994E-7 0.0958221987213543 0.07726259589719195 2.732057513806307E-7 0.10477920536289613 0.09474834081827496 1.1373602960421964E-7 0.10988189193135695 0.11342587012473068 1.9416855167694052E-8 0.10921048984566321
 2.350000 0.06448476067121701 5.34843027449128E-7 0.09592003811649247 0.0773753119311466 2.73473338663696E-7 0.10485668857369632 0.09485752370615799 1.1346424797790642E-7 0.10997143855993266 0.11352592066290704 1.9443734585653403E-8 0.10926135111400843
 2.360000 0.0645852427026641 5.373408633659339E-7 0.09601826924547309 0.07748875195499284 2.7374343121544814E-7 0.10493460452114789 0.09496747723611829 1.1317516680194471E-7 0.1100617873107673 0.11362641584590215 1.9462334784069736E-8 0.10931214105148865
 2.370000 0.06468650402569598 5.398609740570552E-7 0.0961168788517339 0.07760289927401942 2.7401210354175985E-7 0.10501295081452623 0.09507818853086905 1.1287085796507236E-7 0.11015293256786506 0.11372733376476299 1.9473410614515495E-8 0.10936284135175256
 2.380000 0.06478853402946734 5.424162654697665E-7 0.09621585318660335 0.07771773599623132 2.7427810973550297E-7 0.10509172471186277 0.0951896434528077 1.1255186105288417E-7 0.11024486764417879 0.11382865124064179 1.947785035631368E-8 0.10941343313273083
 2.390000 0.06489132108245489 5.450078769902432E-7 0.09631517762395893 0.07783324280892272 2.745421597614454E-7 0.10517092310255212 0.09530182656018539 1.1221758325139593E-7 0.11033758473907264 0.113930343786651 1.9475824302947453E-8 0.10946389697967338
 2.400000 0.06499485246920024 5.476370911600017E-7 0.0964148366429146 0.07794939899542466 2.74805299119227E-7 0.10525054246612729 0.09541472105115463 1.1186742777018091E-7 0.11043107486380822 0.1140323855847099 1.9467058493641815E-8 0.10951421298066229
 2.410000 0.06509911436193223 5.503051055135463E-7 0.0965148138316098 0.07806618238335121 2.7506820080262504E-7 0.10533057886142136 0.09552830872161804 1.1150102549901338E-7 0.11052532777522765 0.11413474947213079 1.9451190886964063E-8 0.10956436075540044
 2.420000 0.0652040917814774 5.530133473656031E-7 0.09661509188650058 0.07818356932238703 2.7533144397689544E-7 0.10541102790865312 0.0956425699278529 1.111181257852117E-7 0.11062033191633443 0.11423740693734327 1.9427935180079432E-8 0.1096143194854976
 2.430000 0.06530976856799521 5.557632477612374E-7 0.09671565260680444 0.07830153465898772 2.7559565208288806E-7 0.10549188477201484 0.09575748355488718 1.1071849677957442E-7 0.11071607436218873 0.11434032812436597 1.939708111632958E-8 0.10966406794992316
 2.440000 0.06541612735524686 5.585562729397542E-7 0.09681647688893873 0.07842005171983328 2.758615250526378E-7 0.10557314413929805 0.09587302698971319 1.1030191466838614E-7 0.11081254076724506 0.11444348184551634 1.9358462839622758E-8 0.10971358456692486
 2.450000 0.06552314954897373 5.613939300600858E-7 0.09691754472202282 0.07853909230049198 2.7612982673761517E-7 0.10565480019960075 0.09598917609950106 1.0986817365046161E-7 0.11090971531351954 0.11454683560204343 1.9311934806472123E-8 0.10976284744181385
 2.460000 0.06563081530829686 5.642777706736269E-7 0.09701883518525184 0.07865862666025243 2.764013779436264E-7 0.10573684661926691 0.09610590521472988 1.0941709141354988E-7 0.1110075806600492 0.1146503556126435 1.925736387451761E-8 0.10981183441999745
 2.470000 0.06573910353025092 5.672093884867135E-7 0.0971203264478619 0.07877862352288996 2.7667705161439965E-7 0.10581927651660503 0.09622318711748332 1.0894850950584379E-7 0.11110611789461876 0.11475400684995275 1.9194627189494625E-8 0.10986052314500076
 2.480000 0.06584799183760465 5.70190412867552E-7 0.09722199577226487 0.07889905008385621 2.769577706427862E-7 0.1059020824356902 0.09634099303528826 1.084622901091645E-7 0.11120530648863652 0.11485775308529197 1.912361071526512E-8 0.10990889112150488
 2.490000 0.06595745657029808 5.732225033801278E-7 0.09732381952075302 0.07901987202430504 2.77244506594746E-7 0.10598525631949783 0.0964592926409548 1.0795831508333556E-7 0.1113051242559438 0.11496155694192069 1.9044208895106228E-8 0.10995691578344698
 2.500000 0.06606747278084756 5.763073425454898E-7 0.09742577316606052 0.07914105353243041 2.7753827670889376E-7 0.10606878948254854 0.09657805405889877 1.0743648479001813E-7 0.11140554731628548 0.11506537995707423 1.895632664456606E-8 0.11000457456712254
 2.510000 0.06616613314139655 5.793861679914243E-7 0.0975255216708088 0.07923532666229424 2.780184759534313E-7 0.10616407860822852 0.09667061215750526 1.0697282407854935E-7 0.11147820809075093 0.11514401861452837 1.884333211875636E-8 0.11001358571125518
 2.520000 0.06625074932196504 5.821544464520195E-7 0.0976222101789307 0.07931140773799476 2.7857371435178846E-7 0.10626036939654863 0.09674762996967137 1.0654526155385244E-7 0.11154075795621483 0.11520698107172339 1.8650299384313044E-8 0.11000539196264457
 2.530000 0.06632521410084194 5.846442029001427E-7 0.09771464498352721 0.07937684708425238 2.79082215153772E-7 0.10635344546959337 0.09681477943848614 1.0612555254181415E-7 0.11160024137273203 0.1152598523871645 1.838087814447845E-8 0.10999359622452494
 2.540000 0.06639349772984353 5.869673022102042E-7 0.09780183626495846 0.07943497348145998 2.7949764513638397E-7 0.10644325395735728 0.0968740935540333 1.0568508704627519E-7 0.11165913769903632 0.11530494608109258 1.8059996440958457E-8 0.10998308816101787
 2.550000 0.06645822451355796 5.891947505512755E-7 0.09788415963844055 0.07948784365896412 2.7982726582380896E-7 0.10653095759055037 0.09692752010849624 1.0519802418500121E-7 0.11171841533699182 0.11534421275486617 1.7711860337197366E-8 0.1099748483654266
 2.560000 0.06652101948733062 5.913644496596253E-7 0.09796297253626775 0.07953723681650696 2.80093677307913E-7 0.10661769461421311 0.09697710506752538 1.046568166801321E-7 0.1117782821821329 0.11537963921901716 1.73529562426159E-8 0.1099684675865768
 2.570000 0.06658292458621122 5.934980632901232E-7 0.098039798101691 0.07958465050562769 2.803162771866694E-7 0.10670425756826046 0.0970245752315485 1.0406934316701232E-7 0.1118386136475136 0.11541288801824091 1.6991391613006726E-8 0.10996319547370693
 2.580000 0.06664461996529723 5.956146194700541E-7 0.09811583078456111 0.07963118403164754 2.805086771669643E-7 0.1067911259432866 0.09707115550169755 1.0344793714834403E-7 0.11189923368341402 0.11544511758424579 1.6629274955403445E-8 0.1099583797786792
 2.590000 0.06670653153840114 5.977336523826784E-7 0.09819182027273703 0.07967753387942551 2.806815638022553E-7 0.10687856653347139 0.09711759523146181 1.0280208915747284E-7 0.11196002883695065 0.11547702334533355 1.626576316010241E-8 0.10995360799287619
 2.600000 0.06676889897048002 5.99873042045103E-7 0.09826815353915379 0.07972407440580569 2.8084437951399105E-7 0.10696671401917675 0.09716428276885967 1.0213700388321088E-7 0.11202095587059242 0.11550896040848262 1.5899342838111495E-8 0.10994868754550818
 2.610000 0.06683183059803749 6.020467602230746E-7 0.098344983573914 0.07977096133743962 2.810052773604422E-7 0.10705562373011232 0.09721137025772104 1.0145512259246755E-7 0.11208201162668834 0.11554106551678817 1.552894500234011E-8 0.10994356569015935
 2.620000 0.06689534966248316 6.042644090584983E-7 0.0984223350616502 0.07981822081198116 2.811706851061815E-7 0.10714530487138721 0.09725887448262575 1.0075785491984241E-7 0.11214320409557788 0.11557335136625639 1.5154195318901463E-8 0.1099382540998406
 2.630000 0.06695943118657403 6.065319953780273E-7 0.09850017225776096 0.07986581305252187 2.813452712867614E-7 0.10723574146642974 0.09730674627872486 1.0004647428869742E-7 0.11220453676478995 0.11560577071025253 1.4775262741479036E-8 0.10993278223397375
 2.640000 0.06702402893546928 6.08853076853294E-7 0.09857843665295747 0.07991367277628549 2.815322778896012E-7 0.10732690557651949 0.09735491298549144 9.932229607981632E-8 0.11226600446845779 0.11563825566261095 1.439261236678294E-8 0.10992717716227926
 2.650000 0.06708909288926952 6.112297542629939E-7 0.09865706578778441 0.07996173213474504 2.8173395428514265E-7 0.10741876546331065 0.09740330153011567 9.858656334589702E-8 0.11232759516087251 0.11567073916146012 1.4006807791511596E-8 0.10992145882254255
 2.660000 0.06715457868223142 6.136633594401301E-7 0.09873600173598386 0.08000993181365935 2.8195191707726394E-7 0.10751129025027355 0.09745184899783631 9.784032082866197E-8 0.11238929313663322 0.1157031647518798 1.3618394304877331E-8 0.10991564126787778
 2.670000 0.06722045115391986 6.161548666129597E-7 0.09881519423415244 0.08005822477188526 2.8218739712626873E-7 0.10760445209461049 0.09750050579708569 9.708437428370192E-8 0.11245108149335216 0.11573548937968198 1.3227849754479623E-8 0.10990973484855121
 2.680000 0.06728668427555491 6.187051079605256E-7 0.09889460103719389 0.08010657588783479 2.824413991441354E-7 0.10769822666313444 0.09754923488537723 9.631931660230373E-8 0.11251294335015767 0.1157676824673541 1.2835573418613707E-8 0.10990374767497058
 2.690000 0.06735325933291073 6.213148801187648E-7 0.09897418684153882 0.08015495972715314 2.827148080236172E-7 0.1077925925936824 0.09759800926323492 9.554559230598049E-8 0.1125748621416978 0.11579972339121933 1.244189768883383E-8 0.10989768634037905
 2.700000 0.0674201626366922 6.239849896249056E-7 0.09905392156663959 0.0802033577948242 2.830084595294175E-7 0.10788753049649802 0.09764680904639451 9.476355978278035E-8 0.1126368214632986 0.11583159861906278 1.2047109375738904E-8 0.1098915562881087
 2.710000 0.06748738344888577 6.267162625542334E-7 0.09913377851597859 0.08025175600543491 2.8332318981633134E-7 0.10798302188678016 0.09769561881180906 9.397354381499467E-8 0.11269880480909485 0.11586329916362635 1.1651467905299746E-8 0.10988536209854723
 2.720000 0.06755491239179807 6.295095456687217E-7 0.0992137327483983 0.0803001426829574 2.836598667245348E-7 0.10807904827165624 0.09774442551134661 9.317587335496676E-8 0.11276079536515801 0.11589481861284627 1.1255223377110545E-8 0.10987910778368999
 2.730000 0.06762274036253604 6.323656930549758E-7 0.09929375982446656 0.08034850714875616 2.8401940672783713E-7 0.10817559047774057 0.09779321700452194 9.237090477102438E-8 0.11282277589577304 0.11592615176507144 1.0858628575012519E-8 0.1098727970705726
 2.740000 0.06769085786685997 6.352855537424804E-7 0.0993738349596062 0.08039683882706933 2.8440278202193165E-7 0.10827262821623004 0.09784198113391929 9.155903494762908E-8 0.11288472870481421 0.11595729378104704 1.046194718789188E-8 0.10986643363248028
 2.750000 0.06775925465829095 6.382699563432066E-7 0.09945393253075796 0.08044512674787307 2.848110208637988E-7 0.10837013983888005 0.097890705216777 9.074071048917929E-8 0.11294663564222943 0.11598823972373756 1.0065459695723597E-8 0.10986002124573754
 2.760000 0.0678279195787672 6.41319692972661E-7 0.09953402584637398 0.08049335932386852 2.852452043398278E-7 0.10846810222722905 0.09793937582283344 8.991642555936999E-8 0.11300847813262657 0.11601898435961941 9.66946406447461E-9 0.10985356387455243
 2.770000 0.06789684052057707 6.444355082813322E-7 0.09961408708807742 0.08054152429762919 2.857064601466185E-7 0.1085664907644495 0.09798797872890125 8.908672615772477E-8 0.11307023721327836 0.11604952211784678 9.274274744155774E-9 0.1098470657010728
 2.780000 0.06796600445340588 6.476180867945685E-7 0.09969408734985948 0.08058960878164997 2.861959574693496E-7 0.10866527935281937 0.098036498969054 8.825220389173341E-8 0.11313189357629158 0.1160798471320821 8.880222595191634E-9 0.10984053112118243
 2.790000 0.06803539748042443 6.508680457106063E-7 0.0997739967237553 0.08063759933974739 2.867149012618125E-7 0.10876444045333246 0.09808492092671171 8.741349438481937E-8 0.11319342761349738 0.11610995331590503 8.48765299350708E-9 0.10983396472301017
 2.800000 0.06810500490237863 6.541859271619523E-7 0.09985378440161422 0.08068548207911395 2.8726452564935044E-7 0.10886394513449174 0.09813322843700441 8.657127503381929E-8 0.11325481946400072 0.116139834443288 8.096924130717276E-9 0.10982737125934476
 2.810000 0.06817481127909504 6.575721905885425E-7 0.09993341877767882 0.08073324273734131 2.8784609498444397E-7 0.10896376312439941 0.09818140488356907 8.572626146663759E-8 0.11331604906456465 0.11616948422007026 7.708404574802213E-9 0.10982075561995294
 2.820000 0.06824480048447337 6.610272074150703E-7 0.10001286754621858 0.08078086675842563 2.88460893633521E-7 0.10906386286439651 0.0982294332839885 8.487920855034141E-8 0.11337709620287814 0.11619889634149956 7.322472062106304E-9 0.10981412280622813
 2.830000 0.06831495575490124 6.645512574515026E-7 0.1000920977936129 0.08082833935730283 2.891102280574345E-7 0.10916421156462086 0.09827729636372129 8.403090605322351E-8 0.1134379405736067 0.11622806453601672 6.939512903876845E-9 0.1098074779085961
 2.840000 0.06838525973286803 6.68144524555948E-7 0.10017107608659917 0.08087564557511244 2.8979542191371675E-7 0.10926477526271444 0.09832497662100506 8.318218049397684E-8 0.1134985618370306 0.11625698259779738 6.559919759928869E-9 0.10980082608619511
 2.850000 0.06845569450813276 6.718070961032005E-7 0.10024976855904888 0.08092277032822841 2.90517816548388E-7 0.10936551888703172 0.09837245638596501 8.233389227621467E-8 0.1135589396799968 0.11628564441124566 6.184091077888089E-9 0.10979417254808851
 2.860000 0.06852624165863974 6.755389579108554E-7 0.10032814099947353 0.08096969845393139 2.912787644853639E-7 0.10946640632553338 0.09841971787692393 8.148693382289092E-8 0.11361905387886373 0.11631404397038883 5.8124288654194246E-9 0.10978752253531382
 2.870000 0.06859688229287463 6.793399951995637E-7 0.10040615894093526 0.08101641475499383 2.92079631776291E-7 0.10956740050117553 0.09846674325621464 8.06422324133786E-8 0.11367888436403688 0.11634217539549706 5.445338656114806E-9 0.10978088130323359
 2.880000 0.06866759709477062 6.832099910576694E-7 0.10048378775443434 0.08106290404472316 2.929217910704963E-7 0.10966846345425411 0.09851351468701426 7.980074505251822E-8 0.11373841128565887 0.11637003294854385 5.083228399181612E-9 0.1097742541038413
 2.890000 0.06873836637172755 6.871486265452147E-7 0.10056099274630188 0.08110915119334722 2.938066221419392E-7 0.10976955643181865 0.09856001439201152 7.89634570799394E-8 0.11379761507994754 0.11639761104849769 4.726504858444015E-9 0.10976764616782915
 2.900000 0.06880917010587863 6.911554820793202E-7 0.10063773925966502 0.08115514117609378 2.947355083750797E-7 0.109870639983994 0.09860622471414993 7.813138476806497E-8 0.11385647653562714 0.11642490428695017 4.375574719283512E-9 0.10976106268638668
 2.910000 0.06887998800841792 6.952300391643051E-7 0.10071399277968879 0.08120085912293103 2.9570983277275485E-7 0.10997167406680557 0.09865212817928827 7.73055682165947E-8 0.11391497685988969 0.11645190744424166 4.030842221020475E-9 0.10975450879276043
 2.920000 0.06895079957659125 6.993716830427502E-7 0.1007897190420622 0.08124629036968127 2.9673097442858816E-7 0.11007261815094216 0.09869770756034629 7.648707053971909E-8 0.11397309774327125 0.11647861550603837 3.692706095372592E-9 0.10974798954371336
 2.930000 0.06902158415281506 7.035797055872682E-7 0.10086488414400362 0.08129142051006064 2.978003068598275E-7 0.11017343133574141 0.09874294594234513 7.567697639495961E-8 0.11403082142285251 0.11650502368018548 3.3615581710650153E-9 0.10974150990102607
 2.940000 0.06909232098532339 7.078533096954772E-7 0.1009394546569612 0.08133623544812012 2.989191928594663E-7 0.11027407246759895 0.09878782678766473 7.487638760309405E-8 0.11408813074317481 0.11653112741361155 3.0377839914440928E-9 0.10973507471323521
 2.950000 0.06916298928969988 7.121916149064029E-7 0.10101339774010037 0.08138072145052205 3.0008898212564394E-7 0.11037450026191604 0.09883233400080946 7.408642097258313E-8 0.11414500921429638 0.11655692240904265 2.7217597030304484E-9 0.10972868869779151
 2.960000 0.0692335683106476 7.165936611019123E-7 0.10108668125364433 0.08142486519808033 3.013110059559289E-7 0.1104746734276563 0.09887645199196761 7.33082052207126E-8 0.11420144106643083 0.11658240464128428 2.4138496906559637E-9 0.10972235642382522
 2.970000 0.06930403738336335 7.210584174891065E-7 0.10115927387110457 0.08146865383600554 3.025865759141226E-7 0.11057455079354658 0.09892016573867098 7.254287644730394E-8 0.11425741130064665 0.11660757037284987 2.114405265990141E-9 0.10971608229570114
 2.980000 0.06937437599390026 7.255847874675742E-7 0.10123114518943739 0.0815120750223173 3.0391697734138475E-7 0.11067409143492539 0.09896346084489596 7.179157591410491E-8 0.11431290573516721 0.11663241616873574 1.8237635814403582E-9 0.10970987053752308
 2.990000 0.06944456383794012 7.301716167783236E-7 0.10130226583616939 0.08155511697391123 3.05303467278675E-7 0.11077325480025677 0.09900632359698132 7.105544535345297E-8 0.11436791104684253 0.1166569389101543 1.5422450786981233E-9 0.1097037251787416
 3.000000 0.06951458087743427 7.348177008130928E-7 0.10137260757256382 0.08159776850980516 3.0674727165616637E-7 0.1108720008363043 0.09904874101579308 7.033562290415647E-8 0.11442241480744725 0.116681135807069 1.2701519336944423E-9 0.1096976500409954
 3.010000 0.06956031675402526 7.385275384241828E-7 0.10142248962552254 0.08164728972858298 3.075678370693891E-7 0.1109104941413587 0.09909389276573231 6.946272834529289E-8 0.11444211972269987 0.11671449953894879 8.804033177267729E-10 0.10969311966976272
 3.020000 0.06958244786154735 7.403691371371987E-7 0.10146171514165118 0.08168475599154204 3.0826404314954815E-7 0.11092560982786111 0.0991297027664058 6.883292644573643E-8 0.1144433499878131 0.11674409240932537 4.859491866223111E-10 0.10968508026504514
 3.030000 0.06959106852725279 7.407610625932196E-7 0.10148999650184606 0.08170718206557026 3.087763663528298E-7 0.11093148244982699 0.09915077750383795 6.861117840315638E-8 0.11443770165322337 0.11676181492828108 2.108187075183044E-10 0.10967510768229596
 3.040000 0.06959150621138668 7.402697637225495E-7 0.10150802995261013 0.08171717514207204 3.090073172413807E-7 0.11093271426472037 0.09915911267542367 6.870396184793016E-8 0.11443102779323383 0.11676792445363932 9.537592597797082E-11 0.10966613617625533
 3.050000 0.06958654356664662 7.392170589617518E-7 0.10151869933887507 0.08171845557192654 3.0895103027669427E-7 0.11093144971229697 0.0991586262705004 6.893449919331617E-8 0.11442542076879693 0.11676583586466523 1.1174997139214972E-10 0.10965962753486677
 3.060000 0.06957808944724753 7.377539600685311E-7 0.10152508252857399 0.08171430139600201 3.0864424189103157E-7 0.11092893799889546 0.09915268668599639 6.916640312183708E-8 0.11442108186126532 0.11675879629792953 2.0823379027985078E-10 0.10965555057437269
 3.070000 0.06956758524729789 7.359864388769372E-7 0.1015293818076751 0.08170713046315103 3.0812930231603535E-7 0.11092588749815674 0.09914370918451888 6.933234104747274E-8 0.11441758237052457 0.11674907132409103 3.3831107528920217E-10 0.109653145221043
 3.080000 0.06955606469216202 7.340067261925563E-7 0.10153285414702777 0.08169854383340461 3.07447703583222E-7 0.11092264932362118 0.09913329547459526 6.941448208239832E-8 0.11441447149564529 0.11673809122316177 4.704988631633807E-10 0.10965158137408597
 3.090000 0.06954419848134437 7.31887885263012E-7 0.10153610984272987 0.0816895055411837 3.0664000921184874E-7 0.1109193715318742 0.09912242532259317 6.941940639227352E-8 0.11441145872420555 0.11672671171294167 5.878668018637264E-10 0.10965027391038562
 3.100000 0.06953236873848312 7.296808413096635E-7 0.10153941161281921 0.08168053169087483 3.057428861596191E-7 0.11091611102505475 0.0991116296381734 6.936229929635906E-8 0.11440840803066661 0.11671540051902751 6.844357362517412E-10 0.10964892161222015
 3.110000 0.0695207531117471 7.274186691818432E-7 0.10154286241984727 0.0816718492038857 3.0478600250433535E-7 0.11091289309082726 0.09910114052726653 6.92595103802393E-8 0.11440528160447196 0.11670436701747798 7.611869715396835E-10 0.10964742216457553
 3.120000 0.06950939951428203 7.251224816684717E-7 0.10154649611351053 0.0816635145198913 3.037912071433605E-7 0.11090973203354733 0.09909101161288701 6.912554653555884E-8 0.11440208816771609 0.11669366091600725 8.225617659445042E-10 0.10964577413289159
 3.130000 0.06949828413329845 7.22805878738867E-7 0.10155031345045955 0.08165549521682894 3.0277363709413624E-7 0.11090663389236342 0.09908120458762282 6.897201732675398E-8 0.11439884983623883 0.11668324670305844 8.738465756094194E-10 0.10964401069912308
 3.140000 0.06948735210365606 7.204776539579507E-7 0.10155429606922389 0.08164772205935793 3.017434300443937E-7 0.11090359575912909 0.09907164484850117 6.880748931164784E-8 0.11439558606600558 0.11667305461002037 9.196212904108059E-10 0.10964216756346418
 3.150000 0.06947654298031215 7.181433890284046E-7 0.10155841443606417 0.08164011944757103 3.0070721243490964E-7 0.11090060716814129 0.09906225327032876 6.863781721555244E-8 0.11439230889104826 0.11666301094389565 9.631525738432461E-10 0.1096402725565764
 3.160000 0.06946580422317342 7.158064476148231E-7 0.10156263471568729 0.08163262102491116 2.996691505756817E-7 0.11089765350616093 0.09905296171872095 6.846667808453386E-8 0.11438902376755344 0.11665305298539227 1.0064122083368001E-9 0.10963834497870553
 3.170000 0.06945509628777077 7.134686663051781E-7 0.10156692465603262 0.08162517573172592 2.986316764070824E-7 0.11089471972054826 0.0990437185273905 6.829615237143239E-8 0.11438573210333672 0.11664313395727122 1.0503828695124575E-9 0.1096363976623405
 3.180000 0.06944439267548176 7.111308582504529E-7 0.10157125757708324 0.08161774825055633 2.97596017401412E-7 0.11089179299966002 0.09903448839381579 6.812723389501714E-8 0.1143824334962086 0.11663322252109562 1.0954160499808976E-9 0.10963443896667877
 3.190000 0.06943367757928269 7.087931949023431E-7 0.10157561409442703 0.08161031663645692 2.965625999892165E-7 0.11088886400662935 0.09902524963786216 6.796023604232596E-8 0.11437912709455651 0.11662329985479016 1.1415227053068997E-9 0.10963247413447826
 3.200000 0.06942294286250777 7.064554842955314E-7 0.10157998193688332 0.08160286895925048 2.955313648820263E-7 0.11088592690991647 0.0990159906382251 6.779508671427949E-8 0.11437581219154097 0.11661335613716134 1.1885643843706767E-9 0.1096305061872519
 3.210000 0.0694121853058944 7.041173645365795E-7 0.10158435460237979 0.08159540002155521 2.9450199942177815E-7 0.11088297871281037 0.09900670645740287 6.763152965877574E-8 0.11437248836224698 0.11660338737605547 1.2363665838730404E-9 0.10962853658883928
 3.220000 0.06940140448872481 7.017784306275329E-7 0.10158872960179109 0.08158790866317815 2.9347409551433897E-7 0.11088001835079006 0.09899739611838689 6.746925024233679E-8 0.11436915540677817 0.11659339294613118 1.284767408183821E-9 0.10962656578473959
 3.230000 0.06939060134044156 6.994383059944959E-7 0.10159310682432662 0.08158039580236848 2.924472506460455E-7 0.11087704586445078 0.09898806065088354 6.73079461785699E-8 0.11436581325217679 0.1165833738781959 1.3336357023795588E-9 0.10962459363459254
 3.240000 0.06937977725015018 6.970966791603782E-7 0.10159748729073426 0.08157286316124662 2.9142111572547797E-7 0.11087406178641605 0.09897870183424406 6.71473613393231E-8 0.1143624618760694 0.11657333178770837 1.3828749093582538E-9 0.10962261972983253
 3.250000 0.06936893358149461 6.947533144333083E-7 0.10160187234792913 0.08156531253257748 2.903954180405246E-7 0.11087106676002338 0.0989693214831327 6.698729759980021E-8 0.11435910126421069 0.11656326828010886 1.4324169918827304E-9 0.10962064359888876
 3.260000 0.06935807145346888 6.924080488916712E-7 0.10160626323583867 0.08155774542642691 2.893699603346396E-7 0.11086806134521447 0.09895992110944099 6.682761097618624E-8 0.11435573139395111 0.11655318467667745 1.482214635563333E-9 0.10961866481861277
 3.270000 0.0693471916793312 6.900607836971357E-7 0.10161066091319138 0.08155016295471622 2.883446119391988E-7 0.11086504594911871 0.09895050181718482 6.666820357951513E-8 0.1143523522320597 0.11654308193467716 1.5322373769346324E-9 0.10961668305908069
 3.280000 0.06933629478853373 6.877114657695999E-7 0.10161506603459267 0.0815425658459805 2.873192927347787E-7 0.1108620208257991 0.0989410643233261 6.650901337411924E-8 0.11434896373815569 0.11653296067091232 1.5824657905994508E-9 0.10961469808823002
 3.290000 0.06932538108371607 6.853600820320913E-7 0.10161947899863133 0.08153495451773188 2.862939622275021E-7 0.11085898610587756 0.09893160903320276 6.635000468404361E-8 0.11434556586886026 0.11652282122944836 1.6328874080734649E-9 0.10961270975683518
 3.300000 0.06931445070484345 6.830066442819023E-7 0.10162390001711694 0.08152732916293612 2.8526860654563066E-7 0.11085594183285782 0.09892213612828837 6.619115861725631E-8 0.11434215858069513 0.11651266375867535 1.683496417448857E-9 0.10961071797712992
 3.310000 0.06930350368625104 6.806511815130079E-7 0.10162832917979081 0.08151968982817241 2.8424322851126524E-7 0.1108528879950261 0.09891264564472037 6.603246854700559E-8 0.11433874183143562 0.1165024882799521 1.7342896835505959E-9 0.10960872270232855
 3.320000 0.0692925400010092 6.782937334207094E-7 0.10163276650467515 0.08151203647461677 2.8321784247786817E-7 0.11084982454927814 0.098903137534261 6.587393248376159E-8 0.11433531558032775 0.11649229474092376 1.785264752920788E-9 0.1096067239101432
 3.330000 0.06928155959200201 6.759343453606423E-7 0.1016372119728769 0.08150436902073656 2.8219246790353747E-7 0.11084675143703893 0.0988936117068342 6.57155525627239E-8 0.11433187978770705 0.11648208305280536 1.8364203235446496E-9 0.10960472159096975
 3.340000 0.06927056239159822 6.735730676069485E-7 0.1016416655503888 0.08149668736930453 2.8116712769575173E-7 0.11084366859390822 0.09888406805735621 6.55573322096665E-8 0.11432843441446951 0.11647185311393539 1.8877551442339583E-9 0.10960271574023572
 3.350000 0.06925954833267407 6.712099522006718E-7 0.10164612720040841 0.08148899142259242 2.8014184487649396E-7 0.11084057595491743 0.09887450648076003 6.539927632883195E-8 0.11432497942161388 0.11646160482296275 1.939269499224002E-9 0.10960070635396195
 3.360000 0.06924851735371994 6.688450493451261E-7 0.10165059688937496 0.08148128108951966 2.791166428968343E-7 0.11083747345696998 0.09886492687899757 6.524138830636095E-8 0.11432151476995617 0.11645133808495982 1.9909622123146847E-9 0.10959869342657305
 3.370000 0.06923746940030946 6.664784098449614E-7 0.10165507458919254 0.0814735562878567 2.7809154389529647E-7 0.11083436103963275 0.098855329163123 6.5083671323906E-8 0.11431804042000485 0.11644105281318796 2.0428316636891987E-9 0.10959667695011929
 3.380000 0.06922640442460974 6.641100848563539E-7 0.10165956027735418 0.08146581694375099 2.770665708987537E-7 0.11083123864504989 0.09884571325272558 6.492612729648897E-8 0.11431455633193405 0.11643074892853095 2.0948764007331027E-9 0.10959465691429848
 3.390000 0.06921532238405326 6.617401233026467E-7 0.10166405393606733 0.08145806299007768 2.760417448275812E-7 0.11082810621746068 0.09883607907421334 6.47687586112402E-8 0.11431106246561737 0.11642042635791804 2.1470950750648272E-9 0.10959263330684609
 3.400000 0.06920422323983728 6.593685757838797E-7 0.10166855555105368 0.08145029436451301 2.750170862220901E-7 0.11082496370260618 0.09882642655884397 6.461156729730188E-8 0.11430755878067762 0.11641008503254373 2.1994854829972905E-9 0.10959060611402928
 3.410000 0.06919310695559586 6.569954904190565E-7 0.10167306511037169 0.08144251100779785 2.739926149460329E-7 0.11082181104717208 0.09881675564096452 6.445455301246239E-8 0.11430404523652339 0.11639972488629118 2.252045618188566E-9 0.10958857532111113
 3.420000 0.06918197349637152 6.546209156851642E-7 0.1016775826034418 0.08143471286237838 2.729683509471621E-7 0.11081864819833268 0.09880706625664001 6.429771728671396E-8 0.11430052179238044 0.11638934585450739 2.3047724186894983E-9 0.10958654091271956
 3.430000 0.06917082282790565 6.522449010017971E-7 0.10168210802031866 0.08142689987144942 2.7194431264930624E-7 0.1108154751034196 0.098797358342698 6.41410615400699E-8 0.11429698840730522 0.11637894787315609 2.3576644213247564E-9 0.1095845028731086
 3.440000 0.06915965491619164 6.498674939665667E-7 0.10168664135119765 0.08141907197834752 2.709205205070101E-7 0.1108122917096974 0.09878763183612259 6.398458494777059E-8 0.1142934450401893 0.11636853087828829 2.4107193934882902E-9 0.10958246118632625
 3.450000 0.0691484697272293 6.474887429350568E-7 0.10169118258611717 0.08141122912620703 2.698969930638387E-7 0.11080909796423147 0.09877788667371672 6.382828796773878E-8 0.11428989164976279 0.11635809480574494 2.4639348452024472E-9 0.10958041583631162
 3.460000 0.06913726722691552 6.451086964055267E-7 0.10169573171479558 0.08140337125779998 2.6887374923822753E-7 0.11080589381381709 0.09876812279194754 6.367217057667277E-8 0.11428632819459253 0.11634763959102636 2.5173071596896973E-9 0.10957836680693984
 3.470000 0.0691260473810156 6.427274030648575E-7 0.1017002887265678 0.08139549831548655 2.678508077053063E-7 0.11080267920495723 0.09875834012690125 6.351623332893169E-8 0.11428275463307555 0.11633716516925742 2.5708350384358883E-9 0.10957631408203809
 3.480000 0.06911481015517873 6.403449114801298E-7 0.10170485361037264 0.08138761024122854 2.6682818731838497E-7 0.110799454083858 0.09874853861429936 6.336047599059408E-8 0.11427917092344324 0.11632667147520213 2.624514709536903E-9 0.1095742576453828
 3.490000 0.06910355551497245 6.379612686889837E-7 0.10170942635476708 0.08137970697662772 2.658059071718521E-7 0.1107962183964397 0.09873871818954034 6.320489933620843E-8 0.11427557702375844 0.11631615844330305 2.67834542410943E-9 0.10957219748069072
 3.500000 0.06909228342591943 6.355765248169541E-7 0.10171400694795718 0.08137178846297166 2.647839861281129E-7 0.11079297208835406 0.09872887878774694 6.304950293150257E-8 0.11427197289191407 0.11630562600772419 2.732323561716284E-9 0.10957013357160636
 3.510000 0.06907980985480595 6.330314515011065E-7 0.10172041784663768 0.081363724433886 2.6375878332295514E-7 0.11078921002803015 0.09871846442468603 6.290401585227592E-8 0.11426747159432356 0.1162941792984406 2.789486071004236E-9 0.10956729294703219
 3.520000 0.06906572187293589 6.301333097452632E-7 0.10172825318344166 0.08135496078272576 2.62686867532053E-7 0.11078502052028871 0.09870697617765727 6.278491799683573E-8 0.11426216932916733 0.11628148426985034 2.8626001082476963E-9 0.10956379413723367
 3.530000 0.0690503610233033 6.269979301756537E-7 0.10173655666134296 0.08134520454957395 2.615231574572491E-7 0.11078061795431243 0.09869433598575109 6.268870255344066E-8 0.11425651020149301 0.11626761129977231 2.9552144415454154E-9 0.10956004129220702
 3.540000 0.06903416791067177 6.237300556658344E-7 0.10174468999157521 0.08133452613122807 2.602640362755087E-7 0.11077607672191331 0.0986807336182467 6.259342299843099E-8 0.11425081467342933 0.11625280372049597 3.0613435948112743E-9 0.10955635058052753
 3.550000 0.06901746280668926 6.203714884891898E-7 0.10175243905868632 0.0813231557869468 2.5893003315417653E-7 0.11077139005854868 0.09866642950660692 6.247893065758099E-8 0.11424519551349163 0.11623734131417002 3.1721256587793225E-9 0.109552858852361
 3.560000 0.06900045177714435 6.169414153758384E-7 0.10175983221115392 0.08131133052138391 2.575404583133085E-7 0.11076655643928943 0.09865166247758175 6.233682609155315E-8 0.11423964138875571 0.11622146527113637 3.2808741322174934E-9 0.10954956115158489
 3.570000 0.06898326428694246 6.13456657609842E-7 0.10176697889004828 0.08129923678644321 2.561089540871E-7 0.11076159865912137 0.0986366190681688 6.216826849701692E-8 0.11423410596049906 0.11620535162356964 3.3843500305718462E-9 0.1095463880499562
 3.580000 0.06896597973224058 6.099324450747297E-7 0.10177398978701825 0.08128700175598201 2.5464597965406486E-7 0.11075655069021842 0.0986214282873398 6.197856116146589E-8 0.11422855322711578 0.11618911393994717 3.481930423125651E-9 0.10954326696299954
 3.590000 0.06894864440603066 6.063810004088744E-7 0.10178094825276031 0.08127470272830513 2.531604947460424E-7 0.11075144412066557 0.09860616870964596 6.177353745107512E-8 0.11422296716024542 0.116172817363416 3.5743839993763876E-9 0.10954014962045656
 3.600000 0.06893128262324916 6.028114038444997E-7 0.10178790688268159 0.08126238060721229 2.516600195802174E-7 0.11074630191763572 0.09859088105551098 6.155813712961366E-8 0.11421734568686971 0.11615649390785146 3.662991067235151E-9 0.10953701377393792
 3.610000 0.06891390440943697 5.992301462834977E-7 0.10179489343509149 0.08125005238587733 2.5015040484122604E-7 0.11074113766409337 0.09857558120717336 6.133613801491174E-8 0.11421169249580568 0.11614015510236035 3.749056087833684E-9 0.10953385411514607
 3.620000 0.06889651106371553 5.956417429270369E-7 0.1018019188260131 0.08123772096218494 2.4863587520574425E-7 0.11073595736927494 0.09856027083295757 6.11102775931332E-8 0.11420601177595142 0.11612380115297782 3.8336781639923455E-9 0.10953067285331086
 3.630000 0.06887909926360095 5.92066475566125E-7 0.10180898429932553 0.08122538223634054 2.4711469570436685E-7 0.11073076213278052 0.0985449448368036 6.087966941078905E-8 0.11420030614179315 0.11610742700044417 3.915954724998827E-9 0.10952747386784563
 3.640000 0.06886166364638051 5.884536129276159E-7 0.10181608608081665 0.08121302904811377 2.456010064615205E-7 0.11072555022099759 0.09852959577022186 6.065120089007259E-8 0.11419457658493803 0.11609102589385693 3.998553015835464E-9 0.10952426032015622
 3.650000 0.06884419892819439 5.848552611836943E-7 0.10182321881546119 0.08120065429628442 2.4408920170756423E-7 0.11072031876668978 0.09851421632666772 6.04249106229244E-8 0.11418882303308672 0.11607459136822196 4.08274273421126E-9 0.10952103426595526
 3.660000 0.06882670063500991 5.812645048813626E-7 0.10183037750858123 0.08118825197091045 2.4257917699204834E-7 0.11071506499840371 0.0984988004629314 6.01997737880836E-8 0.11418304497737819 0.11605811810538053 4.1682840062471286E-9 0.10951779692014842
 3.670000 0.06880916540570876 5.776750529135613E-7 0.10183755822108294 0.08117581754317499 2.4107133237408854E-7 0.11070978671213279 0.09848334367414299 5.997498281181122E-8 0.11417724186601133 0.11604160215042171 4.25429421137353E-9 0.10951454901186704
 3.680000 0.06879159094940378 5.740852547248365E-7 0.10184475823569057 0.0811633478888985 2.3956540213760147E-7 0.1107044823545781 0.09846784287064289 5.975045541579661E-8 0.11417141327660722 0.11602504078799973 4.340314563172764E-9 0.10951129100615253
 3.690000 0.06877397584849314 5.704955206934457E-7 0.10185197586145481 0.08115084102977596 2.380611539561267E-7 0.11069915093097607 0.09845229609397312 5.9526235913350127E-8 0.11416555893123599 0.11600843228686844 4.426296105487728E-9 0.10950802320281244
 3.700000 0.06875631931458889 5.66906263081461E-7 0.101859210171308 0.0811382958176045 2.365586305758923E-7 0.11069379184699336 0.09843670220158722 5.930232465154323E-8 0.11415967864832349 0.11599177562276701 4.512319578519278E-9 0.10950474577341689
 3.710000 0.06873862096762962 5.633177388728372E-7 0.10186646073568317 0.08112571164916128 2.3505796508479813E-7 0.11068840475713856 0.09842106058599383 5.9078701726418635E-8 0.11415377228952923 0.11597507023465406 4.598435670865402E-9 0.10950145878351719
 3.720000 0.06872088066473753 5.597301049063506E-7 0.10187372741122087 0.08111308824141673 2.335592689732408E-7 0.1106829894486577 0.09840537095489206 5.8855363383559084E-8 0.11414783972468379 0.11595831583477531 4.684654188543876E-9 0.10949816221773208
 3.730000 0.06870309838163575 5.561435084824483E-7 0.10188101019312484 0.08110042547306806 2.3206261513376062E-7 0.11067754576595513 0.09838963317559997 5.8632321673496945E-8 0.11414188081607139 0.11594151227427806 4.7709689165853015E-9 0.10949485600766891
 3.740000 0.06868527413804826 5.525581107311613E-7 0.10188830912496079 0.08108772328338484 2.3056806161836212E-7 0.11067207356794045 0.09837384717525643 5.8409588641870244E-8 0.11413589541533008 0.11592465945661647 4.85737168760438E-9 0.10949154005716599
 3.750000 0.06866740795563407 5.489740843708147E-7 0.10189562425052633 0.08107498161468658 2.2907567094714057E-7 0.11066657270767989 0.09835801288374549 5.818717205133182E-8 0.11412988336591998 0.11590775728762141 4.943854274208471E-9 0.10948821426084358
 3.760000 0.06864949983784295 5.453916117366699E-7 0.10190295559283978 0.08106220038469641 2.2758550947762343E-7 0.11066104302502497 0.09834213020617583 5.79650736001363E-8 0.11412384450662434 0.1158908056511354 5.030407043179143E-9 0.1094848785151171
 3.770000 0.06863154976331173 5.418108738433594E-7 0.10191030314839225 0.08104937947742123 2.260976467204017E-7 0.11065548434574762 0.09832619901383646 5.774329401800764E-8 0.11411777867413636 0.11587380440082687 5.117018349095595E-9 0.10948153272306695
 3.780000 0.06861355768676404 5.382320502918851E-7 0.10191766688879106 0.08103651874420745 2.2461215093902693E-7 0.11064989648335204 0.09831021914536105 5.752183254016324E-8 0.11411168570439525 0.11585675336108184 5.203677105640441E-9 0.10947817679532983
 3.790000 0.06859552354338935 5.346553170086258E-7 0.10192504676519053 0.0810236180094155 2.231290894894983E-7 0.110644279241626 0.09829419041253537 5.730068824401999E-8 0.11410556543300811 0.11583965233211935 5.290370439788838E-9 0.10947481064896893
 3.800000 0.06857744725422207 5.310808472073228E-7 0.10193244271316476 0.08101067707736022 2.2164852745384595E-7 0.11063863241708523 0.09827811260736671 5.7079860846765266E-8 0.11409941769522083 0.11582250109630056 5.377087132204211E-9 0.10947143420566402
 3.810000 0.06855932873116612 5.275088112780228E-7 0.10193985465701857 0.0809976957387439 2.2017052682308412E-7 0.11063295580102961 0.0982619855086167 5.6859348828132484E-8 0.11409324232575023 0.11580529942399867 5.463814558343348E-9 0.10946804738995486
 3.820000 0.06854116788105617 5.239393775933691E-7 0.10194728251320923 0.08098467377582776 2.1869514921744662E-7 0.11062724918115151 0.09824580888704275 5.6639150817821583E-8 0.11408703915864671 0.11578804707831733 5.550541300954114E-9 0.10946465012784042
 3.830000 0.06852296460860907 5.20372712189514E-7 0.1019547261928773 0.08097161096618563 2.172224553345775E-7 0.11062151234273383 0.09822958250918731 5.6419264326831576E-8 0.11408080802722412 0.11577074381849622 5.637254764447522E-9 0.10946124234578694
 3.840000 0.06850471881837501 5.168089820197615E-7 0.10196218560359656 0.08095850708518919 2.157525037502418E-7 0.11061574506948778 0.09821330613988105 5.619968763540198E-8 0.11407454876404957 0.11575338940215692 5.723943836000677E-9 0.10945782397009113
 3.850000 0.06848643041590588 5.132483501543729E-7 0.10196966065049808 0.08094536190750434 2.142853529990036E-7 0.11060994714411011 0.09819697954374039 5.5980417507016683E-8 0.11406826120097013 0.1157359835866294 5.8105964539292645E-9 0.1094543949265102
 3.860000 0.0684680993083609 5.096909815559379E-7 0.10197715123691128 0.08093217520787518 2.128210605506188E-7 0.1106041183486087 0.09818060248595002 5.5761450906914944E-8 0.1140619451691462 0.11571852612964115 5.897199582975837E-9 0.10945095514006878
 3.870000 0.0684497254047589 5.061370401282436E-7 0.1019846572646755 0.0809189467614541 2.1135968435030869E-7 0.11059825846447519 0.09816417473258879 5.554278508507609E-8 0.11405560049908402 0.11570101678959681 5.983740833085317E-9 0.10944750453498495
 3.880000 0.06843130861602292 5.025866906777499E-7 0.1019921786342281 0.08090567634386411 2.0990128248969281E-7 0.11059236727275129 0.09814769605069314 5.532441609649085E-8 0.11404922702066239 0.11568345532562628 6.070207835957019E-9 0.10944404303465513
 3.890000 0.06841284885493064 4.990400950232492E-7 0.10199971524456941 0.08089236373113053 2.084459117286717E-7 0.11058644455403815 0.09813116620818964 5.5106340635487177E-8 0.11404282456314879 0.11566584149752134 6.156588199135946E-9 0.10944057056167593
 3.900000 0.06839434603603156 4.954974165685891E-7 0.10200726699316626 0.08087900869956577 2.0699362700885004E-7 0.1105804900884747 0.09811458497378577 5.488855516824903E-8 0.11403639295521831 0.11564817506563711 6.2428688424064295E-9 0.10943708703787738
 3.910000 0.06837580007556919 4.91958816417416E-7 0.10201483377583984 0.08086561102565747 2.0554448603566598E-7 0.1105745036557143 0.09809795211686505 5.46710558895835E-8 0.11402993202496281 0.1156304557908016 6.3290368539525785E-9 0.10943359238435453
 3.920000 0.06835721089142503 4.884244571698175E-7 0.10202241548666303 0.08085217048598 2.040985454091885E-7 0.1105684850349081 0.09808126740740858 5.445384055347088E-8 0.11402344159990435 0.11561268343424859 6.4150788778217685E-9 0.10943008652149863
 3.930000 0.06833857840309163 4.848945020273008E-7 0.10203001201787429 0.0808386868571436 2.0265586087607083E-7 0.11056243400469444 0.09806453061595173 5.4236904375028066E-8 0.11401692150700865 0.1155948577575848 6.500982580645624E-9 0.10942656936901678
 3.940000 0.0683199025316644 4.813691125247536E-7 0.10203762325981484 0.08082515991576765 2.0121648902007023E-7 0.11055635034320407 0.09804774151357018 5.4020244505228936E-8 0.11401037157269941 0.11557697852278102 6.586735021999879E-9 0.10942304084594834
 3.950000 0.06830118319985737 4.778484487904936E-7 0.1020452491008828 0.08081158943848328 1.9978048599037127E-7 0.11055023382807341 0.09803089987189267 5.3803857881608595E-8 0.11400379162287277 0.11555904549219001 6.672322785387385E-9 0.10941950087067434
 3.960000 0.0682824203320311 4.7433267360024253E-7 0.10205288942750107 0.0807979752019537 1.9834790689131774E-7 0.11054408423646711 0.09801400546313115 5.358774146103795E-8 0.11399718148291667 0.11554105842857752 6.757733623198515E-9 0.10941594936092451
 3.970000 0.06826361385423016 4.708219475133165E-7 0.10206054412409667 0.08078431698290572 1.969188076897366E-7 0.11053790134510416 0.09799705806012517 5.337189128012472E-8 0.11399054097772793 0.11552301709516802 6.84295391285332E-9 0.10941238623377857
 3.980000 0.06824476369422802 4.673164307072131E-7 0.10206821307308277 0.08077061455817179 1.9549324336717165E-7 0.11053168493029025 0.09798005743639342 5.3156304236626126E-8 0.11398386993172986 0.1155049212556949 6.927970536132798E-9 0.10940881140567088
 3.990000 0.06822586978157007 4.638162826710439E-7 0.10207589615485264 0.08075686770473442 1.9407126934672408E-7 0.11052543476795201 0.09796300336619145 5.294097760842671E-8 0.11397716816889378 0.11548677067445923 7.0127699130146546E-9 0.10940522479239095
 4.000000 0.06820693204762697 4.6032166440129815E-7 0.10208359324776474 0.08074307619977558 1.926529410028863E-7 0.11051915063367124 0.09794589562457004 5.272590769008644E-8 0.11397043551275716 0.11546856511638677 7.09733933281924E-9 0.10940162630908412
 4.010000 0.06818006442666183 4.5582166019814435E-7 0.1021052734003015 0.08072844045412927 1.9128195990215588E-7 0.11050852942223652 0.09792465494418098 5.258080761278257E-8 0.11395682005150828 0.11544364280117632 7.205189849421581E-9 0.10939219901030776
 4.020000 0.068141622469564 4.4901396916525625E-7 0.10213889434144191 0.08070881643190947 1.896773160580516E-7 0.11049412585522869 0.09789537241355979 5.262170866728452E-8 0.11393660284125173 0.11540931196534669 7.425986722142479E-9 0.10937763531005058
 4.030000 0.06809340941034603 4.406291118454902E-7 0.10217696445286827 0.08068164799934754 1.8752775287890845E-7 0.11047766406962321 0.0978571486523783 5.2835388965886375E-8 0.11391296057164066 0.1153657942143069 7.782705563196832E-9 0.10936079624257732
 4.040000 0.06803830637183192 4.313908304367862E-7 0.10221412445852852 0.08064708355094083 1.847898429681201E-7 0.11045979744443868 0.0978111222217483 5.307705270665074E-8 0.11388842426861033 0.11531464557448534 8.233252174499659E-9 0.10934404982818739
 4.050000 0.06797859258534053 4.216182081603507E-7 0.10224833206166381 0.08060663148486724 1.815867122995743E-7 0.11044049238331051 0.0977590922596452 5.320398611129513E-8 0.11386404098489178 0.11525782681126004 8.71568867260883E-9 0.10932853933471155
 4.060000 0.06791586136750029 4.114551368964183E-7 0.1022795878384347 0.0805620232930962 1.7804472766951043E-7 0.11041971572852181 0.09770282318125748 5.314862302439663E-8 0.11383986716065557 0.11519713876704568 9.182026024100679E-9 0.10931436068522886
 4.070000 0.06785119963472387 4.010149548123142E-7 0.1023086721452304 0.08051471490070297 1.7425389789333223E-7 0.11039762707683398 0.09764376919403099 5.2910047742282044E-8 0.11381561685277146 0.11513397038790728 9.607160068987036E-9 0.10930107647713824
 4.080000 0.06778532993174549 3.903998638975784E-7 0.10233646251443672 0.08046575868193064 1.702827622412767E-7 0.1103744939260419 0.0975829895958603 5.251924570939649E-8 0.11379103256633695 0.11506926883561355 9.983872025922266E-9 0.10928816725451757
 4.090000 0.06771871043772296 3.7969461652871203E-7 0.1023636608047904 0.08041583426129972 1.6619066537884786E-7 0.11035058134248531 0.09752117019797628 5.2013735271799396E-8 0.113765989456487 0.11500361466151773 1.0315030606268578E-8 0.10927525922252927
 4.100000 0.06765161016319417 3.6896466889516955E-7 0.10239073420258672 0.0803653317032687 1.6202901228623638E-7 0.11032609316419756 0.09745869992675714 5.142666405380643E-8 0.11374046674742327 0.11493732326995557 1.0607831343900517E-8 0.10926216143965613
 4.110000 0.06758416710715318 3.5825881906308255E-7 0.10241794633726063 0.08031443999545661 1.5783930162264465E-7 0.11030115820746968 0.09739576142465818 5.0784223659507895E-8 0.11371449028998935 0.11487053639255985 1.0870468951698209E-8 0.10924881225599786
 4.120000 0.06751643357672991 3.4761287810707585E-7 0.10244541494740002 0.08026322183978939 1.53652684745596E-7 0.11027584031064525 0.09733241041809325 5.010604922213191E-8 0.1136880915068569 0.11480329226841957 1.1110369196544741E-8 0.10923521315822843
 4.130000 0.06744841090477927 3.3705299524261017E-7 0.10247316709639057 0.08021166933454685 1.4949137041493014E-7 0.11025015694650758 0.09726863429372333 4.9406280251631687E-8 0.11366128962664974 0.11473557433108428 1.1333352710852345E-8 0.10922138395887426
 4.140000 0.06738007470960639 3.265983586594503E-7 0.10250118155010549 0.08015974148819248 1.4537073530747344E-7 0.11022409792445609 0.09720439022815479 4.869464630970136E-8 0.11363408952248776 0.11466734221549195 1.1543401941132592E-8 0.10920734234923116
 4.150000 0.06731139175532863 3.1626327050697135E-7 0.10252941697974874 0.08010738711420232 1.4130127889077156E-7 0.11019764023672685 0.0971396274058255 4.7977479473786195E-8 0.11360648620189259 0.11459854978966098 1.1742827591027667E-8 0.10919309891734169
 4.160000 0.06724232989568721 3.060586527788659E-7 0.10255782839923537 0.08005455722658 1.3729012517856086E-7 0.11017075792306141 0.09707429846596047 4.7258610026121683E-8 0.1135784701851659 0.1145291544781492 1.1932641514810558E-8 0.10917865856734695
 4.170000 0.06717286290650827 2.959931087482981E-7 0.10258637522990953 0.08000121058951751 1.3334209418274066E-7 0.11014342745558414 0.09700836435553416 4.6540139412345293E-8 0.11355003131380699 0.11445912120393632 1.2112974109574962E-8 0.10916402303047522
 4.180000 0.06710297055345374 2.860889893052723E-7 0.10261502346370382 0.07994731501054876 1.294541169497662E-7 0.11011562988411516 0.09694179544977086 4.58206041412154E-8 0.11352116042125278 0.11438842328922764 1.2282449472913976E-8 0.10914919250979822
 4.190000 0.06703264137559496 2.7632047577264313E-7 0.10264374833219657 0.07989284645667417 1.2564047971636578E-7 0.11008735125442913 0.0968745705527651 4.5103894865411065E-8 0.11349185030493714 0.11431704150467331 1.2441206063346677E-8 0.10913416645584711
 4.200000 0.06696186967724087 2.667077204935703E-7 0.10267252766590818 0.07983778872386685 1.2190050331057172E-7 0.1100585808712504 0.09680667582678816 4.439085307785768E-8 0.11346209518905928 0.11424496313455634 1.258944708834376E-8 0.109118943805737
 4.210000 0.06689065406579182 2.5725969547716555E-7 0.1027013447684369 0.07978213100546667 1.1823159688973128E-7 0.11002931116229418 0.09673810316245125 4.3680426103792805E-8 0.1134318903454768 0.11417218060936236 1.2726627927120328E-8 0.10910352294044794
 4.220000 0.0668189961546567 2.479780897002143E-7 0.10273018555459032 0.07972586630045185 1.1463377184615743E-7 0.1099995369010456 0.0966688485638982 4.2971115884098767E-8 0.11340123175797125 0.11409869014794519 1.2851584641643227E-8 0.10908790177157725
 4.230000 0.06674689970650727 2.3886517719106003E-7 0.10275903720329592 0.07966899023049624 1.1110767552955832E-7 0.10996925436692599 0.09659891090243371 4.226182962707169E-8 0.11337011596360648 0.11402449068062315 1.2963144171581837E-8 0.10907207791949856
 4.240000 0.06667436987075313 2.2992453957590798E-7 0.10278788725084578 0.0796115001553814 1.076538560131979E-7 0.10993846091104159 0.09652829103914576 4.1551867107212045E-8 0.11333853999470395 0.11394958308883066 1.306036029155111E-8 0.1090560489119335
 4.250000 0.06660141265884133 2.211602376971825E-7 0.10281672310587833 0.07955339458415059 1.0427282439076595E-7 0.10990715474540294 0.09645699124550879 4.084070229858557E-8 0.11330650137804797 0.11387396970745314 1.3142457240622128E-8 0.1090398123540488
 4.260000 0.06652803462292825 2.125763505702067E-7 0.10284553179409144 0.07949467283210894 1.0096512546013886E-7 0.10987533486410592 0.09638501486248911 4.0127856395475297E-8 0.11327399816791237 0.1137976540312887 1.3208727413301066E-8 0.1090233660529515
 4.270000 0.06645424268149913 2.0417689284583606E-7 0.10287429985169401 0.0794353348561175 9.773131060562258E-8 0.10984300104355291 0.09631236613622303 3.9412857316500545E-8 0.11324102899425433 0.1137206405735935 1.3258473048621287E-8 0.10900670810049884
 4.280000 0.06638004404399538 1.9596583898113604E-7 0.10290301331477772 0.07937538120933002 9.457190389569837E-8 0.10981015388629935 0.09623905017240975 3.869522139929965E-8 0.11320759311503004 0.11364293482912137 1.3290988842193472E-8 0.10898983692567227
 4.290000 0.06630544619786312 1.879471409078651E-7 0.10293165776678026 0.07931481306900331 9.14873813979323E-8 0.10977679488793954 0.09616507296286159 3.797443951639399E-8 0.11317369046811608 0.1135645433014798 1.3305553812500023E-8 0.1089727513277918
 4.300000 0.06623045693163661 1.8012472311953007E-7 0.1029602184203207 0.07925363230383489 8.847816570289507E-8 0.10974292651638315 0.09609044145054724 3.724996996784936E-8 0.11313932172215382 0.11348547356446652 1.3301433356542709E-8 0.10895545049906333
 4.310000 0.06615508437659323 1.725024665812447E-7 0.10298868022067652 0.0791918415586373 8.55446224240714E-8 0.10970855229830039 0.09601516361082213 3.6521237185957904E-8 0.11310448832691575 0.11340573433660935 1.3277880189929198E-8 0.10893793404180499
 4.320000 0.06607933705693655 1.6508418217036826E-7 0.1030170279649765 0.07912944434303623 8.268705149264873E-8 0.10967367691024836 0.09593924853530987 3.5787632955128186E-8 0.1130691925636504 0.11332533555590747 1.3234138380776722E-8 0.10892020198303025
 4.330000 0.06600322394444055 1.5787357955814292E-7 0.10304524643505006 0.07906644511740579 7.99056771378333E-8 0.10963830627332977 0.09586270651115258 3.504852627306064E-8 0.11303343759531066 0.11324428844745897 1.3169453144454785E-8 0.10890225478723807
 4.340000 0.06592675451803114 1.5087422348176467E-7 0.10307332054394891 0.079002849373811 7.720063220354177E-8 0.10960244765078214 0.09578554909257013 3.4303268890464164E-8 0.11299722751612394 0.11316260558056261 1.308307885954383E-8 0.10888409336713781
 4.350000 0.06584993883229927 1.4408948327088078E-7 0.10310123549750219 0.07893866371295395 7.45719386758152E-8 0.10956610974802211 0.09570778916442065 3.3551204345856026E-8 0.11296056739974623 0.11308030091441296 1.2974292762618573E-8 0.1088657190914685
 4.360000 0.06577278760141114 1.37522456901461E-7 0.10312897697308908 0.07887389592032962 7.201948507830972E-8 0.10952930281441746 0.09562944099915005 3.2791672343997485E-8 0.11292346334510908 0.1129973898330599 1.284240442286117E-8 0.10884713378879927
 4.370000 0.06569531230632578 1.3117587668349398E-7 0.10315653131815498 0.07880855504620413 6.954298994151978E-8 0.10949203874547152 0.09555052030946336 3.202401648126195E-8 0.11288592251896515 0.11291388917121684 1.2686769649768841E-8 0.10882833974617415
 4.380000 0.06561752533348154 1.2505199009451402E-7 0.10318388577079594 0.07874265149468347 6.714195897430298E-8 0.10945433118321171 0.09547104429939546 3.1247585171710936E-8 0.11284795319394522 0.11282981723292188 1.2506803959497379E-8 0.10880933970156874
 4.390000 0.06553944015160922 1.191524141618929E-7 0.10321102870358133 0.07867619712679977 6.481563460271444E-8 0.1094161956113392 0.09539103171621204 3.046173471012338E-8 0.11280956478068306 0.11274519380509686 1.23019967892841E-8 0.10879013682936556
 4.400000 0.06546107152993545 1.1347795926761798E-7 0.10323794988964487 0.0786092053811111 6.25629367571592E-8 0.10937764944031704 0.09531050290469241 2.9665831561903543E-8 0.11277076785224424 0.11266004016763653 1.2071925988263141E-8 0.10877073471842952
 4.410000 0.06538243579546517 1.0802843472923793E-7 0.1032646407868919 0.0785416914125436 6.038239659493652E-8 0.10933871207626943 0.09522947986379729 2.8859250877604908E-8 0.1127315741587886 0.11257437910082574 1.1816271506712649E-8 0.1087511373428877
 4.420000 0.06530355111956666 1.0280243275875271E-7 0.1032910948320611 0.07847367224616464 5.827208556214587E-8 0.10929940496655939 0.09514798630350471 2.804137512655078E-8 0.1126919966301879 0.11248823488952739 1.1534832481883338E-8 0.10873134902630492
 4.430000 0.06522443781557118 9.779711151738594E-8 0.10331730773185509 0.0784051669375316 5.622954327332746E-8 0.10925975161465876 0.09506604769688373 2.7211591408089593E-8 0.11265204936427711 0.1124016333217793 1.1227541545544636E-8 0.10871137440062309
 4.440000 0.0651451186210722 9.300798828449385E-8 0.10334327773410122 0.07833619672595044 5.4251710233340823E-8 0.10921977755757893 0.09498369131961214 2.6369284975653948E-8 0.1126117475987122 0.11231460167740401 1.0894476854170078E-8 0.10869121836180963
 4.450000 0.06506561893286956 8.842876392967712E-8 0.1033690058587627 0.07826678516237599 5.2334863727018845E-8 0.10917951030092875 0.09490094626667951 2.5513830239166577E-8 0.11257110766495679 0.11222716870024406 1.0535869522597177E-8 0.10867088602460172
 4.460000 0.06498596696100721 8.405119646952316E-8 0.1033944960675025 0.07819695819101966 5.0474568192067283E-8 0.1091389792094294 0.09481784343458131 2.4644572527315163E-8 0.11253014692384468 0.11213936454623752 1.015210699281502E-8 0.10865038267887153
 4.470000 0.06490619377214842 7.986504669838944E-8 0.10341975535191007 0.07812674416393736 4.866564410074297E-8 0.10909821535408995 0.09473441545746195 2.3760808168595306E-8 0.11248888368325798 0.11205122069908463 9.743725864325692E-9 0.1086297137499119
 4.480000 0.06482633320179756 7.585810343799223E-8 0.10344479372481168 0.07805617377154109 4.6902161034977306E-8 0.10905725132067137 0.09465069658776382 2.2861756326934748E-8 0.11244733709965668 0.11196276984623524 9.311398191108064E-9 0.10860888476437938
 4.490000 0.06474642162807494 7.201630184013167E-8 0.10346962410584665 0.07798527987882736 4.517745508212095E-8 0.10901612098693744 0.09456672251592245 2.1946524512559603E-8 0.11240552706618384 0.11187404571037347 8.855903749112291E-9 0.10858790132276304
 4.500000 0.06466649761455193 6.832392661951014E-8 0.10349426210085934 0.07791409726610046 4.3484181366333546E-8 0.10897485927800607 0.09448253012896742 2.1014075848012418E-8 0.11236347409080562 0.11178508283524602 8.378097413120094E-9 0.1085667690782743
 4.510000 0.06459221343713821 6.539799415851314E-8 0.10349337487773723 0.07784308732540779 4.17629791097681E-8 0.10894269310442707 0.09440370055206981 2.0113058094135035E-8 0.1123341160475634 0.11170663603424139 7.929695167339542E-9 0.1085562006248202
 4.520000 0.06453085366280296 6.339888499182823E-8 0.10346700510258075 0.07777937245530069 4.009671620816187E-8 0.10891877221427441 0.09433732605419046 1.923332959563809E-8 0.112318660152929 0.11164358332439843 7.487481977477691E-9 0.10855565595315754
 4.530000 0.06448482070565123 6.189672118775066E-8 0.10343095486629127 0.07772866584913339 3.864119293497905E-8 0.10889941624793696 0.0942863941767329 1.837595764820188E-8 0.1123118670190958 0.11159664972527325 7.061899728671366E-9 0.10856068126154954
 4.540000 0.0644528513311953 6.063341293927135E-8 0.10339787274083041 0.07769223456179708 3.74394434651292E-8 0.108883319007109 0.09425027218977607 1.7585555886162587E-8 0.1123086621003134 0.11156418661758563 6.683859751206589E-9 0.10856700050161365
 4.550000 0.06443218740115261 5.955886300442796E-8 0.10337306857953871 0.07766830420384262 3.646697316789615E-8 0.10887080251029692 0.09422656358054354 1.6908317671454876E-8 0.11230640089953259 0.11154334712911518 6.372183135273341E-9 0.10857203651684495
 4.560000 0.06441985951687594 5.868770778753448E-8 0.10335696177654183 0.07765396280901424 3.569607431055177E-8 0.10886210380913942 0.09421232222971801 1.6363361428357666E-8 0.11230437519950737 0.11153105148931292 6.126452808722371E-9 0.10857501585460642
 4.570000 0.06441327386499307 5.802107026608412E-8 0.10334786887684902 0.07764632449348428 3.5105819735206475E-8 0.10885683053683223 0.09420473340668357 1.594496454482424E-8 0.11230270150592105 0.11152458813343753 5.936843477146346E-9 0.1085762902042511
 4.580000 0.06441040193158017 5.753495534076673E-8 0.10334364804250754 0.07764301845972785 3.4672470820379526E-8 0.10885418359272028 0.09420146234803935 1.563537748725243E-8 0.11230157991733719 0.11152184142697356 5.793359084655201E-9 0.1085765632818968
 4.590000 0.06440976577281625 5.71924547326812E-8 0.10334242817027298 0.0776422921782965 3.436662622512217E-8 0.10885329427915098 0.09420076187244546 1.5414147228997245E-8 0.11230103702666806 0.11152128915971599 5.688617973100871E-9 0.1085764213426074
 4.600000 0.06441034503325956 5.695623461665391E-8 0.10334282886035187 0.07764294397606798 3.415753701856325E-8 0.10885342724796897 0.0942014287488161 1.52620702627253E-8 0.11230094624518658 0.11152190331732086 5.616708316097158E-9 0.10857619535321243
 4.610000 0.06441147193066014 5.679525095811824E-8 0.10334394368752232 0.07764420282841437 3.4018076383343393E-8 0.10885404869347733 0.09420269346731053 1.516228943598815E-8 0.11230112615799735 0.11152302957009265 5.571677753687372E-9 0.10857601011725664
 4.620000 0.0644127379078505 5.668649080660857E-8 0.10334523769925281 0.0776456087207524 3.392709212153397E-8 0.1088548174624763 0.09420410016106169 1.5100524663610336E-8 0.11230141696939491 0.11152427830652258 5.5471571170904E-9 0.10857588134907131
 4.630000 0.06441391669743382 5.661396948625887E-8 0.10334643326186103 0.07764691307642621 3.38693099074919E-8 0.1088555443631541 0.09420540413170282 1.5065142920165426E-8 0.11230171248280717 0.11152543792729441 5.5368875965046176E-9 0.10857578967895332
 4.640000 0.06441490341578128 5.656682583840891E-8 0.10334741444670248 0.0776480031989795 3.383408701795451E-8 0.10885614511700838 0.09420649474543545 1.504711694245462E-8 0.11230195946168517 0.11152641093682077 5.535439432865697E-9 0.10857571673998027
 4.650000 0.06441566844032932 5.653756935391834E-8 0.10334815746694637 0.0776488483377689 3.381404494473697E-8 0.10885659923029703 0.09420734160648533 1.503981617430415E-8 0.11230214238730385 0.11152716919097627 5.538652569513325E-9 0.10857565431273715
 4.660000 0.06441622435983144 5.65208394785821E-8 0.10334868471424326 0.07764946298946412 3.380401634173629E-8 0.10885691936068048 0.09420795867646578 1.5038646174750503E-8 0.11230226644586465 0.1115277236410502 5.54370417351947E-9 0.10857560147402961
 4.670000 0.06441660376617003 5.6512674445999573E-8 0.10334903681182805 0.0776498830236897 3.380035770451581E-8 0.10885713134833014 0.09420838113877511 1.5040609792218408E-8 0.11230234474730558 0.11152810445623058 5.548911339287331E-9 0.10857555962469737
 4.680000 0.0644168454061246 5.651010970030714E-8 0.10334925710671193 0.07765015095232726 3.380051470664402E-8 0.1088572628957637 0.09420865104379203 1.5043873472654117E-8 0.11230239095574049 0.11152834843291873 5.5534307806972865E-9 0.10857552939408438
 4.690000 0.06441698634149154 5.6510961912333457E-8 0.10334938413068108 0.07765030752344407 3.3802743669244135E-8 0.10885733823828296 0.09420880897134269 1.504739973482458E-8 0.11230241617043692 0.11152849151112014 5.556962445461047E-9 0.10857550979722919
 4.700000 0.06441705814849916 5.651367415566001E-8 0.10334944881244715 0.07765038755439241 3.380589959610958E-8 0.10885737641207763 0.09420888978115366 1.505066255944677E-8 0.1123024283255118 0.11152856484099533 5.5595139905922015E-9 0.1085754986919925
 4.710000 0.06441708564982848 5.651719185332019E-8 0.10334947427637521 0.07765041847741046 3.380927280715051E-8 0.10885739136282394 0.09420892104695396 1.5053442676777708E-8 0.11230243269582782 0.11152859323477637 5.561237902884505E-9 0.10857549357706926
 4.720000 0.06441708710135859 5.65208471719801E-8 0.10334947685423619 0.07765042049213158 3.381246040443774E-8 0.1088573927934842 0.09420892312611642 1.5055692451025537E-8 0.11230243266094117 0.11152859511040986 5.5623319854577715E-9 0.10857549220322145
 4.730000 0.0644170751051256 5.652425428046995E-8 0.10334946749869828 0.07765040754732315 3.381526338537048E-8 0.1088573871617218 0.09420891009812005 1.5057451641746984E-8 0.11230243035347802 0.11152858325548644 5.562985397948869E-9 0.108575492859902
 4.740000 0.0644170577847669 5.6527219568344735E-8 0.10334945316922514 0.07765038863480035 3.381760998298898E-8 0.10885737856942018 0.09420889104512327 1.5058794344549994E-8 0.11230242710406506 0.1115285659373545 5.563349761557735E-9 0.10857549440592351
 4.750000 0.0644170399508882 5.652967710074986E-8 0.10334943800420496 0.07765036908153912 3.3819503040856844E-8 0.10885736946918534 0.09420887134727698 1.505980348168948E-8 0.11230242371849287 0.1115285480553969 5.56354014559899E-9 0.10857549616629134
 4.760000 0.0644170241157492 5.653163718578147E-8 0.10334942423286313 0.07765035167543384 3.3820985930033766E-8 0.10885736119470436 0.0942088538180434 1.5060553557743837E-8 0.11230242064921254 0.11152853216636448 5.563634064460162E-9 0.10857549779251603
 4.770000 0.06441701130279635 5.6533150053738936E-8 0.10334941284837328 0.07765033756123459 3.382211844200875E-8 0.10885735434791692 0.09420883961022748 1.506110684197839E-8 0.11230241810910924 0.1115285193103057 5.563679578848833E-9 0.1085754991392704
 4.780000 0.0644170016485068 5.6534284120775754E-8 0.1033494040872114 0.07765032690438185 3.3822963499061307E-8 0.1088573490768886 0.09420882888789663 1.5061513761394935E-8 0.11230241615403451 0.11152850962615377 5.563703794979292E-9 0.10857550017499612
 4.790000 0.0644169948214995 5.653511188678728E-8 0.1033493977606588 0.07765031935206242 3.382358051453757E-8 0.10885734527140897 0.09420882129291 1.5061810790440117E-8 0.11230241474534483 0.11152850277965853 5.563720761327955E-9 0.10857550092476059
 4.800000 0.06441699029503875 5.6535699826242435E-8 0.10334939347661556 0.0776503143327516 3.3824021795336226E-8 0.10885734269636066 0.09420881624763988 1.5062026487389992E-8 0.11230241379634702 0.11152849824040355 5.563737014783268E-9 0.10857550143690557
 4.810000 0.06441698751017602 5.6536106103420544E-8 0.10334939078104638 0.07765031123591427 3.382432924989953E-8 0.10885734107799612 0.09420881313620133 1.506218191729794E-8 0.11230241320448378 0.11152849544666459 5.563753417158406E-9 0.10857550176495454
 4.820000 0.06441698596255652 5.653637956820222E-8 0.10334938924136386 0.07765030950823155 3.382453906374985E-8 0.10885734015516556 0.09420881140117845 1.5062291481841964E-8 0.1123024128713363 0.11152849389246788 5.56376922522068E-9 0.10857550195853463
 4.830000 0.0644169852394659 5.653655739555801E-8 0.10334938848895653 0.07765030869531454 3.382467762797757E-8 0.10885733970546371 0.0942088105853072 1.506236758302073E-8 0.1123024127130766 0.11152849316432643 5.563783459346653E-9 0.10857550205940217
 4.840000 0.06441698502696555 5.653666877643E-8 0.10334938823441124 0.07765030845046038 3.382476643079385E-8 0.10885733955450795 0.09420881033998625 1.5062418771080794E-8 0.11230241266422036 0.11152849294798459 5.5637960387261666E-9 0.10857550210032148
 4.850000 0.06441698510098072 5.653673523910403E-8 0.10334938826591518 0.07765030852552819 3.3824821066868506E-8 0.10885733957488501 0.09420881041587774 1.50624520648974E-8 0.1123024126772177 0.1115284930192198 5.563806675271196E-9 0.1085755021054919
 4.860000 0.06441698531140387 5.653677281168143E-8 0.10334938843870134 0.07765030875386511 3.3824853034799505E-8 0.10885733967965805 0.0942088106456011 1.506247342148612E-8 0.11230241271989569 0.11152849322779289 5.56381470054696E-9 0.10857550209175316
 4.870000 0.0644169855646723 5.653679101291628E-8 0.10334938866099173 0.07765030903132884 3.3824869451959424E-8 0.10885733981379837 0.09420881092458797 1.5062485433993588E-8 0.11230241277210673 0.11152849347997884 5.563820214123189E-9 0.1085755020700855
 4.880000 0.06441698580778091 5.653679847210543E-8 0.10334938887988529 0.07765030929873526 3.382487681746053E-8 0.10885733994563963 0.09420881119341935 1.5062491421468927E-8 0.11230241282243289 0.11152849372258526 5.5638237947615614E-9 0.10857550204709497
 4.890000 0.06441698601503983 5.6536798516061745E-8 0.10334938906906255 0.07765030952724832 3.382487778813677E-8 0.108857340059463 0.09420881142314508 1.5062493497278297E-8 0.11230241286535471 0.11152849392973524 5.5638259912211E-9 0.10857550202632042
 4.900000 0.06441698617789787 5.65367947319967E-8 0.10334938921905613 0.07765030970711351 3.3824875358151454E-8 0.10885734014964478 0.09420881160397089 1.506249361369468E-8 0.11230241289904629 0.1115284940927158 5.56382713032021E-9 0.10857550200929114
 4.910000 0.06441698629760392 5.653678986284555E-8 0.10334938933011534 0.07765030983951265 3.382487175455033E-8 0.10885734021637844 0.09420881173708473 1.506249227753024E-8 0.1123024129237743 0.11152849421265354 5.56382792932436E-9 0.10857550199631552
 4.920000 0.06441698638023897 5.65367844270336E-8 0.1033493894073494 0.07765030993104305 3.382486749534701E-8 0.10885734026276074 0.09420881182911399 1.506249022112781E-8 0.11230241294082395 0.11152849429554439 5.56382810157059E-9 0.10857550198704181
 4.930000 0.06441698643357587 5.653677931843584E-8 0.10334938945765329 0.0776503099902221 3.3824863633910563E-8 0.10885734029295091 0.09420881188861778 1.506248841816051E-8 0.11230241295182296 0.11152849434911409 5.5638276526544895E-9 0.10857550198082414
 4.940000 0.06441698646526949 5.6536775158762446E-8 0.10334938948793618 0.07765031002546872 3.3824860949182006E-8 0.10885734031111045 0.09420881192405775 1.5062486705661546E-8 0.11230241295836407 0.11152849438099556 5.5638269296809465E-9 0.10857550197694904
 4.950000 0.06441698648194749 5.653677226403464E-8 0.10334938950423275 0.07765031004408823 3.382485866456974E-8 0.10885734032086933 0.09420881194277826 1.506248520300784E-8 0.11230241296181821 0.11152849439781246 5.5638267305821225E-9 0.10857550197475645
 4.960000 0.06441698648887906 5.65367697991579E-8 0.10334938951136904 0.07765031005189765 3.382485697115258E-8 0.10885734032512968 0.0942088119506279 1.50624845538188E-8 0.11230241296326875 0.11152849440483914 5.563826775093149E-9 0.10857550197369768
 4.970000 0.06441698648997632 5.653676764859307E-8 0.10334938951294756 0.0776503100532207 3.382485525493983E-8 0.10885734032605722 0.0942088119519552 1.506248351239581E-8 0.11230241296351856 0.11152849440599659 5.563826894589021E-9 0.10857550197334981
 4.980000 0.06441698648796655 5.653676587130824E-8 0.1033493895114995 0.0776503100510766 3.3824854011228805E-8 0.10885734032517227 0.09420881194979652 1.5062483483712506E-8 0.11230241296312596 0.11152849440402182 5.5638270914830255E-9 0.1085755019734076
 4.990000 0.06441698648463048 5.653676428988629E-8 0.10334938950869281 0.0776503100474397 3.382485307682012E-8 0.10885734032347616 0.09420881194613716 1.5062483275385424E-8 0.11230241296245534 0.1115284944007033 5.563827066186555E-9 0.1085755019736647
 5.000000 0.06441698648104073 5.653676334879696E-8 0.10334938950554724 0.07765031004350237 3.3824852154129284E-8 0.1088573403215799 0.09420881194217659 1.506248259124296E-8 0.11230241296172742 0.1115284943971207 5.5638269503442036E-9 0.10857550197398992
