0.0 5.0 1.0
Linear 12 explicit
 0.000000 0.0645807 0.0 0.1049536 0.07778254 0.0 0.1105348 0.09481132 0.0 0.113659 0.1123897 0.0 0.1102712
 0.010000 0.06392200648499655 1.3689238044417773E-8 0.1043954578288821 0.07766041194203861 3.71789067328799E-8 0.10971401316422376 0.0943494219813202 -2.64080033043083E-8 0.11299886060256979 0.11178476309735852 1.9953293880363804E-8 0.10912135327123602
 0.020000 0.06405337131366699 8.374411087264122E-7 0.10368115163970301 0.07768998798875938 3.677014856447295E-7 0.10904353258843649 0.09413968285616292 -6.2062593503028956E-9 0.11260169292930843 0.11171374843566616 4.082081978862634E-8 0.10878943561020553
 0.030000 0.06417385567403709 9.64923996033251E-7 0.10299230960944576 0.07771083304846456 4.4356764899201485E-7 0.10843352895704954 0.09409948646676439 8.442893453591365E-8 0.11228069821186153 0.11173601305435955 1.6710583943307807E-8 0.10860241625941984
 0.040000 0.06416452705912024 6.134669362134942E-7 0.10246980013318825 0.07768768027331763 4.1378190034527027E-7 0.10799758800371383 0.09407530300012672 1.22891637991667E-7 0.11207899048602042 0.11175103632839717 1.8886433358539706E-8 0.10853698341017459
 0.050000 0.06409563359502231 3.1258854478095986E-7 0.1021376374629936 0.07762039927152581 3.0316578535232726E-7 0.10773337470529448 0.0940016491852286 1.3733549492219065E-7 0.11198493587549331 0.11172439655863228 2.671718915003116E-8 0.10858559937005122
 0.060000 0.06400275540514677 1.7385184052942E-7 0.10195495448044384 0.07752888552359036 1.844492657596642E-7 0.10757974119669929 0.09388603972399737 1.287547296054752E-7 0.11196080410606436 0.11165300490961848 3.0020650781710364E-8 0.10869387058438683
 0.070000 0.06389766120936746 1.3052497357995824E-7 0.10185558235375164 0.07742875003771144 1.0544332792576696E-7 0.10747577580094363 0.0937497436171795 1.011439063268891E-7 0.11196867164082427 0.11155177502036945 2.6402348877128904E-8 0.10881716182049517
 0.080000 0.06378414319927907 1.2043167168648725E-7 0.10178326986743418 0.07732421222065261 6.768767263260953E-8 0.10738170400599599 0.09360466591720477 6.745689569617504E-8 0.11198185623099548 0.11143569773919912 1.631992255403869E-8 0.10893459550264309
 0.090000 0.06366428480204918 1.1546727211768119E-7 0.10170337546991663 0.0772145806600931 5.274655929405569E-8 0.10727837270533269 0.09345460879071432 3.8139417953308085E-8 0.11198710802439446 0.11131329787700396 2.7631154706373354E-9 0.10904107781391073
 0.100000 0.06354002531632733 1.0743358581566334E-7 0.10160140768852763 0.07709928805618747 4.442383303106483E-8 0.10716047956521417 0.09330049526444704 1.6812254871233582E-8 0.11198127382777012 0.11118804909140002 -1.0818551281458288E-8 0.10913835800119802
 0.110000 0.06341316224593851 9.573532949272471E-8 0.10147648225295165 0.0769790698908939 3.5197008639355136E-8 0.10702998560472386 0.09314299768351463 2.367753142873098E-9 0.11196643443783223 0.11106104574846741 -2.222573976653715E-8 0.10922979150171296
 0.120000 0.06328512695557315 8.200119329093753E-8 0.10133436179704518 0.0768554119498811 2.3855799433193604E-8 0.1068914996134203 0.09298306746930007 -7.752057177027102E-9 0.1119461235868536 0.11093260936627718 -3.079918278225841E-8 0.10931807149371611
 0.130000 0.06315691010739717 6.811040883244718E-8 0.10118233309940582 0.0767298524121129 1.1706304235056455E-8 0.10674961697741722 0.09282176093788685 -1.5608272317796062E-8 0.11192335788688214 0.11080294426418069 -3.6870745981583106E-8 0.10940466670078701
 0.140000 0.06302913762523461 5.5441963395371533E-8 0.10102641884908478 0.0766036177144265 2.36188285332942E-10 0.1066077381380057 0.09266002805052534 -2.227187815931899E-8 0.11190005048310128 0.11067231757839291 -4.111553649834259E-8 0.1094900442662155
 0.150000 0.06290219814196574 4.467870618731717E-8 0.10087046036392858 0.0764775441213051 -9.69440766720031E-9 0.10646784725273879 0.09249860971496382 -2.808107725489108E-8 0.11187712938307572 0.11054105408310147 -4.4150932420481814E-8 0.10957411031464673
 0.160000 0.06277634789210242 3.592790460275453E-8 0.1007163119777149 0.07635213800474272 -1.7848618907686813E-8 0.10633078976885252 0.09233802369348956 -3.304599258603378E-8 0.11185487307390056 0.11040948270491603 -4.639987045211426E-8 0.1096565813462415
 0.170000 0.06265177164257682 2.896408395152743E-8 0.10056448134677232 0.0762276748352564 -2.4362875810073456E-8 0.10619670328202935 0.0921786002002331 -3.7126566658260286E-8 0.11183322368188306 0.11027789258732378 -4.8107952346565126E-8 0.10973719677872308
 0.180000 0.06252861009006785 2.3447988397828345E-8 0.10041478773656354 0.07610429069578675 -2.9518589498346924E-8 0.10606539847684983 0.09202053680303064 -4.0346412357711485E-8 0.11181200154253193 0.11014651474510344 -4.940943945350958E-8 0.10981579361708652
 0.190000 0.06240697079643575 1.90590378996787E-8 0.10026684123849472 0.07598205053035102 -3.360599698683378E-8 0.1059366115114655 0.09186395151458693 -4.280073863528309E-8 0.11179102300187262 0.11001552464278194 -5.038523411132754E-8 0.10989230200946631
 0.200000 0.06228693418056473 1.5545410592758245E-8 0.10012030615496068 0.07586099132731369 -3.6867234242079446E-8 0.10581012940279966 0.09170892256296782 -4.462306339912158E-8 0.11177014902508073 0.10988505503734618 -5.1096272413939566E-8 0.109966713554733
 0.210000 0.062168559207688434 1.2723954913990945E-8 0.09997499423209488 0.07574114465946408 -3.9486261847538415E-8 0.10568582545120707 0.0915555122076268 -4.5950397735392974E-8 0.11174929354337078 0.10975521046480066 -5.159619533089903E-8 0.1100390516216468
 0.220000 0.06205188931529393 1.046117434225915E-8 0.09983085719347187 0.07562254521443484 -4.159880378700642E-8 0.10556364655331978 0.09140377768700925 -4.6901806837767694E-8 0.11172841330151845 0.10962607892663669 -5.193273119476718E-8 0.1101093531141108
 0.230000 0.06193695771556787 8.654094024466138E-9 0.09968793850167217 0.07550523161985322 -4.330641455939136E-8 0.10544358419781398 0.09125377428170696 -4.757072493962095E-8 0.11170749268476185 0.10949773956210297 -5.21455853346826E-8 0.11017766034475358
 0.240000 0.0618237912869718 7.217890250585509E-9 0.0995463224858376 0.07538924417336114 -4.46878113599401E-8 0.1053256473904364 0.09110555476801005 -4.8026107517972255E-8 0.11168653037175598 0.10937026675243737 -5.2265033347584006E-8 0.11024401857659821
 0.250000 0.061712412809679894 6.080121066382154E-9 0.09940609805668241 0.07527462211900943 -4.580603519579798E-8 0.10520984464392301 0.09095916789353203 -4.831740787743011E-8 0.111665530254899 0.1092437316540443 -5.2312395529483216E-8 0.11030847562553657
 0.260000 0.06160284178573919 5.178910148791518E-9 0.0992673399161215 0.07516140156543905 -4.6712383286781144E-8 0.10509617533931098 0.09081465705012104 -4.8480100767405584E-8 0.1116444965949807 0.10911820216221013 -5.23019036679025E-8 0.11037108170096033
 0.270000 0.061495094334103946 4.462581677259867E-9 0.09913010308919495 0.07504961423352094 -4.744854170999036E-8 0.10498462776981167 0.09067205944061105 -4.854022762672471E-8 0.1116234322960413 0.10899374211013992 -5.224300026903093E-8 0.11043188897847586
 0.280000 0.06138918267108312 3.8892909251538695E-9 0.09899442485872954 0.07493928684633563 -4.804798788901448E-8 0.10487518070845063 0.09053140566973414 -4.8517588968319144E-8 0.11160233897638677 0.10887041026659329 -5.21423261589544E-8 0.1104909509862024
 0.290000 0.06128511456468284 3.4261619852873275E-9 0.09886032928877898 0.07483044091578946 -4.8537206437738666E-8 0.10476780609133542 0.0903927196197298 -4.8427766657441794E-8 0.11158121775361969 0.1087482594717686 -5.2005077443340965E-8 0.1105483219885415
 0.300000 0.06118289298272363 3.048003502763558E-9 0.09872783150790233 0.07472309274899869 -4.893687588547497E-8 0.10466247145677124 0.09025601851284137 -4.82833259706909E-8 0.11156007005825994 0.10862733607160419 -5.1835750240190726E-8 0.11060405646764677
 0.310000 0.06108251600730269 2.7358613137407026E-9 0.09859694065616421 0.07461725358140577 -4.926299941273912E-8 0.10455914163974447 0.09012131311322492 -4.809452056596139E-8 0.11153889816121823 0.10850767968456142 -5.163845420325219E-8 0.11065820871310159
 0.320000 0.06098397699245269 2.4756403550702723E-9 0.09846766147433883 0.0745129297984987 -4.952791167611182E-8 0.10445777973883436 0.08998860804648237 -4.786973237067244E-8 0.11151770536121652 0.10838932326051959 -5.1416992231547925E-8 0.11071083249096804
 0.330000 0.06088726489815127 2.2569270823237884E-9 0.09833999496734366 0.07441012323079885 -4.974111990797065E-8 0.10435834758570764 0.08985790221845896 -4.761578477900035E-8 0.11149649591504388 0.10827229335882266 -5.117484998243095E-8 0.11076198076463079
 0.340000 0.060792364727381795 2.0720505130296525E-9 0.09821393862110415 0.07430883150960642 -4.990997468164909E-8 0.10426080596489119 0.08972918930911744 -4.733819868041492E-8 0.11147527483237535 0.10815661056857696 -5.091517206547099E-8 0.11081170545530303
 0.350000 0.060699258005980694 1.9153635101761634E-9 0.09808948651409649 0.07420904846672839 -5.004019089348017E-8 0.10416511476013564 0.08960245831218405 -4.7041418388143364E-8 0.11145404763782192 0.10804229000590077 -5.064075355979704E-8 0.11086005724208621
 0.360000 0.06060792326387423 1.782702291598049E-9 0.0979666294942126 0.07411076455785419 -5.013624785309283E-8 0.10407123311686747 0.08947769409105694 -4.6729012631444624E-8 0.11143282016222796 0.10792934183997242 -5.035404932486949E-8 0.1109070854048584
 0.370000 0.06051833649324506 1.670982617461406E-9 0.09784535546288659 0.07401396728924521 -5.02016960831221E-8 0.103979119644298 0.08935487792578371 -4.6403849322538246E-8 0.11141159838683169 0.10781777181609341 -5.005719593590752E-8 0.11095283771067047
 0.380000 0.060430471571362 1.577897653791411E-9 0.09772564973930746 0.0739186416305571 -5.0239392263181485E-8 0.1038887326449248 0.08923398803261338 -4.606824232983121E-8 0.111390388338465 0.1077075817568046 -4.975203969161498E-8 0.11099736034004101
 0.390000 0.06034430064332259 1.5016922046835385E-9 0.0976074954562685 0.07382477040144447 -5.025167838957857E-8 0.10380003034776857 0.08911500004450647 -4.572407041043792E-8 0.11136919602251101 0.10759877003084957 -4.944016689959655E-8 0.11104069784656992
 0.400000 0.06025979446408749 1.440995656926536E-9 0.09749087394545256 0.07373233462461337 -5.024051712139959E-8 0.10371297112480324 0.08899788744683233 -4.537287163413991E-8 0.11134802737884755 0.10749133198524252 -4.912293449646385E-8 0.1110828931424228
 0.410000 0.060176922701210826 1.3946998971321773E-9 0.0973757650862069 0.07364131384222432 -5.020759245344395E-8 0.10362751367838102 0.0888826219667166 -4.501591690646429E-8 0.11132688824965066 0.10738526033892849 -4.8801499366672045E-8 0.11112398750303369
 0.420000 0.060095654200668785 1.3618720170880739E-9 0.09726214760752616 0.07355168639566254 -5.015438352379233E-8 0.10354361719573106 0.0887691739173224 -4.4654266921978055E-8 0.11130578435266056 0.10728054553842299 -4.8476846076340825E-8 0.11116402058585673
 0.430000 0.06001595721865098 1.341693588061318E-9 0.0971499993436336 0.07346342967065327 -5.008221768696642E-8 0.10346124147213653 0.08865751249996026 -4.428881612295033E-8 0.11128472125732553 0.10717717607697409 -4.814981182372266E-8 0.11120303045947155
 0.440000 0.05993779962240665 1.3334196530770753E-9 0.09703929744880099 0.07337652031072713 -4.999230814401759E-8 0.10338034700711 0.08854760606773565 -4.3920326631798425E-8 0.11126370436344254 0.10707513877952096 -4.782110865545501E-8 0.11124105364045245
 0.450000 0.059861149063333396 1.3363518502203427E-9 0.09693001857850399 0.07329093440243806 -4.988577999528379E-8 0.10330089507845498 0.0884394223546947 -4.354945440061286E-8 0.1112427388827487 0.10697441905613425 -4.749134237169895E-8 0.11127812513608308
 0.460000 0.059785973125431754 1.34982180899464E-9 0.09682213904324215 0.07320664763569924 -4.976368817219787E-8 0.10322284779855442 0.08833292867437754 -4.317676912137506E-8 0.11122182982395057 0.10687500112683003 -4.7161028414238614E-8 0.1113142784914096
 0.470000 0.059712239452111016 1.3731813869888188E-9 0.09671563493995515 0.07312363544235662 -4.962702930686442E-8 0.10314616815632005 0.08822809209143254 -4.280276950354054E-8 0.11120098198135925 0.10677686822064465 -4.6830604883990295E-8 0.11134954583935133
 0.480000 0.05963991585408631 1.405797434371556E-9 0.09661048226462111 0.07304187311578018 -4.94767495672301E-8 0.10307082004736685 0.08812487956959346 -4.242789466896247E-8 0.11118019992697074 0.1066800027517133 -4.65004431764539E-8 0.11138395795277131
 0.490000 0.059568970400818495 1.4470497541566912E-9 0.09650665700864214 0.0729613359138912 -4.9313749680949596E-8 0.1029967682943571 0.08802325809894673 -4.2052532728561787E-8 0.11115948800561515 0.1065843864748718 -4.6170856638709585E-8 0.11141754429757667
 0.500000 0.05949937149764663 1.4963306408615232E-9 0.09640413524101905 0.07288199914771036 -4.913888799827275E-8 0.1029239786590423 0.08792319480506341 -4.167702743037409E-8 0.11113885033273013 0.10649000062304614 -4.584210769398522E-8 0.11145033308608301
 0.510000 0.059425453984226065 1.393665955303085E-9 0.09629152222495692 0.0727747688523094 -4.902072975713342E-8 0.10286938927895244 0.08782273441316353 -4.120630599516473E-8 0.11107103374456102 0.10638830113985023 -4.541217552229762E-8 0.11144546170163014
 0.520000 0.05934457128333606 1.3297153934030305E-9 0.09617398496828959 0.0726572181590619 -4.889570365851539E-8 0.10281602341656017 0.0877211894028626 -4.0670312021439654E-8 0.11098597277417177 0.10628526074579418 -4.492886264902322E-8 0.11142438511149429
 0.530000 0.05926125393353087 1.3096921060539675E-9 0.09605192004330405 0.07253556858877236 -4.8712904531495754E-8 0.10276046160724286 0.08761619763798764 -4.0125969585887625E-8 0.11090421141919007 0.10618082445172641 -4.446836642010711E-8 0.11139807701913404
 0.540000 0.059178306711468676 1.3268247318965462E-9 0.09592783061425426 0.07241487889924642 -4.846959203388336E-8 0.10270219962561689 0.08751129825643826 -3.959305438202448E-8 0.11082310889001516 0.10607603776113424 -4.406759626772966E-8 0.11137175659207682
 0.550000 0.05909650826465207 1.3623520077564887E-9 0.09580296781199193 0.07229510097700595 -4.820674389877062E-8 0.10264327089379209 0.08740672325643477 -3.909249943694711E-8 0.11074328384666143 0.1059712843122378 -4.3715011164656434E-8 0.11134722963989757
 0.560000 0.05901583371011053 1.4029732470730404E-9 0.09567832418165821 0.072176073465755 -4.794992021801673E-8 0.1025846861730292 0.0873025521656598 -3.8622372345019316E-8 0.11066534573204585 0.10586684899364948 -4.338827511242542E-8 0.11132418203978037
 0.570000 0.05893635973502669 1.4409240274801835E-9 0.09555467851136776 0.07205808986386668 -4.770235758154546E-8 0.10252680329936688 0.08719922770625764 -3.8174391909610686E-8 0.11058936635013736 0.10576319875011587 -4.307000766775556E-8 0.11130199892260573
 0.580000 0.05885828092764384 1.4731390874876955E-9 0.09543247839602857 0.07194154029028098 -4.745864639046713E-8 0.102469698276575 0.08709720761143402 -3.774005629479962E-8 0.11051519863049314 0.10566077770100588 -4.2752901348966474E-8 0.11128030365607279
 0.590000 0.05878177714249824 1.4991863956329584E-9 0.0953118894763558 0.07182670713043676 -4.721305811644865E-8 0.10241335010256337 0.086996788359608 -3.7313566140353836E-8 0.11044270797922434 0.10555988245883205 -4.243667644724361E-8 0.1112589494285055
 0.600000 0.058706958435462864 1.5199464485699944E-9 0.09519292232217033 0.07171373748226213 -4.696251390753957E-8 0.10235772570561925 0.08689810958723139 -3.689259158881959E-8 0.11037182411491842 0.10546066479021138 -4.21233590388105E-8 0.11123791552906277
 0.610000 0.05863386609499213 1.5367750204374434E-9 0.09507553811408456 0.07160268126814956 -4.670648848575255E-8 0.10230280449810147 0.08680120852261733 -3.647726005929714E-8 0.11030251834711896 0.10536317622829314 -4.1814607107202076E-8 0.11121722690613674
 0.620000 0.058562491266629886 1.5508783495401879E-9 0.09495970078717043 0.07149353305934777 -4.644579999821963E-8 0.10224857584111496 0.0867060666068537 -3.606868180387759E-8 0.11023477364638493 0.10526740936826293 -4.151116555385817E-8 0.11119691175689586
 0.630000 0.058492794473516234 1.5630040602873278E-9 0.09484538735156224 0.07138625986714202 -4.618155736335248E-8 0.10219503089170329 0.0866126382806897 -3.5667927920109244E-8 0.110168568048166 0.10517332598166564 -4.121323666270873E-8 0.11117698729693656
 0.640000 0.05842472125409523 1.5734492342250798E-9 0.09473258036831898 0.07128081650233611 -4.591465960962346E-8 0.10214215743281925 0.08652086674148059 -3.527564312749451E-8 0.11010387067021353 0.10508087417334351 -4.092086795793012E-8 0.11115745995304706
 0.650000 0.05835821291493548 1.5822310835733974E-9 0.09462125971399973 0.07117715372923968 -4.5645717848140486E-8 0.10208993885667644 0.08643069242916412 -3.489206572321472E-8 0.11004064409654811 0.104989998336632 -4.063409303546016E-8 0.11113832983170223
 0.660000 0.058293212695546416 1.5892623166543379E-9 0.09451139976913264 0.07107522270421868 -4.537515065467684E-8 0.10203835571337495 0.08634205766225171 -3.451718025742109E-8 0.10997884807447096 0.10490064458043959 -4.035290910099175E-8 0.11111959451987384
 0.670000 0.058229668389956926 1.594457360510665E-9 0.09440297109532757 0.07097497730620175 -4.510328683708898E-8 0.10198738797329956 0.08625490899548019 -3.4150847461720326E-8 0.10991844221600802 0.10481276327318534 -4.007722658643513E-8 0.11110125100305684
 0.680000 0.05816753275851808 1.5977695691530486E-9 0.09429594359341369 0.07087637507254661 -4.483041941865508E-8 0.10193701682651356 0.08616919805277666 -3.3792872958277803E-8 0.10985938734588126 0.1047263097744055 -3.980685599325085E-8 0.11108329617810445
 0.690000 0.058106762888524004 1.599189655391608E-9 0.09419028893949732 0.07077937719459886 -4.455681835723416E-8 0.10188722560512865 0.08608488135426741 -3.3443032514101E-8 0.10980164591165485 0.10464124411693657 -3.9541531736883145E-8 0.11106572674913766
 0.700000 0.05804731925686967 1.5987331515161155E-9 0.09408598156962132 0.07068394796554789 -4.42827266865722E-8 0.10183799992178622 0.08600191958373414 -3.310108038297684E-8 0.10974518192949062 0.10455753018919343 -3.928094986652433E-8 0.1110485390293225
 0.710000 0.057989164862984464 1.596430935247141E-9 0.09398299848623358 0.07059005401055356 -4.400835641774647E-8 0.10178932732616526 0.08592027665729972 -3.276675526710154E-8 0.1096899607680696 0.1044751347860844 -3.902480024420724E-8 0.1110317288454323
 0.720000 0.057932264552131164 1.5923247505971981E-9 0.09388131849212734 0.07049766353308654 -4.373388927866863E-8 0.10174119678158357 0.08583991883718982 -3.2439788023789996E-8 0.10963594891687581 0.10439402674474449 -3.8772785963187495E-8 0.11101529154981114
 0.730000 0.05787658453278737 1.5864658525271428E-9 0.09378092135904524 0.07040674570701604 -4.345948129006135E-8 0.10169359816780657 0.08576081401794619 -3.2119909417647356E-8 0.10958311379615596 0.1043141762651132 -3.85246313009262E-8 0.11099922208511716
 0.740000 0.057822092055068226 1.5789138214111335E-9 0.09368178719870147 0.07031727025809889 -4.318526823146936E-8 0.1016465219070971 0.08568293122245524 -3.18068558667254E-8 0.10953142362473285 0.10423555443761195 -3.8280082572560393E-8 0.11098351505734518
 0.750000 0.05776875521334284 1.5697343193763862E-9 0.09358389610033407 0.07022920722281312 -4.291137009450213E-8 0.1015999587300464 0.08560624029000094 -3.150037235025219E-8 0.10948084734309849 0.10415813295571547 -3.803890553931911E-8 0.1109681647983364
 0.760000 0.05771654284052335 1.5589962081804007E-9 0.09348722798744451 0.07014252684554173 -4.2637894322637834E-8 0.10155389955516055 0.08553071171345042 -3.1200213049169846E-8 0.10943135458022779 0.10408188397169008 -3.780088202010855E-8 0.11095316541611924
 0.770000 0.05766542446595736 1.546768740812697E-9 0.09339176261324188 0.07005719956887552 -4.236493791095155E-8 0.1015083354435478 0.08545631657793927 -3.090614066695067E-8 0.10938291564928192 0.10400678005043043 -3.756580668675946E-8 0.11093851083710836
 0.780000 0.05761537031294236 1.5331190745198145E-9 0.09329747962443355 0.06997319607721841 -4.2092588663822116E-8 0.10146325759441674 0.08538302655959633 -3.0617925249268716E-8 0.10933550155830903 0.10393279418190586 -3.733348459041216E-8 0.1109241948435816
 0.790000 0.05756635131647132 1.5181108108624126E-9 0.09320435864698923 0.06989048736384669 -4.182092606896511E-8 0.10141865735758454 0.08531081395317333 -3.033534332027556E-8 0.1092890840254547 0.10385989982197569 -3.710372951400731E-8 0.11091021110780623
 0.800000 0.05751833914703824 1.501803319117098E-9 0.09311237936939822 0.06980904480183062 -4.1550022132002473E-8 0.10137452624938176 0.08523965170787104 -3.005817718763105E-8 0.10924363549228897 0.10378807094101766 -3.687636284835088E-8 0.11089655322293182
 0.810000 0.057471306231528844 1.4842515693199782E-9 0.09302152161348434 0.06972884020769625 -4.127994171120928E-8 0.10133085596566085 0.08516951345935682 -2.9786214738031753E-8 0.10919912913227454 0.10371728206815659 -3.6651213150594094E-8 0.11088321473048186
 0.820000 0.05742522576669603 1.4655064223818302E-9 0.09293176539063445 0.06964984589287404 -4.101074318400163E-8 0.10128763838995304 0.08510037355228368 -2.9519249442607995E-8 0.10915553885374948 0.1036475083252561 -3.642811587540523E-8 0.11087018914454742
 0.830000 0.05738007172391759 1.4456150950387253E-9 0.09284309094459701 0.06957203470185701 -4.074247880892105E-8 0.10124486559686492 0.08503220705191374 -2.9257080503956494E-8 0.10911283929782295 0.10357872544903594 -3.620691338966001E-8 0.11085746997291972
 0.840000 0.05733581884594006 1.424621506289452E-9 0.09275547878317318 0.06949538003828966 -4.047519507358916E-8 0.10120252985164198 0.08496498974570839 -2.8999512954309142E-8 0.10907100583216019 0.10351090980227141 -3.598745504323749E-8 0.11084505073558647
 0.850000 0.05729244263723262 1.4025669016905881E-9 0.09266890970108417 0.06941985588111763 -4.0208933269242784E-8 0.10116062360697273 0.08489869813694656 -2.8746357892896227E-8 0.1090300145415636 0.10344403837612996 -3.576959713824079E-8 0.11083292498094115
 0.860000 0.05724991934977449 1.3794899442799068E-9 0.09258336479613113 0.06934543679314784 -3.994372962461557E-8 0.10111913949800075 0.08483330943264628 -2.8497432517363015E-8 0.10898984221615073 0.10337808878600689 -3.555320289762173E-8 0.11082108629996848
 0.870000 0.05720822596592336 1.3554271517151014E-9 0.09249882548040868 0.06927209792414234 -3.967961594780821E-8 0.10107807033636472 0.08476880152781067 -2.8252560206130395E-8 0.10895046633781784 0.10331303926301008 -3.5338142434085705E-8 0.11080952833864556
 0.880000 0.057167340179615125 1.3304130368716326E-9 0.09241527348794155 0.06919981501009272 -3.941661976898546E-8 0.1010374091038462 0.08470515298764227 -2.801157050072634E-8 0.10891186506545111 0.10324886864274932 -3.512429251512931E-8 0.1107982448086875
 0.890000 0.0571272403767892 1.3044802544521283E-9 0.09233269087983136 0.06912856436992161 -3.915476486985906E-8 0.10099714894606315 0.08464234302881272 -2.7774298970258152E-8 0.10887401721932168 0.10318555635264834 -3.491153640628703E-8 0.11078722949681483
 0.900000 0.05708790561559929 1.277659702332301E-9 0.09225106004761316 0.06905832290041439 -3.889407145759428E-8 0.10095728316645976 0.08458035150052082 -2.7540587268279497E-8 0.10883690226493983 0.10312308239852881 -3.469976360872012E-8 0.11077647627267596
 0.910000 0.05704931560671895 1.2499806620520642E-9 0.09217036371530732 0.06898906806989315 -3.863455652854445E-8 0.1009178052207126 0.0845191588657287 -2.7310282874960188E-8 0.10880050029658143 0.10306142735090808 -3.448886965891786E-8 0.11076597909555225
 0.920000 0.057011450693913696 1.2214708842374133E-9 0.09209058494044713 0.0689207779109453 -3.8376234207196767E-8 0.10087870871159743 0.08445874618274657 -2.7083239054375566E-8 0.10876479202065566 0.10300057233123851 -3.427875585028085E-8 0.11075573201999023
 0.930000 0.05697429183492687 1.1921567114242377E-9 0.09201170711422463 0.0688534310123605 -3.8119115902960394E-8 0.10083998738426536 0.08439909508724171 -2.685931466459819E-8 0.108729758738992 0.10294049899816192 -3.40693289875716E-8 0.11074572920044788
 0.940000 0.056937820582705544 1.162063061629052E-9 0.09193371396085526 0.06878700651039629 -3.7863210613107124E-8 0.10080163512188929 0.08434018777464072 -2.6638374079087748E-8 0.10869538233214832 0.10288118953381761 -3.3860501200175416E-8 0.1107359648950808
 0.950000 0.05690201906696595 1.1312136022153385E-9 0.0918565895361959 0.06872148407943593 -3.7608525098313076E-8 0.10076364594160825 0.08428200698290955 -2.642028697028151E-8 0.10866164524278762 0.10282262663019322 -3.365218962010166E-8 0.11072643346875434
 0.960000 0.0568668699760934 1.099630865555768E-9 0.0917803182256657 0.06865684392210554 -3.735506416569693E-8 0.100726013990712 0.08422453597567785 -2.620492816512704E-8 0.10862853045917682 0.10276479347551938 -3.344431626259808E-8 0.11071712939536717
 0.970000 0.056832356539388916 1.0673362205160497E-9 0.09170488474152297 0.06859306675892508 -3.710283073854458E-8 0.10068873354302615 0.08416775852568986 -2.5992177572761183E-8 0.10859602149885655 0.1027076737407191 -3.323680776703445E-8 0.11070804725957231
 0.980000 0.05679846250966072 1.034350032133306E-9 0.09163027411955346 0.0685301338175564 -3.685182611628156E-8 0.10065179899544817 0.08411165889858652 -2.578191990896918E-8 0.1085641023925091 0.1026512515659235 -3.302959515493765E-8 0.11069918175794789
 0.990000 0.05676517214618541 1.0006917056247677E-9 0.09155647171524471 0.06846802682173621 -3.660205006927772E-8 0.10061520486462634 0.08405622183701375 -2.5574044654656666E-8 0.10853275766807437 0.10259551154708968 -3.2822613736338686E-8 0.11069052769969646
 1.000000 0.056732470198054816 9.663797822411253E-10 0.09148346319950697 0.06840672797996449 -3.635350100523514E-8 0.10057894578375949 0.08400143254508044 -2.536844585929239E-8 0.10850197233513849 0.10254043872274907 -3.2615802828552404E-8 0.11068208000692378
 1.010000 0.05670372400144726 9.388055526656493E-10 0.09141684500702885 0.06834967076748227 -3.6115679141541996E-8 0.10054959532754214 0.08396289826307339 -2.513714863437564E-8 0.10845990785497867 0.10249907142997583 -3.2385686860052494E-8 0.11065805228010646
 1.020000 0.056680371227529024 9.308054207771625E-10 0.09136019816841132 0.06830295819339971 -3.585915128289173E-8 0.10052413714222866 0.08393752491434482 -2.491034298310012E-8 0.1084152016768718 0.10247066237738346 -3.215014055560031E-8 0.11062623386206948
 1.030000 0.05666347068029353 9.109367367160374E-10 0.09131247179136914 0.06826595902941837 -3.560313662519118E-8 0.1005027406894373 0.08392231664629995 -2.4707768707926008E-8 0.10837172884117938 0.10245283493356284 -3.195873578894727E-8 0.11059271105964907
 1.040000 0.056651921704080996 8.638970893903122E-10 0.09127162500869403 0.06823618906369477 -3.5375227756847166E-8 0.10048527795126326 0.08391442616959108 -2.4548346064794527E-8 0.1083307376476626 0.10244246113920279 -3.1839219579893676E-8 0.1105595739316487
 1.050000 0.05664390293923547 7.911299640147957E-10 0.09123567211785175 0.06821111267633105 -3.5192899567011194E-8 0.10047090555511395 0.083911243572071 -2.444332760577886E-8 0.10829200921219234 0.10243681532978169 -3.178657313730264E-8 0.11052714272753525
 1.060000 0.05663782850939229 6.952100137153539E-10 0.09120290092040939 0.06818875646169774 -3.5058508425741356E-8 0.1004585451778749 0.0839107348114212 -2.4391484953168765E-8 0.10825486593438527 0.1024338393237978 -3.178138721103474E-8 0.1104951450564367
 1.070000 0.056632618970450466 5.751325385364297E-10 0.09117196709827788 0.06816778450818389 -3.496474760182994E-8 0.10044727803526882 0.08391151064448699 -2.438224389897048E-8 0.10821869756954189 0.1024321194074379 -3.180476626377531E-8 0.11046326132151878
 1.080000 0.056627661826607154 4.2972197699431447E-10 0.09114194629383748 0.06814739619348605 -3.490172409994267E-8 0.10043649534579888 0.08391273474247105 -2.440237310227936E-8 0.10818312026079033 0.10243079920520742 -3.1843690228961043E-8 0.11043130938833609
 1.090000 0.05662268023332466 2.6064207839695706E-10 0.09111232055150657 0.06812719185441929 -3.486081402312861E-8 0.10042588473166873 0.08391398956147951 -2.4440836469519436E-8 0.10814795820680716 0.10242945351895227 -3.189035912891553E-8 0.11039923507011122
 1.100000 0.05661760143931112 7.224443838192155E-11 0.09108289598264362 0.06810704168100908 -3.4835464740345623E-8 0.10041534643659392 0.08391514044822547 -2.4490250212548012E-8 0.10811316732518896 0.10242794794539559 -3.1940079299188384E-8 0.1103670475248515
 1.110000 0.05661245694061357 -1.3013699880100302E-10 0.09105368471540418 0.06808697152073341 -3.4820770585756606E-8 0.10040490071931397 0.08391621659567612 -2.4546202120447964E-8 0.10807876350868544 0.1024263139612699 -3.1989914433346605E-8 0.11033476952941147
 1.120000 0.0566073234716205 -3.4129921277158703E-10 0.09102479434053612 0.06806707776201072 -3.4813055164292585E-8 0.100394622222801 0.08391732403545969 -2.460628221090781E-8 0.10804478471272848 0.1024246601501142 -3.203831892342527E-8 0.11030241844902706
 1.130000 0.05660227510497916 -5.569080750930691E-10 0.09099635183977552 0.06804747034775663 -3.480890653866224E-8 0.10038457985233164 0.08391858029549819 -2.466861785451034E-8 0.10801125042184301 0.10242310414586199 -3.208452926742411E-8 0.11026999745734746
 1.140000 0.05659737265552254 -7.746173225049622E-10 0.09096845800598419 0.06802823804575825 -3.480652450930608E-8 0.10037483000422456 0.0839200835752693 -2.4732165643087192E-8 0.10797817329507359 0.10242174466479209 -3.21285072810757E-8 0.11023750362553862
 1.150000 0.05659265943472462 -9.93037668875258E-10 0.09094117704547193 0.06800944229072257 -3.4804860681159234E-8 0.10036540922508361 0.08392190326908185 -2.479643623954003E-8 0.1079455575608053 0.10242065137320593 -3.2170615692730726E-8 0.11020493232756555
 1.160000 0.056588160951694534 -1.2111906733359112E-9 0.09091454137747004 0.0679911182204496 -3.48033306890707E-8 0.10035633623905967 0.08392408053041775 -2.4861295630760867E-8 0.10791340039177727 0.10241986547115413 -3.221135028414793E-8 0.1101722793105783
 1.170000 0.05658388832074323 -1.4283953259132549E-9 0.09088856091609196 0.0679732803176956 -3.4801669902017E-8 0.1003476170591542 0.0839266342150609 -2.4926828432980184E-8 0.10788169434714256 0.10241940561051706 -3.22511770865241E-8 0.11013954106813477
 1.180000 0.05657984278243805 -1.6442636348586034E-9 0.09086323203823575 0.0679559293397505 -3.479980554191418E-8 0.10033924994702202 0.0839295682567588 -2.4993201496960363E-8 0.10785042942270649 0.10241927525141328 -3.229045537051105E-8 0.11010671461918847
 1.190000 0.05657601987347553 -1.8586671212139423E-9 0.0908385442881352 0.06793905837036499 -3.4797775227578486E-8 0.10033122916133688 0.08393287817692593 -2.506056983584644E-8 0.10781959447139064 0.10241946921973699 -3.232941872681093E-8 0.11007379724767295
 1.200000 0.056572412617442544 -2.071658443987545E-9 0.09081448468509344 0.06792265722955429 -3.4795677911599704E-8 0.10032354742153583 0.08393655585868219 -2.5129039960433423E-8 0.10778917810609334 0.10241997856189829 -3.2368191344341525E-8 0.1100407863391969
 1.210000 0.05656901359497466 -2.283383076937445E-9 0.09079104016777916 0.06790671523803211 -3.479363776993304E-8 0.10031619733939957 0.0839405925466067 -2.5198669794941423E-8 0.10775916921682656 0.10242079361634963 -3.240681916078597E-8 0.11000767929767188
 1.220000 0.056565816044103524 -2.4940108301646217E-9 0.0907681987739589 0.067891222658608 -3.479177713712126E-8 0.10030917212278936 0.08394498041298047 -2.5269481697005106E-8 0.10772955721346096 0.1024219056248264 -3.24453023452522E-8 0.10997447350338041
 1.230000 0.056562814268114964 -2.7036958981844358E-9 0.09074595003453594 0.06787617122580236 -3.479020001020765E-8 0.10030246581417396 0.08394971313605543 -2.5341475439817306E-8 0.10770033209032728 0.10242330733034193 -3.2483620861730557E-8 0.10994116628989965
 1.240000 0.056560003631411275 -2.9125598832724336E-9 0.09072428492465497 0.06786155413788601 -3.478898567577967E-8 0.10029607326380223 0.0839547858960419 -2.5414637583181185E-8 0.10767148439136343 0.10242499297677335 -3.252175113501529E-8 0.10990775493184672
 1.250000 0.05655738036305959 -3.120688965198554E-9 0.09070319560549238 0.067847365794958 -3.478818910161792E-8 0.10028998997819638 0.08396019509583495 -2.5488947155257057E-8 0.10764300513284476 0.1024269580259036 -3.255967444082145E-8 0.1098742366409939
 1.260000 0.056554941310785735 -3.328138372602644E-9 0.09068267510756241 0.06783360146800578 -3.478784475607252E-8 0.1002842119349809 0.08396593800650339 -2.55643791392089E-8 0.10761488571946767 0.1024291987976212 -3.259737979828125E-8 0.1098406085686016
 1.270000 0.056552683721742374 -3.5349393835930033E-9 0.09066271704285912 0.06782025700056307 -3.4787971481292076E-8 0.1002787354157086 0.083972012447401 -2.564090614913863E-8 0.10758711787237034 0.10243171214578363 -3.2634863209605966E-8 0.10980686781117321
 1.280000 0.056550605079742335 -3.741106596170794E-9 0.09064331538556067 0.0678073285847992 -3.4788576823582746E-8 0.10027355687934775 0.08397841654615525 -2.5718499442535215E-8 0.10755969357576722 0.10243449521572437 -3.2672125693431774E-8 0.10977301141701705
 1.290000 0.05654870300113928 -3.946644032065186E-9 0.09062446432862124 0.06779481261705748 -3.478966082768288E-8 0.10026867287999029 0.08398514858404943 -2.5797129325165735E-8 0.10753260504180846 0.10243754528872553 -3.270917096419568E-8 0.1097390363919035
 1.300000 0.05654697517849741 -4.151549699306384E-9 0.09060615820505719 0.06778270561931152 -3.4791218731927735E-8 0.10026408002187882 0.08399220691230401 -2.5876765320762118E-8 0.10750584468988994 0.10244085969851123 -3.274600378677137E-8 0.10970493970311358
 1.310000 0.05654541935737681 -4.355818913802586E-9 0.09058839145541107 0.06777100420686506 -3.4793242903627523E-8 0.10025977494088857 0.0839995899181388 -2.5957376426750342E-8 0.10747940513574233 0.1024444357982053 -3.2782628519392434E-8 0.10967071828189001
 1.320000 0.056544033332738525 -4.559446136410417E-9 0.09057115862296226 0.06775970508366823 -3.479572413949203E-8 0.10025575430183244 0.08400729602060139 -2.6038931198939012E-8 0.10745327918612221 0.10244827095741738 -3.28190487761756E-8 0.10963636902464895
 1.330000 0.056542814954713805 -4.762426133515687E-9 0.09055445436212577 0.06774880505087104 -3.479865251370315E-8 0.10025201480325356 0.0840153236806974 -2.6121398038875646E-8 0.10742745983602087 0.10245236257378715 -3.2855267105296976E-8 0.10960188879339063
 1.340000 0.05654176213704524 -4.964754454308551E-9 0.09053827345042097 0.06773830101915966 -3.480201769258915E-8 0.10024855318421086 0.08402367141563999 -2.6204745455889186E-8 0.10740194026646903 0.10245670808868151 -3.2891285137050786E-8 0.10956727441568677
 1.350000 0.05654087286452362 -5.166427452660969E-9 0.0905226107987609 0.06772819001966261 -3.480580931047183E-8 0.10024536623006801 0.08403233781158884 -2.628894222154813E-8 0.10737671384196422 0.10246130500135721 -3.292710394766794E-8 0.1095325226845178
 1.360000 0.056540145197901404 -5.367442342324831E-9 0.09050746145798988 0.06771846921127907 -3.481001700421512E-8 0.10024245077610029 0.084041321532545 -2.6373957604750553E-8 0.10735177410720072 0.1024661508792311 -3.296272412736382E-8 0.10949763035812747
 1.370000 0.05653957727609465 -5.567796908555667E-9 0.09049282062150364 0.06770913588416162 -3.481463050642369E-8 0.10023980370882996 0.08405062132509535 -2.6459761524651394E-8 0.10732711478314556 0.10247124336395325 -3.2998146181578435E-8 0.10946259415997973
 1.380000 0.05653916731614961 -5.767489531410486E-9 0.09047868362470796 0.06770018746002583 -3.481963954340732E-8 0.10023742196552508 0.08406023601971783 -2.6546324568832724E-8 0.10730272976266281 0.10247658017400638 -3.303337059180012E-8 0.10942741077884542
 1.390000 0.05653891361166904 -5.966518910432554E-9 0.09046504594233185 0.06769162149026085 -3.482503391027955E-8 0.10023530253244875 0.08407016452969066 -2.6633618069906436E-8 0.1072786131059116 0.10248215910489353 -3.3068398010838835E-8 0.1093920768690127
 1.400000 0.05653881453035249 -6.164884082755513E-9 0.09045190318454417 0.06768343565276888 -3.483080343629358E-8 0.10023344244239528 0.08408040584860121 -2.672161404171134E-8 0.10725475903571074 0.10248797802792119 -3.310322926595572E-8 0.1093565890505965
 1.410000 0.05653887063815159 -6.361433305314952E-9 0.09043925124782244 0.06767562853566093 -3.48371515887532E-8 0.10023184108380442 0.08409096047083627 -2.681089391909366E-8 0.10723116490214896 0.10249403664688722 -3.313832433082071E-8 0.10932094502353695
 1.420000 0.056539079812191306 -6.555586406124973E-9 0.09042708737914057 0.0676681990534173 -3.4842695053737155E-8 0.10023049448681187 0.08410182787496956 -2.6900620653462955E-8 0.10720782317084007 0.10250033303755898 -3.317341992673535E-8 0.10928514077120302
 1.430000 0.05653943984759047 -6.748538944316656E-9 0.09041540758811122 0.06766114477171457 -3.484783396693422E-8 0.10022939924993561 0.08411300683195425 -2.69905678340216E-8 0.10718472765269553 0.1025068647656613 -3.320829193600785E-8 0.10924917227588644
 1.440000 0.05653994897638809 -6.941355294566776E-9 0.09040420743153489 0.06765446326333183 -3.4853190066059215E-8 0.10022855223737824 0.08412449608970908 -2.7080756684277496E-8 0.10716187299201839 0.1025136294294467 -3.3242786447373295E-8 0.10921303579303886
 1.450000 0.05654060562957807 -7.134426951849909E-9 0.09039348258917979 0.0676481523334109 -3.485914707971143E-8 0.10022795043556663 0.08413629453412258 -2.717129115581612E-8 0.10713925413965183 0.10252062479154013 -3.327682809101751E-8 0.109176727778882
 1.460000 0.05654140838201792 -7.3276738300496954E-9 0.09038322901892153 0.06764221002938296 -3.486585450568208E-8 0.10022759093720204 0.0841484012399769 -2.726231731116361E-8 0.10711686621065689 0.10252784881268036 -3.331044261159299E-8 0.10914024473759842
 1.470000 0.05654235593741104 -7.520853928903444E-9 0.09037344296261735 0.06763663463168801 -3.487328938635126E-8 0.10022747093495897 0.08416081547586106 -2.735394772234977E-8 0.10709470445740873 0.10253529964972151 -3.3343722891119683E-8 0.10910358313027226
 1.480000 0.05654344710924987 -7.7137476389998E-9 0.09036412088916082 0.06763142462042071 -3.488134759425033E-8 0.10022758770031055 0.08417353667601833 -2.7446222650700336E-8 0.10707276426153355 0.10254297562884629 -3.33767712490165E-8 0.10906673935357798
 1.490000 0.05654468080208134 -7.906206436642808E-9 0.0903552594331383 0.06762657863586984 -3.488991705842629E-8 0.10022793855960825 0.08418656440141412 -2.7539123445968874E-8 0.10705104113080323 0.10255087521017354 -3.3409662054136884E-8 0.10902970975069126
 1.500000 0.056546055994770444 -8.098138615658493E-9 0.09034685535292836 0.06762209544611295 -3.489890796254469E-8 0.10022852087557185 0.08419989830491072 -2.7632603009788388E-8 0.10702953069785738 0.10255899695600064 -3.344243318218306E-8 0.10899249062657711
 1.510000 0.05656421383061533 -8.253003355347274E-9 0.09036778359096352 0.06764601855889416 -3.604610914094738E-8 0.10025757748564339 0.08423584416039363 -2.717256363369735E-8 0.1070460084814213 0.102593663428126 -3.3816984189804545E-8 0.10897720904085915
 1.520000 0.05660894155489638 -8.384525695646757E-9 0.0904030006558193 0.06770131138765416 -3.766249267453666E-8 0.10029592924877535 0.08430353467879334 -2.6492478465023437E-8 0.10706218455438044 0.10265890530915235 -3.4396925421846786E-8 0.1089655011422106
 1.530000 0.05667207515362047 -7.99259361451812E-9 0.09045428347542438 0.06778105179440358 -3.937872560961508E-8 0.10034343870240119 0.08439847042786819 -2.5733825929713684E-8 0.10707952009570541 0.10275208866522441 -3.509816714676473E-8 0.10895262086616575
 1.540000 0.05674793915227998 -7.576676025752606E-9 0.09051986337526763 0.06787850826247276 -4.095612410442163E-8 0.10039862317405467 0.08451289380903118 -2.4993369534821082E-8 0.10709817541719971 0.10286530432930896 -3.580803693282055E-8 0.10893682904756737
 1.550000 0.05683151884645351 -7.237743672968675E-9 0.09059597214899467 0.06798728895182173 -4.239869992654812E-8 0.10045917045650496 0.08463953795470387 -2.4274402171781754E-8 0.10711754343669878 0.10299075053458892 -3.6500510296707713E-8 0.10891845653791983
 1.560000 0.05691921623675413 -6.9541259829833565E-9 0.09067822472993965 0.06810231040900659 -4.379991855908017E-8 0.1005228356097899 0.0847728875458086 -2.35603679480741E-8 0.10713726553253333 0.10312270866593617 -3.719142775413339E-8 0.1088984422798642
 1.570000 0.05700879589407068 -6.716298364396469E-9 0.09076323976286911 0.06822020597104075 -4.519112561616049E-8 0.1005878769595423 0.08490929401987518 -2.2876715941882997E-8 0.10715715534247917 0.10325755077507136 -3.7878348063316244E-8 0.10887754991525463
 1.580000 0.057099048263018926 -6.508830224158944E-9 0.09084901272106868 0.06833911669225552 -4.657303973343955E-8 0.10065322376269904 0.08504672211374814 -2.224462989143649E-8 0.10717708133780866 0.10339328763319057 -3.855096121890856E-8 0.10885617256274742
 1.590000 0.0571894918429155 -6.320793267011353E-9 0.0909346918653479 0.06845828344847878 -4.793335838457419E-8 0.10071843567455806 0.08518434963373925 -2.1671075531598907E-8 0.10719699963254874 0.10352911366624318 -3.919819391358534E-8 0.10883443300706842
 1.600000 0.05728005964805065 -6.144730291295076E-9 0.09102014737948438 0.06857762552883542 -4.925786746968957E-8 0.1007834041716282 0.08532207645270513 -2.1153872957343826E-8 0.10721685079088647 0.10366492113817771 -3.981176057464479E-8 0.10881229158802211
 1.610000 0.057370909424934356 -5.974019508498407E-9 0.09110559809448512 0.0686973794521424 -5.053402177227405E-8 0.10084823452120523 0.0854601614056127 -2.0687606144395533E-8 0.10723663149955352 0.10380095775838516 -4.038650839521383E-8 0.10878966615956139
 1.620000 0.057462288512911124 -5.80201949356332E-9 0.09119137167110869 0.06881789354291241 -5.17522254910067E-8 0.10091310418683466 0.085598982270037 -2.0267583737608572E-8 0.10725637009905174 0.10393759142513306 -4.0919548318687875E-8 0.10876648148675949
 1.630000 0.05755444268586406 -5.622320287794756E-9 0.09127777492702815 0.06893950252344161 -5.29060081064844E-8 0.10097818349737808 0.08573889904550538 -1.9890527405960955E-8 0.10727610214019938 0.10407517457411354 -4.1409457702173426E-8 0.10874268044056468
 1.640000 0.057647572552463805 -5.429216388218679E-9 0.09136504083710693 0.0690624709948373 -5.399158124843206E-8 0.1010436024084448 0.08588019484255613 -1.955396424056488E-8 0.10729585667680477 0.10421398406901668 -4.1855765444582046E-8 0.10871822021289292
 1.650000 0.0577418221701407 -5.21786996795276E-9 0.09145332095449037 0.06918698160505254 -5.5007326574495824E-8 0.10110944446004097 0.08602306416807581 -1.925551112185029E-8 0.10731565176075815 0.10435420850198585 -4.225869469765936E-8 0.10869306686457414
 1.660000 0.057837285221603606 -4.9842408162489225E-9 0.09154269878977005 0.06931314596511867 -5.595333341730583E-8 0.1011757538438271 0.08616762505451214 -1.899247239985425E-8 0.10733549548127273 0.10449595986287324 -4.2619008596075933E-8 0.10866719206058507
 1.670000 0.05793401814286774 -4.724916168604448E-9 0.09163320942906279 0.06944102374113721 -5.683099966345434E-8 0.10124254668857895 0.08631393964678193 -1.876174151349765E-8 0.10735538920893319 0.10463929403295849 -4.2937867788978094E-8 0.10864057157016058
 1.680000 0.05803205370100154 -4.436926558704071E-9 0.09172485785924843 0.06957064163573226 -5.764269174454416E-8 0.10130982175642193 0.08646203453675495 -1.855986646721386E-8 0.10737533087896707 0.1047842311826592 -4.321669470656315E-8 0.10861318444091743
 1.690000 0.058131411915708475 -4.117593388182452E-9 0.0918176329672733 0.0697020084667572 -5.83914520779933E-8 0.1013775685766248 0.0866119168876009 -1.8383163573846914E-8 0.10739531738775476 0.10493077199538539 -4.345706715606133E-8 0.10858501229978278
 1.700000 0.05823210748900605 -3.764419088963969E-9 0.09191151673380614 0.06983512539179608 -5.908074669812361E-8 0.10144577271814045 0.08676358536437373 -1.822782406356702E-8 0.10741534600253146 0.10507890869119163 -4.366065073839175E-8 0.10855603873095908
 1.710000 0.0583341541079 -3.375012314060982E-9 0.09200648937489182 0.06996999182606417 -5.971425302992817E-8 0.10151441869069043 0.08691703645566985 -1.808999877702938E-8 0.10743541503852674 0.10522863143065342 -4.382916240559078E-8 0.10852624885076824
 1.720000 0.05843756643292602 -2.947036752247502E-9 0.0921025315909747 0.0701066081726824 -6.029568906027097E-8 0.10158349119363533 0.08707226737624969 -1.7965862392629595E-8 0.1074555241062133 0.10537993129505481 -4.396434990706428E-8 0.10849562915921454
 1.730000 0.058542360609721796 -2.478175256458394E-9 0.09219962503181127 0.07024497651575104 -6.082868351976787E-8 0.10165297537346912 0.0872292767794722 -1.7851661047994685E-8 0.10747567415461083 0.10553280107743221 -4.4067975286372545E-8 0.1084641676584535
 1.740000 0.058648553978911264 -1.966105220828104E-9 0.09229775183700892 0.07038510020783524 -6.131668296256664E-8 0.10172285658484745 0.08738806427937501 -1.7743745454606134E-8 0.10749586744384698 0.1056872348878139 -4.414179628822582E-8 0.1084318541719066
 1.750000 0.05875616445084954 -1.408483592220626E-9 0.09239689382470494 0.07052698299642826 -6.17628904767913E-8 0.10179311997545332 0.08754862947671059 -1.763859104098256E-8 0.10751610751217403 0.10584322726931533 -4.418754506852397E-8 0.10839868078733056
 1.760000 0.05886520982446591 -8.029402573472888E-10 0.09249703165619981 0.07067062807414672 -6.21702299523887E-8 0.10186375007406828 0.08771097090431687 -1.7532807600243962E-8 0.1075363991630717 0.10600077224240823 -4.42069055733611E-8 0.10836464236454699
 1.770000 0.058975707188623626 -1.4707901692801742E-10 0.09259814412930742 0.07081603724216114 -6.25413309645587E-8 0.10193473046384795 0.08787508509658098 -1.742314052534291E-8 0.1075567484782184 0.1061598624837715 -4.42014922712529E-8 0.10832973707333028
 1.780000 0.05908767245220846 5.615148433339664E-10 0.09270020764474604 0.07096321024945954 -6.287852964449894E-8 0.10200604356378483 0.08804096585065364 -1.730646721099755E-8 0.10757716285324465 0.10632048870862844 -4.417283164292489E-8 0.10829396694714814
 1.790000 0.059201119997327245 1.325261892182237E-9 0.09280319583280995 0.0711121443001634 -6.31838823266643E-8 0.10207767051068445 0.08820860367115008 -1.7179791044538387E-8 0.10759765104971356 0.10648263924908416 -4.412234786087053E-8 0.1082573384504174
 1.800000 0.0593160624270756 2.146571040483486E-9 0.09290707930471714 0.07126283369070262 -6.345918854270327E-8 0.10214959112186375 0.08837798535749303 -1.7040235060198874E-8 0.10761822325594654 0.10664629978790836 -4.4051352523508476E-8 0.10821986306159523
 1.810000 0.05943251037444004 3.0278185107951466E-9 0.0930118254901785 0.0714152695328025 -6.370602131728914E-8 0.10222178391735326 0.08854909368703315 -1.688503661929999E-8 0.1076388911497728 0.10681145320075086 -4.396103887210997E-8 0.10818155787420133
 1.820000 0.05955047234351509 3.9713237355569826E-9 0.09311739852982116 0.07156943952510514 -6.392576235627218E-8 0.10229422618418936 0.08872190715475536 -1.6711543811114956E-8 0.10765966795744418 0.10697807946695388 -4.3852479629977464E-8 0.10814244621490134
 1.830000 0.05966995456247622 4.979322722467977E-9 0.09322375920160933 0.07172532774785033 -6.411964039802905E-8 0.10236689407088168 0.08889639974309342 -1.6517214055499075E-8 0.10768056850443965 0.10714615562127404 -4.372662845226912E-8 0.1081025582734918
 1.840000 0.05979096083619218 6.053939756993833E-9 0.09333086487078898 0.07188291446680604 -6.428877134604559E-8 0.10243976270535723 0.08907254070816617 -1.6299614785927755E-8 0.10770160925545366 0.1073156557309753 -4.358432437074831E-8 0.10806193173490793
 1.850000 0.059913492393376434 7.197157930897138E-9 0.0934386694613939 0.07204217594230942 -6.443419861490003E-8 0.10251280633373303 0.0892502943792666 -1.6056426338449764E-8 0.10772280834252283 0.10748655089248393 -4.3426298817954025E-8 0.10802061239857845
 1.860000 0.06003754772814399 8.410789328323386E-9 0.09354712345344209 0.07220308424617014 -6.455693294346604E-8 0.10258599847982505 0.08942961997587853 -1.5785446869468456E-8 0.1077441855819116 0.10765880924849834 -4.325318535613704E-8 0.10797865476602585
 1.870000 0.06016312243890744 9.696445471685853E-9 0.09365617391379165 0.07236560709337554 -6.465799044862042E-8 0.10265931212655992 0.08961047145099424 -1.548459952541357E-8 0.10776576248223159 0.1078323960302273 -4.3065531373416866E-8 0.1079361225738234
 1.880000 0.060290209069012335 1.1055508775506183E-8 0.09376576457048738 0.07252970769739511 -6.473842827663507E-8 0.10273271992065522 0.089792797371437 -1.5151941427965104E-8 0.10778756224838332 0.10800727363081944 -4.286381206504636E-8 0.10789308924627776
 1.890000 0.060418796953647484 1.2489105735510362E-8 0.09387583594074084 0.07269534465782401 -6.479937708969039E-8 0.10280619440136339 0.08997654084560715 -1.478567478281002E-8 0.1078096097883102 0.10818340171567337 -4.2648446063447634E-8 0.10784963824117991
 1.900000 0.060548872076788586 1.399808254197992E-8 0.09398632552178697 0.07286247188742116 -6.484206979939848E-8 0.10287970825316195 0.09016163950695939 -1.4384159937909388E-8 0.10783193173247738 0.10836073737334502 -4.241981269068066E-8 0.10780586326298948
 1.910000 0.060680416940166036 1.5582983484383357E-8 0.09409716805186163 0.07303103858242178 -6.48678660849013E-8 0.10295323458110654 0.09034802555754111 -1.3945930186585568E-8 0.1078545564792357 0.10853923530769197 -4.217827015065097E-8 0.10776186832181192
 1.920000 0.060813410443683866 1.7244032835099255E-8 0.0942082958457835 0.0732009892353587 -6.487827219148973E-8 0.10302674720663914 0.09053562587024905 -1.3469708137333603E-8 0.1078775142830886 0.10871884806738934 -4.1924174241137463E-8 0.107717767623745
 1.930000 0.06094782777294172 1.8981120663506264E-8 0.09431963920613047 0.07337226368325717 -6.487495583922735E-8 0.10310022098109622 0.09072436214071038 -1.2954423155907772E-8 0.10790083740728683 0.10889952630327182 -4.165789667287462E-8 0.1076736852892769
 1.940000 0.061083640284453095 2.0793792545503545E-8 0.09443112690793924 0.07354479717592793 -6.485975590631799E-8 0.10317363211505401 0.09091415107014704 -1.2399229349431798E-8 0.10792456036785232 0.10908121903673368 -4.1379842401842105E-8 0.1076297549111856
 1.950000 0.06122081537170329 2.2681243975801296E-8 0.09454268675353635 0.07371852043848041 -6.483468689286395E-8 0.10324695852513892 0.09110490454876162 -1.1803522741793219E-8 0.10794872030409686 0.10926387391446883 -4.109046471394183E-8 0.10758611898184242
 1.960000 0.061359316284045055 2.464231932669088E-8 0.094654246198683 0.07389335968836656 -6.480193778241123E-8 0.10332018020944303 0.09129652979533742 -1.1166956822162539E-8 0.10797335752373513 0.1094474374169588 -4.079027715613353E-8 0.1075429282408464
 1.970000 0.061499101852311396 2.6675515989405373E-8 0.09476573306970709 0.07406923654828598 -6.476386527357319E-8 0.1033932796848502 0.09148892939274034 -1.0489454794229717E-8 0.10799851629368595 0.10963185498255743 -4.047986153884117E-8 0.1075003410153863
 1.980000 0.061640126043996775 2.8778994725909665E-8 0.09487707644162241 0.07424606776892403 -6.472298051147916E-8 0.10346624256989684 0.09168200114263014 -9.771216802166882E-9 0.10802424598897449 0.10981707100798248 -4.015987110934439E-8 0.10745852264090083
 1.990000 0.06178233721530776 3.095059755317632E-8 0.09498820786727212 0.07442376463368602 -6.468192805626198E-8 0.1035390585097189 0.09187563765150183 -9.01272130128753E-9 0.10805060278096347 0.11000302868911177 -3.983102877287941E-8 0.10741764504072426
 2.000000 0.06192567682818635 3.31878768739046E-8 0.09509906341993767 0.07460223185488611 -6.464345470759275E-8 0.1036117228948933 0.09206972557654405 -8.214719470080716E-9 0.10807765213673902 0.11018966965354486 -3.949412251911565E-8 0.10737788646166149
 2.010000 0.06206120658303367 3.6073781465589794E-8 0.09520840315951831 0.07477068038613807 -6.456271446778066E-8 0.10367391888110454 0.09223655740294093 -7.008300678464686E-9 0.10811413469983978 0.11035630499845797 -3.9449881202725806E-8 0.10738250237208025
 2.020000 0.06217849596438983 3.7194512532634196E-8 0.09530890268938252 0.0749161186712638 -6.42849025617849E-8 0.10373186197739234 0.09237539396135594 -6.1774423193217554E-9 0.10815608253316938 0.11050100882702561 -3.9258784962051325E-8 0.1074113932198209
 2.030000 0.062277260480394676 3.8806234695486205E-8 0.09539901159491172 0.07503826307954026 -6.415674778516912E-8 0.10378638856771212 0.09249004764777585 -5.395947376686024E-9 0.10820104639595869 0.1106236699550246 -3.915412473656537E-8 0.1074477073765431
 2.040000 0.06236041828586659 4.005508228848502E-8 0.09547837404753404 0.07514149846543404 -6.425605826611814E-8 0.10383620848221801 0.09258524904005204 -4.7971063260341936E-9 0.10824684343366756 0.11072697691206311 -3.909411778913834E-8 0.1074867245432659
 2.050000 0.062432922835821116 4.1616955230306885E-8 0.09554817991181142 0.0752315469473674 -6.442121358064859E-8 0.10388087199800893 0.09266647775612152 -4.295872027651394E-9 0.10829238109639078 0.11081623877125846 -3.908702511341435E-8 0.10752796258509938
 2.060000 0.062498994622254854 4.2935945009508726E-8 0.09561048712196675 0.07531339226461442 -6.466421357662049E-8 0.10392139061209618 0.09273891746448042 -3.898754602007824E-9 0.10833752982451873 0.11089691207163475 -3.9083562753550474E-8 0.10757124465177517
 2.070000 0.06256196589797162 4.4375918964982557E-8 0.09566808649398155 0.07539101588321175 -6.493231171081661E-8 0.1039593170982832 0.09280671996521264 -3.5190318759769497E-9 0.10838262405082688 0.11097324907844275 -3.9094715854274045E-8 0.10761605843949515
 2.080000 0.06262397191766961 4.570583923526374E-8 0.09572353229380139 0.0754671751089588 -6.52316557079617E-8 0.10399613943362174 0.09287282219925583 -3.1612578051810487E-9 0.10842804997750305 0.11104814624386508 -3.910212819137434E-8 0.10766187458099435
 2.090000 0.0626863703368321 4.7108002009433665E-8 0.0957787514001652 0.07554365202100502 -6.554192415313161E-8 0.10403290938240611 0.09293908378184607 -2.791990526238542E-9 0.1084741091822767 0.11112338554270808 -3.911941838641841E-8 0.10770832329337379
 2.100000 0.06274986289071735 4.8475095102995087E-8 0.09583485590918532 0.0756214147146525 -6.586401064750637E-8 0.10407024556053938 0.0930065281553121 -2.4253915583870143E-9 0.10852098521331398 0.11119993546707746 -3.913937580824377E-8 0.10775522516167403
 2.110000 0.06281477538908296 4.989038777122809E-8 0.09589235127969516 0.07570089732910175 -6.619149847387136E-8 0.1041084151296394 0.09307560207016606 -2.0510243757009706E-9 0.10856877327130236 0.11127821505823574 -3.9168588508922335E-8 0.10780252178616345
 2.120000 0.06288116544546943 5.1305574971448064E-8 0.09595134059180054 0.07578218557621036 -6.652511466131037E-8 0.1041474786467114 0.09314639823948473 -1.677693527233659E-9 0.10861750933522388 0.11135830964880608 -3.920251665956937E-8 0.10785021901995825
 2.130000 0.0629489698033014 5.275771509301746E-8 0.09601174256284578 0.07586519402997007 -6.686258425240516E-8 0.10418738910998515 0.09321882485863331 -1.300230945606816E-9 0.10866720092200707 0.1114401290634524 -3.924352245303279E-8 0.10789834539407586
 2.140000 0.06301806328424568 5.4224444292116814E-8 0.0960734071506873 0.07594976413150692 -6.720376976918501E-8 0.10422806681758753 0.09329271776591708 -9.219096913134971E-10 0.10871784525424498 0.11152351413902277 -3.9289065405247594E-8 0.10794693599662505
 2.150000 0.06308832009327468 5.5721142175639745E-8 0.09613619012026764 0.07603573417491744 -6.754761665833457E-8 0.10426943278523154 0.09336790679329739 -5.397251033890487E-10 0.10876944100801492 0.11160829954451848 -3.9340029461999867E-8 0.10799602386742681
 2.160000 0.0631596305385735 5.722864683774377E-8 0.09619997478380776 0.07612296638803887 -6.789408268468592E-8 0.1043114256672661 0.09344424821748223 -1.5579434545638859E-10 0.10882199192156268 0.11169434550641641 -3.939452420011383E-8 0.10804563792285493
 2.170000 0.06323191511278535 5.877264036922875E-8 0.09626468099644045 0.07621136035440011 -6.824346241668144E-8 0.10435400332913818 0.09352163620526549 2.328734719190256E-10 0.10887550753804053 0.11178154886041736 -3.945377877069364E-8 0.10809580123742464
 2.180000 0.06330512105264535 6.033571636900001E-8 0.09633025869895247 0.07630085023547847 -6.859481724208372E-8 0.10439714109536599 0.09360000199856608 6.243675839735275E-10 0.10893000166444554 0.1118698424885274 -3.951702045258124E-8 0.10814653109081145
 2.190000 0.06337921981537055 6.192315221386576E-8 0.09639668221234589 0.07639139975538059 -6.894781114271583E-8 0.10444082706358952 0.09367930762721549 1.019329199009325E-9 0.10898549100544429 0.11195918912132564 -3.958486460622399E-8 0.10819783910003264
 2.200000 0.06345419933358737 6.353124885299912E-8 0.09646394241699738 0.07648299369302788 -6.930263401879048E-8 0.10448505854597068 0.0937595378567693 1.4167977386760947E-9 0.1090419939373214 0.11204957347757628 -3.965682255443018E-8 0.10824973215380886
 2.210000 0.06353005923211995 6.516261240706052E-8 0.09653204144543472 0.07657563110566352 -6.965946818328363E-8 0.10452983863516213 0.0938406926591271 1.8169237810221957E-9 0.1090995298562202 0.11214099481022886 -3.973310049781983E-8 0.10830221330656889
 2.220000 0.06360680543750746 6.681569185883427E-8 0.09660098783808514 0.07666931914856061 -7.001822759683065E-8 0.10457517399682373 0.09392278106514376 2.2190440443189325E-9 0.10915811873302557 0.11223346085772593 -3.981358923779761E-8 0.10835528277792711
 2.230000 0.06368444717742046 6.849140683848693E-8 0.09667079359105892 0.07676406899086903 -7.037874672486683E-8 0.10462107313371068 0.09400581669990515 2.622952785451599E-9 0.1092177809017956 0.11232698341541303 -3.989849342644779E-8 0.1084089386671283
 2.240000 0.06376299443633515 7.018909260699275E-8 0.09674147187630464 0.07685989284787949 -7.074080464991597E-8 0.10466754537235541 0.0940898148105197 3.028156666646298E-9 0.10927853689093872 0.11242157539550277 -3.9987864867100405E-8 0.1084631774747582
 2.250000 0.06384245679114955 7.190910324706394E-8 0.09681303581635595 0.07695680235646667 -7.1104160022097E-8 0.10471460016873402 0.09417479050363818 3.4343551874223997E-9 0.10934040731516363 0.11251724906109557 -4.0081844541411844E-8 0.10851799434850871
 2.260000 0.06392284260391545 7.365113670854759E-8 0.09688549768600647 0.07705480762947363 -7.146853291230119E-8 0.10476224677811918 0.09426075783426024 3.841123507105349E-9 0.10940341277279673 0.11261401510158066 -4.018048800758069E-8 0.1085733831636746
 2.270000 0.06400415882615086 7.541527415357105E-8 0.09695886860699938 0.07715391691763285 -7.183361353493914E-8 0.10481049408783898 0.0943477294552571 4.248101595281636E-9 0.10946757376912751 0.11271188224856646 -4.028387163614509E-8 0.10862933645966762
 2.280000 0.06408641091872258 7.72013097784827E-8 0.09703315841966843 0.0772541365175593 -7.219905767294559E-8 0.10485935060359577 0.09443571658401521 4.654866897282567E-9 0.10953291064777193 0.11281085720101791 -4.039202745885232E-8 0.10868584530955804
 2.290000 0.06416960296521282 7.900917152700018E-8 0.09710837572269551 0.07735547085721269 -7.256449092105486E-8 0.10490882448945961 0.09452472912459726 5.0610100032370014E-9 0.10959944353596177 0.1129109446956466 -4.050498663060483E-8 0.10874289914581241
 2.300000 0.06425373776763671 8.08386519836053E-8 0.09718452793569984 0.07745792260236699 -7.29295065819653E-8 0.10495892364803067 0.09461477583595738 5.466082816154358E-9 0.10966719229235873 0.11301214761931577 -4.0622753530194255E-8 0.10880048557660578
 2.310000 0.06433881696516427 8.268957629849092E-8 0.09726162137880645 0.0775614927639688 -7.329366656875144E-8 0.10500965579783383 0.09470586448826385 5.869628640169151E-9 0.10973617645614789 0.11311446710551562 -4.0745322683699235E-8 0.10885859020000879
 2.320000 0.06442484110072572 8.456169254124023E-8 0.09733966131627614 0.07766618075720418 -7.36564998243151E-8 0.10506102854483292 0.09479800197796442 6.271161208490189E-9 0.10980641519097831 0.1132179025886267 -4.087266763117073E-8 0.10891719642638219
 2.330000 0.06451180966557002 8.645473736425964E-8 0.097418651971973 0.07777198441994326 -7.401750213214179E-8 0.10511304943551582 0.0948911943944599 6.670176787623983E-9 0.10987792722286342 0.11332245180918257 -4.100474682237347E-8 0.10897628530897223
 2.340000 0.06459972110179497 8.836839046404848E-8 0.09749859650571852 0.07787889998442316 -7.437613500169081E-8 0.1051657259956422 0.09498544704075232 7.066146018091934E-9 0.10995073077009601 0.11342811077403639 -4.114149825588114E-8 0.10903583538516513
 2.350000 0.0646885727839407 9.030229896520807E-8 0.0975794969628106 0.07798692201617087 -7.473182519504946E-8 0.10521906575430852 0.09508076441620499 7.458519044659567E-9 0.11002484346580874 0.1135348736800104 -4.1282840769821555E-8 0.10909582252798534
 2.360000 0.06477836097738791 9.225605777763289E-8 0.09766135419916794 0.07809604332539472 -7.508396394072761E-8 0.1052730762585404 0.09517715017002305 7.846722589574209E-9 0.11010028227341988 0.11364273281067104 -4.1428670968145266E-8 0.10915621980941217
 2.370000 0.06486908078612873 9.422921751803158E-8 0.09774416779177282 0.07820625486158224 -7.543190651500324E-8 0.10532776508063603 0.09527460703356926 8.23016252846066E-9 0.11017706339606245 0.11375167841508896 -4.1578862750823954E-8 0.10921699737663658
 2.380000 0.06496072609123492 9.622127497930073E-8 0.09782793593837145 0.0783175455964848 -7.577497171115649E-8 0.10538313982171289 0.0953731367376619 8.608223225596181E-9 0.11025520218072588 0.11386169857579177 -4.1733265163159294E-8 0.10927812234366867
 2.390000 0.06505328948632447 9.823167474115565E-8 0.09791265535200916 0.07842990240148022 -7.611244177664456E-8 0.10543920811299017 0.09547273991933028 8.980269315166295E-9 0.11033471301805503 0.11397277907149722 -4.189170145905856E-8 0.10933955870079025
 2.400000 0.06514676221104784 1.0025980383802697E-7 0.09799832115292322 0.07854330992221738 -7.64435624699055E-8 0.10549597761638252 0.09557341602078938 9.345646240083559E-9 0.11041560923849833 0.11408490323864655 -4.205396752256888E-8 0.10940126724504058
 2.410000 0.06524113408525363 1.0230499077538082E-7 0.09808492676051492 0.07865775045326212 -7.676754321601992E-8 0.10555345602497392 0.09567516318221546 9.703681843765483E-9 0.11049790300557293 0.11419805183467642 -4.221983088194057E-8 0.10946320553497567
 2.420000 0.06533639344417015 1.0436650217230423E-7 0.09817246378671558 0.0787732038139909 -7.708355777535346E-8 0.10561165106386869 0.09577797812898166 1.0053687633325845E-8 0.11058160520692364 0.11431220290507998 -4.2389029750832156E-8 0.10952532787314248
 2.430000 0.06543252707552003 1.0644354092212167E-7 0.09826092193203637 0.07888964722676815 -7.73907450650667E-8 0.10567057049151184 0.09588185605347697 1.0394960622929371E-8 0.11066672534394206 0.11442733165583864 -4.256127230313189E-8 0.10958758531949925
 2.440000 0.06552952015855097 1.0853524390205085E-7 0.09835028888505153 0.07900705519784089 -7.768821032229874E-8 0.10573022210159816 0.09598679049128862 1.072678517222201E-8 0.11075327142069626 0.11454341033235085 -4.2736236146532394E-8 0.10964992573878114
 2.450000 0.06562735620518247 1.1064068019844838E-7 0.09844055022603648 0.07912539940125005 -7.79750266684456E-8 0.1057906137256054 0.09609277319138011 1.10484351796188E-8 0.11084124983301498 0.11466040810579566 -4.291356815577182E-8 0.1097122938842449
 2.460000 0.06572601700309144 1.1275884942806869E-7 0.09853168933527379 0.07924464856578757 -7.825023684707446E-8 0.10585175323609183 0.0961997939798295 1.1359176437307248E-8 0.11093066525858203 0.11477829096756995 -4.3092884367227684E-8 0.10977463151955542
 2.470000 0.06582548256058346 1.1488868062829809E-7 0.09862368730644795 0.07936476836486431 -7.851285543638433E-8 0.10591364855095543 0.09630784061669895 1.1658269214456365E-8 0.1110215205489791 0.11489702163229831 -4.3273770329454484E-8 0.10983687757962128
 2.480000 0.06592573105289405 1.1702903118512624E-7 0.09871652286543639 0.0794857213089684 -7.876187139327853E-8 0.10597630763899821 0.09641689864562707 1.1944971205185797E-8 0.1111138166245922 0.1150165594495326 -4.345578149606919E-8 0.10989896837012397
 2.490000 0.06602673876945243 1.1917868649653616E-7 0.09881017229466728 0.07960746664017394 -7.899625075686092E-8 0.10603973852725813 0.09652695123578187 1.2218540659208689E-8 0.11120755237332768 0.1151368603239859 -4.3638443894816275E-8 0.10996083780418717
 2.500000 0.06612848006142173 1.2133636004375757E-7 0.09890460936305333 0.07972996022791387 -7.921493992931988E-8 0.10610394931072968 0.09663797901585348 1.2478239790672329E-8 0.11130272455403582 0.11525787664370722 -4.3821254999617324E-8 0.11002241767322628
 2.510000 0.06622159316013573 1.2303442373091096E-7 0.09899077508814913 0.07982349922129454 -7.947896541827432E-8 0.10618589213872824 0.0967303344877929 1.2694903368274096E-8 0.11137306367134334 0.11534592751466342 -4.3754039789587323E-8 0.11003858170638905
 2.520000 0.06630206414268175 1.2469687777688922E-7 0.09907248512754918 0.07990035670746207 -7.96369759773392E-8 0.1062704982638471 0.09681114672743953 1.2905940685760226E-8 0.11143586299659047 0.11541526665602775 -4.355845971567067E-8 0.11003069639458861
 2.530000 0.06637380389087882 1.264387227218781E-7 0.09914972673374027 0.07996811044870591 -7.969241201398239E-8 0.10635217060024527 0.09688454439645787 1.3141743157525492E-8 0.11149656497507603 0.11547577997226323 -4.338211269223642E-8 0.11001581558550043
 2.540000 0.06643993978806197 1.2814919964252428E-7 0.09922165991556757 0.08002944017110536 -7.969312867773562E-8 0.10643056218767426 0.09695139570997013 1.3369645588798396E-8 0.11155667227066607 0.11553007292220803 -4.324531706336534E-8 0.11000116439214593
 2.550000 0.06650237209953344 1.2988714495024804E-7 0.0992888045953924 0.08008579163393262 -7.967781751323494E-8 0.10650681989140934 0.09701275763843456 1.3584638810310816E-8 0.11161690538165414 0.11557911223104766 -4.313406357078762E-8 0.10998851534594592
 2.560000 0.06656234013821025 1.3164094755890574E-7 0.09935258434095864 0.08013848839570638 -7.965880279965263E-8 0.10658217022659587 0.09707015509706113 1.378095447067623E-8 0.11167758824636337 0.11562413159591285 -4.3028515161503165E-8 0.10997765042276814
 2.570000 0.06662084506962504 1.3343254397807494E-7 0.09941452982420625 0.08018880929338469 -7.963019913112696E-8 0.1066575132948587 0.09712509510056977 1.3966881513532063E-8 0.1117388138671808 0.11566648399977617 -4.291990242789111E-8 0.10996791098052501
 2.580000 0.06667866315293933 1.352411749442583E-7 0.09947580933315082 0.08023781035078341 -7.958718299904106E-8 0.10673342411636803 0.09717878490567856 1.4147086546496537E-8 0.11180057912590631 0.11570730148660326 -4.280317436758252E-8 0.10995870239871197
 2.590000 0.06673636915682694 1.3706985108145875E-7 0.09953716457120895 0.08028625370342812 -7.95271965819892E-8 0.10681023896080995 0.09723207185730312 1.432812919347518E-8 0.11186285704935132 0.11574738235381828 -4.2678234924774626E-8 0.1099496055341125
 2.600000 0.06679433613129669 1.389103644871466E-7 0.09959900360544215 0.0803346206451112 -7.945021522786228E-8 0.10688814494733297 0.09728548805717134 1.4511025830476882E-8 0.11192562437402631 0.11578722358795678 -4.25450489626645E-8 0.10994037304171835
 2.610000 0.06685278298112343 1.407646333994464E-7 0.0996615274200323 0.08038317899496204 -7.935679447960954E-8 0.10696724225477877 0.09733932875096757 1.4695921534929795E-8 0.11198886932027542 0.11582709685069381 -4.240442084108155E-8 0.1099308880350575
 2.620000 0.0669118146603033 1.4262952676518365E-7 0.09972481978404202 0.08043204986136955 -7.924781890314391E-8 0.107047584232315 0.097393728760793 1.488093893891077E-8 0.11205258942018853 0.11586712221761276 -4.225641115493753E-8 0.1099211156446696
 2.630000 0.06697146493998586 1.4450458172626736E-7 0.09978890335658 0.08048126428925588 -7.912423605687531E-8 0.10712919873405188 0.09744872454185526 1.5064777901276902E-8 0.11211678598283994 0.11590732694983477 -4.2101023869280994E-8 0.10991106163750734
 2.640000 0.06703172522677535 1.4638722313472029E-7 0.09985376910332593 0.08053080256606575 -7.898700776470709E-8 0.10721209945638839 0.09750429884154242 1.5246255817989374E-8 0.11218145883843025 0.11594768783563249 -4.193789923883966E-8 0.10990074553915191
 2.650000 0.06709256663630467 1.4827573667102968E-7 0.09991939250837102 0.0805806209419107 -7.883700236364101E-8 0.10729629181891269 0.09756041003134855 1.5424868563464275E-8 0.11224660354373682 0.11598815917885508 -4.176671982333988E-8 0.10989018715762033
 2.660000 0.06715395309862575 1.5016790560130686E-7 0.09998574228484214 0.0806306677226157 -7.867494654851024E-8 0.10738177684552476 0.09761700955010555 1.5600317511575573E-8 0.11231221094676425 0.11602868958087263 -4.158716372817802E-8 0.1098794022556449
 2.670000 0.06721584945269649 1.5206197498446183E-7 0.10005278574293384 0.08068089244062318 -7.850143985959589E-8 0.10746855391900846 0.09767405117057089 1.5772523502254418E-8 0.11237826816526149 0.11606923083574117 -4.139902685948215E-8 0.10986840258573217
 2.680000 0.06727822505044471 1.5395618757033984E-7 0.1001204919043133 0.08073125007681121 -7.831700155200583E-8 0.10755662277567782 0.09773149505792673 1.5941427579943574E-8 0.11244475988788896 0.11610974176709077 -4.120216882202176E-8 0.10985719723860826
 2.690000 0.06734105493827144 1.5584899234348558E-7 0.10018883314545926 0.08078170235982081 -7.812213242659795E-8 0.10764598466007412 0.09778930879178536 1.6107004166968625E-8 0.1125116693915055 0.11615018911038626 -4.099651251998724E-8 0.1098457938387209
 2.700000 0.06740431941732562 1.5773884394832522E-7 0.10025778561410766 0.08083221733581672 -7.79173618822152E-8 0.10773664274135364 0.09784746676267911 1.626922384703612E-8 0.112578979082776 0.1161905468479721 -4.0782002851333964E-8 0.1098341992629883
 2.710000 0.06746800297077153 1.5962421385228607E-7 0.10032732881118435 0.08088276816132357 -7.770328280299551E-8 0.10782860195008862 0.09790594883652216 1.6428071761403362E-8 0.11264667064759899 0.11623079487762258 -4.055859512068502E-8 0.10982241999272199
 2.720000 0.06753209297784309 1.615035111032041E-7 0.10039744466709212 0.08093333164873999 -7.74805704370145E-8 0.10792186847793736 0.09796473881722015 1.6583540477248055E-8 0.1127147249644211 0.11627091753238962 -4.0326241651038934E-8 0.1098104623003311
 2.730000 0.06759657854205507 1.633750758522259E-7 0.10046811644313056 0.08098388689968418 -7.724999256243838E-8 0.10801644914725052 0.09802382300757778 1.6735629335268696E-8 0.11278312192209225 0.11631090223143149 -4.0084891837688466E-8 0.10979833239340561
 2.740000 0.06766144952903656 1.6523715971865638E-7 0.10053932768124985 0.08103441416896408 -7.701241251573932E-8 0.10811235080302477 0.0980831890124069 1.688433233563076E-8 0.11285184022918382 0.11635073838744124 -3.98344933442029E-8 0.10978603656028764
 2.750000 0.06772669585137676 1.6708792959710772E-7 0.1006110613331953 0.08108489400849692 -7.676878845296732E-8 0.10820957980528231 0.0981428248291768 1.7029626122392007E-8 0.11292085725642921 0.11639041660073218 -3.957499676814865E-8 0.1097735813122734
 2.760000 0.06779230697074237 1.6892547102510285E-7 0.10068329910850227 0.08113530667364346 -7.65201695224667E-8 0.10830814164543671 0.09820271821144706 1.7171455238021712E-8 0.11299014892335356 0.11642992811598393 -3.93063592672482E-8 0.10976097350571232
 2.770000 0.06785827157759158 1.7074779898968602E-7 0.10075602102626774 0.08118563174896602 -7.626769033447852E-8 0.10840804067446876 0.09826285626046648 1.7309718392830988E-8 0.11305968962556334 0.11646926449269901 -3.90285474706077E-8 0.10974822043183263
 2.780000 0.06792457740158366 1.7255286958418533E-7 0.10082920512731802 0.08123584794064946 -7.601256357705247E-8 0.1085092799157836 0.09832322519044759 1.744425498342324E-8 0.1131294521941592 0.11650841743435278 -3.8741538873064906E-8 0.10973532987179307
 2.790000 0.0679912111132321 1.7433859561847542E-7 0.10090282729848822 0.08128593298701992 -7.57560720446059E-8 0.10861186093314212 0.09838381021578096 1.7574833081969813E-8 0.11319940787921895 0.1165473787258642 -3.8445322311096767E-8 0.10972231012126082
 2.800000 0.06805815828453003 1.7610286394616574E-7 0.1009768611671545 0.08133586364710738 -7.549955970669208E-8 0.10871578372862506 0.09844459551734805 1.7701138359985944E-8 0.11326952635169596 0.11658614023848617 -3.8139897517923715E-8 0.10970916999170024
 2.810000 0.06812540338528826 1.7784355599709536E-7 0.101051278035418 0.08138561573774303 -7.524442291702393E-8 0.10882104665206757 0.09850556425586805 1.7822764491632115E-8 0.11333977572077963 0.11662469397168716 -3.782527474312377E-8 0.10969591879534707
 2.820000 0.06819292979915839 1.7955857071130447E-7 0.10112604683418981 0.08143516419917221 -7.499210195131604E-8 0.10892764630947496 0.09856669861031601 1.7939204845338006E-8 0.11341012256588832 0.11666303211103889 -3.7501474380460953E-8 0.10968256631918001
 2.830000 0.06826071984937593 1.8124584973189943E-7 0.10120113408612312 0.08148448317699782 -7.474407298842087E-8 0.10903557746246986 0.09862797982767389 1.8049845472027582E-8 0.11348053198389979 0.11670114708866608 -3.7168526974999497E-8 0.10966912279126209
 2.840000 0.0683287548285817 1.8290340454304986E-7 0.10127650387241097 0.08153354611404674 -7.45018410037674E-8 0.10914483291384894 0.09868938827632298 1.815395942324966E-8 0.11355096765302998 0.11673903163831441 -3.682647397802196E-8 0.10965559884125227
 2.850000 0.06839701503002897 1.8452934445896345E-7 0.10135211780235252 0.0815823258496701 -7.426693345985168E-8 0.10925540337619909 0.09875090349950308 1.8250702282231845E-8 0.1136213919151177 0.11677667884082359 -3.647536908614039E-8 0.10964200545580235
 2.860000 0.06846547977931 1.8612190474292434E-7 0.10142793498704665 0.08163079472648214 -7.404089466766384E-8 0.10936727732162498 0.09881250426775286 1.8339108688881852E-8 0.11369176587816406 0.11681408215809841 -3.6115280159201576E-8 0.1096283539289922
 2.870000 0.06853412746659852 1.876794737952313E-7 0.10150391202002346 0.08167892470584534 -7.382528036733926E-8 0.10948044081141035 0.09887416863065007 1.841808966528357E-8 0.11376204954083195 0.11685123545499217 -3.574629180939345E-8 0.10961465580770549
 2.880000 0.0686029355797214 1.892006181080598E-7 0.10158000296864945 0.08172668749398929 -7.362165245420215E-8 0.1095948773050645 0.09893587396876105 1.8486430361587796E-8 0.1138322019403866 0.11688813300916943 -3.536850837119149E-8 0.10960092283185317
 2.890000 0.06867188073820381 1.9068410420300446E-7 0.10165615938090793 0.08177405468067013 -7.343157279643194E-8 0.10971056744890122 0.09899759704681393 1.8542787951641547E-8 0.11390218132520645 0.11692476950927556 -3.498205725468187E-8 0.10958716686951697
 2.900000 0.06874093872800024 1.9212891617380825E-7 0.10173233031279592 0.0818209978919232 -7.325659575570998E-8 0.10982748884513857 0.09905931406895081 1.858568915632442E-8 0.11397194535254876 0.11696114004182365 -3.45870922301387E-8 0.10957339984732345
 2.910000 0.06881008453599413 1.935342681628494E-7 0.10180846238224707 0.08186748895786455 -7.30982584015954E-8 0.1099456158035722 0.09912100073656117 1.861352763905678E-8 0.11404145131169768 0.1169972400672179 -3.4183796915031175E-8 0.10955963367669722
 2.920000 0.06887929238259997 1.9489961083372687E-7 0.10188449985608238 0.08191350009567495 -7.295806768015261E-8 0.11006491907916487 0.09918263230879783 1.8624560556958913E-8 0.11411065637195268 0.11703306538537633 -3.377238798439864E-8 0.10954588017699868
 2.930000 0.06894853574996178 1.9622463125163277E-7 0.10196038477707343 0.08195900410690767 -7.283748315211864E-8 0.11018536560041493 0.0992441836654358 1.8616904650713285E-8 0.11417951785411287 0.11706861209152614 -3.33531182025722E-8 0.1095321509969432
 2.940000 0.06901778740234461 1.9750924619698214E-7 0.1020360571387148 0.08200397458710887 -7.273789480145028E-8 0.11030691819505822 0.09930562937127649 1.8588531999240835E-8 0.11424799352319466 0.11710387652294055 -3.2926279085662394E-8 0.10951845753611159
 2.950000 0.06908701939439049 1.987535882867908E-7 0.10211145511555807 0.08204838614442807 -7.266059385418966E-8 0.11042953532138707 0.0993669437408761 1.8537265783678232E-8 0.1143160418990458 0.11713885519768397 -3.249220330448865E-8 0.10950481086874067
 2.960000 0.06915620306201832 1.9995798576069495E-7 0.10218651535705942 0.08209221462252933 -7.260673569305329E-8 0.11055317081511246 0.09942810090195138 1.8460776758483452E-8 0.11438362258036149 0.11717354474680516 -3.205126671174113E-8 0.10949122167236093
 2.970000 0.0692253089899599 2.011229360969686E-7 0.1022611733524523 0.08213543732173174 -7.257729298198057E-8 0.11067777366294915 0.09948907485548299 1.8356581570347738E-8 0.11445069657631375 0.11720794184187751 -3.160389027617887E-8 0.10947770016413452
 2.980000 0.06929430694938297 2.0224907479939532E-7 0.1023353638732948 0.08217803321109299 -7.257299720549655E-8 0.11080328781477308 0.0995498395302692 1.8222044210476014E-8 0.11451722663871924 0.11724204312027864 -3.115054196218936E-8 0.10946425604794967
 2.990000 0.0693631657988707 2.03337140739708E-7 0.1024090214986382 0.08221998312329971 -7.259426663780261E-8 0.11092965204585244 0.09961036882958903 1.805438259356593E-8 0.11458317758628445 0.11727584511113802 -3.069173884981801E-8 0.10945089847538435
 3.000000 0.0694318533425198 2.0438793988019107E-7 0.10248208122548971 0.08226126992397934 -7.264111841293564E-8 0.11105679987933516 0.09967063666783925 1.7850682710471278E-8 0.11464851661126421 0.11730934416543569 -3.022804965368758E-8 0.1094376360234867
 3.010000 0.06948523368590794 2.051131005873713E-7 0.10254261550345307 0.08231568834879953 -7.216027698147389E-8 0.1111081481870047 0.09972526306602598 1.7789758693229924E-8 0.11467540851643115 0.117349443092489 -2.998113952839748E-8 0.10942996655877127
 3.020000 0.0695164875123639 2.0573742861698388E-7 0.10259188037978197 0.08236152610559655 -7.166940024876908E-8 0.11112866734537381 0.09976910336594713 1.779406809204865E-8 0.1146807108273904 0.11738586715924532 -2.9903542390210755E-8 0.10942201565194565
 3.030000 0.06953444543703143 2.0607541332624246E-7 0.1026251674884102 0.08239220062648403 -7.112640055772452E-8 0.11113788678613841 0.09979849738403183 1.7795081981226872E-8 0.11467712493645915 0.117410911033249 -2.988740774504403E-8 0.10941257730701588
 3.040000 0.06954325018569807 2.0615944123196908E-7 0.10264350684667159 0.08240870811436873 -7.059292774262657E-8 0.11114086854374912 0.09981399194835146 1.7781360178077912E-8 0.11467106739971876 0.11742361001034589 -2.986803807298496E-8 0.10940335229573678
 3.050000 0.06954480781518188 2.06096558842428E-7 0.10265147656825524 0.08241442412414927 -7.013927665471549E-8 0.1111395479418617 0.09981866020407468 1.7771660647877723E-8 0.11466490174060558 0.1174265520526146 -2.984167618804129E-8 0.10939582862139022
 3.060000 0.0695409391020461 2.0594844516954972E-7 0.10265344148523549 0.08241277791406733 -6.977521766098605E-8 0.11113556412108225 0.09981584153709142 1.7757093813322106E-8 0.11465914513893999 0.11742284442118255 -2.981122035326384E-8 0.10939045917728991
 3.070000 0.06953344398584088 2.0573370360946209E-7 0.10265229308380125 0.08240647860298465 -6.948592081659042E-8 0.11113023372579489 0.09980823421380958 1.7726651837626274E-8 0.11465377388312678 0.11741494834136484 -2.977864042249669E-8 0.10938693201565325
 3.080000 0.0695237877467511 2.0546809275148227E-7 0.10264964785589764 0.08239745987875413 -6.925249890654397E-8 0.11112435343730659 0.09979780398937627 1.7677210081867803E-8 0.11464867546384803 0.11740459028663963 -2.974569874833372E-8 0.1093846355964245
 3.090000 0.06951301200236573 2.0516977018791025E-7 0.10264634292511127 0.08238703404577281 -6.905652590732264E-8 0.11111829256091312 0.09978590725920151 1.7611460562225655E-8 0.11464373723015177 0.11739294096739514 -2.9714376507835448E-8 0.1093829870778645
 3.100000 0.06950178929622447 2.0485504595723225E-7 0.10264280557713697 0.08237604530355407 -6.888247256455713E-8 0.1111121890167572 0.09977342421528512 1.7534022693022016E-8 0.11463886186813088 0.11738076671817607 -2.9686452292727162E-8 0.10938157355582759
 3.110000 0.06949051486400117 2.0453486096472327E-7 0.10263925849667273 0.08236499311249987 -6.871901599688333E-8 0.11110609261381897 0.0997608757913842 1.7449126410544482E-8 0.11463398129280213 0.11736853070845812 -2.966291767129925E-8 0.10938016237954107
 3.120000 0.06947939128300652 2.042149876930189E-7 0.10263581918786141 0.08235413468499174 -6.855914699628784E-8 0.11110002976088415 0.09974852805348138 1.7359901088943224E-8 0.11462906281207405 0.11735647404102048 -2.964376922936569E-8 0.10937865369973035
 3.130000 0.06946849639521534 2.03897625845744E-7 0.10263254530988504 0.08234356949201908 -6.839926889892163E-8 0.11109402014876739 0.09973648141545663 1.726843812861674E-8 0.1146241022614679 0.11734468830524597 -2.9628218484090198E-8 0.10937702506544456
 3.140000 0.0694578343011448 2.035829826244392E-7 0.10262945605936395 0.08233330413043154 -6.823798431246863E-8 0.11108807608108492 0.09972473991210572 1.717607007540297E-8 0.11461911049607242 0.1173331762576159 -2.961511388396263E-8 0.10937528970921172
 3.150000 0.06944737134360934 2.0327036655504904E-7 0.10262654448268821 0.08232329786078449 -6.807505614506934E-8 0.1110822001538031 0.09971325959099682 1.7083618142565617E-8 0.11461410143550174 0.11732189646927708 -2.960332947844348E-8 0.1093734719176496
 3.160000 0.0694370596369299 2.029588375035155E-7 0.10262378692838586 0.08231349187636801 -6.791072545121567E-8 0.11107638578961508 0.09970197907798523 1.6991559488078687E-8 0.11460908542939104 0.11731079212284712 -2.9591995833521425E-8 0.1093715953242754
 3.170000 0.06942685097414254 2.0264754043327464E-7 0.1026211513268156 0.0823038264101836 -6.774535062809306E-8 0.11107062016606799 0.09969083696491043 1.6900133691179257E-8 0.11460406751113662 0.11729980724474157 -2.95805689492784E-8 0.10936967881304926
 3.180000 0.0694167038626456 2.0233583642010508E-7 0.10261860406584936 0.08229424947007613 -6.757925845304846E-8 0.1110648878876706 0.09967978037034167 1.6809416336510545E-8 0.11459904842309056 0.11728889437014377 -2.956879363317029E-8 0.10936773606107998
 3.190000 0.06940658607241373 2.0202331558874194E-7 0.10261611487679446 0.08228472019384075 -6.741270514727874E-8 0.11105917409963718 0.09966876801971351 1.67193760234056E-8 0.11459402648455032 0.1172780169933231 -2.955662169600897E-8 0.10936577641260861
 3.200000 0.06939647456464025 2.017097538243959E-7 0.10261365951594495 0.08227520901904423 -6.724588128820553E-8 0.11105346644374799 0.09965777019147068 1.6629920835715444E-8 0.11458899920634681 0.11726714917859071 -2.9544126616884686E-8 0.10936380599184244
 3.210000 0.06938635412957067 2.0139505369627026E-7 0.10261122052093503 0.08226569620112155 -6.707892721270007E-8 0.11104775583531354 0.09964676709477145 1.654093432555793E-8 0.11458396428649482 0.11725627386237751 -2.9531434798641096E-8 0.1093618286548667
 3.220000 0.06937621558718651 2.0107919159596513E-7 0.10260878662806143 0.0822561696908574 -6.691194655650561E-8 0.11104203636133007 0.09963574667383338 1.6452300979832216E-8 0.11457892003412277 0.11724538076200851 -2.9518679741746234E-8 0.10935984670227736
 3.230000 0.06936605403594669 2.007621791970703E-7 0.10260635149331575 0.0822466229818073 -6.674501539149533E-8 0.11103630468897996 0.09962470242411056 1.636392151606857E-8 0.11457386541655161 0.11723446438914006 -2.9505976621711465E-8 0.109357861388177
 3.240000 0.06935586737917634 2.0044403984140973E-7 0.10260391223855363 0.08223705324638039 -6.657818846096208E-8 0.11103055931597912 0.09961363151866384 1.6275719599560793E-8 0.11456879992317351 0.11722352239552995 -2.9493412522114987E-8 0.10935587328120126
 3.250000 0.06934565519970627 2.0012479633148147E-7 0.10260146815200794 0.0822274598825375 -6.641150381131089E-8 0.11102479987763278 0.09960253335393401 1.618764239171973E-8 0.11456372338164664 0.11721255431516805 -2.948104636608446E-8 0.1093538825217953
 3.260000 0.06933541796621844 1.9980446609090106E-7 0.10259901969165797 0.08221784347392698 -6.624498677593577E-8 0.11101902661134873 0.09959140851117074 1.609965749778649E-8 0.11455863579864578 0.11720156067794096 -2.9468913725044602E-8 0.10935188900468767
 3.270000 0.0693251565153752 1.9948306033560588E-7 0.10259656781137735 0.08220820510505095 -6.607865341260327E-8 0.11101323999726602 0.09958025807250694 1.6011748082892723E-8 0.11455353725032176 0.11719054243038655 -2.9457033102389638E-8 0.10934989250495994
 3.280000 0.06931487174303277 1.9916058529136493E-7 0.10259411355953273 0.08219854595076127 -6.59125136658227E-8 0.11100744054865168 0.09956908321047027 1.592390807891536E-8 0.11454842782056367 0.11717950058902236 -2.944541207726898E-8 0.10934789276058278
 3.290000 0.06930456444224313 1.9883704361992933E-7 0.10259165787525405 0.08218886706020966 -6.574657377731321E-8 0.11100162870987033 0.09955788497138639 1.5836137792026778E-8 0.11454330757407821 0.11716843605729463 -2.943405194174443E-8 0.10934588952174396
 3.300000 0.06929423523674676 1.9851243587556675E-7 0.10258920151099622 0.08217916926763805 -6.55808381009386E-8 0.11099580482146339 0.09954666418552366 1.574844078404625E-8 0.11453817655004717 0.11715734954945678 -2.9422951111320163E-8 0.10934388257591567
 3.310000 0.06928388457125158 1.9818676154561204E-7 0.10258674502579997 0.0821694531784303 -6.541531034383298E-8 0.11098996912127398 0.0995354214527081 1.5660821717569857E-8 0.11453303476536644 0.11714624157848305 -2.9412107243218936E-8 0.1093418717563983
 3.320000 0.06927351273139101 1.978600197714253E-7 0.10258428881169576 0.08215971919428434 -6.524999421837687E-8 0.11098412176120648 0.09952415716737233 1.5573285207148926E-8 0.11452788222070472 0.117135112477792 -2.9401518285864474E-8 0.10933985694070496
 3.330000 0.0692631198757485 1.9753220969582736E-7 0.10258183313087617 0.08214996755417477 -6.508489375404968E-8 0.11097826282798925 0.09951287155966561 1.548583512657274E-8 0.11452271890610091 0.11712396243697665 -2.939118313785611E-8 0.10933783804365486
 3.340000 0.06925270606948405 1.9720333073650965E-7 0.10257937815202108 0.08214019837739646 -6.492001346276726E-8 0.11097239236233053 0.09950156473880815 1.5398474478197386E-8 0.11451754480504185 0.11711279153965157 -2.938110166525259E-8 0.10933581500858137
 3.350000 0.06924227131411255 1.9687338252174064E-7 0.10257692398085111 0.08213041170164193 -6.475535825155889E-8 0.11096651037441542 0.09949023673153284 1.531120546633121E-8 0.11451235989707086 0.11710159979713652 -2.937127467458526E-8 0.10933378779877352
 3.360000 0.06923181557123212 1.9654236504636707E-7 0.10257447068364285 0.08212060751332298 -6.459093339199864E-8 0.11096061685550171 0.09947888751274143 1.52240296154201E-8 0.11450716415935226 0.11709038717538285 -2.9361703641691233E-8 0.1093317563902614
 3.370000 0.0692213387799389 1.962102784793293E-7 0.10257201830418428 0.08211078576983251 -6.442674439436782E-8 0.11095471178612104 0.0994675170280294 1.5136948024490844E-8 0.11450195756761301 0.11707915361477274 -2.9352390631936172E-8 0.10932972076633729
 3.380000 0.06921084086867099 1.9587712326031495E-7 0.10256956687530469 0.08210094641471122 -6.426279694549405E-8 0.11094879514159368 0.09945612520903262 1.5049961402546284E-8 0.11449674009674989 0.11706789904359428 -2.9343338002503557E-8 0.10932768091376077
 3.390000 0.06920032176262388 1.9554289987503577E-7 0.10256711642622819 0.08209108938717874 -6.409909682532566E-8 0.11094286689553262 0.09944471198306432 1.4963070258059098E-8 0.11449151172125588 0.117056623386476 -2.933454831095221E-8 0.10932563682036914
 3.400000 0.06918978138792471 1.9520760900785803E-7 0.10256466698688659 0.08208121462753382 -6.393564988910364E-8 0.11093692702190255 0.09943327727856609 1.487627504162279E-8 0.11448627241553096 0.11704532656912803 -2.9326024312584077E-8 0.1093235884737388
 3.410000 0.06917921967360768 1.9487125134842847E-7 0.10256221859013243 0.08207132207974445 -6.377246203435295E-8 0.11093097549608305 0.09942182102771313 1.4789576124367488E-8 0.11448102215410123 0.11703400852057909 -2.9317768692156868E-8 0.10932153586056197
 3.420000 0.06916863655221857 1.9453382769410866E-7 0.1025597712725903 0.08206141169227589 -6.360953917563696E-8 0.11092501229528116 0.09941034316723779 1.4702973839538346E-8 0.11447576091175699 0.11702266917385461 -2.9309784218333628E-8 0.10931947896646353
 3.430000 0.06915803195965088 1.9419533880622661E-7 0.10255732507469573 0.08205148341792282 -6.344688723884342E-8 0.110919037398551 0.09939884363824952 1.461646852725359E-8 0.11447048866362337 0.11701130846578386 -2.9302073578797287E-8 0.10931741777605797
 3.440000 0.06914740583462257 1.9385578552932034E-7 0.10255488004031107 0.08204153721316818 -6.328451216392405E-8 0.11091305078660538 0.09938732238557936 1.4530060522018795E-8 0.11446520538518032 0.11699992633640112 -2.9294639498090822E-8 0.1093153522731137
 3.450000 0.0691367581180454 1.935151686860001E-7 0.10255243621617535 0.08203157303739367 -6.312241988100817E-8 0.11090705244154378 0.09937577935697875 1.4443750114877967E-8 0.1144599110522498 0.11698852272822897 -2.928748461348515E-8 0.10931328244074516
 3.460000 0.06912608875243005 1.9317348915854342E-7 0.10254999365134536 0.08202159085212676 -6.296061635688509E-8 0.1109010423465744 0.09936421450235719 1.4357537653443681E-8 0.11445460564096709 0.1169770975856028 -2.9280611598031546E-8 0.10931120826159063
 3.470000 0.06911539768139154 1.9283074783734085E-7 0.10254755239670929 0.08201159062041062 -6.279910757893013E-8 0.11089502048577173 0.09935262777314605 1.427142343521262E-8 0.11444928912774784 0.11696565085411062 -2.9274023095384614E-8 0.1093091297179584
 3.480000 0.06910468484927428 1.9248694559603623E-7 0.10254511250460675 0.0820015723063236 -6.263789950258492E-8 0.11088898684388707 0.09934101912181423 1.4185407692614328E-8 0.11444396148925877 0.11695418248016856 -2.9267721710925448E-8 0.10930704679193676
 3.490000 0.06909395020088901 1.9214208336034178E-7 0.10254267402855552 0.08199153587464078 -6.247699814555855E-8 0.11088294140621324 0.09932938850152749 1.4099490705228721E-8 0.11443862270239533 0.11694269241072343 -2.9261710088060256E-8 0.10930495946547186
 3.500000 0.06908319368134408 1.9179616209966164E-7 0.10254023702307334 0.08198148129061454 -6.231640951632495E-8 0.11087688415849684 0.09931773586592843 1.4013672694001601E-8 0.1144332727442672 0.11693118059306128 -2.9255990837344764E-8 0.10930286772041833
 3.510000 0.06907178252827809 1.914005250990528E-7 0.10253926840508168 0.08197138116417668 -6.213309246866404E-8 0.11087016828304992 0.0993054841912049 1.3924607103167987E-8 0.11442676371068164 0.11691883097127871 -2.925038302229856E-8 0.10930004576034698
 3.520000 0.06905909406239727 1.909129348373314E-7 0.10253887688742064 0.08196054061687685 -6.189399426798442E-8 0.11086279740204594 0.09929220395622902 1.3806536213371163E-8 0.11441925492733135 0.11690536057839568 -2.9227700484899187E-8 0.10929656912443465
 3.530000 0.06904527843028013 1.903943761297861E-7 0.10253801666286538 0.0819485873050146 -6.164541767598363E-8 0.1108549195185236 0.09927778311579143 1.3688427798236031E-8 0.11441126926655647 0.1168907709574344 -2.92057562691083E-8 0.10929276912103227
 3.540000 0.06903057811412813 1.8986337276433597E-7 0.10253631248369349 0.08193554103770867 -6.139715153174617E-8 0.11084660973551747 0.0992623085589607 1.3570225041443048E-8 0.11440314528188378 0.11687520701964266 -2.918848995042925E-8 0.10928894934582227
 3.550000 0.06901521234027115 1.8932850943588118E-7 0.10253384728849471 0.08192161430108165 -6.115278067510164E-8 0.11083793662794982 0.09924596881484708 1.3450362217127598E-8 0.11439500221878178 0.1168588758978525 -2.9176266717660055E-8 0.10928527852586233
 3.560000 0.0689993644020012 1.88792478558167E-7 0.10253084434889793 0.0819070517365332 -6.091228882604296E-8 0.11082899150183506 0.09922898190310478 1.3327740102435983E-8 0.11438685234579624 0.11684198513644613 -2.9167686358308194E-8 0.1092817952543432
 3.570000 0.06898318069376656 1.8825513735845305E-7 0.10252750908836265 0.08189206054967323 -6.067482575459181E-8 0.11081986456590807 0.0992115463618284 1.320262563691996E-8 0.11437868323499943 0.11682470879779192 -2.9161392643818574E-8 0.10927846166019298
 3.580000 0.0689667716579228 1.877161087735249E-7 0.10252398870140514 0.08187679537837544 -6.043959847525998E-8 0.11081062411555057 0.09919381897175693 1.3076038026585115E-8 0.11437048605540359 0.11680717865206351 -2.9156627065155764E-8 0.10927521697585084
 3.590000 0.06895021605920808 1.8717527195086742E-7 0.10252037730153891 0.08186136367731951 -6.020595350663427E-8 0.110801313651797 0.09917591173753985 1.2948987745681544E-8 0.11436225798033935 0.11678948788174055 -2.9153091510957414E-8 0.10927200919956374
 3.600000 0.06893356669428424 1.8663268594692023E-7 0.10251673095465112 0.08184583556490213 -5.99733910589265E-8 0.11079195825294659 0.09915789808026196 1.2822122887790554E-8 0.11435399919167193 0.1167716982920517 -2.9150687083439767E-8 0.10926880528995374
 3.610000 0.06891685624389716 1.8608842175644106E-7 0.10251308105135479 0.08183025334838168 -5.974157929112553E-8 0.11078257166921471 0.09913982183976523 1.2695719271139996E-8 0.11434571091439057 0.11675384762693937 -2.9149343484512132E-8 0.10926558898464424
 3.620000 0.06890010271063685 1.8554248924576863E-7 0.10250944385452282 0.08181463976948959 -5.95103549908074E-8 0.11077316116286885 0.09912170609459334 1.2569824949125135E-8 0.11433739463141515 0.11673595624622507 -2.9148967334115694E-8 0.10926235466469889
 3.630000 0.06888331412360629 1.8499483007031532E-7 0.10250582670306814 0.08179900472962195 -5.927968896321994E-8 0.11076373023565357 0.0991035605397901 1.2444399435336188E-8 0.11432905171153496 0.11671803288971565 -2.9149455101429613E-8 0.10925910188986594
 3.640000 0.06886649230573388 1.8444534138053008E-7 0.10250223183737867 0.08178335039855271 -5.904963391612045E-8 0.11075428010809321 0.09908538701364454 1.2319392058519045E-8 0.11432068316794802 0.11670007925927638 -2.9150719715304353E-8 0.10925583200542743
 3.650000 0.06884963565532881 1.838939053211042E-7 0.10249865870493434 0.08176767480216271 -5.882027718919385E-8 0.11074481059858494 0.09906718326729232 1.2194766230506452E-8 0.11431228955596923 0.11668209331903984 -2.915270595738472E-8 0.10925254655627369
 3.660000 0.06883274103460353 1.8334041288002293E-7 0.10249510535979826 0.08175197415142317 -5.8591710602198126E-8 0.1107353207236266 0.09904894533038232 1.2070497365838737E-8 0.11430387101659328 0.11666407144732957 -2.9155391564773082E-8 0.10924924678149746
 3.670000 0.06881580493739611 1.8278477695421227E-7 0.10249156933185175 0.08173624423490923 -5.836401605095507E-8 0.11072580913763598 0.09903066888078568 1.1946564565897551E-8 0.11429542740738678 0.11664600970633471 -2.9158779447277848E-8 0.109245933581287
 3.680000 0.06879882412785539 1.8222693604968803E-7 0.10248804816779408 0.0817204811686979 -5.813726183404322E-8 0.11071627444519899 0.09901234996259732 1.1822945649920512E-8 0.11428695844631873 0.11662790450633911 -2.9162888001251526E-8 0.10924260760980718
 3.690000 0.06878179592351463 1.8166685178969178E-7 0.1024845397462779 0.08170468173249643 -5.7911504035704963E-8 0.11070671539788542 0.09899398530022481 1.1699616486805065E-8 0.11427846382141957 0.11660975288789563 -2.9167742660296607E-8 0.1092392693557564
 3.700000 0.06876471826100239 1.8110450352816663E-7 0.10248104242645809 0.08168884345562057 -5.76867888685947E-8 0.11069713099207992 0.09897557237372953 1.1576552742691656E-8 0.11426994325350771 0.11659155258028794 -2.917337031922211E-8 0.109235919184527
 3.710000 0.0687475896444751 1.8053988268042728E-7 0.10247755507644966 0.08167296456453493 -5.7463155285072925E-8 0.11068752049210971 0.0989571093628871 1.14537320125783E-8 0.11426139652041487 0.11657330194121807 -2.9179796101814682E-8 0.10923255735610164
 3.720000 0.06873040904308292 1.7997298811166753E-7 0.10247407702472117 0.08165704386563616 -5.724063664965643E-8 0.11067788340589405 0.09893859502949615 1.133113522610034E-8 0.11425282345760306 0.1165549998443551 -2.9187041792637185E-8 0.10922918403614894
 3.730000 0.06871317577734792 1.794038227956502E-7 0.10247060797246761 0.08164108060955572 -5.701926202237641E-8 0.11066821943744488 0.09892002858183502 1.1208747006265609E-8 0.11424422394799214 0.11653664555492899 -2.9195125623100327E-8 0.10922579930940932
 3.740000 0.06869588941559539 1.7883239169600156E-7 0.10246714789624445 0.08162507436361721 -5.67990572873047E-8 0.11065852843411769 0.09890140954702867 1.10865553427268E-8 0.11423559790913827 0.11651823861546536 -2.9204062562001948E-8 0.10922240319667394
 3.750000 0.06867854968940579 1.7825870066266898E-7 0.10246369695953075 0.08160902490536849 -5.658004597086529E-8 0.11064881033932948 0.09888273766417276 1.0964550946384274E-8 0.11422694528178855 0.11649977875170255 -2.9213864870831303E-8 0.10921899567291128
 3.760000 0.06866115642989222 1.776827557296473E-7 0.10246025544218863 0.08159293214112386 -5.636224993054047E-8 0.1106390651554556 0.09886401280233588 1.0842726254816244E-8 0.11421826602118662 0.1164812658011895 -2.9224542844841876E-8 0.10921557668366054
 3.770000 0.06864370952286765 1.7710456285054742E-7 0.10245682368967594 0.08157679604816583 -5.614568992421151E-8 0.11062929291756687 0.09884523490227042 1.07210748332237E-8 0.11420956009114043 0.1164626996628328 -2.9236105430749634E-8 0.1092121461579326
 3.780000 0.06862620887942686 1.76524127793825E-7 0.10245340207974532 0.08156061663669235 -5.593038603158581E-8 0.11061949367650331 0.09882640393800203 1.0599590677648785E-8 0.11420082746032456 0.11644408026372308 -2.924856071248785E-8 0.10920870401719576
 3.790000 0.06860865441816291 1.7594145607514176E-7 0.10244999100265954 0.08154439392682238 -5.5716357956373114E-8 0.11060966748900493 0.09880751989362334 1.0478267869199977E-8 0.11419206810018465 0.11642540753908213 -2.9261916274495453E-8 0.10920525018092762
 3.800000 0.06859104605559643 1.7535655303495815E-7 0.10244659085083696 0.08152812793624549 -5.550362530039872E-8 0.11059981441267082 0.09878858275084637 1.035710022526796E-8 0.11418328198389253 0.11640668142148655 -2.9276179491590964E-8 0.10920178456959859
 3.810000 0.0685733837020211 1.747694237027528E-7 0.10244320201450809 0.08151181867486018 -5.529220752428588E-8 0.11058993450394161 0.09876959248361769 1.0236081167051129E-8 0.11417446908593745 0.11638790183620008 -2.9291357581656786E-8 0.10919830710595951
 3.820000 0.06855566726064205 1.741800730112535E-7 0.10243982488086015 0.08149546614363141 -5.508212415252258E-8 0.11058002781780459 0.09875054905699363 1.011520368172112E-8 0.11416562938206999 0.11636906870021135 -2.930745777239556E-8 0.10919481771533145
 3.830000 0.06853789662850877 1.7358850563730614E-7 0.10243645983498259 0.0814790703357242 -5.487339465212067E-8 0.11057009440836818 0.09873145242830673 9.994460226642109E-9 0.11415676284942017 0.11635018192327701 -2.932448724684357E-8 0.10919131632538268
 3.840000 0.06852007169823857 1.729947261590543E-7 0.1024331072615616 0.08146263123863663 -5.466603853161387E-8 0.11056013432978484 0.09871230254933838 9.873842744863013E-9 0.11414786946668555 0.11633124140985052 -2.934245323814492E-8 0.10918780286569191
 3.850000 0.06850219235992966 1.7239873892769715E-7 0.10242976754673384 0.08144614883656642 -5.44600752222368E-8 0.11055014763723207 0.09869309936872028 9.753342690536266E-9 0.11413894921433283 0.11631224706121344 -2.9361362946201136E-8 0.10918427726726877
 3.860000 0.06848425850292696 1.718005482428834E-7 0.10242644107978932 0.08142962311259383 -5.4255524161732014E-8 0.11054013438780376 0.09867384283414818 9.632951015960816E-9 0.11413000207478641 0.11629319877743939 -2.9381223530350104E-8 0.10918073946211641
 3.870000 0.06846627001729239 1.712001581904412E-7 0.10242312825459296 0.08141305405049581 -5.405240460848391E-8 0.1105300946412518 0.09865453289422063 9.512658205280618E-9 0.11412102803259204 0.1162740964590246 -2.9402042073184346E-8 0.10917718938287253
 3.880000 0.06844822679494376 1.7059757274884683E-7 0.10241982947069475 0.08139644163614639 -5.385073579212587E-8 0.11052002846056518 0.09863516949985889 9.392454261340572E-9 0.11411202707455353 0.11625494000814555 -2.9423825647610405E-8 0.10917362696253638
 3.890000 0.06843012873048566 1.699927957372647E-7 0.1024165451341491 0.08137978585853342 -5.365053676284738E-8 0.11050993591239966 0.09861575260533911 9.27232875773475E-9 0.11410299918984294 0.11623572932957202 -2.9446581181643308E-8 0.109170052134275
 3.900000 0.0684119757217902 1.6938583086120894E-7 0.10241327565809276 0.08136308671045918 -5.345182645402408E-8 0.11049981706738231 0.0985962821690026 9.152270802036853E-9 0.11409394437008846 0.11621646433129498 -2.9470315480973124E-8 0.10916646483129631
 3.910000 0.06839376767037861 1.6877668165903085E-7 0.10241002146312776 0.08134634418899502 -5.325462358532621E-8 0.11048967200031753 0.09857675815372094 9.032269053801026E-9 0.11408486260944226 0.11619714492493777 -2.9495035332280952E-8 0.10916286498677205
 3.920000 0.0683755044816686 1.6816535145578298E-7 0.10240678297756742 0.08132955829576298 -5.305894674320406E-8 0.11047950079032116 0.09855718052718332 8.912311715054951E-9 0.11407575390463365 0.11617777102601118 -2.952074730404921E-8 0.1091592525337974
 3.930000 0.06835718606512801 1.6755184350467817E-7 0.10240356063758428 0.08131272903709973 -5.2864814296585864E-8 0.11046930352090405 0.0985375492620663 8.792386487477815E-9 0.11406661825501041 0.11615834255406514 -2.9547457853496652E-8 0.10915562740537493
 3.940000 0.06833881233437084 1.6693616077840295E-7 0.10240035488729479 0.08129585642414695 -5.267224439545941E-8 0.11045908028002263 0.09851786433612911 8.672480710654319E-9 0.11405745566257144 0.11613885943277608 -2.957517332908103E-8 0.10915198953441319
 3.950000 0.06832038320722153 1.6631830615969688E-7 0.10239716617880701 0.08127894047290059 -5.24812550182593E-8 0.11044883116010917 0.09849812573226695 8.552581160398683E-9 0.11404826613199363 0.11611932158999773 -2.9603899948768218E-8 0.10914833885373326
 3.960000 0.0683018986057619 1.6569828225503103E-7 0.10239399497224647 0.08126198120423801 -5.229186388360253E-8 0.11043855625809093 0.09847833343854343 8.432674171528298E-9 0.11403904967065435 0.11609972895779437 -2.9633643714221312E-8 0.10914467529607895
 3.970000 0.06828335845637692 1.6507609146566444E-7 0.10239084173577587 0.08124497864393984 -5.210408845809117E-8 0.11042825567540317 0.09845848744821392 8.312745575821479E-9 0.1140298062886516 0.11608008147246664 -2.966441053554836E-8 0.10914099879412863
 3.980000 0.0682647626897943 1.6445173601218612E-7 0.10238770694560653 0.08122793282270827 -5.191794599434334E-8 0.11041792951799939 0.09843858775974984 8.192780755186174E-9 0.11402053599882159 0.11606037907457847 -2.969620616933553E-8 0.10913730928050522
 3.990000 0.06824611124113115 1.6382521788681016E-7 0.10238459108601332 0.08121084377618978 -5.173345350693433E-8 0.11040757789636028 0.09841863437686374 8.07276456199387E-9 0.114011238816755 0.11604062170898541 -2.972903622031969E-8 0.10913360668778595
 4.000000 0.06822740404994301 1.6319653876969886E-7 0.10238149464934887 0.08119371154500125 -5.155062771403475E-8 0.11039720092550219 0.09839862730853878 7.952681303431171E-9 0.11400191476081185 0.11602080932486677 -2.9762906069309622E-8 0.10912989094851011
 4.010000 0.0682038627572962 1.6227698529067904E-7 0.10239005031361641 0.08117640548224664 -5.124801114627233E-8 0.1103818289344141 0.09837431208140758 7.901079020652241E-9 0.11398387105446821 0.11599490355611458 -2.9862323752312396E-8 0.10912062710093498
 4.020000 0.06817085742524322 1.6067424202226405E-7 0.1024052211999169 0.08115413821167294 -5.053218549222474E-8 0.11036147673812294 0.09834240016855744 7.672558530232327E-9 0.11395789191011547 0.11596062479031223 -2.985977479264178E-8 0.10910620894588847
 4.030000 0.06812906059196527 1.5876517709337917E-7 0.10241870773874823 0.08112383082287619 -4.973916601015782E-8 0.1103373682616218 0.09830188068547989 7.434173168314202E-9 0.11392783740315263 0.115917774072156 -2.9853393078594763E-8 0.10908900479064791
 4.040000 0.06808012840232396 1.5672139373907782E-7 0.10242670511982775 0.08108519879974388 -4.8981278698567596E-8 0.11031005698514891 0.09825319756800573 7.192716058481031E-9 0.11389640351679295 0.11586722920657211 -2.988250502258896E-8 0.10907128349509562
 4.050000 0.06802562233002973 1.5461371000514818E-7 0.10242912996989116 0.08103953285326086 -4.828503188789996E-8 0.1102799132130767 0.0981975765242551 6.930178119069373E-9 0.11386461934808856 0.11581039841029238 -2.9955824318566845E-8 0.1090544072393223
 4.060000 0.06796689245569017 1.524765214285723E-7 0.10242736637820013 0.08098854170403018 -4.7648062437308444E-8 0.11024748484068499 0.09813653685598885 6.634984032805247E-9 0.11383262528293835 0.11574877325321369 -3.0067264640816025E-8 0.10903878502692664
 4.070000 0.06790504774836166 1.5031397760793087E-7 0.10242293038038995 0.08093376832374431 -4.705977485932906E-8 0.11021339587167457 0.09807153305911019 6.306100386436806E-9 0.11380032628349779 0.11568365593145227 -3.020722485137775E-8 0.10902421618025723
 4.080000 0.06784095190925003 1.4812430610769458E-7 0.10241701491891489 0.08087641579372606 -4.6510876270660966E-8 0.11017817946406047 0.09800376501838355 5.94992159988963E-9 0.11376765056692083 0.11561606711627362 -3.036899863687742E-8 0.10901027970976501
 4.090000 0.06777524633894075 1.459072631177153E-7 0.10241044356360167 0.08081735419471638 -4.5994468956322894E-8 0.1101422171115946 0.09793412854510616 5.574546741416728E-9 0.11373458574275704 0.11554675562477698 -3.054930702301041E-8 0.10899658737952721
 4.100000 0.06770838501907119 1.4366417790290985E-7 0.10240374762168925 0.08075717950961432 -4.5505389510939443E-8 0.11010575675058355 0.09786324244740424 5.185850611280943E-9 0.11370115325173893 0.1154762421658897 -3.074670428708302E-8 0.10898287978467366
 4.110000 0.06764067146590093 1.4139663085994987E-7 0.10239725571016134 0.08069627760101226 -4.503979188255189E-8 0.11006895279712989 0.09779150426922278 4.786500721539021E-9 0.11366738497707746 0.11540486764201605 -3.096019955828337E-8 0.10896902222570902
 4.120000 0.06757229439164188 1.3910560143103448E-7 0.10239116514784787 0.08063488150396951 -4.4595028988802E-8 0.11003189982668159 0.09771914991248645 4.376741116627675E-9 0.11363331156765173 0.11533283847435705 -3.118867095334799E-8 0.10895496290263426
 4.130000 0.06750336006472046 1.3679121763798822E-7 0.10238559196135588 0.08057311930364937 -4.41694988356032E-8 0.109994654675048 0.09764630592542796 3.955543943550177E-9 0.11359895790189795 0.11526026676769191 -3.143084581112647E-8 0.10894069168313233
 4.140000 0.06743391957720346 1.3445284575703012E-7 0.10238060362480855 0.08051105162001933 -4.376235162667398E-8 0.10995725004280325 0.09757303017634925 3.521410527530371E-9 0.11356434190698472 0.11518720335722901 -3.168548544358757E-8 0.10892621322574078
 4.150000 0.06736399008195555 1.3208930245941203E-7 0.10237623964493023 0.08044869895107162 -4.337315288211645E-8 0.10991970322530858 0.0974993406900666 3.072719102259121E-9 0.11352947515052109 0.11511366265496528 -3.1951540652455536E-8 0.10891153408884939
 4.160000 0.067293570127423 1.2969906668986472E-7 0.10237252426964373 0.08038606030794987 -4.300161054384932E-8 0.10988202214242604 0.09742523463315494 2.6077837029760666E-9 0.11349436440800084 0.1150396397683819 -3.222820238055322E-8 0.10889665867169655
 4.170000 0.06722264994412522 1.2728043383300293E-7 0.10236947434760865 0.08032312515028282 -4.2647405698534954E-8 0.10984420965560181 0.09735070010025619 2.124805558763562E-9 0.11345901351972208 0.11496512142481635 -3.25148664923513E-8 0.1088815891391294
 4.180000 0.06715121781892792 1.2483159764145277E-7 0.10236710422699624 0.08025988056914288 -4.2310108734906466E-8 0.10980626658367006 0.09727572305444922 1.6218225078454115E-9 0.11342342499855196 0.11489009246466252 -3.2811059880223805E-8 0.10886632638229247
 4.190000 0.0670792636670132 1.2235067186300233E-7 0.10236542876487661 0.0801963152797017 -4.198914570403009E-8 0.10976819364768564 0.09720029114469625 1.0966903479717506E-9 0.11338760112816597 0.11481453938710767 -3.311636464234545E-8 0.10885087077487733
 4.200000 0.06700678073628585 1.1983567300568173E-7 0.10236446504368361 0.08013242155571319 -4.168378522196471E-8 0.10972999255706435 0.09712439555049843 5.470906094886646E-10 0.11335154455020997 0.11473845202454994 -3.343035763723992E-8 0.10883522248460276
 4.210000 0.06693376616056299 1.172844854668409E-7 0.10236423316856991 0.08006819589072167 -4.139312985412895E-8 0.10969166646212875 0.09704803160639752 -2.945116565457488E-11 0.11331525847871493 0.11466182407893193 -3.3752568583576345E-8 0.10881938149297313
 4.220000 0.06686022087179967 1.1469482297056086E-7 0.10236475643230669 0.08000363892326046 -4.111610601050472E-8 0.10965321999128726 0.09697119871045992 -6.355492792653406E-10 0.11327874670496019 0.11458465301173279 -3.408245316631002E-8 0.10880334752573965
 4.230000 0.06678614921099747 1.1206419300726097E-7 0.10236606109268809 0.07993875499031286 -4.085145128520997E-8 0.10961465905832782 0.09689389986175703 -1.2739498037001826E-9 0.11324201351828855 0.11450693961478876 -3.4419376098226096E-8 0.10878712001823994
 4.240000 0.0667115584480298 1.093898667703418E-7 0.10236817596581332 0.0798735515487442 -4.059770002589544E-8 0.10957599057786648 0.09681614105945698 -1.947530857466187E-9 0.11320506361659148 0.11442868747314729 -3.47626000160983E-8 0.1087706981534918
 4.250000 0.06663645832946898 1.0666885407392452E-7 0.10237113198693419 0.07980803861239043 -4.035316737407769E-8 0.10953722217834372 0.0967379307104362 -2.659309388845942E-9 0.11316790203968312 0.1143499024469897 -3.511127734388088E-8 0.10875408095913182
 4.260000 0.06656086071312857 1.0389788282572623E-7 0.10237496183562801 0.07974222828520992 -4.011593217147905E-8 0.10949836196124314 0.09665927912702206 -3.412451067078349E-9 0.11313053413535053 0.1142705922394309 -3.5464443143531074E-8 0.10873726743239787
 4.270000 0.06648477931083678 1.0107338326429755E-7 0.1023796996742407 0.07967613442426813 -3.988381876157911E-8 0.1094594183261015 0.0965801981496111 -4.210280871963188E-9 0.11309296555767775 0.11419076607615992 -3.5821008462061915E-8 0.10872025666625527
 4.280000 0.06640822953972968 9.819147879897395E-8 0.10238538101346174 0.0796097724365395 -3.965437830080199E-8 0.10942039986298499 0.09650070089841234 -5.056291733103383E-9 0.1130552022944838 0.11411043449747046 -3.617975402110162E-8 0.10870304796078431
 4.290000 0.06633122847141654 9.524798638876189E-8 0.1023920426973252 0.07954315919663021 -3.942487083071317E-8 0.1093813153048414 0.09642080164127315 -5.954148687913619E-9 0.11301725072097862 0.1140296092492232 -3.653932539796113E-8 0.10868564091383827
 4.300000 0.06625379486394446 9.223843245695743E-8 0.1023997229888929 0.07947631306442944 -3.9192251081203456E-8 0.10934217352853678 0.09634051575656627 -6.9076854040977605E-9 0.11297911767769668 0.11394830325291284 -3.689823110782871E-8 0.10866803549090376
 4.310000 0.06617594926053653 8.915809139627357E-8 0.10240846173296564 0.07940925397867829 -3.895316229471633E-8 0.10930298359289183 0.09625985976793362 -7.920888810266608E-9 0.11294081057149401 0.1138665306332822 -3.7254846529298794E-8 0.1086502320762808
 4.320000 0.06609771413991852 8.600205748075638E-8 0.10241830056930658 0.07934200360157781 -3.870394468617544E-8 0.10926375480286711 0.09617885142838042 -8.997866223595245E-9 0.11290233749866944 0.11378430678260562 -3.760742742627811E-8 0.10863223150769742
 4.330000 0.0660191141041928 8.276536218531424E-8 0.10242928316567758 0.07927458548864057 -3.844066767078746E-8 0.10922449679016882 0.0960975098328388 -1.0142787331192245E-8 0.1128637073890035 0.11370164844248261 -3.79541378796677E-8 0.10861403509580833
 4.340000 0.06594017609073927 7.944315095413155E-8 0.10244145543222781 0.07920702525556346 -3.815919689133679E-8 0.10918521960148343 0.09601585553958682 -1.1359792660340957E-8 0.11282493016851017 0.11361857378594663 -3.829309842696712E-8 0.10859564462988053
 4.350000 0.06586092959335547 7.603092920745337E-8 0.10245486566632613 0.07913935070917943 -3.785530788766154E-8 0.10914593378622886 0.09593391068121722 -1.265286017722119E-8 0.11278601693661576 0.11353510248462091 -3.862245964542058E-8 0.10857706237200838
 4.360000 0.06578140687388291 7.252488008367382E-8 0.1024695645604732 0.07907159190264636 -3.7524855657874506E-8 0.10910665047637579 0.09585169904500083 -1.4025624796604173E-8 0.1127469801499391 0.11345125574750022 -3.894050442932982E-8 0.10855829104478042
 4.370000 0.06570164313798975 6.89222351521401E-8 0.10248560498945468 0.07900378106765502 -3.7164000131748684E-8 0.10906738145202918 0.09576924610102064 -1.5481155341501977E-8 0.11270783379972306 0.11336705631990944 -3.924577617691411E-8 0.10853933382118472
 4.380000 0.06562167663798443 6.522165116691237E-8 0.10250304148491617 0.0789359523725323 -3.6769471642508773E-8 0.1090281391887165 0.09568657895556777 -1.7021707682868467E-8 0.11266859356391826 0.11328252843351297 -3.9537219914089295E-8 0.10852019432984523
 4.390000 0.06554154865387424 6.142350781134195E-8 0.10252192931979717 0.07886814146127774 -3.633883604125503E-8 0.10898893688630645 0.09560372620939611 -1.86484948961494E-8 0.11262927690989152 0.11319769770123227 -3.981431037525174E-8 0.10850087669127367
 4.400000 0.0654613032975296 5.753001752610594E-8 0.1025423231757323 0.0788003847521523 -3.587069716948904E-8 0.1089497884853593 0.0955207177083176 -2.036153268088317E-8 0.11258990312322538 0.11311259095465281 -4.00771286910578E-8 0.10848138559876812
 4.410000 0.06538098709278208 5.3545046590465465E-8 0.1025642754579635 0.07873271851908263 -3.536476624201481E-8 0.10891070868368473 0.09543758418935504 -2.2159622495098225E-8 0.11255049324592994 0.11302723602588792 -4.0326347992565756E-8 0.10846172644810781
 4.420000 0.06530064831381066 4.9473615155997466E-8 0.10258783443341887 0.07866517783701422 -3.4821752269607E-8 0.10887171297199283 0.09535435684768744 -2.4040508619021652E-8 0.11251106992524676 0.1129416614804574 -4.056310580077842E-8 0.10844190550340363
 4.430000 0.06522033611290919 4.532115594029908E-8 0.10261304244816365 0.07859779552112217 -3.424308125789672E-8 0.10883281771012264 0.09527106687118567 -2.6001191896613733E-8 0.11247165719822844 0.11285589631188572 -4.078877763892233E-8 0.10842193006754207
 4.440000 0.06514009951872832 4.109271872404047E-8 0.10263993447237132 0.0785306012002778 -3.3630516537727805E-8 0.10879404026223455 0.09518774499985579 -2.8038321804920027E-8 0.1124322802578023 0.11276996961152165 -4.100470739831011E-8 0.10840180861433123
 4.450000 0.06505998641160345 3.6792339591083045E-8 0.10266853710422608 0.07846362062216154 -3.2985787789782205E-8 0.10875539920060923 0.0951044211594153 -3.0148558783810996E-8 0.11239296525242018 0.11268391022790165 -4.121197036758814E-8 0.10838155084401788
 4.460000 0.06498004256811107 3.2422721807192824E-8 0.10269886798570087 0.07839687520639382 -3.231032198434198E-8 0.10871691457621106 0.09502112419341473 -3.232881647293241E-8 0.11235373915963824 0.11259774642854731 -4.14112319370939E-8 0.10836116764459872
 4.470000 0.06490031082234517 2.798524896530396E-8 0.10273093543288674 0.07833038178348657 -3.160512296727042E-8 0.10867860824510325 0.0949378816889252 -3.457634734031313E-8 0.11231462975006266 0.11251150557404598 -4.160272515380889E-8 0.10834067096847376
 4.480000 0.06482083034391818 2.348024497109284E-8 0.1027647380295475 0.07826415241811495 -3.0870798418169136E-8 0.1086405042376015 0.09485471987066962 -3.688868851157152E-8 0.11227566563401793 0.11242521381073076 -4.1786331148719256E-8 0.10832007365460358
 4.490000 0.06474163600515112 1.8907359265540674E-8 0.10280026397929418 0.07819819422435784 -3.010770919601643E-8 0.10860262916278363 0.09477166353417536 -3.9263512202139294E-8 0.11223687636876997 0.11233889578534319 -4.1961724532107534E-8 0.10829938923260045
 4.500000 0.0646627578070403 1.4265977214393563E-8 0.10283749011344352 0.07813250912004026 -2.9316211334999377E-8 0.10856501265152839 0.0946887359966882 -4.1698428394033174E-8 0.11219829260204439 0.1122525743829478 -4.212854588038203E-8 0.10827863173805974
 4.510000 0.06459045337616197 1.1714186693694364E-8 0.10284640129141598 0.07806582786285197 -2.9870579387814007E-8 0.10853724221422839 0.09461221054070247 -4.325370819787054E-8 0.11217282274092112 0.11217600934385101 -4.2450400414432047E-8 0.1082678018086328
 4.520000 0.06452979841225273 1.0049544091658637E-8 0.10282489749523163 0.07800323465013836 -3.099334449184286E-8 0.10851756754880794 0.09454724513299455 -4.433200603832915E-8 0.11216070346687904 0.11211325347872886 -4.2748136098636124E-8 0.10826631601908267
 4.530000 0.06448265300497666 8.67021271639951E-9 0.10278984052377811 0.07795047007182555 -3.222053989205168E-8 0.10850145074559765 0.09449556962464302 -4.5164552378291516E-8 0.11215629082478781 0.11206495808975718 -4.298481891249965E-8 0.10827074497597738
 4.540000 0.06444840959682147 7.458412130451588E-9 0.10275560886397277 0.07791029092435368 -3.334779662993215E-8 0.10848731867400029 0.09445687506286508 -4.582936401957699E-8 0.11215456500678615 0.11202990198707206 -4.31667704584925E-8 0.10827738800425804
 4.550000 0.06442499658620426 6.414965249774824E-9 0.10272884382338271 0.07788225646702668 -3.4300404181718524E-8 0.10847567170829575 0.09442972225839334 -4.636139433814109E-8 0.11215308907131828 0.11200589991388167 -4.329974234209136E-8 0.10828350933515073
 4.560000 0.06440990180353579 5.544358883894612E-9 0.10271069835969131 0.07786417002866701 -3.506911951498479E-8 0.1084670939346305 0.09441199511618466 -4.67833843689575E-8 0.11215136632863258 0.11199046014043869 -4.339672584549421E-8 0.10828781081615858
 4.570000 0.06440082008680723 4.837903484368779E-9 0.10269981312695341 0.07785342936766275 -3.567371971785141E-8 0.10846152420791463 0.09440137146982375 -4.711557170628863E-8 0.11214968628510481 0.1119812490899848 -4.3474079736720265E-8 0.10829018025630728
 4.580000 0.06439589008277018 4.277223045028375E-9 0.10269415901665718 0.07784773337731757 -3.6143807312837184E-8 0.10845840620915126 0.09439572111941344 -4.737749629353559E-8 0.11214838509065961 0.11197632702652015 -4.3543548605175683E-8 0.10829112250499273
 4.590000 0.0643936971778184 3.839005906400642E-9 0.10269187468767135 0.07784529363430727 -3.650882162939256E-8 0.10845702281260729 0.0943933127676295 -4.758651241778039E-8 0.11214759450651447 0.11197419928083456 -4.3609759006983764E-8 0.10829126143664523
 4.600000 0.06439320160151986 3.4990011834706094E-9 0.10269153844935701 0.07784481465890357 -3.67936752638967E-8 0.10845672135796805 0.09439285637725187 -4.775614578778509E-8 0.11214726170594923 0.11197377325441851 -4.367223002011237E-8 0.108291072973515
 4.610000 0.06439366377570074 3.2350834414833883E-9 0.10269218125077297 0.07784540469915309 -3.701775366434929E-8 0.10845700429246741 0.09439345601734433 -4.78956734975778E-8 0.1121472467299049 0.11197428671618125 -4.3728564455300426E-8 0.10829082328569366
 4.620000 0.06439458136367443 3.0289649231496596E-9 0.10269320315749643 0.07784648093502905 -3.719547228201308E-8 0.10845753681319525 0.09439452939039929 -4.801093223680507E-8 0.11214740331327788 0.11197523500082772 -4.3776786267654206E-8 0.10829061630896122
 4.630000 0.06439563484706862 2.866565552034652E-9 0.1026942694632049 0.07784768637695008 -3.733732715103184E-8 0.10845811839022003 0.09439572443357339 -4.810566191155718E-8 0.11214761994768337 0.11197630509567652 -4.381627574999222E-8 0.10829046744365704
 4.640000 0.06439663925569186 2.7375079768647763E-9 0.10269521844368239 0.07784882155836143 -3.745096677870918E-8 0.10845864515019846 0.09439684719870994 -4.818267965115743E-8 0.11214782926892704 0.1119773194309449 -4.384764994732888E-8 0.1082903604012973
 4.650000 0.06439750275190757 2.634271090821026E-9 0.10269599117390668 0.07784979111565575 -3.754209144557154E-8 0.10845907552167917 0.09439780598686895 -4.8244548906587E-8 0.11214800055100119 0.1119781909459453 -4.3872201557339386E-8 0.1082902772083234
 4.660000 0.06439819339352168 2.551361434795363E-9 0.10269658361665564 0.07785056423319885 -3.761510653619522E-8 0.1084594036085598 0.09439857138240396 -4.8293776071239054E-8 0.11214812689498826 0.11197888950027307 -4.3891361196099845E-8 0.10829020779420764
 4.670000 0.06439871437251493 2.4846628980746148E-9 0.10269701689498757 0.07785114695256082 -3.7673535794401375E-8 0.10845964086821966 0.09439914927446189 -4.8332740190129644E-8 0.11214821358194402 0.11197941819769926 -4.390637888774139E-8 0.10829014916315566
 4.680000 0.06439908686035006 2.430991476279147E-9 0.10269732055424363 0.07785156380765122 -3.772025278762233E-8 0.10845980488261912 0.09439956339231373 -4.8363556263040106E-8 0.11214827002148105 0.11197979746791441 -4.391821995376555E-8 0.1082901016114432
 4.690000 0.06439933895819487 2.3878181782048314E-9 0.10269752414320389 0.0778518462928952 -3.775760553366671E-8 0.10845991336451927 0.09439984439321224 -4.838798542416081E-8 0.11214830534937625 0.1119800548100877 -4.3927590058852335E-8 0.10829006569058197
 4.700000 0.06439949914915556 2.353104194929808E-9 0.10269765360885648 0.07785202608489349 -3.778749425275739E-8 0.10845998155689823 0.09440002335187439 -4.84074214335421E-8 0.11214832670320826 0.11198021852770512 -4.3935005507738555E-8 0.10829004086139092
 4.710000 0.06439959285118399 2.3251997270201005E-9 0.10269773020472825 0.07785213144631083 -3.781143702503564E-8 0.10846002154424857 0.09440012819253289 -4.842293423592723E-8 0.11214833903663632 0.11198031423077849 -4.394085889351174E-8 0.10829002544548132
 4.720000 0.06439964097408142 2.302773508596419E-9 0.10269777056959951 0.07785218568412819 -3.783063446207123E-8 0.10846004246218913 0.09440018207145523 -4.843533789771286E-8 0.11214834558010685 0.11198036321581493 -4.394546291267591E-8 0.10829001716361653
 4.730000 0.06439965968170727 2.2847560205540856E-9 0.10269778727254388 0.07785220686933156 -3.784603261605593E-8 0.10846005101306759 0.09440020300775137 -4.844525757526425E-8 0.11214834841268367 0.11198038206171702 -4.3949073784192326E-8 0.10829001372379954
 4.740000 0.06439966080855554 2.2702899964619595E-9 0.10269778949145213 0.07785220826721334 -3.7858379045430115E-8 0.10846005200077584 0.09440020425071792 -4.84531828437604E-8 0.11214834891034807 0.11198038294573315 -4.3951902282651874E-8 0.1082900132068702
 4.750000 0.0643996525705711 2.2586878568999026E-9 0.10269778368265223 0.07785219910465137 -3.7868268872614154E-8 0.10846004878196472 0.09440019501539398 -4.845950465505913E-8 0.11214834802422273 0.11198037431940235 -4.3954119624446366E-8 0.10829001421268938
 4.760000 0.06439964034926299 2.24939605162227E-9 0.10269777418660452 0.07785218543329976 -3.7876179809692025E-8 0.10846004362062082 0.09440018133618085 -4.846453938317942E-8 0.11214834642739434 0.11198036170066593 -4.3955861994333445E-8 0.10829001583480137
 4.770000 0.0643996274253245 2.241967015886955E-9 0.10269776375125017 0.07785217094640802 -3.788249801067826E-8 0.1084600379643053 0.09440016688511048 -4.8468544132297635E-8 0.11214834458711412 0.11198034843393288 -4.3957235765286367E-8 0.10829001755223792
 4.780000 0.06439961560259404 2.236037690253863E-9 0.10269775396935284 0.07785215767768847 -3.7887536622689607E-8 0.10846003266307346 0.09440015367522155 -4.847172729301221E-8 0.11214834280590306 0.11198033634220864 -4.395832290672429E-8 0.10829001910569835
 4.790000 0.0643996057036879 2.2313130555109965E-9 0.10269774563258866 0.07785214655773627 -3.789154965421205E-8 0.10846002814535696 0.09440014262053498 -4.847425683625006E-8 0.11214834125477292 0.11198032624465078 -4.3959186055311354E-8 0.10829002039388186
 4.800000 0.06439959794199078 2.227553725208808E-9 0.10269773900854692 0.07785213783174955 -3.789474264278759E-8 0.10846002455838163 0.09440013395523177 -4.8476267143241814E-8 0.11214834000609814 0.11198031834249306 -4.395987326990836E-8 0.10829002140083784
 4.810000 0.06439959218644087 2.2245658977507857E-9 0.10269773404897953 0.07785213135674206 -3.7897281233835454E-8 0.10846002187703037 0.09440012753056623 -4.847786525567732E-8 0.11214833906545588 0.11198031249117471 -4.396042146545417E-8 0.10829002215125928
 4.820000 0.06439958813988084 2.2221932793918737E-9 0.10269773053905105 0.0778521268017451 -3.789929846316178E-8 0.1084600199841743 0.09440012301381537 -4.847913603435237E-8 0.11214833839939271 0.11198030838174079 -4.396085934905377E-8 0.10829002268570759
 4.830000 0.06439958545169397 2.2203103157256827E-9 0.10269772819805938 0.07785212377441002 -3.790090080362601E-8 0.10846001872606628 0.09440012001339336 -4.848014673660824E-8 0.11214833795684433 0.11198030565423585 -4.396120939483929E-8 0.10829002304800599
 4.840000 0.0643995837830806 2.218816503494154E-9 0.10269772674211403 0.0778521218946192 -3.790217326768052E-8 0.1084600179472211 0.0944001181511794 -4.848095066731022E-8 0.11214833768362051 0.11198030396277676 -4.3961489330220876E-8 0.10829002327924876
 4.850000 0.06439958284001192 2.217631684015541E-9 0.10269772591861284 0.0778521208318855 -3.790318356151812E-8 0.10846001750962567 0.0944001170990157 -4.848159015078487E-8 0.11214833753075905 0.1119803030080494 -4.396171320349652E-8 0.10829002341515408
 4.860000 0.06439958238544588 2.2166919626900176E-9 0.10269772552116645 0.0778521203194339 -3.790398563773148E-8 0.10846001730094383 0.09440011659226756 -4.8482098798758516E-8 0.11214833745825932 0.11198030254910354 -4.396189220335543E-8 0.10829002348509957
 4.870000 0.06439958223925674 2.2159465726710487E-9 0.10269772539207624 0.07785212015438243 -3.790462236527868E-8 0.10846001723572792 0.0944001164297759 -4.848250334655512E-8 0.11214833743580688 0.11198030240296536 -4.396203528691966E-8 0.10829002351207606
 4.880000 0.06439958227171871 2.215355264398347E-9 0.10269772541779859 0.07785212019056466 -3.7905127863109174E-8 0.10846001725274877 0.09440011646663833 -4.848282503182606E-8 0.11214833744183973 0.11198030243789028 -4.396214960248865E-8 0.10829002351319222
 4.890000 0.06439958239434665 2.2148860404420632E-9 0.10269772552123241 0.07785212032828598 -3.790552922142874E-8 0.1084600173106293 0.09440011660402108 -4.8483080827555435E-8 0.11214833746191549 0.11198030256402487 -4.396224084351763E-8 0.10829002350050437
 4.900000 0.06439958255039091 2.2145135971328542E-9 0.10269772565329403 0.07785212050363205 -3.7905847930550505E-8 0.1084600173831583 0.09440011677855793 -4.848328423795835E-8 0.11214833748696626 0.11198030272375267 -4.396231362747323E-8 0.1082900234819939
 4.910000 0.06439958270623292 2.214217861330235E-9 0.10269772578517461 0.07785212067876403 -3.7906101070623984E-8 0.1084600174550378 0.094400116952736 -4.8483445939398956E-8 0.11214833751174243 0.11198030288296025 -4.396237161174202E-8 0.10829002346254916
 4.920000 0.06439958284423271 2.213982947718457E-9 0.10269772590191642 0.07785212083384406 -3.790630217252895E-8 0.10846001751838977 0.09440011710689565 -4.848357452343684E-8 0.1121483375335604 0.11198030302377375 -4.39624178016167E-8 0.10829002344485023
 4.930000 0.06439958295715285 2.2137962974592147E-9 0.1026977259974626 0.07785212096074205 -3.790646198949186E-8 0.10846001757008392 0.09440011723299237 -4.848367671198561E-8 0.11214833755136308 0.1119803031388922 -4.396245452971476E-8 0.10829002343010036
 4.940000 0.06439958304404529 2.2136479503659375E-9 0.10269772607106518 0.0778521210583979 -3.7906588998354315E-8 0.10846001760981 0.09440011732999654 -4.848375796829409E-8 0.11214833756505269 0.11198030322740414 -4.396248374267381E-8 0.10829002341858807
 4.950000 0.06439958310737418 2.2135300028516476E-9 0.10269772612481982 0.07785212112958274 -3.7906689966158834E-8 0.10846001763875926 0.09440011740067905 -4.8483822547238184E-8 0.11214833757504027 0.1119803032918602 -4.3962506944845006E-8 0.10829002341009052
 4.960000 0.06439958315111605 2.2134361939076628E-9 0.10269772616206653 0.0778521211787634 -3.790677022806883E-8 0.10846001765877192 0.09440011744949085 -4.84838738919787E-8 0.1121483375819561 0.11198030333634004 -4.396252535006491E-8 0.10829002340414426
 4.970000 0.06439958317958935 2.2133616056223412E-9 0.10269772618641977 0.07785212121078892 -3.790683403715301E-8 0.10846001767182116 0.09440011748125855 -4.848391469562092E-8 0.11214833758647541 0.11198030336526182 -4.3962539967425866E-8 0.1082900234002143
 4.980000 0.06439958319680064 2.2133022830346614E-9 0.10269772620123253 0.07785212123015772 -3.790688479538659E-8 0.10846001767972897 0.09440011750045699 -4.8483947120824153E-8 0.11214833758922219 0.11198030338271828 -4.396255157224211E-8 0.10829002339778994
 4.990000 0.06439958320613658 2.2132550946656586E-9 0.10269772620934506 0.07785212124067273 -3.790692514165354E-8 0.10846001768403409 0.09440011751086703 -4.8483972894647326E-8 0.11214833759072423 0.11198030339216487 -4.396256078511875E-8 0.10829002339643179
 5.000000 0.06439958321027267 2.213217564018938E-9 0.10269772621300957 0.07785212124533918 -3.7906957226447495E-8 0.10846001768595383 0.09440011751547511 -4.8483993367369624E-8 0.11214833759140005 0.11198030339632863 -4.39625680843597E-8 0.10829002339578798
