# vtk DataFile Version 3.0
VolumeMesh
ASCII
DATASET UNSTRUCTURED_GRID

POINTS 2424 float
0.137700 0.001377 0.121777
0.137770 0.001024 0.119968
0.137951 0.002113 0.120058
0.140920 0.001238 0.121875
0.140878 0.000985 0.119655
0.141338 0.001985 0.119994
0.137940 0.004910 0.122584
0.138472 0.004651 0.120700
0.138912 0.006289 0.121473
0.141209 0.005038 0.122906
0.141846 0.004584 0.120750
0.142291 0.006374 0.120857
0.141345 -0.001983 0.119996
0.140925 -0.001236 0.121876
0.140878 -0.000985 0.119655
0.137960 -0.002124 0.120061
0.137705 -0.001387 0.121779
0.137773 -0.001035 0.119970
0.142318 -0.006373 0.120866
0.141233 -0.005034 0.122912
0.141867 -0.004582 0.120756
0.138943 -0.006296 0.121489
0.137963 -0.004920 0.122595
0.138494 -0.004660 0.120709
0.163824 -0.000000 0.005237
0.163522 -0.000000 0.008533
0.163112 0.003552 0.008622
0.163350 0.003232 0.005363
0.159871 -0.000000 0.005868
0.159553 -0.000000 0.009094
0.159247 0.002672 0.009234
0.159516 0.002270 0.006019
0.162937 -0.000000 0.012321
0.162623 0.003880 0.012366
0.158952 -0.000000 0.012789
0.158702 0.003196 0.012903
0.162302 -0.000000 0.016428
0.162036 0.004311 0.016433
0.158375 -0.000001 0.016802
0.158154 0.003922 0.016873
0.161588 -0.000000 0.020655
0.160966 0.004998 0.020735
0.157728 -0.000001 0.020978
0.157239 0.004471 0.021015
0.160798 -0.000000 0.024752
0.159902 0.005450 0.024851
0.156916 -0.000000 0.025083
0.156158 0.004997 0.025140
0.159991 -0.000000 0.028489
0.158883 0.005774 0.028608
0.156068 0.000000 0.028820
0.155103 0.005392 0.028925
0.159222 -0.000000 0.031795
0.157964 0.005945 0.031936
0.155280 0.000000 0.032060
0.154119 0.005635 0.032238
0.158432 0.000000 0.034739
0.157164 0.005961 0.034894
0.154466 0.000001 0.034971
0.153265 0.005749 0.035162
0.157628 0.000000 0.037258
0.156400 0.005882 0.037524
0.153655 0.000001 0.037753
0.152487 0.005751 0.037921
0.156949 0.000000 0.039829
0.155678 0.005830 0.040191
0.153015 0.000001 0.040564
0.151797 0.005677 0.040701
0.156283 0.000000 0.042791
0.154939 0.005743 0.043133
0.152358 0.000001 0.043429
0.151079 0.005538 0.043534
0.155486 0.000000 0.045829
0.154116 0.005591 0.046136
0.151551 0.000002 0.046320
0.150255 0.005364 0.046386
0.154628 0.000000 0.048767
0.153257 0.005452 0.049052
0.150679 0.000002 0.049189
0.149403 0.005179 0.049221
0.153715 0.000000 0.051697
0.152347 0.005308 0.051923
0.149751 0.000002 0.052041
0.148475 0.005015 0.052054
0.152733 0.000000 0.054536
0.151407 0.005160 0.054715
0.148753 0.000002 0.054898
0.147511 0.004895 0.054889
0.151772 0.000000 0.057277
0.150465 0.005062 0.057457
0.147796 0.000002 0.057733
0.146566 0.004816 0.057723
0.150834 0.000000 0.060096
0.149519 0.004997 0.060268
0.146868 0.000002 0.060545
0.145608 0.004750 0.060558
0.149857 0.000000 0.062898
0.148575 0.004924 0.063053
0.145876 0.000002 0.063352
0.144640 0.004658 0.063381
0.148909 0.000000 0.065538
0.147677 0.004861 0.065682
0.144923 0.000001 0.066135
0.143737 0.004558 0.066166
0.148078 0.000000 0.068143
0.146875 0.004813 0.068244
0.144105 0.000001 0.068854
0.142951 0.004493 0.068880
0.147330 0.000000 0.070750
0.146184 0.004740 0.070792
0.143357 0.000000 0.071486
0.142269 0.004438 0.071503
0.146648 0.000000 0.073260
0.145588 0.004666 0.073300
0.142680 -0.000001 0.074035
0.141676 0.004383 0.074047
0.146079 0.000000 0.075785
0.145065 0.004665 0.075852
0.142106 -0.000001 0.076519
0.141150 0.004323 0.076538
0.145509 0.000000 0.078383
0.144533 0.004706 0.078448
0.141496 -0.000002 0.078984
0.140593 0.004254 0.079014
0.144887 0.000000 0.080862
0.143959 0.004741 0.080923
0.140854 -0.000003 0.081416
0.140017 0.004219 0.081469
0.161990 0.007037 0.008864
0.162182 0.006384 0.005670
0.158479 0.005266 0.009680
0.158738 0.004480 0.006479
0.161656 0.007713 0.012493
0.157998 0.006283 0.013307
0.161182 0.008553 0.016438
0.157434 0.007668 0.017205
0.159783 0.009783 0.020698
0.156227 0.008679 0.021320
0.158462 0.010612 0.024790
0.154859 0.009614 0.025422
0.157256 0.011204 0.028529
0.153603 0.010344 0.029201
0.156277 0.011503 0.031845
0.152522 0.010794 0.032550
0.155507 0.011537 0.034839
0.151638 0.011041 0.035503
0.154815 0.011431 0.037666
0.150895 0.011071 0.038244
0.154075 0.011310 0.040499
0.150165 0.010940 0.040960
0.153273 0.011137 0.043407
0.149390 0.010684 0.043718
0.152434 0.010880 0.046314
0.148576 0.010378 0.046493
0.151561 0.010608 0.049154
0.147707 0.010046 0.049276
0.150693 0.010336 0.051930
0.146842 0.009751 0.052056
0.149786 0.010071 0.054662
0.145920 0.009532 0.054874
0.148848 0.009870 0.057445
0.144951 0.009377 0.057738
0.147899 0.009732 0.060336
0.143974 0.009238 0.060634
0.146929 0.009600 0.063203
0.142993 0.009077 0.063526
0.145998 0.009487 0.065901
0.142090 0.008904 0.066359
0.145191 0.009390 0.068457
0.141318 0.008768 0.069098
0.144550 0.009280 0.070956
0.140695 0.008666 0.071719
0.144044 0.009180 0.073487
0.140186 0.008563 0.074240
0.143571 0.009159 0.076121
0.139706 0.008439 0.076714
0.143029 0.009219 0.078763
0.139170 0.008276 0.079199
0.142432 0.009268 0.081236
0.138619 0.008198 0.081698
0.160197 0.010300 0.009279
0.160377 0.009320 0.006171
0.157326 0.007726 0.010427
0.157606 0.006590 0.007232
0.159968 0.011336 0.012730
0.156834 0.009178 0.013981
0.159590 0.012561 0.016471
0.156184 0.011053 0.017711
0.157758 0.014190 0.020753
0.154698 0.012365 0.021835
0.156239 0.015298 0.024817
0.153031 0.013547 0.026019
0.155044 0.016079 0.028506
0.151592 0.014541 0.029743
0.154243 0.016544 0.031761
0.150683 0.015145 0.032864
0.153580 0.016631 0.034791
0.149899 0.015450 0.035726
0.152939 0.016534 0.037822
0.149167 0.015505 0.038475
0.152159 0.016366 0.040863
0.148355 0.015366 0.041193
0.151307 0.016122 0.043781
0.147535 0.015060 0.043891
0.150464 0.015778 0.046587
0.146714 0.014711 0.046576
0.149640 0.015412 0.049330
0.145923 0.014313 0.049258
0.148812 0.015015 0.051980
0.145102 0.013945 0.051974
0.147976 0.014646 0.054628
0.144231 0.013643 0.054763
0.147082 0.014329 0.057448
0.143247 0.013411 0.057663
0.146109 0.014114 0.060497
0.142252 0.013219 0.060647
0.145029 0.013936 0.063551
0.141199 0.013002 0.063682
0.144005 0.013771 0.066359
0.140200 0.012781 0.066665
0.143163 0.013637 0.068924
0.139390 0.012595 0.069473
0.142545 0.013523 0.071382
0.138796 0.012458 0.072086
0.142100 0.013442 0.073924
0.138345 0.012311 0.074563
0.141638 0.013422 0.076655
0.137893 0.012134 0.077000
0.141004 0.013484 0.079373
0.137382 0.011864 0.079479
0.140355 0.013500 0.081827
0.136855 0.011735 0.082051
0.157858 0.013125 0.009938
0.158076 0.011864 0.006914
0.155785 0.010056 0.011442
0.156115 0.008598 0.008262
0.157616 0.014480 0.013189
0.155229 0.011952 0.014940
0.157228 0.016026 0.016684
0.154319 0.014062 0.018587
0.154813 0.017741 0.020889
0.152317 0.015308 0.022730
0.153360 0.019210 0.024774
0.150858 0.016625 0.026470
0.152256 0.020251 0.028378
0.149541 0.017828 0.029951
0.151433 0.020828 0.031657
0.148608 0.018483 0.033103
0.150884 0.021080 0.034735
0.147898 0.018783 0.036028
0.150377 0.021155 0.037957
0.147202 0.018872 0.038820
0.149598 0.021028 0.041237
0.146346 0.018770 0.041520
0.148735 0.020715 0.044201
0.145496 0.018512 0.044172
0.147963 0.020293 0.046953
0.144692 0.018191 0.046788
0.147199 0.019841 0.049626
0.143940 0.017798 0.049389
0.146526 0.019354 0.052148
0.143226 0.017429 0.052011
0.145849 0.018842 0.054684
0.142404 0.017047 0.054715
0.145097 0.018431 0.057559
0.141532 0.016747 0.057616
0.144051 0.018140 0.060845
0.140452 0.016510 0.060736
0.142782 0.017885 0.064172
0.139235 0.016246 0.063955
0.141642 0.017659 0.067141
0.138125 0.015999 0.067094
0.140761 0.017495 0.069746
0.137264 0.015818 0.069998
0.140136 0.017409 0.072180
0.136667 0.015675 0.072627
0.139664 0.017405 0.074723
0.136252 0.015493 0.075072
0.139111 0.017430 0.077529
0.135817 0.015282 0.077497
0.138344 0.017414 0.080268
0.135281 0.014973 0.080027
0.137687 0.017331 0.082666
0.134758 0.014744 0.082699
0.155184 0.015466 0.010871
0.155479 0.013992 0.007907
0.153748 0.012136 0.012532
0.154218 0.010471 0.009489
0.154840 0.017039 0.013959
0.152951 0.014163 0.015701
0.153384 0.018418 0.017707
0.151662 0.015905 0.019268
0.151385 0.020416 0.021367
0.149724 0.017490 0.023237
0.149844 0.021977 0.024980
0.148324 0.018890 0.026847
0.148672 0.023249 0.028445
0.147068 0.020108 0.030217
0.147812 0.023997 0.031730
0.146140 0.020774 0.033329
0.147195 0.024376 0.034873
0.145459 0.021068 0.036266
0.146604 0.024618 0.038145
0.144775 0.021214 0.039111
0.145837 0.024637 0.041470
0.143883 0.021238 0.041886
0.145061 0.024396 0.044521
0.143004 0.021096 0.044585
0.144484 0.024037 0.047356
0.142258 0.020855 0.047194
0.143897 0.023619 0.050056
0.141608 0.020489 0.049712
0.143257 0.023109 0.052488
0.140997 0.020149 0.052253
0.143159 0.022566 0.054980
0.140410 0.019738 0.054882
0.142521 0.022090 0.057929
0.139624 0.019357 0.057754
0.141356 0.021696 0.061441
0.138427 0.019034 0.061002
0.139895 0.021275 0.065060
0.136985 0.018749 0.064437
0.138683 0.020981 0.068281
0.135770 0.018525 0.067752
0.137801 0.020830 0.071015
0.134883 0.018404 0.070720
0.137150 0.020818 0.073467
0.134303 0.018292 0.073313
0.136575 0.020876 0.075960
0.133889 0.018128 0.075679
0.135853 0.020871 0.078618
0.133432 0.017916 0.078009
0.135088 0.020734 0.081162
0.132888 0.017611 0.080535
0.134582 0.020567 0.083529
0.132448 0.017387 0.083267
0.152300 0.017430 0.012048
0.152688 0.015800 0.009115
0.151137 0.014100 0.013774
0.151863 0.012224 0.010902
0.151821 0.019123 0.015020
0.149972 0.016189 0.016694
0.149518 0.020693 0.018739
0.148542 0.017615 0.020013
0.147549 0.022291 0.022104
0.146837 0.019014 0.023715
0.146039 0.023781 0.025368
0.145408 0.020475 0.027215
0.144768 0.025012 0.028694
0.144151 0.021593 0.030496
0.143794 0.025806 0.032005
0.143154 0.022260 0.033588
0.143008 0.026253 0.035245
0.142410 0.022590 0.036551
0.142286 0.026566 0.038463
0.141659 0.022818 0.039450
0.141509 0.026736 0.041705
0.140748 0.022992 0.042304
0.140769 0.026726 0.044881
0.139852 0.023023 0.045093
0.140182 0.026381 0.047981
0.139111 0.022846 0.047701
0.139776 0.026133 0.050910
0.138744 0.022578 0.050180
0.139431 0.026302 0.053610
0.138553 0.022359 0.052559
0.139426 0.025374 0.055908
0.138064 0.021691 0.054927
0.138782 0.024905 0.058747
0.137432 0.021263 0.057771
0.137682 0.024315 0.062187
0.136023 0.020825 0.061273
0.136213 0.023713 0.066006
0.134293 0.020534 0.064986
0.134999 0.023366 0.069644
0.132990 0.020378 0.068514
0.134246 0.023358 0.072565
0.132159 0.020426 0.071572
0.133687 0.023476 0.074896
0.131644 0.020398 0.073988
0.133093 0.023536 0.077117
0.131256 0.020293 0.076071
0.132399 0.023496 0.079359
0.130818 0.020142 0.078197
0.131793 0.023412 0.081655
0.130363 0.019981 0.080625
0.131431 0.023235 0.084054
0.130041 0.019793 0.083472
0.149234 0.019121 0.013412
0.149717 0.017365 0.010485
0.147840 0.016073 0.015272
0.149036 0.013863 0.012485
0.148614 0.020859 0.016286
0.146322 0.018253 0.017904
0.145301 0.022096 0.020056
0.144867 0.018871 0.021312
0.143484 0.023681 0.022907
0.143503 0.020267 0.024571
0.142045 0.024960 0.025847
0.142054 0.021590 0.027768
0.140788 0.025977 0.028990
0.140726 0.022532 0.030893
0.139714 0.026689 0.032262
0.139612 0.023185 0.033939
0.138780 0.027201 0.035511
0.138746 0.023643 0.036984
0.137970 0.027589 0.038711
0.137884 0.024004 0.040058
0.137227 0.028082 0.041841
0.136896 0.024410 0.043130
0.136477 0.028310 0.045100
0.135992 0.024491 0.045994
0.135798 0.028234 0.048277
0.135211 0.024426 0.048693
0.135213 0.027669 0.051176
0.135110 0.023636 0.051066
0.134918 0.027035 0.053735
0.135069 0.023005 0.053251
0.134742 0.026650 0.056283
0.134932 0.022659 0.055446
0.134073 0.026221 0.059150
0.134536 0.022371 0.058016
0.133293 0.025635 0.062516
0.132949 0.021939 0.061592
0.132109 0.025181 0.066520
0.131036 0.021763 0.065485
0.131096 0.024978 0.070615
0.129864 0.021762 0.068986
0.130501 0.025106 0.073646
0.129206 0.021961 0.071937
0.130139 0.025376 0.075721
0.128828 0.022118 0.074259
0.129726 0.025572 0.077717
0.128546 0.022182 0.076285
0.129246 0.025732 0.079731
0.128209 0.022225 0.078367
0.128776 0.025771 0.081879
0.127813 0.022209 0.080789
0.128526 0.025532 0.084366
0.127579 0.021953 0.083736
0.145957 0.020554 0.014833
0.146531 0.018681 0.011901
0.143867 0.018325 0.016869
0.145659 0.015378 0.014289
0.143847 0.020831 0.018429
0.141664 0.018718 0.020744
0.141235 0.022965 0.020573
0.140447 0.020269 0.023407
0.139436 0.024610 0.023144
0.139601 0.021456 0.025732
0.137988 0.025558 0.026097
0.138177 0.022351 0.028484
0.136668 0.026335 0.029216
0.136830 0.023080 0.031428
0.135579 0.027143 0.032371
0.135513 0.023764 0.034434
0.134572 0.027743 0.035650
0.134605 0.024138 0.037354
0.133713 0.028102 0.038865
0.133723 0.024428 0.040329
0.132932 0.028474 0.042076
0.132840 0.024739 0.043364
0.132121 0.028786 0.045342
0.131955 0.024978 0.046355
0.131206 0.028557 0.048609
0.131213 0.024611 0.049230
0.130562 0.027932 0.051575
0.131093 0.024002 0.051767
0.130178 0.027245 0.054185
0.131056 0.023329 0.054116
0.129818 0.026669 0.056617
0.130894 0.022804 0.056557
0.129024 0.026403 0.059311
0.130249 0.022526 0.059417
0.128432 0.026104 0.062682
0.128353 0.022546 0.062824
0.127878 0.026249 0.066685
0.127031 0.022745 0.066048
0.127418 0.026399 0.070428
0.126427 0.022967 0.069248
0.127076 0.026715 0.073522
0.126102 0.023251 0.072065
0.126797 0.027038 0.075944
0.125972 0.023502 0.074397
0.126539 0.027309 0.078013
0.125879 0.023729 0.076523
0.126284 0.027535 0.079980
0.125664 0.023894 0.078705
0.126018 0.027705 0.082085
0.125346 0.024011 0.081212
0.125903 0.027850 0.084577
0.125222 0.023785 0.084236
0.142314 0.021240 0.015803
0.143039 0.019467 0.013032
0.139045 0.017638 0.018585
0.141635 0.016983 0.015654
0.139606 0.021772 0.018200
0.137882 0.019251 0.021172
0.137448 0.023511 0.020311
0.136305 0.020999 0.023250
0.135439 0.024647 0.023256
0.135340 0.021822 0.025872
0.133845 0.025340 0.026340
0.134091 0.022148 0.028609
0.132468 0.026012 0.029354
0.132769 0.022664 0.031412
0.131348 0.026756 0.032459
0.131381 0.023304 0.034291
0.130427 0.027361 0.035655
0.130351 0.023787 0.037418
0.129591 0.027882 0.038883
0.129463 0.024213 0.040497
0.128839 0.028353 0.042143
0.128624 0.024679 0.043640
0.128027 0.028808 0.045411
0.127828 0.025084 0.046737
0.127256 0.028487 0.048720
0.127250 0.024501 0.049723
0.126590 0.027739 0.051676
0.127235 0.023745 0.052329
0.126158 0.026922 0.054269
0.127262 0.023014 0.054790
0.125621 0.026292 0.056748
0.126982 0.022568 0.057381
0.124625 0.026234 0.059469
0.126054 0.022666 0.060280
0.123140 0.025694 0.064275
0.123043 0.024064 0.063415
0.123107 0.026579 0.067422
0.122138 0.024042 0.066492
0.123020 0.027480 0.070619
0.122455 0.024271 0.069607
0.122949 0.028349 0.073576
0.122825 0.024521 0.072349
0.122898 0.029033 0.076230
0.123146 0.025092 0.074722
0.122836 0.029763 0.078576
0.123396 0.025597 0.076854
0.122839 0.030227 0.080610
0.123557 0.025924 0.079964
0.123284 0.030250 0.082678
0.123477 0.025872 0.083199
0.123577 0.030428 0.085011
0.123290 0.025800 0.087345
0.107604 0.026964 0.088149
0.110218 0.028802 0.088697
0.111913 0.028306 0.092534
0.109093 0.027606 0.092271
0.108338 0.023840 0.090161
0.110562 0.025331 0.090517
0.111191 0.024897 0.093718
0.108229 0.024931 0.093646
0.113159 0.030066 0.089296
0.114666 0.029161 0.092700
0.113138 0.026364 0.091266
0.113555 0.025069 0.094006
0.115980 0.030928 0.089363
0.116934 0.029864 0.092409
0.115548 0.026721 0.091206
0.115927 0.025293 0.093854
0.118131 0.031584 0.089267
0.118853 0.029754 0.091921
0.117494 0.027272 0.091014
0.117780 0.025278 0.093101
0.119563 0.031319 0.088325
0.120468 0.029712 0.091105
0.119168 0.026851 0.090119
0.119654 0.025142 0.092701
0.120941 0.031012 0.087219
0.121801 0.029447 0.090046
0.120632 0.026534 0.089025
0.121142 0.024849 0.091860
0.122268 0.030711 0.086060
0.123083 0.029096 0.088989
0.122090 0.026374 0.088239
0.122493 0.024267 0.090922
0.124404 0.028300 0.088035
0.123721 0.023525 0.090087
0.126312 0.027007 0.087405
0.125734 0.023023 0.088017
0.128659 0.024969 0.086954
0.127787 0.021370 0.086865
0.131378 0.022955 0.086442
0.130068 0.019508 0.086449
0.134394 0.020444 0.085766
0.132305 0.017321 0.086020
0.137365 0.017282 0.084855
0.134394 0.014744 0.085518
0.139871 0.013479 0.084042
0.136466 0.011751 0.084578
0.141932 0.009293 0.083476
0.138189 0.008210 0.084093
0.143439 0.004769 0.083173
0.139542 0.004226 0.083794
0.144321 0.000000 0.083105
0.140320 -0.000004 0.083705
0.112376 0.026739 0.095971
0.109521 0.025841 0.096225
0.111445 0.023352 0.096806
0.108778 0.023558 0.096847
0.115097 0.027520 0.095734
0.114041 0.023445 0.096711
0.117353 0.027849 0.095207
0.116510 0.023675 0.096278
0.119305 0.028213 0.094568
0.118197 0.023727 0.095575
0.120976 0.028326 0.093754
0.119827 0.023398 0.094738
0.122421 0.028084 0.092802
0.121386 0.023124 0.093945
0.123817 0.027715 0.091857
0.122994 0.022817 0.093279
0.125232 0.027049 0.090952
0.124789 0.022784 0.092761
0.126997 0.026036 0.090164
0.126346 0.022015 0.090557
0.129133 0.024259 0.089536
0.128318 0.020686 0.089903
0.131677 0.022557 0.088868
0.130595 0.018937 0.089407
0.134499 0.020267 0.088061
0.132483 0.017243 0.088709
0.137265 0.017226 0.087102
0.134470 0.014764 0.087833
0.139638 0.013473 0.086257
0.136303 0.011784 0.087046
0.141598 0.009300 0.085677
0.137917 0.008252 0.086433
0.143036 0.004773 0.085357
0.139185 0.004251 0.086056
0.143846 0.000000 0.085283
0.139893 -0.000004 0.085929
0.113074 0.025570 0.099045
0.110428 0.025118 0.099581
0.112405 0.022559 0.098987
0.110083 0.023049 0.099603
0.115656 0.026067 0.098566
0.114907 0.022634 0.098739
0.117887 0.026361 0.097930
0.117189 0.022646 0.098383
0.119822 0.026578 0.097179
0.119078 0.022896 0.097733
0.121527 0.026601 0.096353
0.120802 0.022912 0.097028
0.123077 0.026428 0.095473
0.122416 0.022741 0.096266
0.124571 0.026084 0.094593
0.123984 0.022356 0.095503
0.126085 0.025522 0.093740
0.125582 0.021767 0.094771
0.127857 0.024656 0.092919
0.127241 0.021095 0.093399
0.129874 0.023492 0.092157
0.129100 0.019940 0.092719
0.132199 0.021902 0.091412
0.130974 0.018465 0.092183
0.134826 0.019883 0.090533
0.132791 0.016774 0.091255
0.137398 0.017003 0.089522
0.134534 0.014550 0.090290
0.139643 0.013359 0.088597
0.135999 0.011847 0.089497
0.141438 0.009202 0.087928
0.137790 0.008218 0.088719
0.142744 0.004711 0.087537
0.138933 0.004234 0.088275
0.143449 0.000000 0.087430
0.139546 -0.000005 0.088112
0.113806 0.024394 0.101846
0.111212 0.023705 0.102522
0.113411 0.021630 0.101148
0.110913 0.022053 0.101791
0.116308 0.024857 0.101234
0.115743 0.021781 0.100832
0.118526 0.025163 0.100532
0.117917 0.021709 0.100342
0.120477 0.025371 0.099729
0.119833 0.021912 0.099725
0.122233 0.025410 0.098895
0.121597 0.021950 0.099045
0.123865 0.025280 0.098042
0.123250 0.021807 0.098314
0.125443 0.024975 0.097187
0.124842 0.021479 0.097566
0.127038 0.024480 0.096363
0.126423 0.020958 0.096832
0.128832 0.023697 0.095546
0.128124 0.020134 0.096088
0.130808 0.022606 0.094764
0.129808 0.019120 0.095390
0.132992 0.021110 0.093951
0.131519 0.017685 0.094811
0.135385 0.019130 0.093066
0.133178 0.016117 0.093668
0.137773 0.016409 0.092029
0.134822 0.014050 0.092653
0.139790 0.012916 0.091033
0.136192 0.011338 0.091734
0.141386 0.008921 0.090240
0.137748 0.007987 0.090963
0.142533 0.004570 0.089746
0.138757 0.004118 0.090468
0.143127 0.000000 0.089591
0.139271 -0.000005 0.090274
0.114388 0.023275 0.104423
0.111769 0.022349 0.105109
0.114323 0.020558 0.103815
0.112028 0.020496 0.104512
0.116909 0.023747 0.103766
0.116635 0.020229 0.103257
0.119167 0.024090 0.103035
0.118758 0.020577 0.102813
0.121179 0.024309 0.102215
0.120708 0.020854 0.102189
0.123007 0.024373 0.101378
0.122515 0.020912 0.101531
0.124716 0.024274 0.100535
0.124199 0.020806 0.100817
0.126364 0.023992 0.099697
0.125799 0.020510 0.100079
0.128014 0.023506 0.098893
0.127352 0.020013 0.099334
0.129833 0.022732 0.098077
0.128956 0.019220 0.098589
0.131800 0.021600 0.097277
0.130550 0.018210 0.097909
0.133936 0.020150 0.096429
0.132139 0.016913 0.097137
0.136097 0.018113 0.095494
0.133604 0.015364 0.095979
0.138164 0.015436 0.094434
0.135079 0.013324 0.094937
0.139945 0.012182 0.093405
0.136401 0.010700 0.093976
0.141360 0.008445 0.092551
0.137724 0.007550 0.093173
0.142351 0.004333 0.091982
0.138598 0.003893 0.092645
0.142828 0.000000 0.091782
0.139008 -0.000005 0.092428
0.115001 0.022493 0.106854
0.112342 0.021674 0.107580
0.115218 0.019026 0.106311
0.112787 0.019499 0.107129
0.117570 0.022950 0.106151
0.117458 0.019422 0.105716
0.119871 0.023162 0.105380
0.119584 0.019629 0.105164
0.121939 0.023299 0.104611
0.121569 0.019843 0.104548
0.123828 0.023453 0.103781
0.123409 0.019986 0.103904
0.125596 0.023374 0.102950
0.125104 0.019913 0.103201
0.127295 0.023076 0.102119
0.126685 0.019601 0.102464
0.128992 0.022565 0.101329
0.128185 0.019077 0.101696
0.130799 0.021722 0.100505
0.129738 0.018250 0.100992
0.132695 0.020470 0.099671
0.131234 0.017182 0.100372
0.134734 0.018980 0.098770
0.132600 0.015910 0.099399
0.136685 0.016947 0.097773
0.133968 0.014421 0.098221
0.138499 0.014404 0.096687
0.135331 0.012438 0.097146
0.140083 0.011356 0.095660
0.136557 0.009988 0.096180
0.141328 0.007864 0.094811
0.137697 0.007001 0.095367
0.142155 0.004029 0.094212
0.138424 0.003604 0.094826
0.142510 0.000000 0.093943
0.138722 -0.000006 0.094596
0.115660 0.022020 0.109178
0.112985 0.021541 0.109962
0.115778 0.018468 0.108724
0.113183 0.019121 0.109490
0.118220 0.022322 0.108443
0.118126 0.018803 0.108062
0.120523 0.022342 0.107658
0.120307 0.018873 0.107429
0.122651 0.022429 0.106926
0.122346 0.018996 0.106805
0.124610 0.022620 0.106108
0.124224 0.019181 0.106185
0.126442 0.022543 0.105281
0.125917 0.019099 0.105495
0.128203 0.022236 0.104445
0.127478 0.018798 0.104776
0.129949 0.021646 0.103651
0.128917 0.018264 0.104009
0.131760 0.020706 0.102786
0.130343 0.017352 0.103336
0.133583 0.019451 0.101895
0.131769 0.016192 0.102717
0.135418 0.017836 0.100979
0.133084 0.014978 0.101601
0.137208 0.015853 0.099933
0.134362 0.013515 0.100385
0.138847 0.013397 0.098835
0.135625 0.011601 0.099311
0.140226 0.010517 0.097840
0.136376 0.009273 0.098366
0.141292 0.007258 0.097034
0.137668 0.006426 0.097569
0.141950 0.003706 0.096459
0.138239 0.003300 0.097049
0.142186 0.000000 0.096180
0.138431 -0.000006 0.096821
0.116306 0.021674 0.111420
0.113664 0.021622 0.112285
0.116158 0.018163 0.110957
0.113407 0.018045 0.111717
0.118854 0.021760 0.110653
0.118672 0.018312 0.110239
0.121187 0.021812 0.109878
0.120954 0.018399 0.109567
0.123324 0.021815 0.109141
0.123038 0.018392 0.108929
0.125312 0.021853 0.108352
0.125044 0.018169 0.108363
0.127198 0.021787 0.107534
0.126653 0.018361 0.107702
0.129006 0.021422 0.106705
0.128212 0.018052 0.107013
0.130788 0.020749 0.105879
0.129632 0.017479 0.106267
0.132641 0.019790 0.104976
0.131043 0.016597 0.105549
0.134445 0.018512 0.104061
0.132442 0.015480 0.104723
0.136120 0.016842 0.103076
0.133649 0.014092 0.103642
0.137727 0.014837 0.101992
0.134800 0.012590 0.102494
0.139191 0.012458 0.100930
0.135934 0.010745 0.101441
0.140399 0.009722 0.099993
0.136930 0.008503 0.100537
0.141253 0.006662 0.099253
0.137647 0.005890 0.099803
0.141753 0.003386 0.098747
0.138061 0.003013 0.099320
0.141879 0.000000 0.098539
0.138150 -0.000006 0.099115
0.116781 0.021341 0.113619
0.114231 0.021619 0.114556
0.116391 0.017909 0.112920
0.113416 0.018166 0.113731
0.119306 0.021255 0.112802
0.119067 0.017877 0.112224
0.121679 0.021234 0.112033
0.121455 0.017909 0.111564
0.123866 0.021184 0.111274
0.123599 0.017431 0.111156
0.125919 0.021183 0.110511
0.125516 0.017781 0.110409
0.127874 0.021069 0.109716
0.127285 0.017715 0.109820
0.129740 0.020630 0.108882
0.128875 0.017325 0.109179
0.131547 0.019882 0.108029
0.130299 0.016669 0.108453
0.133409 0.018897 0.107107
0.131736 0.015844 0.107664
0.135199 0.017587 0.106137
0.133022 0.014725 0.106722
0.136791 0.015886 0.105082
0.134182 0.013355 0.105699
0.138260 0.013909 0.104006
0.135268 0.011836 0.104585
0.139574 0.011592 0.102997
0.136292 0.010006 0.103569
0.140570 0.008950 0.102129
0.137104 0.007825 0.102726
0.141230 0.006085 0.101469
0.137634 0.005386 0.102056
0.141569 0.003079 0.101040
0.137902 0.002743 0.101618
0.141590 0.000000 0.100858
0.137897 -0.000006 0.101435
0.116992 0.020893 0.115760
0.114444 0.021260 0.116776
0.116479 0.017640 0.114604
0.113286 0.018126 0.115437
0.119538 0.020711 0.114857
0.119658 0.017037 0.114073
0.121977 0.020660 0.114096
0.121776 0.017365 0.113430
0.124257 0.020635 0.113326
0.123993 0.017352 0.112867
0.126410 0.020573 0.112582
0.126011 0.017282 0.112379
0.128460 0.020349 0.111812
0.127851 0.017086 0.111873
0.130401 0.019827 0.110995
0.129496 0.016620 0.111268
0.132232 0.019046 0.110118
0.130948 0.015857 0.110542
0.134112 0.018083 0.109173
0.132362 0.015008 0.109712
0.135854 0.016721 0.108163
0.133614 0.013946 0.108742
0.137442 0.015065 0.107065
0.134766 0.012684 0.107709
0.138875 0.013092 0.106015
0.135895 0.011217 0.106639
0.139952 0.010730 0.105056
0.136687 0.009317 0.105724
0.140738 0.008195 0.104261
0.137278 0.007212 0.104934
0.141217 0.005524 0.103679
0.137642 0.004922 0.104321
0.141409 0.002779 0.103311
0.137775 0.002497 0.103922
0.141336 0.000000 0.103138
0.137692 -0.000006 0.103761
0.116898 0.020255 0.117786
0.114185 0.020342 0.118778
0.116338 0.017238 0.116076
0.113005 0.017654 0.116831
0.119598 0.020155 0.116817
0.119317 0.017060 0.115733
0.122142 0.020033 0.116028
0.121943 0.016900 0.115190
0.124528 0.019976 0.115264
0.124310 0.016801 0.114667
0.126786 0.019906 0.114556
0.126431 0.016701 0.114255
0.128925 0.019657 0.113832
0.128306 0.016379 0.113832
0.130946 0.019071 0.113073
0.130018 0.015950 0.113354
0.132885 0.018347 0.112187
0.131544 0.015270 0.112585
0.134827 0.017375 0.111210
0.133065 0.014478 0.111739
0.136541 0.015944 0.110139
0.134286 0.013298 0.110746
0.138138 0.014261 0.109040
0.135458 0.012025 0.109693
0.139384 0.012203 0.108039
0.135957 0.010361 0.108778
0.140311 0.009908 0.107121
0.137037 0.008578 0.107875
0.140914 0.007475 0.106398
0.137470 0.006587 0.107151
0.141223 0.004985 0.105877
0.137679 0.004467 0.106593
0.141283 0.002490 0.105555
0.137694 0.002258 0.106229
0.141130 0.000000 0.105387
0.137549 -0.000006 0.106091
0.116498 0.019256 0.119533
0.113496 0.018901 0.120286
0.116115 0.016580 0.117307
0.112721 0.016670 0.117809
0.119424 0.019419 0.118681
0.119197 0.016596 0.117352
0.122141 0.019319 0.117857
0.122040 0.016330 0.116751
0.124665 0.019298 0.117100
0.124537 0.016195 0.116355
0.127034 0.019225 0.116435
0.126744 0.016016 0.116025
0.129274 0.018938 0.115801
0.128761 0.015758 0.115718
0.131423 0.018410 0.115106
0.130556 0.015207 0.115372
0.133503 0.017643 0.114246
0.132114 0.014663 0.114659
0.135509 0.016642 0.113249
0.133629 0.013828 0.113770
0.137247 0.015169 0.112125
0.134934 0.012691 0.112801
0.138714 0.013343 0.111048
0.135968 0.011287 0.111800
0.139878 0.011298 0.110077
0.136812 0.009693 0.110900
0.140662 0.009053 0.109211
0.137390 0.007899 0.110071
0.141104 0.006736 0.108541
0.137685 0.005994 0.109393
0.141263 0.004436 0.108069
0.137761 0.004030 0.108879
0.141206 0.002196 0.107780
0.137675 0.002029 0.108546
0.140985 0.000000 0.107618
0.137488 -0.000004 0.108430
0.115994 0.017910 0.120844
0.112796 0.017250 0.121167
0.115837 0.015667 0.118373
0.112729 0.014918 0.118071
0.119038 0.018269 0.120268
0.119032 0.015571 0.118560
0.121933 0.018488 0.119597
0.122016 0.015650 0.118215
0.124628 0.018551 0.118879
0.124673 0.015528 0.117905
0.127148 0.018479 0.118261
0.127025 0.015304 0.117630
0.129550 0.018211 0.117728
0.129149 0.015016 0.117558
0.131872 0.017699 0.117111
0.131059 0.014555 0.117377
0.134081 0.016941 0.116288
0.132735 0.013967 0.116794
0.136186 0.015853 0.115288
0.134151 0.013117 0.115833
0.137795 0.014254 0.114151
0.135286 0.011735 0.114923
0.139322 0.012494 0.113086
0.136550 0.010539 0.113910
0.140403 0.010409 0.112152
0.137329 0.008948 0.113037
0.141049 0.008188 0.111344
0.137780 0.007183 0.112263
0.141331 0.005990 0.110725
0.137944 0.005376 0.111640
0.141351 0.003887 0.110288
0.137900 0.003579 0.111175
0.141195 0.001900 0.110016
0.137730 0.001795 0.110877
0.140919 0.000000 0.109860
0.137515 -0.000005 0.110787
0.115434 0.016649 0.122155
0.111972 0.015998 0.122309
0.115551 0.014777 0.119637
0.112176 0.014206 0.119774
0.118660 0.017169 0.121794
0.118738 0.014686 0.119772
0.121661 0.017492 0.121249
0.121830 0.014839 0.119560
0.124495 0.017695 0.120638
0.124666 0.014833 0.119374
0.127147 0.017640 0.120081
0.127257 0.014584 0.119161
0.129689 0.017476 0.119673
0.129596 0.014237 0.119326
0.132221 0.016950 0.119147
0.131596 0.013713 0.119321
0.134616 0.016296 0.118398
0.133454 0.013102 0.118840
0.136778 0.015125 0.117343
0.134826 0.012214 0.117895
0.138585 0.013582 0.116171
0.136247 0.011208 0.116938
0.140049 0.011635 0.115117
0.137281 0.009783 0.116033
0.141012 0.009467 0.114248
0.137899 0.008176 0.115176
0.141480 0.007274 0.113527
0.138190 0.006444 0.114450
0.141591 0.005217 0.112982
0.138217 0.004744 0.113889
0.141492 0.003339 0.112586
0.138071 0.003122 0.113477
0.141268 0.001622 0.112331
0.137846 0.001559 0.113221
0.140951 -0.000000 0.112199
0.137631 -0.000005 0.113154
0.114858 0.015423 0.123468
0.111350 0.015022 0.123782
0.115157 0.013619 0.120875
0.111815 0.013229 0.121434
0.118139 0.015899 0.123248
0.118316 0.013716 0.120984
0.121243 0.016281 0.122887
0.121537 0.013943 0.120866
0.124224 0.016657 0.122482
0.124548 0.014129 0.120774
0.127051 0.016788 0.122063
0.127333 0.013973 0.120640
0.129743 0.016619 0.121705
0.129824 0.013467 0.120945
0.132416 0.016156 0.121259
0.132073 0.012790 0.121264
0.135095 0.015626 0.120550
0.133997 0.012324 0.120959
0.137460 0.014542 0.119425
0.135726 0.011739 0.119942
0.139430 0.012874 0.118204
0.137152 0.010578 0.119080
0.140858 0.010740 0.117146
0.138066 0.009095 0.118206
0.141648 0.008449 0.116383
0.138457 0.007461 0.117316
0.141868 0.006296 0.115794
0.138537 0.005742 0.116617
0.141809 0.004419 0.115342
0.138424 0.004138 0.116113
0.141618 0.002795 0.114988
0.138199 0.002686 0.115752
0.141354 0.001354 0.114745
0.137942 0.001335 0.115536
0.141016 -0.000000 0.114663
0.137757 -0.000005 0.115492
0.114262 0.014292 0.124918
0.110707 0.014136 0.125369
0.114601 0.012460 0.122393
0.111391 0.012079 0.123116
0.117561 0.014475 0.124673
0.117819 0.012572 0.122205
0.120724 0.014774 0.124509
0.121053 0.012841 0.122098
0.123780 0.015164 0.124334
0.124156 0.013137 0.122059
0.126716 0.015441 0.124189
0.127144 0.013291 0.122064
0.129563 0.015519 0.123970
0.129959 0.012791 0.122385
0.132541 0.015453 0.123518
0.132475 0.012131 0.123233
0.135448 0.014969 0.122787
0.134672 0.011630 0.122975
0.138163 0.014032 0.121570
0.136634 0.011251 0.122091
0.140334 0.012225 0.120211
0.138143 0.010067 0.121315
0.141703 0.009819 0.119182
0.138925 0.008524 0.120428
0.142155 0.007359 0.118588
0.138864 0.006846 0.119429
0.142070 0.005300 0.118189
0.138700 0.005150 0.118718
0.141842 0.003648 0.117830
0.138462 0.003621 0.118252
0.141596 0.002277 0.117467
0.138181 0.002302 0.117951
0.141364 0.001089 0.117198
0.137930 0.001140 0.117768
0.141014 0.000000 0.117180
0.137782 -0.000005 0.117763
0.113437 0.013227 0.126522
0.109914 0.013191 0.126992
0.113969 0.011298 0.123797
0.111030 0.010981 0.124850
0.116759 0.013060 0.126125
0.117184 0.011219 0.123513
0.119921 0.012982 0.125887
0.120450 0.011517 0.123218
0.122994 0.013133 0.125717
0.123943 0.011701 0.122836
0.126022 0.013405 0.125741
0.127052 0.012081 0.122939
0.129165 0.013808 0.125898
0.129728 0.012004 0.123810
0.132553 0.014420 0.125769
0.132737 0.011429 0.124853
0.135952 0.014470 0.124886
0.135512 0.011648 0.125018
0.139072 0.013528 0.123483
0.137807 0.010991 0.124238
0.141403 0.011592 0.121988
0.139425 0.009643 0.123479
0.142457 0.008866 0.121177
0.139787 0.007835 0.122675
0.141639 0.003156 0.120371
0.138193 0.003277 0.120295
0.140884 0.000000 0.119636
0.137734 -0.000005 0.119913
0.140678 0.000000 0.121652
0.137493 -0.000006 0.121723
0.141118 0.002929 0.122427
0.137900 0.002954 0.121982
0.140111 0.001236 0.130879
0.140107 0.001901 0.128905
0.140222 0.001310 0.128812
0.140173 0.000864 0.130844
0.137262 0.000864 0.131372
0.137130 0.001435 0.129353
0.137258 0.000950 0.129315
0.137314 0.000572 0.131368
0.139981 0.002546 0.127299
0.140179 0.001649 0.127091
0.136962 0.002050 0.127409
0.137137 0.001346 0.127342
0.140046 0.003261 0.125847
0.140275 0.002004 0.125605
0.136948 0.002767 0.125583
0.137175 0.001775 0.125431
0.140461 0.004078 0.124369
0.140602 0.002451 0.124102
0.137259 0.003682 0.123962
0.137476 0.002276 0.123644
0.140293 0.000650 0.128724
0.140213 0.000435 0.130802
0.137348 0.000473 0.129292
0.137341 0.000284 0.131372
0.140258 0.000777 0.126846
0.137260 0.000665 0.127317
0.140299 0.000875 0.125161
0.137209 0.000858 0.125412
0.140588 0.001057 0.123635
0.137394 0.001077 0.123536
0.140316 0.000000 0.128691
0.140227 0.000000 0.130787
0.137380 -0.000000 0.129283
0.137350 -0.000000 0.131374
0.140271 0.000000 0.126793
0.137282 -0.000002 0.127296
0.140294 0.000000 0.125105
0.137214 -0.000003 0.125386
0.140453 0.000000 0.123463
0.137351 -0.000005 0.123537
0.159247 -0.002672 0.009234
0.159516 -0.002271 0.006019
0.163112 -0.003552 0.008622
0.163350 -0.003232 0.005363
0.158702 -0.003197 0.012903
0.162623 -0.003880 0.012366
0.158154 -0.003925 0.016873
0.162036 -0.004311 0.016433
0.157237 -0.004472 0.021014
0.160963 -0.004999 0.020735
0.156155 -0.004997 0.025139
0.159897 -0.005451 0.024851
0.155099 -0.005391 0.028924
0.158877 -0.005775 0.028608
0.154114 -0.005634 0.032237
0.157957 -0.005945 0.031935
0.153259 -0.005747 0.035161
0.157157 -0.005961 0.034893
0.152482 -0.005748 0.037921
0.156394 -0.005882 0.037523
0.151791 -0.005674 0.040701
0.155672 -0.005830 0.040190
0.151074 -0.005534 0.043534
0.154933 -0.005742 0.043132
0.150251 -0.005360 0.046386
0.154111 -0.005590 0.046135
0.149399 -0.005174 0.049222
0.153253 -0.005451 0.049051
0.148471 -0.005010 0.052055
0.152345 -0.005306 0.051922
0.147509 -0.004890 0.054890
0.151405 -0.005158 0.054714
0.146565 -0.004811 0.057724
0.150464 -0.005060 0.057456
0.145607 -0.004745 0.060560
0.149520 -0.004995 0.060268
0.144641 -0.004653 0.063383
0.148577 -0.004922 0.063053
0.143740 -0.004554 0.066168
0.147681 -0.004859 0.065682
0.142955 -0.004490 0.068883
0.146881 -0.004811 0.068245
0.142276 -0.004438 0.071508
0.146192 -0.004739 0.070793
0.141684 -0.004384 0.074052
0.145597 -0.004665 0.073302
0.141160 -0.004326 0.076543
0.145076 -0.004664 0.075855
0.140604 -0.004260 0.079020
0.144546 -0.004706 0.078452
0.140029 -0.004227 0.081475
0.143974 -0.004741 0.080928
0.158479 -0.005266 0.009680
0.158737 -0.004481 0.006480
0.161990 -0.007037 0.008864
0.162182 -0.006384 0.005670
0.157998 -0.006284 0.013308
0.161656 -0.007713 0.012493
0.157433 -0.007673 0.017204
0.161182 -0.008553 0.016438
0.156223 -0.008682 0.021320
0.159776 -0.009786 0.020699
0.154851 -0.009616 0.025422
0.158452 -0.010615 0.024791
0.153592 -0.010344 0.029201
0.157243 -0.011206 0.028530
0.152511 -0.010792 0.032551
0.156264 -0.011504 0.031846
0.151626 -0.011038 0.035504
0.155494 -0.011537 0.034840
0.150882 -0.011067 0.038245
0.154802 -0.011431 0.037667
0.150154 -0.010936 0.040960
0.154063 -0.011309 0.040499
0.149379 -0.010679 0.043719
0.153262 -0.011135 0.043407
0.148567 -0.010372 0.046494
0.152424 -0.010878 0.046314
0.147699 -0.010039 0.049277
0.151553 -0.010605 0.049154
0.146835 -0.009743 0.052057
0.150687 -0.010333 0.051930
0.145915 -0.009523 0.054875
0.149782 -0.010067 0.054662
0.144948 -0.009368 0.057740
0.148846 -0.009866 0.057445
0.143974 -0.009230 0.060637
0.147899 -0.009727 0.060336
0.142995 -0.009069 0.063531
0.146933 -0.009595 0.063204
0.142096 -0.008897 0.066365
0.146005 -0.009483 0.065903
0.141327 -0.008763 0.069105
0.145202 -0.009386 0.068459
0.140708 -0.008663 0.071727
0.144565 -0.009277 0.070959
0.140203 -0.008563 0.074249
0.144062 -0.009178 0.073490
0.139726 -0.008441 0.076724
0.143593 -0.009158 0.076126
0.139193 -0.008281 0.079211
0.143055 -0.009219 0.078769
0.138643 -0.008207 0.081710
0.142461 -0.009269 0.081244
0.157326 -0.007727 0.010429
0.157606 -0.006590 0.007234
0.160197 -0.010300 0.009279
0.160377 -0.009320 0.006171
0.156833 -0.009180 0.013983
0.159968 -0.011336 0.012730
0.156182 -0.011059 0.017712
0.159590 -0.012561 0.016471
0.154691 -0.012369 0.021837
0.157747 -0.014194 0.020756
0.153018 -0.013549 0.026022
0.156222 -0.015302 0.024822
0.151575 -0.014542 0.029748
0.155025 -0.016082 0.028511
0.150665 -0.015144 0.032869
0.154223 -0.016546 0.031766
0.149880 -0.015447 0.035731
0.153560 -0.016631 0.034796
0.149149 -0.015501 0.038479
0.152920 -0.016533 0.037827
0.148338 -0.015360 0.041198
0.152140 -0.016364 0.040867
0.147519 -0.015053 0.043895
0.151289 -0.016119 0.043785
0.146699 -0.014703 0.046580
0.150448 -0.015774 0.046590
0.145911 -0.014304 0.049262
0.149627 -0.015407 0.049333
0.145091 -0.013935 0.051978
0.148801 -0.015010 0.051982
0.144223 -0.013631 0.054766
0.147967 -0.014639 0.054630
0.143241 -0.013398 0.057667
0.147077 -0.014321 0.057450
0.142249 -0.013206 0.060652
0.146107 -0.014106 0.060499
0.141200 -0.012989 0.063688
0.145031 -0.013929 0.063553
0.140206 -0.012769 0.066673
0.144013 -0.013765 0.066361
0.139402 -0.012586 0.069482
0.143177 -0.013631 0.068927
0.138814 -0.012452 0.072097
0.142564 -0.013518 0.071385
0.138369 -0.012309 0.074575
0.142125 -0.013439 0.073928
0.137921 -0.012136 0.077013
0.141670 -0.013420 0.076661
0.137416 -0.011870 0.079492
0.141042 -0.013485 0.079381
0.136891 -0.011746 0.082066
0.140397 -0.013503 0.081837
0.155785 -0.010058 0.011446
0.156115 -0.008599 0.008265
0.157858 -0.013125 0.009938
0.158076 -0.011864 0.006914
0.155228 -0.011957 0.014945
0.157616 -0.014480 0.013189
0.154314 -0.014072 0.018591
0.157228 -0.016026 0.016684
0.152302 -0.015314 0.022738
0.154797 -0.017744 0.020894
0.150841 -0.016628 0.026478
0.153339 -0.019214 0.024781
0.149520 -0.017829 0.029961
0.152233 -0.020253 0.028388
0.148585 -0.018482 0.033113
0.151407 -0.020829 0.031668
0.147875 -0.018780 0.036038
0.150858 -0.021079 0.034746
0.147179 -0.018866 0.038830
0.150351 -0.021152 0.037968
0.146323 -0.018763 0.041531
0.149572 -0.021023 0.041249
0.145474 -0.018504 0.044182
0.148710 -0.020709 0.044212
0.144672 -0.018181 0.046797
0.147940 -0.020286 0.046963
0.143923 -0.017785 0.049398
0.147178 -0.019834 0.049635
0.143210 -0.017415 0.052019
0.146509 -0.019345 0.052155
0.142390 -0.017031 0.054722
0.145835 -0.018833 0.054691
0.141521 -0.016730 0.057623
0.145086 -0.018420 0.057565
0.140444 -0.016491 0.060743
0.144042 -0.018129 0.060849
0.139231 -0.016226 0.063964
0.142779 -0.017874 0.064176
0.138129 -0.015981 0.067106
0.141646 -0.017649 0.067144
0.137276 -0.015804 0.070011
0.140774 -0.017486 0.069749
0.136687 -0.015666 0.072642
0.140158 -0.017402 0.072184
0.136281 -0.015490 0.075087
0.139697 -0.017401 0.074728
0.135854 -0.015284 0.077513
0.139154 -0.017429 0.077535
0.135324 -0.014981 0.080044
0.138396 -0.017418 0.080277
0.134806 -0.014760 0.082716
0.137744 -0.017339 0.082678
0.153747 -0.012139 0.012536
0.154218 -0.010473 0.009494
0.155184 -0.015466 0.010871
0.155479 -0.013992 0.007907
0.152948 -0.014169 0.015703
0.154840 -0.017039 0.013959
0.151653 -0.015912 0.019272
0.153374 -0.018417 0.017712
0.149707 -0.017498 0.023246
0.151367 -0.020421 0.021374
0.148304 -0.018895 0.026859
0.149822 -0.021981 0.024992
0.147044 -0.020111 0.030231
0.148647 -0.023251 0.028461
0.146114 -0.020773 0.033344
0.147784 -0.023997 0.031748
0.145432 -0.021063 0.036283
0.147165 -0.024373 0.034893
0.144748 -0.021207 0.039128
0.146573 -0.024612 0.038166
0.143855 -0.021229 0.041904
0.145805 -0.024629 0.041491
0.142978 -0.021085 0.044603
0.145030 -0.024386 0.044542
0.142234 -0.020840 0.047212
0.144455 -0.024027 0.047377
0.141585 -0.020471 0.049730
0.143868 -0.023607 0.050076
0.140975 -0.020130 0.052269
0.143230 -0.023094 0.052505
0.140390 -0.019717 0.054896
0.143136 -0.022550 0.054995
0.139606 -0.019332 0.057767
0.142500 -0.022074 0.057941
0.138412 -0.019007 0.061015
0.141337 -0.021679 0.061450
0.136975 -0.018720 0.064451
0.139883 -0.021258 0.065067
0.135770 -0.018500 0.067767
0.138684 -0.020965 0.068286
0.134895 -0.018385 0.070738
0.137814 -0.020818 0.071021
0.134326 -0.018280 0.073333
0.137176 -0.020808 0.073473
0.133923 -0.018124 0.075700
0.136616 -0.020872 0.075967
0.133477 -0.017919 0.078032
0.135910 -0.020874 0.078627
0.132941 -0.017623 0.080560
0.135156 -0.020744 0.081175
0.132507 -0.017409 0.083293
0.134656 -0.020584 0.083544
0.151134 -0.014104 0.013779
0.151862 -0.012228 0.010909
0.152300 -0.017430 0.012048
0.152688 -0.015800 0.009115
0.149965 -0.016198 0.016697
0.151821 -0.019123 0.015020
0.148530 -0.017626 0.020017
0.149504 -0.020698 0.018745
0.146819 -0.019024 0.023724
0.147529 -0.022298 0.022115
0.145386 -0.020483 0.027230
0.146016 -0.023786 0.025386
0.144125 -0.021597 0.030515
0.144742 -0.025016 0.028717
0.143125 -0.022261 0.033610
0.143764 -0.025806 0.032033
0.142381 -0.022585 0.036575
0.142976 -0.026249 0.035277
0.141629 -0.022810 0.039475
0.142252 -0.026558 0.038496
0.140717 -0.022981 0.042329
0.141474 -0.026725 0.041740
0.139822 -0.023010 0.045118
0.140733 -0.026712 0.044919
0.139083 -0.022829 0.047724
0.140146 -0.026360 0.048021
0.138718 -0.022558 0.050203
0.139738 -0.026107 0.050954
0.138525 -0.022335 0.052582
0.139393 -0.026274 0.053657
0.138037 -0.021660 0.054948
0.139389 -0.025347 0.055945
0.137407 -0.021228 0.057790
0.138744 -0.024877 0.058774
0.136001 -0.020786 0.061292
0.137650 -0.024287 0.062205
0.134278 -0.020493 0.065007
0.136195 -0.023685 0.066018
0.132987 -0.020343 0.068539
0.135000 -0.023342 0.069654
0.132170 -0.020401 0.071600
0.134264 -0.023341 0.072574
0.131669 -0.020383 0.074017
0.133722 -0.023467 0.074905
0.131295 -0.020288 0.076100
0.133148 -0.023537 0.077127
0.130872 -0.020148 0.078226
0.132471 -0.023508 0.079372
0.130430 -0.020001 0.080655
0.131881 -0.023437 0.081669
0.130114 -0.019826 0.083502
0.131524 -0.023270 0.084068
0.147833 -0.016083 0.015281
0.149034 -0.013869 0.012496
0.149234 -0.019121 0.013412
0.149717 -0.017365 0.010485
0.146309 -0.018272 0.017911
0.148614 -0.020859 0.016286
0.144850 -0.018889 0.021323
0.145283 -0.022106 0.020067
0.143482 -0.020282 0.024588
0.143462 -0.023693 0.022925
0.142030 -0.021602 0.027790
0.142021 -0.024971 0.025871
0.140698 -0.022539 0.030920
0.140762 -0.025984 0.029021
0.139580 -0.023187 0.033970
0.139684 -0.026690 0.032298
0.138714 -0.023639 0.037019
0.138747 -0.027196 0.035552
0.137851 -0.023997 0.040097
0.137934 -0.027580 0.038755
0.136860 -0.024398 0.043174
0.137190 -0.028069 0.041887
0.135957 -0.024473 0.046038
0.136439 -0.028293 0.045148
0.135175 -0.024402 0.048737
0.135759 -0.028210 0.048324
0.135077 -0.023601 0.051105
0.135171 -0.027637 0.051220
0.135037 -0.022965 0.053285
0.134872 -0.026997 0.053774
0.134900 -0.022616 0.055476
0.134693 -0.026609 0.056316
0.134507 -0.022324 0.058043
0.134023 -0.026176 0.059177
0.132924 -0.021885 0.061619
0.133250 -0.025588 0.062535
0.131018 -0.021707 0.065519
0.132089 -0.025137 0.066537
0.129859 -0.021717 0.069024
0.131101 -0.024945 0.070633
0.129215 -0.021930 0.071975
0.130527 -0.025088 0.073663
0.128853 -0.022101 0.074295
0.130182 -0.025370 0.075737
0.128588 -0.022178 0.076320
0.129791 -0.025580 0.077732
0.128273 -0.022236 0.078400
0.129331 -0.025758 0.079745
0.127896 -0.022239 0.080820
0.128878 -0.025816 0.081890
0.127670 -0.022005 0.083764
0.128638 -0.025595 0.084373
0.143855 -0.018355 0.016886
0.145653 -0.015394 0.014313
0.145957 -0.020554 0.014833
0.146531 -0.018681 0.011901
0.141637 -0.018752 0.020777
0.143834 -0.020833 0.018441
0.140417 -0.020297 0.023443
0.141217 -0.022976 0.020587
0.139575 -0.021478 0.025761
0.139417 -0.024629 0.023165
0.138149 -0.022368 0.028514
0.137966 -0.025574 0.026126
0.136800 -0.023091 0.031463
0.136642 -0.026345 0.029254
0.135479 -0.023766 0.034476
0.135549 -0.027145 0.032415
0.134570 -0.024132 0.037398
0.134537 -0.027740 0.035698
0.133687 -0.024416 0.040372
0.133676 -0.028091 0.038916
0.132804 -0.024721 0.043408
0.132894 -0.028457 0.042129
0.131919 -0.024952 0.046400
0.132081 -0.028763 0.045398
0.131176 -0.024574 0.049273
0.131163 -0.028521 0.048666
0.131056 -0.023955 0.051808
0.130514 -0.027881 0.051630
0.131021 -0.023272 0.054155
0.130125 -0.027182 0.054238
0.130862 -0.022740 0.056597
0.129760 -0.026598 0.056665
0.130223 -0.022456 0.059463
0.128963 -0.026324 0.059353
0.128321 -0.022468 0.062880
0.128382 -0.026027 0.062722
0.127009 -0.022670 0.066105
0.127859 -0.026186 0.066723
0.126418 -0.022910 0.069303
0.127425 -0.026356 0.070466
0.126110 -0.023210 0.072117
0.127104 -0.026692 0.073556
0.125996 -0.023477 0.074446
0.126846 -0.027034 0.075973
0.125926 -0.023723 0.076566
0.126610 -0.027329 0.078036
0.125738 -0.023912 0.078743
0.126374 -0.027580 0.079996
0.125441 -0.024056 0.081239
0.126126 -0.027778 0.082090
0.125331 -0.023860 0.084244
0.126032 -0.027951 0.084566
0.139019 -0.017672 0.018616
0.141632 -0.017005 0.015685
0.142314 -0.021240 0.015803
0.143039 -0.019467 0.013032
0.137854 -0.019279 0.021206
0.139600 -0.021773 0.018212
0.136272 -0.021033 0.023270
0.137441 -0.023527 0.020327
0.135309 -0.021850 0.025894
0.135425 -0.024671 0.023282
0.134063 -0.022167 0.028635
0.133825 -0.025363 0.026375
0.132742 -0.022674 0.031444
0.132442 -0.026026 0.029395
0.131351 -0.023305 0.034327
0.131318 -0.026761 0.032505
0.130316 -0.023775 0.037460
0.130394 -0.027353 0.035705
0.129428 -0.024195 0.040540
0.129555 -0.027868 0.038935
0.128588 -0.024653 0.043684
0.128802 -0.028331 0.042196
0.127791 -0.025052 0.046781
0.127987 -0.028780 0.045465
0.127210 -0.024453 0.049767
0.127214 -0.028442 0.048774
0.127199 -0.023680 0.052372
0.126541 -0.027671 0.051729
0.127233 -0.022932 0.054837
0.126103 -0.026828 0.054320
0.126960 -0.022471 0.057441
0.125559 -0.026173 0.056799
0.126034 -0.022563 0.060366
0.124552 -0.026097 0.059520
0.122988 -0.023951 0.063530
0.123109 -0.025588 0.064339
0.122108 -0.023959 0.066609
0.123102 -0.026502 0.067472
0.122449 -0.024214 0.069718
0.123041 -0.027434 0.070653
0.122840 -0.024486 0.072453
0.122995 -0.028331 0.073596
0.123181 -0.025076 0.074812
0.122965 -0.029039 0.076238
0.123450 -0.025600 0.076931
0.122923 -0.029792 0.078572
0.123636 -0.025968 0.080013
0.122942 -0.030286 0.080602
0.123578 -0.025973 0.083199
0.123404 -0.030351 0.082675
0.123421 -0.025974 0.087265
0.123713 -0.030573 0.085012
0.110639 -0.025321 0.090452
0.111287 -0.024888 0.093642
0.108311 -0.024899 0.093591
0.108415 -0.023825 0.090128
0.110272 -0.028764 0.088650
0.111966 -0.028303 0.092470
0.109160 -0.027593 0.092223
0.107658 -0.026949 0.088117
0.113219 -0.026369 0.091151
0.113641 -0.025087 0.093913
0.113210 -0.030030 0.089246
0.114710 -0.029167 0.092639
0.115613 -0.026752 0.091107
0.116006 -0.025326 0.093783
0.116025 -0.030918 0.089320
0.116980 -0.029887 0.092367
0.117547 -0.027322 0.090942
0.117854 -0.025327 0.093042
0.118171 -0.031597 0.089230
0.118903 -0.029791 0.091881
0.119240 -0.026907 0.090084
0.119735 -0.025204 0.092660
0.119626 -0.031365 0.088297
0.120530 -0.029772 0.091076
0.120729 -0.026622 0.088998
0.121234 -0.024927 0.091822
0.121029 -0.031093 0.087201
0.121880 -0.029529 0.090027
0.122203 -0.026519 0.088170
0.122587 -0.024367 0.090869
0.122380 -0.030825 0.086052
0.123180 -0.029196 0.088975
0.123811 -0.023641 0.090047
0.124523 -0.028420 0.088023
0.125829 -0.023128 0.088017
0.126430 -0.027115 0.087390
0.127872 -0.021438 0.086886
0.128766 -0.025040 0.086960
0.130143 -0.019554 0.086475
0.131471 -0.022997 0.086457
0.132368 -0.017352 0.086043
0.134471 -0.020467 0.085783
0.134444 -0.014765 0.085536
0.137424 -0.017292 0.084868
0.136504 -0.011766 0.084594
0.139916 -0.013484 0.084053
0.138215 -0.008222 0.084106
0.141962 -0.009295 0.083486
0.139555 -0.004235 0.083800
0.143455 -0.004770 0.083178
0.111554 -0.023341 0.096726
0.108893 -0.023540 0.096757
0.112453 -0.026741 0.095904
0.109619 -0.025841 0.096160
0.114140 -0.023456 0.096635
0.115161 -0.027534 0.095674
0.116598 -0.023701 0.096218
0.117416 -0.027881 0.095161
0.118281 -0.023767 0.095524
0.119366 -0.028257 0.094529
0.119910 -0.023450 0.094696
0.121041 -0.028386 0.093724
0.121471 -0.023188 0.093908
0.122493 -0.028158 0.092780
0.123077 -0.022897 0.093240
0.123897 -0.027795 0.091839
0.124869 -0.022865 0.092738
0.125324 -0.027141 0.090941
0.126430 -0.022102 0.090555
0.127094 -0.026126 0.090156
0.128398 -0.020755 0.089915
0.129227 -0.024329 0.089544
0.130666 -0.018983 0.089428
0.131763 -0.022602 0.088884
0.132545 -0.017277 0.088730
0.134574 -0.020293 0.088079
0.134522 -0.014789 0.087851
0.137325 -0.017239 0.087118
0.136343 -0.011802 0.087063
0.139683 -0.013480 0.086270
0.137945 -0.008266 0.086446
0.141629 -0.009303 0.085687
0.139199 -0.004261 0.086063
0.143052 -0.004774 0.085363
0.112512 -0.022551 0.098915
0.110191 -0.023022 0.099514
0.113157 -0.025570 0.098980
0.110516 -0.025100 0.099503
0.115002 -0.022642 0.098678
0.115730 -0.026082 0.098511
0.117276 -0.022669 0.098333
0.117957 -0.026390 0.097886
0.119159 -0.022931 0.097691
0.119888 -0.026618 0.097142
0.120880 -0.022957 0.096992
0.121594 -0.026652 0.096323
0.122492 -0.022796 0.096235
0.123146 -0.026489 0.095450
0.124059 -0.022419 0.095477
0.124644 -0.026151 0.094574
0.125654 -0.021834 0.094753
0.126163 -0.025592 0.093730
0.127316 -0.021162 0.093397
0.127939 -0.024726 0.092916
0.129172 -0.019998 0.092728
0.129957 -0.023552 0.092166
0.131040 -0.018510 0.092201
0.132278 -0.021944 0.091427
0.132850 -0.016809 0.091275
0.134897 -0.019910 0.090551
0.134584 -0.014576 0.090308
0.137457 -0.017018 0.089539
0.136039 -0.011867 0.089514
0.139688 -0.013367 0.088612
0.137817 -0.008232 0.088732
0.141469 -0.009205 0.087940
0.138948 -0.004246 0.088282
0.142760 -0.004712 0.087544
0.113498 -0.021629 0.101089
0.110998 -0.022040 0.101715
0.113878 -0.024397 0.101786
0.111284 -0.023697 0.102444
0.115825 -0.021793 0.100783
0.116378 -0.024871 0.101187
0.117996 -0.021731 0.100301
0.118593 -0.025187 0.100494
0.119909 -0.021944 0.099689
0.120542 -0.025406 0.099697
0.121670 -0.021990 0.099014
0.122298 -0.025453 0.098868
0.123321 -0.021854 0.098288
0.123931 -0.025329 0.098021
0.124910 -0.021532 0.097546
0.125509 -0.025029 0.097172
0.126490 -0.021014 0.096820
0.127108 -0.024536 0.096356
0.128190 -0.020188 0.096088
0.128905 -0.023752 0.095547
0.129873 -0.019168 0.095398
0.130882 -0.022654 0.094775
0.131579 -0.017723 0.094829
0.133063 -0.021147 0.093967
0.133232 -0.016147 0.093687
0.135449 -0.019154 0.093085
0.134869 -0.014075 0.092670
0.137828 -0.016424 0.092048
0.136230 -0.011358 0.091751
0.139832 -0.012924 0.091049
0.137774 -0.008002 0.090976
0.141416 -0.008925 0.090252
0.138771 -0.004130 0.090475
0.142548 -0.004571 0.089753
0.114391 -0.020566 0.103766
0.112094 -0.020503 0.104451
0.114450 -0.023283 0.104370
0.111831 -0.022357 0.105041
0.116705 -0.020243 0.103218
0.116972 -0.023760 0.103726
0.118827 -0.020596 0.102780
0.119229 -0.024111 0.103003
0.120775 -0.020882 0.102161
0.121240 -0.024339 0.102188
0.122580 -0.020946 0.101507
0.123067 -0.024410 0.101357
0.124262 -0.020846 0.100797
0.124776 -0.024316 0.100519
0.125861 -0.020553 0.100065
0.126425 -0.024037 0.099687
0.127413 -0.020058 0.099327
0.128077 -0.023552 0.098890
0.129016 -0.019264 0.098591
0.129897 -0.022777 0.098081
0.130609 -0.018251 0.097918
0.131866 -0.021639 0.097289
0.132195 -0.016947 0.097153
0.134000 -0.020182 0.096446
0.133655 -0.015392 0.095998
0.136154 -0.018133 0.095513
0.135122 -0.013348 0.094954
0.138215 -0.015449 0.094453
0.136399 -0.010707 0.094019
0.139985 -0.012190 0.093421
0.137749 -0.007564 0.093185
0.141388 -0.008448 0.092563
0.138611 -0.003905 0.092652
0.142365 -0.004334 0.091989
0.115272 -0.019037 0.106269
0.112838 -0.019510 0.107076
0.115051 -0.022503 0.106809
0.112392 -0.021684 0.107522
0.117514 -0.019436 0.105683
0.117622 -0.022964 0.106118
0.119640 -0.019648 0.105138
0.119923 -0.023182 0.105355
0.121625 -0.019868 0.104526
0.121991 -0.023325 0.104590
0.123465 -0.020016 0.103886
0.123881 -0.023484 0.103765
0.125159 -0.019948 0.103187
0.125650 -0.023409 0.102939
0.126740 -0.019638 0.102456
0.127350 -0.023114 0.102114
0.128240 -0.019115 0.101693
0.129048 -0.022602 0.101330
0.129792 -0.018286 0.100997
0.130857 -0.021759 0.100512
0.131286 -0.017216 0.100384
0.132753 -0.020502 0.099684
0.132650 -0.015940 0.099415
0.134791 -0.019007 0.098787
0.134010 -0.014443 0.098240
0.136736 -0.016964 0.097792
0.135370 -0.012458 0.097162
0.138544 -0.014414 0.096706
0.136589 -0.010004 0.096196
0.140119 -0.011362 0.095676
0.137720 -0.007014 0.095378
0.141353 -0.007867 0.094823
0.138436 -0.003615 0.094832
0.142168 -0.004030 0.094219
0.115821 -0.018479 0.108686
0.113223 -0.019130 0.109441
0.115699 -0.022028 0.109140
0.113023 -0.021547 0.109913
0.118171 -0.018817 0.108033
0.118261 -0.022334 0.108415
0.120353 -0.018890 0.107407
0.120566 -0.022359 0.107637
0.122393 -0.019019 0.106787
0.122695 -0.022452 0.106910
0.124271 -0.019208 0.106172
0.124655 -0.022647 0.106097
0.125965 -0.019129 0.105486
0.126489 -0.022573 0.105275
0.127526 -0.018830 0.104772
0.128252 -0.022268 0.104444
0.128965 -0.018295 0.104010
0.130000 -0.021677 0.103656
0.130391 -0.017383 0.103344
0.131812 -0.020737 0.102796
0.131816 -0.016220 0.102730
0.133635 -0.019478 0.101910
0.133128 -0.015002 0.101616
0.135468 -0.017858 0.100996
0.134401 -0.013533 0.100405
0.137252 -0.015865 0.099952
0.135660 -0.011620 0.099328
0.138888 -0.013406 0.098854
0.136405 -0.009289 0.098382
0.140259 -0.010522 0.097855
0.137689 -0.006440 0.097580
0.141315 -0.007261 0.097045
0.138250 -0.003312 0.097055
0.141962 -0.003707 0.096465
0.116192 -0.018171 0.110923
0.113440 -0.018048 0.111672
0.116335 -0.021679 0.111388
0.113689 -0.021621 0.112243
0.118707 -0.018324 0.110214
0.118885 -0.021771 0.110629
0.120991 -0.018415 0.109548
0.121220 -0.021828 0.109861
0.123077 -0.018413 0.108915
0.123359 -0.021835 0.109128
0.125083 -0.018195 0.108354
0.125350 -0.021877 0.108345
0.126694 -0.018388 0.107697
0.127238 -0.021814 0.107532
0.128254 -0.018081 0.107012
0.129049 -0.021450 0.106707
0.129674 -0.017507 0.106271
0.130832 -0.020776 0.105886
0.131087 -0.016623 0.105559
0.132687 -0.019815 0.104988
0.132485 -0.015505 0.104734
0.134493 -0.018535 0.104078
0.133690 -0.014112 0.103658
0.136163 -0.016860 0.103091
0.134830 -0.012597 0.102517
0.137762 -0.014844 0.102011
0.135968 -0.010761 0.101457
0.139230 -0.012466 0.100950
0.136956 -0.008516 0.100552
0.140429 -0.009728 0.100007
0.137666 -0.005903 0.099814
0.141274 -0.006665 0.099263
0.138072 -0.003025 0.099326
0.141764 -0.003387 0.098753
0.116418 -0.017914 0.112890
0.113443 -0.018161 0.113690
0.116800 -0.021343 0.113590
0.114245 -0.021613 0.114519
0.119094 -0.017887 0.112201
0.119328 -0.021263 0.112781
0.121484 -0.017923 0.111547
0.121704 -0.021247 0.112017
0.123628 -0.017450 0.111144
0.123894 -0.021202 0.111264
0.125548 -0.017804 0.110402
0.125950 -0.021205 0.110506
0.127319 -0.017740 0.109817
0.127908 -0.021093 0.109716
0.128911 -0.017349 0.109180
0.129777 -0.020655 0.108887
0.130336 -0.016693 0.108458
0.131586 -0.019906 0.108038
0.131775 -0.015868 0.107676
0.133450 -0.018920 0.107119
0.133059 -0.014749 0.106733
0.135243 -0.017609 0.106154
0.134218 -0.013375 0.105716
0.136831 -0.015903 0.105096
0.135303 -0.011847 0.104611
0.138297 -0.013919 0.104024
0.136318 -0.010020 0.103586
0.139609 -0.011596 0.103015
0.137128 -0.007842 0.102741
0.140598 -0.008954 0.102142
0.137652 -0.005400 0.102066
0.141250 -0.006087 0.101479
0.137912 -0.002756 0.101623
0.141579 -0.003079 0.101045
0.116500 -0.017641 0.114579
0.113307 -0.018118 0.115400
0.117003 -0.020893 0.115733
0.114449 -0.021252 0.116741
0.119679 -0.017046 0.114054
0.119553 -0.020717 0.114838
0.121799 -0.017377 0.113415
0.121995 -0.020671 0.114082
0.124018 -0.017368 0.112856
0.124278 -0.020650 0.113318
0.126038 -0.017302 0.112373
0.126434 -0.020592 0.112580
0.127880 -0.017111 0.111872
0.128488 -0.020372 0.111815
0.129527 -0.016644 0.111270
0.130432 -0.019850 0.111002
0.130981 -0.015878 0.110547
0.132265 -0.019066 0.110129
0.132398 -0.015024 0.109722
0.134147 -0.018101 0.109186
0.133653 -0.013965 0.108744
0.135896 -0.016749 0.108180
0.134815 -0.012704 0.107726
0.137480 -0.015091 0.107079
0.135949 -0.011233 0.106667
0.138911 -0.013104 0.106033
0.136718 -0.009335 0.105738
0.139986 -0.010737 0.105072
0.137304 -0.007226 0.104945
0.140766 -0.008199 0.104274
0.137660 -0.004934 0.104329
0.141237 -0.005525 0.103687
0.137784 -0.002508 0.103926
0.141419 -0.002779 0.103315
0.116354 -0.017237 0.116055
0.113022 -0.017646 0.116801
0.116904 -0.020254 0.117760
0.114187 -0.020337 0.118745
0.119332 -0.017066 0.115716
0.119607 -0.020160 0.116798
0.121960 -0.016910 0.115176
0.122154 -0.020042 0.116015
0.124329 -0.016814 0.114657
0.124544 -0.019988 0.115256
0.126452 -0.016717 0.114250
0.126805 -0.019921 0.114553
0.128328 -0.016397 0.113832
0.128946 -0.019675 0.113835
0.130042 -0.015970 0.113359
0.130970 -0.019092 0.113081
0.131570 -0.015295 0.112595
0.132913 -0.018372 0.112198
0.133090 -0.014506 0.111755
0.134861 -0.017402 0.111222
0.134324 -0.013364 0.110740
0.136597 -0.015993 0.110155
0.135520 -0.012082 0.109729
0.138180 -0.014276 0.109054
0.135996 -0.010392 0.108817
0.139427 -0.012204 0.108054
0.137069 -0.008601 0.107885
0.140347 -0.009906 0.107136
0.137495 -0.006602 0.107160
0.140943 -0.007473 0.106409
0.137697 -0.004479 0.106599
0.141243 -0.004984 0.105885
0.137703 -0.002269 0.106233
0.141293 -0.002490 0.105559
0.116124 -0.016579 0.117292
0.112730 -0.016666 0.117791
0.116502 -0.019257 0.119509
0.113499 -0.018904 0.120259
0.119208 -0.016601 0.117336
0.119430 -0.019423 0.118663
0.122052 -0.016339 0.116738
0.122150 -0.019325 0.117844
0.124552 -0.016206 0.116346
0.124676 -0.019308 0.117092
0.126760 -0.016029 0.116020
0.127048 -0.019237 0.116433
0.128780 -0.015772 0.115717
0.129290 -0.018953 0.115804
0.130577 -0.015222 0.115376
0.131442 -0.018427 0.115114
0.132139 -0.014679 0.114667
0.133523 -0.017665 0.114259
0.133662 -0.013853 0.113780
0.135534 -0.016671 0.113262
0.134978 -0.012745 0.112776
0.137296 -0.015201 0.112151
0.135653 -0.011242 0.111915
0.138745 -0.013369 0.111061
0.136861 -0.009678 0.110910
0.139928 -0.011316 0.110094
0.137428 -0.007896 0.110075
0.140699 -0.009062 0.109227
0.137712 -0.005996 0.109397
0.141133 -0.006740 0.108552
0.137779 -0.004035 0.108883
0.141282 -0.004438 0.108075
0.137684 -0.002036 0.108549
0.141216 -0.002196 0.107783
0.115842 -0.015668 0.118364
0.112729 -0.014918 0.118071
0.115999 -0.017915 0.120825
0.112799 -0.017256 0.121151
0.119040 -0.015576 0.118545
0.119042 -0.018273 0.120250
0.122025 -0.015658 0.118202
0.121940 -0.018494 0.119583
0.124684 -0.015538 0.117895
0.124636 -0.018558 0.118870
0.127038 -0.015315 0.117623
0.127158 -0.018489 0.118258
0.129163 -0.015027 0.117556
0.129563 -0.018222 0.117731
0.131077 -0.014568 0.117379
0.131888 -0.017711 0.117119
0.132759 -0.013983 0.116796
0.134104 -0.016955 0.116298
0.134184 -0.013126 0.115840
0.136212 -0.015871 0.115296
0.135312 -0.011785 0.114897
0.137832 -0.014254 0.114177
0.136592 -0.010537 0.113956
0.139364 -0.012504 0.113101
0.137373 -0.008950 0.113057
0.140439 -0.010418 0.112166
0.137813 -0.007189 0.112273
0.141082 -0.008190 0.111357
0.137970 -0.005383 0.111648
0.141357 -0.005989 0.110732
0.137917 -0.003587 0.111180
0.141369 -0.003885 0.110293
0.137739 -0.001804 0.110880
0.141204 -0.001899 0.110018
0.115553 -0.014780 0.119631
0.112176 -0.014206 0.119774
0.115437 -0.016656 0.122142
0.111975 -0.016004 0.122299
0.118744 -0.014692 0.119759
0.118664 -0.017174 0.121778
0.121837 -0.014847 0.119548
0.121666 -0.017498 0.121235
0.124674 -0.014841 0.119364
0.124502 -0.017701 0.120628
0.127267 -0.014593 0.119154
0.127156 -0.017647 0.120076
0.129607 -0.014245 0.119322
0.129700 -0.017483 0.119674
0.131610 -0.013721 0.119321
0.132234 -0.016959 0.119152
0.133469 -0.013110 0.118840
0.134633 -0.016305 0.118409
0.134850 -0.012223 0.117902
0.136796 -0.015140 0.117352
0.136263 -0.011229 0.116929
0.138611 -0.013582 0.116191
0.137312 -0.009785 0.116065
0.140086 -0.011640 0.115132
0.137932 -0.008181 0.115197
0.141045 -0.009470 0.114263
0.138219 -0.006450 0.114462
0.141508 -0.007275 0.113539
0.138239 -0.004751 0.113897
0.141613 -0.005217 0.112990
0.138086 -0.003129 0.113481
0.141506 -0.003338 0.112591
0.137854 -0.001568 0.113223
0.141276 -0.001621 0.112333
0.115159 -0.013623 0.120870
0.111815 -0.013229 0.121434
0.114860 -0.015430 0.123459
0.111353 -0.015027 0.123775
0.118320 -0.013723 0.120974
0.118142 -0.015907 0.123235
0.121542 -0.013950 0.120853
0.121248 -0.016288 0.122873
0.124554 -0.014136 0.120764
0.124229 -0.016664 0.122471
0.127340 -0.013980 0.120633
0.127057 -0.016793 0.122057
0.129832 -0.013473 0.120941
0.129750 -0.016623 0.121704
0.132082 -0.012795 0.121263
0.132424 -0.016162 0.121263
0.134006 -0.012329 0.120958
0.135106 -0.015630 0.120559
0.135743 -0.011745 0.119949
0.137473 -0.014552 0.119434
0.137169 -0.010590 0.119081
0.139451 -0.012877 0.118223
0.138093 -0.009098 0.118230
0.140885 -0.010745 0.117159
0.138486 -0.007465 0.117334
0.141677 -0.008450 0.116398
0.138562 -0.005748 0.116629
0.141893 -0.006296 0.115804
0.138443 -0.004145 0.116121
0.141828 -0.004418 0.115349
0.138211 -0.002695 0.115756
0.141630 -0.002794 0.114991
0.137948 -0.001345 0.115538
0.141360 -0.001353 0.114747
0.114603 -0.012464 0.122389
0.111392 -0.012079 0.123116
0.114264 -0.014300 0.124911
0.110709 -0.014140 0.125363
0.117822 -0.012579 0.122197
0.117564 -0.014485 0.124662
0.121057 -0.012849 0.122087
0.120728 -0.014782 0.124496
0.124160 -0.013144 0.122048
0.123784 -0.015171 0.124323
0.127149 -0.013298 0.122056
0.126720 -0.015445 0.124182
0.129964 -0.012796 0.122379
0.129566 -0.015521 0.123967
0.132480 -0.012134 0.123230
0.132545 -0.015455 0.123521
0.134679 -0.011633 0.122974
0.135454 -0.014971 0.122795
0.136647 -0.011254 0.122097
0.138171 -0.014038 0.121580
0.138160 -0.010073 0.121321
0.140352 -0.012230 0.120229
0.138951 -0.008527 0.120448
0.141726 -0.009826 0.119193
0.138891 -0.006851 0.119445
0.142182 -0.007360 0.118600
0.138723 -0.005157 0.118729
0.142092 -0.005299 0.118198
0.138478 -0.003629 0.118259
0.141857 -0.003647 0.117836
0.138192 -0.002311 0.117955
0.141605 -0.002276 0.117470
0.137935 -0.001150 0.117770
0.141369 -0.001088 0.117198
0.113971 -0.011303 0.123795
0.111030 -0.010981 0.124850
0.113441 -0.013235 0.126516
0.109919 -0.013195 0.126987
0.117187 -0.011227 0.123507
0.116762 -0.013071 0.126117
0.120453 -0.011525 0.123208
0.119925 -0.012993 0.125877
0.123946 -0.011708 0.122825
0.122997 -0.013140 0.125706
0.127054 -0.012086 0.122928
0.126023 -0.013408 0.125732
0.129730 -0.012006 0.123801
0.129165 -0.013806 0.125893
0.132739 -0.011430 0.124849
0.132553 -0.014418 0.125770
0.135514 -0.011647 0.125018
0.135954 -0.014468 0.124896
0.137816 -0.010994 0.124244
0.139076 -0.013533 0.123495
0.139443 -0.009650 0.123488
0.141419 -0.011599 0.122004
0.139821 -0.007842 0.122693
0.142482 -0.008875 0.121182
0.138208 -0.003288 0.120301
0.141652 -0.003153 0.120375
0.137912 -0.002965 0.121986
0.141130 -0.002926 0.122431
0.137129 -0.001436 0.129353
0.137258 -0.000951 0.129315
0.137315 -0.000572 0.131368
0.137262 -0.000864 0.131372
0.140107 -0.001901 0.128905
0.140222 -0.001310 0.128812
0.140173 -0.000864 0.130844
0.140111 -0.001236 0.130879
0.136964 -0.002054 0.127410
0.137138 -0.001350 0.127342
0.139984 -0.002547 0.127302
0.140180 -0.001649 0.127093
0.136954 -0.002775 0.125585
0.137178 -0.001782 0.125432
0.140054 -0.003262 0.125850
0.140280 -0.002004 0.125608
0.137272 -0.003692 0.123967
0.137484 -0.002286 0.123645
0.140477 -0.004075 0.124374
0.140610 -0.002449 0.124106
0.137348 -0.000474 0.129292
0.137341 -0.000284 0.131372
0.140293 -0.000650 0.128724
0.140213 -0.000435 0.130802
0.137261 -0.000669 0.127318
0.140258 -0.000777 0.126846
0.137210 -0.000865 0.125412
0.140299 -0.000875 0.125161
0.137397 -0.001087 0.123536
0.140592 -0.001056 0.123635
0.134085 0.027067 0.049960
0.135029 0.027145 0.046565
0.134937 0.027036 0.042096
0.134661 0.026868 0.039830
0.134340 0.026634 0.037307
0.135859 0.026346 0.035142
0.134045 -0.027039 0.050009
0.134990 -0.027123 0.046613
0.134898 -0.027022 0.042145
0.134622 -0.026858 0.039877
0.134301 -0.026628 0.037354
0.135821 -0.026346 0.035189
0.134000 0.026225 0.034732
0.133818 0.025979 0.033509
0.133664 0.025669 0.032159
0.133464 0.025401 0.031017
0.135226 0.024922 0.028543
0.133962 -0.026223 0.034778
0.133780 -0.025979 0.033555
0.133627 -0.025671 0.032205
0.133427 -0.025405 0.031063
0.135190 -0.024934 0.028587
0.133975 0.024689 0.027691
0.134355 0.024474 0.026778
0.135215 0.024245 0.025769
0.139596 0.022484 0.021883
0.133939 -0.024699 0.027735
0.134320 -0.024488 0.026822
0.135179 -0.024261 0.025813
0.139563 -0.022514 0.021923
0.120560 0.025479 0.072486
0.117541 0.025121 0.071513
0.114721 0.024295 0.070252
0.112368 0.022961 0.068738
0.110140 0.021317 0.067441
0.108239 0.017704 0.065244
0.108065 0.017082 0.064874
0.121090 0.025614 0.071698
0.118348 0.024861 0.070274
0.115639 0.024009 0.068726
0.113283 0.022604 0.067254
0.111109 0.020884 0.065870
0.109140 0.017770 0.063914
0.108897 0.017120 0.063542
0.120040 0.024659 0.068710
0.117414 0.023790 0.066926
0.115347 0.022214 0.065090
0.113835 0.020489 0.063494
0.120922 0.025141 0.067728
0.118909 0.023906 0.065535
0.116738 0.022794 0.063854
0.120582 -0.025470 0.072569
0.117556 -0.025130 0.071597
0.114728 -0.024310 0.070331
0.112354 -0.022963 0.068816
0.110111 -0.021309 0.067515
0.108194 -0.017568 0.065371
0.108022 -0.016948 0.064996
0.121108 -0.025592 0.071779
0.118354 -0.024848 0.070368
0.115637 -0.024001 0.068822
0.113266 -0.022586 0.067346
0.111080 -0.020854 0.065959
0.109095 -0.017646 0.064041
0.108854 -0.016998 0.063664
0.120033 -0.024615 0.068811
0.117395 -0.023747 0.067040
0.115318 -0.022162 0.065213
0.113783 -0.020380 0.063640
0.120910 -0.025082 0.067821
0.118879 -0.023836 0.065654
0.116680 -0.022690 0.064017
0.137788 0.000000 0.134532
0.113962 0.017714 0.116506
0.113718 0.018358 0.114937
0.113577 0.019085 0.113133
0.137788 0.000000 0.134532
0.113962 -0.017714 0.116506
0.113718 -0.018358 0.114937
0.113577 -0.019085 0.113133
0.110277 0.023879 0.102667
0.109700 0.024434 0.100123
0.109288 0.024755 0.097307
0.110267 -0.023859 0.102661
0.109690 -0.024414 0.100116
0.109278 -0.024733 0.097301
0.145658 0.022318 0.031245
0.140039 0.024863 0.037195
0.149348 0.018620 0.032369
0.145625 -0.022340 0.031285
0.140003 -0.024865 0.037239
0.149321 -0.018646 0.032402
0.144221 0.035196 0.116566
0.132796 0.026791 0.048350
0.144221 0.035196 0.116566
0.132435 0.026004 0.055851
0.144221 0.035196 0.116566
0.139959 0.025591 0.036282
0.144221 0.035196 0.116566
0.140197 0.025599 0.037109
0.144221 0.035196 0.116566
0.140741 0.025033 0.032712
0.144221 0.035196 0.116566
0.139233 0.025701 0.044849
0.144221 -0.035196 0.116566
0.132757 -0.026763 0.048398
0.144221 -0.035196 0.116566
0.132397 -0.025962 0.055897
0.144221 -0.035196 0.116566
0.139922 -0.025595 0.036328
0.144221 -0.035196 0.116566
0.140160 -0.025603 0.037154
0.144221 -0.035196 0.116566
0.140704 -0.025045 0.032756
0.144221 -0.035196 0.116566
0.139196 -0.025689 0.044894
0.144221 0.035196 0.116566
0.133126 0.026709 0.048891
0.132416 0.025825 0.057926
0.140327 0.025420 0.035190
0.140728 0.025259 0.034307
0.141174 0.025046 0.033402
0.131772 0.026894 0.049026
0.144221 -0.035196 0.116566
0.133087 -0.026681 0.048938
0.132378 -0.025779 0.057972
0.140290 -0.025426 0.035235
0.140691 -0.025268 0.034352
0.141138 -0.025058 0.033447
0.131733 -0.026864 0.049074

CELLS 1068 9604
6 0 2 1 3 5 4
6 6 8 7 9 11 10
6 12 14 13 15 17 16
6 18 20 19 21 23 22
8 24 25 26 27 28 29 30 31
8 25 32 33 26 29 34 35 30
8 32 36 37 33 34 38 39 35
8 36 40 41 37 38 42 43 39
8 40 44 45 41 42 46 47 43
8 44 48 49 45 46 50 51 47
8 48 52 53 49 50 54 55 51
8 52 56 57 53 54 58 59 55
8 56 60 61 57 58 62 63 59
8 60 64 65 61 62 66 67 63
8 64 68 69 65 66 70 71 67
8 68 72 73 69 70 74 75 71
8 72 76 77 73 74 78 79 75
8 76 80 81 77 78 82 83 79
8 80 84 85 81 82 86 87 83
8 84 88 89 85 86 90 91 87
8 88 92 93 89 90 94 95 91
8 92 96 97 93 94 98 99 95
8 96 100 101 97 98 102 103 99
8 100 104 105 101 102 106 107 103
8 104 108 109 105 106 110 111 107
8 108 112 113 109 110 114 115 111
8 112 116 117 113 114 118 119 115
8 116 120 121 117 118 122 123 119
8 120 124 125 121 122 126 127 123
8 27 26 128 129 31 30 130 131
8 26 33 132 128 30 35 133 130
8 33 37 134 132 35 39 135 133
8 37 41 136 134 39 43 137 135
8 41 45 138 136 43 47 139 137
8 45 49 140 138 47 51 141 139
8 49 53 142 140 51 55 143 141
8 53 57 144 142 55 59 145 143
8 57 61 146 144 59 63 147 145
8 61 65 148 146 63 67 149 147
8 65 69 150 148 67 71 151 149
8 69 73 152 150 71 75 153 151
8 73 77 154 152 75 79 155 153
8 77 81 156 154 79 83 157 155
8 81 85 158 156 83 87 159 157
8 85 89 160 158 87 91 161 159
8 89 93 162 160 91 95 163 161
8 93 97 164 162 95 99 165 163
8 97 101 166 164 99 103 167 165
8 101 105 168 166 103 107 169 167
8 105 109 170 168 107 111 171 169
8 109 113 172 170 111 115 173 171
8 113 117 174 172 115 119 175 173
8 117 121 176 174 119 123 177 175
8 121 125 178 176 123 127 179 177
8 129 128 180 181 131 130 182 183
8 128 132 184 180 130 133 185 182
8 132 134 186 184 133 135 187 185
8 134 136 188 186 135 137 189 187
8 136 138 190 188 137 139 191 189
8 138 140 192 190 139 141 193 191
8 140 142 194 192 141 143 195 193
8 142 144 196 194 143 145 197 195
8 144 146 198 196 145 147 199 197
8 146 148 200 198 147 149 201 199
8 148 150 202 200 149 151 203 201
8 150 152 204 202 151 153 205 203
8 152 154 206 204 153 155 207 205
8 154 156 208 206 155 157 209 207
8 156 158 210 208 157 159 211 209
8 158 160 212 210 159 161 213 211
8 160 162 214 212 161 163 215 213
8 162 164 216 214 163 165 217 215
8 164 166 218 216 165 167 219 217
8 166 168 220 218 167 169 221 219
8 168 170 222 220 169 171 223 221
8 170 172 224 222 171 173 225 223
8 172 174 226 224 173 175 227 225
8 174 176 228 226 175 177 229 227
8 176 178 230 228 177 179 231 229
8 181 180 232 233 183 182 234 235
8 180 184 236 232 182 185 237 234
8 184 186 238 236 185 187 239 237
8 186 188 240 238 187 189 241 239
8 188 190 242 240 189 191 243 241
8 190 192 244 242 191 193 245 243
8 192 194 246 244 193 195 247 245
8 194 196 248 246 195 197 249 247
8 196 198 250 248 197 199 251 249
8 198 200 252 250 199 201 253 251
8 200 202 254 252 201 203 255 253
8 202 204 256 254 203 205 257 255
8 204 206 258 256 205 207 259 257
8 206 208 260 258 207 209 261 259
8 208 210 262 260 209 211 263 261
8 210 212 264 262 211 213 265 263
8 212 214 266 264 213 215 267 265
8 214 216 268 266 215 217 269 267
8 216 218 270 268 217 219 271 269
8 218 220 272 270 219 221 273 271
8 220 222 274 272 221 223 275 273
8 222 224 276 274 223 225 277 275
8 224 226 278 276 225 227 279 277
8 226 228 280 278 227 229 281 279
8 228 230 282 280 229 231 283 281
8 233 232 284 285 235 234 286 287
8 232 236 288 284 234 237 289 286
8 236 238 290 288 237 239 291 289
8 238 240 292 290 239 241 293 291
8 240 242 294 292 241 243 295 293
8 242 244 296 294 243 245 297 295
8 244 246 298 296 245 247 299 297
8 246 248 300 298 247 249 301 299
8 248 250 302 300 249 251 303 301
8 250 252 304 302 251 253 305 303
8 252 254 306 304 253 255 307 305
8 254 256 308 306 255 257 309 307
8 256 258 310 308 257 259 311 309
8 258 260 312 310 259 261 313 311
8 260 262 314 312 261 263 315 313
8 262 264 316 314 263 265 317 315
8 264 266 318 316 265 267 319 317
8 266 268 320 318 267 269 321 319
8 268 270 322 320 269 271 323 321
8 270 272 324 322 271 273 325 323
8 272 274 326 324 273 275 327 325
8 274 276 328 326 275 277 329 327
8 276 278 330 328 277 279 331 329
8 278 280 332 330 279 281 333 331
8 280 282 334 332 281 283 335 333
8 285 284 336 337 287 286 338 339
8 284 288 340 336 286 289 341 338
8 288 290 342 340 289 291 343 341
8 290 292 344 342 291 293 345 343
8 292 294 346 344 293 295 347 345
8 294 296 348 346 295 297 349 347
8 296 298 350 348 297 299 351 349
8 298 300 352 350 299 301 353 351
8 300 302 354 352 301 303 355 353
8 302 304 356 354 303 305 357 355
8 304 306 358 356 305 307 359 357
8 306 308 360 358 307 309 361 359
8 308 310 362 360 309 311 363 361
8 310 312 364 362 311 313 365 363
8 312 314 366 364 313 315 367 365
8 314 316 368 366 315 317 369 367
8 316 318 370 368 317 319 371 369
8 318 320 372 370 319 321 373 371
8 320 322 374 372 321 323 375 373
8 322 324 376 374 323 325 377 375
8 324 326 378 376 325 327 379 377
8 326 328 380 378 327 329 381 379
8 328 330 382 380 329 331 383 381
8 330 332 384 382 331 333 385 383
8 332 334 386 384 333 335 387 385
8 337 336 388 389 339 338 390 391
8 336 340 392 388 338 341 393 390
8 340 342 394 392 341 343 395 393
8 342 344 396 394 343 345 397 395
8 344 346 398 396 345 347 399 397
8 346 348 400 398 347 349 401 399
8 348 350 402 400 349 351 403 401
8 350 352 404 402 351 353 405 403
8 352 354 406 404 353 355 407 405
8 354 356 408 406 355 357 409 407
8 356 358 410 408 357 359 411 409
8 358 360 412 410 359 361 413 411
8 360 362 414 412 361 363 415 413
8 362 364 416 414 363 365 417 415
8 364 366 418 416 365 367 419 417
8 366 368 420 418 367 369 421 419
8 368 370 422 420 369 371 423 421
8 370 372 424 422 371 373 425 423
8 372 374 426 424 373 375 427 425
8 374 376 428 426 375 377 429 427
8 376 378 430 428 377 379 431 429
8 378 380 432 430 379 381 433 431
8 380 382 434 432 381 383 435 433
8 382 384 436 434 383 385 437 435
8 384 386 438 436 385 387 439 437
8 389 388 440 441 391 390 442 443
8 388 392 444 440 390 393 445 442
8 392 394 446 444 393 395 447 445
8 394 396 448 446 395 397 449 447
8 396 398 450 448 397 399 451 449
8 398 400 452 450 399 401 453 451
8 400 402 454 452 401 403 455 453
8 402 404 456 454 403 405 457 455
8 404 406 458 456 405 407 459 457
8 406 408 460 458 407 409 461 459
8 408 410 462 460 409 411 463 461
8 410 412 464 462 411 413 465 463
8 412 414 466 464 413 415 467 465
8 414 416 468 466 415 417 469 467
8 416 418 470 468 417 419 471 469
8 418 420 472 470 419 421 473 471
8 420 422 474 472 421 423 475 473
8 422 424 476 474 423 425 477 475
8 424 426 478 476 425 427 479 477
8 426 428 480 478 427 429 481 479
8 428 430 482 480 429 431 483 481
8 430 432 484 482 431 433 485 483
8 432 434 486 484 433 435 487 485
8 434 436 488 486 435 437 489 487
8 436 438 490 488 437 439 491 489
8 441 440 492 493 443 442 494 495
8 440 444 496 492 442 445 497 494
8 444 446 498 496 445 447 499 497
8 446 448 500 498 447 449 501 499
8 448 450 502 500 449 451 503 501
8 450 452 504 502 451 453 505 503
8 452 454 506 504 453 455 507 505
8 454 456 508 506 455 457 509 507
8 456 458 510 508 457 459 511 509
8 458 460 512 510 459 461 513 511
8 460 462 514 512 461 463 515 513
8 462 464 516 514 463 465 517 515
8 464 466 518 516 465 467 519 517
8 466 468 520 518 467 469 521 519
8 468 470 522 520 469 471 523 521
8 470 472 524 522 471 473 525 523
8 472 474 526 524 473 475 527 525
8 474 476 528 526 475 477 529 527
8 476 478 530 528 477 479 531 529
8 478 480 532 530 479 481 533 531
8 480 482 534 532 481 483 535 533
8 482 484 536 534 483 485 537 535
8 484 486 538 536 485 487 539 537
8 486 488 540 538 487 489 541 539
8 488 490 542 540 489 491 543 541
8 544 545 546 547 548 549 550 551
8 545 552 553 546 549 554 555 550
8 552 556 557 553 554 558 559 555
8 556 560 561 557 558 562 563 559
8 560 564 565 561 562 566 567 563
8 564 568 569 565 566 570 571 567
8 568 572 573 569 570 574 575 571
8 572 542 576 573 574 543 577 575
8 542 490 578 576 543 491 579 577
8 490 438 580 578 491 439 581 579
8 438 386 582 580 439 387 583 581
8 386 334 584 582 387 335 585 583
8 334 282 586 584 335 283 587 585
8 282 230 588 586 283 231 589 587
8 230 178 590 588 231 179 591 589
8 178 125 592 590 179 127 593 591
8 125 124 594 592 127 126 595 593
8 547 546 596 597 551 550 598 599
8 546 553 600 596 550 555 601 598
8 553 557 602 600 555 559 603 601
8 557 561 604 602 559 563 605 603
8 561 565 606 604 563 567 607 605
8 565 569 608 606 567 571 609 607
8 569 573 610 608 571 575 611 609
8 573 576 612 610 575 577 613 611
8 576 578 614 612 577 579 615 613
8 578 580 616 614 579 581 617 615
8 580 582 618 616 581 583 619 617
8 582 584 620 618 583 585 621 619
8 584 586 622 620 585 587 623 621
8 586 588 624 622 587 589 625 623
8 588 590 626 624 589 591 627 625
8 590 592 628 626 591 593 629 627
8 592 594 630 628 593 595 631 629
8 597 596 632 633 599 598 634 635
8 596 600 636 632 598 601 637 634
8 600 602 638 636 601 603 639 637
8 602 604 640 638 603 605 641 639
8 604 606 642 640 605 607 643 641
8 606 608 644 642 607 609 645 643
8 608 610 646 644 609 611 647 645
8 610 612 648 646 611 613 649 647
8 612 614 650 648 613 615 651 649
8 614 616 652 650 615 617 653 651
8 616 618 654 652 617 619 655 653
8 618 620 656 654 619 621 657 655
8 620 622 658 656 621 623 659 657
8 622 624 660 658 623 625 661 659
8 624 626 662 660 625 627 663 661
8 626 628 664 662 627 629 665 663
8 628 630 666 664 629 631 667 665
8 633 632 668 669 635 634 670 671
8 632 636 672 668 634 637 673 670
8 636 638 674 672 637 639 675 673
8 638 640 676 674 639 641 677 675
8 640 642 678 676 641 643 679 677
8 642 644 680 678 643 645 681 679
8 644 646 682 680 645 647 683 681
8 646 648 684 682 647 649 685 683
8 648 650 686 684 649 651 687 685
8 650 652 688 686 651 653 689 687
8 652 654 690 688 653 655 691 689
8 654 656 692 690 655 657 693 691
8 656 658 694 692 657 659 695 693
8 658 660 696 694 659 661 697 695
8 660 662 698 696 661 663 699 697
8 662 664 700 698 663 665 701 699
8 664 666 702 700 665 667 703 701
8 669 668 704 705 671 670 706 707
8 668 672 708 704 670 673 709 706
8 672 674 710 708 673 675 711 709
8 674 676 712 710 675 677 713 711
8 676 678 714 712 677 679 715 713
8 678 680 716 714 679 681 717 715
8 680 682 718 716 681 683 719 717
8 682 684 720 718 683 685 721 719
8 684 686 722 720 685 687 723 721
8 686 688 724 722 687 689 725 723
8 688 690 726 724 689 691 727 725
8 690 692 728 726 691 693 729 727
8 692 694 730 728 693 695 731 729
8 694 696 732 730 695 697 733 731
8 696 698 734 732 697 699 735 733
8 698 700 736 734 699 701 737 735
8 700 702 738 736 701 703 739 737
8 705 704 740 741 707 706 742 743
8 704 708 744 740 706 709 745 742
8 708 710 746 744 709 711 747 745
8 710 712 748 746 711 713 749 747
8 712 714 750 748 713 715 751 749
8 714 716 752 750 715 717 753 751
8 716 718 754 752 717 719 755 753
8 718 720 756 754 719 721 757 755
8 720 722 758 756 721 723 759 757
8 722 724 760 758 723 725 761 759
8 724 726 762 760 725 727 763 761
8 726 728 764 762 727 729 765 763
8 728 730 766 764 729 731 767 765
8 730 732 768 766 731 733 769 767
8 732 734 770 768 733 735 771 769
8 734 736 772 770 735 737 773 771
8 736 738 774 772 737 739 775 773
8 741 740 776 777 743 742 778 779
8 740 744 780 776 742 745 781 778
8 744 746 782 780 745 747 783 781
8 746 748 784 782 747 749 785 783
8 748 750 786 784 749 751 787 785
8 750 752 788 786 751 753 789 787
8 752 754 790 788 753 755 791 789
8 754 756 792 790 755 757 793 791
8 756 758 794 792 757 759 795 793
8 758 760 796 794 759 761 797 795
8 760 762 798 796 761 763 799 797
8 762 764 800 798 763 765 801 799
8 764 766 802 800 765 767 803 801
8 766 768 804 802 767 769 805 803
8 768 770 806 804 769 771 807 805
8 770 772 808 806 771 773 809 807
8 772 774 810 808 773 775 811 809
8 777 776 812 813 779 778 814 815
8 776 780 816 812 778 781 817 814
8 780 782 818 816 781 783 819 817
8 782 784 820 818 783 785 821 819
8 784 786 822 820 785 787 823 821
8 786 788 824 822 787 789 825 823
8 788 790 826 824 789 791 827 825
8 790 792 828 826 791 793 829 827
8 792 794 830 828 793 795 831 829
8 794 796 832 830 795 797 833 831
8 796 798 834 832 797 799 835 833
8 798 800 836 834 799 801 837 835
8 800 802 838 836 801 803 839 837
8 802 804 840 838 803 805 841 839
8 804 806 842 840 805 807 843 841
8 806 808 844 842 807 809 845 843
8 808 810 846 844 809 811 847 845
8 813 812 848 849 815 814 850 851
8 812 816 852 848 814 817 853 850
8 816 818 854 852 817 819 855 853
8 818 820 856 854 819 821 857 855
8 820 822 858 856 821 823 859 857
8 822 824 860 858 823 825 861 859
8 824 826 862 860 825 827 863 861
8 826 828 864 862 827 829 865 863
8 828 830 866 864 829 831 867 865
8 830 832 868 866 831 833 869 867
8 832 834 870 868 833 835 871 869
8 834 836 872 870 835 837 873 871
8 836 838 874 872 837 839 875 873
8 838 840 876 874 839 841 877 875
8 840 842 878 876 841 843 879 877
8 842 844 880 878 843 845 881 879
8 844 846 882 880 845 847 883 881
8 849 848 884 885 851 850 886 887
8 848 852 888 884 850 853 889 886
8 852 854 890 888 853 855 891 889
8 854 856 892 890 855 857 893 891
8 856 858 894 892 857 859 895 893
8 858 860 896 894 859 861 897 895
8 860 862 898 896 861 863 899 897
8 862 864 900 898 863 865 901 899
8 864 866 902 900 865 867 903 901
8 866 868 904 902 867 869 905 903
8 868 870 906 904 869 871 907 905
8 870 872 908 906 871 873 909 907
8 872 874 910 908 873 875 911 909
8 874 876 912 910 875 877 913 911
8 876 878 914 912 877 879 915 913
8 878 880 916 914 879 881 917 915
8 880 882 918 916 881 883 919 917
8 885 884 920 921 887 886 922 923
8 884 888 924 920 886 889 925 922
8 888 890 926 924 889 891 927 925
8 890 892 928 926 891 893 929 927
8 892 894 930 928 893 895 931 929
8 894 896 932 930 895 897 933 931
8 896 898 934 932 897 899 935 933
8 898 900 936 934 899 901 937 935
8 900 902 938 936 901 903 939 937
8 902 904 940 938 903 905 941 939
8 904 906 942 940 905 907 943 941
8 906 908 944 942 907 909 945 943
8 908 910 946 944 909 911 947 945
8 910 912 948 946 911 913 949 947
8 912 914 950 948 913 915 951 949
8 914 916 952 950 915 917 953 951
8 916 918 954 952 917 919 955 953
8 921 920 956 957 923 922 958 959
8 920 924 960 956 922 925 961 958
8 924 926 962 960 925 927 963 961
8 926 928 964 962 927 929 965 963
8 928 930 966 964 929 931 967 965
8 930 932 968 966 931 933 969 967
8 932 934 970 968 933 935 971 969
8 934 936 972 970 935 937 973 971
8 936 938 974 972 937 939 975 973
8 938 940 976 974 939 941 977 975
8 940 942 978 976 941 943 979 977
8 942 944 980 978 943 945 981 979
8 944 946 982 980 945 947 983 981
8 946 948 984 982 947 949 985 983
8 948 950 986 984 949 951 987 985
8 950 952 988 986 951 953 989 987
8 952 954 990 988 953 955 991 989
8 957 956 992 993 959 958 994 995
8 956 960 996 992 958 961 997 994
8 960 962 998 996 961 963 999 997
8 962 964 1000 998 963 965 1001 999
8 964 966 1002 1000 965 967 1003 1001
8 966 968 1004 1002 967 969 1005 1003
8 968 970 1006 1004 969 971 1007 1005
8 970 972 1008 1006 971 973 1009 1007
8 972 974 1010 1008 973 975 1011 1009
8 974 976 1012 1010 975 977 1013 1011
8 976 978 1014 1012 977 979 1015 1013
8 978 980 1016 1014 979 981 1017 1015
8 980 982 1018 1016 981 983 1019 1017
8 982 984 1020 1018 983 985 1021 1019
8 984 986 1022 1020 985 987 1023 1021
8 986 988 1024 1022 987 989 1025 1023
8 988 990 1026 1024 989 991 1027 1025
8 993 992 1028 1029 995 994 1030 1031
8 992 996 1032 1028 994 997 1033 1030
8 996 998 1034 1032 997 999 1035 1033
8 998 1000 1036 1034 999 1001 1037 1035
8 1000 1002 1038 1036 1001 1003 1039 1037
8 1002 1004 1040 1038 1003 1005 1041 1039
8 1004 1006 1042 1040 1005 1007 1043 1041
8 1006 1008 1044 1042 1007 1009 1045 1043
8 1008 1010 1046 1044 1009 1011 1047 1045
8 1010 1012 1048 1046 1011 1013 1049 1047
8 1012 1014 1050 1048 1013 1015 1051 1049
8 1014 1016 1052 1050 1015 1017 1053 1051
8 1016 1018 1054 1052 1017 1019 1055 1053
8 1018 1020 1056 1054 1019 1021 1057 1055
8 1020 1022 1058 1056 1021 1023 1059 1057
8 1022 1024 1060 1058 1023 1025 1061 1059
8 1024 1026 1062 1060 1025 1027 1063 1061
8 1029 1028 1064 1065 1031 1030 1066 1067
8 1028 1032 1068 1064 1030 1033 1069 1066
8 1032 1034 1070 1068 1033 1035 1071 1069
8 1034 1036 1072 1070 1035 1037 1073 1071
8 1036 1038 1074 1072 1037 1039 1075 1073
8 1038 1040 1076 1074 1039 1041 1077 1075
8 1040 1042 1078 1076 1041 1043 1079 1077
8 1042 1044 1080 1078 1043 1045 1081 1079
8 1044 1046 1082 1080 1045 1047 1083 1081
8 1046 1048 1084 1082 1047 1049 1085 1083
8 1048 1050 1086 1084 1049 1051 1087 1085
8 1050 1052 1088 1086 1051 1053 1089 1087
8 1052 1054 1090 1088 1053 1055 1091 1089
8 1054 1056 1092 1090 1055 1057 1093 1091
8 1056 1058 1094 1092 1057 1059 1095 1093
8 1058 1060 1096 1094 1059 1061 1097 1095
8 1060 1062 1098 1096 1061 1063 1099 1097
8 1065 1064 1100 1101 1067 1066 1102 1103
8 1064 1068 1104 1100 1066 1069 1105 1102
8 1068 1070 1106 1104 1069 1071 1107 1105
8 1070 1072 1108 1106 1071 1073 1109 1107
8 1072 1074 1110 1108 1073 1075 1111 1109
8 1074 1076 1112 1110 1075 1077 1113 1111
8 1076 1078 1114 1112 1077 1079 1115 1113
8 1078 1080 1116 1114 1079 1081 1117 1115
8 1080 1082 1118 1116 1081 1083 1119 1117
8 1082 1084 1120 1118 1083 1085 1121 1119
8 1084 1086 1122 1120 1085 1087 1123 1121
8 1086 1088 1124 1122 1087 1089 1125 1123
8 1088 1090 1126 1124 1089 1091 1127 1125
8 1090 1092 1128 1126 1091 1093 1129 1127
8 1092 1094 1130 1128 1093 1095 1131 1129
8 1094 1096 1132 1130 1095 1097 1133 1131
8 1096 1098 1134 1132 1097 1099 1135 1133
8 1101 1100 1136 1137 1103 1102 1138 1139
8 1100 1104 1140 1136 1102 1105 1141 1138
8 1104 1106 1142 1140 1105 1107 1143 1141
8 1106 1108 1144 1142 1107 1109 1145 1143
8 1108 1110 1146 1144 1109 1111 1147 1145
8 1110 1112 1148 1146 1111 1113 1149 1147
8 1112 1114 1150 1148 1113 1115 1151 1149
8 1114 1116 1152 1150 1115 1117 1153 1151
8 1116 1118 1154 1152 1117 1119 1155 1153
8 1118 1120 1156 1154 1119 1121 1157 1155
8 1120 1122 1158 1156 1121 1123 1159 1157
8 1122 1124 11 1158 1123 1125 8 1159
8 1124 1126 10 11 1125 1127 7 8
8 1126 1128 1160 10 1127 1129 1161 7
8 1128 1130 5 1160 1129 1131 2 1161
8 1130 1132 4 5 1131 1133 1 2
8 1132 1134 1162 4 1133 1135 1163 1
8 1162 1164 3 4 1163 1165 0 1
8 5 3 1166 1160 2 0 1167 1161
8 1160 1166 9 10 1161 1167 6 7
8 1168 1169 1170 1171 1172 1173 1174 1175
8 1169 1176 1177 1170 1173 1178 1179 1174
8 1176 1180 1181 1177 1178 1182 1183 1179
8 1180 1184 1185 1181 1182 1186 1187 1183
8 1184 9 1166 1185 1186 6 1167 1187
8 1171 1170 1188 1189 1175 1174 1190 1191
8 1170 1177 1192 1188 1174 1179 1193 1190
8 1177 1181 1194 1192 1179 1183 1195 1193
8 1181 1185 1196 1194 1183 1187 1197 1195
8 1185 1166 3 1196 1187 1167 0 1197
8 1189 1188 1198 1199 1191 1190 1200 1201
8 1188 1192 1202 1198 1190 1193 1203 1200
8 1192 1194 1204 1202 1193 1195 1205 1203
8 1194 1196 1206 1204 1195 1197 1207 1205
8 1196 3 1164 1206 1197 0 1165 1207
8 29 1208 1209 28 25 1210 1211 24
8 34 1212 1208 29 32 1213 1210 25
8 38 1214 1212 34 36 1215 1213 32
8 42 1216 1214 38 40 1217 1215 36
8 46 1218 1216 42 44 1219 1217 40
8 50 1220 1218 46 48 1221 1219 44
8 54 1222 1220 50 52 1223 1221 48
8 58 1224 1222 54 56 1225 1223 52
8 62 1226 1224 58 60 1227 1225 56
8 66 1228 1226 62 64 1229 1227 60
8 70 1230 1228 66 68 1231 1229 64
8 74 1232 1230 70 72 1233 1231 68
8 78 1234 1232 74 76 1235 1233 72
8 82 1236 1234 78 80 1237 1235 76
8 86 1238 1236 82 84 1239 1237 80
8 90 1240 1238 86 88 1241 1239 84
8 94 1242 1240 90 92 1243 1241 88
8 98 1244 1242 94 96 1245 1243 92
8 102 1246 1244 98 100 1247 1245 96
8 106 1248 1246 102 104 1249 1247 100
8 110 1250 1248 106 108 1251 1249 104
8 114 1252 1250 110 112 1253 1251 108
8 118 1254 1252 114 116 1255 1253 112
8 122 1256 1254 118 120 1257 1255 116
8 126 1258 1256 122 124 1259 1257 120
8 1208 1260 1261 1209 1210 1262 1263 1211
8 1212 1264 1260 1208 1213 1265 1262 1210
8 1214 1266 1264 1212 1215 1267 1265 1213
8 1216 1268 1266 1214 1217 1269 1267 1215
8 1218 1270 1268 1216 1219 1271 1269 1217
8 1220 1272 1270 1218 1221 1273 1271 1219
8 1222 1274 1272 1220 1223 1275 1273 1221
8 1224 1276 1274 1222 1225 1277 1275 1223
8 1226 1278 1276 1224 1227 1279 1277 1225
8 1228 1280 1278 1226 1229 1281 1279 1227
8 1230 1282 1280 1228 1231 1283 1281 1229
8 1232 1284 1282 1230 1233 1285 1283 1231
8 1234 1286 1284 1232 1235 1287 1285 1233
8 1236 1288 1286 1234 1237 1289 1287 1235
8 1238 1290 1288 1236 1239 1291 1289 1237
8 1240 1292 1290 1238 1241 1293 1291 1239
8 1242 1294 1292 1240 1243 1295 1293 1241
8 1244 1296 1294 1242 1245 1297 1295 1243
8 1246 1298 1296 1244 1247 1299 1297 1245
8 1248 1300 1298 1246 1249 1301 1299 1247
8 1250 1302 1300 1248 1251 1303 1301 1249
8 1252 1304 1302 1250 1253 1305 1303 1251
8 1254 1306 1304 1252 1255 1307 1305 1253
8 1256 1308 1306 1254 1257 1309 1307 1255
8 1258 1310 1308 1256 1259 1311 1309 1257
8 1260 1312 1313 1261 1262 1314 1315 1263
8 1264 1316 1312 1260 1265 1317 1314 1262
8 1266 1318 1316 1264 1267 1319 1317 1265
8 1268 1320 1318 1266 1269 1321 1319 1267
8 1270 1322 1320 1268 1271 1323 1321 1269
8 1272 1324 1322 1270 1273 1325 1323 1271
8 1274 1326 1324 1272 1275 1327 1325 1273
8 1276 1328 1326 1274 1277 1329 1327 1275
8 1278 1330 1328 1276 1279 1331 1329 1277
8 1280 1332 1330 1278 1281 1333 1331 1279
8 1282 1334 1332 1280 1283 1335 1333 1281
8 1284 1336 1334 1282 1285 1337 1335 1283
8 1286 1338 1336 1284 1287 1339 1337 1285
8 1288 1340 1338 1286 1289 1341 1339 1287
8 1290 1342 1340 1288 1291 1343 1341 1289
8 1292 1344 1342 1290 1293 1345 1343 1291
8 1294 1346 1344 1292 1295 1347 1345 1293
8 1296 1348 1346 1294 1297 1349 1347 1295
8 1298 1350 1348 1296 1299 1351 1349 1297
8 1300 1352 1350 1298 1301 1353 1351 1299
8 1302 1354 1352 1300 1303 1355 1353 1301
8 1304 1356 1354 1302 1305 1357 1355 1303
8 1306 1358 1356 1304 1307 1359 1357 1305
8 1308 1360 1358 1306 1309 1361 1359 1307
8 1310 1362 1360 1308 1311 1363 1361 1309
8 1312 1364 1365 1313 1314 1366 1367 1315
8 1316 1368 1364 1312 1317 1369 1366 1314
8 1318 1370 1368 1316 1319 1371 1369 1317
8 1320 1372 1370 1318 1321 1373 1371 1319
8 1322 1374 1372 1320 1323 1375 1373 1321
8 1324 1376 1374 1322 1325 1377 1375 1323
8 1326 1378 1376 1324 1327 1379 1377 1325
8 1328 1380 1378 1326 1329 1381 1379 1327
8 1330 1382 1380 1328 1331 1383 1381 1329
8 1332 1384 1382 1330 1333 1385 1383 1331
8 1334 1386 1384 1332 1335 1387 1385 1333
8 1336 1388 1386 1334 1337 1389 1387 1335
8 1338 1390 1388 1336 1339 1391 1389 1337
8 1340 1392 1390 1338 1341 1393 1391 1339
8 1342 1394 1392 1340 1343 1395 1393 1341
8 1344 1396 1394 1342 1345 1397 1395 1343
8 1346 1398 1396 1344 1347 1399 1397 1345
8 1348 1400 1398 1346 1349 1401 1399 1347
8 1350 1402 1400 1348 1351 1403 1401 1349
8 1352 1404 1402 1350 1353 1405 1403 1351
8 1354 1406 1404 1352 1355 1407 1405 1353
8 1356 1408 1406 1354 1357 1409 1407 1355
8 1358 1410 1408 1356 1359 1411 1409 1357
8 1360 1412 1410 1358 1361 1413 1411 1359
8 1362 1414 1412 1360 1363 1415 1413 1361
8 1364 1416 1417 1365 1366 1418 1419 1367
8 1368 1420 1416 1364 1369 1421 1418 1366
8 1370 1422 1420 1368 1371 1423 1421 1369
8 1372 1424 1422 1370 1373 1425 1423 1371
8 1374 1426 1424 1372 1375 1427 1425 1373
8 1376 1428 1426 1374 1377 1429 1427 1375
8 1378 1430 1428 1376 1379 1431 1429 1377
8 1380 1432 1430 1378 1381 1433 1431 1379
8 1382 1434 1432 1380 1383 1435 1433 1381
8 1384 1436 1434 1382 1385 1437 1435 1383
8 1386 1438 1436 1384 1387 1439 1437 1385
8 1388 1440 1438 1386 1389 1441 1439 1387
8 1390 1442 1440 1388 1391 1443 1441 1389
8 1392 1444 1442 1390 1393 1445 1443 1391
8 1394 1446 1444 1392 1395 1447 1445 1393
8 1396 1448 1446 1394 1397 1449 1447 1395
8 1398 1450 1448 1396 1399 1451 1449 1397
8 1400 1452 1450 1398 1401 1453 1451 1399
8 1402 1454 1452 1400 1403 1455 1453 1401
8 1404 1456 1454 1402 1405 1457 1455 1403
8 1406 1458 1456 1404 1407 1459 1457 1405
8 1408 1460 1458 1406 1409 1461 1459 1407
8 1410 1462 1460 1408 1411 1463 1461 1409
8 1412 1464 1462 1410 1413 1465 1463 1411
8 1414 1466 1464 1412 1415 1467 1465 1413
8 1416 1468 1469 1417 1418 1470 1471 1419
8 1420 1472 1468 1416 1421 1473 1470 1418
8 1422 1474 1472 1420 1423 1475 1473 1421
8 1424 1476 1474 1422 1425 1477 1475 1423
8 1426 1478 1476 1424 1427 1479 1477 1425
8 1428 1480 1478 1426 1429 1481 1479 1427
8 1430 1482 1480 1428 1431 1483 1481 1429
8 1432 1484 1482 1430 1433 1485 1483 1431
8 1434 1486 1484 1432 1435 1487 1485 1433
8 1436 1488 1486 1434 1437 1489 1487 1435
8 1438 1490 1488 1436 1439 1491 1489 1437
8 1440 1492 1490 1438 1441 1493 1491 1439
8 1442 1494 1492 1440 1443 1495 1493 1441
8 1444 1496 1494 1442 1445 1497 1495 1443
8 1446 1498 1496 1444 1447 1499 1497 1445
8 1448 1500 1498 1446 1449 1501 1499 1447
8 1450 1502 1500 1448 1451 1503 1501 1449
8 1452 1504 1502 1450 1453 1505 1503 1451
8 1454 1506 1504 1452 1455 1507 1505 1453
8 1456 1508 1506 1454 1457 1509 1507 1455
8 1458 1510 1508 1456 1459 1511 1509 1457
8 1460 1512 1510 1458 1461 1513 1511 1459
8 1462 1514 1512 1460 1463 1515 1513 1461
8 1464 1516 1514 1462 1465 1517 1515 1463
8 1466 1518 1516 1464 1467 1519 1517 1465
8 1468 1520 1521 1469 1470 1522 1523 1471
8 1472 1524 1520 1468 1473 1525 1522 1470
8 1474 1526 1524 1472 1475 1527 1525 1473
8 1476 1528 1526 1474 1477 1529 1527 1475
8 1478 1530 1528 1476 1479 1531 1529 1477
8 1480 1532 1530 1478 1481 1533 1531 1479
8 1482 1534 1532 1480 1483 1535 1533 1481
8 1484 1536 1534 1482 1485 1537 1535 1483
8 1486 1538 1536 1484 1487 1539 1537 1485
8 1488 1540 1538 1486 1489 1541 1539 1487
8 1490 1542 1540 1488 1491 1543 1541 1489
8 1492 1544 1542 1490 1493 1545 1543 1491
8 1494 1546 1544 1492 1495 1547 1545 1493
8 1496 1548 1546 1494 1497 1549 1547 1495
8 1498 1550 1548 1496 1499 1551 1549 1497
8 1500 1552 1550 1498 1501 1553 1551 1499
8 1502 1554 1552 1500 1503 1555 1553 1501
8 1504 1556 1554 1502 1505 1557 1555 1503
8 1506 1558 1556 1504 1507 1559 1557 1505
8 1508 1560 1558 1506 1509 1561 1559 1507
8 1510 1562 1560 1508 1511 1563 1561 1509
8 1512 1564 1562 1510 1513 1565 1563 1511
8 1514 1566 1564 1512 1515 1567 1565 1513
8 1516 1568 1566 1514 1517 1569 1567 1515
8 1518 1570 1568 1516 1519 1571 1569 1517
8 1520 1572 1573 1521 1522 1574 1575 1523
8 1524 1576 1572 1520 1525 1577 1574 1522
8 1526 1578 1576 1524 1527 1579 1577 1525
8 1528 1580 1578 1526 1529 1581 1579 1527
8 1530 1582 1580 1528 1531 1583 1581 1529
8 1532 1584 1582 1530 1533 1585 1583 1531
8 1534 1586 1584 1532 1535 1587 1585 1533
8 1536 1588 1586 1534 1537 1589 1587 1535
8 1538 1590 1588 1536 1539 1591 1589 1537
8 1540 1592 1590 1538 1541 1593 1591 1539
8 1542 1594 1592 1540 1543 1595 1593 1541
8 1544 1596 1594 1542 1545 1597 1595 1543
8 1546 1598 1596 1544 1547 1599 1597 1545
8 1548 1600 1598 1546 1549 1601 1599 1547
8 1550 1602 1600 1548 1551 1603 1601 1549
8 1552 1604 1602 1550 1553 1605 1603 1551
8 1554 1606 1604 1552 1555 1607 1605 1553
8 1556 1608 1606 1554 1557 1609 1607 1555
8 1558 1610 1608 1556 1559 1611 1609 1557
8 1560 1612 1610 1558 1561 1613 1611 1559
8 1562 1614 1612 1560 1563 1615 1613 1561
8 1564 1616 1614 1562 1565 1617 1615 1563
8 1566 1618 1616 1564 1567 1619 1617 1565
8 1568 1620 1618 1566 1569 1621 1619 1567
8 1570 1622 1620 1568 1571 1623 1621 1569
8 1572 1624 1625 1573 1574 1626 1627 1575
8 1576 1628 1624 1572 1577 1629 1626 1574
8 1578 1630 1628 1576 1579 1631 1629 1577
8 1580 1632 1630 1578 1581 1633 1631 1579
8 1582 1634 1632 1580 1583 1635 1633 1581
8 1584 1636 1634 1582 1585 1637 1635 1583
8 1586 1638 1636 1584 1587 1639 1637 1585
8 1588 1640 1638 1586 1589 1641 1639 1587
8 1590 1642 1640 1588 1591 1643 1641 1589
8 1592 1644 1642 1590 1593 1645 1643 1591
8 1594 1646 1644 1592 1595 1647 1645 1593
8 1596 1648 1646 1594 1597 1649 1647 1595
8 1598 1650 1648 1596 1599 1651 1649 1597
8 1600 1652 1650 1598 1601 1653 1651 1599
8 1602 1654 1652 1600 1603 1655 1653 1601
8 1604 1656 1654 1602 1605 1657 1655 1603
8 1606 1658 1656 1604 1607 1659 1657 1605
8 1608 1660 1658 1606 1609 1661 1659 1607
8 1610 1662 1660 1608 1611 1663 1661 1609
8 1612 1664 1662 1610 1613 1665 1663 1611
8 1614 1666 1664 1612 1615 1667 1665 1613
8 1616 1668 1666 1614 1617 1669 1667 1615
8 1618 1670 1668 1616 1619 1671 1669 1617
8 1620 1672 1670 1618 1621 1673 1671 1619
8 1622 1674 1672 1620 1623 1675 1673 1621
8 1676 1677 1678 1679 1680 1681 1682 1683
8 1684 1685 1677 1676 1686 1687 1681 1680
8 1688 1689 1685 1684 1690 1691 1687 1686
8 1692 1693 1689 1688 1694 1695 1691 1690
8 1696 1697 1693 1692 1698 1699 1695 1694
8 1700 1701 1697 1696 1702 1703 1699 1698
8 1704 1705 1701 1700 1706 1707 1703 1702
8 1674 1708 1705 1704 1675 1709 1707 1706
8 1622 1710 1708 1674 1623 1711 1709 1675
8 1570 1712 1710 1622 1571 1713 1711 1623
8 1518 1714 1712 1570 1519 1715 1713 1571
8 1466 1716 1714 1518 1467 1717 1715 1519
8 1414 1718 1716 1466 1415 1719 1717 1467
8 1362 1720 1718 1414 1363 1721 1719 1415
8 1310 1722 1720 1362 1311 1723 1721 1363
8 1258 1724 1722 1310 1259 1725 1723 1311
8 126 595 1724 1258 124 594 1725 1259
8 1677 1726 1727 1678 1681 1728 1729 1682
8 1685 1730 1726 1677 1687 1731 1728 1681
8 1689 1732 1730 1685 1691 1733 1731 1687
8 1693 1734 1732 1689 1695 1735 1733 1691
8 1697 1736 1734 1693 1699 1737 1735 1695
8 1701 1738 1736 1697 1703 1739 1737 1699
8 1705 1740 1738 1701 1707 1741 1739 1703
8 1708 1742 1740 1705 1709 1743 1741 1707
8 1710 1744 1742 1708 1711 1745 1743 1709
8 1712 1746 1744 1710 1713 1747 1745 1711
8 1714 1748 1746 1712 1715 1749 1747 1713
8 1716 1750 1748 1714 1717 1751 1749 1715
8 1718 1752 1750 1716 1719 1753 1751 1717
8 1720 1754 1752 1718 1721 1755 1753 1719
8 1722 1756 1754 1720 1723 1757 1755 1721
8 1724 1758 1756 1722 1725 1759 1757 1723
8 595 631 1758 1724 594 630 1759 1725
8 1726 1760 1761 1727 1728 1762 1763 1729
8 1730 1764 1760 1726 1731 1765 1762 1728
8 1732 1766 1764 1730 1733 1767 1765 1731
8 1734 1768 1766 1732 1735 1769 1767 1733
8 1736 1770 1768 1734 1737 1771 1769 1735
8 1738 1772 1770 1736 1739 1773 1771 1737
8 1740 1774 1772 1738 1741 1775 1773 1739
8 1742 1776 1774 1740 1743 1777 1775 1741
8 1744 1778 1776 1742 1745 1779 1777 1743
8 1746 1780 1778 1744 1747 1781 1779 1745
8 1748 1782 1780 1746 1749 1783 1781 1747
8 1750 1784 1782 1748 1751 1785 1783 1749
8 1752 1786 1784 1750 1753 1787 1785 1751
8 1754 1788 1786 1752 1755 1789 1787 1753
8 1756 1790 1788 1754 1757 1791 1789 1755
8 1758 1792 1790 1756 1759 1793 1791 1757
8 631 667 1792 1758 630 666 1793 1759
8 1760 1794 1795 1761 1762 1796 1797 1763
8 1764 1798 1794 1760 1765 1799 1796 1762
8 1766 1800 1798 1764 1767 1801 1799 1765
8 1768 1802 1800 1766 1769 1803 1801 1767
8 1770 1804 1802 1768 1771 1805 1803 1769
8 1772 1806 1804 1770 1773 1807 1805 1771
8 1774 1808 1806 1772 1775 1809 1807 1773
8 1776 1810 1808 1774 1777 1811 1809 1775
8 1778 1812 1810 1776 1779 1813 1811 1777
8 1780 1814 1812 1778 1781 1815 1813 1779
8 1782 1816 1814 1780 1783 1817 1815 1781
8 1784 1818 1816 1782 1785 1819 1817 1783
8 1786 1820 1818 1784 1787 1821 1819 1785
8 1788 1822 1820 1786 1789 1823 1821 1787
8 1790 1824 1822 1788 1791 1825 1823 1789
8 1792 1826 1824 1790 1793 1827 1825 1791
8 667 703 1826 1792 666 702 1827 1793
8 1794 1828 1829 1795 1796 1830 1831 1797
8 1798 1832 1828 1794 1799 1833 1830 1796
8 1800 1834 1832 1798 1801 1835 1833 1799
8 1802 1836 1834 1800 1803 1837 1835 1801
8 1804 1838 1836 1802 1805 1839 1837 1803
8 1806 1840 1838 1804 1807 1841 1839 1805
8 1808 1842 1840 1806 1809 1843 1841 1807
8 1810 1844 1842 1808 1811 1845 1843 1809
8 1812 1846 1844 1810 1813 1847 1845 1811
8 1814 1848 1846 1812 1815 1849 1847 1813
8 1816 1850 1848 1814 1817 1851 1849 1815
8 1818 1852 1850 1816 1819 1853 1851 1817
8 1820 1854 1852 1818 1821 1855 1853 1819
8 1822 1856 1854 1820 1823 1857 1855 1821
8 1824 1858 1856 1822 1825 1859 1857 1823
8 1826 1860 1858 1824 1827 1861 1859 1825
8 703 739 1860 1826 702 738 1861 1827
8 1828 1862 1863 1829 1830 1864 1865 1831
8 1832 1866 1862 1828 1833 1867 1864 1830
8 1834 1868 1866 1832 1835 1869 1867 1833
8 1836 1870 1868 1834 1837 1871 1869 1835
8 1838 1872 1870 1836 1839 1873 1871 1837
8 1840 1874 1872 1838 1841 1875 1873 1839
8 1842 1876 1874 1840 1843 1877 1875 1841
8 1844 1878 1876 1842 1845 1879 1877 1843
8 1846 1880 1878 1844 1847 1881 1879 1845
8 1848 1882 1880 1846 1849 1883 1881 1847
8 1850 1884 1882 1848 1851 1885 1883 1849
8 1852 1886 1884 1850 1853 1887 1885 1851
8 1854 1888 1886 1852 1855 1889 1887 1853
8 1856 1890 1888 1854 1857 1891 1889 1855
8 1858 1892 1890 1856 1859 1893 1891 1857
8 1860 1894 1892 1858 1861 1895 1893 1859
8 739 775 1894 1860 738 774 1895 1861
8 1862 1896 1897 1863 1864 1898 1899 1865
8 1866 1900 1896 1862 1867 1901 1898 1864
8 1868 1902 1900 1866 1869 1903 1901 1867
8 1870 1904 1902 1868 1871 1905 1903 1869
8 1872 1906 1904 1870 1873 1907 1905 1871
8 1874 1908 1906 1872 1875 1909 1907 1873
8 1876 1910 1908 1874 1877 1911 1909 1875
8 1878 1912 1910 1876 1879 1913 1911 1877
8 1880 1914 1912 1878 1881 1915 1913 1879
8 1882 1916 1914 1880 1883 1917 1915 1881
8 1884 1918 1916 1882 1885 1919 1917 1883
8 1886 1920 1918 1884 1887 1921 1919 1885
8 1888 1922 1920 1886 1889 1923 1921 1887
8 1890 1924 1922 1888 1891 1925 1923 1889
8 1892 1926 1924 1890 1893 1927 1925 1891
8 1894 1928 1926 1892 1895 1929 1927 1893
8 775 811 1928 1894 774 810 1929 1895
8 1896 1930 1931 1897 1898 1932 1933 1899
8 1900 1934 1930 1896 1901 1935 1932 1898
8 1902 1936 1934 1900 1903 1937 1935 1901
8 1904 1938 1936 1902 1905 1939 1937 1903
8 1906 1940 1938 1904 1907 1941 1939 1905
8 1908 1942 1940 1906 1909 1943 1941 1907
8 1910 1944 1942 1908 1911 1945 1943 1909
8 1912 1946 1944 1910 1913 1947 1945 1911
8 1914 1948 1946 1912 1915 1949 1947 1913
8 1916 1950 1948 1914 1917 1951 1949 1915
8 1918 1952 1950 1916 1919 1953 1951 1917
8 1920 1954 1952 1918 1921 1955 1953 1919
8 1922 1956 1954 1920 1923 1957 1955 1921
8 1924 1958 1956 1922 1925 1959 1957 1923
8 1926 1960 1958 1924 1927 1961 1959 1925
8 1928 1962 1960 1926 1929 1963 1961 1927
8 811 847 1962 1928 810 846 1963 1929
8 1930 1964 1965 1931 1932 1966 1967 1933
8 1934 1968 1964 1930 1935 1969 1966 1932
8 1936 1970 1968 1934 1937 1971 1969 1935
8 1938 1972 1970 1936 1939 1973 1971 1937
8 1940 1974 1972 1938 1941 1975 1973 1939
8 1942 1976 1974 1940 1943 1977 1975 1941
8 1944 1978 1976 1942 1945 1979 1977 1943
8 1946 1980 1978 1944 1947 1981 1979 1945
8 1948 1982 1980 1946 1949 1983 1981 1947
8 1950 1984 1982 1948 1951 1985 1983 1949
8 1952 1986 1984 1950 1953 1987 1985 1951
8 1954 1988 1986 1952 1955 1989 1987 1953
8 1956 1990 1988 1954 1957 1991 1989 1955
8 1958 1992 1990 1956 1959 1993 1991 1957
8 1960 1994 1992 1958 1961 1995 1993 1959
8 1962 1996 1994 1960 1963 1997 1995 1961
8 847 883 1996 1962 846 882 1997 1963
8 1964 1998 1999 1965 1966 2000 2001 1967
8 1968 2002 1998 1964 1969 2003 2000 1966
8 1970 2004 2002 1968 1971 2005 2003 1969
8 1972 2006 2004 1970 1973 2007 2005 1971
8 1974 2008 2006 1972 1975 2009 2007 1973
8 1976 2010 2008 1974 1977 2011 2009 1975
8 1978 2012 2010 1976 1979 2013 2011 1977
8 1980 2014 2012 1978 1981 2015 2013 1979
8 1982 2016 2014 1980 1983 2017 2015 1981
8 1984 2018 2016 1982 1985 2019 2017 1983
8 1986 2020 2018 1984 1987 2021 2019 1985
8 1988 2022 2020 1986 1989 2023 2021 1987
8 1990 2024 2022 1988 1991 2025 2023 1989
8 1992 2026 2024 1990 1993 2027 2025 1991
8 1994 2028 2026 1992 1995 2029 2027 1993
8 1996 2030 2028 1994 1997 2031 2029 1995
8 883 919 2030 1996 882 918 2031 1997
8 1998 2032 2033 1999 2000 2034 2035 2001
8 2002 2036 2032 1998 2003 2037 2034 2000
8 2004 2038 2036 2002 2005 2039 2037 2003
8 2006 2040 2038 2004 2007 2041 2039 2005
8 2008 2042 2040 2006 2009 2043 2041 2007
8 2010 2044 2042 2008 2011 2045 2043 2009
8 2012 2046 2044 2010 2013 2047 2045 2011
8 2014 2048 2046 2012 2015 2049 2047 2013
8 2016 2050 2048 2014 2017 2051 2049 2015
8 2018 2052 2050 2016 2019 2053 2051 2017
8 2020 2054 2052 2018 2021 2055 2053 2019
8 2022 2056 2054 2020 2023 2057 2055 2021
8 2024 2058 2056 2022 2025 2059 2057 2023
8 2026 2060 2058 2024 2027 2061 2059 2025
8 2028 2062 2060 2026 2029 2063 2061 2027
8 2030 2064 2062 2028 2031 2065 2063 2029
8 919 955 2064 2030 918 954 2065 2031
8 2032 2066 2067 2033 2034 2068 2069 2035
8 2036 2070 2066 2032 2037 2071 2068 2034
8 2038 2072 2070 2036 2039 2073 2071 2037
8 2040 2074 2072 2038 2041 2075 2073 2039
8 2042 2076 2074 2040 2043 2077 2075 2041
8 2044 2078 2076 2042 2045 2079 2077 2043
8 2046 2080 2078 2044 2047 2081 2079 2045
8 2048 2082 2080 2046 2049 2083 2081 2047
8 2050 2084 2082 2048 2051 2085 2083 2049
8 2052 2086 2084 2050 2053 2087 2085 2051
8 2054 2088 2086 2052 2055 2089 2087 2053
8 2056 2090 2088 2054 2057 2091 2089 2055
8 2058 2092 2090 2056 2059 2093 2091 2057
8 2060 2094 2092 2058 2061 2095 2093 2059
8 2062 2096 2094 2060 2063 2097 2095 2061
8 2064 2098 2096 2062 2065 2099 2097 2063
8 955 991 2098 2064 954 990 2099 2065
8 2066 2100 2101 2067 2068 2102 2103 2069
8 2070 2104 2100 2066 2071 2105 2102 2068
8 2072 2106 2104 2070 2073 2107 2105 2071
8 2074 2108 2106 2072 2075 2109 2107 2073
8 2076 2110 2108 2074 2077 2111 2109 2075
8 2078 2112 2110 2076 2079 2113 2111 2077
8 2080 2114 2112 2078 2081 2115 2113 2079
8 2082 2116 2114 2080 2083 2117 2115 2081
8 2084 2118 2116 2082 2085 2119 2117 2083
8 2086 2120 2118 2084 2087 2121 2119 2085
8 2088 2122 2120 2086 2089 2123 2121 2087
8 2090 2124 2122 2088 2091 2125 2123 2089
8 2092 2126 2124 2090 2093 2127 2125 2091
8 2094 2128 2126 2092 2095 2129 2127 2093
8 2096 2130 2128 2094 2097 2131 2129 2095
8 2098 2132 2130 2096 2099 2133 2131 2097
8 991 1027 2132 2098 990 1026 2133 2099
8 2100 2134 2135 2101 2102 2136 2137 2103
8 2104 2138 2134 2100 2105 2139 2136 2102
8 2106 2140 2138 2104 2107 2141 2139 2105
8 2108 2142 2140 2106 2109 2143 2141 2107
8 2110 2144 2142 2108 2111 2145 2143 2109
8 2112 2146 2144 2110 2113 2147 2145 2111
8 2114 2148 2146 2112 2115 2149 2147 2113
8 2116 2150 2148 2114 2117 2151 2149 2115
8 2118 2152 2150 2116 2119 2153 2151 2117
8 2120 2154 2152 2118 2121 2155 2153 2119
8 2122 2156 2154 2120 2123 2157 2155 2121
8 2124 2158 2156 2122 2125 2159 2157 2123
8 2126 2160 2158 2124 2127 2161 2159 2125
8 2128 2162 2160 2126 2129 2163 2161 2127
8 2130 2164 2162 2128 2131 2165 2163 2129
8 2132 2166 2164 2130 2133 2167 2165 2131
8 1027 1063 2166 2132 1026 1062 2167 2133
8 2134 2168 2169 2135 2136 2170 2171 2137
8 2138 2172 2168 2134 2139 2173 2170 2136
8 2140 2174 2172 2138 2141 2175 2173 2139
8 2142 2176 2174 2140 2143 2177 2175 2141
8 2144 2178 2176 2142 2145 2179 2177 2143
8 2146 2180 2178 2144 2147 2181 2179 2145
8 2148 2182 2180 2146 2149 2183 2181 2147
8 2150 2184 2182 2148 2151 2185 2183 2149
8 2152 2186 2184 2150 2153 2187 2185 2151
8 2154 2188 2186 2152 2155 2189 2187 2153
8 2156 2190 2188 2154 2157 2191 2189 2155
8 2158 2192 2190 2156 2159 2193 2191 2157
8 2160 2194 2192 2158 2161 2195 2193 2159
8 2162 2196 2194 2160 2163 2197 2195 2161
8 2164 2198 2196 2162 2165 2199 2197 2163
8 2166 2200 2198 2164 2167 2201 2199 2165
8 1063 1099 2200 2166 1062 1098 2201 2167
8 2168 2202 2203 2169 2170 2204 2205 2171
8 2172 2206 2202 2168 2173 2207 2204 2170
8 2174 2208 2206 2172 2175 2209 2207 2173
8 2176 2210 2208 2174 2177 2211 2209 2175
8 2178 2212 2210 2176 2179 2213 2211 2177
8 2180 2214 2212 2178 2181 2215 2213 2179
8 2182 2216 2214 2180 2183 2217 2215 2181
8 2184 2218 2216 2182 2185 2219 2217 2183
8 2186 2220 2218 2184 2187 2221 2219 2185
8 2188 2222 2220 2186 2189 2223 2221 2187
8 2190 2224 2222 2188 2191 2225 2223 2189
8 2192 2226 2224 2190 2193 2227 2225 2191
8 2194 2228 2226 2192 2195 2229 2227 2193
8 2196 2230 2228 2194 2197 2231 2229 2195
8 2198 2232 2230 2196 2199 2233 2231 2197
8 2200 2234 2232 2198 2201 2235 2233 2199
8 1099 1135 2234 2200 1098 1134 2235 2201
8 2202 2236 2237 2203 2204 2238 2239 2205
8 2206 2240 2236 2202 2207 2241 2238 2204
8 2208 2242 2240 2206 2209 2243 2241 2207
8 2210 2244 2242 2208 2211 2245 2243 2209
8 2212 2246 2244 2210 2213 2247 2245 2211
8 2214 2248 2246 2212 2215 2249 2247 2213
8 2216 2250 2248 2214 2217 2251 2249 2215
8 2218 2252 2250 2216 2219 2253 2251 2217
8 2220 2254 2252 2218 2221 2255 2253 2219
8 2222 2256 2254 2220 2223 2257 2255 2221
8 2224 2258 2256 2222 2225 2259 2257 2223
8 2226 21 2258 2224 2227 18 2259 2225
8 2228 23 21 2226 2229 20 18 2227
8 2230 2260 23 2228 2231 2261 20 2229
8 2232 15 2260 2230 2233 12 2261 2231
8 2234 17 15 2232 2235 14 12 2233
8 1135 1163 17 2234 1134 1162 14 2235
8 1165 16 17 1163 1164 13 14 1162
8 16 2262 2260 15 13 2263 2261 12
8 2262 22 23 2260 2263 19 20 2261
8 2264 2265 2266 2267 2268 2269 2270 2271
8 2272 2273 2265 2264 2274 2275 2269 2268
8 2276 2277 2273 2272 2278 2279 2275 2274
8 2280 2281 2277 2276 2282 2283 2279 2278
8 22 2262 2281 2280 19 2263 2283 2282
8 2265 2284 2285 2266 2269 2286 2287 2270
8 2273 2288 2284 2265 2275 2289 2286 2269
8 2277 2290 2288 2273 2279 2291 2289 2275
8 2281 2292 2290 2277 2283 2293 2291 2279
8 2262 16 2292 2281 2263 13 2293 2283
8 2284 1200 1201 2285 2286 1198 1199 2287
8 2288 1203 1200 2284 2289 1202 1198 2286
8 2290 1205 1203 2288 2291 1204 1202 2289
8 2292 1207 1205 2290 2293 1206 1204 2291
8 16 1165 1207 2292 13 1164 1206 2293

CELL_TYPES 1068
13
13
13
13
12
12
12
12
12
12
12
12
12
12
12
12
12
12
12
12
12
12
12
12
12
12
12
12
12
12
12
12
12
12
12
12
12
12
12
12
12
12
12
12
12
12
12
12
12
12
12
12
12
12
12
12
12
12
12
12
12
12
12
12
12
12
12
12
12
12
12
12
12
12
12
12
12
12
12
12
12
12
12
12
12
12
12
12
12
12
12
12
12
12
12
12
12
12
12
12
12
12
12
12
12
12
12
12
12
12
12
12
12
12
12
12
12
12
12
12
12
12
12
12
12
12
12
12
12
12
12
12
12
12
12
12
12
12
12
12
12
12
12
12
12
12
12
12
12
12
12
12
12
12
12
12
12
12
12
12
12
12
12
12
12
12
12
12
12
12
12
12
12
12
12
12
12
12
12
12
12
12
12
12
12
12
12
12
12
12
12
12
12
12
12
12
12
12
12
12
12
12
12
12
12
12
12
12
12
12
12
12
12
12
12
12
12
12
12
12
12
12
12
12
12
12
12
12
12
12
12
12
12
12
12
12
12
12
12
12
12
12
12
12
12
12
12
12
12
12
12
12
12
12
12
12
12
12
12
12
12
12
12
12
12
12
12
12
12
12
12
12
12
12
12
12
12
12
12
12
12
12
12
12
12
12
12
12
12
12
12
12
12
12
12
12
12
12
12
12
12
12
12
12
12
12
12
12
12
12
12
12
12
12
12
12
12
12
12
12
12
12
12
12
12
12
12
12
12
12
12
12
12
12
12
12
12
12
12
12
12
12
12
12
12
12
12
12
12
12
12
12
12
12
12
12
12
12
12
12
12
12
12
12
12
12
12
12
12
12
12
12
12
12
12
12
12
12
12
12
12
12
12
12
12
12
12
12
12
12
12
12
12
12
12
12
12
12
12
12
12
12
12
12
12
12
12
12
12
12
12
12
12
12
12
12
12
12
12
12
12
12
12
12
12
12
12
12
12
12
12
12
12
12
12
12
12
12
12
12
12
12
12
12
12
12
12
12
12
12
12
12
12
12
12
12
12
12
12
12
12
12
12
12
12
12
12
12
12
12
12
12
12
12
12
12
12
12
12
12
12
12
12
12
12
12
12
12
12
12
12
12
12
12
12
12
12
12
12
12
12
12
12
12
12
12
12
12
12
12
12
12
12
12
12
12
12
12
12
12
12
12
12
12
12
12
12
12
12
12
12
12
12
12
12
12
12
12
12
12
12
12
12
12
12
12
12
12
12
12
12
12
12
12
12
12
12
12
12
12
12
12
12
12
12
12
12
12
12
12
12
12
12
12
12
12
12
12
12
12
12
12
12
12
12
12
12
12
12
12
12
12
12
12
12
12
12
12
12
12
12
12
12
12
12
12
12
12
12
12
12
12
12
12
12
12
12
12
12
12
12
12
12
12
12
12
12
12
12
12
12
12
12
12
12
12
12
12
12
12
12
12
12
12
12
12
12
12
12
12
12
12
12
12
12
12
12
12
12
12
12
12
12
12
12
12
12
12
12
12
12
12
12
12
12
12
12
12
12
12
12
12
12
12
12
12
12
12
12
12
12
12
12
12
12
12
12
12
12
12
12
12
12
12
12
12
12
12
12
12
12
12
12
12
12
12
12
12
12
12
12
12
12
12
12
12
12
12
12
12
12
12
12
12
12
12
12
12
12
12
12
12
12
12
12
12
12
12
12
12
12
12
12
12
12
12
12
12
12
12
12
12
12
12
12
12
12
12
12
12
12
12
12
12
12
12
12
12
12
12
12
12
12
12
12
12
12
12
12
12
12
12
12
12
12
12
12
12
12
12
12
12
12
12
12
12
12
12
12
12
12
12
12
12
12
12
12
12
12
12
12
12
12
12
12
12
12
12
12
12
12
12
12
12
12
12
12
12
12
12
12
12
12
12
12
12
12
12
12
12
12
12
12
12
12
12
12
12
12
12
12
12
12
12
12
12
12
12
12
12
12
12
12
12
12
12
12
12
12
12
12
12
12
12
12
12
12
12
12
12
12
12
12
12
12
12
12
12
12
12
12
12
12
12
12
12
12
12
12
12
12
12
12
12
12
12
12
12
12
12
12
12
12
12
12
12
12
12
12
12
12
12
12
12
12
12
12
12
12
12
12
12
12
12
12
12
12
12
12
12
12
12
12
12
12
12
12
12
12
12
12
12
12
12
12
12
12
12
12
12
12
12
12
12
12
12
12
12
12
12
12
12
12
12
12
12
12
12
12
12
12
12
12
12
12
12
12
12
12
12
12
12
12
12
12
12
12
12
12
12
12
12
12
12
12
12
12
12
12
12
12
12
12
12
12
12
12
12
12
12
12
12
12
12
12
12
12
12
12
12
12
12
12
12
12
12
12
12
12
12
12
12
12
12
12
12
12
12
12
12
12
12
12
12
12
12
12
12
