# vtk DataFile Version 3.0
VolumeMesh
ASCII
DATASET UNSTRUCTURED_GRID

POINTS 8720 float
0.052186 0.000013 0.088631
0.053394 -0.004409 0.087650
0.055632 -0.010439 0.090076
0.056614 -0.012354 0.090892
0.058269 -0.014498 0.091979
0.060818 -0.015896 0.092962
0.054967 -0.020317 0.101811
0.053729 -0.018594 0.102176
0.052366 -0.016966 0.102556
0.049588 -0.014634 0.102826
0.048274 -0.012814 0.102420
0.047166 -0.010631 0.102041
0.046258 -0.008261 0.101901
0.048078 0.000014 0.087800
0.047779 -0.004220 0.087340
0.050311 -0.011304 0.088004
0.051677 -0.013302 0.089204
0.053662 -0.015681 0.090985
0.055090 -0.018578 0.092684
0.054070 -0.024294 0.098765
0.053016 -0.022665 0.099419
0.051329 -0.020004 0.099602
0.049283 -0.018301 0.099851
0.046371 -0.014560 0.100427
0.045112 -0.012682 0.100483
0.043505 -0.010252 0.101221
0.042624 -0.008176 0.101829
0.041561 -0.002968 0.100214
0.041269 -0.001300 0.099803
0.070468 -0.048238 0.112259
0.065255 -0.041845 0.106161
0.058911 -0.036142 0.116258
0.058102 -0.028063 0.102761
0.039453 -0.008204 0.101501
0.040465 -0.010302 0.101766
0.043418 -0.014421 0.100202
0.059866 -0.030195 0.094465
0.073449 -0.018404 0.065122
0.083361 -0.049833 0.134530
0.088163 -0.051532 0.145840
0.059478 -0.024266 0.186620
0.064541 -0.033443 0.188957
0.105861 -0.012777 0.054478
0.073973 -0.018641 0.073434
0.068916 -0.014175 0.067106
0.103236 -0.017704 0.060622
0.055218 -0.013957 0.114198
0.051454 -0.006065 0.112457
0.063954 -0.012251 0.156207
0.058019 -0.000000 0.177384
0.058607 -0.005388 0.176988
0.059088 -0.012565 0.178659
0.060230 -0.017046 0.181788
0.057622 -0.003885 0.180056
0.058058 -0.011943 0.180051
0.071002 -0.047084 0.178159
0.082371 -0.049789 0.165740
0.079081 -0.049542 0.157027
0.074974 -0.039601 0.136821
0.077503 -0.057603 0.135560
0.081015 -0.057698 0.142283
0.054553 -0.026926 0.182597
0.059155 -0.036009 0.184956
0.078115 -0.048098 0.165275
0.070680 -0.046878 0.176708
0.059546 -0.007524 0.173554
0.105830 -0.047435 0.062726
0.075392 -0.036961 0.074275
0.096050 -0.015827 0.040190
0.065242 -0.034389 0.081997
0.063493 -0.024632 0.068350
0.060383 -0.021115 0.064374
0.058921 -0.016293 0.061689
0.094947 -0.021074 0.044999
0.068497 -0.050816 0.129114
0.045750 -0.018430 0.116925
0.045010 -0.017722 0.113289
0.056765 -0.031261 0.103630
0.040512 -0.005936 0.113689
0.035732 -0.014983 0.135897
0.028296 -0.008653 0.142388
0.039623 -0.017609 0.132458
0.042843 -0.018527 0.129065
0.044918 -0.019233 0.127034
0.048170 -0.018181 0.123248
0.037080 -0.014795 0.141294
0.037240 -0.012131 0.144666
0.044112 -0.017308 0.135074
0.055040 -0.013833 0.151159
0.051147 -0.000000 0.172830
0.052533 -0.006901 0.172424
0.054503 -0.012244 0.174165
0.055059 -0.017711 0.176419
0.050745 -0.004202 0.176007
0.052600 -0.011435 0.175946
0.068689 -0.049376 0.170925
0.062949 -0.042846 0.174719
0.066584 -0.048279 0.174537
0.078072 -0.054237 0.161199
0.073291 -0.051964 0.149097
0.067684 -0.049521 0.134694
0.074298 -0.049500 0.162776
0.068326 -0.047750 0.169157
0.052209 -0.008805 0.169274
0.059337 -0.024894 0.095469
0.065500 -0.022145 0.057727
0.054213 -0.002683 0.086329
0.055392 -0.006431 0.086414
0.057168 -0.011073 0.088725
0.059814 -0.014923 0.090720
0.052035 -0.017929 0.103118
0.048817 -0.013790 0.103679
0.047132 -0.011274 0.103261
0.045584 -0.005107 0.102881
0.049558 -0.002152 0.084967
0.049969 -0.006207 0.084780
0.052114 -0.011953 0.086167
0.054608 -0.016911 0.089048
0.049194 -0.019492 0.100681
0.045082 -0.013898 0.101702
0.043296 -0.011081 0.102568
0.041532 -0.006081 0.102960
0.041481 -0.003387 0.101541
0.040943 0.000005 0.101081
0.069457 -0.045054 0.104841
0.060539 -0.036347 0.109782
0.040520 -0.011153 0.103124
0.041725 -0.013571 0.102265
0.046327 -0.017798 0.100495
0.071140 -0.016156 0.065757
0.059520 -0.024514 0.190288
0.076389 -0.023153 0.083999
0.069102 -0.014244 0.071357
0.066114 -0.010787 0.065765
0.054096 -0.011623 0.113857
0.064619 -0.011270 0.160743
0.056951 -0.009662 0.182187
0.057500 -0.014519 0.182843
0.065882 -0.037412 0.183537
0.076420 -0.046967 0.139553
0.054105 -0.026213 0.187718
0.060314 -0.031592 0.194399
0.078213 -0.047753 0.165022
0.070606 -0.046606 0.175701
0.060197 -0.010495 0.175692
0.080688 -0.039255 0.073075
0.100792 -0.046499 0.064739
0.062871 -0.025062 0.074094
0.059426 -0.020272 0.067549
0.057016 -0.016772 0.064172
0.055686 -0.013533 0.061216
0.095510 -0.027140 0.050715
0.060306 -0.039589 0.126160
0.072292 -0.053878 0.138399
0.042676 -0.013078 0.113625
0.050028 -0.022505 0.119378
0.057453 -0.033142 0.112355
0.043506 -0.014220 0.121422
0.025526 -0.007606 0.136410
0.026537 -0.008172 0.139445
0.033665 -0.012797 0.143299
0.051558 -0.017183 0.139340
0.055177 -0.013155 0.154008
0.051236 -0.009045 0.178370
0.051999 -0.014256 0.179047
0.061556 -0.041050 0.177119
0.068132 -0.049958 0.177359
0.080127 -0.056179 0.160303
0.061103 -0.034520 0.097039
0.072051 -0.046742 0.160887
0.068431 -0.046335 0.167903
0.056539 -0.011503 0.169571
0.060387 -0.025336 0.094519
0.062208 -0.018473 0.060458
0.053159 -0.002635 0.088697
0.054076 -0.006171 0.088228
0.045705 -0.004834 0.101373
0.048131 -0.002161 0.087762
0.048063 -0.006169 0.087012
0.041734 -0.005478 0.101529
0.041182 0.000005 0.099954
0.064191 -0.045025 0.127195
0.073699 -0.054854 0.126929
0.053492 -0.029867 0.105591
0.038514 -0.006674 0.102948
0.062722 -0.027025 0.091466
0.069774 -0.020511 0.098227
0.069725 -0.014598 0.063570
0.057537 -0.019434 0.186388
0.066416 -0.010973 0.062939
0.092201 -0.016717 0.062001
0.062499 -0.015727 0.134939
0.057907 -0.003034 0.177179
0.059043 -0.008897 0.176313
0.056908 -0.004443 0.182517
0.068174 -0.043007 0.180537
0.065325 -0.035835 0.182618
0.081330 -0.047515 0.169133
0.081341 -0.051220 0.160548
0.052305 -0.021269 0.183248
0.083758 -0.043468 0.130468
0.078938 -0.048027 0.163367
0.075149 -0.048231 0.172729
0.110462 -0.047237 0.060779
0.090317 -0.055468 0.095191
0.090954 -0.015110 0.040759
0.058621 -0.012498 0.057778
0.084737 -0.019837 0.046203
0.053394 -0.028424 0.120151
0.039639 -0.003955 0.117715
0.026213 -0.007384 0.134074
0.030948 -0.009215 0.144771
0.053464 -0.022617 0.132718
0.044295 -0.013949 0.143148
0.051426 -0.012800 0.149626
0.051352 -0.004238 0.172716
0.053828 -0.009285 0.171870
0.050499 -0.004160 0.178621
0.065625 -0.046233 0.172738
0.060474 -0.038939 0.175959
0.076549 -0.053360 0.165223
0.076608 -0.054107 0.155212
0.073810 -0.049573 0.160056
0.071653 -0.049611 0.167108
0.061807 -0.015523 0.057967
0.041409 0.000018 0.087907
0.042170 -0.004324 0.087137
0.046371 -0.012427 0.086972
0.047992 -0.014887 0.088639
0.050529 -0.017523 0.090651
0.052784 -0.019762 0.092585
0.052854 -0.023984 0.098041
0.052028 -0.021579 0.097753
0.049025 -0.020261 0.098240
0.045942 -0.016458 0.099221
0.041743 -0.012475 0.101051
0.037987 -0.002929 0.100151
0.037604 -0.001375 0.099728
0.064457 -0.042948 0.106029
0.058464 -0.036300 0.116119
0.055037 -0.030171 0.099030
0.058237 -0.031316 0.092256
0.076003 -0.059524 0.134497
0.079596 -0.060837 0.141763
0.053382 -0.027752 0.182738
0.058036 -0.037205 0.185325
0.105446 -0.049666 0.061660
0.073564 -0.038002 0.072471
0.093699 -0.016552 0.036987
0.064347 -0.034674 0.081136
0.062381 -0.025472 0.067942
0.060644 -0.022424 0.063768
0.056995 -0.017644 0.060571
0.092939 -0.023953 0.040223
0.067982 -0.051832 0.128859
0.045116 -0.018512 0.116328
0.043960 -0.017820 0.112504
0.055598 -0.031584 0.102754
0.038158 -0.006491 0.114660
0.033574 -0.016367 0.135147
0.026257 -0.009549 0.142636
0.038286 -0.018668 0.132341
0.042160 -0.019877 0.128822
0.044638 -0.020089 0.126433
0.047712 -0.018770 0.122624
0.035750 -0.016077 0.141388
0.036330 -0.012878 0.144915
0.043557 -0.018716 0.135788
0.052710 -0.015102 0.149968
0.049194 -0.000000 0.172922
0.050916 -0.007239 0.172681
0.053477 -0.012671 0.174505
0.054053 -0.018236 0.176673
0.049338 -0.004497 0.176159
0.051466 -0.011871 0.176199
0.067855 -0.050713 0.170802
0.061624 -0.045413 0.174588
0.065328 -0.048555 0.174620
0.077247 -0.055035 0.161086
0.072404 -0.052597 0.149141
0.067036 -0.050696 0.133845
0.073436 -0.050474 0.162673
0.067574 -0.048980 0.169048
0.050830 -0.009205 0.169392
0.056831 -0.026493 0.095650
0.064076 -0.023024 0.056642
0.044676 -0.002218 0.084357
0.045393 -0.006731 0.083486
0.048134 -0.013088 0.084614
0.051614 -0.018470 0.088683
0.037794 -0.003290 0.101522
0.037221 0.000006 0.101282
0.068914 -0.046010 0.104468
0.059551 -0.036725 0.109845
0.052903 -0.027036 0.187981
0.059212 -0.032528 0.194967
0.078202 -0.040633 0.071004
0.099816 -0.049163 0.062903
0.060851 -0.025696 0.073299
0.058906 -0.021210 0.067377
0.055787 -0.017773 0.063503
0.053240 -0.014270 0.059823
0.093269 -0.029694 0.046176
0.059658 -0.040052 0.125481
0.071866 -0.055323 0.137931
0.041660 -0.013825 0.113300
0.048851 -0.022715 0.118556
0.056334 -0.033606 0.111929
0.043210 -0.014761 0.120635
0.022672 -0.008498 0.136548
0.023909 -0.008985 0.139613
0.032455 -0.013385 0.143612
0.050117 -0.018619 0.139390
0.053377 -0.013426 0.153424
0.049907 -0.009441 0.178541
0.050802 -0.014757 0.179249
0.060265 -0.041219 0.177148
0.066665 -0.049959 0.176949
0.079070 -0.057112 0.159982
0.060323 -0.035046 0.096479
0.071724 -0.047799 0.161092
0.067549 -0.047610 0.167772
0.055466 -0.011905 0.169840
0.058667 -0.026441 0.094523
0.060675 -0.020341 0.058736
0.041646 -0.002232 0.087562
0.043144 -0.006399 0.086129
0.038640 -0.005618 0.100806
0.037539 0.000006 0.099606
0.063861 -0.045960 0.126500
0.073320 -0.056267 0.126865
0.052578 -0.030124 0.105265
0.060726 -0.028498 0.090081
0.051074 -0.021924 0.183448
0.110170 -0.049487 0.059505
0.089628 -0.057385 0.094432
0.089646 -0.016736 0.037069
0.055999 -0.013684 0.055393
0.082608 -0.022867 0.041129
0.052788 -0.028530 0.119246
0.037163 -0.003755 0.118008
0.022993 -0.008431 0.133393
0.029459 -0.010132 0.145244
0.053282 -0.022936 0.132889
0.043565 -0.014844 0.143199
0.048942 -0.014555 0.148667
0.049628 -0.004543 0.172866
0.052611 -0.009730 0.172164
0.048986 -0.004443 0.178874
0.064558 -0.047081 0.172888
0.059328 -0.039983 0.175797
0.075791 -0.054370 0.164941
0.075860 -0.054543 0.155139
0.073035 -0.050342 0.159853
0.070826 -0.050816 0.167141
0.059645 -0.017578 0.055644
0.045713 -0.004692 0.100333
0.046434 -0.007734 0.100322
0.047259 -0.009684 0.100873
0.048122 -0.011983 0.101509
0.049356 -0.013721 0.102172
0.052630 -0.016183 0.102197
0.054167 -0.017798 0.101880
0.055461 -0.019745 0.101396
0.058841 -0.015963 0.094478
0.057574 -0.014160 0.093706
0.056400 -0.011711 0.092768
0.055012 -0.010009 0.091776
0.053947 -0.008704 0.091150
0.053231 -0.007597 0.090546
0.052680 -0.005938 0.090248
0.052414 -0.004119 0.090083
0.051809 -0.002482 0.090647
0.051102 0.000013 0.090986
0.045867 -0.004408 0.098885
0.046656 -0.007115 0.098859
0.047536 -0.008807 0.099601
0.048456 -0.010849 0.100432
0.049334 -0.012757 0.101284
0.052902 -0.015083 0.101767
0.054646 -0.016883 0.101523
0.055724 -0.019038 0.100857
0.056508 -0.021184 0.100104
0.056809 -0.017214 0.097585
0.056416 -0.015090 0.097421
0.054911 -0.012681 0.096614
0.052771 -0.010403 0.095375
0.052037 -0.008858 0.094907
0.051530 -0.007417 0.094405
0.051365 -0.005711 0.093847
0.051684 -0.003907 0.093344
0.051190 -0.002506 0.093611
0.049445 0.000012 0.093755
0.045227 -0.003782 0.097538
0.046499 -0.005942 0.097712
0.047826 -0.007705 0.098507
0.048827 -0.009677 0.099154
0.049471 -0.011676 0.099921
0.052052 -0.013828 0.101096
0.054663 -0.016347 0.100716
0.055497 -0.018331 0.099932
0.056166 -0.020891 0.099078
0.055334 -0.017734 0.099174
0.054265 -0.015826 0.099325
0.051548 -0.013860 0.099358
0.049321 -0.011953 0.098218
0.049109 -0.010014 0.098075
0.049093 -0.008224 0.097741
0.048533 -0.005983 0.096825
0.048586 -0.004060 0.096362
0.049111 -0.002113 0.096088
0.048882 0.000010 0.095871
0.054651 -0.007760 0.088993
0.054835 -0.008962 0.089393
0.041505 0.000005 0.098894
0.041765 -0.001301 0.098973
0.041942 -0.002682 0.099074
0.042140 -0.004848 0.099976
0.042820 -0.007533 0.100332
0.043785 -0.009534 0.100020
0.045431 -0.011705 0.099442
0.046496 -0.013527 0.099503
0.049136 -0.016989 0.099329
0.051878 -0.019681 0.098912
0.053599 -0.022559 0.098741
0.055764 -0.020788 0.095162
0.054535 -0.018603 0.094018
0.053073 -0.015198 0.092767
0.051129 -0.012915 0.091336
0.049429 -0.011022 0.090128
0.048161 -0.009356 0.089407
0.047258 -0.007763 0.089122
0.046613 -0.005989 0.089400
0.046439 -0.004060 0.089995
0.047036 -0.002106 0.090609
0.047015 0.000014 0.090781
0.041951 0.000004 0.098117
0.042232 -0.001307 0.098233
0.042612 -0.002678 0.098538
0.042897 -0.004365 0.098528
0.043433 -0.006737 0.098722
0.044484 -0.008421 0.098397
0.045791 -0.010658 0.098330
0.046947 -0.012586 0.098639
0.048619 -0.015274 0.098931
0.052063 -0.018229 0.098610
0.053910 -0.021451 0.098436
0.055553 -0.020626 0.096735
0.054526 -0.019461 0.096273
0.052913 -0.015497 0.096222
0.050601 -0.013085 0.095007
0.049019 -0.011072 0.093722
0.047595 -0.009346 0.093030
0.046781 -0.007675 0.092822
0.046320 -0.005860 0.092904
0.046519 -0.003972 0.093356
0.045825 -0.002068 0.093453
0.046203 0.000015 0.093692
0.042738 0.000003 0.097046
0.042979 -0.001332 0.097250
0.043130 -0.002596 0.097357
0.043313 -0.004045 0.097386
0.043840 -0.006089 0.097275
0.044641 -0.007542 0.097287
0.046224 -0.009680 0.097566
0.047595 -0.011848 0.098148
0.048756 -0.013969 0.098365
0.052122 -0.016969 0.098524
0.054007 -0.019438 0.098217
0.055249 -0.022351 0.097981
0.054040 -0.018717 0.098386
0.052246 -0.016407 0.098512
0.049678 -0.014191 0.098400
0.048032 -0.012219 0.097229
0.046753 -0.009899 0.096386
0.046348 -0.008275 0.096222
0.045613 -0.006107 0.096125
0.044823 -0.004147 0.096052
0.045059 -0.002210 0.096048
0.045598 0.000016 0.096250
0.048583 -0.007933 0.086955
0.049271 -0.009610 0.087257
0.063454 -0.031159 0.086983
0.061744 -0.023459 0.079694
0.059418 -0.018224 0.076726
0.057575 -0.014990 0.075538
0.054821 -0.011925 0.074764
0.053245 -0.007904 0.074424
0.052381 -0.002427 0.073922
0.048090 -0.022719 0.105970
0.043651 -0.016488 0.109397
0.042299 -0.013110 0.110057
0.040789 -0.006052 0.110388
0.040722 -0.003308 0.110159
0.040718 0.000005 0.110009
0.056339 -0.009497 0.087941
0.055832 -0.008110 0.086891
0.075701 -0.023262 0.098100
0.072923 -0.021516 0.087655
0.069128 -0.018512 0.084153
0.066851 -0.016199 0.082188
0.063737 -0.012302 0.080349
0.062305 -0.008337 0.079009
0.060947 -0.002673 0.078596
0.066983 -0.018434 0.088536
0.065854 -0.016311 0.085318
0.064408 -0.014736 0.084652
0.062645 -0.012433 0.083618
0.060623 -0.008591 0.082372
0.059311 -0.002838 0.081597
0.056430 -0.017006 0.107631
0.053873 -0.013721 0.108120
0.051983 -0.011135 0.107736
0.049586 -0.006157 0.106050
0.049049 -0.004104 0.105257
0.056817 -0.017149 0.110816
0.054671 -0.013730 0.111134
0.052746 -0.011355 0.110407
0.050611 -0.006321 0.109400
0.050056 -0.004338 0.109131
0.049455 -0.000001 0.108838
0.076206 -0.020105 0.071032
0.078151 -0.021916 0.069485
0.099281 -0.045301 0.127244
0.102347 -0.044566 0.125813
0.122344 -0.049260 0.114606
0.127211 -0.048668 0.111636
0.132875 -0.049252 0.107318
0.102826 -0.048658 0.134781
0.104991 -0.049211 0.134313
0.108796 -0.050427 0.130926
0.119569 -0.053438 0.129041
0.125096 -0.053284 0.127032
0.130732 -0.052578 0.124632
0.135888 -0.053740 0.120116
0.103247 -0.046823 0.148082
0.121287 -0.053421 0.141350
0.128343 -0.054014 0.138444
0.132323 -0.054915 0.135776
0.140451 -0.055290 0.133076
0.058791 -0.019157 0.184480
0.060667 -0.024455 0.184999
0.063949 -0.031097 0.183777
0.056260 -0.004550 0.184943
0.055850 -0.011387 0.185179
0.056504 -0.015767 0.185552
0.063329 -0.030700 0.185331
0.066374 -0.036767 0.184910
0.056952 -0.003936 0.190334
0.056568 -0.012827 0.190160
0.057251 -0.017906 0.190333
0.066926 -0.036721 0.189033
0.096501 -0.049175 0.184031
0.106622 -0.053745 0.183841
0.114866 -0.058506 0.183089
0.129563 -0.063246 0.181782
0.135180 -0.064285 0.181275
0.141560 -0.065077 0.180747
0.148093 -0.065301 0.180121
0.058029 -0.003862 0.198219
0.058810 -0.012400 0.197924
0.060069 -0.019249 0.197664
0.097705 -0.051072 0.197773
0.107618 -0.055941 0.198005
0.116720 -0.060168 0.197681
0.131879 -0.066254 0.198434
0.138277 -0.067444 0.199242
0.144676 -0.067949 0.199839
0.150732 -0.068303 0.200504
0.102063 -0.003045 0.053134
0.104318 -0.008942 0.052731
0.061831 -0.002528 0.070236
0.064185 -0.007700 0.070994
0.065739 -0.010955 0.072226
0.068610 -0.014571 0.073685
0.061659 -0.002505 0.074632
0.063698 -0.008028 0.075461
0.064726 -0.011013 0.076165
0.067735 -0.015743 0.077994
0.071610 -0.019283 0.080139
0.062068 -0.002597 0.067851
0.064404 -0.007755 0.068600
0.066025 -0.010895 0.069583
0.061973 -0.002479 0.064973
0.064373 -0.007670 0.065325
0.062120 -0.002561 0.061937
0.064405 -0.007870 0.062488
0.070736 -0.014899 0.060168
0.066810 -0.011119 0.059736
0.083568 -0.026780 0.063191
0.080673 -0.021095 0.059928
0.075707 -0.016072 0.058179
0.071950 -0.011712 0.056624
0.069874 -0.008060 0.055567
0.067224 -0.003068 0.055341
0.102562 -0.028540 0.067184
0.089474 -0.012972 0.059393
0.088088 -0.009049 0.057931
0.086264 -0.002323 0.056319
0.106831 -0.028358 0.066138
0.061576 -0.020749 0.115305
0.050603 -0.000000 0.111475
0.051063 -0.004108 0.112085
0.047891 -0.000000 0.162736
0.047851 -0.002836 0.162718
0.048586 -0.004756 0.161954
0.050432 -0.000000 0.164563
0.050094 -0.002742 0.164732
0.050846 -0.004680 0.164050
0.054024 -0.006100 0.162600
0.052870 -0.000000 0.166440
0.052485 -0.002607 0.166613
0.053603 -0.004454 0.166020
0.056218 -0.005753 0.164512
0.055300 -0.000000 0.168473
0.054840 -0.002509 0.168547
0.055942 -0.004337 0.167718
0.057319 -0.005830 0.166238
0.057598 -0.000000 0.170521
0.056882 -0.002588 0.170465
0.057631 -0.004413 0.169167
0.058117 -0.005255 0.168526
0.058717 -0.000000 0.172722
0.057856 -0.002613 0.172368
0.058539 -0.004378 0.171178
0.058970 -0.005966 0.170477
0.058756 -0.000000 0.174614
0.058213 -0.002659 0.174385
0.059073 -0.004609 0.173902
0.061126 -0.020242 0.182364
0.062839 -0.024576 0.182844
0.064825 -0.030653 0.182525
0.065202 -0.035021 0.181926
0.066799 -0.038701 0.181312
0.061966 -0.024505 0.183862
0.064435 -0.031045 0.183030
0.077163 -0.048316 0.174168
0.067556 -0.020837 0.133804
0.070966 -0.024267 0.133454
0.073123 -0.027219 0.134906
0.074399 -0.032766 0.136024
0.084919 -0.059431 0.122563
0.093990 -0.063957 0.117902
0.110215 -0.070097 0.110581
0.119416 -0.069849 0.107151
0.126609 -0.068911 0.103958
0.132606 -0.066635 0.100861
0.087524 -0.061910 0.131812
0.096443 -0.065159 0.128758
0.113373 -0.072227 0.122282
0.121842 -0.073119 0.119171
0.128963 -0.071988 0.116874
0.136362 -0.068865 0.115158
0.090716 -0.062553 0.140236
0.099082 -0.066582 0.138385
0.116396 -0.072920 0.133090
0.123974 -0.073898 0.130264
0.131357 -0.073611 0.127925
0.139209 -0.070167 0.127355
0.053268 -0.020119 0.180562
0.055117 -0.026485 0.180461
0.057668 -0.033035 0.178642
0.073386 -0.052700 0.170296
0.049777 -0.004320 0.181462
0.049820 -0.010436 0.182217
0.050760 -0.015791 0.182727
0.057785 -0.033420 0.180588
0.061606 -0.040842 0.179098
0.068565 -0.049912 0.179060
0.076342 -0.055009 0.175922
0.084982 -0.058079 0.174399
0.050532 -0.004045 0.187714
0.050587 -0.011342 0.188482
0.051870 -0.017832 0.188445
0.062596 -0.040700 0.184406
0.069516 -0.049664 0.184751
0.078165 -0.053847 0.183682
0.086144 -0.057303 0.182406
0.095255 -0.061536 0.182480
0.111320 -0.069393 0.180827
0.127990 -0.073398 0.179477
0.134832 -0.075328 0.178807
0.142516 -0.077021 0.178198
0.150168 -0.077146 0.177385
0.053258 -0.003700 0.197113
0.053743 -0.011625 0.197342
0.055408 -0.020161 0.196540
0.065130 -0.040243 0.193404
0.071195 -0.048399 0.193819
0.079074 -0.053511 0.193815
0.087728 -0.056911 0.193320
0.096147 -0.062350 0.194406
0.112330 -0.069718 0.193561
0.130146 -0.074736 0.193977
0.138123 -0.076588 0.194865
0.145376 -0.077945 0.195712
0.152608 -0.078988 0.196205
0.066260 -0.013995 0.155927
0.066610 -0.022751 0.146606
0.068080 -0.026045 0.145236
0.068755 -0.031186 0.144312
0.070177 -0.036649 0.144294
0.072176 -0.040858 0.147826
0.075403 -0.045465 0.154743
0.077583 -0.047837 0.159788
0.076822 -0.047771 0.169021
0.073974 -0.047752 0.171933
0.071553 -0.046522 0.175795
0.069072 -0.041880 0.177484
0.067994 -0.037502 0.179203
0.067251 -0.034612 0.180635
0.066310 -0.030652 0.181457
0.066097 -0.025454 0.181983
0.065993 -0.020708 0.181183
0.065990 -0.016651 0.178737
0.066173 -0.012964 0.175831
0.066060 -0.010769 0.171813
0.067331 -0.011811 0.160149
0.064594 -0.013357 0.156311
0.065928 -0.022157 0.144864
0.068361 -0.025499 0.143447
0.069508 -0.030804 0.142766
0.070804 -0.036452 0.142637
0.071606 -0.040735 0.145566
0.075004 -0.044855 0.151831
0.078161 -0.048087 0.158672
0.079944 -0.048938 0.162467
0.080081 -0.047795 0.166529
0.078044 -0.047478 0.169587
0.068283 -0.042436 0.178811
0.067619 -0.038046 0.179819
0.066368 -0.034765 0.181043
0.066123 -0.030658 0.181968
0.065688 -0.025404 0.182262
0.064955 -0.020766 0.181529
0.064351 -0.016796 0.179662
0.063129 -0.013719 0.177046
0.062558 -0.010513 0.174887
0.068290 -0.042117 0.179803
0.066743 -0.038408 0.180842
0.065301 -0.034892 0.181435
0.065742 -0.030379 0.182260
0.064376 -0.024913 0.182486
0.062994 -0.020443 0.181758
0.061973 -0.016725 0.180449
0.060663 -0.013846 0.178004
0.065146 -0.010076 0.164075
0.065664 -0.021587 0.142555
0.069013 -0.025296 0.142043
0.070459 -0.030749 0.141748
0.071575 -0.036629 0.141745
0.072232 -0.041191 0.144554
0.075649 -0.045397 0.150898
0.075293 -0.047628 0.102298
0.085745 -0.052830 0.098342
0.085537 -0.041397 0.071533
0.091061 -0.002773 0.036574
0.093282 -0.011028 0.037675
0.050423 -0.002760 0.066000
0.051500 -0.009513 0.066517
0.053478 -0.013899 0.066659
0.056596 -0.017001 0.066975
0.059261 -0.019204 0.071957
0.057174 -0.016370 0.071339
0.054531 -0.013167 0.070775
0.052444 -0.008730 0.070424
0.051315 -0.002376 0.069483
0.050309 -0.002880 0.063948
0.051830 -0.009902 0.063900
0.053792 -0.013916 0.063794
0.051533 -0.002988 0.062225
0.053756 -0.009844 0.061338
0.054722 -0.002918 0.058549
0.056813 -0.009305 0.057876
0.065096 -0.015800 0.055799
0.061491 -0.011844 0.055447
0.081301 -0.028954 0.057316
0.075539 -0.022348 0.053290
0.070815 -0.016747 0.051786
0.067319 -0.012162 0.051306
0.065621 -0.008939 0.051165
0.063007 -0.002686 0.051016
0.099155 -0.034057 0.053930
0.080726 -0.014347 0.042194
0.078764 -0.009709 0.041861
0.076327 -0.002691 0.041365
0.103238 -0.035508 0.051474
0.051739 -0.027350 0.116150
0.049442 -0.024469 0.110714
0.040267 0.000001 0.113686
0.040348 -0.003310 0.113731
0.039553 -0.000000 0.117616
0.039548 -0.001538 0.117563
0.037050 0.000001 0.122137
0.037003 -0.001395 0.122096
0.037682 -0.003216 0.121932
0.026725 0.000000 0.128177
0.027368 -0.001273 0.128643
0.027885 -0.002764 0.128888
0.028356 -0.004347 0.129624
0.030425 -0.006486 0.130552
0.036711 -0.013452 0.133130
0.039368 -0.014866 0.130810
0.041495 -0.017595 0.128019
0.024252 0.000000 0.131022
0.024800 -0.001051 0.131229
0.025589 -0.002812 0.131451
0.026710 -0.004591 0.131749
0.027768 -0.007068 0.132125
0.035653 -0.014525 0.134800
0.022490 0.000000 0.134996
0.023051 -0.001127 0.134868
0.023858 -0.002881 0.134822
0.025061 -0.004920 0.134483
0.022282 -0.001268 0.138255
0.023133 -0.003059 0.137915
0.024283 -0.005066 0.137312
0.023737 -0.000000 0.142893
0.023754 -0.001461 0.142197
0.024236 -0.003277 0.141446
0.025185 -0.005650 0.140358
0.025988 -0.000000 0.145951
0.025936 -0.001531 0.144992
0.026001 -0.003515 0.144352
0.026817 -0.005874 0.143420
0.027742 -0.000000 0.148339
0.027712 -0.001691 0.147513
0.028070 -0.003836 0.147098
0.029094 -0.006414 0.145934
0.029367 -0.000000 0.150433
0.030109 -0.001829 0.149745
0.030585 -0.004020 0.149585
0.031818 -0.007172 0.148392
0.033937 -0.009533 0.146498
0.031739 -0.000000 0.152877
0.032268 -0.002055 0.151946
0.033066 -0.004345 0.151613
0.034733 -0.007848 0.150177
0.037147 -0.009997 0.147932
0.033860 -0.000000 0.154862
0.034360 -0.002198 0.154043
0.035401 -0.004635 0.153678
0.037162 -0.008093 0.152335
0.039808 -0.009827 0.149865
0.049600 -0.013033 0.147501
0.036464 -0.000000 0.157065
0.036670 -0.002675 0.156627
0.037479 -0.005041 0.155997
0.039436 -0.008358 0.154595
0.042303 -0.009923 0.152357
0.039023 -0.000000 0.159068
0.039108 -0.002691 0.158673
0.039978 -0.005255 0.158046
0.041327 -0.008358 0.156441
0.044923 -0.009794 0.155006
0.041454 -0.000000 0.160866
0.041482 -0.002972 0.160564
0.042450 -0.005593 0.160251
0.044434 -0.007649 0.159097
0.043840 -0.000000 0.162934
0.044097 -0.003218 0.162756
0.045347 -0.005807 0.162366
0.046886 -0.007670 0.161191
0.046291 -0.000000 0.165165
0.046787 -0.003471 0.165327
0.047405 -0.005813 0.164677
0.048201 -0.007617 0.163937
0.048338 -0.000000 0.167424
0.048469 -0.003518 0.167749
0.048820 -0.005943 0.167283
0.049934 -0.008688 0.166653
0.058822 -0.011525 0.165721
0.049907 -0.000000 0.169687
0.049974 -0.003941 0.169842
0.050613 -0.006211 0.169673
0.055603 -0.021742 0.176826
0.056833 -0.026841 0.176504
0.058620 -0.032559 0.175653
0.060538 -0.037844 0.174934
0.062731 -0.041669 0.173466
0.056079 -0.026721 0.178382
0.058243 -0.032951 0.176977
0.072579 -0.051653 0.168875
0.053756 -0.023392 0.135999
0.055582 -0.027956 0.130877
0.057852 -0.034185 0.130162
0.060810 -0.039482 0.130977
0.064189 -0.044713 0.132478
0.059474 -0.018868 0.153386
0.060474 -0.029727 0.145028
0.061412 -0.032935 0.144089
0.062129 -0.036986 0.144082
0.063739 -0.040560 0.144777
0.066346 -0.043535 0.146508
0.069460 -0.046265 0.149759
0.072761 -0.048178 0.155027
0.073546 -0.048823 0.164094
0.071102 -0.047475 0.165784
0.068520 -0.044882 0.166379
0.065504 -0.041549 0.166894
0.063443 -0.038266 0.167907
0.062771 -0.034965 0.169114
0.061998 -0.031208 0.170030
0.061598 -0.026789 0.170730
0.062105 -0.022545 0.170926
0.062494 -0.019445 0.169392
0.062683 -0.017210 0.167749
0.063419 -0.015645 0.166478
0.063123 -0.014319 0.165006
0.059417 -0.016114 0.155735
0.057728 -0.016343 0.152027
0.058380 -0.029286 0.142164
0.059824 -0.033671 0.140891
0.060893 -0.038302 0.141432
0.062984 -0.042088 0.142710
0.065946 -0.044889 0.144832
0.069143 -0.047523 0.147156
0.073465 -0.049845 0.152056
0.075245 -0.051714 0.157946
0.076361 -0.052196 0.162097
0.074892 -0.051308 0.164847
0.065485 -0.042729 0.168986
0.063132 -0.039548 0.170192
0.061833 -0.036234 0.171068
0.060849 -0.031995 0.171944
0.059725 -0.027114 0.172693
0.059751 -0.022442 0.173046
0.059954 -0.018629 0.171761
0.059823 -0.015737 0.169636
0.060098 -0.013626 0.167949
0.065394 -0.044112 0.171073
0.062807 -0.040743 0.172327
0.061033 -0.036993 0.173298
0.059494 -0.032269 0.174014
0.057940 -0.026979 0.174571
0.057393 -0.021914 0.174915
0.057610 -0.017868 0.173698
0.057398 -0.014417 0.171814
0.062478 -0.013294 0.163178
0.058070 -0.013169 0.158674
0.057257 -0.028556 0.139654
0.059231 -0.033841 0.138782
0.060708 -0.038851 0.139586
0.062991 -0.042765 0.141014
0.065794 -0.045933 0.142957
0.069509 -0.049140 0.145251
0.058788 -0.021821 0.083150
0.056704 -0.016277 0.079732
0.055971 -0.013489 0.078902
0.054732 -0.010377 0.078372
0.053528 -0.007131 0.078218
0.052063 -0.001942 0.078054
0.048372 -0.021142 0.103670
0.044416 -0.015606 0.105621
0.042836 -0.012542 0.106253
0.041434 -0.006755 0.105864
0.041090 -0.003944 0.104903
0.041047 0.000005 0.104565
0.051227 -0.010209 0.085494
0.050501 -0.008459 0.084889
0.061476 -0.033807 0.089533
0.069694 -0.033617 0.076124
0.069038 -0.027994 0.065625
0.070336 -0.027723 0.059959
0.066097 -0.025398 0.061676
0.062699 -0.016746 0.088913
0.060246 -0.013378 0.087005
0.059016 -0.010993 0.086045
0.057739 -0.009079 0.084778
0.056414 -0.006656 0.084367
0.055010 -0.002676 0.083839
0.060112 -0.020497 0.183660
0.069900 -0.013755 0.155666
0.069223 -0.023935 0.150295
0.069371 -0.027311 0.149387
0.069969 -0.031818 0.148447
0.072100 -0.036944 0.148983
0.076221 -0.042092 0.154262
0.077756 -0.045154 0.159325
0.078438 -0.046325 0.163128
0.075641 -0.047025 0.165338
0.074545 -0.047515 0.169874
0.072531 -0.046275 0.173319
0.070025 -0.041796 0.174736
0.067799 -0.037532 0.176148
0.066654 -0.034052 0.178795
0.066411 -0.029634 0.179459
0.067853 -0.024444 0.180283
0.068927 -0.020006 0.178871
0.069750 -0.016302 0.175945
0.069821 -0.013477 0.172531
0.068505 -0.011979 0.169434
0.067234 -0.013164 0.157615
0.067565 -0.010702 0.162747
0.054807 -0.028908 0.127111
0.038657 -0.016605 0.131634
0.053695 -0.009549 0.165814
0.054600 -0.021854 0.178960
0.063971 -0.019724 0.153611
0.063198 -0.029395 0.149640
0.063964 -0.032827 0.148931
0.064819 -0.036134 0.148705
0.066387 -0.039420 0.149187
0.069578 -0.042662 0.151227
0.071555 -0.045017 0.155163
0.071786 -0.046110 0.159373
0.071574 -0.046277 0.161871
0.069964 -0.045226 0.163340
0.068060 -0.042962 0.163780
0.065852 -0.039828 0.164052
0.064090 -0.036484 0.164917
0.062662 -0.033392 0.166071
0.061972 -0.029521 0.167197
0.063218 -0.026668 0.167321
0.064246 -0.023214 0.167214
0.064432 -0.020425 0.166564
0.064561 -0.018321 0.165550
0.064629 -0.016948 0.164532
0.064384 -0.016157 0.163425
0.060633 -0.018074 0.154792
0.064468 -0.015866 0.161517
0.063446 -0.016040 0.160137
0.056535 -0.019240 0.086257
0.054295 -0.013678 0.082987
0.053597 -0.011346 0.082372
0.052619 -0.009019 0.081845
0.051557 -0.006424 0.081593
0.050779 -0.002007 0.081819
0.069476 -0.011419 0.158681
0.041805 -0.016235 0.127308
0.064525 -0.017784 0.156224
0.038346 0.000006 0.098328
0.038443 -0.001330 0.098396
0.038923 -0.003174 0.098766
0.039375 -0.004777 0.098996
0.040110 -0.007124 0.099560
0.041010 -0.009330 0.099805
0.042032 -0.011324 0.099650
0.043770 -0.013419 0.098999
0.046255 -0.015743 0.098214
0.049040 -0.019515 0.097632
0.052177 -0.021220 0.097324
0.053959 -0.021539 0.095325
0.052523 -0.019910 0.094128
0.049851 -0.016819 0.092936
0.047259 -0.014249 0.091089
0.045542 -0.011881 0.089884
0.044116 -0.009521 0.089184
0.042898 -0.007840 0.089108
0.042378 -0.006136 0.089472
0.041809 -0.004107 0.090801
0.041530 -0.002002 0.091044
0.041268 0.000017 0.091182
0.039639 0.000005 0.097339
0.039948 -0.001388 0.097507
0.040278 -0.002626 0.097742
0.040819 -0.004474 0.098068
0.041244 -0.006487 0.098131
0.042213 -0.008547 0.098142
0.043217 -0.010471 0.098200
0.044916 -0.012595 0.097763
0.046825 -0.014969 0.097707
0.049615 -0.018940 0.097307
0.052645 -0.021031 0.097162
0.054224 -0.021644 0.096234
0.052472 -0.020542 0.095748
0.049786 -0.016762 0.094936
0.047628 -0.013950 0.093717
0.045600 -0.011826 0.092793
0.043890 -0.009706 0.092567
0.042877 -0.007824 0.092505
0.042385 -0.005974 0.092686
0.042293 -0.004078 0.093169
0.042530 -0.002067 0.093590
0.042620 0.000016 0.093686
0.040908 0.000005 0.097143
0.041517 -0.001377 0.097297
0.041843 -0.002621 0.097452
0.042144 -0.004240 0.097623
0.042730 -0.006284 0.097571
0.043416 -0.007722 0.097611
0.044647 -0.009868 0.097434
0.046071 -0.012003 0.097469
0.047707 -0.014321 0.097608
0.050502 -0.018086 0.097378
0.053344 -0.021114 0.097142
0.053189 -0.020726 0.096751
0.050517 -0.017179 0.096672
0.048447 -0.014139 0.096177
0.046758 -0.012068 0.095068
0.045317 -0.009897 0.094564
0.044316 -0.008037 0.094489
0.043732 -0.006167 0.094470
0.043269 -0.004195 0.094579
0.043421 -0.002116 0.094899
0.043920 0.000016 0.094965
0.043896 -0.008344 0.085870
0.044985 -0.010300 0.086143
0.061705 -0.031805 0.084954
0.059134 -0.024581 0.077894
0.055476 -0.018841 0.074673
0.054167 -0.015815 0.074197
0.053044 -0.012543 0.074138
0.051272 -0.008910 0.073914
0.049892 -0.002687 0.073354
0.047048 -0.022756 0.106020
0.042416 -0.016576 0.108593
0.041004 -0.013571 0.109599
0.038577 -0.006396 0.111103
0.038690 -0.003532 0.110427
0.038932 0.000004 0.109721
0.083919 -0.061383 0.121942
0.092369 -0.065673 0.117834
0.109481 -0.074000 0.109716
0.119805 -0.072438 0.106122
0.126754 -0.072051 0.102931
0.133094 -0.071040 0.099494
0.086627 -0.063804 0.131083
0.095721 -0.066780 0.128268
0.113112 -0.074916 0.121562
0.122366 -0.074928 0.118472
0.129210 -0.073184 0.116420
0.136754 -0.072372 0.113975
0.089284 -0.064986 0.139822
0.098696 -0.068631 0.137625
0.116060 -0.075211 0.132360
0.124550 -0.075948 0.129596
0.131842 -0.075632 0.127309
0.139343 -0.072928 0.126271
0.052085 -0.020743 0.180729
0.053988 -0.027329 0.180527
0.056599 -0.034051 0.178722
0.072482 -0.054127 0.170228
0.048190 -0.004607 0.181789
0.048433 -0.010897 0.182445
0.049482 -0.016367 0.182928
0.056672 -0.034449 0.180757
0.060227 -0.041678 0.179240
0.067746 -0.051115 0.179152
0.075761 -0.056508 0.176084
0.084332 -0.059888 0.174672
0.049073 -0.004397 0.188066
0.049264 -0.011854 0.188796
0.050608 -0.018465 0.188746
0.061423 -0.042184 0.184778
0.068644 -0.050967 0.185005
0.077599 -0.055227 0.183982
0.085696 -0.059157 0.182488
0.094201 -0.063950 0.181655
0.110765 -0.071771 0.179655
0.127689 -0.075031 0.178608
0.135080 -0.077750 0.177605
0.143127 -0.079082 0.177177
0.150344 -0.079556 0.176644
0.051909 -0.004080 0.197639
0.052257 -0.012136 0.197942
0.054041 -0.020937 0.197105
0.064089 -0.041427 0.194040
0.070460 -0.049544 0.194408
0.078543 -0.054736 0.194480
0.087375 -0.058306 0.193944
0.095328 -0.063049 0.193835
0.112342 -0.071517 0.193266
0.130596 -0.076693 0.193405
0.138113 -0.078835 0.194057
0.146289 -0.079212 0.194828
0.152769 -0.081127 0.195430
0.074558 -0.049059 0.102177
0.085121 -0.054458 0.097701
0.082536 -0.043477 0.069171
0.089154 -0.002726 0.034181
0.091281 -0.011748 0.034888
0.047771 -0.002802 0.065576
0.049874 -0.009986 0.066137
0.052513 -0.014549 0.066360
0.055311 -0.017684 0.066802
0.056853 -0.020054 0.071082
0.054877 -0.016931 0.070644
0.053002 -0.013843 0.070315
0.050798 -0.009473 0.069891
0.048307 -0.002566 0.068357
0.047869 -0.002894 0.063261
0.049708 -0.010406 0.063149
0.052547 -0.014583 0.063141
0.049255 -0.003093 0.060211
0.050837 -0.010475 0.059819
0.051680 -0.003219 0.055500
0.053901 -0.010362 0.055052
0.086187 -0.002953 0.034945
0.087403 -0.011845 0.035160
0.079064 -0.031296 0.054532
0.074154 -0.024320 0.050973
0.068978 -0.018017 0.049496
0.065111 -0.013025 0.049452
0.063384 -0.009787 0.048925
0.060677 -0.002907 0.048482
0.096960 -0.037273 0.049190
0.079621 -0.015371 0.040086
0.077720 -0.010411 0.039877
0.075658 -0.002711 0.039218
0.100913 -0.038675 0.046462
0.050843 -0.027795 0.115762
0.048135 -0.024465 0.110340
0.038520 0.000004 0.114518
0.037925 -0.003475 0.114529
0.037927 -0.000017 0.117580
0.037733 -0.001670 0.117643
0.035618 0.000002 0.121294
0.035813 -0.001367 0.121351
0.035987 -0.003130 0.121688
0.026372 0.000000 0.126931
0.026532 -0.001356 0.127169
0.026867 -0.002899 0.127450
0.027123 -0.004524 0.127997
0.028252 -0.007079 0.128959
0.035865 -0.013934 0.132113
0.038601 -0.015273 0.130075
0.040772 -0.018480 0.127725
0.023404 0.000000 0.129963
0.023457 -0.001407 0.129915
0.023582 -0.003236 0.129954
0.023806 -0.005647 0.129875
0.024924 -0.008275 0.130111
0.034051 -0.015263 0.133424
0.021320 0.000000 0.134237
0.021334 -0.001450 0.134238
0.021465 -0.003377 0.134162
0.021810 -0.005782 0.133913
0.020493 0.000000 0.138180
0.020536 -0.001606 0.138406
0.020693 -0.003554 0.138235
0.021400 -0.006026 0.137559
0.022134 -0.000000 0.142587
0.022354 -0.001674 0.142652
0.021994 -0.003819 0.142139
0.022376 -0.006378 0.141202
0.024645 -0.000000 0.145688
0.024726 -0.001744 0.145658
0.024576 -0.004113 0.144973
0.024663 -0.006672 0.144158
0.026768 -0.000000 0.148538
0.026302 -0.001827 0.148088
0.026557 -0.004382 0.147578
0.027697 -0.006881 0.146493
0.028145 -0.000000 0.150507
0.028915 -0.001975 0.150461
0.029366 -0.004598 0.150189
0.030603 -0.007555 0.148846
0.033149 -0.010226 0.146805
0.030411 -0.000000 0.152789
0.031152 -0.002232 0.152663
0.031771 -0.004987 0.152186
0.033285 -0.008019 0.150514
0.036215 -0.010594 0.148052
0.032665 -0.000000 0.154909
0.033150 -0.002518 0.154754
0.034051 -0.005198 0.153975
0.035766 -0.008421 0.152310
0.038758 -0.010682 0.149989
0.046373 -0.014824 0.145646
0.034761 -0.000000 0.157123
0.035266 -0.002941 0.157147
0.035944 -0.005705 0.156155
0.038074 -0.008807 0.154337
0.041190 -0.010636 0.152356
0.036535 -0.000000 0.159098
0.037394 -0.003322 0.159285
0.038055 -0.005997 0.158261
0.040481 -0.008815 0.156439
0.043901 -0.010440 0.155002
0.038427 -0.000000 0.160804
0.039540 -0.003672 0.161225
0.040296 -0.006323 0.160618
0.042840 -0.008791 0.159261
0.040591 -0.000000 0.162697
0.041468 -0.003619 0.162764
0.042332 -0.006296 0.162265
0.044410 -0.008185 0.161172
0.042998 -0.000000 0.164914
0.044278 -0.003641 0.165046
0.045119 -0.006101 0.164427
0.047179 -0.007852 0.163716
0.045291 -0.000000 0.167208
0.046493 -0.003657 0.167510
0.047017 -0.006155 0.167006
0.048563 -0.008519 0.166211
0.057430 -0.011552 0.165625
0.047729 -0.000000 0.169706
0.048583 -0.004159 0.169894
0.049247 -0.006711 0.169753
0.054573 -0.022417 0.176927
0.055860 -0.027719 0.176498
0.057600 -0.033573 0.175622
0.059488 -0.038919 0.174768
0.061791 -0.043504 0.173889
0.055011 -0.027582 0.178396
0.057198 -0.033967 0.176995
0.071509 -0.053048 0.168660
0.053414 -0.023705 0.136113
0.055165 -0.028393 0.130740
0.057216 -0.034715 0.129611
0.060013 -0.040263 0.130028
0.063678 -0.045986 0.131609
0.058647 -0.019288 0.152808
0.059780 -0.030199 0.144545
0.060756 -0.033630 0.143638
0.061466 -0.037727 0.143745
0.063128 -0.041427 0.144554
0.066006 -0.044454 0.146530
0.068918 -0.046765 0.150018
0.071859 -0.048900 0.155062
0.072810 -0.050087 0.164073
0.070179 -0.048832 0.165663
0.067690 -0.046160 0.166255
0.064718 -0.042653 0.166836
0.062797 -0.039227 0.167932
0.061959 -0.036028 0.169053
0.061240 -0.032221 0.169999
0.060792 -0.027699 0.170712
0.061216 -0.023281 0.170994
0.061645 -0.019990 0.169559
0.061733 -0.017684 0.167845
0.062662 -0.016199 0.166532
0.062178 -0.014859 0.165095
0.057661 -0.016173 0.154557
0.056626 -0.016826 0.151173
0.057741 -0.029788 0.141562
0.059042 -0.034294 0.140313
0.060725 -0.038465 0.141125
0.062693 -0.042391 0.142498
0.065383 -0.045788 0.144592
0.068456 -0.048147 0.147393
0.072158 -0.050312 0.151515
0.074460 -0.052291 0.157726
0.075363 -0.052865 0.162211
0.074303 -0.052403 0.164705
0.064683 -0.043842 0.168903
0.062521 -0.040456 0.170100
0.061004 -0.037287 0.170994
0.059964 -0.033058 0.171904
0.058898 -0.028036 0.172684
0.058878 -0.023174 0.173146
0.059434 -0.019195 0.171793
0.058951 -0.016120 0.169888
0.059031 -0.013826 0.168116
0.064241 -0.045445 0.171021
0.061779 -0.042050 0.172189
0.060019 -0.038081 0.173186
0.058513 -0.033303 0.173952
0.057063 -0.027881 0.174555
0.056373 -0.022656 0.174942
0.056694 -0.018388 0.173988
0.056465 -0.014867 0.172171
0.061171 -0.013668 0.162948
0.056522 -0.013234 0.158136
0.056691 -0.028966 0.139172
0.058502 -0.034463 0.138195
0.060490 -0.039109 0.139196
0.062584 -0.043266 0.140692
0.065234 -0.046879 0.142639
0.068708 -0.050108 0.145122
0.057582 -0.022741 0.082027
0.053220 -0.017004 0.078168
0.051987 -0.014190 0.077457
0.051562 -0.011264 0.077337
0.050110 -0.008208 0.076995
0.049681 -0.002696 0.076813
0.046639 -0.020785 0.103483
0.042231 -0.015415 0.105780
0.040821 -0.012479 0.106860
0.038682 -0.007433 0.107444
0.038265 -0.004471 0.105131
0.038244 0.000005 0.105173
0.047267 -0.010893 0.083768
0.045889 -0.008980 0.083308
0.060343 -0.034292 0.088393
0.068112 -0.035072 0.074143
0.066723 -0.029265 0.063927
0.068644 -0.028994 0.058296
0.064228 -0.026444 0.060775
0.054369 -0.029161 0.126948
0.037665 -0.017514 0.131167
0.051951 -0.009866 0.165649
0.053484 -0.022524 0.179083
0.062265 -0.020671 0.153943
0.063189 -0.030031 0.149525
0.063651 -0.033529 0.148832
0.064362 -0.036968 0.148744
0.066080 -0.040295 0.149366
0.069291 -0.043594 0.151527
0.070931 -0.045785 0.155397
0.071463 -0.047229 0.159578
0.071220 -0.047348 0.162094
0.069263 -0.046470 0.163330
0.067281 -0.044214 0.163723
0.065127 -0.040970 0.164045
0.063301 -0.037602 0.164884
0.062022 -0.034383 0.165980
0.061323 -0.030270 0.167177
0.062436 -0.027552 0.167277
0.063260 -0.024043 0.167165
0.063790 -0.021051 0.166580
0.063991 -0.018937 0.165606
0.064088 -0.017594 0.164729
0.063827 -0.016800 0.163677
0.059358 -0.018604 0.154426
0.063777 -0.016662 0.161814
0.062224 -0.016473 0.159866
0.053968 -0.020689 0.084920
0.050792 -0.014791 0.081071
0.049524 -0.012299 0.080454
0.048546 -0.010047 0.079958
0.048271 -0.007451 0.080124
0.046976 -0.002531 0.080694
0.041392 -0.016606 0.126764
0.063138 -0.018944 0.156719
0.097337 -0.030827 0.043795
0.100122 -0.028368 0.049262
0.104967 -0.022588 0.063848
0.119338 -0.052702 0.063807
0.118833 -0.055601 0.062620
0.095976 -0.023956 0.038777
0.099840 -0.030372 0.042136
0.114031 -0.049921 0.056120
0.099780 -0.021135 0.043506
0.104340 -0.028425 0.046703
0.115258 -0.046991 0.057731
0.108172 -0.034183 0.050235
0.104249 -0.038361 0.045170
0.108177 -0.017639 0.056627
0.110399 -0.022442 0.059335
0.112353 -0.026972 0.061657
0.102213 -0.002789 0.030686
0.103723 -0.010501 0.031447
0.106346 -0.014747 0.031374
0.107342 -0.020956 0.031421
0.106740 -0.030029 0.033498
0.110853 -0.037480 0.037049
0.120114 -0.050885 0.046316
0.126974 -0.056233 0.053839
0.104627 -0.002897 0.032464
0.105394 -0.009826 0.032629
0.107746 -0.014668 0.033271
0.107694 -0.020917 0.033125
0.109133 -0.029028 0.034671
0.113350 -0.036301 0.037796
0.122399 -0.049012 0.046561
0.128092 -0.055109 0.053553
0.111069 -0.003456 0.036091
0.111127 -0.010196 0.036737
0.112657 -0.014387 0.037312
0.114420 -0.019254 0.038256
0.115569 -0.026782 0.040491
0.118390 -0.033301 0.042258
0.126270 -0.044910 0.047361
0.129917 -0.050517 0.054285
0.087000 -0.002585 0.037445
0.088960 -0.010457 0.038587
0.085739 -0.015026 0.040174
0.105028 -0.063014 0.084489
0.105248 -0.060426 0.085132
0.090202 -0.020822 0.045346
0.088273 -0.023462 0.040941
0.084517 -0.016377 0.037094
0.082038 -0.002627 0.038414
0.081857 -0.002710 0.036313
0.084083 -0.010156 0.039127
0.082681 -0.011163 0.036507
0.094189 -0.032349 0.055330
0.091933 -0.035636 0.050642
0.089993 -0.026347 0.051585
0.087081 -0.029010 0.045214
0.086300 -0.045661 0.067156
0.089093 -0.043264 0.069519
0.082783 -0.033275 0.052447
0.087227 -0.034462 0.051301
0.084956 -0.030340 0.056135
0.089082 -0.031436 0.055602
0.090678 -0.046958 0.065713
0.094889 -0.048239 0.063953
0.092901 -0.044055 0.067966
0.096677 -0.045110 0.066373
0.078400 -0.025705 0.048613
0.082477 -0.027666 0.046169
0.080724 -0.023355 0.052215
0.085138 -0.025109 0.051487
0.073740 -0.019052 0.047192
0.078273 -0.020801 0.044336
0.075608 -0.017550 0.049853
0.080395 -0.018756 0.047783
0.069527 -0.013334 0.046950
0.074327 -0.014163 0.043621
0.071569 -0.012738 0.048404
0.075965 -0.013364 0.045332
0.067768 -0.009803 0.046628
0.072364 -0.010104 0.043353
0.069790 -0.009215 0.048276
0.074034 -0.009502 0.045070
0.066071 -0.002755 0.046320
0.070276 -0.002810 0.043249
0.067445 -0.002515 0.047960
0.071601 -0.002491 0.045068
0.124188 -0.055911 0.076183
0.119306 -0.058316 0.078430
0.112450 -0.060333 0.081635
0.123867 -0.062910 0.073913
0.118906 -0.062654 0.077171
0.112450 -0.063345 0.080556
0.086207 -0.059349 0.141323
0.082277 -0.059591 0.133843
0.084396 -0.062738 0.140741
0.081149 -0.062078 0.132574
0.079317 -0.056803 0.125236
0.078302 -0.058892 0.124483
0.091485 -0.053050 0.144968
0.090464 -0.051338 0.136305
0.088248 -0.044641 0.129487
0.074734 -0.053653 0.147223
0.073664 -0.054561 0.147021
0.079618 -0.057500 0.151552
0.080347 -0.056317 0.151854
0.075666 -0.056307 0.145455
0.076260 -0.055078 0.145686
0.082077 -0.058189 0.159349
0.082899 -0.057196 0.159341
0.077442 -0.056283 0.153093
0.078280 -0.055497 0.153277
0.094137 -0.059506 0.091614
0.099395 -0.061177 0.088456
0.096973 -0.068213 0.115448
0.102415 -0.071477 0.112697
0.100340 -0.069248 0.126382
0.105378 -0.072937 0.124327
0.103309 -0.070824 0.136359
0.108227 -0.074019 0.134817
0.100041 -0.059035 0.088673
0.094955 -0.057620 0.091983
0.103566 -0.068449 0.113421
0.098419 -0.066036 0.115808
0.106076 -0.070180 0.125287
0.101059 -0.067285 0.127189
0.108890 -0.071159 0.135594
0.103631 -0.068705 0.137104
0.116058 -0.072715 0.179361
0.121821 -0.074130 0.178946
0.116524 -0.071079 0.180222
0.121974 -0.072845 0.179719
0.094804 -0.064710 0.139431
0.093880 -0.066805 0.138805
0.092023 -0.063436 0.130293
0.091181 -0.065088 0.129732
0.089203 -0.061496 0.120442
0.088249 -0.063289 0.119924
0.080804 -0.050717 0.100431
0.080534 -0.051934 0.099987
0.099552 -0.067242 0.180705
0.105063 -0.070117 0.180048
0.100557 -0.066145 0.193572
0.106434 -0.068766 0.193359
0.117944 -0.073134 0.193244
0.124176 -0.074593 0.193102
0.101326 -0.065220 0.193948
0.107106 -0.067586 0.193671
0.118326 -0.070976 0.193742
0.124410 -0.072789 0.193694
0.100394 -0.064605 0.181446
0.105752 -0.067236 0.181298
0.090457 -0.059001 0.182744
0.089651 -0.061603 0.182332
0.082286 -0.055284 0.182176
0.080705 -0.055763 0.174701
0.081819 -0.057012 0.182368
0.080117 -0.057261 0.174816
0.078318 -0.055410 0.165507
0.077424 -0.056414 0.165304
0.072325 -0.052508 0.177476
0.070871 -0.051752 0.175288
0.071642 -0.053811 0.177618
0.069957 -0.052861 0.174897
0.073896 -0.051781 0.184081
0.073179 -0.053023 0.184375
0.065795 -0.045828 0.184546
0.065013 -0.046130 0.180432
0.064667 -0.047396 0.184916
0.062528 -0.048009 0.179134
0.064286 -0.045010 0.177894
0.062404 -0.046651 0.176897
0.055019 -0.032667 0.186711
0.056741 -0.031320 0.186302
0.057886 -0.026138 0.195390
0.056714 -0.026965 0.195936
0.063091 -0.035659 0.193677
0.061780 -0.036908 0.194361
0.067830 -0.044743 0.193615
0.066875 -0.045961 0.194247
0.075292 -0.050783 0.193711
0.074658 -0.051954 0.194350
0.083364 -0.055231 0.193610
0.082934 -0.056535 0.194250
0.091936 -0.058498 0.194451
0.091304 -0.059918 0.193959
0.051897 -0.024893 0.102040
0.052652 -0.022913 0.100047
0.050965 -0.025219 0.101441
0.052043 -0.022623 0.098953
0.054369 -0.023257 0.097275
0.054427 -0.023913 0.098238
0.054470 -0.021695 0.094469
0.053648 -0.020388 0.090824
0.055660 -0.019049 0.090724
0.056450 -0.021049 0.094353
0.057902 -0.021380 0.088250
0.056373 -0.022777 0.087775
0.059196 -0.022925 0.090456
0.057705 -0.021424 0.093304
0.058029 -0.023857 0.090890
0.055368 -0.022105 0.093714
0.049950 -0.023161 0.102728
0.051102 -0.020798 0.100425
0.048944 -0.023348 0.102191
0.049397 -0.020894 0.099193
0.053248 -0.025908 0.101764
0.053782 -0.024671 0.099524
0.052379 -0.026117 0.101140
0.052535 -0.024689 0.098970
0.054643 -0.022063 0.097166
0.055101 -0.020655 0.098169
0.054736 -0.022864 0.097151
0.054852 -0.022642 0.097170
0.056532 -0.023063 0.096694
0.054809 -0.023812 0.096749
0.054832 -0.023541 0.097321
0.055675 -0.022965 0.097727
0.056906 -0.023183 0.095994
0.054890 -0.023995 0.096284
0.055456 -0.024175 0.095832
0.057587 -0.023142 0.095457
0.049453 -0.015630 0.087286
0.053154 -0.014186 0.087314
0.058013 -0.013173 0.089704
0.062141 -0.016104 0.091605
0.054688 -0.004492 0.085966
0.049529 -0.004264 0.084818
0.044922 -0.004489 0.084047
0.043530 -0.015542 0.101521
0.046424 -0.015803 0.101594
0.049978 -0.015859 0.103729
0.046297 -0.018000 0.105226
0.043810 -0.017912 0.105486
0.055475 -0.015137 0.107832
0.044908 -0.019793 0.107659
0.046070 -0.019889 0.108005
0.055651 -0.016166 0.110219
0.044763 -0.014611 0.103320
0.046376 -0.016874 0.103033
0.041915 -0.014453 0.104180
0.043527 -0.016741 0.103076
0.049004 -0.014596 0.104856
0.050119 -0.016629 0.104916
0.048790 -0.020074 0.102048
0.046387 -0.019340 0.101876
0.052013 -0.018679 0.104219
0.039523 -0.009228 0.103101
0.042443 -0.008910 0.103143
0.046156 -0.008717 0.103202
0.040262 -0.011828 0.105145
0.043123 -0.012004 0.104281
0.047406 -0.011817 0.104938
0.046119 -0.021313 0.111651
0.047287 -0.021446 0.112239
0.057242 -0.017271 0.114774
0.042022 -0.009547 0.106430
0.039403 -0.010105 0.107216
0.050792 -0.008685 0.107065
0.046133 -0.008689 0.104404
0.042237 -0.009309 0.104760
0.045696 -0.005293 0.104009
0.041505 -0.006519 0.104387
0.039562 -0.010041 0.105481
0.038368 -0.007455 0.105256
0.041378 -0.009083 0.110324
0.039598 -0.010092 0.110204
0.051799 -0.008857 0.109927
0.041617 -0.009446 0.113614
0.039914 -0.010038 0.113907
0.052261 -0.008599 0.112848
0.049366 -0.005915 0.104770
0.049283 -0.005752 0.103655
0.049108 -0.004602 0.102429
0.049059 -0.004019 0.101584
0.047706 -0.004168 0.099550
0.050603 -0.008517 0.105728
0.050484 -0.008270 0.104463
0.050305 -0.007975 0.103545
0.049917 -0.007366 0.102504
0.048641 -0.006698 0.100291
0.049898 -0.008521 0.101331
0.051838 -0.010771 0.106601
0.051645 -0.010399 0.105385
0.051311 -0.010012 0.104261
0.051108 -0.009473 0.103427
0.050891 -0.010311 0.101866
0.053364 -0.013366 0.106978
0.052915 -0.012861 0.105960
0.052633 -0.012246 0.104965
0.052277 -0.011686 0.104034
0.052805 -0.012410 0.102702
0.055064 -0.015086 0.106773
0.054647 -0.014630 0.106027
0.054056 -0.014033 0.105371
0.053674 -0.013505 0.104575
0.054634 -0.014700 0.103271
0.056135 -0.016604 0.106318
0.055836 -0.016235 0.105477
0.055690 -0.015833 0.104976
0.055414 -0.015373 0.104666
0.056616 -0.017297 0.108530
0.055702 -0.015645 0.108636
0.053965 -0.013561 0.109338
0.052112 -0.011310 0.108509
0.051140 -0.008768 0.108052
0.049823 -0.006372 0.107213
0.049189 -0.004424 0.106547
0.041470 -0.003725 0.102904
0.037977 -0.003909 0.103364
0.040765 0.000006 0.102846
0.037560 0.000083 0.103012
0.044684 -0.002608 0.102531
0.044646 -0.002630 0.101005
0.044665 -0.002602 0.099823
0.044704 -0.002656 0.098577
0.044737 -0.002530 0.097305
0.044780 -0.002743 0.103730
0.048721 0.000005 0.104750
0.048960 0.000002 0.106001
0.045125 0.000001 0.102303
0.045096 0.000002 0.100964
0.044820 0.000002 0.099700
0.044730 0.000002 0.098448
0.044259 0.000003 0.097180
0.045175 0.000001 0.103571
0.040205 -0.001452 0.113692
0.040714 -0.001449 0.110031
0.038105 -0.001526 0.114643
0.038889 -0.002006 0.110155
0.050812 -0.001839 0.111662
0.049923 -0.001996 0.108761
0.041069 -0.001770 0.104659
0.038129 -0.002176 0.105070
0.049275 -0.001997 0.106185
0.049073 -0.001945 0.105069
0.041272 -0.001585 0.102089
0.037715 -0.001998 0.102955
0.041195 -0.001456 0.101160
0.037473 -0.001650 0.101307
0.045182 -0.001015 0.103559
0.045074 -0.000987 0.102401
0.044984 -0.000976 0.100789
0.044976 -0.001088 0.099605
0.044631 -0.001159 0.098453
0.044276 -0.001235 0.097203
0.048879 -0.002726 0.100668
0.049041 -0.003957 0.104151
0.048960 -0.003134 0.102802
0.048941 -0.002918 0.101858
0.047122 -0.002586 0.098926
0.048635 -0.001493 0.099935
0.048881 -0.001916 0.104041
0.048746 -0.001753 0.102424
0.048746 -0.001627 0.101337
0.046744 -0.001282 0.097911
0.047839 0.000001 0.099569
0.048525 0.000005 0.103513
0.048456 0.000003 0.101980
0.048183 0.000001 0.100856
0.046831 0.000002 0.098026
0.057302 -0.018932 0.097714
0.059929 -0.018110 0.095476
0.056023 -0.019519 0.098895
0.062394 -0.017879 0.093998
0.063636 -0.018219 0.092868
0.055170 -0.016655 0.084256
0.052123 -0.017674 0.082532
0.050948 -0.004207 0.081594
0.047979 -0.005101 0.080424
0.061413 -0.015273 0.087929
0.063820 -0.018286 0.089886
0.064156 -0.019851 0.091111
0.055689 -0.004534 0.084089
0.059990 -0.024251 0.092627
0.058683 -0.023220 0.094496
0.058915 -0.024984 0.092945
0.056107 -0.024471 0.095222
0.056963 -0.021420 0.098557
0.058128 -0.019810 0.098211
0.060397 -0.019158 0.096559
0.062446 -0.019130 0.095197
0.063607 -0.019810 0.093931
0.066642 -0.017391 0.087336
0.057708 -0.019135 0.081266
0.064354 -0.020917 0.092794
0.056324 -0.026360 0.096075
0.058634 -0.024812 0.096057
0.056151 -0.026216 0.096392
0.057909 -0.024931 0.096650
0.056126 -0.025960 0.096617
0.058018 -0.024138 0.097003
0.056305 -0.025595 0.096878
0.056880 -0.024885 0.097347
0.058252 -0.021904 0.098763
0.059203 -0.020024 0.098675
0.059909 -0.019731 0.098532
0.061062 -0.020107 0.097791
0.063224 -0.020186 0.095783
0.064278 -0.020930 0.095223
0.050413 -0.021948 0.101661
0.049504 -0.022111 0.100697
0.052025 -0.023545 0.101110
0.053451 -0.025369 0.100522
0.051520 -0.023996 0.100512
0.052596 -0.025447 0.100081
0.055981 -0.016295 0.102639
0.056224 -0.016748 0.104250
0.056195 -0.016892 0.104721
0.056228 -0.017193 0.105224
0.056492 -0.017588 0.106195
0.056846 -0.018111 0.107343
0.053321 -0.019474 0.103014
0.053313 -0.020201 0.104080
0.057087 -0.018441 0.108209
0.056684 -0.017771 0.101760
0.056775 -0.017617 0.103543
0.056862 -0.017953 0.104015
0.057211 -0.018648 0.104733
0.058181 -0.019748 0.106022
0.058757 -0.020035 0.107193
0.054917 -0.021185 0.102645
0.054755 -0.021842 0.103771
0.058955 -0.020029 0.107779
0.056871 -0.019288 0.100871
0.057394 -0.018407 0.102493
0.057783 -0.018935 0.103249
0.059516 -0.020302 0.104567
0.061215 -0.020923 0.106146
0.061172 -0.020968 0.106876
0.056293 -0.023150 0.102311
0.056395 -0.023378 0.103513
0.061141 -0.020848 0.107361
0.056412 -0.022610 0.101317
0.056591 -0.021902 0.100574
0.054708 -0.023357 0.097995
0.055211 0.000014 0.088420
0.054251 0.000013 0.089930
0.053267 0.000012 0.093258
0.051751 0.000012 0.094706
0.057710 -0.002865 0.085039
0.057059 -0.002892 0.087103
0.056739 -0.002944 0.088599
0.055955 -0.003071 0.090258
0.053899 -0.002248 0.092782
0.051956 -0.001999 0.095216
0.058628 -0.005736 0.085598
0.057978 -0.005535 0.087476
0.057054 -0.005179 0.088686
0.055798 -0.004438 0.090547
0.054067 -0.003978 0.093633
0.050978 -0.003917 0.096024
0.059231 -0.007949 0.085738
0.058643 -0.007209 0.087838
0.057630 -0.006718 0.089316
0.055810 -0.006131 0.091469
0.053898 -0.005677 0.094161
0.050730 -0.005777 0.096837
0.059424 -0.008875 0.085794
0.058926 -0.008309 0.087729
0.057722 -0.007504 0.090409
0.056188 -0.007553 0.092146
0.053900 -0.007439 0.094943
0.050967 -0.007934 0.097913
0.062021 -0.012933 0.086648
0.058715 -0.008441 0.089184
0.057506 -0.008896 0.090906
0.056493 -0.008518 0.092700
0.054142 -0.008893 0.095533
0.050958 -0.009803 0.098452
0.062839 -0.013780 0.087686
0.058596 -0.010830 0.089633
0.057782 -0.010351 0.091169
0.056918 -0.009667 0.093079
0.054813 -0.010587 0.096408
0.051058 -0.011544 0.098564
0.063496 -0.014947 0.088541
0.060346 -0.013161 0.090818
0.058778 -0.012398 0.091996
0.057799 -0.011815 0.093640
0.056289 -0.012841 0.097392
0.054053 -0.013507 0.099653
0.064162 -0.016381 0.089314
0.061633 -0.014497 0.091255
0.059994 -0.014130 0.092722
0.058910 -0.013618 0.094413
0.057599 -0.014918 0.098293
0.056066 -0.015481 0.099560
0.065066 -0.017666 0.090515
0.063437 -0.015583 0.091989
0.062098 -0.015166 0.093584
0.060102 -0.014660 0.095111
0.057778 -0.016691 0.098454
0.056694 -0.017353 0.099553
0.065383 -0.018984 0.091699
0.064504 -0.017517 0.093293
0.063169 -0.016912 0.094675
0.060641 -0.016454 0.096225
0.057827 -0.018033 0.098688
0.056970 -0.018717 0.099485
0.065522 -0.019617 0.093472
0.064506 -0.018532 0.094349
0.063197 -0.017974 0.095871
0.060932 -0.017797 0.097494
0.058543 -0.018400 0.099249
0.057398 -0.019313 0.099919
0.065465 -0.019639 0.096287
0.064257 -0.018995 0.096677
0.063020 -0.018644 0.097866
0.061707 -0.017907 0.099094
0.060140 -0.018201 0.099725
0.058097 -0.019523 0.100516
0.054510 -0.020085 0.079513
0.060860 -0.020801 0.078216
0.056645 -0.021795 0.075856
0.061263 -0.022325 0.072538
0.058923 -0.023066 0.072096
0.062840 -0.027392 0.082777
0.063907 -0.029459 0.076728
0.060708 -0.028418 0.080989
0.062346 -0.030269 0.076483
0.060380 -0.025353 0.086692
0.059222 -0.026404 0.085632
0.061487 -0.026409 0.088526
0.063507 -0.029079 0.084990
0.060063 -0.027720 0.087621
0.061488 -0.029968 0.082932
0.064731 -0.031869 0.078590
0.062984 -0.032490 0.078001
0.062195 -0.025569 0.081227
0.063720 -0.027983 0.075217
0.059766 -0.026699 0.079188
0.061516 -0.028175 0.074673
0.059518 -0.023886 0.084789
0.058227 -0.024911 0.083712
0.068480 -0.019505 0.092378
0.075271 -0.023324 0.091742
0.079803 -0.025600 0.090187
0.068775 -0.020310 0.094210
0.075931 -0.022952 0.094540
0.080579 -0.025818 0.093655
0.067902 -0.019046 0.090359
0.074231 -0.022545 0.089815
0.078383 -0.024686 0.087415
0.055199 -0.023831 0.097665
0.056877 -0.022544 0.098406
0.055169 -0.024657 0.097666
0.057160 -0.022692 0.099419
0.058002 -0.018940 0.101855
0.057062 -0.019762 0.100463
0.054872 -0.024420 0.097234
0.054986 -0.024112 0.097214
0.054922 -0.025363 0.097868
0.057259 -0.023121 0.100135
0.054634 -0.024956 0.097433
0.058462 -0.019374 0.102631
0.054683 -0.025930 0.098270
0.057308 -0.023559 0.100997
0.054035 -0.025619 0.097778
0.060326 -0.020663 0.104036
0.054549 -0.026492 0.099028
0.057536 -0.023702 0.102179
0.053595 -0.026296 0.098347
0.061877 -0.021634 0.105204
0.054474 -0.026983 0.100115
0.057870 -0.023897 0.103283
0.053591 -0.026954 0.099419
0.062110 -0.021726 0.105858
0.054483 -0.027277 0.101105
0.062309 -0.021723 0.106371
0.053562 -0.027413 0.100443
0.056415 -0.025913 0.097364
0.058351 -0.022313 0.099485
0.055730 -0.026422 0.097037
0.059181 -0.019448 0.101317
0.056069 -0.026697 0.097457
0.058393 -0.022662 0.099922
0.055432 -0.026836 0.097141
0.059806 -0.019883 0.101922
0.055879 -0.027167 0.097781
0.058719 -0.022668 0.100899
0.055025 -0.027198 0.097307
0.061541 -0.020486 0.103328
0.055980 -0.027608 0.098423
0.059385 -0.023278 0.101782
0.054935 -0.027553 0.097712
0.062866 -0.021361 0.104363
0.055719 -0.027286 0.096283
0.057378 -0.026768 0.096665
0.061106 -0.020750 0.100260
0.063055 -0.019627 0.101938
0.056526 -0.028058 0.099576
0.060577 -0.023294 0.102970
0.054936 -0.028269 0.098281
0.063518 -0.021354 0.104593
0.056270 -0.028064 0.095718
0.057900 -0.027589 0.096541
0.061460 -0.020862 0.100482
0.064440 -0.021038 0.102667
0.056866 -0.028371 0.100830
0.063786 -0.021571 0.105114
0.055121 -0.028783 0.098991
0.057836 -0.028983 0.094731
0.059297 -0.028177 0.096169
0.065540 -0.021717 0.101843
0.049714 -0.024496 0.104682
0.048578 -0.024938 0.104425
0.052007 -0.025490 0.104120
0.050601 -0.026437 0.103322
0.053756 -0.026078 0.104118
0.052125 -0.027086 0.102973
0.055534 -0.027235 0.103572
0.053623 -0.028539 0.101857
0.057952 -0.019050 0.109844
0.059713 -0.020119 0.109316
0.061443 -0.021159 0.108484
0.062699 -0.021666 0.107603
0.064680 -0.022293 0.106420
0.049922 -0.005492 0.076884
0.050128 -0.005591 0.073535
0.048995 -0.005358 0.068889
0.048126 -0.005695 0.065725
0.048324 -0.006141 0.063229
0.049646 -0.006344 0.060124
0.052323 -0.006369 0.055255
0.061961 -0.005967 0.048731
0.066696 -0.005754 0.046674
0.070994 -0.006074 0.043229
0.076325 -0.006140 0.039658
0.082020 -0.006553 0.036290
0.086588 -0.006816 0.034860
0.089939 -0.006971 0.034203
0.105679 -0.006437 0.032539
0.052322 -0.004281 0.078335
0.052604 -0.005150 0.074273
0.051613 -0.005184 0.069909
0.050476 -0.005416 0.066130
0.050416 -0.005887 0.063877
0.051717 -0.006012 0.061986
0.055000 -0.005903 0.058270
0.063723 -0.005571 0.050985
0.068214 -0.005707 0.048106
0.072282 -0.005759 0.044753
0.077057 -0.005915 0.041491
0.082588 -0.006026 0.038567
0.087474 -0.006069 0.037564
0.092333 -0.006383 0.037310
0.060005 -0.005673 0.081983
0.061730 -0.005465 0.078660
0.062678 -0.005184 0.074828
0.062981 -0.005023 0.070492
0.063212 -0.005045 0.067892
0.063126 -0.004939 0.065072
0.062936 -0.004649 0.061841
0.067960 -0.005502 0.055284
0.102725 -0.005490 0.051310
0.086903 -0.005563 0.057017
0.073755 -0.002761 0.057383
0.081111 -0.002430 0.057208
0.091158 -0.002294 0.055643
0.095830 -0.002278 0.054804
0.074097 -0.005300 0.056979
0.080522 -0.005696 0.056881
0.093652 -0.005511 0.056013
0.098440 -0.005486 0.054588
0.074994 -0.008409 0.056921
0.081256 -0.008384 0.057413
0.094690 -0.008981 0.057405
0.099683 -0.008946 0.055900
0.077023 -0.012014 0.057823
0.083000 -0.012021 0.058641
0.096272 -0.012884 0.059390
0.101123 -0.012806 0.058076
0.080721 -0.016082 0.059317
0.086597 -0.016319 0.061401
0.098123 -0.016486 0.062037
0.103355 -0.006389 0.032350
0.111089 -0.006554 0.036360
0.054213 -0.003194 0.051981
0.057132 -0.002991 0.049808
0.057186 -0.002810 0.055436
0.059554 -0.002746 0.052751
0.062813 -0.002286 0.059911
0.064190 -0.002582 0.057661
0.055148 -0.006151 0.052170
0.058217 -0.006097 0.049841
0.057698 -0.005633 0.055203
0.060414 -0.005512 0.052677
0.063463 -0.004807 0.059771
0.064540 -0.005146 0.057550
0.057011 -0.010168 0.052278
0.059993 -0.009965 0.050204
0.059747 -0.008977 0.055439
0.062675 -0.008994 0.053024
0.064528 -0.007749 0.059661
0.065957 -0.008089 0.057033
0.058846 -0.013108 0.052534
0.061881 -0.012941 0.050728
0.064371 -0.011912 0.053132
0.068824 -0.011441 0.057452
0.073387 -0.019276 0.076159
0.071484 -0.020492 0.085956
0.074726 -0.021830 0.082108
0.062577 -0.017350 0.053255
0.065478 -0.017535 0.051155
0.067827 -0.016217 0.053544
0.066888 -0.023686 0.054007
0.070342 -0.023963 0.052211
0.068555 -0.022753 0.055883
0.072207 -0.022555 0.054372
0.072714 -0.029537 0.057257
0.076046 -0.030177 0.055920
0.074559 -0.027616 0.059439
0.078324 -0.028002 0.058559
0.072496 -0.015454 0.058916
0.074615 -0.019762 0.061971
0.077496 -0.020587 0.060407
0.079863 -0.024102 0.067980
0.081318 -0.025955 0.065971
0.100206 -0.022779 0.064982
0.095033 -0.022223 0.064906
0.089482 -0.021550 0.063370
0.085322 -0.020931 0.060677
0.098738 -0.028785 0.067082
0.092861 -0.028137 0.063643
0.087709 -0.027754 0.063035
0.076266 -0.022146 0.078438
0.072077 -0.032053 0.062548
0.072983 -0.035952 0.066799
0.075681 -0.033949 0.061135
0.077388 -0.038007 0.065615
0.079157 -0.035875 0.059749
0.081350 -0.040234 0.064079
0.082628 -0.037722 0.058047
0.085259 -0.041969 0.062387
0.086702 -0.039068 0.056290
0.089199 -0.043592 0.060411
0.091058 -0.040058 0.055236
0.093461 -0.044548 0.059269
0.095452 -0.040723 0.054167
0.097963 -0.045249 0.058093
0.100299 -0.042168 0.052208
0.103188 -0.046014 0.056923
0.104889 -0.042461 0.050508
0.107945 -0.046019 0.055074
0.108325 -0.042038 0.049279
0.111417 -0.045914 0.052717
0.067976 -0.031716 0.068854
0.073860 -0.030450 0.064461
0.075219 -0.033824 0.068973
0.078200 -0.032076 0.063706
0.079979 -0.036029 0.067936
0.081539 -0.033797 0.062410
0.083813 -0.038007 0.066615
0.084929 -0.035607 0.060904
0.087685 -0.039770 0.064861
0.089167 -0.036844 0.059818
0.091707 -0.040873 0.063395
0.093089 -0.037415 0.058932
0.095363 -0.041733 0.062134
0.097346 -0.038275 0.057266
0.099446 -0.042751 0.060324
0.101400 -0.039371 0.055721
0.103701 -0.043683 0.058825
0.105802 -0.039929 0.053827
0.108246 -0.043700 0.057005
0.110896 -0.039048 0.052669
0.113019 -0.043041 0.055012
0.070197 -0.030389 0.070527
0.063532 -0.028425 0.070176
0.065820 -0.027201 0.072028
0.064270 -0.031951 0.075531
0.065961 -0.031475 0.076908
0.073828 -0.040600 0.078240
0.073863 -0.042401 0.083652
0.078925 -0.043022 0.076430
0.079178 -0.045246 0.081883
0.083428 -0.045822 0.074436
0.083745 -0.048127 0.079758
0.087380 -0.048161 0.072618
0.088175 -0.050653 0.077938
0.091857 -0.049696 0.071114
0.092834 -0.052287 0.076376
0.096449 -0.051094 0.069485
0.097552 -0.053705 0.074344
0.101507 -0.052551 0.067417
0.102675 -0.055137 0.071597
0.107197 -0.052654 0.065384
0.108755 -0.054997 0.069036
0.112278 -0.052391 0.062935
0.114094 -0.054969 0.066188
0.116560 -0.053072 0.059053
0.068343 -0.037614 0.079928
0.067848 -0.039709 0.084990
0.063445 -0.037044 0.086222
0.075476 -0.039657 0.080101
0.075083 -0.041528 0.085099
0.081135 -0.041949 0.078538
0.080872 -0.044174 0.082917
0.085950 -0.044456 0.076263
0.085732 -0.046891 0.080471
0.089938 -0.046351 0.074197
0.090161 -0.048787 0.078653
0.093757 -0.047188 0.073070
0.094133 -0.049527 0.077483
0.097894 -0.048168 0.071398
0.098544 -0.050690 0.075335
0.102206 -0.049610 0.069068
0.103317 -0.051593 0.073068
0.107674 -0.050292 0.066778
0.109067 -0.051713 0.070646
0.112855 -0.050120 0.064152
0.114614 -0.052072 0.067247
0.117354 -0.050213 0.060531
0.069014 -0.036482 0.081369
0.068556 -0.038794 0.086204
0.064045 -0.036859 0.087235
0.079411 -0.023878 0.076533
0.082722 -0.025702 0.075464
0.085082 -0.027950 0.072296
0.086350 -0.029589 0.068816
0.088838 -0.031325 0.066580
0.091857 -0.032559 0.066284
0.095444 -0.033446 0.066197
0.100712 -0.033158 0.067510
0.104745 -0.032926 0.069291
0.109101 -0.032448 0.067332
0.114354 -0.031102 0.064440
0.078794 -0.024613 0.084289
0.083420 -0.027075 0.083496
0.086132 -0.028549 0.080649
0.089137 -0.030673 0.077696
0.090779 -0.032486 0.074555
0.092779 -0.034742 0.071265
0.095849 -0.036504 0.070105
0.099667 -0.036384 0.068380
0.103818 -0.036023 0.068789
0.107561 -0.035181 0.070270
0.111047 -0.035629 0.069813
0.115443 -0.034818 0.066602
0.083332 -0.026818 0.092960
0.086221 -0.028008 0.092541
0.089337 -0.030217 0.088587
0.092094 -0.032134 0.084948
0.094753 -0.034740 0.080270
0.096577 -0.036944 0.077243
0.098309 -0.038397 0.073239
0.101110 -0.039498 0.071496
0.105414 -0.039376 0.071209
0.110197 -0.039250 0.071410
0.113078 -0.038102 0.071537
0.116976 -0.038326 0.068786
0.082585 -0.025273 0.099037
0.086515 -0.027757 0.097813
0.090708 -0.028951 0.095400
0.094125 -0.031558 0.092045
0.097568 -0.034965 0.087703
0.099443 -0.037861 0.082393
0.101037 -0.039868 0.079183
0.103554 -0.040486 0.076959
0.107023 -0.041231 0.075280
0.111304 -0.041791 0.074096
0.114469 -0.041430 0.072913
0.117940 -0.040357 0.071850
0.080444 -0.025113 0.103730
0.085124 -0.028089 0.101821
0.089624 -0.029507 0.099146
0.093755 -0.030518 0.095554
0.098733 -0.034508 0.091885
0.100060 -0.039059 0.086797
0.102229 -0.040454 0.084020
0.105315 -0.040927 0.081670
0.108589 -0.041847 0.079228
0.112265 -0.042790 0.077487
0.115538 -0.043282 0.075733
0.120021 -0.041408 0.073032
0.078082 -0.028624 0.116300
0.083521 -0.030473 0.115485
0.088054 -0.031256 0.114388
0.091012 -0.031167 0.108975
0.095408 -0.032126 0.106131
0.103061 -0.037891 0.102114
0.106162 -0.040022 0.099214
0.108968 -0.041699 0.095302
0.112084 -0.042652 0.091883
0.115324 -0.044123 0.088312
0.119145 -0.044778 0.084604
0.123490 -0.045781 0.081190
0.081527 -0.033447 0.120112
0.105627 -0.045641 0.123949
0.109271 -0.047177 0.121855
0.113906 -0.047473 0.119769
0.117855 -0.048564 0.117264
0.106931 -0.049413 0.132874
0.113221 -0.052036 0.129786
0.113138 -0.045837 0.151061
0.115542 -0.047011 0.149315
0.117276 -0.048797 0.146987
0.119208 -0.050993 0.144304
0.119541 -0.060605 0.182571
0.124417 -0.062126 0.181986
0.101958 -0.051329 0.184204
0.110922 -0.056245 0.183521
0.121810 -0.062675 0.197962
0.126861 -0.064705 0.198220
0.102733 -0.053638 0.198004
0.112367 -0.057949 0.197868
0.056107 -0.029154 0.096356
0.057875 -0.028903 0.098104
0.059016 -0.032693 0.100598
0.059128 -0.029699 0.099126
0.058144 -0.033007 0.099950
0.056696 -0.030872 0.097207
0.062960 -0.038926 0.108413
0.062198 -0.039872 0.108070
0.071325 -0.052829 0.127921
0.070634 -0.054147 0.127836
0.056561 -0.034885 0.125420
0.057262 -0.034679 0.126051
0.070698 -0.052278 0.119971
0.069829 -0.049320 0.111876
0.076152 -0.055362 0.117458
0.074909 -0.052269 0.109861
0.081892 -0.058027 0.114742
0.080698 -0.054821 0.107297
0.086468 -0.060413 0.112134
0.085453 -0.057145 0.104599
0.090787 -0.063200 0.109482
0.089959 -0.060293 0.101560
0.095196 -0.065650 0.106986
0.094490 -0.062631 0.098813
0.100951 -0.067812 0.103806
0.100095 -0.064169 0.095543
0.107924 -0.069515 0.100144
0.106418 -0.065993 0.091455
0.116085 -0.071783 0.094987
0.113828 -0.067824 0.086564
0.123501 -0.071202 0.091297
0.120508 -0.068269 0.082391
0.129253 -0.070219 0.088609
0.125973 -0.067189 0.079818
0.071222 -0.050976 0.119854
0.076882 -0.053658 0.117893
0.075601 -0.051059 0.110136
0.082758 -0.056480 0.115048
0.081064 -0.053786 0.107708
0.087306 -0.058697 0.112661
0.086144 -0.055571 0.105308
0.092059 -0.061238 0.109866
0.090958 -0.058219 0.102352
0.096726 -0.063151 0.107338
0.095605 -0.060442 0.099383
0.102256 -0.064402 0.104496
0.100937 -0.061621 0.096092
0.108652 -0.065803 0.101198
0.106758 -0.063013 0.092419
0.116490 -0.066077 0.097192
0.113872 -0.063351 0.088187
0.122994 -0.065555 0.093168
0.120502 -0.061538 0.084421
0.129013 -0.063876 0.090241
0.125949 -0.061226 0.081723
0.084307 -0.038296 0.127052
0.088815 -0.038636 0.124987
0.088951 -0.033332 0.120318
0.093565 -0.039225 0.121703
0.091912 -0.033739 0.115395
0.098621 -0.040247 0.119476
0.095778 -0.033078 0.112599
0.104656 -0.041738 0.116509
0.103036 -0.038366 0.109391
0.107926 -0.044102 0.113186
0.106794 -0.041766 0.106031
0.111692 -0.044860 0.110457
0.110210 -0.042953 0.102487
0.115426 -0.045929 0.107364
0.113662 -0.044090 0.098895
0.119528 -0.046119 0.104572
0.117264 -0.045002 0.095498
0.124352 -0.046982 0.100996
0.121500 -0.045893 0.091758
0.129157 -0.046979 0.097283
0.125791 -0.046027 0.086921
0.067991 -0.047859 0.112897
0.067802 -0.049967 0.120715
0.064761 -0.045210 0.113816
0.065238 -0.047299 0.121933
0.062313 -0.041648 0.115364
0.068476 -0.046975 0.113273
0.068575 -0.049216 0.121091
0.065449 -0.044691 0.114444
0.065560 -0.046601 0.122580
0.062503 -0.040887 0.116208
0.021799 0.000000 0.138788
0.042444 -0.014402 0.117023
0.043308 -0.013826 0.117541
0.037907 -0.006683 0.118016
0.040157 -0.010333 0.117799
0.039825 -0.006655 0.117970
0.041097 -0.010512 0.118268
0.037324 -0.006176 0.122721
0.040673 -0.010058 0.122364
0.038674 -0.006063 0.123598
0.041024 -0.010210 0.122693
0.034413 -0.005329 0.125017
0.031006 -0.004830 0.126986
0.034870 -0.004969 0.126748
0.031837 -0.004831 0.128822
0.033118 -0.002971 0.124108
0.029974 -0.002665 0.126065
0.033706 -0.003009 0.125679
0.030638 -0.002734 0.127583
0.032755 -0.001369 0.123633
0.029583 -0.001256 0.125517
0.033211 -0.001352 0.125191
0.030183 -0.001245 0.127042
0.046335 -0.009967 0.157887
0.050091 -0.011149 0.157160
0.047652 -0.009208 0.157757
0.051500 -0.010680 0.157279
0.048014 -0.011837 0.153829
0.049005 -0.011223 0.153895
0.044904 -0.011968 0.150548
0.046001 -0.011338 0.150551
0.042117 -0.011993 0.147782
0.043082 -0.011163 0.147701
0.039653 -0.012558 0.146079
0.040505 -0.011731 0.145981
0.029145 -0.013172 0.141230
0.031023 -0.012199 0.141495
0.025120 -0.011323 0.135340
0.027516 -0.010738 0.135950
0.027588 -0.010620 0.131761
0.030382 -0.012950 0.133174
0.030298 -0.009737 0.133621
0.032450 -0.012343 0.134728
0.030859 -0.009934 0.130308
0.033367 -0.011990 0.132091
0.032164 -0.009111 0.132218
0.034334 -0.011600 0.133452
0.026616 -0.011944 0.138080
0.025518 -0.010971 0.133469
0.028784 -0.011400 0.138616
0.028005 -0.010320 0.134589
0.032525 -0.015574 0.139737
0.029896 -0.014860 0.137475
0.028655 -0.013851 0.135371
0.028986 -0.013143 0.134408
0.034043 -0.014657 0.139969
0.031580 -0.014202 0.138092
0.030540 -0.013256 0.136261
0.030821 -0.012844 0.135415
0.040283 -0.014873 0.142040
0.041372 -0.013569 0.141631
0.049252 -0.017500 0.143967
0.052529 -0.013205 0.148227
0.036367 -0.017464 0.137498
0.037478 -0.016604 0.137503
0.039955 -0.017722 0.138759
0.040865 -0.016457 0.138320
0.034269 -0.017184 0.136157
0.035628 -0.016089 0.136492
0.044116 -0.016276 0.138947
0.045042 -0.014851 0.138458
0.046843 -0.016850 0.141010
0.047734 -0.015789 0.140809
0.046942 -0.017924 0.136943
0.048076 -0.016297 0.136544
0.040010 -0.019339 0.133928
0.041650 -0.017368 0.133897
0.051303 -0.019952 0.142098
0.054986 -0.016360 0.143989
0.043287 -0.018804 0.125816
0.043381 -0.017824 0.126530
0.044546 -0.018317 0.124172
0.044945 -0.017687 0.124917
0.043975 -0.019995 0.130652
0.047268 -0.019325 0.132590
0.045042 -0.018484 0.130803
0.047989 -0.018110 0.132572
0.045588 -0.016894 0.120484
0.045911 -0.016740 0.120905
0.041835 -0.013451 0.123079
0.042366 -0.013606 0.123261
0.047004 -0.022609 0.115112
0.048038 -0.022760 0.115833
0.048698 -0.026779 0.113065
0.049912 -0.026659 0.113475
0.046931 -0.018780 0.120235
0.047385 -0.018755 0.120456
0.045000 -0.017623 0.122362
0.045524 -0.017020 0.122910
0.042931 -0.015490 0.122535
0.043183 -0.014709 0.123157
0.058248 -0.033447 0.106641
0.050113 -0.020493 0.122888
0.050594 -0.020280 0.123353
0.050507 -0.019932 0.125882
0.050975 -0.019046 0.126451
0.048107 -0.020236 0.128258
0.048314 -0.019203 0.128752
0.050635 -0.019688 0.130182
0.051111 -0.018486 0.130321
0.052111 -0.019774 0.131690
0.052696 -0.018489 0.131719
0.052412 -0.019736 0.128403
0.052745 -0.018624 0.128737
0.051228 -0.023529 0.122095
0.051980 -0.022802 0.122986
0.055267 -0.032796 0.117343
0.055850 -0.032741 0.118301
0.059133 -0.039194 0.120825
0.059569 -0.038773 0.121072
0.055924 -0.034542 0.121470
0.056579 -0.034346 0.122106
0.053616 -0.029257 0.123348
0.054066 -0.029042 0.123693
0.063023 -0.044406 0.121026
0.063356 -0.043678 0.121805
0.053462 -0.023238 0.129538
0.052657 -0.023704 0.125703
0.053687 -0.022658 0.129518
0.053393 -0.023011 0.126179
0.054294 -0.024638 0.138406
0.054706 -0.024304 0.138270
0.051721 -0.020691 0.138005
0.053723 -0.018628 0.138366
0.052699 -0.022118 0.140306
0.053038 -0.021922 0.140003
0.058078 -0.021249 0.150013
0.058194 -0.023915 0.147972
0.055938 -0.019367 0.148460
0.055671 -0.022582 0.146306
0.052738 -0.017797 0.147195
0.053242 -0.021146 0.144525
0.058404 -0.025929 0.146780
0.058962 -0.027989 0.145625
0.056058 -0.024716 0.144699
0.056837 -0.026950 0.143101
0.054081 -0.023417 0.142589
0.055405 -0.025766 0.140811
0.055793 -0.028448 0.136556
0.055489 -0.028189 0.133947
0.058052 -0.034558 0.135392
0.057628 -0.034630 0.132548
0.059394 -0.039088 0.136539
0.059830 -0.039968 0.133296
0.062755 -0.044452 0.138006
0.063115 -0.045383 0.135008
0.065780 -0.048403 0.140246
0.066295 -0.049703 0.137367
0.069209 -0.051620 0.142857
0.070124 -0.053312 0.140417
0.058652 -0.020665 0.150662
0.058764 -0.023539 0.148472
0.057538 -0.018007 0.149460
0.056040 -0.022156 0.146608
0.056750 -0.014572 0.149558
0.056834 -0.017197 0.146658
0.059057 -0.025659 0.147217
0.059644 -0.027694 0.146107
0.056307 -0.024426 0.144948
0.057259 -0.026733 0.143484
0.054366 -0.023038 0.142556
0.055846 -0.025410 0.140929
0.056317 -0.028123 0.136933
0.055799 -0.027935 0.134230
0.058689 -0.033924 0.135716
0.058218 -0.034075 0.132806
0.060345 -0.038672 0.136625
0.060605 -0.039075 0.133634
0.063382 -0.043591 0.138430
0.063825 -0.044331 0.135587
0.066570 -0.047346 0.140677
0.067056 -0.048482 0.137901
0.070074 -0.050629 0.142994
0.070875 -0.052171 0.140670
0.052354 -0.017551 0.135064
0.051105 -0.018901 0.135079
0.047034 -0.018573 0.125293
0.043142 -0.015865 0.124857
0.046586 -0.019544 0.124484
0.042597 -0.016160 0.124269
0.050386 -0.027785 0.107410
0.054625 -0.030819 0.113733
0.051093 -0.027509 0.107821
0.053401 -0.030788 0.113733
0.055120 -0.031345 0.108872
0.052959 -0.028947 0.111159
0.053899 -0.032063 0.108063
0.051106 -0.029598 0.110543
0.063549 -0.038789 0.092531
0.064597 -0.039452 0.099810
0.067964 -0.041498 0.091054
0.068512 -0.043147 0.097718
0.074104 -0.044306 0.089433
0.074857 -0.045968 0.095921
0.079480 -0.047215 0.087478
0.080557 -0.049090 0.093863
0.084284 -0.049561 0.085333
0.084800 -0.051946 0.091503
0.088784 -0.052764 0.083027
0.089301 -0.054927 0.088551
0.093444 -0.054577 0.081099
0.093875 -0.056907 0.086155
0.098437 -0.055685 0.078826
0.098852 -0.058661 0.083385
0.103549 -0.057122 0.075810
0.104191 -0.060029 0.080033
0.110020 -0.057112 0.073018
0.111466 -0.059573 0.076417
0.115803 -0.056489 0.069732
0.117341 -0.059389 0.073188
0.120666 -0.057882 0.066085
0.122209 -0.060212 0.069758
0.064109 -0.038341 0.093099
0.064715 -0.039419 0.099734
0.068764 -0.040943 0.091279
0.069506 -0.042694 0.098130
0.074531 -0.043727 0.090019
0.075516 -0.045582 0.096686
0.080304 -0.046677 0.087734
0.080788 -0.048692 0.093922
0.085369 -0.048993 0.085523
0.085489 -0.051189 0.091723
0.090236 -0.051135 0.083719
0.090320 -0.053387 0.089289
0.094453 -0.051954 0.082204
0.094702 -0.054673 0.087008
0.099435 -0.052573 0.080021
0.099816 -0.055585 0.084342
0.104338 -0.053420 0.077528
0.104920 -0.056516 0.081494
0.110596 -0.053612 0.074369
0.111743 -0.056309 0.078154
0.116204 -0.053863 0.070676
0.117872 -0.055683 0.074466
0.121090 -0.053866 0.067537
0.122703 -0.054760 0.071701
0.077013 -0.027130 0.106950
0.076445 -0.028169 0.110557
0.081094 -0.029164 0.105691
0.083298 -0.028943 0.110970
0.088533 -0.030398 0.102526
0.087199 -0.029568 0.109479
0.093357 -0.030617 0.099076
0.091524 -0.030617 0.104141
0.098244 -0.034421 0.095174
0.097908 -0.034637 0.099789
0.101380 -0.038567 0.091277
0.102495 -0.038000 0.096355
0.103564 -0.040459 0.088394
0.105335 -0.039708 0.093479
0.106136 -0.041802 0.085391
0.107583 -0.041604 0.090020
0.109694 -0.042354 0.082700
0.110861 -0.042120 0.086941
0.113046 -0.043116 0.079748
0.113968 -0.043801 0.083590
0.116549 -0.044013 0.078391
0.117681 -0.044315 0.080698
0.121551 -0.042864 0.073313
0.122039 -0.045468 0.077184
0.062924 -0.037726 0.101707
0.062268 -0.038493 0.101110
0.060842 -0.035368 0.104671
0.057109 -0.033924 0.105960
0.060149 -0.035631 0.103721
0.078953 -0.056490 0.143864
0.074476 -0.056175 0.136112
0.077713 -0.058647 0.143485
0.073730 -0.057411 0.135911
0.083527 -0.061208 0.149351
0.086166 -0.061643 0.158048
0.087753 -0.063433 0.148707
0.090198 -0.064528 0.157451
0.091975 -0.066051 0.147945
0.094580 -0.067235 0.156562
0.096461 -0.068221 0.147143
0.099326 -0.069430 0.155797
0.101212 -0.070025 0.146155
0.104210 -0.071323 0.154970
0.106175 -0.071930 0.144970
0.109192 -0.072941 0.154142
0.111521 -0.073876 0.143460
0.114609 -0.074421 0.153196
0.118783 -0.076077 0.141567
0.121504 -0.075964 0.151945
0.127104 -0.077328 0.140347
0.129621 -0.077170 0.150598
0.133788 -0.076214 0.137521
0.136439 -0.076436 0.148406
0.141369 -0.074327 0.136264
0.143803 -0.074979 0.147125
0.085291 -0.058097 0.150135
0.087784 -0.058832 0.158809
0.089494 -0.059890 0.149227
0.092012 -0.060763 0.157959
0.093631 -0.063284 0.148132
0.096371 -0.063925 0.156880
0.097623 -0.065473 0.147347
0.100433 -0.066002 0.156063
0.101900 -0.067615 0.146374
0.104938 -0.068206 0.155228
0.106436 -0.069600 0.145367
0.109433 -0.070261 0.154475
0.111582 -0.071382 0.143893
0.114542 -0.072804 0.153236
0.118789 -0.073942 0.142070
0.121459 -0.074761 0.151939
0.127086 -0.074906 0.142098
0.128714 -0.075610 0.149984
0.133192 -0.074266 0.138579
0.135862 -0.074274 0.149236
0.141256 -0.071533 0.137603
0.143721 -0.072303 0.148206
0.089867 -0.053182 0.152731
0.090894 -0.053014 0.160798
0.093662 -0.053965 0.152216
0.096162 -0.054093 0.160652
0.109926 -0.045819 0.157231
0.109196 -0.048353 0.164024
0.115117 -0.046406 0.157331
0.113788 -0.049719 0.163556
0.117327 -0.047505 0.156235
0.116439 -0.050871 0.162698
0.118875 -0.048880 0.154504
0.118757 -0.052354 0.161478
0.120632 -0.051348 0.152594
0.121416 -0.054356 0.159846
0.124590 -0.052991 0.150767
0.125877 -0.056276 0.158576
0.129299 -0.054656 0.148422
0.131117 -0.057138 0.156998
0.134336 -0.056394 0.145859
0.136396 -0.057997 0.155379
0.139869 -0.057420 0.143102
0.142269 -0.058856 0.153280
0.081495 -0.059211 0.150393
0.082537 -0.057045 0.151022
0.084252 -0.059681 0.158652
0.085415 -0.057901 0.158963
0.068711 -0.051887 0.172597
0.073994 -0.055071 0.172806
0.069703 -0.050711 0.173015
0.074785 -0.053661 0.172711
0.077998 -0.055004 0.170031
0.077413 -0.056352 0.170122
0.081187 -0.056561 0.166501
0.080459 -0.057834 0.166423
0.087046 -0.062743 0.166671
0.088172 -0.062724 0.174744
0.091250 -0.065246 0.165816
0.092460 -0.065039 0.173931
0.096407 -0.067725 0.164646
0.097925 -0.067817 0.172770
0.101727 -0.070212 0.163804
0.103522 -0.070632 0.171982
0.106946 -0.072044 0.163149
0.109059 -0.072368 0.171463
0.111780 -0.073422 0.162694
0.114013 -0.073369 0.171158
0.117296 -0.074572 0.162102
0.119672 -0.074249 0.170755
0.123837 -0.075441 0.161264
0.125921 -0.074861 0.170195
0.132488 -0.075972 0.158810
0.133629 -0.076233 0.169070
0.138933 -0.077643 0.157822
0.141138 -0.078567 0.167742
0.145922 -0.075689 0.157000
0.148180 -0.077484 0.166895
0.088343 -0.059650 0.167140
0.089251 -0.059440 0.175092
0.092974 -0.061520 0.166380
0.093920 -0.061783 0.174578
0.097964 -0.064294 0.165166
0.099097 -0.064754 0.173406
0.102360 -0.066711 0.164657
0.103964 -0.067334 0.173134
0.107449 -0.068509 0.164032
0.109464 -0.069086 0.172614
0.112017 -0.070519 0.163439
0.114334 -0.070908 0.172041
0.117291 -0.072751 0.162677
0.119737 -0.072198 0.171640
0.123830 -0.073706 0.161876
0.126074 -0.073256 0.171004
0.131391 -0.075007 0.160264
0.133302 -0.074170 0.170141
0.138427 -0.074876 0.158831
0.140778 -0.076314 0.168708
0.145894 -0.073158 0.157929
0.148116 -0.075087 0.167657
0.096480 -0.045061 0.172253
0.095840 -0.047957 0.177838
0.102298 -0.046189 0.172483
0.101337 -0.050079 0.177934
0.107736 -0.050043 0.170828
0.106377 -0.053209 0.177124
0.111025 -0.052919 0.169565
0.110335 -0.055200 0.176606
0.113899 -0.055126 0.168652
0.113870 -0.057444 0.175897
0.117369 -0.057044 0.167694
0.117916 -0.059658 0.174997
0.121743 -0.058226 0.166724
0.122636 -0.061120 0.174106
0.126640 -0.059696 0.165679
0.127849 -0.061954 0.173523
0.132222 -0.060448 0.164478
0.133516 -0.063024 0.172536
0.137973 -0.060560 0.163155
0.139628 -0.062982 0.171658
0.144035 -0.060959 0.161419
0.146169 -0.063101 0.170388
0.083621 -0.060018 0.167384
0.084538 -0.058176 0.167475
0.070752 -0.045772 0.162626
0.072285 -0.048196 0.164973
0.070224 -0.046932 0.162738
0.071468 -0.049502 0.164911
0.073219 -0.050535 0.166057
0.072510 -0.051685 0.166000
0.074515 -0.052535 0.167132
0.073587 -0.053771 0.166884
0.075676 -0.053924 0.168362
0.074955 -0.055282 0.168074
0.049182 -0.009189 0.160616
0.054423 -0.010623 0.161145
0.050692 -0.008834 0.160907
0.056480 -0.010497 0.161893
0.050268 -0.008358 0.176258
0.051545 -0.007969 0.176077
0.064021 -0.017081 0.164270
0.063668 -0.016699 0.162900
0.062490 -0.015576 0.165823
0.061747 -0.014178 0.164204
0.058356 -0.012532 0.166969
0.056109 -0.010912 0.163694
0.053934 -0.010539 0.167891
0.050259 -0.009390 0.163065
0.064545 -0.016465 0.164045
0.064299 -0.015984 0.162618
0.063339 -0.014957 0.165725
0.062834 -0.013757 0.164193
0.059525 -0.012433 0.166889
0.057862 -0.010744 0.164040
0.055313 -0.010240 0.167816
0.051953 -0.009131 0.163410
0.079635 -0.032050 0.120524
0.073921 -0.023067 0.103168
0.064947 -0.021786 0.103692
0.067296 -0.023552 0.103670
0.066691 -0.023310 0.104811
0.072323 -0.025733 0.108083
0.068190 -0.025232 0.108957
0.064910 -0.024451 0.110084
0.067519 -0.023662 0.114078
0.065707 -0.022736 0.114779
0.072645 -0.027392 0.111460
0.071457 -0.025620 0.114355
0.069666 -0.024347 0.115946
0.068495 -0.023705 0.116597
0.066874 -0.022936 0.116852
0.063434 -0.020736 0.117500
0.059270 -0.017884 0.117898
0.057558 -0.014452 0.118190
0.055000 -0.010692 0.118024
0.054298 -0.007576 0.117880
0.053512 -0.004939 0.117378
0.053072 -0.003314 0.117070
0.053034 -0.001491 0.116960
0.073777 -0.026603 0.118072
0.071303 -0.025675 0.119286
0.070640 -0.024631 0.120196
0.068899 -0.023323 0.120772
0.064179 -0.021335 0.121888
0.060499 -0.018852 0.122325
0.058379 -0.014911 0.121756
0.077217 -0.028911 0.121938
0.080500 -0.034621 0.126941
0.079905 -0.042373 0.131460
0.079670 -0.049216 0.137739
0.086472 -0.049302 0.147687
0.087246 -0.052121 0.153371
0.089266 -0.052645 0.161356
0.074713 -0.025780 0.123330
0.077264 -0.031204 0.128080
0.077439 -0.038862 0.133050
0.076044 -0.029035 0.127631
0.075442 -0.031806 0.131731
0.073247 -0.024619 0.123333
0.073555 -0.024862 0.127314
0.074061 -0.025973 0.131337
0.070726 -0.022829 0.124237
0.071296 -0.023528 0.127351
0.072081 -0.023573 0.131009
0.066854 -0.021205 0.125078
0.067575 -0.021412 0.127614
0.067710 -0.021315 0.130484
0.061172 -0.017933 0.125460
0.062465 -0.017465 0.128010
0.062795 -0.016253 0.131638
0.053155 0.000000 0.197122
0.051736 0.000000 0.197676
0.050401 0.000000 0.187815
0.048598 0.000000 0.188168
0.049896 0.000000 0.181354
0.047639 0.000000 0.181661
0.050747 0.000000 0.178314
0.048398 0.000000 0.178774
0.051070 -0.000000 0.175479
0.049416 -0.000000 0.175555
0.058648 -0.000000 0.198088
0.057236 -0.000000 0.190600
0.056205 -0.000000 0.185014
0.057019 -0.000000 0.182647
0.057952 -0.000000 0.180302
0.032608 0.000001 0.123237
0.029488 0.000001 0.125165
0.033058 0.000001 0.124783
0.029788 0.000001 0.126743
0.057838 -0.007921 0.180084
0.052772 -0.000001 0.116892
0.050771 0.000015 0.081840
0.049539 0.000016 0.085223
0.047760 0.000018 0.080787
0.043929 0.000019 0.084733
0.052014 0.000016 0.077977
0.050063 0.000019 0.076760
0.052252 0.000020 0.073924
0.049814 0.000021 0.073270
0.051252 0.000021 0.069394
0.047922 0.000022 0.068245
0.050242 0.000022 0.065904
0.047546 0.000023 0.065524
0.050407 0.000022 0.063914
0.047502 0.000024 0.063236
0.051224 0.000021 0.062316
0.048855 0.000024 0.060297
0.104485 0.000019 0.032512
0.102249 0.000019 0.030476
0.090658 0.000021 0.036353
0.088864 0.000021 0.034066
0.087035 0.000015 0.037318
0.085845 0.000022 0.034801
0.082038 0.000022 0.038506
0.080735 0.000022 0.036005
0.075968 0.000023 0.041507
0.075122 0.000023 0.039358
0.071328 0.000023 0.045346
0.069666 0.000024 0.043408
0.067104 0.000022 0.047983
0.065107 0.000024 0.046487
0.061975 0.000022 0.050903
0.059628 0.000025 0.048431
0.059034 0.000022 0.052904
0.056365 0.000025 0.049926
0.056883 0.000021 0.055629
0.053671 0.000025 0.052363
0.054399 0.000021 0.058779
0.051134 0.000025 0.055925
0.056759 0.000014 0.084892
0.056102 0.000014 0.086696
0.055012 0.000015 0.083812
0.053369 0.000012 0.086271
0.058948 0.000015 0.081268
0.060618 0.000015 0.078620
0.061327 0.000015 0.074304
0.061286 0.000016 0.069883
0.061079 0.000017 0.067651
0.061005 0.000017 0.064797
0.061264 0.000018 0.062038
0.061803 0.000018 0.060076
0.063878 0.000019 0.058207
0.066497 0.000020 0.055587
0.072566 0.000019 0.056269
0.082825 0.000018 0.057062
0.086460 0.000019 0.056898
0.090540 0.000018 0.056244
0.094741 0.000018 0.055787
0.101314 0.000017 0.054617
0.111018 0.000018 0.036111
0.114035 -0.042494 0.040095
0.117157 -0.046794 0.043140
0.116342 -0.041333 0.040560
0.119475 -0.045248 0.043455
0.121697 -0.038385 0.044196
0.123154 -0.042027 0.045334
0.123549 -0.053495 0.050241
0.125271 -0.052068 0.049977
0.127979 -0.048154 0.050685
0.091774 0.000021 0.033174
0.097154 0.000020 0.031799
0.092226 -0.002798 0.032890
0.097375 -0.002800 0.031658
0.092675 -0.006423 0.033642
0.097825 -0.006381 0.033008
0.094001 -0.010917 0.034310
0.098582 -0.010477 0.032999
0.095383 -0.016544 0.034149
0.098006 -0.015520 0.032683
0.098130 -0.024117 0.035957
0.100618 -0.023126 0.033423
0.101225 -0.030366 0.038651
0.104137 -0.031026 0.035608
0.106909 -0.038066 0.043088
0.109255 -0.037487 0.040651
0.110722 -0.042026 0.047162
0.112694 -0.042055 0.044203
0.113624 -0.046150 0.050355
0.115606 -0.046339 0.047220
0.116000 -0.050319 0.053288
0.118116 -0.050604 0.050180
0.118563 -0.053581 0.056447
0.121127 -0.053339 0.053738
0.121524 -0.055963 0.060031
0.124143 -0.056202 0.057166
0.094588 0.000020 0.035348
0.097792 0.000020 0.033971
0.094608 -0.002654 0.035166
0.097930 -0.002794 0.034071
0.095598 -0.006742 0.035837
0.098244 -0.006426 0.034673
0.096437 -0.011072 0.036183
0.099090 -0.010243 0.034458
0.098963 -0.015895 0.038163
0.101013 -0.016124 0.034518
0.102160 -0.021226 0.040515
0.103196 -0.022225 0.035925
0.106208 -0.029357 0.043494
0.107053 -0.029578 0.038942
0.110374 -0.035161 0.047283
0.112159 -0.035699 0.043308
0.113108 -0.039849 0.050137
0.114956 -0.040531 0.046183
0.115286 -0.043977 0.052570
0.117453 -0.044672 0.048766
0.117431 -0.047938 0.055225
0.119771 -0.048685 0.051524
0.119743 -0.051072 0.058170
0.122281 -0.051829 0.054714
0.122067 -0.053438 0.061200
0.125004 -0.054199 0.057830
0.104821 0.000017 0.045989
0.107724 0.000018 0.039282
0.104602 -0.002298 0.045951
0.107507 -0.002674 0.039318
0.105953 -0.005525 0.046873
0.107981 -0.005987 0.039716
0.107079 -0.008981 0.048161
0.108743 -0.009743 0.040398
0.109049 -0.012817 0.049764
0.110137 -0.013744 0.041528
0.111322 -0.017668 0.051437
0.112789 -0.019212 0.043635
0.113851 -0.022473 0.053837
0.115209 -0.025097 0.045565
0.116480 -0.028261 0.056276
0.117853 -0.030828 0.048259
0.117874 -0.032290 0.057976
0.119400 -0.035641 0.049969
0.119229 -0.035648 0.060251
0.121214 -0.039158 0.052243
0.120408 -0.038871 0.062262
0.122879 -0.042770 0.054335
0.122053 -0.040734 0.065604
0.124878 -0.045016 0.057469
0.123742 -0.042341 0.068423
0.126864 -0.046504 0.061043
0.116532 0.000017 0.032761
0.117541 -0.003017 0.032868
0.113963 -0.003221 0.029998
0.113501 0.000018 0.029826
0.117572 -0.006120 0.033296
0.114239 -0.006413 0.030226
0.117620 -0.010079 0.033790
0.114679 -0.009994 0.030678
0.117667 -0.014072 0.033855
0.115475 -0.014406 0.030555
0.117743 -0.018932 0.034407
0.113591 -0.020703 0.031859
0.117851 -0.025394 0.035726
0.114204 -0.027019 0.032554
0.120654 -0.034037 0.035140
0.118129 -0.034343 0.032083
0.122572 -0.040263 0.036355
0.118618 -0.042233 0.034554
0.124950 -0.044313 0.037012
0.121420 -0.046780 0.036594
0.128577 -0.047695 0.040441
0.125081 -0.050510 0.040209
0.131419 -0.050382 0.044035
0.128795 -0.052934 0.043776
0.133693 -0.053824 0.047688
0.131680 -0.056537 0.047873
0.111515 -0.002823 0.027936
0.110538 0.000018 0.027973
0.111919 -0.006480 0.028619
0.111763 -0.010320 0.029464
0.113603 -0.014778 0.029145
0.112772 -0.020944 0.030464
0.112856 -0.027833 0.031128
0.117127 -0.034831 0.030923
0.117251 -0.043500 0.033562
0.119375 -0.048131 0.036620
0.123056 -0.052026 0.040214
0.127322 -0.054424 0.043960
0.130646 -0.057591 0.048163
0.124437 -0.055502 0.064380
0.123816 -0.058241 0.063632
0.127740 -0.056100 0.061322
0.127063 -0.057965 0.061038
0.131026 -0.056916 0.057759
0.130172 -0.058263 0.058165
0.134482 -0.059487 0.052326
0.133724 -0.060502 0.052776
0.124963 -0.043327 0.071299
0.128637 -0.047788 0.063714
0.132275 -0.052113 0.057837
0.135861 -0.055959 0.051862
0.126015 -0.057146 0.068607
0.125741 -0.060608 0.067573
0.129819 -0.058211 0.065129
0.129518 -0.060791 0.065006
0.133814 -0.059126 0.061593
0.132823 -0.061146 0.062331
0.137888 -0.061310 0.056965
0.137060 -0.062721 0.057516
0.126507 -0.043624 0.073176
0.130745 -0.047687 0.067716
0.134471 -0.052619 0.062388
0.138737 -0.057034 0.057028
0.127870 -0.058914 0.072906
0.127583 -0.062906 0.071940
0.132045 -0.059974 0.069830
0.131576 -0.063184 0.069336
0.136247 -0.060820 0.066568
0.135416 -0.063342 0.066793
0.140899 -0.062414 0.062361
0.140154 -0.064378 0.062844
0.128580 -0.044268 0.074445
0.132507 -0.047173 0.072080
0.136813 -0.051171 0.067471
0.141313 -0.056277 0.062962
0.130522 -0.061471 0.079561
0.130419 -0.066142 0.078081
0.135121 -0.061456 0.077329
0.135022 -0.065416 0.076453
0.139687 -0.061896 0.075172
0.139785 -0.065014 0.074279
0.145422 -0.063252 0.072370
0.144891 -0.065530 0.071834
0.130506 -0.047278 0.084147
0.134820 -0.047750 0.080601
0.138879 -0.049785 0.078733
0.145300 -0.053711 0.074402
0.133774 -0.063021 0.088000
0.134035 -0.068583 0.086873
0.133580 -0.047588 0.093179
0.137792 -0.049100 0.102954
0.137683 -0.064272 0.098600
0.137902 -0.069352 0.097487
0.141552 -0.065909 0.113640
0.141717 -0.070969 0.113058
0.142202 -0.052478 0.116982
0.144556 -0.067875 0.126814
0.144796 -0.070771 0.125494
0.146318 -0.055033 0.129866
0.138753 -0.061989 0.085810
0.138946 -0.066983 0.085078
0.138101 -0.047710 0.089694
0.141792 -0.048774 0.099517
0.142763 -0.063453 0.095804
0.142844 -0.068627 0.095293
0.147190 -0.065037 0.111770
0.148193 -0.070118 0.109745
0.146881 -0.052272 0.115240
0.150310 -0.067313 0.125096
0.150060 -0.070854 0.124214
0.150327 -0.054298 0.128951
0.143664 -0.063046 0.083359
0.144000 -0.066944 0.082686
0.142171 -0.048281 0.087682
0.147490 -0.064503 0.093038
0.147990 -0.068919 0.092826
0.144478 -0.049466 0.096481
0.152203 -0.066724 0.109810
0.152171 -0.070852 0.109002
0.151362 -0.051822 0.111913
0.155556 -0.067849 0.123330
0.155356 -0.072453 0.122672
0.155634 -0.053669 0.126825
0.149130 -0.064660 0.080721
0.149046 -0.066776 0.080185
0.147356 -0.052060 0.083816
0.152974 -0.065773 0.090173
0.153230 -0.068890 0.090444
0.150672 -0.050685 0.093086
0.157775 -0.067977 0.107769
0.157469 -0.071374 0.107189
0.155948 -0.052846 0.109049
0.160933 -0.068924 0.121541
0.161040 -0.072975 0.121140
0.160415 -0.053929 0.124823
0.146776 -0.066250 0.138020
0.147041 -0.069024 0.137051
0.146816 -0.056372 0.141319
0.152784 -0.068458 0.136585
0.151839 -0.072118 0.135198
0.153383 -0.055791 0.140082
0.158672 -0.071087 0.135127
0.158276 -0.074562 0.134182
0.158501 -0.055363 0.138977
0.164203 -0.070872 0.133853
0.164155 -0.074944 0.132893
0.164262 -0.055131 0.137792
0.149393 -0.066944 0.148262
0.148666 -0.071439 0.148120
0.149228 -0.058024 0.151546
0.155358 -0.070292 0.147675
0.155283 -0.075097 0.146224
0.156302 -0.057359 0.151378
0.161398 -0.074947 0.146461
0.161089 -0.077592 0.145144
0.161777 -0.056828 0.151224
0.167014 -0.071899 0.145858
0.166998 -0.075965 0.144486
0.166945 -0.056379 0.150840
0.152093 -0.068234 0.158716
0.152121 -0.071497 0.158087
0.152005 -0.059210 0.161592
0.157421 -0.073079 0.157770
0.156800 -0.077963 0.156487
0.158991 -0.058520 0.161616
0.163302 -0.076184 0.156947
0.162887 -0.079235 0.155865
0.164465 -0.057833 0.161810
0.169404 -0.073040 0.156580
0.169386 -0.077585 0.155283
0.169531 -0.057005 0.161876
0.154624 -0.069886 0.168607
0.154372 -0.072815 0.167990
0.154475 -0.062029 0.170744
0.159513 -0.072200 0.167682
0.159260 -0.075367 0.167008
0.160953 -0.062580 0.171119
0.165452 -0.075329 0.166741
0.165109 -0.079362 0.165514
0.167249 -0.063206 0.171014
0.171897 -0.074788 0.166880
0.171843 -0.078994 0.165843
0.172582 -0.062773 0.171484
0.155998 -0.073281 0.177803
0.155989 -0.075690 0.177188
0.156403 -0.064812 0.180507
0.160566 -0.075146 0.177012
0.160294 -0.077539 0.176355
0.162383 -0.065426 0.180641
0.167369 -0.076603 0.176610
0.168277 -0.080160 0.175174
0.169959 -0.065508 0.181180
0.174171 -0.076839 0.176945
0.174262 -0.082036 0.175633
0.174840 -0.065303 0.181063
0.159782 -0.073202 0.197971
0.160022 -0.074761 0.197693
0.159212 -0.065579 0.202316
0.164813 -0.073797 0.197928
0.165349 -0.077210 0.197789
0.164593 -0.065032 0.202659
0.170779 -0.077281 0.197299
0.170482 -0.082041 0.195733
0.171299 -0.065503 0.202279
0.176858 -0.079065 0.196568
0.176901 -0.084379 0.195060
0.176636 -0.064867 0.201738
0.057284 -0.009724 0.121618
0.055708 -0.006898 0.121887
0.055708 -0.004477 0.121497
0.054781 -0.002922 0.120831
0.054822 -0.001302 0.121172
0.054489 -0.000001 0.121426
0.058210 -0.012541 0.121789
0.060148 -0.015459 0.125661
0.058979 -0.014021 0.125637
0.058331 -0.012024 0.125090
0.057543 -0.011028 0.124735
0.055816 -0.009338 0.124394
0.062508 -0.025131 0.196584
0.061934 -0.028793 0.190036
0.064932 -0.030537 0.195861
0.067828 -0.034449 0.195305
0.069847 -0.038871 0.195148
0.066708 -0.039797 0.181577
0.067019 -0.040749 0.183228
0.068165 -0.041005 0.184816
0.070192 -0.041303 0.189139
0.068523 -0.043351 0.181289
0.073755 -0.045259 0.189369
0.071946 -0.045250 0.185147
0.069851 -0.044544 0.182799
0.071983 -0.046834 0.181010
0.071979 -0.042447 0.195344
0.075561 -0.044692 0.195591
0.079660 -0.046428 0.196020
0.083907 -0.047876 0.196599
0.088508 -0.048836 0.197099
0.093248 -0.049673 0.197472
0.077537 -0.047797 0.188771
0.081496 -0.048222 0.187377
0.085804 -0.047308 0.185892
0.090834 -0.047346 0.184570
0.075654 -0.048006 0.184463
0.080612 -0.048365 0.182209
0.084800 -0.047689 0.179928
0.089762 -0.047303 0.178099
0.073890 -0.047472 0.182449
0.079268 -0.048881 0.176725
0.080148 -0.048691 0.179515
0.075960 -0.047557 0.168426
0.075452 -0.047944 0.170529
0.076707 -0.047919 0.171348
0.079523 -0.047133 0.172055
0.088796 -0.049036 0.170236
0.082484 -0.048133 0.174202
0.084150 -0.048352 0.177109
0.084478 -0.049345 0.169213
0.086988 -0.050692 0.169452
0.084629 -0.051338 0.164189
0.086954 -0.052274 0.162450
0.082792 -0.052256 0.157675
0.084718 -0.052008 0.154907
0.080988 -0.049876 0.153137
0.083561 -0.048849 0.149904
0.076456 -0.046464 0.147731
0.076999 -0.047538 0.144285
0.065939 -0.020862 0.139854
0.066839 -0.020465 0.136965
0.069706 -0.025033 0.139416
0.070593 -0.024745 0.136771
0.071916 -0.031117 0.136847
0.071914 -0.038221 0.137610
0.072882 -0.044259 0.139938
0.072068 -0.030862 0.139244
0.072225 -0.037542 0.139660
0.073141 -0.042951 0.142520
0.050606 -0.006580 0.160309
0.054259 -0.008578 0.159326
0.059021 -0.010275 0.158992
0.061223 -0.011239 0.156371
0.058667 -0.008149 0.162595
0.062286 -0.010372 0.161180
0.059631 -0.007311 0.164837
0.062774 -0.008763 0.164611
0.067468 -0.010508 0.164098
0.067483 -0.010541 0.165348
0.067646 -0.010792 0.166594
0.067984 -0.011265 0.167933
0.064735 -0.009114 0.165408
0.064790 -0.008820 0.166666
0.065089 -0.009119 0.168006
0.065552 -0.009802 0.169657
0.062174 -0.007177 0.166180
0.061658 -0.006544 0.167946
0.061513 -0.006958 0.170062
0.062116 -0.008118 0.172690
0.059834 -0.006252 0.166709
0.059737 -0.006101 0.168717
0.059791 -0.006734 0.171026
0.060167 -0.007966 0.173616
0.061955 -0.027523 0.150147
0.062512 -0.025457 0.150740
0.062620 -0.023447 0.151414
0.063265 -0.021432 0.152358
0.061746 -0.028103 0.150071
0.061639 -0.026341 0.150693
0.061628 -0.024329 0.151496
0.061774 -0.022220 0.152623
0.070105 -0.015446 0.154218
0.070007 -0.017386 0.152982
0.069684 -0.019404 0.151897
0.069328 -0.021478 0.150999
0.066581 -0.015758 0.154147
0.065876 -0.016974 0.151771
0.065693 -0.018535 0.149601
0.065947 -0.020559 0.147840
0.064779 -0.014984 0.154519
0.063523 -0.015996 0.151192
0.063857 -0.017330 0.148392
0.064591 -0.019727 0.146347
0.062282 -0.011980 0.152327
0.060605 -0.013610 0.148800
0.061107 -0.015689 0.146118
0.062401 -0.017890 0.143884
0.062421 -0.016290 0.141174
0.062201 -0.015829 0.138176
0.060436 -0.013898 0.128384
0.061670 -0.011672 0.133416
0.061194 -0.013227 0.130508
0.057009 -0.011258 0.149626
0.060508 -0.011122 0.137729
0.060788 -0.013513 0.143451
0.060575 -0.011893 0.140235
0.058867 -0.011668 0.142829
0.059311 -0.012555 0.146194
0.055088 -0.010693 0.150560
0.049799 -0.009162 0.151990
0.046424 -0.007664 0.153983
0.044063 -0.006237 0.155984
0.042078 -0.003231 0.157431
0.041233 -0.001423 0.157727
0.041228 -0.000000 0.157721
0.054137 -0.011158 0.143590
0.037327 -0.000580 0.154023
0.049626 -0.010306 0.145301
0.045692 -0.008284 0.147648
0.042186 -0.006970 0.150010
0.039675 -0.005242 0.152307
0.038046 -0.001784 0.153535
0.037325 -0.000000 0.154025
0.056608 -0.011265 0.138812
0.050754 -0.011207 0.140113
0.046058 -0.009527 0.142192
0.041969 -0.008251 0.145361
0.038569 -0.006565 0.147969
0.036671 -0.004485 0.150100
0.035491 -0.001352 0.151213
0.035176 -0.000321 0.151486
0.035176 -0.000000 0.151486
0.060154 -0.011555 0.131993
0.055729 -0.012102 0.135373
0.049269 -0.013699 0.136904
0.045422 -0.012283 0.138337
0.042045 -0.010919 0.141327
0.038671 -0.009415 0.144003
0.035931 -0.006265 0.145904
0.034140 -0.003771 0.147340
0.033160 -0.001239 0.148498
0.032916 -0.000538 0.148605
0.032919 -0.000000 0.148602
0.057713 -0.012859 0.130562
0.051378 -0.014448 0.133651
0.042066 -0.013541 0.138439
0.037650 -0.011179 0.141040
0.045820 -0.013689 0.135221
0.035501 -0.008996 0.143287
0.033090 -0.006060 0.144114
0.031572 -0.003391 0.145089
0.030623 -0.001302 0.145737
0.030420 -0.000555 0.145914
0.030421 -0.000000 0.145909
0.056066 -0.014780 0.127561
0.050296 -0.016765 0.128558
0.048055 -0.015850 0.131670
0.043730 -0.014926 0.134426
0.040223 -0.013987 0.138367
0.035244 -0.012010 0.140247
0.040127 -0.012830 0.137379
0.033484 -0.009508 0.141738
0.035225 -0.011849 0.139965
0.035503 -0.011454 0.139010
0.031213 -0.005936 0.141855
0.029809 -0.003237 0.142285
0.028856 -0.001252 0.142846
0.028472 -0.000570 0.143157
0.028473 -0.000000 0.143154
0.032191 -0.009137 0.139619
0.030101 -0.005471 0.139171
0.029375 -0.004030 0.139246
0.030086 -0.003852 0.136666
0.031410 -0.006396 0.137264
0.033384 -0.009424 0.138389
0.028395 -0.002021 0.139475
0.029042 -0.001835 0.136624
0.027621 -0.000558 0.139815
0.027621 0.000000 0.139809
0.028193 -0.000373 0.136836
0.028192 0.000000 0.136832
0.030983 0.000000 0.133799
0.035742 0.000000 0.131459
0.045227 0.000000 0.127845
0.050389 0.000000 0.125467
0.030985 -0.000338 0.133805
0.035748 -0.000493 0.131472
0.045433 -0.000903 0.127944
0.050610 -0.001210 0.125751
0.031846 -0.001856 0.133700
0.036614 -0.002090 0.131479
0.046172 -0.002835 0.128009
0.051462 -0.002689 0.125948
0.032856 -0.003839 0.133944
0.037423 -0.003964 0.131554
0.046569 -0.005060 0.127868
0.052291 -0.004044 0.125698
0.049981 -0.014541 0.126897
0.047834 -0.015855 0.128519
0.052344 -0.015442 0.127005
0.050184 -0.016525 0.128351
0.046618 -0.016480 0.129724
0.039528 -0.012443 0.136865
0.042621 -0.014460 0.133685
0.040285 -0.011426 0.134567
0.043147 -0.012648 0.132316
0.034351 -0.006412 0.135028
0.036058 -0.008866 0.136603
0.037747 -0.010975 0.137521
0.038111 -0.005998 0.132217
0.038573 -0.008102 0.133493
0.039157 -0.010123 0.134687
0.045492 0.000002 0.105537
0.045514 -0.001408 0.105523
0.046315 -0.001421 0.108766
0.046331 0.000001 0.108797
0.045693 -0.002852 0.105668
0.046440 -0.003411 0.108745
0.046169 -0.005869 0.105885
0.046738 -0.005831 0.108733
0.046582 -0.008883 0.106188
0.047203 -0.008768 0.108842
0.047579 -0.012207 0.106409
0.048383 -0.012406 0.109118
0.049483 -0.015006 0.106916
0.049592 -0.015489 0.109046
0.050515 -0.017639 0.106235
0.051244 -0.018650 0.108247
0.052224 -0.019731 0.105940
0.053018 -0.020502 0.107919
0.053675 -0.021140 0.105576
0.054101 -0.021629 0.107439
0.055220 -0.022555 0.105044
0.055914 -0.022681 0.106927
0.056578 -0.023537 0.104420
0.057340 -0.023453 0.106335
0.057618 -0.024552 0.103545
0.058806 -0.024183 0.105562
0.060641 -0.023982 0.103331
0.061139 -0.024226 0.105027
0.063097 -0.023969 0.103094
0.060989 -0.023491 0.101456
0.064516 -0.023386 0.100062
0.062279 -0.022286 0.099772
0.069789 -0.025442 0.093576
0.066285 -0.022967 0.094291
0.064752 -0.023693 0.090748
0.068929 -0.026008 0.090142
0.063651 -0.023348 0.088959
0.068214 -0.025278 0.087488
0.062809 -0.022259 0.087316
0.067356 -0.023942 0.085449
0.062157 -0.020579 0.085760
0.066487 -0.022516 0.083436
0.061542 -0.018539 0.084366
0.065519 -0.020485 0.081791
0.061010 -0.016108 0.082962
0.064546 -0.017902 0.080152
0.060517 -0.013527 0.081737
0.063064 -0.014850 0.078708
0.059960 -0.010394 0.080973
0.061299 -0.011287 0.077638
0.058109 -0.007495 0.080877
0.059172 -0.007785 0.077582
0.056673 -0.004386 0.080537
0.057966 -0.004173 0.076755
0.056660 -0.002551 0.080287
0.057782 -0.002428 0.076633
0.056627 0.000015 0.080308
0.057773 0.000015 0.076612
0.068081 -0.025523 0.098151
0.057469 -0.002420 0.072270
0.057469 0.000017 0.072285
0.058225 -0.004095 0.073223
0.059732 -0.008282 0.073417
0.062086 -0.012068 0.073339
0.064075 -0.015383 0.074085
0.065803 -0.018528 0.075016
0.067355 -0.021591 0.075947
0.068630 -0.024104 0.077819
0.069555 -0.026482 0.080103
0.070239 -0.027843 0.082478
0.071206 -0.029554 0.085601
0.072920 -0.030551 0.091100
0.071841 -0.029590 0.096614
0.070936 -0.030250 0.101387
0.066041 -0.027983 0.103899
0.062664 -0.028188 0.105189
0.060323 -0.027500 0.106743
0.060104 -0.024470 0.109815
0.057481 -0.022840 0.111448
0.054599 -0.021130 0.112856
0.051914 -0.019175 0.113244
0.050501 -0.016193 0.113467
0.048945 -0.012294 0.112892
0.047882 -0.009557 0.112660
0.047463 -0.005721 0.112020
0.047135 -0.003439 0.111796
0.047068 -0.001447 0.111935
0.047000 0.000001 0.111940
0.056845 -0.002453 0.068419
0.056429 0.000017 0.068553
0.058302 -0.005233 0.068274
0.060162 -0.008422 0.068843
0.062219 -0.011936 0.069315
0.064556 -0.015336 0.069932
0.066209 -0.018794 0.070573
0.069360 -0.022803 0.071963
0.071418 -0.025607 0.076683
0.073425 -0.029500 0.083932
0.069413 -0.033558 0.105736
0.066911 -0.032278 0.106988
0.064969 -0.029454 0.109508
0.062912 -0.027143 0.111750
0.061063 -0.025853 0.113605
0.058694 -0.024789 0.115050
0.055800 -0.023116 0.116418
0.052937 -0.020370 0.117420
0.051095 -0.016617 0.117961
0.050242 -0.012603 0.117685
0.048558 -0.009218 0.117636
0.047658 -0.006720 0.117257
0.047274 -0.003370 0.116516
0.047145 -0.001473 0.116663
0.047156 0.000000 0.116757
0.056896 -0.002594 0.065184
0.056111 0.000018 0.065423
0.057473 -0.005334 0.065256
0.059930 -0.008361 0.065848
0.062484 -0.011292 0.066507
0.064863 -0.014677 0.066989
0.067295 -0.018942 0.067341
0.057700 -0.002682 0.063188
0.056535 0.000017 0.063474
0.057721 -0.005345 0.062906
0.060346 -0.008040 0.063115
0.062428 -0.010880 0.063407
0.065118 -0.014248 0.063932
0.058616 -0.002520 0.059934
0.057458 0.000018 0.059846
0.058815 -0.005135 0.059749
0.060899 -0.007861 0.059889
0.063093 -0.010794 0.060036
0.059893 -0.002455 0.057396
0.059087 0.000019 0.057113
0.060392 -0.005027 0.057132
0.062386 -0.008060 0.057157
0.064568 -0.010884 0.057091
0.067915 -0.015236 0.057602
0.066262 -0.014448 0.060358
0.062158 -0.002579 0.055120
0.060878 0.000021 0.054635
0.062731 -0.005069 0.054842
0.064934 -0.008302 0.054922
0.066978 -0.011103 0.055011
0.070076 -0.015754 0.055584
0.067144 -0.016880 0.062464
0.065605 -0.002641 0.053169
0.063849 0.000020 0.052561
0.066255 -0.005332 0.053128
0.067699 -0.008530 0.053116
0.069909 -0.011421 0.053624
0.073300 -0.016061 0.054430
0.070387 -0.002626 0.051255
0.070338 0.000021 0.050862
0.071181 -0.005379 0.051379
0.072491 -0.008642 0.051761
0.074393 -0.012082 0.052265
0.078078 -0.016532 0.053882
0.074801 -0.002628 0.049864
0.075456 0.000021 0.049612
0.075887 -0.005463 0.050299
0.077171 -0.008857 0.050623
0.079025 -0.012547 0.051262
0.083398 -0.017024 0.054170
0.080141 -0.002654 0.047316
0.080596 0.000021 0.047057
0.081097 -0.005396 0.048382
0.084592 -0.012881 0.050502
0.082507 -0.008938 0.049126
0.086823 -0.002668 0.045979
0.085581 0.000021 0.045015
0.088142 -0.005866 0.048212
0.100259 -0.019586 0.054313
0.095039 -0.017890 0.055662
0.092006 -0.014278 0.052240
0.097007 -0.014305 0.051358
0.102311 -0.006342 0.035423
0.103473 -0.010393 0.036329
0.101862 -0.009556 0.043523
0.099815 -0.005951 0.041228
0.101635 -0.002745 0.034865
0.098264 -0.002713 0.039713
0.096975 0.000019 0.038325
0.095247 -0.002702 0.042301
0.094067 0.000020 0.040993
0.096877 -0.005924 0.044062
0.108510 0.000018 0.033128
0.109352 -0.002946 0.032699
0.101408 0.000019 0.035353
0.092255 -0.005896 0.046459
0.091081 -0.002691 0.044066
0.090004 0.000020 0.042484
0.102215 -0.014336 0.048648
0.094376 -0.009486 0.048448
0.099211 -0.009520 0.045999
0.115183 0.000017 0.031025
0.115345 -0.003168 0.031257
0.115918 -0.006427 0.031548
0.110192 -0.006431 0.032732
0.104843 -0.014381 0.045638
0.089599 -0.009450 0.049900
0.088667 -0.017457 0.055055
0.098934 -0.024449 0.059056
0.093118 -0.024091 0.058883
0.105161 -0.019596 0.051409
0.087625 -0.022603 0.057601
0.103294 -0.024371 0.056955
0.107890 -0.024360 0.053843
0.105288 -0.015205 0.037732
0.108244 -0.009955 0.033121
0.116160 -0.009571 0.031777
0.115097 -0.014119 0.032022
0.108840 -0.014318 0.034781
0.114646 -0.019617 0.032752
0.109568 -0.021178 0.035486
0.108270 -0.021089 0.039935
0.107402 -0.019666 0.047261
0.115962 -0.026390 0.033410
0.112442 -0.028115 0.036550
0.111658 -0.027116 0.042685
0.110129 -0.024424 0.049005
0.083128 -0.021725 0.056715
0.078153 -0.021355 0.056756
0.074949 -0.021342 0.057462
0.071875 -0.021116 0.058366
0.069940 -0.020102 0.060445
0.105951 -0.030320 0.059426
0.101843 -0.030356 0.060951
0.096688 -0.029654 0.061283
0.071208 -0.022124 0.065496
0.090719 -0.029507 0.060226
0.086370 -0.028971 0.059582
0.082757 -0.027527 0.060021
0.080253 -0.026411 0.061683
0.077300 -0.025258 0.063538
0.074331 -0.023994 0.064312
0.119515 -0.034828 0.034214
0.115654 -0.034960 0.038495
0.115101 -0.033062 0.045874
0.112995 -0.030325 0.051622
0.110656 -0.030281 0.056308
0.120348 -0.041166 0.035267
0.118531 -0.039821 0.041082
0.117091 -0.038205 0.047952
0.115443 -0.036010 0.053861
0.112720 -0.034607 0.058170
0.107626 -0.034984 0.060323
0.103287 -0.034887 0.062325
0.098763 -0.035139 0.062616
0.094107 -0.035102 0.062650
0.090306 -0.034591 0.062939
0.086817 -0.033359 0.063540
0.083908 -0.031575 0.065577
0.081442 -0.029895 0.067606
0.078073 -0.027306 0.069132
0.074120 -0.024963 0.070270
0.076309 -0.028502 0.075720
0.080490 -0.031204 0.074009
0.084346 -0.033199 0.072339
0.087279 -0.034897 0.070367
0.089899 -0.037330 0.067820
0.094026 -0.037921 0.066884
0.097230 -0.038934 0.065482
0.101101 -0.038955 0.064870
0.105200 -0.038781 0.063882
0.109594 -0.038563 0.062612
0.114297 -0.038564 0.059866
0.117173 -0.039895 0.055909
0.119240 -0.042048 0.050360
0.121490 -0.043557 0.043934
0.123188 -0.045549 0.036772
0.126858 -0.049079 0.040295
0.124433 -0.046867 0.046904
0.121263 -0.045816 0.052804
0.118935 -0.043450 0.058106
0.116020 -0.042117 0.062305
0.111319 -0.042137 0.065316
0.107222 -0.042237 0.067003
0.102311 -0.042663 0.068091
0.098533 -0.042300 0.068931
0.095379 -0.041451 0.070539
0.093015 -0.039587 0.073325
0.089848 -0.037978 0.075769
0.086384 -0.036071 0.078462
0.082308 -0.034567 0.080649
0.077287 -0.032033 0.083188
0.087207 -0.040006 0.089003
0.082232 -0.037872 0.092013
0.083031 -0.036611 0.087467
0.087483 -0.038290 0.084672
0.086983 -0.041381 0.092973
0.081567 -0.039184 0.095965
0.094487 -0.044612 0.082155
0.091297 -0.042400 0.085466
0.091450 -0.040346 0.081314
0.094205 -0.042677 0.078089
0.111676 -0.054495 0.104609
0.106644 -0.053502 0.107552
0.105122 -0.051336 0.099370
0.109858 -0.052071 0.096141
0.102752 -0.048823 0.087043
0.103655 -0.050056 0.092026
0.099357 -0.049321 0.095082
0.098694 -0.048090 0.089751
0.100094 -0.044452 0.074142
0.097015 -0.043647 0.076022
0.075600 -0.035208 0.104762
0.075506 -0.038171 0.110558
0.070578 -0.034733 0.111753
0.074629 -0.035401 0.098666
0.076240 -0.034735 0.094190
0.076992 -0.034050 0.089566
0.109876 -0.047140 0.074074
0.104978 -0.046604 0.076274
0.103607 -0.045399 0.071996
0.108546 -0.045432 0.070330
0.101058 -0.046015 0.078265
0.101928 -0.047329 0.082465
0.097986 -0.046931 0.084759
0.130143 -0.051633 0.043877
0.126596 -0.050207 0.050210
0.123348 -0.048778 0.055852
0.120904 -0.045990 0.060998
0.117803 -0.044955 0.064734
0.113142 -0.044952 0.068532
0.114705 -0.046793 0.071513
0.116014 -0.048065 0.074370
0.111048 -0.048459 0.077500
0.122811 -0.048082 0.063946
0.124682 -0.049417 0.066903
0.120942 -0.047937 0.071173
0.119525 -0.047006 0.067593
0.128981 -0.052885 0.053854
0.125698 -0.050763 0.059156
0.132689 -0.055190 0.047750
0.135163 -0.057740 0.052068
0.131623 -0.054579 0.057737
0.107302 -0.048772 0.084563
0.108225 -0.050345 0.089102
0.106269 -0.047483 0.080299
0.094847 -0.047275 0.092131
0.095173 -0.048241 0.097971
0.090762 -0.045970 0.101307
0.090909 -0.045016 0.094997
0.097577 -0.045313 0.080404
0.094549 -0.046217 0.086835
0.090959 -0.043945 0.089758
0.086722 -0.042873 0.098101
0.115265 -0.052034 0.092696
0.113531 -0.050866 0.085744
0.086021 -0.044187 0.103850
0.081207 -0.041417 0.108268
0.082719 -0.038017 0.102520
0.081496 -0.043646 0.114858
0.075573 -0.041195 0.116482
0.090967 -0.048408 0.108036
0.085880 -0.046985 0.110809
0.073528 -0.039842 0.117342
0.096255 -0.049490 0.105209
0.100691 -0.050566 0.102381
0.112371 -0.049210 0.081502
0.117321 -0.049193 0.078203
0.118758 -0.050765 0.082361
0.127996 -0.052332 0.062258
0.138300 -0.059208 0.056969
0.134124 -0.055896 0.061914
0.130144 -0.053133 0.066230
0.126398 -0.049984 0.070907
0.141080 -0.059382 0.062612
0.136496 -0.055996 0.066895
0.132254 -0.053313 0.070793
0.145351 -0.058514 0.073278
0.139265 -0.055762 0.076779
0.148240 -0.058009 0.082016
0.140091 -0.054937 0.085573
0.122568 -0.048502 0.074434
0.141582 -0.055293 0.095152
0.151683 -0.059220 0.110711
0.146557 -0.058407 0.113271
0.138613 -0.055204 0.098256
0.151272 -0.058462 0.091033
0.156768 -0.060383 0.108278
0.160617 -0.061439 0.123047
0.155558 -0.060778 0.124948
0.163776 -0.062545 0.135835
0.158433 -0.062228 0.136975
0.150324 -0.060823 0.126881
0.135037 -0.053805 0.088646
0.141094 -0.059194 0.115683
0.136512 -0.056334 0.101261
0.134751 -0.054237 0.079323
0.130444 -0.053111 0.082181
0.127951 -0.050841 0.075008
0.132707 -0.054459 0.091335
0.144471 -0.061474 0.128937
0.122894 -0.050544 0.078685
0.125485 -0.052161 0.085378
0.120545 -0.052306 0.088944
0.128365 -0.054603 0.094462
0.126010 -0.058086 0.108070
0.128478 -0.062223 0.120815
0.122344 -0.062701 0.123235
0.119940 -0.058586 0.111064
0.131776 -0.057279 0.104360
0.135561 -0.060863 0.118316
0.123091 -0.054570 0.097817
0.117466 -0.054524 0.101415
0.113567 -0.058252 0.114086
0.108348 -0.056973 0.116639
0.115853 -0.061940 0.125829
0.110010 -0.060293 0.128294
0.101945 -0.052812 0.110125
0.138137 -0.062656 0.130446
0.131306 -0.064296 0.132128
0.124526 -0.064415 0.134396
0.133268 -0.065654 0.142080
0.127860 -0.066385 0.146149
0.166795 -0.063491 0.148138
0.161231 -0.063868 0.148671
0.169412 -0.064772 0.159141
0.163799 -0.065439 0.159322
0.172009 -0.067878 0.169263
0.166077 -0.068031 0.169142
0.174331 -0.070455 0.179012
0.168151 -0.070677 0.178685
0.176675 -0.071492 0.199030
0.171076 -0.070103 0.199705
0.153010 -0.061608 0.138305
0.155661 -0.062459 0.149396
0.164756 -0.069045 0.200192
0.161257 -0.071007 0.178550
0.160176 -0.066620 0.169488
0.158192 -0.064081 0.159679
0.146739 -0.061362 0.139624
0.149273 -0.062270 0.149776
0.152025 -0.063357 0.160096
0.154500 -0.065425 0.169857
0.156119 -0.069441 0.178997
0.159533 -0.069000 0.200040
0.151625 -0.073566 0.198293
0.149106 -0.071113 0.178677
0.144917 -0.073036 0.197708
0.141984 -0.071005 0.179384
0.147090 -0.068960 0.168896
0.140210 -0.069377 0.170092
0.144919 -0.066988 0.159515
0.138059 -0.067669 0.160847
0.142836 -0.065506 0.150514
0.135922 -0.066211 0.152009
0.140574 -0.064515 0.140313
0.129497 -0.066666 0.153120
0.121051 -0.064130 0.146081
0.118359 -0.063501 0.136907
0.123222 -0.066008 0.154883
0.131546 -0.067907 0.162198
0.133370 -0.068508 0.171209
0.134965 -0.069784 0.179952
0.138175 -0.071952 0.196993
0.131003 -0.070442 0.196135
0.128752 -0.068298 0.180538
0.125699 -0.068630 0.195879
0.123180 -0.067444 0.180748
0.126957 -0.067494 0.172131
0.125078 -0.066819 0.163546
0.121222 -0.066482 0.172751
0.119440 -0.065434 0.164519
0.117653 -0.063892 0.156180
0.115497 -0.061862 0.147724
0.112925 -0.061632 0.139084
0.111452 -0.059643 0.149136
0.108823 -0.059411 0.140957
0.108072 -0.057857 0.150417
0.105048 -0.057774 0.142471
0.101349 -0.057579 0.131155
0.105175 -0.058721 0.129947
0.113282 -0.061568 0.157391
0.109394 -0.059922 0.158182
0.100648 -0.056539 0.143136
0.104073 -0.056291 0.151180
0.098818 -0.055137 0.151501
0.095943 -0.055420 0.143583
0.099308 -0.054155 0.121133
0.094856 -0.052791 0.123056
0.092311 -0.050519 0.115268
0.097604 -0.051469 0.112833
0.098093 -0.056706 0.132203
0.093704 -0.055658 0.133415
0.090078 -0.052099 0.124588
0.110407 -0.061592 0.166220
0.106138 -0.060000 0.166833
0.105722 -0.058288 0.159032
0.114622 -0.063528 0.165456
0.116198 -0.064964 0.173451
0.111640 -0.063018 0.174183
0.083622 -0.050593 0.127368
0.078516 -0.049345 0.128577
0.077495 -0.044997 0.123411
0.082825 -0.046600 0.121987
0.103500 -0.055697 0.118925
0.087344 -0.049337 0.117549
0.120176 -0.066508 0.195746
0.118029 -0.065775 0.181304
0.114741 -0.064347 0.195468
0.113104 -0.063846 0.181879
0.110014 -0.062061 0.195606
0.108385 -0.061544 0.182344
0.107010 -0.061204 0.174719
0.101005 -0.056777 0.159566
0.102349 -0.057578 0.167659
0.102722 -0.058834 0.175137
0.103575 -0.058909 0.182589
0.104436 -0.060582 0.195918
0.099336 -0.058142 0.196194
0.098723 -0.056019 0.183299
0.097967 -0.054988 0.176414
0.098046 -0.052756 0.169793
0.094185 -0.057822 0.159125
0.091662 -0.057134 0.150786
0.089851 -0.056389 0.159703
0.087608 -0.055775 0.151382
0.088825 -0.056153 0.143050
0.083928 -0.054740 0.143770
0.085875 -0.055181 0.135414
0.080350 -0.053760 0.134950
0.076984 -0.052741 0.136823
0.074302 -0.050451 0.138937
0.072641 -0.045171 0.131048
0.075371 -0.047853 0.129591
0.071045 -0.039085 0.125649
0.074211 -0.042248 0.124140
0.069529 -0.038619 0.129679
0.067177 -0.032615 0.129231
0.066048 -0.031583 0.124991
0.069304 -0.036371 0.125214
0.092592 -0.052173 0.169435
0.092792 -0.052721 0.176475
0.093508 -0.053245 0.183379
0.094786 -0.054811 0.196098
0.090536 -0.053178 0.195353
0.088450 -0.051409 0.183496
0.087560 -0.052633 0.176039
0.087417 -0.054511 0.168593
0.087468 -0.055684 0.160019
0.084842 -0.054652 0.152147
0.082224 -0.053044 0.145522
0.085977 -0.051974 0.195302
0.083990 -0.050876 0.184029
0.082817 -0.051854 0.177192
0.066970 -0.032732 0.114267
0.064369 -0.030974 0.115672
0.062513 -0.028569 0.117526
0.060404 -0.026716 0.118643
0.057148 -0.024241 0.120002
0.070623 -0.036794 0.118933
0.067717 -0.033041 0.120768
0.064800 -0.030207 0.121007
0.063553 -0.028520 0.125470
0.060506 -0.024737 0.126101
0.059375 -0.024692 0.123414
0.062303 -0.027519 0.122464
0.054654 -0.020818 0.121462
0.052278 -0.017126 0.121660
0.047884 -0.009007 0.121562
0.046519 -0.006521 0.121201
0.045997 -0.003274 0.120463
0.064644 -0.028497 0.129081
0.061204 -0.024265 0.129083
0.059238 -0.018384 0.130243
0.058208 -0.019955 0.126947
0.071153 -0.044701 0.135903
0.069156 -0.038947 0.134452
0.066894 -0.033356 0.133137
0.067870 -0.041296 0.136825
0.066410 -0.035300 0.135398
0.064566 -0.028444 0.132091
0.061715 -0.023305 0.132434
0.055931 -0.020887 0.124545
0.073933 -0.049866 0.142384
0.079688 -0.051933 0.147635
0.058310 -0.018644 0.133727
0.061716 -0.023167 0.135655
0.064697 -0.028650 0.135019
0.082517 -0.054178 0.153501
0.073300 -0.048489 0.145326
0.077928 -0.051605 0.150313
0.084011 -0.053946 0.167850
0.084822 -0.055098 0.160724
0.082236 -0.054142 0.162174
0.080554 -0.053990 0.155905
0.081071 -0.052818 0.167057
0.080663 -0.051349 0.173140
0.078373 -0.050656 0.170663
0.080028 -0.052449 0.163397
0.078762 -0.051250 0.166861
0.079765 -0.051046 0.185499
0.081602 -0.050566 0.195130
0.075632 -0.049954 0.186388
0.077524 -0.048541 0.194829
0.071530 -0.047538 0.187034
0.073380 -0.046525 0.194690
0.068001 -0.043400 0.186696
0.069918 -0.043582 0.194455
0.064759 -0.038548 0.186604
0.067521 -0.039565 0.194250
0.065582 -0.035003 0.194438
0.061862 -0.034581 0.186824
0.062733 -0.031000 0.195060
0.059346 -0.030020 0.188127
0.060238 -0.025617 0.195944
0.056601 -0.025479 0.189023
0.057802 -0.019681 0.197054
0.054578 -0.017886 0.189363
0.056526 -0.012026 0.197497
0.053592 -0.011973 0.189365
0.055737 -0.003781 0.197597
0.053874 -0.003978 0.188946
0.056125 0.000000 0.197471
0.053939 0.000000 0.189083
0.078602 -0.051493 0.179013
0.074205 -0.049847 0.180994
0.066662 -0.043473 0.182541
0.070350 -0.047449 0.182075
0.063975 -0.038683 0.181892
0.060569 -0.031938 0.182775
0.057063 -0.025627 0.184572
0.055031 -0.020313 0.184809
0.053795 -0.015697 0.184142
0.053049 -0.010749 0.183741
0.053217 -0.004333 0.183190
0.053274 0.000000 0.183189
0.053904 -0.004212 0.180546
0.054090 0.000000 0.180548
0.054108 -0.009199 0.180275
0.054891 -0.014323 0.180848
0.056122 -0.019617 0.182468
0.057940 -0.025499 0.182655
0.060806 -0.031976 0.181001
0.063631 -0.039226 0.180209
0.065556 -0.042995 0.180525
0.068859 -0.047521 0.180177
0.072308 -0.049702 0.178845
0.077295 -0.051681 0.175879
0.075923 -0.051097 0.173183
0.061555 -0.023746 0.138520
0.058744 -0.020037 0.139743
0.058226 -0.019274 0.137035
0.061567 -0.024756 0.141343
0.064518 -0.028906 0.137846
0.064364 -0.029342 0.140643
0.058797 -0.021869 0.142481
0.064173 -0.029526 0.142287
0.062088 -0.025705 0.143798
0.066533 -0.035062 0.138077
0.065721 -0.034968 0.140764
0.065417 -0.034738 0.142087
0.069991 -0.046380 0.139068
0.069886 -0.045079 0.141912
0.067281 -0.039782 0.141683
0.067813 -0.040568 0.139383
0.069084 -0.043571 0.144131
0.072432 -0.047073 0.147970
0.076554 -0.050694 0.153488
0.078996 -0.052945 0.158496
0.076679 -0.050560 0.169056
0.074503 -0.050534 0.171145
0.054539 -0.003925 0.177917
0.054665 0.000000 0.178033
0.054963 -0.003530 0.174798
0.054713 -0.000000 0.174988
0.054276 -0.003218 0.171929
0.054259 -0.000000 0.172095
0.053119 -0.003046 0.170016
0.053239 -0.000000 0.170022
0.045915 -0.001458 0.120680
0.045780 0.000001 0.121403
0.042693 -0.005775 0.124966
0.042635 -0.003370 0.124503
0.041783 -0.001441 0.124409
0.041211 0.000001 0.124703
0.038571 -0.004812 0.128247
0.037765 -0.002794 0.127705
0.037221 -0.001095 0.127490
0.035591 0.000001 0.127539
0.031364 -0.000903 0.130336
0.030998 0.000000 0.130135
0.032087 -0.002489 0.130510
0.027842 -0.000695 0.132602
0.027562 0.000000 0.132494
0.025607 -0.000751 0.135873
0.025327 0.000000 0.135928
0.026434 -0.002361 0.135757
0.025774 -0.002540 0.138711
0.024996 -0.000914 0.139068
0.027555 -0.004391 0.135628
0.028788 -0.006898 0.135752
0.027804 -0.006596 0.137916
0.026809 -0.004555 0.138298
0.051193 -0.015244 0.124526
0.049269 -0.014079 0.124323
0.050130 -0.012365 0.121787
0.051523 -0.014714 0.121847
0.054777 -0.018422 0.124815
0.052989 -0.016607 0.124809
0.032912 -0.004273 0.130918
0.028673 -0.002334 0.132685
0.029748 -0.004210 0.132977
0.024768 0.000000 0.139353
0.031041 -0.006753 0.133810
0.026272 -0.001018 0.142710
0.026250 -0.000000 0.143041
0.028048 -0.001048 0.145496
0.028064 -0.000000 0.145952
0.030148 -0.001121 0.147980
0.030085 -0.000000 0.148288
0.032620 -0.001059 0.150560
0.032228 -0.000000 0.150915
0.034772 -0.001304 0.152921
0.034492 -0.000000 0.153400
0.037717 -0.001803 0.155786
0.037461 -0.000000 0.156197
0.042002 -0.002826 0.159602
0.041967 -0.000000 0.159722
0.044441 -0.002753 0.161615
0.046788 -0.002744 0.163498
0.046957 -0.000000 0.163613
0.044534 -0.000000 0.161692
0.048934 -0.002914 0.165900
0.051455 -0.003094 0.168165
0.051616 -0.000000 0.167954
0.049300 -0.000000 0.165774
0.054993 -0.007774 0.177951
0.055512 -0.011571 0.177849
0.057690 -0.017356 0.178929
0.058370 -0.020985 0.179475
0.060155 -0.021195 0.178183
0.061003 -0.025988 0.178346
0.059666 -0.025745 0.179484
0.063742 -0.026172 0.176234
0.065527 -0.025282 0.173471
0.064117 -0.029950 0.172890
0.064007 -0.031125 0.175649
0.064794 -0.035165 0.174774
0.064247 -0.034182 0.171801
0.065668 -0.037347 0.170177
0.065353 -0.038344 0.173365
0.055861 -0.006042 0.174501
0.056667 -0.008983 0.173897
0.055935 -0.008160 0.171114
0.055171 -0.005285 0.171485
0.054835 -0.007403 0.168612
0.053987 -0.005112 0.169136
0.044795 -0.007326 0.157301
0.042719 -0.005018 0.159026
0.038683 -0.003901 0.155434
0.040568 -0.007086 0.154049
0.053132 -0.006634 0.166648
0.052289 -0.005223 0.167302
0.049878 -0.005149 0.165482
0.045226 -0.005013 0.160986
0.047737 -0.004887 0.162986
0.047340 -0.007324 0.159345
0.035562 -0.003031 0.152489
0.027507 -0.004489 0.141435
0.026667 -0.002280 0.142210
0.028859 -0.007150 0.140850
0.029170 -0.004671 0.144333
0.028222 -0.002427 0.145076
0.030528 -0.002562 0.147816
0.033052 -0.002647 0.150318
0.031519 -0.005150 0.146714
0.034242 -0.005781 0.149143
0.037169 -0.006565 0.151195
0.030683 -0.007426 0.143415
0.034351 -0.006264 0.131928
0.035523 -0.008703 0.133490
0.033194 -0.009427 0.135469
0.036207 -0.008044 0.147144
0.033408 -0.007741 0.145395
0.030662 -0.009924 0.136608
0.036894 -0.010988 0.134579
0.035192 -0.011882 0.136700
0.033184 -0.012289 0.137521
0.038532 -0.012605 0.134154
0.037663 -0.013724 0.136253
0.041166 -0.014005 0.131738
0.040639 -0.015831 0.132928
0.037998 -0.014225 0.137103
0.044367 -0.016504 0.127539
0.043776 -0.017312 0.128688
0.029848 -0.010010 0.137924
0.031106 -0.010714 0.140569
0.032903 -0.012719 0.138434
0.039615 -0.008362 0.148891
0.043117 -0.008557 0.151794
0.047613 -0.008853 0.155243
0.050512 -0.008955 0.158120
0.046481 -0.009924 0.149587
0.043062 -0.009762 0.146638
0.045889 -0.015940 0.125617
0.048160 -0.012884 0.124074
0.047917 -0.017220 0.125841
0.050938 -0.017347 0.126554
0.046181 -0.017782 0.127132
0.055809 -0.016429 0.127336
0.057581 -0.015311 0.129425
0.047118 -0.018400 0.127900
0.052442 -0.016789 0.129767
0.045180 -0.017461 0.130251
0.041408 -0.016244 0.133815
0.037984 -0.015375 0.137858
0.034012 -0.013131 0.139777
0.033242 -0.010768 0.142717
0.035959 -0.013152 0.140963
0.036141 -0.011268 0.143894
0.039562 -0.010159 0.144955
0.050544 -0.010477 0.153550
0.039555 -0.013066 0.141628
0.043655 -0.011455 0.141689
0.046883 -0.011983 0.143955
0.052220 -0.011780 0.148940
0.055498 -0.012067 0.152476
0.039153 -0.015457 0.138128
0.043058 -0.014322 0.138328
0.047562 -0.013130 0.138974
0.050645 -0.013755 0.142182
0.055211 -0.014274 0.141095
0.051884 -0.014345 0.137690
0.046474 -0.015318 0.135638
0.043681 -0.015708 0.134643
0.047797 -0.017000 0.132199
0.051454 -0.015677 0.134020
0.056541 -0.014047 0.136395
0.055655 -0.014990 0.131150
0.057498 -0.014586 0.132515
0.054741 -0.012183 0.148892
0.057208 -0.014338 0.145086
0.057362 -0.014887 0.139306
0.066857 -0.039389 0.142883
0.066908 -0.038746 0.144516
0.065608 -0.034295 0.143972
0.064495 -0.029642 0.144519
0.068774 -0.042878 0.145424
0.063383 -0.026311 0.145940
0.069181 -0.042322 0.147116
0.072044 -0.046112 0.149454
0.072846 -0.046055 0.151947
0.057051 -0.017461 0.141771
0.057600 -0.019412 0.144406
0.060550 -0.023552 0.145139
0.059732 -0.021153 0.146806
0.062497 -0.024364 0.147108
0.061927 -0.022245 0.148507
0.066213 -0.030220 0.148780
0.066201 -0.026634 0.149837
0.067178 -0.034160 0.148135
0.069078 -0.038387 0.148841
0.073043 -0.042809 0.152291
0.074504 -0.045140 0.158104
0.066292 -0.024354 0.150401
0.066634 -0.022287 0.150990
0.058702 -0.015357 0.147696
0.059758 -0.018625 0.148758
0.059054 -0.013457 0.150676
0.060405 -0.016646 0.152324
0.061553 -0.020272 0.150397
0.067165 -0.020195 0.151871
0.062084 -0.018472 0.152899
0.067610 -0.018272 0.153065
0.067777 -0.016678 0.154544
0.064349 -0.016479 0.155122
0.061760 -0.014854 0.155298
0.067875 -0.014506 0.157293
0.065587 -0.015488 0.156335
0.063581 -0.014207 0.158444
0.065961 -0.013366 0.161673
0.060219 -0.013454 0.154710
0.061818 -0.012501 0.158874
0.063406 -0.012051 0.162495
0.066630 -0.012982 0.162735
0.063924 -0.011388 0.164413
0.066713 -0.013098 0.163779
0.063959 -0.011498 0.165372
0.066714 -0.013428 0.164690
0.064008 -0.011906 0.166243
0.066661 -0.013917 0.165533
0.064016 -0.012489 0.167131
0.066518 -0.014551 0.166355
0.063934 -0.013205 0.168182
0.066517 -0.015869 0.168116
0.063811 -0.014859 0.170661
0.066823 -0.018149 0.170389
0.064224 -0.017917 0.173625
0.066674 -0.021342 0.172602
0.064050 -0.021653 0.175939
0.060631 -0.011940 0.170490
0.059910 -0.010268 0.168964
0.059821 -0.009284 0.167572
0.059898 -0.009006 0.166168
0.061701 -0.014379 0.172960
0.056777 -0.008306 0.168383
0.056343 -0.007954 0.166509
0.057269 -0.009276 0.170220
0.058309 -0.010978 0.172229
0.059312 -0.013901 0.174737
0.057026 -0.012228 0.176254
0.059996 -0.009242 0.164585
0.055800 -0.008016 0.164481
0.051590 -0.006832 0.163994
0.053310 -0.008468 0.161411
0.049840 -0.006745 0.161918
0.058353 -0.010229 0.161960
0.055831 -0.010764 0.158091
0.062221 -0.017651 0.175473
0.059845 -0.017258 0.176861
0.062337 -0.021641 0.177148
0.062591 -0.026316 0.177321
0.057406 -0.021168 0.181232
0.059010 -0.025647 0.181017
0.061352 -0.031911 0.179789
0.061718 -0.031541 0.178873
0.062581 -0.031289 0.177918
0.063391 -0.031416 0.176822
0.063977 -0.035720 0.175988
0.063148 -0.035990 0.177257
0.062896 -0.036368 0.178258
0.064979 -0.039179 0.174781
0.064562 -0.039760 0.176440
0.062910 -0.037304 0.179110
0.064509 -0.040358 0.177217
0.064541 -0.041521 0.177997
0.067796 -0.040928 0.169083
0.066837 -0.042103 0.171774
0.067270 -0.046266 0.177989
0.066607 -0.044937 0.176576
0.066590 -0.043322 0.175296
0.066522 -0.042876 0.173647
0.070158 -0.044888 0.168312
0.069392 -0.046000 0.170351
0.068974 -0.046539 0.171899
0.068772 -0.046994 0.173351
0.069199 -0.047982 0.175133
0.070571 -0.049194 0.177007
0.072943 -0.049144 0.169269
0.072147 -0.046672 0.166672
0.072230 -0.047772 0.168320
0.074659 -0.049796 0.168123
0.073627 -0.048367 0.167344
0.073113 -0.046891 0.165628
0.074052 -0.046880 0.164493
0.075058 -0.048741 0.166309
0.076347 -0.050140 0.166855
0.078184 -0.050663 0.164251
0.076446 -0.049077 0.164466
0.074907 -0.047102 0.163335
0.077662 -0.050726 0.160855
0.076455 -0.048973 0.162133
0.075698 -0.049398 0.156318
0.074811 -0.048394 0.158325
0.075099 -0.046313 0.161896
0.053397 0.004438 0.087652
0.055639 0.010464 0.090079
0.056623 0.012378 0.090895
0.058281 0.014518 0.091982
0.060833 0.015912 0.092964
0.054987 0.020319 0.101822
0.053744 0.018595 0.102184
0.052380 0.016967 0.102562
0.049599 0.014637 0.102829
0.048284 0.012818 0.102422
0.047174 0.010636 0.102043
0.046264 0.008266 0.101902
0.047781 0.004252 0.087343
0.050318 0.011334 0.088009
0.051686 0.013330 0.089210
0.053674 0.015707 0.090991
0.055105 0.018599 0.092690
0.054087 0.024297 0.098791
0.053028 0.022669 0.099431
0.051345 0.020005 0.099610
0.049298 0.018304 0.099855
0.046384 0.014566 0.100430
0.045122 0.012688 0.100484
0.043513 0.010259 0.101222
0.042630 0.008184 0.101829
0.041563 0.002977 0.100214
0.041270 0.001309 0.099803
0.070491 0.048228 0.112267
0.065283 0.041843 0.106175
0.058929 0.036141 0.116261
0.058124 0.028067 0.102769
0.039459 0.008214 0.101501
0.040470 0.010372 0.101461
0.043430 0.014429 0.100203
0.059889 0.030209 0.094478
0.073455 0.018444 0.065127
0.084924 0.047852 0.134110
0.088795 0.050003 0.146643
0.059478 0.024266 0.186620
0.064541 0.033443 0.188957
0.105866 0.012809 0.054481
0.073980 0.018679 0.073438
0.068774 0.014062 0.066853
0.103243 0.017735 0.060626
0.055226 0.013956 0.114200
0.051457 0.006066 0.112458
0.063954 0.012251 0.156207
0.058607 0.005388 0.176988
0.059088 0.012565 0.178659
0.060230 0.017046 0.181788
0.057622 0.003885 0.180056
0.058058 0.011943 0.180051
0.071002 0.047084 0.178159
0.082371 0.049789 0.165740
0.079081 0.049542 0.157027
0.073938 0.038636 0.136289
0.077664 0.057069 0.135619
0.081149 0.056825 0.142230
0.054553 0.026926 0.182597
0.059155 0.036009 0.184956
0.078115 0.048098 0.165275
0.070680 0.046878 0.176708
0.059546 0.007524 0.173554
0.105845 0.047464 0.062739
0.075404 0.036994 0.074290
0.096055 0.015866 0.040193
0.065259 0.034415 0.082016
0.063501 0.024673 0.068359
0.060390 0.021159 0.064382
0.058926 0.016338 0.061695
0.094954 0.021111 0.045005
0.068493 0.050825 0.129103
0.045759 0.018434 0.116925
0.045019 0.017726 0.113289
0.056788 0.031265 0.103639
0.040515 0.005942 0.113689
0.035733 0.014983 0.135897
0.028296 0.008653 0.142388
0.039623 0.017609 0.132458
0.042843 0.018527 0.129065
0.044920 0.019234 0.127034
0.048175 0.018183 0.123248
0.037080 0.014795 0.141294
0.037240 0.012131 0.144666
0.044112 0.017308 0.135074
0.055040 0.013833 0.151159
0.052533 0.006901 0.172424
0.054503 0.012244 0.174165
0.055059 0.017711 0.176419
0.050745 0.004202 0.176007
0.052600 0.011435 0.175946
0.068689 0.049376 0.170925
0.062949 0.042846 0.174719
0.066584 0.048279 0.174536
0.078072 0.054237 0.161197
0.073300 0.051961 0.149082
0.067687 0.049397 0.134656
0.074298 0.049501 0.162774
0.068326 0.047750 0.169157
0.052209 0.008805 0.169274
0.059358 0.024909 0.095476
0.065507 0.022189 0.057734
0.054215 0.002713 0.086329
0.055396 0.006459 0.086415
0.057176 0.011098 0.088727
0.059826 0.014943 0.090722
0.052049 0.017931 0.103124
0.048828 0.013794 0.103681
0.047141 0.011279 0.103262
0.045588 0.005113 0.102881
0.049559 0.002185 0.084969
0.049972 0.006240 0.084782
0.052121 0.011983 0.086172
0.054620 0.016937 0.089054
0.049210 0.019496 0.100685
0.045093 0.013904 0.101704
0.043305 0.011088 0.102569
0.041536 0.006089 0.102960
0.041484 0.003396 0.101541
0.069486 0.045050 0.104859
0.060562 0.036347 0.109790
0.040529 0.011162 0.103124
0.041735 0.013579 0.102265
0.046342 0.017803 0.100497
0.071146 0.016196 0.065761
0.059520 0.024514 0.190288
0.076404 0.023174 0.084002
0.069107 0.014284 0.071360
0.066118 0.010829 0.065768
0.054101 0.011624 0.113860
0.064619 0.011270 0.160743
0.056951 0.009662 0.182187
0.057500 0.014519 0.182843
0.065882 0.037412 0.183537
0.075126 0.043548 0.140380
0.054105 0.026213 0.187718
0.060314 0.031592 0.194399
0.078213 0.047753 0.165022
0.070606 0.046606 0.175701
0.060197 0.010495 0.175692
0.080701 0.039287 0.073090
0.100807 0.046529 0.064752
0.062881 0.025099 0.074105
0.059433 0.020315 0.067556
0.057022 0.016816 0.064178
0.055690 0.013579 0.061221
0.095519 0.027176 0.050722
0.060311 0.039589 0.126160
0.072406 0.053555 0.138404
0.042683 0.013083 0.113625
0.050038 0.022507 0.119378
0.057473 0.033141 0.112360
0.043510 0.014223 0.121421
0.025526 0.007607 0.136411
0.026537 0.008172 0.139445
0.033665 0.012797 0.143299
0.051558 0.017183 0.139340
0.055177 0.013155 0.154008
0.051236 0.009045 0.178370
0.051999 0.014256 0.179047
0.061556 0.041050 0.177119
0.068132 0.049958 0.177359
0.080126 0.056179 0.160300
0.061128 0.034529 0.097056
0.072050 0.046745 0.160886
0.068431 0.046335 0.167903
0.056539 0.011503 0.169571
0.060409 0.025351 0.094527
0.062213 0.018518 0.060464
0.053161 0.002663 0.088698
0.054080 0.006199 0.088230
0.045709 0.004840 0.101374
0.048133 0.002194 0.087763
0.048067 0.006201 0.087016
0.041738 0.005487 0.101529
0.064189 0.045025 0.127189
0.073719 0.054701 0.126976
0.053512 0.029871 0.105598
0.038519 0.006684 0.102948
0.062743 0.027042 0.091477
0.069795 0.020518 0.098231
0.069731 0.014640 0.063574
0.057537 0.019434 0.186388
0.066420 0.011017 0.062942
0.092207 0.016751 0.062005
0.062499 0.015727 0.134939
0.057907 0.003034 0.177179
0.059043 0.008897 0.176313
0.056908 0.004443 0.182517
0.068174 0.043007 0.180537
0.065325 0.035835 0.182618
0.081330 0.047515 0.169133
0.081341 0.051220 0.160548
0.052305 0.021269 0.183248
0.083591 0.042266 0.129398
0.078938 0.048027 0.163367
0.075149 0.048231 0.172729
0.110477 0.047265 0.060791
0.090333 0.055477 0.095212
0.090958 0.015151 0.040763
0.058625 0.012544 0.057782
0.084743 0.019879 0.046208
0.053406 0.028424 0.120151
0.039641 0.003961 0.117715
0.026213 0.007384 0.134074
0.030948 0.009215 0.144771
0.053464 0.022617 0.132718
0.044295 0.013949 0.143148
0.051426 0.012800 0.149626
0.051352 0.004238 0.172716
0.053828 0.009285 0.171870
0.050499 0.004160 0.178621
0.065625 0.046233 0.172738
0.060474 0.038939 0.175959
0.076549 0.053360 0.165222
0.076611 0.054105 0.155203
0.073811 0.049574 0.160054
0.071653 0.049611 0.167108
0.061812 0.015569 0.057971
0.042528 0.004361 0.087168
0.046379 0.012461 0.086979
0.048002 0.014919 0.088647
0.050542 0.017551 0.090659
0.052799 0.019786 0.092592
0.052846 0.023978 0.098029
0.052045 0.021582 0.097769
0.049043 0.020264 0.098242
0.045956 0.016465 0.099224
0.041753 0.012484 0.101052
0.037989 0.003285 0.100152
0.037605 0.001387 0.099729
0.064486 0.042947 0.106044
0.058482 0.036299 0.116121
0.055059 0.030182 0.099042
0.058259 0.031334 0.092270
0.076011 0.059525 0.134489
0.079601 0.060823 0.141757
0.053382 0.027752 0.182738
0.058036 0.037205 0.185325
0.105461 0.049696 0.061674
0.073577 0.038036 0.072487
0.093705 0.016592 0.036991
0.064363 0.034701 0.081155
0.062390 0.025513 0.067951
0.060651 0.022467 0.063776
0.057000 0.017690 0.060577
0.092946 0.023993 0.040229
0.067979 0.051839 0.128847
0.045125 0.018516 0.116328
0.043969 0.017826 0.112505
0.055621 0.031589 0.102765
0.038161 0.006498 0.114660
0.033574 0.016367 0.135147
0.026257 0.009549 0.142636
0.038286 0.018668 0.132340
0.042161 0.019877 0.128822
0.044640 0.020090 0.126433
0.047717 0.018772 0.122624
0.035750 0.016077 0.141388
0.036330 0.012878 0.144915
0.043557 0.018716 0.135788
0.052710 0.015102 0.149968
0.050916 0.007239 0.172681
0.053477 0.012671 0.174505
0.054053 0.018236 0.176673
0.049338 0.004497 0.176159
0.051466 0.011871 0.176199
0.067855 0.050713 0.170802
0.061624 0.045413 0.174588
0.065328 0.048555 0.174620
0.077247 0.055035 0.161083
0.072414 0.052595 0.149124
0.067031 0.050701 0.133837
0.073436 0.050475 0.162672
0.067575 0.048980 0.169047
0.050830 0.009205 0.169392
0.056852 0.026511 0.095655
0.064084 0.023070 0.056650
0.044291 0.002254 0.084352
0.045396 0.006767 0.083490
0.048141 0.013122 0.084621
0.051627 0.018499 0.088692
0.037795 0.003647 0.101523
0.068942 0.046007 0.104486
0.059574 0.036725 0.109853
0.052903 0.027036 0.187981
0.059212 0.032528 0.194967
0.078215 0.040667 0.071020
0.099831 0.049194 0.062917
0.060861 0.025734 0.073310
0.058913 0.021252 0.067385
0.055793 0.017818 0.063509
0.053244 0.014317 0.059828
0.093279 0.029732 0.046184
0.059663 0.040051 0.125479
0.071871 0.055322 0.137915
0.041667 0.013831 0.113301
0.048861 0.022717 0.118556
0.056354 0.033606 0.111933
0.043215 0.014765 0.120635
0.022672 0.008499 0.136548
0.023909 0.008985 0.139613
0.032456 0.013385 0.143612
0.050117 0.018619 0.139390
0.053377 0.013426 0.153424
0.049907 0.009441 0.178541
0.050802 0.014757 0.179249
0.060265 0.041219 0.177148
0.066665 0.049959 0.176949
0.079069 0.057110 0.159978
0.060348 0.035057 0.096497
0.071724 0.047801 0.161091
0.067549 0.047610 0.167772
0.055466 0.011905 0.169840
0.058689 0.026457 0.094531
0.060682 0.020387 0.058743
0.041647 0.002268 0.087564
0.043148 0.006435 0.086133
0.038689 0.005629 0.101055
0.063860 0.045960 0.126493
0.073326 0.056275 0.126854
0.052598 0.030128 0.105271
0.060747 0.028517 0.090094
0.051074 0.021924 0.183448
0.110185 0.049516 0.059518
0.089642 0.057394 0.094454
0.089651 0.016778 0.037073
0.056003 0.013732 0.055398
0.082615 0.022910 0.041135
0.052800 0.028531 0.119246
0.037165 0.003761 0.118008
0.022993 0.008431 0.133394
0.029459 0.010132 0.145244
0.053282 0.022936 0.132889
0.043565 0.014844 0.143199
0.048942 0.014555 0.148667
0.049628 0.004543 0.172866
0.052611 0.009730 0.172164
0.048986 0.004443 0.178874
0.064558 0.047081 0.172888
0.059328 0.039983 0.175797
0.075791 0.054370 0.164940
0.075864 0.054541 0.155129
0.073036 0.050344 0.159850
0.070826 0.050816 0.167141
0.059651 0.017625 0.055650
0.045717 0.004698 0.100334
0.046441 0.007740 0.100323
0.047267 0.009689 0.100874
0.048132 0.011988 0.101511
0.049367 0.013725 0.102175
0.052643 0.016185 0.102201
0.054182 0.017798 0.101889
0.055481 0.019747 0.101405
0.058855 0.015979 0.094481
0.057586 0.014180 0.093710
0.056410 0.011733 0.092771
0.055020 0.010033 0.091779
0.053953 0.008730 0.091153
0.053236 0.007624 0.090549
0.052685 0.005966 0.090250
0.052417 0.004147 0.090085
0.051811 0.002510 0.090648
0.045871 0.004414 0.098886
0.046662 0.007120 0.098860
0.047544 0.008812 0.099602
0.048465 0.010853 0.100434
0.049345 0.012761 0.101287
0.052915 0.015085 0.101771
0.054661 0.016883 0.101532
0.055743 0.019040 0.100864
0.056529 0.021191 0.100108
0.056825 0.017231 0.097590
0.056430 0.015108 0.097425
0.054922 0.012701 0.096618
0.052779 0.010427 0.095378
0.052044 0.008883 0.094910
0.051536 0.007443 0.094408
0.051370 0.005737 0.093849
0.051687 0.003933 0.093345
0.051192 0.002533 0.093612
0.045230 0.003789 0.097538
0.046504 0.005948 0.097712
0.047832 0.007709 0.098508
0.048835 0.009681 0.099156
0.049481 0.011679 0.099924
0.052063 0.013831 0.101099
0.054678 0.016346 0.100725
0.055515 0.018332 0.099940
0.056184 0.020892 0.099086
0.055351 0.017753 0.099179
0.054280 0.015846 0.099331
0.051562 0.013883 0.099364
0.049332 0.011978 0.098224
0.049118 0.010039 0.098080
0.049100 0.008250 0.097745
0.048538 0.006009 0.096828
0.048589 0.004087 0.096364
0.049113 0.002140 0.096089
0.054657 0.007787 0.088995
0.054842 0.008989 0.089395
0.041766 0.001310 0.098973
0.041944 0.002691 0.099074
0.042144 0.004857 0.099976
0.042826 0.007541 0.100332
0.043793 0.009541 0.100021
0.045441 0.011711 0.099443
0.046507 0.013533 0.099505
0.049152 0.016992 0.099333
0.051894 0.019682 0.098917
0.053611 0.022558 0.098765
0.055783 0.020807 0.095166
0.054550 0.018624 0.094024
0.053085 0.015223 0.092772
0.051139 0.012943 0.091342
0.049436 0.011051 0.090133
0.048168 0.009387 0.089412
0.047263 0.007795 0.089126
0.046617 0.006021 0.089403
0.046441 0.004092 0.089997
0.047037 0.002137 0.090610
0.042233 0.001315 0.098233
0.042614 0.002686 0.098538
0.042901 0.004373 0.098529
0.043439 0.006745 0.098723
0.044491 0.008428 0.098398
0.045727 0.010659 0.098083
0.046958 0.012592 0.098641
0.048633 0.015278 0.098935
0.052078 0.018231 0.098613
0.053925 0.021446 0.098461
0.055575 0.020644 0.096738
0.054544 0.019481 0.096279
0.052926 0.015520 0.096229
0.050612 0.013111 0.095013
0.049028 0.011100 0.093728
0.047602 0.009376 0.093035
0.046787 0.007705 0.092827
0.046325 0.005891 0.092907
0.046522 0.004002 0.093358
0.045827 0.002099 0.093454
0.042980 0.001340 0.097250
0.043132 0.002604 0.097357
0.043316 0.004053 0.097387
0.043845 0.006097 0.097275
0.044647 0.007549 0.097288
0.046233 0.009686 0.097567
0.047605 0.011854 0.098149
0.048769 0.013972 0.098369
0.052136 0.016973 0.098526
0.054025 0.019433 0.098234
0.055273 0.022352 0.098011
0.054058 0.018736 0.098393
0.052261 0.016430 0.098518
0.049692 0.014216 0.098407
0.048043 0.012246 0.097236
0.046761 0.009927 0.096392
0.046355 0.008304 0.096227
0.045618 0.006136 0.096129
0.044826 0.004177 0.096055
0.044882 0.002237 0.096013
0.048588 0.007966 0.086959
0.049277 0.009642 0.087262
0.063474 0.031180 0.086999
0.061755 0.023490 0.079704
0.059426 0.018259 0.076733
0.057581 0.015027 0.075543
0.054825 0.011963 0.074768
0.053248 0.007943 0.074427
0.052381 0.002467 0.073923
0.048106 0.022723 0.105973
0.043661 0.016494 0.109398
0.042307 0.013117 0.110057
0.040792 0.006059 0.110388
0.040724 0.003315 0.110159
0.056346 0.009523 0.087943
0.055837 0.008138 0.086893
0.075610 0.023127 0.098103
0.072941 0.021534 0.087658
0.069142 0.018535 0.084154
0.066862 0.016226 0.082189
0.063744 0.012332 0.080350
0.062309 0.008369 0.079010
0.060948 0.002706 0.078595
0.066998 0.018453 0.088538
0.065866 0.016334 0.085319
0.064419 0.014760 0.084653
0.062653 0.012459 0.083618
0.060627 0.008620 0.082373
0.059313 0.002870 0.081597
0.056444 0.017006 0.107636
0.053883 0.013721 0.108124
0.051991 0.011136 0.107738
0.049590 0.006159 0.106051
0.049052 0.004107 0.105258
0.056828 0.017148 0.110820
0.054679 0.013730 0.111137
0.052753 0.011356 0.110410
0.050614 0.006323 0.109402
0.050058 0.004340 0.109132
0.076213 0.020143 0.071037
0.078159 0.021954 0.069491
0.099440 0.044958 0.126835
0.102496 0.044329 0.125502
0.122362 0.049270 0.114619
0.127228 0.048676 0.111649
0.132893 0.049260 0.107331
0.103203 0.048302 0.134626
0.105236 0.048986 0.134197
0.108934 0.050317 0.130839
0.119588 0.053446 0.129055
0.125116 0.053290 0.127045
0.130752 0.052582 0.124645
0.135908 0.053744 0.120130
0.103365 0.046668 0.148097
0.121295 0.053425 0.141356
0.128362 0.054016 0.138457
0.132343 0.054915 0.135789
0.140471 0.055288 0.133090
0.058791 0.019157 0.184480
0.060667 0.024455 0.184999
0.063949 0.031097 0.183777
0.056260 0.004550 0.184943
0.055850 0.011387 0.185179
0.056504 0.015767 0.185552
0.063329 0.030700 0.185331
0.066374 0.036767 0.184910
0.056952 0.003936 0.190334
0.056568 0.012827 0.190160
0.057251 0.017906 0.190333
0.066926 0.036721 0.189033
0.096501 0.049175 0.184031
0.106622 0.053745 0.183841
0.114866 0.058506 0.183089
0.129563 0.063246 0.181782
0.135180 0.064285 0.181275
0.141560 0.065077 0.180747
0.148093 0.065301 0.180121
0.058029 0.003862 0.198219
0.058810 0.012400 0.197924
0.060069 0.019249 0.197664
0.097705 0.051072 0.197773
0.107618 0.055941 0.198005
0.116720 0.060168 0.197681
0.131879 0.066254 0.198434
0.138277 0.067444 0.199242
0.144676 0.067949 0.199839
0.150732 0.068303 0.200504
0.102086 0.002311 0.053025
0.104322 0.008975 0.052733
0.061832 0.002568 0.070236
0.064187 0.007739 0.070995
0.065743 0.010993 0.072227
0.068616 0.014607 0.073687
0.061660 0.002541 0.074632
0.063702 0.008063 0.075462
0.064731 0.011047 0.076166
0.067743 0.015774 0.077996
0.071621 0.019310 0.080141
0.062069 0.002641 0.067851
0.064407 0.007797 0.068602
0.066029 0.010937 0.069586
0.061974 0.002523 0.064973
0.064376 0.007714 0.065327
0.062121 0.002607 0.061938
0.064407 0.007914 0.062490
0.070742 0.014941 0.060172
0.066815 0.011163 0.059739
0.083578 0.026816 0.063197
0.080681 0.021133 0.059934
0.075713 0.016114 0.058183
0.071955 0.011754 0.056627
0.069877 0.008104 0.055569
0.067225 0.003112 0.055342
0.102572 0.028568 0.067191
0.089479 0.013008 0.059396
0.088091 0.009086 0.057934
0.086265 0.002361 0.056320
0.106841 0.028386 0.066145
0.061591 0.020746 0.115307
0.051065 0.004109 0.112085
0.047851 0.002836 0.162718
0.048586 0.004756 0.161954
0.050094 0.002742 0.164732
0.050846 0.004680 0.164050
0.054024 0.006100 0.162600
0.052485 0.002607 0.166613
0.053603 0.004454 0.166020
0.056218 0.005753 0.164512
0.054840 0.002509 0.168547
0.055942 0.004337 0.167718
0.057319 0.005830 0.166238
0.056882 0.002588 0.170465
0.057631 0.004413 0.169167
0.058117 0.005255 0.168526
0.057856 0.002613 0.172368
0.058539 0.004378 0.171178
0.058970 0.005966 0.170477
0.058213 0.002659 0.174385
0.059073 0.004609 0.173902
0.061126 0.020242 0.182364
0.062839 0.024576 0.182844
0.064825 0.030653 0.182525
0.065202 0.035021 0.181926
0.066799 0.038701 0.181312
0.061966 0.024505 0.183862
0.064435 0.031045 0.183030
0.077163 0.048316 0.174168
0.067492 0.020768 0.133717
0.070869 0.024175 0.133297
0.072997 0.027131 0.134666
0.074083 0.032530 0.135499
0.084933 0.059433 0.122568
0.094002 0.063968 0.117912
0.110232 0.070111 0.110593
0.119435 0.069861 0.107164
0.126629 0.068922 0.103972
0.132626 0.066644 0.100875
0.087528 0.061724 0.131857
0.096451 0.065169 0.128768
0.113389 0.072238 0.122292
0.121860 0.073128 0.119183
0.128982 0.071995 0.116887
0.136381 0.068870 0.115171
0.090681 0.062290 0.140203
0.099088 0.066585 0.138394
0.116407 0.072928 0.133099
0.123988 0.073905 0.130274
0.131372 0.073616 0.127936
0.139224 0.070171 0.127365
0.053268 0.020119 0.180562
0.055117 0.026485 0.180461
0.057668 0.033035 0.178642
0.073386 0.052700 0.170296
0.049777 0.004320 0.181462
0.049820 0.010436 0.182217
0.050760 0.015791 0.182727
0.057785 0.033420 0.180588
0.061606 0.040842 0.179098
0.068565 0.049912 0.179060
0.076342 0.055009 0.175922
0.084982 0.058079 0.174399
0.050532 0.004045 0.187714
0.050587 0.011342 0.188482
0.051870 0.017832 0.188445
0.062596 0.040700 0.184406
0.069516 0.049664 0.184751
0.078165 0.053847 0.183682
0.086144 0.057303 0.182406
0.095255 0.061536 0.182481
0.111320 0.069393 0.180828
0.127990 0.073398 0.179479
0.134832 0.075328 0.178808
0.142517 0.077022 0.178199
0.150169 0.077147 0.177387
0.053258 0.003700 0.197113
0.053743 0.011625 0.197342
0.055408 0.020161 0.196540
0.065130 0.040243 0.193404
0.071195 0.048399 0.193819
0.079074 0.053511 0.193816
0.087728 0.056911 0.193320
0.096147 0.062350 0.194406
0.112330 0.069718 0.193562
0.130146 0.074736 0.193978
0.138123 0.076588 0.194866
0.145376 0.077945 0.195712
0.152608 0.078988 0.196206
0.066260 0.013995 0.155927
0.066610 0.022751 0.146606
0.068080 0.026045 0.145236
0.068716 0.031116 0.144223
0.070071 0.036514 0.144228
0.072043 0.040748 0.147862
0.075335 0.045435 0.154815
0.077583 0.047837 0.159788
0.076822 0.047771 0.169021
0.073974 0.047752 0.171933
0.071553 0.046522 0.175795
0.069072 0.041880 0.177484
0.067994 0.037502 0.179203
0.067251 0.034612 0.180635
0.066310 0.030652 0.181457
0.066097 0.025454 0.181983
0.065993 0.020708 0.181183
0.065990 0.016651 0.178737
0.066173 0.012964 0.175831
0.066060 0.010769 0.171813
0.067331 0.011811 0.160149
0.064594 0.013357 0.156311
0.065928 0.022157 0.144864
0.068361 0.025499 0.143447
0.069456 0.030719 0.142639
0.070651 0.036257 0.142510
0.071410 0.040557 0.145589
0.074886 0.044794 0.151940
0.078161 0.048087 0.158672
0.079944 0.048938 0.162467
0.080081 0.047795 0.166529
0.078044 0.047478 0.169587
0.068283 0.042436 0.178811
0.067619 0.038046 0.179819
0.066368 0.034765 0.181043
0.066123 0.030658 0.181968
0.065688 0.025404 0.182262
0.064955 0.020766 0.181529
0.064351 0.016796 0.179662
0.063129 0.013719 0.177046
0.062558 0.010513 0.174887
0.068290 0.042117 0.179803
0.066743 0.038408 0.180842
0.065301 0.034892 0.181435
0.065742 0.030379 0.182260
0.064376 0.024913 0.182486
0.062994 0.020443 0.181758
0.061973 0.016725 0.180449
0.060663 0.013846 0.178004
0.065146 0.010076 0.164075
0.065664 0.021587 0.142555
0.068984 0.025243 0.141951
0.070391 0.030653 0.141584
0.071384 0.036399 0.141576
0.071958 0.040940 0.144586
0.075487 0.045316 0.151061
0.075323 0.047623 0.102322
0.085764 0.052833 0.098365
0.085550 0.041429 0.071548
0.091062 0.002815 0.036575
0.093285 0.011068 0.037678
0.050424 0.002805 0.066000
0.051503 0.009558 0.066520
0.053482 0.013943 0.066664
0.056601 0.017044 0.066982
0.059267 0.019243 0.071964
0.057179 0.016411 0.071345
0.054535 0.013209 0.070780
0.052446 0.008772 0.070427
0.051316 0.002420 0.069484
0.050310 0.002927 0.063949
0.051833 0.009948 0.063903
0.053796 0.013961 0.063799
0.051534 0.003034 0.062226
0.053759 0.009891 0.061341
0.054723 0.002966 0.058549
0.056816 0.009353 0.057879
0.065101 0.015846 0.055804
0.061495 0.011891 0.055450
0.081311 0.028993 0.057324
0.075546 0.022391 0.053296
0.070821 0.016791 0.051791
0.067323 0.012208 0.051309
0.065624 0.008986 0.051167
0.063008 0.002733 0.051017
0.099166 0.034092 0.053939
0.080730 0.014391 0.042198
0.078767 0.009753 0.041863
0.076328 0.002737 0.041365
0.103250 0.035542 0.051483
0.051753 0.027352 0.116151
0.049458 0.024472 0.110717
0.040349 0.003317 0.113730
0.039548 0.001543 0.117563
0.037003 0.001398 0.122096
0.037683 0.003219 0.121932
0.027368 0.001274 0.128643
0.027885 0.002765 0.128888
0.028355 0.004347 0.129625
0.030425 0.006486 0.130552
0.036712 0.013452 0.133130
0.039369 0.014866 0.130809
0.041496 0.017595 0.128018
0.024800 0.001052 0.131229
0.025589 0.002812 0.131452
0.026710 0.004592 0.131749
0.027768 0.007069 0.132125
0.035653 0.014525 0.134800
0.023051 0.001127 0.134868
0.023858 0.002881 0.134822
0.025061 0.004920 0.134483
0.022282 0.001268 0.138255
0.023133 0.003059 0.137915
0.024283 0.005066 0.137313
0.023754 0.001461 0.142197
0.024236 0.003277 0.141446
0.025185 0.005650 0.140358
0.025936 0.001531 0.144992
0.026001 0.003515 0.144352
0.026817 0.005874 0.143420
0.027712 0.001691 0.147513
0.028070 0.003836 0.147098
0.029094 0.006414 0.145934
0.030109 0.001829 0.149745
0.030585 0.004020 0.149585
0.031818 0.007172 0.148392
0.033937 0.009533 0.146498
0.032268 0.002055 0.151946
0.033066 0.004345 0.151613
0.034733 0.007848 0.150177
0.037147 0.009997 0.147932
0.034360 0.002198 0.154043
0.035401 0.004635 0.153678
0.037162 0.008093 0.152335
0.039808 0.009827 0.149865
0.049600 0.013033 0.147501
0.036670 0.002675 0.156627
0.037479 0.005041 0.155997
0.039436 0.008358 0.154595
0.042303 0.009923 0.152357
0.039108 0.002691 0.158673
0.039978 0.005255 0.158046
0.041327 0.008358 0.156441
0.044923 0.009794 0.155006
0.041482 0.002972 0.160564
0.042450 0.005593 0.160251
0.044434 0.007649 0.159097
0.044097 0.003218 0.162756
0.045347 0.005807 0.162366
0.046886 0.007670 0.161191
0.046787 0.003471 0.165327
0.047405 0.005813 0.164677
0.048201 0.007617 0.163937
0.048469 0.003518 0.167749
0.048820 0.005943 0.167283
0.049934 0.008688 0.166653
0.058822 0.011525 0.165721
0.049974 0.003941 0.169842
0.050613 0.006211 0.169673
0.055603 0.021742 0.176826
0.056833 0.026841 0.176504
0.058620 0.032559 0.175653
0.060538 0.037844 0.174934
0.062731 0.041669 0.173466
0.056079 0.026721 0.178382
0.058243 0.032951 0.176977
0.072579 0.051653 0.168874
0.053755 0.023392 0.136000
0.055583 0.027956 0.130877
0.057853 0.034186 0.130162
0.060810 0.039482 0.130977
0.064181 0.044714 0.132478
0.059474 0.018868 0.153386
0.060473 0.029727 0.145030
0.061411 0.032935 0.144092
0.062128 0.036987 0.144086
0.063738 0.040562 0.144781
0.066347 0.043539 0.146508
0.069462 0.046269 0.149756
0.072762 0.048181 0.155024
0.073546 0.048823 0.164093
0.071103 0.047475 0.165783
0.068521 0.044882 0.166378
0.065504 0.041549 0.166894
0.063443 0.038266 0.167907
0.062771 0.034965 0.169114
0.061998 0.031208 0.170030
0.061598 0.026789 0.170730
0.062105 0.022545 0.170926
0.062494 0.019445 0.169392
0.062683 0.017210 0.167749
0.063419 0.015645 0.166478
0.063123 0.014319 0.165006
0.059417 0.016114 0.155735
0.057728 0.016343 0.152027
0.058379 0.029286 0.142166
0.059823 0.033671 0.140894
0.060891 0.038303 0.141436
0.062983 0.042091 0.142713
0.065947 0.044893 0.144832
0.069148 0.047526 0.147150
0.073469 0.049846 0.152049
0.075246 0.051715 0.157942
0.076361 0.052196 0.162095
0.074892 0.051308 0.164846
0.065485 0.042729 0.168986
0.063132 0.039548 0.170192
0.061833 0.036234 0.171068
0.060849 0.031995 0.171944
0.059725 0.027114 0.172693
0.059751 0.022442 0.173046
0.059954 0.018629 0.171761
0.059823 0.015737 0.169636
0.060098 0.013626 0.167949
0.065395 0.044112 0.171073
0.062807 0.040743 0.172327
0.061034 0.036993 0.173298
0.059494 0.032269 0.174014
0.057940 0.026979 0.174571
0.057393 0.021914 0.174915
0.057610 0.017868 0.173698
0.057398 0.014417 0.171814
0.062478 0.013294 0.163178
0.058070 0.013169 0.158674
0.057256 0.028556 0.139655
0.059229 0.033841 0.138785
0.060705 0.038853 0.139590
0.062989 0.042767 0.141017
0.065796 0.045937 0.142955
0.069451 0.049064 0.145261
0.058801 0.021850 0.083159
0.056712 0.016311 0.079738
0.055977 0.013524 0.078906
0.054736 0.010412 0.078376
0.053531 0.007167 0.078221
0.052064 0.001979 0.078054
0.048387 0.021146 0.103674
0.044427 0.015612 0.105622
0.042844 0.012549 0.106254
0.041439 0.006763 0.105865
0.041093 0.003953 0.104903
0.051233 0.010241 0.085498
0.050506 0.008491 0.084893
0.061498 0.033826 0.089551
0.069707 0.033649 0.076139
0.069047 0.028034 0.065635
0.070345 0.027765 0.059967
0.066105 0.025441 0.061684
0.062713 0.016766 0.088916
0.060255 0.013402 0.087007
0.059023 0.011020 0.086046
0.057744 0.009107 0.084780
0.056418 0.006686 0.084369
0.055011 0.002707 0.083840
0.060112 0.020497 0.183660
0.069900 0.013755 0.155666
0.069223 0.023935 0.150295
0.069371 0.027311 0.149387
0.069969 0.031818 0.148447
0.072026 0.036851 0.148978
0.076149 0.042057 0.154325
0.077756 0.045154 0.159325
0.078438 0.046325 0.163128
0.075641 0.047025 0.165338
0.074545 0.047515 0.169874
0.072531 0.046275 0.173319
0.070025 0.041796 0.174736
0.067799 0.037532 0.176148
0.066654 0.034052 0.178795
0.066411 0.029634 0.179459
0.067853 0.024444 0.180283
0.068927 0.020006 0.178871
0.069750 0.016302 0.175945
0.069821 0.013477 0.172531
0.068505 0.011979 0.169434
0.067234 0.013164 0.157615
0.067565 0.010702 0.162747
0.054811 0.028908 0.127110
0.038658 0.016605 0.131633
0.053695 0.009549 0.165814
0.054600 0.021854 0.178960
0.063971 0.019724 0.153611
0.063198 0.029394 0.149642
0.063965 0.032826 0.148933
0.064820 0.036135 0.148708
0.066388 0.039422 0.149190
0.069579 0.042665 0.151227
0.071555 0.045020 0.155162
0.071785 0.046113 0.159371
0.071574 0.046279 0.161870
0.069964 0.045226 0.163339
0.068060 0.042962 0.163780
0.065852 0.039828 0.164052
0.064091 0.036484 0.164917
0.062662 0.033392 0.166071
0.061972 0.029521 0.167197
0.063218 0.026668 0.167321
0.064246 0.023214 0.167214
0.064432 0.020425 0.166564
0.064561 0.018321 0.165550
0.064629 0.016948 0.164532
0.064384 0.016157 0.163425
0.060633 0.018074 0.154792
0.064468 0.015866 0.161517
0.063446 0.016040 0.160137
0.056548 0.019267 0.086265
0.054302 0.013710 0.082992
0.053603 0.011379 0.082376
0.052623 0.009052 0.081848
0.051560 0.006458 0.081595
0.050780 0.002042 0.081820
0.069476 0.011419 0.158681
0.041806 0.016235 0.127308
0.064525 0.017784 0.156224
0.038444 0.001341 0.098397
0.038926 0.003084 0.098766
0.039423 0.004788 0.099245
0.040116 0.007133 0.099561
0.041016 0.009399 0.099502
0.042042 0.011333 0.099650
0.043782 0.013427 0.099000
0.046268 0.015750 0.098217
0.049062 0.019518 0.097637
0.052183 0.021224 0.097325
0.053980 0.021559 0.095329
0.052539 0.019933 0.094136
0.049864 0.016847 0.092945
0.047269 0.014280 0.091097
0.045550 0.011914 0.089891
0.044122 0.009555 0.089190
0.042904 0.007875 0.089113
0.042383 0.006172 0.089477
0.042136 0.004078 0.090679
0.041698 0.002022 0.091023
0.039949 0.001398 0.097507
0.040281 0.002636 0.097742
0.040822 0.004483 0.098069
0.041249 0.006496 0.098132
0.042221 0.008555 0.098142
0.043226 0.010479 0.098201
0.044929 0.012602 0.097765
0.046836 0.014974 0.097709
0.049637 0.018945 0.097313
0.052656 0.021024 0.097169
0.054253 0.021662 0.096236
0.052489 0.020566 0.095756
0.049801 0.016789 0.094945
0.047639 0.013979 0.093724
0.045609 0.011857 0.092800
0.043897 0.009739 0.092573
0.042883 0.007858 0.092511
0.042389 0.006008 0.092690
0.042296 0.004111 0.093171
0.042532 0.002100 0.093591
0.041518 0.001387 0.097297
0.041845 0.002630 0.097452
0.042148 0.004248 0.097623
0.042736 0.006293 0.097571
0.043423 0.007730 0.097612
0.044656 0.009875 0.097435
0.046082 0.012011 0.097472
0.047720 0.014323 0.097607
0.050519 0.018093 0.097388
0.053365 0.021108 0.097144
0.053207 0.020751 0.096762
0.050533 0.017204 0.096678
0.048459 0.014166 0.096185
0.046769 0.012097 0.095075
0.045325 0.009928 0.094570
0.044322 0.008068 0.094494
0.043737 0.006198 0.094474
0.043273 0.004227 0.094581
0.043422 0.002148 0.094900
0.043901 0.008380 0.085875
0.044991 0.010335 0.086149
0.061723 0.031829 0.084971
0.059145 0.024615 0.077906
0.055483 0.018879 0.074682
0.054172 0.015855 0.074204
0.053049 0.012582 0.074143
0.051275 0.008950 0.073918
0.049659 0.002728 0.073351
0.047063 0.022762 0.106023
0.042426 0.016583 0.108593
0.041012 0.013578 0.109599
0.038581 0.006405 0.111102
0.038376 0.003539 0.110582
0.083933 0.061388 0.121946
0.092380 0.065681 0.117844
0.109498 0.074014 0.109728
0.119824 0.072450 0.106136
0.126774 0.072062 0.102945
0.133115 0.071050 0.099509
0.086636 0.063804 0.131092
0.095729 0.066789 0.128279
0.113128 0.074927 0.121573
0.122384 0.074937 0.118484
0.129229 0.073191 0.116433
0.136774 0.072377 0.113988
0.089288 0.064982 0.139833
0.098702 0.068634 0.137635
0.116072 0.075220 0.132370
0.124565 0.075955 0.129606
0.131858 0.075638 0.127320
0.139359 0.072932 0.126281
0.052085 0.020743 0.180729
0.053988 0.027329 0.180527
0.056599 0.034051 0.178722
0.072482 0.054127 0.170228
0.048190 0.004607 0.181789
0.048433 0.010897 0.182445
0.049482 0.016367 0.182928
0.056672 0.034449 0.180757
0.060228 0.041678 0.179240
0.067746 0.051115 0.179152
0.075761 0.056507 0.176084
0.084332 0.059888 0.174672
0.049073 0.004397 0.188066
0.049264 0.011854 0.188796
0.050608 0.018465 0.188746
0.061423 0.042184 0.184778
0.068644 0.050967 0.185005
0.077599 0.055227 0.183982
0.085695 0.059157 0.182488
0.094201 0.063950 0.181656
0.110765 0.071771 0.179657
0.127689 0.075031 0.178610
0.135080 0.077750 0.177607
0.143128 0.079083 0.177179
0.150344 0.079557 0.176645
0.051909 0.004080 0.197639
0.052257 0.012136 0.197942
0.054041 0.020937 0.197105
0.064089 0.041427 0.194040
0.070460 0.049544 0.194408
0.078543 0.054736 0.194480
0.087375 0.058306 0.193944
0.095328 0.063049 0.193835
0.112342 0.071517 0.193267
0.130596 0.076693 0.193406
0.138113 0.078835 0.194058
0.146289 0.079212 0.194829
0.152769 0.081127 0.195431
0.074585 0.049054 0.102197
0.085138 0.054461 0.097725
0.082549 0.043511 0.069187
0.089155 0.002769 0.034182
0.091285 0.011789 0.034891
0.047772 0.002848 0.065577
0.049878 0.010031 0.066141
0.052517 0.014594 0.066365
0.055317 0.017728 0.066809
0.056859 0.020095 0.071091
0.054883 0.016973 0.070650
0.053007 0.013886 0.070320
0.050801 0.009516 0.069895
0.048308 0.002611 0.068357
0.047870 0.002941 0.063262
0.049712 0.010453 0.063153
0.052552 0.014629 0.063146
0.049256 0.003141 0.060212
0.050840 0.010522 0.059823
0.051681 0.003269 0.055501
0.053904 0.010411 0.055056
0.086188 0.002997 0.034945
0.087407 0.011888 0.035163
0.079075 0.031337 0.054541
0.074162 0.024364 0.050980
0.068984 0.018063 0.049501
0.065115 0.013072 0.049456
0.063387 0.009835 0.048928
0.060678 0.002956 0.048483
0.096972 0.037309 0.049200
0.079626 0.015415 0.040090
0.077723 0.010456 0.039880
0.075659 0.002757 0.039218
0.100925 0.038711 0.046472
0.050858 0.027797 0.115763
0.048150 0.024469 0.110342
0.037927 0.003482 0.114527
0.037734 0.001676 0.117643
0.035814 0.001371 0.121351
0.035988 0.003134 0.121689
0.026532 0.001357 0.127169
0.026867 0.002900 0.127450
0.027123 0.004524 0.127997
0.028251 0.007079 0.128959
0.035865 0.013934 0.132113
0.038602 0.015273 0.130074
0.040773 0.018480 0.127724
0.023457 0.001407 0.129915
0.023582 0.003237 0.129955
0.023805 0.005647 0.129875
0.024923 0.008275 0.130111
0.034051 0.015263 0.133424
0.021334 0.001451 0.134238
0.021465 0.003378 0.134162
0.021810 0.005783 0.133913
0.020536 0.001606 0.138406
0.020693 0.003554 0.138235
0.021400 0.006026 0.137559
0.022354 0.001674 0.142652
0.021994 0.003819 0.142139
0.022376 0.006378 0.141202
0.024726 0.001744 0.145658
0.024576 0.004113 0.144973
0.024663 0.006672 0.144159
0.026302 0.001827 0.148088
0.026557 0.004382 0.147578
0.027697 0.006881 0.146493
0.028915 0.001975 0.150461
0.029366 0.004598 0.150189
0.030603 0.007555 0.148846
0.033149 0.010226 0.146805
0.031152 0.002232 0.152663
0.031771 0.004987 0.152186
0.033285 0.008019 0.150514
0.036215 0.010594 0.148052
0.033150 0.002518 0.154754
0.034051 0.005198 0.153975
0.035766 0.008421 0.152310
0.038758 0.010682 0.149989
0.046373 0.014824 0.145646
0.035266 0.002941 0.157147
0.035944 0.005705 0.156155
0.038074 0.008807 0.154337
0.041190 0.010636 0.152356
0.037394 0.003322 0.159285
0.038055 0.005997 0.158261
0.040481 0.008815 0.156439
0.043901 0.010440 0.155002
0.039540 0.003672 0.161225
0.040296 0.006323 0.160618
0.042840 0.008791 0.159261
0.041468 0.003619 0.162764
0.042332 0.006296 0.162265
0.044410 0.008185 0.161172
0.044278 0.003641 0.165046
0.045119 0.006101 0.164427
0.047179 0.007852 0.163716
0.046493 0.003657 0.167510
0.047017 0.006155 0.167006
0.048563 0.008519 0.166211
0.057430 0.011552 0.165625
0.048583 0.004159 0.169894
0.049247 0.006711 0.169753
0.054573 0.022417 0.176927
0.055860 0.027719 0.176498
0.057600 0.033573 0.175622
0.059488 0.038919 0.174768
0.061791 0.043504 0.173889
0.055011 0.027582 0.178396
0.057198 0.033967 0.176995
0.071509 0.053048 0.168659
0.053414 0.023705 0.136113
0.055166 0.028393 0.130740
0.057218 0.034716 0.129610
0.060013 0.040262 0.130027
0.063671 0.045987 0.131606
0.058647 0.019288 0.152808
0.059780 0.030199 0.144547
0.060755 0.033630 0.143642
0.061465 0.037728 0.143749
0.063128 0.041430 0.144557
0.066009 0.044458 0.146530
0.068922 0.046769 0.150014
0.071861 0.048903 0.155058
0.072810 0.050087 0.164072
0.070179 0.048832 0.165663
0.067690 0.046160 0.166254
0.064719 0.042653 0.166835
0.062797 0.039227 0.167932
0.061959 0.036028 0.169053
0.061241 0.032221 0.169999
0.060792 0.027699 0.170712
0.061216 0.023281 0.170994
0.061645 0.019990 0.169559
0.061733 0.017684 0.167845
0.062662 0.016199 0.166532
0.062178 0.014859 0.165096
0.057661 0.016173 0.154557
0.056626 0.016826 0.151174
0.057740 0.029787 0.141564
0.059040 0.034294 0.140316
0.060723 0.038466 0.141129
0.062691 0.042394 0.142501
0.065386 0.045792 0.144591
0.068462 0.048152 0.147385
0.072163 0.050314 0.151506
0.074462 0.052292 0.157720
0.075364 0.052865 0.162209
0.074303 0.052403 0.164704
0.064683 0.043842 0.168902
0.062521 0.040456 0.170100
0.061005 0.037287 0.170994
0.059964 0.033058 0.171904
0.058899 0.028036 0.172684
0.058878 0.023174 0.173146
0.059434 0.019195 0.171793
0.058951 0.016120 0.169888
0.059031 0.013826 0.168116
0.064241 0.045445 0.171021
0.061779 0.042050 0.172189
0.060020 0.038081 0.173186
0.058513 0.033303 0.173952
0.057063 0.027881 0.174555
0.056373 0.022656 0.174942
0.056694 0.018388 0.173988
0.056465 0.014867 0.172171
0.061171 0.013668 0.162948
0.056522 0.013234 0.158136
0.056690 0.028966 0.139173
0.058500 0.034463 0.138197
0.060487 0.039110 0.139200
0.062581 0.043269 0.140695
0.065238 0.046882 0.142636
0.068718 0.050108 0.145109
0.057595 0.022772 0.082038
0.053228 0.017041 0.078176
0.051993 0.014228 0.077464
0.051567 0.011301 0.077342
0.050113 0.008247 0.076999
0.049682 0.002734 0.076816
0.046654 0.020790 0.103486
0.042242 0.015422 0.105780
0.040830 0.012487 0.106860
0.038687 0.007442 0.107444
0.038268 0.004482 0.105132
0.047273 0.010928 0.083774
0.045893 0.009016 0.083313
0.060364 0.034313 0.088412
0.068125 0.035107 0.074160
0.066732 0.029307 0.063937
0.068654 0.029037 0.058306
0.064236 0.026488 0.060784
0.054373 0.029161 0.126946
0.037665 0.017514 0.131167
0.051951 0.009866 0.165649
0.053484 0.022524 0.179083
0.062265 0.020671 0.153943
0.063190 0.030031 0.149527
0.063652 0.033529 0.148834
0.064363 0.036969 0.148748
0.066082 0.040297 0.149369
0.069292 0.043597 0.151527
0.070931 0.045789 0.155395
0.071463 0.047232 0.159576
0.071220 0.047349 0.162093
0.069263 0.046471 0.163329
0.067281 0.044214 0.163723
0.065127 0.040970 0.164045
0.063301 0.037602 0.164884
0.062022 0.034383 0.165980
0.061323 0.030270 0.167177
0.062436 0.027552 0.167277
0.063260 0.024043 0.167165
0.063790 0.021051 0.166580
0.063991 0.018937 0.165606
0.064088 0.017594 0.164729
0.063827 0.016800 0.163677
0.059358 0.018604 0.154426
0.063777 0.016662 0.161814
0.062224 0.016473 0.159866
0.053981 0.020719 0.084930
0.050800 0.014826 0.081078
0.049530 0.012335 0.080460
0.048550 0.010084 0.079963
0.048274 0.007488 0.080128
0.047310 0.002568 0.080681
0.041394 0.016607 0.126763
0.063138 0.018944 0.156719
0.097347 0.030865 0.043803
0.100131 0.028403 0.049269
0.104975 0.022617 0.063853
0.119355 0.052726 0.063820
0.118851 0.055626 0.062634
0.095984 0.023995 0.038783
0.099850 0.030409 0.042143
0.114047 0.049950 0.056133
0.099787 0.021171 0.043511
0.104349 0.028460 0.046710
0.115273 0.047018 0.057743
0.108183 0.034215 0.050244
0.104261 0.038396 0.045180
0.108183 0.017669 0.056631
0.110407 0.022471 0.059340
0.112363 0.027000 0.061663
0.102214 0.002828 0.030686
0.103727 0.010539 0.031449
0.106351 0.014784 0.031377
0.107349 0.020993 0.031426
0.106749 0.030066 0.033505
0.110865 0.037515 0.037058
0.120130 0.050914 0.046329
0.126991 0.056258 0.053853
0.104628 0.002935 0.032465
0.105397 0.009864 0.032631
0.107750 0.014704 0.033274
0.107701 0.020954 0.033130
0.109141 0.029064 0.034678
0.113361 0.036335 0.037805
0.122414 0.049041 0.046573
0.128110 0.055133 0.053566
0.111070 0.003491 0.036091
0.111130 0.010231 0.036739
0.112661 0.014421 0.037315
0.114426 0.019288 0.038260
0.115578 0.026815 0.040497
0.118400 0.033332 0.042266
0.126284 0.044937 0.047372
0.129933 0.050540 0.054297
0.087001 0.002627 0.037446
0.088963 0.010498 0.038589
0.085744 0.015069 0.040178
0.105045 0.063035 0.084506
0.105264 0.060446 0.085148
0.090209 0.020861 0.045351
0.088281 0.023504 0.040947
0.084522 0.016421 0.037098
0.082039 0.002671 0.038415
0.081858 0.002755 0.036314
0.084086 0.010199 0.039129
0.082685 0.011207 0.036510
0.094200 0.032385 0.055339
0.091944 0.035674 0.050652
0.090002 0.026385 0.051592
0.087090 0.029051 0.045222
0.086314 0.045694 0.067172
0.089107 0.043296 0.069533
0.082794 0.033315 0.052456
0.087238 0.034501 0.051311
0.084966 0.030378 0.056143
0.089093 0.031473 0.055611
0.090693 0.046991 0.065728
0.094904 0.048272 0.063967
0.092915 0.044087 0.067980
0.096691 0.045141 0.066386
0.078409 0.025748 0.048620
0.082486 0.027708 0.046177
0.080731 0.023396 0.052222
0.085147 0.025149 0.051494
0.073746 0.019097 0.047197
0.078280 0.020845 0.044342
0.075614 0.017594 0.049857
0.080401 0.018798 0.047788
0.069531 0.013381 0.046954
0.074331 0.014208 0.043625
0.071573 0.012783 0.048407
0.075970 0.013409 0.045336
0.067772 0.009850 0.046631
0.072367 0.010151 0.043355
0.069793 0.009261 0.048278
0.074037 0.009547 0.045073
0.066072 0.002803 0.046321
0.070277 0.002857 0.043250
0.067446 0.002562 0.047961
0.071602 0.002537 0.045069
0.124206 0.055929 0.076196
0.119325 0.058335 0.078444
0.112467 0.060354 0.081650
0.123887 0.062929 0.073928
0.118925 0.062673 0.077186
0.112469 0.063366 0.080571
0.086238 0.058709 0.141308
0.082290 0.058963 0.133917
0.084401 0.062727 0.140743
0.081160 0.062076 0.132575
0.079327 0.056649 0.125283
0.078314 0.058899 0.124481
0.091776 0.053036 0.145396
0.091114 0.048498 0.135635
0.088519 0.044337 0.128880
0.074733 0.053542 0.147216
0.073677 0.054551 0.147000
0.079623 0.057487 0.151537
0.080351 0.056305 0.151841
0.075676 0.056291 0.145437
0.076338 0.054742 0.145575
0.082074 0.058189 0.159346
0.082896 0.057197 0.159339
0.077448 0.056277 0.153079
0.078284 0.055491 0.153266
0.094150 0.059520 0.091634
0.099409 0.061196 0.088474
0.096985 0.068225 0.115459
0.102430 0.071490 0.112708
0.100351 0.069260 0.126392
0.105392 0.072949 0.124338
0.103317 0.070831 0.136368
0.108237 0.074027 0.134826
0.100055 0.059054 0.088690
0.094968 0.057634 0.092002
0.103581 0.068463 0.113432
0.098431 0.066048 0.115819
0.106089 0.070192 0.125297
0.101070 0.067297 0.127198
0.108899 0.071167 0.135602
0.103638 0.068711 0.137112
0.116058 0.072716 0.179363
0.121821 0.074130 0.178948
0.116524 0.071080 0.180224
0.121974 0.072845 0.179721
0.094780 0.064593 0.139413
0.093885 0.066805 0.138816
0.092002 0.063297 0.130313
0.091188 0.065091 0.129745
0.089215 0.061502 0.120452
0.088261 0.063294 0.119934
0.080827 0.050713 0.100457
0.080556 0.051931 0.100012
0.099551 0.067243 0.180706
0.105063 0.070117 0.180050
0.100557 0.066145 0.193573
0.106434 0.068766 0.193360
0.117944 0.073134 0.193245
0.124176 0.074593 0.193103
0.101326 0.065220 0.193949
0.107106 0.067586 0.193672
0.118326 0.070976 0.193743
0.124410 0.072789 0.193695
0.100394 0.064605 0.181447
0.105752 0.067236 0.181299
0.090457 0.059001 0.182744
0.089650 0.061603 0.182333
0.082286 0.055284 0.182176
0.080705 0.055762 0.174701
0.081819 0.057012 0.182368
0.080117 0.057260 0.174816
0.078317 0.055411 0.165506
0.077423 0.056414 0.165303
0.072325 0.052508 0.177475
0.070871 0.051752 0.175288
0.071642 0.053811 0.177618
0.069957 0.052861 0.174896
0.073896 0.051781 0.184081
0.073179 0.053023 0.184375
0.065795 0.045828 0.184546
0.065013 0.046130 0.180432
0.064667 0.047396 0.184916
0.062528 0.048009 0.179134
0.064286 0.045010 0.177894
0.062404 0.046651 0.176897
0.055019 0.032667 0.186711
0.056741 0.031320 0.186302
0.057886 0.026138 0.195390
0.056714 0.026965 0.195936
0.063091 0.035659 0.193677
0.061780 0.036908 0.194361
0.067830 0.044743 0.193615
0.066875 0.045961 0.194247
0.075292 0.050783 0.193711
0.074658 0.051954 0.194350
0.083364 0.055231 0.193610
0.082934 0.056535 0.194251
0.091936 0.058498 0.194452
0.091303 0.059918 0.193960
0.051915 0.024898 0.102049
0.052667 0.022917 0.100058
0.050984 0.025224 0.101449
0.052062 0.022626 0.098960
0.054503 0.023208 0.097492
0.054445 0.023920 0.098266
0.054489 0.021717 0.094475
0.053664 0.020413 0.090833
0.055675 0.019072 0.090730
0.056469 0.021068 0.094358
0.057918 0.021404 0.088258
0.056389 0.022803 0.087785
0.059214 0.022945 0.090464
0.057724 0.021442 0.093310
0.058048 0.023879 0.090899
0.055386 0.022126 0.093721
0.049967 0.023165 0.102734
0.051117 0.020800 0.100433
0.048961 0.023353 0.102197
0.049412 0.020898 0.099199
0.053268 0.025913 0.101775
0.053801 0.024675 0.099542
0.052398 0.026123 0.101150
0.052541 0.024689 0.098996
0.054678 0.022086 0.097132
0.055117 0.020679 0.098173
0.054784 0.022839 0.097195
0.054874 0.022605 0.097291
0.056553 0.023076 0.096687
0.054813 0.023835 0.096769
0.054915 0.023547 0.097507
0.055717 0.022968 0.097726
0.056926 0.023201 0.095997
0.054904 0.024017 0.096299
0.055473 0.024196 0.095841
0.057608 0.023159 0.095461
0.049463 0.015662 0.087294
0.053164 0.014215 0.087320
0.058023 0.013196 0.089707
0.062156 0.016121 0.091606
0.054690 0.004521 0.085967
0.049531 0.004297 0.084820
0.044924 0.004525 0.084050
0.043542 0.015549 0.101523
0.046437 0.015808 0.101596
0.049990 0.015862 0.103732
0.046310 0.018005 0.105228
0.043822 0.017919 0.105487
0.055486 0.015137 0.107837
0.044921 0.019799 0.107660
0.046083 0.019894 0.108007
0.055663 0.016166 0.110223
0.044774 0.014617 0.103321
0.046388 0.016880 0.103035
0.041926 0.014461 0.104180
0.043540 0.016748 0.103077
0.049015 0.014600 0.104858
0.050132 0.016632 0.104919
0.048805 0.020078 0.102053
0.046402 0.019346 0.101879
0.052027 0.018681 0.104224
0.039530 0.009238 0.103101
0.042450 0.008918 0.103144
0.046163 0.008722 0.103203
0.040270 0.011837 0.105145
0.043131 0.012011 0.104282
0.047414 0.011821 0.104940
0.046131 0.021317 0.111652
0.047299 0.021450 0.112240
0.057250 0.017271 0.114777
0.042028 0.009555 0.106430
0.039409 0.010114 0.107216
0.050797 0.008687 0.107067
0.046139 0.008694 0.104405
0.042243 0.009316 0.104761
0.045700 0.005298 0.104010
0.041510 0.006527 0.104387
0.039569 0.010050 0.105481
0.038373 0.007465 0.105256
0.041383 0.009090 0.110324
0.039604 0.010100 0.110204
0.051803 0.008858 0.109929
0.041621 0.009452 0.113614
0.039919 0.010044 0.113907
0.052265 0.008600 0.112850
0.049370 0.005918 0.104771
0.049287 0.005755 0.103656
0.049112 0.004605 0.102430
0.049063 0.004022 0.101585
0.047710 0.004173 0.099551
0.050609 0.008519 0.105730
0.050490 0.008272 0.104465
0.050311 0.007978 0.103547
0.049922 0.007369 0.102505
0.048647 0.006702 0.100292
0.049905 0.008524 0.101333
0.051845 0.010772 0.106603
0.051653 0.010401 0.105387
0.051318 0.010014 0.104263
0.051115 0.009475 0.103429
0.050899 0.010313 0.101869
0.053374 0.013367 0.106982
0.052925 0.012862 0.105963
0.052642 0.012248 0.104969
0.052285 0.011688 0.104037
0.052815 0.012412 0.102706
0.055076 0.015086 0.106778
0.054658 0.014630 0.106032
0.054067 0.014033 0.105375
0.053685 0.013506 0.104579
0.054647 0.014699 0.103276
0.056149 0.016605 0.106323
0.055850 0.016236 0.105483
0.055703 0.015833 0.104983
0.055427 0.015372 0.104672
0.056629 0.017297 0.108535
0.055713 0.015645 0.108640
0.053974 0.013561 0.109341
0.052119 0.011311 0.108512
0.051144 0.008770 0.108054
0.049827 0.006375 0.107214
0.049192 0.004427 0.106548
0.041473 0.003733 0.102904
0.037980 0.003920 0.103364
0.044686 0.002615 0.102531
0.044648 0.002636 0.101005
0.044667 0.002609 0.099823
0.044706 0.002663 0.098578
0.044739 0.002537 0.097305
0.044782 0.002749 0.103731
0.040205 0.001459 0.113692
0.040715 0.001456 0.110031
0.038106 0.001533 0.114641
0.038609 0.002013 0.110169
0.050813 0.001841 0.111663
0.049923 0.001998 0.108762
0.041070 0.001779 0.104659
0.038130 0.002187 0.105071
0.049277 0.002000 0.106185
0.049074 0.001948 0.105069
0.041273 0.001594 0.102089
0.037717 0.002009 0.102955
0.041196 0.001465 0.101160
0.037264 0.001661 0.101308
0.045183 0.001020 0.103559
0.045075 0.000993 0.102401
0.044985 0.000982 0.100789
0.044977 0.001095 0.099605
0.044632 0.001166 0.098453
0.044277 0.001242 0.097203
0.048882 0.002729 0.100668
0.049044 0.003960 0.104152
0.048962 0.003138 0.102803
0.048943 0.002921 0.101859
0.047124 0.002591 0.098927
0.048636 0.001497 0.099935
0.048882 0.001919 0.104041
0.048748 0.001757 0.102425
0.048747 0.001630 0.101338
0.046745 0.001287 0.097911
0.057318 0.018946 0.097719
0.059947 0.018124 0.095479
0.056041 0.019535 0.098899
0.062411 0.017893 0.094001
0.063654 0.018233 0.092870
0.055180 0.016685 0.084263
0.052132 0.017707 0.082540
0.050950 0.004242 0.081596
0.047981 0.005139 0.080426
0.061424 0.015295 0.087931
0.063836 0.018304 0.089889
0.064174 0.019867 0.091115
0.055692 0.004564 0.084090
0.060011 0.024268 0.092635
0.058703 0.023237 0.094502
0.058936 0.025002 0.092953
0.056125 0.024490 0.095228
0.056979 0.021442 0.098565
0.058147 0.019823 0.098219
0.060417 0.019169 0.096562
0.062465 0.019142 0.095201
0.063627 0.019823 0.093935
0.066656 0.017411 0.087337
0.057718 0.019166 0.081274
0.064374 0.020931 0.092799
0.056344 0.026380 0.096079
0.058656 0.024828 0.096062
0.056167 0.026238 0.096395
0.057935 0.024949 0.096652
0.056141 0.025989 0.096622
0.058052 0.024156 0.097001
0.056320 0.025624 0.096915
0.056775 0.024949 0.097024
0.058288 0.021921 0.098788
0.059223 0.020035 0.098682
0.059928 0.019740 0.098536
0.061081 0.020117 0.097794
0.063244 0.020197 0.095787
0.064299 0.020942 0.095228
0.050429 0.021951 0.101668
0.049521 0.022115 0.100703
0.052042 0.023549 0.101121
0.053471 0.025376 0.100536
0.051534 0.024000 0.100522
0.052616 0.025455 0.100095
0.055996 0.016296 0.102646
0.056240 0.016750 0.104255
0.056210 0.016893 0.104726
0.056243 0.017194 0.105230
0.056507 0.017589 0.106200
0.056861 0.018111 0.107347
0.053337 0.019476 0.103021
0.053330 0.020203 0.104086
0.057101 0.018441 0.108213
0.056701 0.017772 0.101767
0.056789 0.017619 0.103551
0.056877 0.017955 0.104020
0.057227 0.018650 0.104737
0.058198 0.019749 0.106025
0.058775 0.020034 0.107197
0.054935 0.021188 0.102654
0.054773 0.021845 0.103778
0.058972 0.020030 0.107783
0.056891 0.019294 0.100878
0.057411 0.018411 0.102501
0.057798 0.018937 0.103255
0.059533 0.020303 0.104572
0.061233 0.020924 0.106151
0.061189 0.020968 0.106880
0.056314 0.023155 0.102317
0.056415 0.023381 0.103518
0.061158 0.020847 0.107365
0.056434 0.022618 0.101322
0.056615 0.021909 0.100580
0.054734 0.023358 0.098041
0.057712 0.002893 0.085039
0.057061 0.002920 0.087104
0.056741 0.002971 0.088599
0.055957 0.003097 0.090259
0.053901 0.002273 0.092782
0.051958 0.002024 0.095217
0.058632 0.005764 0.085598
0.057982 0.005562 0.087477
0.057058 0.005205 0.088687
0.055802 0.004464 0.090548
0.054071 0.004002 0.093634
0.050982 0.003942 0.096026
0.059237 0.007975 0.085739
0.058649 0.007234 0.087838
0.057635 0.006743 0.089317
0.055815 0.006156 0.091470
0.053902 0.005701 0.094163
0.050736 0.005802 0.096839
0.059430 0.008901 0.085795
0.058932 0.008334 0.087730
0.057728 0.007527 0.090410
0.056194 0.007577 0.092147
0.053906 0.007463 0.094946
0.050975 0.007958 0.097916
0.062031 0.012957 0.086649
0.058722 0.008465 0.089185
0.057513 0.008919 0.090908
0.056500 0.008541 0.092702
0.054150 0.008916 0.095536
0.050968 0.009826 0.098457
0.062850 0.013802 0.087687
0.058605 0.010854 0.089634
0.057790 0.010373 0.091171
0.056926 0.009689 0.093081
0.054822 0.010608 0.096411
0.051069 0.011567 0.098569
0.063508 0.014967 0.088542
0.060357 0.013181 0.090819
0.058788 0.012418 0.091998
0.057809 0.011834 0.093642
0.056301 0.012859 0.097396
0.054066 0.013527 0.099658
0.064176 0.016400 0.089315
0.061645 0.014515 0.091256
0.060006 0.014148 0.092724
0.058922 0.013635 0.094415
0.057613 0.014934 0.098297
0.056081 0.015498 0.099564
0.065082 0.017682 0.090517
0.063452 0.015598 0.091989
0.062113 0.015180 0.093584
0.060115 0.014675 0.095113
0.057794 0.016706 0.098458
0.056710 0.017369 0.099558
0.065401 0.018999 0.091701
0.064521 0.017531 0.093294
0.063186 0.016924 0.094676
0.060657 0.016467 0.096227
0.057844 0.018047 0.098692
0.056987 0.018733 0.099491
0.065541 0.019630 0.093475
0.064525 0.018544 0.094351
0.063215 0.017985 0.095873
0.060950 0.017807 0.097496
0.058560 0.018410 0.099250
0.057418 0.019322 0.099921
0.065485 0.019649 0.096290
0.064276 0.019005 0.096680
0.063039 0.018653 0.097868
0.061726 0.017915 0.099095
0.060160 0.018206 0.099724
0.058104 0.019523 0.100510
0.054520 0.020119 0.079523
0.060870 0.020834 0.078224
0.056654 0.021833 0.075866
0.061271 0.022363 0.072547
0.058931 0.023105 0.072106
0.062856 0.027419 0.082789
0.063920 0.029493 0.076743
0.060723 0.028448 0.081004
0.062359 0.030303 0.076499
0.060398 0.025377 0.086703
0.059239 0.026430 0.085645
0.061506 0.026429 0.088537
0.063524 0.029103 0.085004
0.060082 0.027742 0.087635
0.061505 0.029995 0.082948
0.064630 0.031812 0.078603
0.062998 0.032523 0.078019
0.062209 0.025598 0.081239
0.063731 0.028018 0.075230
0.059779 0.026732 0.079202
0.061527 0.028211 0.074687
0.059533 0.023912 0.084800
0.058242 0.024939 0.083724
0.068499 0.019519 0.092380
0.075291 0.023337 0.091746
0.079671 0.025542 0.090306
0.068795 0.020322 0.094214
0.075799 0.022766 0.094502
0.080633 0.025879 0.093760
0.067919 0.019061 0.090361
0.074250 0.022560 0.089819
0.078242 0.024620 0.087479
0.055223 0.023829 0.097725
0.056904 0.022561 0.098396
0.055195 0.024666 0.097678
0.057185 0.022705 0.099419
0.058014 0.018941 0.101863
0.057078 0.019766 0.100472
0.054899 0.024417 0.097231
0.055027 0.024097 0.097185
0.054949 0.025375 0.097878
0.057278 0.023129 0.100139
0.054655 0.024961 0.097420
0.058481 0.019377 0.102636
0.054705 0.025947 0.098277
0.057327 0.023564 0.101002
0.054205 0.025584 0.098151
0.060345 0.020665 0.104038
0.054571 0.026504 0.099044
0.057556 0.023705 0.102181
0.053600 0.026322 0.098370
0.061896 0.021636 0.105210
0.054496 0.026991 0.100126
0.057890 0.023900 0.103288
0.053614 0.026962 0.099437
0.062129 0.021727 0.105863
0.054504 0.027284 0.101116
0.062328 0.021723 0.106376
0.053582 0.027421 0.100454
0.056427 0.025930 0.097354
0.058366 0.022318 0.099481
0.055744 0.026447 0.097051
0.059202 0.019452 0.101327
0.056086 0.026714 0.097457
0.058410 0.022668 0.099921
0.055448 0.026859 0.097149
0.059826 0.019888 0.101927
0.055899 0.027183 0.097785
0.058737 0.022673 0.100901
0.055036 0.027221 0.097301
0.061561 0.020489 0.103331
0.056000 0.027620 0.098430
0.059403 0.023282 0.101785
0.054952 0.027574 0.097719
0.062885 0.021364 0.104368
0.055740 0.027307 0.096286
0.057398 0.026784 0.096672
0.061124 0.020757 0.100263
0.063075 0.019632 0.101941
0.056548 0.028067 0.099584
0.060597 0.023297 0.102974
0.054956 0.028285 0.098292
0.063538 0.021357 0.104598
0.056292 0.028082 0.095725
0.057922 0.027603 0.096550
0.061479 0.020868 0.100485
0.064460 0.021042 0.102671
0.056888 0.028377 0.100839
0.063806 0.021572 0.105119
0.055143 0.028795 0.099002
0.057858 0.028999 0.094742
0.059319 0.028190 0.096179
0.065561 0.021721 0.101848
0.049732 0.024500 0.104687
0.048596 0.024943 0.104430
0.052025 0.025494 0.104126
0.050620 0.026442 0.103329
0.053776 0.026082 0.104125
0.052145 0.027092 0.102981
0.055555 0.027239 0.103580
0.053644 0.028545 0.101867
0.057966 0.019049 0.109848
0.059729 0.020118 0.109320
0.061461 0.021158 0.108488
0.062718 0.021666 0.107608
0.064699 0.022294 0.106425
0.049924 0.005530 0.076887
0.050130 0.005631 0.073537
0.048996 0.005402 0.068891
0.048128 0.005741 0.065727
0.048326 0.006188 0.063231
0.049647 0.006393 0.060127
0.052325 0.006418 0.055257
0.061963 0.006015 0.048733
0.066698 0.005801 0.046676
0.070996 0.006121 0.043230
0.076327 0.006186 0.039660
0.082022 0.006598 0.036292
0.086590 0.006860 0.034861
0.089941 0.007013 0.034204
0.105681 0.006475 0.032540
0.052324 0.004318 0.078337
0.052606 0.005189 0.074275
0.051615 0.005227 0.069911
0.050477 0.005461 0.066132
0.050418 0.005934 0.063879
0.051719 0.006059 0.061988
0.055002 0.005950 0.058272
0.063725 0.005618 0.050986
0.068216 0.005753 0.048107
0.072284 0.005805 0.044755
0.077059 0.005960 0.041493
0.082590 0.006069 0.038569
0.087476 0.006111 0.037566
0.092335 0.006423 0.037311
0.060009 0.005704 0.081983
0.061733 0.005497 0.078661
0.062680 0.005219 0.074829
0.062983 0.005062 0.070493
0.063214 0.005089 0.067893
0.063128 0.004983 0.065073
0.062937 0.004693 0.061842
0.067962 0.005546 0.055285
0.102728 0.005524 0.051311
0.086905 0.005600 0.057018
0.073756 0.002803 0.057384
0.081035 0.002468 0.057063
0.091159 0.002330 0.055643
0.095954 0.002313 0.054860
0.074099 0.005342 0.056981
0.080524 0.005736 0.056883
0.093655 0.005547 0.056015
0.098442 0.005521 0.054590
0.074997 0.008451 0.056923
0.081259 0.008423 0.057415
0.094693 0.009016 0.057407
0.099687 0.008980 0.055902
0.077027 0.012054 0.057826
0.083005 0.012060 0.058644
0.096276 0.012918 0.059393
0.101128 0.012839 0.058079
0.080727 0.016120 0.059322
0.086603 0.016355 0.061405
0.098129 0.016518 0.062041
0.103357 0.006427 0.032351
0.111091 0.006589 0.036361
0.054214 0.003244 0.051982
0.057133 0.003040 0.049809
0.057187 0.002857 0.055437
0.059554 0.002794 0.052752
0.062813 0.002332 0.059912
0.064191 0.002628 0.057662
0.055150 0.006201 0.052172
0.058219 0.006146 0.049843
0.057700 0.005681 0.055204
0.060416 0.005560 0.052678
0.063465 0.004853 0.059772
0.064542 0.005192 0.057551
0.057014 0.010217 0.052282
0.059996 0.010013 0.050207
0.059750 0.009025 0.055442
0.062678 0.009041 0.053027
0.064531 0.007793 0.059663
0.065960 0.008133 0.057035
0.058850 0.013157 0.052538
0.061885 0.012989 0.050732
0.064375 0.011958 0.053136
0.068828 0.011485 0.057455
0.073396 0.019309 0.076162
0.071500 0.020512 0.085958
0.074740 0.021855 0.082111
0.062583 0.017397 0.053261
0.065484 0.017581 0.051160
0.067833 0.016263 0.053549
0.066896 0.023731 0.054014
0.070350 0.024008 0.052218
0.068562 0.022797 0.055890
0.072215 0.022598 0.054379
0.072724 0.029579 0.057266
0.076056 0.030219 0.055929
0.074568 0.027657 0.059448
0.078333 0.028043 0.058567
0.072501 0.015496 0.058920
0.074622 0.019802 0.061976
0.077504 0.020627 0.060412
0.079872 0.024140 0.067986
0.081328 0.025993 0.065977
0.100214 0.022809 0.064988
0.095041 0.022255 0.064912
0.089490 0.021584 0.063375
0.085330 0.020967 0.060682
0.098748 0.028815 0.067090
0.092871 0.028171 0.063650
0.087719 0.027790 0.063042
0.076277 0.022174 0.078442
0.072087 0.032094 0.062559
0.072995 0.035990 0.066813
0.075692 0.033989 0.061146
0.077400 0.038045 0.065629
0.079169 0.035914 0.059761
0.081362 0.040271 0.064093
0.082640 0.037761 0.058059
0.085272 0.042005 0.062400
0.086714 0.039106 0.056302
0.089213 0.043627 0.060424
0.091071 0.040095 0.055247
0.093475 0.044582 0.059282
0.095465 0.040759 0.054179
0.097978 0.045282 0.058105
0.100312 0.042202 0.052219
0.103203 0.046046 0.056935
0.104902 0.042494 0.050519
0.107960 0.046050 0.055086
0.108338 0.042071 0.049290
0.111432 0.045944 0.052729
0.067986 0.031755 0.068867
0.073870 0.030490 0.064471
0.075230 0.033861 0.068985
0.078211 0.032115 0.063716
0.079991 0.036065 0.067948
0.081550 0.033835 0.062420
0.083825 0.038042 0.066627
0.084941 0.035644 0.060914
0.087698 0.039804 0.064873
0.089179 0.036880 0.059828
0.091720 0.040907 0.063407
0.093102 0.037450 0.058943
0.095376 0.041766 0.062145
0.097359 0.038309 0.057277
0.099460 0.042783 0.060336
0.101413 0.039404 0.055731
0.103715 0.043715 0.058837
0.105814 0.039961 0.053838
0.108260 0.043730 0.057017
0.110908 0.039079 0.052679
0.113032 0.043070 0.055023
0.070207 0.030427 0.070538
0.063542 0.028465 0.070188
0.065829 0.027239 0.072039
0.064283 0.031985 0.075547
0.066022 0.031584 0.076846
0.073843 0.040629 0.078261
0.073881 0.042423 0.083676
0.078940 0.043051 0.076450
0.079194 0.045269 0.081905
0.083441 0.045851 0.074455
0.083759 0.048152 0.079779
0.087394 0.048191 0.072636
0.088190 0.050679 0.077958
0.091872 0.049726 0.071130
0.092848 0.052313 0.076394
0.096464 0.051124 0.069501
0.097567 0.053732 0.074361
0.101523 0.052580 0.067432
0.102692 0.055163 0.071613
0.107213 0.052681 0.065399
0.108772 0.055023 0.069050
0.112295 0.052418 0.062949
0.114112 0.054994 0.066202
0.116577 0.053099 0.059066
0.068359 0.037642 0.079948
0.067867 0.039730 0.085014
0.063465 0.037066 0.086244
0.075491 0.039683 0.080120
0.075102 0.041547 0.085121
0.081149 0.041974 0.078555
0.080887 0.044198 0.082939
0.085964 0.044485 0.076279
0.085747 0.046917 0.080491
0.089952 0.046380 0.074213
0.090175 0.048812 0.078671
0.093771 0.047217 0.073084
0.094147 0.049553 0.077499
0.097908 0.048197 0.071412
0.098559 0.050717 0.075350
0.102221 0.049638 0.069082
0.103332 0.051619 0.073082
0.107690 0.050319 0.066792
0.109083 0.051739 0.070660
0.112872 0.050147 0.064165
0.114631 0.052096 0.067260
0.117370 0.050239 0.060543
0.069031 0.036508 0.081388
0.068576 0.038813 0.086225
0.064066 0.036879 0.087256
0.079423 0.023908 0.076537
0.082732 0.025736 0.075470
0.085093 0.027984 0.072303
0.086361 0.029623 0.068823
0.088849 0.031359 0.066588
0.091868 0.032593 0.066292
0.095456 0.033478 0.066205
0.100724 0.033188 0.067518
0.104757 0.032954 0.069299
0.109113 0.032474 0.067340
0.114365 0.031128 0.064447
0.078810 0.024634 0.084294
0.083434 0.027096 0.083501
0.086145 0.028573 0.080654
0.089148 0.030705 0.077704
0.090790 0.032518 0.074563
0.092792 0.034774 0.071273
0.095863 0.036534 0.070114
0.099681 0.036414 0.068389
0.103831 0.036051 0.068798
0.107574 0.035207 0.070279
0.111060 0.035655 0.069822
0.115455 0.034843 0.066610
0.083086 0.026734 0.092994
0.086015 0.027909 0.092594
0.089202 0.030159 0.088561
0.092108 0.032151 0.084950
0.094765 0.034768 0.080279
0.096590 0.036972 0.077252
0.098323 0.038427 0.073248
0.101124 0.039526 0.071505
0.105429 0.039402 0.071219
0.110211 0.039276 0.071420
0.113092 0.038126 0.071546
0.116990 0.038350 0.068796
0.082016 0.024972 0.099380
0.086276 0.027657 0.097862
0.090564 0.028862 0.095344
0.093787 0.031717 0.091737
0.097493 0.034946 0.087653
0.099456 0.037887 0.082402
0.101052 0.039894 0.079193
0.103569 0.040512 0.076969
0.107038 0.041257 0.075290
0.111320 0.041815 0.074107
0.114484 0.041454 0.072924
0.117955 0.040379 0.071860
0.080227 0.025155 0.103786
0.084936 0.028012 0.101809
0.089488 0.029441 0.099068
0.093587 0.030501 0.095385
0.098615 0.034522 0.091772
0.100074 0.039083 0.086807
0.102243 0.040478 0.084030
0.105330 0.040951 0.081680
0.108604 0.041871 0.079238
0.112281 0.042812 0.077498
0.115553 0.043304 0.075744
0.120036 0.041430 0.073042
0.077967 0.028641 0.116121
0.083533 0.030341 0.115153
0.088022 0.031192 0.114128
0.090968 0.031131 0.108747
0.095350 0.032088 0.105924
0.103014 0.037874 0.101974
0.106132 0.040018 0.099119
0.108983 0.041719 0.095312
0.112099 0.042672 0.091894
0.115340 0.044143 0.088323
0.119161 0.044796 0.084615
0.123507 0.045799 0.081201
0.081485 0.033293 0.119847
0.105737 0.045501 0.123730
0.109342 0.047105 0.121715
0.113956 0.047442 0.119677
0.117872 0.048574 0.117276
0.107125 0.049246 0.132767
0.113307 0.051990 0.129737
0.113265 0.045842 0.151104
0.115659 0.047009 0.149352
0.117279 0.048801 0.146990
0.119213 0.050998 0.144309
0.119541 0.060605 0.182571
0.124417 0.062126 0.181986
0.101958 0.051329 0.184204
0.110922 0.056245 0.183521
0.121810 0.062675 0.197962
0.126861 0.064705 0.198220
0.102733 0.053638 0.198004
0.112367 0.057949 0.197868
0.056129 0.029170 0.096367
0.057897 0.028913 0.098114
0.059040 0.032699 0.100611
0.059151 0.029707 0.099137
0.058168 0.033015 0.099963
0.056719 0.030885 0.097220
0.062987 0.038924 0.108423
0.062225 0.039871 0.108081
0.071327 0.052837 0.127911
0.070636 0.054155 0.127824
0.056568 0.034885 0.125418
0.057267 0.034678 0.126051
0.070707 0.052278 0.119962
0.069851 0.049311 0.111883
0.076169 0.055365 0.117461
0.074928 0.052261 0.109866
0.081909 0.058029 0.114747
0.080720 0.054815 0.107310
0.086485 0.060415 0.112144
0.085471 0.057143 0.104618
0.090800 0.063204 0.109496
0.089973 0.060297 0.101578
0.095209 0.065660 0.107000
0.094502 0.062641 0.098831
0.100965 0.067825 0.103820
0.100109 0.064184 0.095560
0.107941 0.069530 0.100158
0.106435 0.066011 0.091471
0.116105 0.071798 0.095002
0.113847 0.067842 0.086579
0.123522 0.071217 0.091313
0.120528 0.068287 0.082406
0.129274 0.070232 0.088625
0.125994 0.067206 0.079834
0.071232 0.050975 0.119847
0.076898 0.053664 0.117903
0.075621 0.051050 0.110139
0.082778 0.056486 0.115052
0.081087 0.053779 0.107722
0.087324 0.058696 0.112674
0.086164 0.055568 0.105329
0.092074 0.061244 0.109880
0.090974 0.058223 0.102370
0.096740 0.063161 0.107351
0.095619 0.060453 0.099400
0.102272 0.064416 0.104509
0.100951 0.061636 0.096108
0.108669 0.065818 0.101211
0.106774 0.063030 0.092434
0.116509 0.066092 0.097207
0.113890 0.063369 0.088202
0.123014 0.065569 0.093182
0.120522 0.061556 0.084435
0.129033 0.063889 0.090256
0.125969 0.061243 0.081737
0.084120 0.038069 0.126396
0.088956 0.038639 0.125247
0.088923 0.033176 0.119954
0.093588 0.038995 0.121378
0.091881 0.033647 0.115128
0.098663 0.040092 0.119207
0.095751 0.032999 0.112344
0.104681 0.041657 0.116291
0.103011 0.038324 0.109199
0.107947 0.044066 0.113043
0.106784 0.041749 0.105908
0.111711 0.044847 0.110362
0.110226 0.042971 0.102498
0.115442 0.045943 0.107375
0.113678 0.044107 0.098906
0.119545 0.046133 0.104583
0.117280 0.045018 0.095509
0.124369 0.046994 0.101008
0.121517 0.045909 0.091770
0.129174 0.046991 0.097295
0.125808 0.046043 0.086932
0.068014 0.047851 0.112903
0.067811 0.049963 0.120704
0.064786 0.045204 0.113822
0.065247 0.047296 0.121924
0.062336 0.041645 0.115369
0.068502 0.046965 0.113281
0.068585 0.049213 0.121080
0.065474 0.044684 0.114451
0.065566 0.046598 0.122573
0.062524 0.040884 0.116212
0.042450 0.014407 0.117023
0.043313 0.013831 0.117541
0.037910 0.006689 0.118016
0.040161 0.010338 0.117800
0.039828 0.006660 0.117970
0.041102 0.010516 0.118269
0.037326 0.006179 0.122722
0.040676 0.010062 0.122364
0.038675 0.006066 0.123598
0.041026 0.010213 0.122692
0.034413 0.005331 0.125018
0.031006 0.004831 0.126986
0.034870 0.004970 0.126749
0.031837 0.004832 0.128823
0.033118 0.002974 0.124109
0.029974 0.002667 0.126065
0.033706 0.003011 0.125679
0.030638 0.002735 0.127583
0.032755 0.001372 0.123633
0.029583 0.001257 0.125517
0.033212 0.001354 0.125191
0.030183 0.001246 0.127042
0.046335 0.009967 0.157887
0.050091 0.011149 0.157160
0.047652 0.009208 0.157757
0.051500 0.010680 0.157279
0.048014 0.011837 0.153829
0.049005 0.011223 0.153895
0.044904 0.011968 0.150548
0.046001 0.011338 0.150551
0.042117 0.011993 0.147782
0.043082 0.011163 0.147701
0.039653 0.012558 0.146079
0.040505 0.011731 0.145981
0.029145 0.013172 0.141230
0.031023 0.012199 0.141496
0.025120 0.011323 0.135340
0.027516 0.010738 0.135951
0.027588 0.010621 0.131762
0.030382 0.012950 0.133174
0.030298 0.009738 0.133621
0.032450 0.012343 0.134728
0.030859 0.009934 0.130308
0.033367 0.011990 0.132091
0.032164 0.009112 0.132218
0.034334 0.011600 0.133452
0.026616 0.011944 0.138080
0.025517 0.010972 0.133469
0.028784 0.011400 0.138616
0.028005 0.010320 0.134589
0.032525 0.015574 0.139737
0.029896 0.014860 0.137475
0.028655 0.013851 0.135371
0.028986 0.013143 0.134408
0.034043 0.014657 0.139969
0.031580 0.014202 0.138092
0.030540 0.013256 0.136261
0.030821 0.012844 0.135415
0.040283 0.014873 0.142040
0.041372 0.013569 0.141631
0.049252 0.017500 0.143967
0.052529 0.013205 0.148227
0.036367 0.017464 0.137498
0.037478 0.016604 0.137503
0.039955 0.017722 0.138759
0.040865 0.016457 0.138320
0.034269 0.017184 0.136157
0.035628 0.016089 0.136492
0.044116 0.016276 0.138947
0.045042 0.014851 0.138458
0.046843 0.016850 0.141010
0.047734 0.015789 0.140809
0.046942 0.017924 0.136943
0.048076 0.016297 0.136544
0.040010 0.019339 0.133927
0.041650 0.017368 0.133897
0.051303 0.019952 0.142098
0.054986 0.016360 0.143989
0.043289 0.018805 0.125816
0.043383 0.017825 0.126529
0.044549 0.018319 0.124172
0.044948 0.017689 0.124916
0.043975 0.019995 0.130652
0.047268 0.019325 0.132590
0.045043 0.018484 0.130803
0.047989 0.018110 0.132572
0.045594 0.016897 0.120484
0.045916 0.016743 0.120905
0.041838 0.013454 0.123078
0.042369 0.013609 0.123261
0.047016 0.022613 0.115113
0.048049 0.022763 0.115834
0.048713 0.026783 0.113066
0.049927 0.026662 0.113476
0.046938 0.018783 0.120235
0.047392 0.018757 0.120456
0.045004 0.017625 0.122362
0.045528 0.017023 0.122910
0.042935 0.015493 0.122534
0.043186 0.014712 0.123157
0.058271 0.033449 0.106650
0.050119 0.020494 0.122888
0.050600 0.020281 0.123353
0.050510 0.019932 0.125882
0.050978 0.019047 0.126451
0.048109 0.020237 0.128258
0.048314 0.019203 0.128752
0.050635 0.019688 0.130182
0.051112 0.018486 0.130321
0.052112 0.019774 0.131690
0.052696 0.018489 0.131719
0.052413 0.019736 0.128403
0.052746 0.018624 0.128738
0.051236 0.023530 0.122094
0.051987 0.022803 0.122985
0.055282 0.032796 0.117344
0.055864 0.032740 0.118302
0.059146 0.039192 0.120824
0.059582 0.038771 0.121071
0.055935 0.034542 0.121469
0.056589 0.034345 0.122105
0.053624 0.029257 0.123346
0.054074 0.029043 0.123691
0.063034 0.044403 0.121021
0.063366 0.043676 0.121801
0.053464 0.023238 0.129537
0.052662 0.023705 0.125701
0.053688 0.022659 0.129517
0.053397 0.023012 0.126178
0.054294 0.024638 0.138407
0.054706 0.024304 0.138271
0.051721 0.020691 0.138005
0.053723 0.018628 0.138366
0.052698 0.022118 0.140307
0.053037 0.021922 0.140004
0.058078 0.021248 0.150013
0.058194 0.023915 0.147972
0.055938 0.019367 0.148460
0.055671 0.022582 0.146307
0.052738 0.017797 0.147195
0.053241 0.021146 0.144525
0.058404 0.025928 0.146781
0.058961 0.027989 0.145626
0.056058 0.024716 0.144700
0.056836 0.026949 0.143103
0.054080 0.023417 0.142589
0.055404 0.025766 0.140811
0.055793 0.028448 0.136557
0.055489 0.028189 0.133948
0.058051 0.034558 0.135394
0.057628 0.034631 0.132549
0.059391 0.039089 0.136541
0.059828 0.039968 0.133297
0.062752 0.044454 0.138008
0.063110 0.045385 0.135008
0.065782 0.048404 0.140243
0.066292 0.049705 0.137362
0.069219 0.051617 0.142843
0.070131 0.053309 0.140403
0.058652 0.020665 0.150662
0.058764 0.023539 0.148473
0.057538 0.018007 0.149460
0.056039 0.022156 0.146608
0.056750 0.014572 0.149558
0.056834 0.017197 0.146658
0.059057 0.025659 0.147218
0.059644 0.027693 0.146109
0.056307 0.024426 0.144949
0.057259 0.026733 0.143485
0.054366 0.023038 0.142557
0.055846 0.025410 0.140929
0.056316 0.028123 0.136934
0.055799 0.027935 0.134230
0.058687 0.033924 0.135718
0.058218 0.034075 0.132807
0.060341 0.038673 0.136628
0.060603 0.039076 0.133635
0.063379 0.043594 0.138432
0.063821 0.044333 0.135587
0.066509 0.047270 0.140655
0.067053 0.048483 0.137896
0.070033 0.050469 0.142960
0.070954 0.051836 0.140590
0.052354 0.017551 0.135064
0.051105 0.018901 0.135079
0.047037 0.018574 0.125293
0.043145 0.015867 0.124856
0.046590 0.019545 0.124484
0.042600 0.016163 0.124268
0.050404 0.027789 0.107415
0.054643 0.030819 0.113736
0.051112 0.027513 0.107825
0.053419 0.030789 0.113735
0.055140 0.031347 0.108878
0.052977 0.028949 0.111162
0.053920 0.032066 0.108069
0.051124 0.029601 0.110547
0.063573 0.038802 0.092552
0.064624 0.039457 0.099829
0.067987 0.041511 0.091077
0.068539 0.043152 0.097740
0.074125 0.044320 0.089459
0.074883 0.045972 0.095947
0.079499 0.047231 0.087504
0.080578 0.049095 0.093889
0.084301 0.049579 0.085358
0.084816 0.051955 0.091527
0.088799 0.052784 0.083049
0.089315 0.054941 0.088573
0.093457 0.054599 0.081118
0.093889 0.056925 0.086175
0.098452 0.055709 0.078844
0.098867 0.058682 0.083403
0.103565 0.057147 0.075826
0.104207 0.060052 0.080050
0.110037 0.057137 0.073033
0.111484 0.059596 0.076432
0.115822 0.056512 0.069747
0.117360 0.059411 0.073203
0.120684 0.057904 0.066100
0.122228 0.060233 0.069773
0.064134 0.038353 0.093119
0.064742 0.039423 0.099752
0.068787 0.040955 0.091302
0.069533 0.042697 0.098151
0.074553 0.043739 0.090044
0.075542 0.045584 0.096710
0.080322 0.046691 0.087759
0.080808 0.048697 0.093947
0.085385 0.049010 0.085546
0.085506 0.051199 0.091747
0.090251 0.051154 0.083739
0.090335 0.053401 0.089310
0.094467 0.051976 0.082222
0.094716 0.054690 0.087027
0.099450 0.052598 0.080036
0.099831 0.055607 0.084359
0.104353 0.053444 0.077543
0.104936 0.056539 0.081509
0.110613 0.053636 0.074383
0.111761 0.056331 0.078168
0.116221 0.053886 0.070689
0.117890 0.055704 0.074480
0.121108 0.053889 0.067550
0.122721 0.054780 0.071715
0.077037 0.027130 0.106963
0.076388 0.028120 0.110471
0.081027 0.029176 0.105600
0.083268 0.028965 0.110769
0.088437 0.030356 0.102380
0.087173 0.029558 0.109241
0.093239 0.030577 0.098926
0.091443 0.030586 0.103953
0.098144 0.034401 0.095052
0.097834 0.034608 0.099643
0.101324 0.038571 0.091210
0.102438 0.037994 0.096255
0.103578 0.040483 0.088404
0.105349 0.039730 0.093489
0.106152 0.041826 0.085401
0.107598 0.041626 0.090031
0.109710 0.042376 0.082710
0.110876 0.042142 0.086952
0.113062 0.043138 0.079758
0.113984 0.043821 0.083600
0.116565 0.044035 0.078402
0.117698 0.044335 0.080709
0.121566 0.042884 0.073324
0.122056 0.045488 0.077195
0.062951 0.037730 0.101723
0.062295 0.038498 0.101127
0.060868 0.035370 0.104683
0.057133 0.033927 0.105969
0.060174 0.035634 0.103734
0.079085 0.055806 0.143846
0.074559 0.055713 0.136110
0.077720 0.058630 0.143472
0.073733 0.057412 0.135900
0.083526 0.061195 0.149347
0.086162 0.061644 0.158047
0.087753 0.063426 0.148709
0.090196 0.064529 0.157453
0.091976 0.066048 0.147950
0.094580 0.067238 0.156565
0.096462 0.068221 0.147148
0.099327 0.069432 0.155800
0.101214 0.070026 0.146160
0.104211 0.071325 0.154974
0.106179 0.071934 0.144976
0.109194 0.072944 0.154147
0.111527 0.073881 0.143467
0.114611 0.074425 0.153202
0.118791 0.076083 0.141575
0.121508 0.075968 0.151951
0.127114 0.077334 0.140355
0.129626 0.077174 0.150605
0.133799 0.076219 0.137529
0.136446 0.076441 0.148412
0.141381 0.074332 0.136273
0.143810 0.074984 0.147132
0.085292 0.058086 0.150131
0.087785 0.058927 0.158853
0.089498 0.059787 0.149200
0.092010 0.060767 0.157963
0.093633 0.063282 0.148138
0.096371 0.063928 0.156884
0.097625 0.065473 0.147353
0.100434 0.066004 0.156067
0.101903 0.067617 0.146379
0.104939 0.068208 0.155232
0.106440 0.069604 0.145373
0.109435 0.070264 0.154480
0.111588 0.071387 0.143900
0.114545 0.072807 0.153241
0.118797 0.073947 0.142077
0.121463 0.074765 0.151945
0.127095 0.074911 0.142106
0.128720 0.075614 0.149990
0.133202 0.074271 0.138587
0.135868 0.074279 0.149243
0.141268 0.071537 0.137611
0.143727 0.072308 0.148212
0.089840 0.053648 0.153048
0.090894 0.053014 0.160798
0.093659 0.053817 0.152259
0.096162 0.054093 0.160652
0.110023 0.045812 0.157265
0.109196 0.048353 0.164024
0.115117 0.046406 0.157331
0.113788 0.049719 0.163556
0.117327 0.047505 0.156235
0.116439 0.050871 0.162698
0.118875 0.048880 0.154504
0.118757 0.052354 0.161478
0.120632 0.051348 0.152594
0.121416 0.054356 0.159846
0.124592 0.052992 0.150770
0.125877 0.056276 0.158576
0.129302 0.054659 0.148427
0.131117 0.057138 0.156998
0.134343 0.056397 0.145866
0.136396 0.057997 0.155379
0.139879 0.057423 0.143109
0.142269 0.058856 0.153280
0.081496 0.059196 0.150383
0.082540 0.057030 0.151012
0.084249 0.059681 0.158650
0.085405 0.057998 0.159024
0.068711 0.051886 0.172597
0.073994 0.055071 0.172806
0.069703 0.050711 0.173014
0.074785 0.053661 0.172711
0.077998 0.055004 0.170030
0.077413 0.056352 0.170122
0.081185 0.056561 0.166501
0.080458 0.057835 0.166423
0.087045 0.062745 0.166674
0.088172 0.062724 0.174745
0.091249 0.065247 0.165819
0.092459 0.065038 0.173932
0.096406 0.067726 0.164649
0.097925 0.067817 0.172772
0.101728 0.070214 0.163808
0.103522 0.070633 0.171984
0.106946 0.072046 0.163152
0.109058 0.072369 0.171465
0.111781 0.073424 0.162698
0.114013 0.073370 0.171161
0.117297 0.074574 0.162106
0.119672 0.074250 0.170758
0.123838 0.075444 0.161269
0.125921 0.074862 0.170197
0.132491 0.075975 0.158815
0.133630 0.076234 0.169073
0.138936 0.077646 0.157827
0.141140 0.078568 0.167745
0.145926 0.075691 0.157005
0.148182 0.077485 0.166898
0.088342 0.059650 0.167141
0.089251 0.059440 0.175092
0.092974 0.061520 0.166381
0.093920 0.061783 0.174579
0.097964 0.064295 0.165168
0.099097 0.064754 0.173408
0.102360 0.066712 0.164660
0.103964 0.067334 0.173136
0.107450 0.068510 0.164035
0.109464 0.069086 0.172616
0.112017 0.070521 0.163442
0.114334 0.070909 0.172043
0.117292 0.072753 0.162681
0.119737 0.072198 0.171642
0.123832 0.073708 0.161880
0.126074 0.073257 0.171006
0.131393 0.075010 0.160269
0.133302 0.074171 0.170144
0.138430 0.074879 0.158836
0.140779 0.076315 0.168711
0.145897 0.073161 0.157933
0.148117 0.075088 0.167659
0.096480 0.045061 0.172253
0.095840 0.047957 0.177838
0.102298 0.046189 0.172483
0.101337 0.050079 0.177934
0.107736 0.050043 0.170828
0.106377 0.053209 0.177124
0.111025 0.052919 0.169565
0.110335 0.055200 0.176606
0.113899 0.055126 0.168652
0.113870 0.057444 0.175897
0.117369 0.057044 0.167694
0.117916 0.059658 0.174997
0.121743 0.058226 0.166724
0.122636 0.061120 0.174106
0.126640 0.059696 0.165679
0.127849 0.061954 0.173523
0.132222 0.060448 0.164478
0.133516 0.063024 0.172536
0.137973 0.060560 0.163155
0.139628 0.062982 0.171658
0.144035 0.060959 0.161419
0.146169 0.063101 0.170388
0.083620 0.060019 0.167386
0.084537 0.058176 0.167476
0.070752 0.045774 0.162625
0.072286 0.048196 0.164973
0.070224 0.046933 0.162738
0.071468 0.049502 0.164911
0.073219 0.050535 0.166057
0.072510 0.051685 0.166000
0.074515 0.052535 0.167132
0.073587 0.053771 0.166884
0.075676 0.053923 0.168362
0.074955 0.055282 0.168074
0.049182 0.009189 0.160616
0.054423 0.010623 0.161145
0.050692 0.008834 0.160907
0.056480 0.010497 0.161893
0.050268 0.008358 0.176258
0.051545 0.007969 0.176077
0.064021 0.017081 0.164270
0.063668 0.016699 0.162900
0.062490 0.015576 0.165823
0.061747 0.014178 0.164204
0.058356 0.012532 0.166969
0.056109 0.010912 0.163694
0.053934 0.010539 0.167891
0.050259 0.009390 0.163065
0.064545 0.016465 0.164045
0.064299 0.015984 0.162619
0.063339 0.014957 0.165725
0.062834 0.013757 0.164193
0.059525 0.012433 0.166889
0.057862 0.010744 0.164040
0.055313 0.010240 0.167816
0.051953 0.009131 0.163410
0.079559 0.031880 0.120288
0.073761 0.023047 0.103190
0.064967 0.021788 0.103698
0.067319 0.023553 0.103677
0.066712 0.023311 0.104818
0.072266 0.025669 0.108043
0.068129 0.025142 0.108918
0.064930 0.024450 0.110091
0.067453 0.023633 0.114014
0.065647 0.022706 0.114722
0.072585 0.027347 0.111368
0.071369 0.025604 0.114262
0.069588 0.024315 0.115848
0.068421 0.023674 0.116502
0.066807 0.022910 0.116766
0.063453 0.020726 0.117501
0.059281 0.017881 0.117900
0.057562 0.014453 0.118193
0.055004 0.010692 0.118024
0.054301 0.007575 0.117880
0.053514 0.004939 0.117379
0.053073 0.003314 0.117071
0.053035 0.001491 0.116961
0.073690 0.026539 0.117936
0.071221 0.025613 0.119154
0.070552 0.024572 0.120061
0.068815 0.023265 0.120645
0.064117 0.021292 0.121799
0.060506 0.018850 0.122327
0.058385 0.014910 0.121758
0.077076 0.028824 0.121715
0.080311 0.034235 0.126601
0.078927 0.042702 0.129772
0.080913 0.043660 0.136381
0.087263 0.050089 0.150446
0.087132 0.052424 0.153490
0.089266 0.052645 0.161356
0.074552 0.025722 0.123177
0.077027 0.031100 0.127775
0.076644 0.037858 0.131835
0.075829 0.028934 0.127363
0.075094 0.031614 0.131357
0.073146 0.024505 0.123155
0.073405 0.024762 0.127119
0.073905 0.025877 0.131100
0.070616 0.022738 0.124082
0.071173 0.023425 0.127181
0.071962 0.023471 0.130834
0.066765 0.021135 0.124968
0.067480 0.021333 0.127499
0.067625 0.021234 0.130379
0.061175 0.017931 0.125461
0.062465 0.017465 0.128010
0.062795 0.016253 0.131638
0.057838 0.007921 0.180084
0.114048 0.042527 0.040105
0.117171 0.046825 0.043152
0.116354 0.041365 0.040570
0.119489 0.045278 0.043466
0.121709 0.038414 0.044204
0.123167 0.042056 0.045344
0.123566 0.053522 0.050255
0.125287 0.052095 0.049989
0.127994 0.048179 0.050696
0.092227 0.002840 0.032891
0.097376 0.002841 0.031659
0.092677 0.006464 0.033644
0.097827 0.006421 0.033010
0.094004 0.010958 0.034313
0.098585 0.010516 0.033001
0.095388 0.016584 0.034153
0.098011 0.015560 0.032687
0.098137 0.024156 0.035963
0.100625 0.023165 0.033429
0.101235 0.030403 0.038659
0.104146 0.031063 0.035616
0.106921 0.038101 0.043097
0.109266 0.037521 0.040660
0.110735 0.042058 0.047172
0.112707 0.042088 0.044213
0.113639 0.046181 0.050367
0.115621 0.046370 0.047231
0.116016 0.050348 0.053300
0.118131 0.050633 0.050193
0.118580 0.053608 0.056461
0.121143 0.053366 0.053751
0.121542 0.055988 0.060045
0.124161 0.056226 0.057180
0.094609 0.002694 0.035167
0.097931 0.002833 0.034072
0.095600 0.006782 0.035839
0.098246 0.006466 0.034674
0.096440 0.011112 0.036185
0.099093 0.010282 0.034460
0.098968 0.015933 0.038167
0.101018 0.016163 0.034522
0.102167 0.021263 0.040520
0.103203 0.022263 0.035930
0.106218 0.029392 0.043501
0.107062 0.029613 0.038949
0.110385 0.035193 0.047292
0.112170 0.035732 0.043317
0.113120 0.039879 0.050146
0.114968 0.040562 0.046193
0.115300 0.044006 0.052581
0.117467 0.044701 0.048777
0.117446 0.047966 0.055237
0.119786 0.048713 0.051536
0.119759 0.051098 0.058183
0.122298 0.051855 0.054726
0.122085 0.053462 0.061214
0.125021 0.054223 0.057844
0.104602 0.002333 0.045952
0.107508 0.002709 0.039319
0.105955 0.005559 0.046874
0.107983 0.006022 0.039717
0.107082 0.009014 0.048163
0.108746 0.009778 0.040400
0.109054 0.012850 0.049767
0.110142 0.013778 0.041531
0.111328 0.017699 0.051441
0.112795 0.019245 0.043639
0.113859 0.022502 0.053842
0.115217 0.025128 0.045570
0.116489 0.028289 0.056282
0.117863 0.030857 0.048266
0.117884 0.032317 0.057983
0.119412 0.035670 0.049977
0.119241 0.035673 0.060259
0.121227 0.039185 0.052252
0.120420 0.038895 0.062271
0.122893 0.042796 0.054345
0.122067 0.040757 0.065614
0.124892 0.045041 0.057480
0.123756 0.042362 0.068433
0.126879 0.046526 0.061053
0.117542 0.003050 0.032869
0.113963 0.003257 0.029999
0.117574 0.006154 0.033298
0.114241 0.006449 0.030227
0.117623 0.010112 0.033792
0.114682 0.010029 0.030680
0.117671 0.014105 0.033858
0.115479 0.014441 0.030558
0.117749 0.018965 0.034411
0.113597 0.020738 0.031864
0.117859 0.025427 0.035731
0.114212 0.027054 0.032560
0.120664 0.034069 0.035148
0.118140 0.034377 0.032091
0.122584 0.040295 0.036365
0.118630 0.042266 0.034564
0.124963 0.044344 0.037022
0.121434 0.046811 0.036605
0.128592 0.047723 0.040452
0.125096 0.050540 0.040222
0.131434 0.050409 0.044047
0.128811 0.052962 0.043789
0.133710 0.053848 0.047701
0.131697 0.056562 0.047886
0.111516 0.002860 0.027937
0.111920 0.006517 0.028621
0.111766 0.010356 0.029466
0.113607 0.014814 0.029148
0.112779 0.020980 0.030468
0.112864 0.027869 0.031134
0.117137 0.034866 0.030931
0.117264 0.043534 0.033573
0.119390 0.048163 0.036632
0.123072 0.052056 0.040227
0.127339 0.054452 0.043973
0.130665 0.057616 0.048176
0.124455 0.055524 0.064393
0.123835 0.058264 0.063646
0.127758 0.056122 0.061336
0.127081 0.057987 0.061052
0.131044 0.056938 0.057772
0.130191 0.058285 0.058179
0.134501 0.059509 0.052340
0.133744 0.060525 0.052791
0.124978 0.043347 0.071309
0.128653 0.047809 0.063726
0.132292 0.052134 0.057849
0.135878 0.055981 0.051875
0.126033 0.057166 0.068621
0.125760 0.060629 0.067588
0.129838 0.058231 0.065143
0.129537 0.060811 0.065020
0.133833 0.059145 0.061607
0.132843 0.061166 0.062346
0.137907 0.061330 0.056979
0.137080 0.062741 0.057531
0.126523 0.043642 0.073187
0.130760 0.047706 0.067727
0.134488 0.052639 0.062400
0.138756 0.057053 0.057042
0.127889 0.058932 0.072920
0.127603 0.062925 0.071955
0.132065 0.059992 0.069845
0.131596 0.063203 0.069351
0.136267 0.060838 0.066582
0.135436 0.063360 0.066808
0.140919 0.062432 0.062376
0.140174 0.064395 0.062860
0.128596 0.044286 0.074456
0.132523 0.047190 0.072091
0.136830 0.051188 0.067483
0.141332 0.056294 0.062974
0.130542 0.061487 0.079576
0.130440 0.066158 0.078097
0.135140 0.061471 0.077343
0.135043 0.065431 0.076468
0.139707 0.061910 0.075186
0.139806 0.065028 0.074294
0.145443 0.063265 0.072385
0.144912 0.065543 0.071849
0.130523 0.047292 0.084159
0.134837 0.047764 0.080613
0.138896 0.049799 0.078744
0.145318 0.053724 0.074414
0.133794 0.063033 0.088015
0.134056 0.068596 0.086889
0.133597 0.047600 0.093191
0.137810 0.049108 0.102966
0.137703 0.064280 0.098614
0.137923 0.069361 0.097502
0.141571 0.065913 0.113652
0.141736 0.070974 0.113071
0.142221 0.052480 0.116995
0.144572 0.067878 0.126824
0.144812 0.070774 0.125505
0.146338 0.055031 0.129880
0.138773 0.062000 0.085824
0.138967 0.066994 0.085093
0.138118 0.047720 0.089706
0.141809 0.048780 0.099529
0.142783 0.063461 0.095817
0.142865 0.068635 0.095308
0.147209 0.065041 0.111782
0.148213 0.070123 0.109758
0.146900 0.052275 0.115251
0.150327 0.067316 0.125105
0.150077 0.070857 0.124224
0.150345 0.054300 0.128960
0.143685 0.063057 0.083373
0.144021 0.066955 0.082701
0.142188 0.048291 0.087693
0.147510 0.064510 0.093051
0.148011 0.068927 0.092840
0.144495 0.049474 0.096493
0.152222 0.066728 0.109822
0.152190 0.070856 0.109015
0.151380 0.051825 0.111923
0.155573 0.067853 0.123340
0.155373 0.072457 0.122682
0.155653 0.053672 0.126835
0.149150 0.064671 0.080735
0.149067 0.066786 0.080199
0.147374 0.052070 0.083828
0.152994 0.065780 0.090187
0.153251 0.068897 0.090459
0.150690 0.050692 0.093097
0.157795 0.067981 0.107781
0.157489 0.071379 0.107201
0.155967 0.052850 0.109060
0.160950 0.068928 0.121552
0.161057 0.072980 0.121151
0.160434 0.053932 0.124833
0.146788 0.066254 0.138027
0.147053 0.069028 0.137058
0.146827 0.056375 0.141325
0.152797 0.068462 0.136592
0.151851 0.072122 0.135204
0.153395 0.055793 0.140089
0.158685 0.071092 0.135135
0.158288 0.074567 0.134190
0.158514 0.055365 0.138983
0.164216 0.070877 0.133863
0.164169 0.074949 0.132903
0.164277 0.055133 0.137800
0.149400 0.066947 0.148267
0.148673 0.071443 0.148125
0.149228 0.058024 0.151546
0.155365 0.070296 0.147680
0.155291 0.075101 0.146229
0.156302 0.057359 0.151378
0.161406 0.074951 0.146468
0.161098 0.077596 0.145151
0.161777 0.056828 0.151224
0.167023 0.071902 0.145866
0.167008 0.075969 0.144494
0.166945 0.056379 0.150840
0.152095 0.068235 0.158719
0.152124 0.071499 0.158091
0.152005 0.059210 0.161592
0.157424 0.073081 0.157774
0.156803 0.077966 0.156491
0.158991 0.058520 0.161616
0.163306 0.076187 0.156953
0.162892 0.079237 0.155871
0.164465 0.057833 0.161810
0.169408 0.073041 0.156586
0.169392 0.077587 0.155289
0.169531 0.057005 0.161876
0.154625 0.069887 0.168609
0.154373 0.072816 0.167992
0.154475 0.062029 0.170744
0.159514 0.072201 0.167684
0.159261 0.075368 0.167011
0.160953 0.062580 0.171119
0.165454 0.075330 0.166744
0.165112 0.079363 0.165518
0.167249 0.063206 0.171014
0.171899 0.074789 0.166884
0.171846 0.078995 0.165847
0.172582 0.062773 0.171484
0.155998 0.073282 0.177804
0.155989 0.075691 0.177190
0.156403 0.064812 0.180507
0.160566 0.075147 0.177014
0.160295 0.077540 0.176356
0.162383 0.065426 0.180641
0.167369 0.076603 0.176612
0.168279 0.080161 0.175176
0.169959 0.065508 0.181180
0.174172 0.076839 0.176947
0.174263 0.082036 0.175635
0.174840 0.065303 0.181063
0.159782 0.073202 0.197972
0.160022 0.074761 0.197694
0.159212 0.065579 0.202316
0.164813 0.073797 0.197929
0.165349 0.077210 0.197790
0.164593 0.065032 0.202659
0.170779 0.077281 0.197300
0.170482 0.082041 0.195734
0.171299 0.065503 0.202279
0.176858 0.079064 0.196569
0.176901 0.084379 0.195062
0.176636 0.064867 0.201738
0.057297 0.009720 0.121611
0.056345 0.006898 0.121874
0.055709 0.004477 0.121499
0.054782 0.002922 0.120832
0.054822 0.001302 0.121173
0.058216 0.012540 0.121789
0.060151 0.015458 0.125662
0.058982 0.014020 0.125638
0.058335 0.012022 0.125090
0.057549 0.011027 0.124733
0.055824 0.009337 0.124391
0.062508 0.025131 0.196584
0.061934 0.028793 0.190036
0.064932 0.030537 0.195861
0.067828 0.034449 0.195305
0.069847 0.038871 0.195148
0.066708 0.039797 0.181577
0.067019 0.040749 0.183228
0.068165 0.041005 0.184816
0.070192 0.041303 0.189139
0.068523 0.043351 0.181289
0.073755 0.045259 0.189369
0.071946 0.045250 0.185147
0.069851 0.044544 0.182799
0.071983 0.046834 0.181010
0.071979 0.042447 0.195344
0.075561 0.044692 0.195591
0.079660 0.046428 0.196020
0.083907 0.047876 0.196599
0.088508 0.048836 0.197099
0.093248 0.049673 0.197472
0.077537 0.047797 0.188771
0.081496 0.048222 0.187377
0.085804 0.047308 0.185892
0.090834 0.047346 0.184570
0.075654 0.048006 0.184463
0.080612 0.048365 0.182209
0.084800 0.047689 0.179928
0.089762 0.047303 0.178099
0.073890 0.047472 0.182449
0.079268 0.048881 0.176725
0.080148 0.048691 0.179515
0.075960 0.047557 0.168426
0.075452 0.047944 0.170529
0.076707 0.047919 0.171348
0.079523 0.047133 0.172055
0.088796 0.049036 0.170236
0.082484 0.048133 0.174202
0.084150 0.048352 0.177109
0.084478 0.049345 0.169213
0.086988 0.050692 0.169452
0.084629 0.051338 0.164189
0.086954 0.052274 0.162450
0.082805 0.052352 0.157748
0.084695 0.052279 0.155144
0.080927 0.049848 0.153500
0.083770 0.048623 0.150982
0.076118 0.046210 0.148123
0.076299 0.046463 0.145060
0.065939 0.020862 0.139854
0.066839 0.020465 0.136965
0.069659 0.024968 0.139302
0.070526 0.024672 0.136636
0.071754 0.030986 0.136575
0.071478 0.037837 0.137240
0.072004 0.043111 0.139930
0.071951 0.030754 0.139007
0.071918 0.037223 0.139412
0.072636 0.042447 0.142619
0.050606 0.006580 0.160309
0.054259 0.008578 0.159326
0.059021 0.010275 0.158992
0.061223 0.011239 0.156371
0.058667 0.008149 0.162595
0.062286 0.010372 0.161180
0.059631 0.007311 0.164837
0.062774 0.008763 0.164611
0.067468 0.010508 0.164098
0.067483 0.010541 0.165348
0.067646 0.010792 0.166594
0.067984 0.011265 0.167933
0.064735 0.009114 0.165408
0.064790 0.008820 0.166666
0.065089 0.009119 0.168006
0.065552 0.009802 0.169657
0.062174 0.007177 0.166180
0.061658 0.006544 0.167946
0.061513 0.006958 0.170062
0.062116 0.008118 0.172690
0.059834 0.006252 0.166709
0.059737 0.006101 0.168717
0.059791 0.006734 0.171026
0.060167 0.007966 0.173616
0.061955 0.027523 0.150148
0.062512 0.025457 0.150741
0.062620 0.023447 0.151415
0.063265 0.021432 0.152358
0.061746 0.028103 0.150072
0.061639 0.026341 0.150694
0.061628 0.024329 0.151497
0.061774 0.022220 0.152623
0.070105 0.015446 0.154218
0.070007 0.017386 0.152982
0.069684 0.019404 0.151897
0.069328 0.021478 0.150999
0.066581 0.015758 0.154147
0.065876 0.016974 0.151771
0.065693 0.018535 0.149601
0.065947 0.020559 0.147840
0.064779 0.014984 0.154519
0.063523 0.015996 0.151192
0.063857 0.017330 0.148392
0.064591 0.019727 0.146347
0.062282 0.011980 0.152327
0.060605 0.013610 0.148800
0.061107 0.015689 0.146118
0.062401 0.017890 0.143884
0.062421 0.016290 0.141174
0.062201 0.015829 0.138176
0.060436 0.013898 0.128384
0.061670 0.011672 0.133416
0.061194 0.013227 0.130508
0.057009 0.011258 0.149626
0.060508 0.011122 0.137729
0.060788 0.013513 0.143451
0.060575 0.011893 0.140235
0.058867 0.011668 0.142829
0.059311 0.012555 0.146194
0.055088 0.010693 0.150560
0.049799 0.009162 0.151990
0.046424 0.007664 0.153983
0.044063 0.006237 0.155984
0.042078 0.003231 0.157431
0.041233 0.001423 0.157727
0.054137 0.011158 0.143590
0.037327 0.000580 0.154023
0.049626 0.010306 0.145301
0.045692 0.008284 0.147648
0.042186 0.006970 0.150010
0.039675 0.005242 0.152307
0.038046 0.001784 0.153535
0.056608 0.011265 0.138812
0.050754 0.011207 0.140113
0.046058 0.009527 0.142192
0.041969 0.008251 0.145361
0.038569 0.006565 0.147969
0.036671 0.004485 0.150100
0.035491 0.001352 0.151213
0.035176 0.000321 0.151486
0.060154 0.011555 0.131993
0.055729 0.012102 0.135373
0.049269 0.013699 0.136904
0.045422 0.012283 0.138337
0.042045 0.010919 0.141327
0.038671 0.009415 0.144003
0.035931 0.006265 0.145904
0.034140 0.003771 0.147340
0.033160 0.001239 0.148498
0.032916 0.000538 0.148605
0.057713 0.012859 0.130562
0.051378 0.014448 0.133651
0.042066 0.013541 0.138439
0.037650 0.011179 0.141040
0.045820 0.013689 0.135221
0.035501 0.008996 0.143287
0.033090 0.006060 0.144114
0.031572 0.003391 0.145089
0.030623 0.001302 0.145737
0.030420 0.000555 0.145914
0.056066 0.014780 0.127561
0.050296 0.016765 0.128558
0.048055 0.015850 0.131670
0.043730 0.014926 0.134426
0.040223 0.013987 0.138367
0.035244 0.012010 0.140247
0.040127 0.012830 0.137379
0.033484 0.009508 0.141738
0.035225 0.011849 0.139965
0.035503 0.011454 0.139010
0.031213 0.005936 0.141855
0.029809 0.003237 0.142285
0.028856 0.001252 0.142846
0.028472 0.000570 0.143157
0.032191 0.009137 0.139619
0.030101 0.005471 0.139171
0.029375 0.004030 0.139246
0.030086 0.003852 0.136666
0.031410 0.006396 0.137264
0.033384 0.009424 0.138389
0.028395 0.002021 0.139475
0.029042 0.001835 0.136624
0.027621 0.000558 0.139815
0.028193 0.000373 0.136836
0.030985 0.000338 0.133805
0.035748 0.000493 0.131472
0.045433 0.000903 0.127944
0.050610 0.001210 0.125752
0.031846 0.001856 0.133700
0.036614 0.002090 0.131479
0.046172 0.002835 0.128009
0.051462 0.002690 0.125948
0.032856 0.003839 0.133944
0.037423 0.003964 0.131554
0.046569 0.005060 0.127868
0.052292 0.004044 0.125698
0.049981 0.014541 0.126897
0.047834 0.015855 0.128519
0.052344 0.015442 0.127005
0.050184 0.016525 0.128351
0.046618 0.016480 0.129724
0.039528 0.012443 0.136865
0.042621 0.014460 0.133685
0.040285 0.011426 0.134567
0.043147 0.012648 0.132316
0.034351 0.006412 0.135028
0.036058 0.008866 0.136603
0.037747 0.010975 0.137521
0.038111 0.005998 0.132217
0.038573 0.008102 0.133493
0.039157 0.010123 0.134687
0.045515 0.001413 0.105523
0.046316 0.001425 0.108766
0.045695 0.002857 0.105668
0.046442 0.003415 0.108745
0.046172 0.005874 0.105885
0.046741 0.005835 0.108734
0.046588 0.008887 0.106189
0.047208 0.008772 0.108843
0.047587 0.012211 0.106410
0.048391 0.012409 0.109119
0.049493 0.015009 0.106919
0.049603 0.015492 0.109049
0.050528 0.017642 0.106238
0.051256 0.018652 0.108250
0.052239 0.019734 0.105945
0.053033 0.020504 0.107923
0.053692 0.021142 0.105582
0.054118 0.021631 0.107443
0.055239 0.022557 0.105050
0.055931 0.022682 0.106932
0.056597 0.023540 0.104425
0.057359 0.023454 0.106340
0.057638 0.024555 0.103550
0.058825 0.024184 0.105567
0.060661 0.023985 0.103337
0.061159 0.024228 0.105033
0.063117 0.023972 0.103100
0.061009 0.023495 0.101462
0.064537 0.023391 0.100069
0.062299 0.022293 0.099777
0.069811 0.025453 0.093584
0.066306 0.022979 0.094297
0.064772 0.023709 0.090755
0.068949 0.026023 0.090151
0.063670 0.023367 0.088967
0.068233 0.025297 0.087496
0.062826 0.022280 0.087323
0.067372 0.023964 0.085456
0.062172 0.020603 0.085767
0.066501 0.022541 0.083443
0.061554 0.018565 0.084372
0.065531 0.020512 0.081796
0.061020 0.016136 0.082966
0.064556 0.017932 0.080157
0.060525 0.013556 0.081740
0.063071 0.014882 0.078711
0.059965 0.010425 0.080975
0.061304 0.011321 0.077640
0.058112 0.007527 0.080878
0.059175 0.007820 0.077584
0.056675 0.004419 0.080538
0.057967 0.004209 0.076756
0.056661 0.002584 0.080287
0.057783 0.002464 0.076633
0.068104 0.025529 0.098160
0.057470 0.002459 0.072271
0.058227 0.004133 0.073224
0.059735 0.008320 0.073419
0.062091 0.012106 0.073342
0.064080 0.015419 0.074089
0.065810 0.018563 0.075021
0.067365 0.021624 0.075954
0.068641 0.024135 0.077827
0.069569 0.026510 0.080113
0.070255 0.027868 0.082488
0.071320 0.029656 0.085582
0.073028 0.030485 0.090944
0.071789 0.029539 0.096557
0.070873 0.030234 0.101343
0.066065 0.027984 0.103909
0.062686 0.028188 0.105198
0.060344 0.027501 0.106750
0.060123 0.024469 0.109820
0.057497 0.022839 0.111453
0.054612 0.021131 0.112860
0.051926 0.019177 0.113246
0.050510 0.016195 0.113469
0.048951 0.012297 0.112893
0.047887 0.009560 0.112661
0.047466 0.005725 0.112021
0.047136 0.003443 0.111797
0.047068 0.001450 0.111935
0.056846 0.002495 0.068419
0.058303 0.005275 0.068276
0.060165 0.008464 0.068845
0.062223 0.011977 0.069318
0.064561 0.015376 0.069936
0.066214 0.018834 0.070578
0.069367 0.022841 0.071970
0.071429 0.025639 0.076691
0.073413 0.029396 0.084052
0.069366 0.033513 0.105695
0.066873 0.032226 0.106931
0.064992 0.029451 0.109518
0.062932 0.027141 0.111757
0.061081 0.025851 0.113610
0.058710 0.024785 0.115053
0.055813 0.023115 0.116421
0.052947 0.020371 0.117422
0.051102 0.016618 0.117962
0.050247 0.012605 0.117687
0.048562 0.009221 0.117637
0.047661 0.006723 0.117258
0.047275 0.003373 0.116516
0.047145 0.001476 0.116664
0.056896 0.002638 0.065184
0.057474 0.005378 0.065257
0.059933 0.008405 0.065851
0.062487 0.011335 0.066510
0.064868 0.014719 0.066992
0.067300 0.018983 0.067346
0.057701 0.002727 0.063189
0.057723 0.005390 0.062907
0.060348 0.008085 0.063118
0.062431 0.010924 0.063410
0.065123 0.014291 0.063936
0.058617 0.002566 0.059935
0.058817 0.005181 0.059751
0.060902 0.007907 0.059891
0.063096 0.010839 0.060038
0.059894 0.002501 0.057396
0.060394 0.005074 0.057134
0.062389 0.008106 0.057159
0.064571 0.010929 0.057094
0.067920 0.015280 0.057606
0.066267 0.014492 0.060362
0.062159 0.002626 0.055121
0.062732 0.005116 0.054844
0.064937 0.008348 0.054924
0.066982 0.011148 0.055014
0.070081 0.015798 0.055588
0.067149 0.016923 0.062469
0.065606 0.002687 0.053170
0.066257 0.005378 0.053129
0.067702 0.008575 0.053119
0.069913 0.011465 0.053627
0.073305 0.016104 0.054434
0.070388 0.002671 0.051256
0.071183 0.005424 0.051380
0.072494 0.008686 0.051763
0.074397 0.012126 0.052268
0.078084 0.016573 0.053886
0.074802 0.002671 0.049864
0.075889 0.005506 0.050300
0.077174 0.008900 0.050625
0.079029 0.012588 0.051265
0.083404 0.017063 0.054174
0.080141 0.002697 0.047317
0.081099 0.005437 0.048383
0.084597 0.012921 0.050505
0.082510 0.008979 0.049128
0.086824 0.002709 0.045979
0.088144 0.005905 0.048214
0.100266 0.019620 0.054318
0.095045 0.017925 0.055666
0.092011 0.014315 0.052244
0.097011 0.014341 0.051362
0.102313 0.006379 0.035424
0.103476 0.010431 0.036331
0.101865 0.009592 0.043525
0.099817 0.005988 0.041229
0.101636 0.002783 0.034866
0.098265 0.002751 0.039714
0.095248 0.002740 0.042302
0.096879 0.005962 0.044064
0.109353 0.002982 0.032700
0.092257 0.005934 0.046460
0.091082 0.002730 0.044067
0.102219 0.014370 0.048652
0.094379 0.009523 0.048451
0.099214 0.009556 0.046001
0.115346 0.003203 0.031257
0.115920 0.006462 0.031549
0.110194 0.006467 0.032734
0.104848 0.014415 0.045641
0.089602 0.009488 0.049902
0.088673 0.017494 0.055059
0.098942 0.024482 0.059062
0.093127 0.024126 0.058889
0.105167 0.019629 0.051414
0.087633 0.022640 0.057606
0.103303 0.024403 0.056961
0.107898 0.024391 0.053849
0.105293 0.015241 0.037735
0.108247 0.009992 0.033123
0.116163 0.009605 0.031779
0.115101 0.014153 0.032025
0.108844 0.014354 0.034784
0.114652 0.019651 0.032756
0.109574 0.021214 0.035491
0.108277 0.021124 0.039940
0.107408 0.019700 0.047265
0.115970 0.026424 0.033416
0.112451 0.028149 0.036556
0.111666 0.027149 0.042691
0.110137 0.024456 0.049010
0.083136 0.021764 0.056720
0.078160 0.021395 0.056762
0.074956 0.021384 0.057468
0.071882 0.021159 0.058372
0.069947 0.020145 0.060451
0.105962 0.030350 0.059433
0.101853 0.030387 0.060959
0.096699 0.029687 0.061290
0.071215 0.022165 0.065502
0.090729 0.029543 0.060234
0.086380 0.029008 0.059590
0.082766 0.027565 0.060028
0.080262 0.026449 0.061690
0.077309 0.025297 0.063545
0.074339 0.024033 0.064318
0.119525 0.034861 0.034222
0.115664 0.034993 0.038503
0.115112 0.033093 0.045882
0.113005 0.030355 0.051629
0.110666 0.030311 0.056315
0.120360 0.041198 0.035276
0.118543 0.039853 0.041092
0.117103 0.038235 0.047961
0.115454 0.036039 0.053869
0.112732 0.034635 0.058179
0.107637 0.035014 0.060332
0.103299 0.034917 0.062334
0.098775 0.035171 0.062625
0.094119 0.035135 0.062660
0.090317 0.034625 0.062948
0.086828 0.033394 0.063549
0.083919 0.031611 0.065586
0.081452 0.029932 0.067614
0.078083 0.027343 0.069139
0.074128 0.025001 0.070277
0.076320 0.028534 0.075729
0.080501 0.031239 0.074019
0.084357 0.033233 0.072348
0.087291 0.034931 0.070377
0.089911 0.037363 0.067830
0.094039 0.037953 0.066894
0.097243 0.038966 0.065492
0.101114 0.038986 0.064880
0.105213 0.038810 0.063892
0.109607 0.038591 0.062621
0.114310 0.038591 0.059876
0.117186 0.039922 0.055919
0.119253 0.042077 0.050370
0.121504 0.043587 0.043944
0.123202 0.045580 0.036783
0.126873 0.049108 0.040307
0.124447 0.046894 0.046915
0.121277 0.045843 0.052815
0.118949 0.043477 0.058116
0.116033 0.042143 0.062316
0.111333 0.042163 0.065326
0.107236 0.042265 0.067014
0.102325 0.042692 0.068102
0.098547 0.042330 0.068943
0.095393 0.041481 0.070551
0.093029 0.039616 0.073336
0.089861 0.038008 0.075780
0.086396 0.036101 0.078476
0.082322 0.034592 0.080662
0.077304 0.032055 0.083201
0.087227 0.040016 0.089020
0.082175 0.037830 0.091995
0.082956 0.036577 0.087471
0.087500 0.038315 0.084694
0.087004 0.041386 0.092990
0.081531 0.039149 0.095912
0.094501 0.044635 0.082169
0.091312 0.042414 0.085480
0.091464 0.040369 0.081328
0.094219 0.042704 0.078102
0.111694 0.054510 0.104621
0.106661 0.053517 0.107564
0.105138 0.051352 0.099383
0.109875 0.052088 0.096154
0.102768 0.048845 0.087056
0.103671 0.050076 0.092040
0.099372 0.049337 0.095097
0.098709 0.048109 0.089765
0.100109 0.044480 0.074154
0.097029 0.043674 0.076034
0.075558 0.035174 0.104685
0.075463 0.038141 0.110465
0.070549 0.034666 0.111648
0.074585 0.035372 0.098617
0.076210 0.034687 0.094137
0.077014 0.034062 0.089581
0.109892 0.047164 0.074086
0.104994 0.046629 0.076286
0.103622 0.045426 0.072008
0.108561 0.045458 0.070341
0.101073 0.046040 0.078277
0.101943 0.047353 0.082478
0.098001 0.046954 0.084773
0.130159 0.051660 0.043889
0.126612 0.050233 0.050222
0.123363 0.048803 0.055863
0.120919 0.046015 0.061009
0.117818 0.044979 0.064745
0.113158 0.044977 0.068543
0.114721 0.046817 0.071525
0.116030 0.048087 0.074382
0.111065 0.048482 0.077513
0.122827 0.048105 0.063958
0.124699 0.049438 0.066915
0.120958 0.047958 0.071185
0.119541 0.047029 0.067605
0.128998 0.052909 0.053866
0.125714 0.050786 0.059168
0.132706 0.055215 0.047763
0.135182 0.057762 0.052081
0.131641 0.054601 0.057750
0.107318 0.048794 0.084576
0.108241 0.050365 0.089114
0.106285 0.047507 0.080311
0.094862 0.047288 0.092148
0.095189 0.048250 0.097989
0.090758 0.045947 0.101229
0.090926 0.045023 0.095016
0.097591 0.045338 0.080417
0.094563 0.046236 0.086851
0.090975 0.043957 0.089775
0.086704 0.042845 0.098030
0.115282 0.052052 0.092709
0.113548 0.050885 0.085756
0.086017 0.044160 0.103757
0.081197 0.041374 0.108143
0.082685 0.037987 0.102421
0.081496 0.043552 0.114679
0.075531 0.041099 0.116259
0.090979 0.048372 0.107941
0.085901 0.046925 0.110691
0.073449 0.039760 0.117118
0.096271 0.049496 0.105229
0.100707 0.050580 0.102396
0.112387 0.049231 0.081515
0.117338 0.049214 0.078215
0.118775 0.050783 0.082374
0.128013 0.052354 0.062271
0.138319 0.059228 0.056982
0.134142 0.055915 0.061927
0.130162 0.053153 0.066243
0.126415 0.050003 0.070920
0.141099 0.059399 0.062626
0.136514 0.056014 0.066908
0.132271 0.053330 0.070806
0.145370 0.058527 0.073292
0.139283 0.055776 0.076791
0.148259 0.058019 0.082029
0.140109 0.054949 0.085585
0.122585 0.048522 0.074446
0.141600 0.055301 0.095164
0.151702 0.059223 0.110722
0.146575 0.058410 0.113283
0.138631 0.055213 0.098268
0.151291 0.058469 0.091045
0.156787 0.060386 0.108290
0.160635 0.061442 0.123057
0.155576 0.060781 0.124957
0.163790 0.062549 0.135843
0.158446 0.062232 0.136982
0.150340 0.060825 0.126890
0.135056 0.053817 0.088659
0.141113 0.059197 0.115696
0.136530 0.056342 0.101274
0.134770 0.054252 0.079336
0.130462 0.053126 0.082193
0.127968 0.050859 0.075020
0.132726 0.054471 0.091348
0.144487 0.061475 0.128947
0.122911 0.050563 0.078698
0.125503 0.052177 0.085390
0.120562 0.052323 0.088957
0.128383 0.054616 0.094474
0.126028 0.058096 0.108083
0.128496 0.062228 0.120827
0.122361 0.062708 0.123246
0.119959 0.058597 0.111076
0.131795 0.057288 0.104373
0.135580 0.060866 0.118329
0.123109 0.054584 0.097830
0.117484 0.054539 0.101427
0.113585 0.058264 0.114097
0.108366 0.056987 0.116649
0.115869 0.061950 0.125838
0.110024 0.060304 0.128301
0.101961 0.052825 0.110138
0.138153 0.062658 0.130456
0.131320 0.064300 0.132137
0.124538 0.064420 0.134404
0.133277 0.065659 0.142087
0.127867 0.066390 0.146155
0.166802 0.063492 0.148145
0.161237 0.063870 0.148676
0.169414 0.064772 0.159144
0.163801 0.065439 0.159324
0.172011 0.067879 0.169264
0.166078 0.068031 0.169143
0.174332 0.070455 0.179014
0.168151 0.070677 0.178686
0.176675 0.071492 0.199031
0.171076 0.070103 0.199705
0.153022 0.061611 0.138312
0.155666 0.062461 0.149400
0.164756 0.069045 0.200192
0.161257 0.071007 0.178551
0.160177 0.066621 0.169489
0.158194 0.064081 0.159681
0.146751 0.061366 0.139631
0.149277 0.062273 0.149780
0.152026 0.063357 0.160097
0.154501 0.065426 0.169858
0.156119 0.069441 0.178998
0.159533 0.069000 0.200040
0.151625 0.073566 0.198294
0.149106 0.071113 0.178678
0.144917 0.073036 0.197708
0.141985 0.071005 0.179385
0.147091 0.068960 0.168898
0.140211 0.069377 0.170094
0.144921 0.066989 0.159518
0.138060 0.067671 0.160850
0.142842 0.065509 0.150519
0.135926 0.066214 0.152014
0.140585 0.064520 0.140320
0.129500 0.066669 0.153125
0.121057 0.064134 0.146086
0.118371 0.063508 0.136915
0.123224 0.066011 0.154887
0.131548 0.067909 0.162200
0.133371 0.068508 0.171210
0.134965 0.069785 0.179953
0.138175 0.071952 0.196994
0.131003 0.070442 0.196136
0.128752 0.068298 0.180539
0.125699 0.068630 0.195880
0.123180 0.067444 0.180749
0.126957 0.067494 0.172132
0.125079 0.066820 0.163549
0.121222 0.066482 0.172753
0.119441 0.065435 0.164522
0.117655 0.063894 0.156183
0.115501 0.061866 0.147730
0.112933 0.061640 0.139090
0.111455 0.059647 0.149141
0.108828 0.059417 0.140962
0.108074 0.057859 0.150421
0.105067 0.057637 0.142437
0.101366 0.057380 0.131111
0.105192 0.058623 0.129914
0.113283 0.061570 0.157394
0.109395 0.059924 0.158185
0.100682 0.056297 0.143087
0.104077 0.056292 0.151183
0.098824 0.055141 0.151509
0.096065 0.055020 0.143553
0.099348 0.054054 0.121050
0.094919 0.052601 0.122924
0.092336 0.050439 0.115146
0.097628 0.051424 0.112741
0.098115 0.056331 0.132148
0.093753 0.054735 0.133320
0.090173 0.051809 0.124404
0.110407 0.061593 0.166222
0.106138 0.060000 0.166835
0.105723 0.058291 0.159035
0.114623 0.063529 0.165458
0.116198 0.064964 0.173452
0.111640 0.063018 0.174184
0.083708 0.049836 0.127056
0.078574 0.048533 0.128292
0.077375 0.044750 0.122946
0.082829 0.046333 0.121590
0.103518 0.055712 0.118933
0.087366 0.049215 0.117399
0.120176 0.066508 0.195747
0.118029 0.065775 0.181305
0.114741 0.064347 0.195469
0.113104 0.063846 0.181880
0.110014 0.062061 0.195606
0.108385 0.061544 0.182345
0.107010 0.061204 0.174719
0.101005 0.056778 0.159569
0.102348 0.057579 0.167660
0.102722 0.058834 0.175137
0.103574 0.058909 0.182590
0.104436 0.060582 0.195918
0.099336 0.058142 0.196195
0.098723 0.056019 0.183299
0.097967 0.054987 0.176414
0.098046 0.052756 0.169793
0.094184 0.057821 0.159126
0.091664 0.057140 0.150803
0.089852 0.056391 0.159706
0.087639 0.055918 0.151505
0.088992 0.055331 0.143033
0.084189 0.053171 0.143864
0.086211 0.053825 0.135473
0.080763 0.050643 0.135077
0.077651 0.050844 0.137128
0.074718 0.048128 0.138750
0.072281 0.044523 0.130734
0.075317 0.046678 0.129365
0.070783 0.038885 0.125235
0.073948 0.042126 0.123584
0.069178 0.038323 0.129327
0.066981 0.032462 0.129037
0.065921 0.031477 0.124840
0.069084 0.036206 0.124918
0.092591 0.052172 0.169434
0.092792 0.052721 0.176476
0.093508 0.053245 0.183380
0.094786 0.054811 0.196098
0.090536 0.053178 0.195354
0.088450 0.051409 0.183496
0.087560 0.052633 0.176039
0.087417 0.054510 0.168593
0.087465 0.055687 0.160023
0.084811 0.054979 0.152421
0.082574 0.051032 0.145291
0.085977 0.051974 0.195302
0.083989 0.050876 0.184029
0.082817 0.051855 0.177192
0.066913 0.032688 0.114185
0.064321 0.030932 0.115597
0.062529 0.028566 0.117530
0.060418 0.026712 0.118645
0.057159 0.024239 0.120002
0.070547 0.036691 0.118745
0.067632 0.032947 0.120613
0.064719 0.030145 0.120903
0.063469 0.028448 0.125373
0.060510 0.024737 0.126104
0.059383 0.024690 0.123415
0.062244 0.027469 0.122387
0.054662 0.020818 0.121463
0.052283 0.017127 0.121661
0.047887 0.009009 0.121563
0.046521 0.006524 0.121202
0.045998 0.003276 0.120463
0.064538 0.028404 0.128969
0.061206 0.024265 0.129085
0.059238 0.018384 0.130244
0.058211 0.019954 0.126949
0.070621 0.044041 0.135732
0.068730 0.038583 0.134181
0.066689 0.033183 0.132962
0.067486 0.040975 0.136700
0.066204 0.035108 0.135249
0.064465 0.028350 0.131987
0.061715 0.023305 0.132436
0.055936 0.020886 0.124546
0.073747 0.048946 0.142418
0.079678 0.051435 0.147912
0.058310 0.018644 0.133728
0.061716 0.023168 0.135656
0.064606 0.028558 0.134928
0.082515 0.054256 0.153635
0.073047 0.048141 0.145490
0.077892 0.051468 0.150474
0.084010 0.053946 0.167850
0.084820 0.055100 0.160727
0.082234 0.054143 0.162174
0.080555 0.053987 0.155901
0.081071 0.052818 0.167057
0.080663 0.051349 0.173140
0.078373 0.050656 0.170662
0.080027 0.052449 0.163397
0.078762 0.051250 0.166860
0.079765 0.051046 0.185499
0.081602 0.050566 0.195130
0.075632 0.049954 0.186388
0.077524 0.048541 0.194829
0.071530 0.047538 0.187034
0.073380 0.046525 0.194690
0.068001 0.043400 0.186696
0.069918 0.043582 0.194455
0.064759 0.038548 0.186604
0.067521 0.039565 0.194250
0.065582 0.035003 0.194438
0.061862 0.034581 0.186824
0.062733 0.031000 0.195060
0.059346 0.030020 0.188127
0.060238 0.025617 0.195944
0.056601 0.025479 0.189023
0.057802 0.019681 0.197054
0.054578 0.017886 0.189363
0.056526 0.012026 0.197497
0.053592 0.011973 0.189365
0.055737 0.003781 0.197597
0.053874 0.003978 0.188946
0.078602 0.051493 0.179013
0.074205 0.049847 0.180994
0.066662 0.043473 0.182541
0.070350 0.047449 0.182075
0.063975 0.038683 0.181892
0.060569 0.031938 0.182775
0.057064 0.025627 0.184572
0.055031 0.020313 0.184809
0.053795 0.015697 0.184142
0.053049 0.010749 0.183741
0.053217 0.004333 0.183190
0.053904 0.004212 0.180546
0.054108 0.009199 0.180275
0.054891 0.014323 0.180848
0.056122 0.019617 0.182468
0.057940 0.025499 0.182655
0.060806 0.031976 0.181001
0.063631 0.039226 0.180209
0.065556 0.042995 0.180525
0.068859 0.047521 0.180177
0.072308 0.049702 0.178845
0.077295 0.051681 0.175879
0.075923 0.051097 0.173183
0.061554 0.023746 0.138521
0.058744 0.020037 0.139743
0.058226 0.019274 0.137036
0.061567 0.024756 0.141344
0.064445 0.028825 0.137773
0.064309 0.029275 0.140586
0.058797 0.021869 0.142481
0.064172 0.029526 0.142290
0.062088 0.025705 0.143799
0.066364 0.034892 0.137961
0.065609 0.034842 0.140700
0.065333 0.034636 0.142041
0.069638 0.045796 0.139017
0.069490 0.044649 0.141948
0.067082 0.039576 0.141650
0.067506 0.040267 0.139302
0.068851 0.043350 0.144174
0.072263 0.046942 0.148093
0.076505 0.050680 0.153588
0.078997 0.052945 0.158493
0.076679 0.050560 0.169055
0.074503 0.050534 0.171145
0.054539 0.003925 0.177917
0.054963 0.003530 0.174798
0.054276 0.003218 0.171929
0.053119 0.003046 0.170016
0.045916 0.001461 0.120681
0.042693 0.005777 0.124967
0.042635 0.003373 0.124503
0.041784 0.001444 0.124409
0.038571 0.004813 0.128248
0.037765 0.002795 0.127705
0.037221 0.001096 0.127490
0.031364 0.000904 0.130336
0.032087 0.002489 0.130510
0.027842 0.000695 0.132602
0.025607 0.000751 0.135873
0.026434 0.002361 0.135757
0.025774 0.002540 0.138711
0.024996 0.000914 0.139068
0.027555 0.004391 0.135628
0.028788 0.006898 0.135752
0.027804 0.006596 0.137916
0.026809 0.004555 0.138298
0.051197 0.015244 0.124526
0.049273 0.014080 0.124322
0.050133 0.012366 0.121789
0.051528 0.014714 0.121848
0.054780 0.018422 0.124816
0.052992 0.016607 0.124809
0.032911 0.004273 0.130919
0.028673 0.002334 0.132685
0.029748 0.004210 0.132977
0.031041 0.006753 0.133810
0.026272 0.001018 0.142710
0.028048 0.001048 0.145496
0.030148 0.001121 0.147980
0.032620 0.001059 0.150560
0.034772 0.001304 0.152921
0.037717 0.001803 0.155786
0.042002 0.002826 0.159602
0.044441 0.002753 0.161615
0.046788 0.002744 0.163498
0.048934 0.002914 0.165900
0.051455 0.003094 0.168165
0.054993 0.007774 0.177951
0.055512 0.011571 0.177849
0.057690 0.017356 0.178929
0.058370 0.020985 0.179475
0.060155 0.021195 0.178183
0.061003 0.025988 0.178346
0.059666 0.025745 0.179484
0.063742 0.026172 0.176234
0.065527 0.025282 0.173471
0.064117 0.029950 0.172889
0.064007 0.031125 0.175649
0.064794 0.035165 0.174774
0.064247 0.034182 0.171801
0.065668 0.037347 0.170177
0.065353 0.038344 0.173365
0.055861 0.006042 0.174501
0.056667 0.008983 0.173897
0.055935 0.008160 0.171114
0.055171 0.005285 0.171485
0.054835 0.007403 0.168612
0.053987 0.005112 0.169136
0.044795 0.007326 0.157301
0.042719 0.005018 0.159026
0.038683 0.003901 0.155434
0.040568 0.007086 0.154049
0.053132 0.006634 0.166648
0.052289 0.005223 0.167302
0.049878 0.005149 0.165482
0.045226 0.005013 0.160986
0.047737 0.004887 0.162986
0.047340 0.007324 0.159345
0.035562 0.003031 0.152489
0.027507 0.004489 0.141435
0.026667 0.002280 0.142210
0.028859 0.007150 0.140850
0.029170 0.004671 0.144333
0.028222 0.002427 0.145076
0.030528 0.002562 0.147816
0.033052 0.002647 0.150318
0.031519 0.005150 0.146715
0.034242 0.005781 0.149143
0.037169 0.006565 0.151195
0.030683 0.007426 0.143415
0.034351 0.006264 0.131928
0.035523 0.008703 0.133490
0.033194 0.009427 0.135469
0.036207 0.008044 0.147144
0.033408 0.007741 0.145395
0.030662 0.009924 0.136608
0.036894 0.010988 0.134579
0.035192 0.011883 0.136700
0.033184 0.012289 0.137521
0.038532 0.012605 0.134154
0.037663 0.013724 0.136253
0.041166 0.014005 0.131738
0.040639 0.015831 0.132928
0.037998 0.014225 0.137103
0.044368 0.016505 0.127539
0.043777 0.017312 0.128688
0.029848 0.010010 0.137924
0.031106 0.010714 0.140570
0.032903 0.012719 0.138434
0.039615 0.008362 0.148891
0.043117 0.008557 0.151794
0.047613 0.008853 0.155243
0.050512 0.008955 0.158120
0.046481 0.009924 0.149587
0.043062 0.009762 0.146638
0.045891 0.015942 0.125617
0.048164 0.012885 0.124074
0.047920 0.017221 0.125841
0.050940 0.017347 0.126554
0.046182 0.017783 0.127132
0.055810 0.016429 0.127337
0.057581 0.015311 0.129425
0.047119 0.018401 0.127900
0.052442 0.016789 0.129767
0.045180 0.017461 0.130251
0.041408 0.016244 0.133815
0.037984 0.015375 0.137857
0.034012 0.013131 0.139777
0.033242 0.010768 0.142717
0.035959 0.013152 0.140963
0.036141 0.011268 0.143894
0.039562 0.010159 0.144955
0.050544 0.010477 0.153550
0.039555 0.013066 0.141628
0.043655 0.011455 0.141689
0.046883 0.011983 0.143955
0.052220 0.011780 0.148940
0.055498 0.012067 0.152476
0.039153 0.015457 0.138128
0.043058 0.014322 0.138328
0.047562 0.013130 0.138974
0.050645 0.013755 0.142182
0.055211 0.014274 0.141095
0.051884 0.014345 0.137690
0.046474 0.015318 0.135638
0.043681 0.015708 0.134643
0.047797 0.017000 0.132199
0.051454 0.015677 0.134020
0.056541 0.014047 0.136395
0.055655 0.014990 0.131150
0.057498 0.014586 0.132515
0.054741 0.012183 0.148892
0.057208 0.014338 0.145086
0.057362 0.014887 0.139306
0.066713 0.039235 0.142865
0.066814 0.038632 0.144500
0.065553 0.034219 0.143932
0.064494 0.029642 0.144520
0.068615 0.042724 0.145458
0.063383 0.026311 0.145941
0.069067 0.042209 0.147149
0.071931 0.046031 0.149539
0.072773 0.046009 0.152014
0.057051 0.017460 0.141771
0.057600 0.019412 0.144406
0.060550 0.023552 0.145140
0.059732 0.021153 0.146806
0.062497 0.024364 0.147108
0.061927 0.022245 0.148507
0.066213 0.030219 0.148781
0.066201 0.026634 0.149837
0.067178 0.034160 0.148137
0.068997 0.038288 0.148838
0.072951 0.042747 0.152349
0.074503 0.045141 0.158104
0.066293 0.024353 0.150402
0.066634 0.022287 0.150990
0.058702 0.015357 0.147696
0.059758 0.018624 0.148758
0.059054 0.013457 0.150676
0.060405 0.016646 0.152324
0.061553 0.020272 0.150397
0.067165 0.020195 0.151871
0.062084 0.018472 0.152899
0.067611 0.018272 0.153065
0.067777 0.016678 0.154544
0.064349 0.016479 0.155122
0.061760 0.014853 0.155298
0.067875 0.014506 0.157293
0.065587 0.015488 0.156335
0.063581 0.014207 0.158444
0.065961 0.013366 0.161673
0.060219 0.013454 0.154710
0.061818 0.012501 0.158874
0.063406 0.012051 0.162495
0.066630 0.012982 0.162735
0.063924 0.011388 0.164413
0.066713 0.013098 0.163779
0.063959 0.011498 0.165372
0.066714 0.013428 0.164690
0.064008 0.011906 0.166243
0.066661 0.013917 0.165533
0.064016 0.012489 0.167131
0.066518 0.014551 0.166355
0.063934 0.013205 0.168182
0.066517 0.015869 0.168116
0.063811 0.014859 0.170661
0.066823 0.018149 0.170389
0.064224 0.017917 0.173625
0.066674 0.021342 0.172602
0.064050 0.021653 0.175939
0.060631 0.011940 0.170490
0.059910 0.010268 0.168964
0.059821 0.009284 0.167572
0.059898 0.009006 0.166168
0.061701 0.014379 0.172960
0.056777 0.008306 0.168383
0.056343 0.007954 0.166509
0.057269 0.009276 0.170220
0.058309 0.010978 0.172229
0.059312 0.013901 0.174737
0.057026 0.012228 0.176254
0.059996 0.009242 0.164585
0.055800 0.008016 0.164481
0.051590 0.006832 0.163994
0.053310 0.008468 0.161411
0.049840 0.006745 0.161918
0.058353 0.010229 0.161960
0.055831 0.010764 0.158091
0.062221 0.017651 0.175473
0.059845 0.017258 0.176861
0.062337 0.021641 0.177148
0.062591 0.026316 0.177321
0.057406 0.021168 0.181232
0.059010 0.025647 0.181017
0.061352 0.031911 0.179789
0.061718 0.031541 0.178873
0.062581 0.031289 0.177918
0.063391 0.031416 0.176822
0.063977 0.035720 0.175988
0.063148 0.035990 0.177257
0.062896 0.036368 0.178258
0.064979 0.039179 0.174781
0.064562 0.039760 0.176440
0.062910 0.037304 0.179110
0.064509 0.040358 0.177217
0.064541 0.041521 0.177997
0.067796 0.040928 0.169083
0.066837 0.042103 0.171774
0.067270 0.046266 0.177989
0.066607 0.044937 0.176576
0.066590 0.043322 0.175296
0.066522 0.042876 0.173647
0.070158 0.044888 0.168312
0.069392 0.046000 0.170350
0.068974 0.046539 0.171898
0.068772 0.046994 0.173351
0.069199 0.047982 0.175133
0.070571 0.049194 0.177007
0.072944 0.049144 0.169269
0.072147 0.046672 0.166671
0.072231 0.047772 0.168319
0.074660 0.049796 0.168123
0.073627 0.048367 0.167343
0.073113 0.046892 0.165627
0.074052 0.046881 0.164492
0.075058 0.048741 0.166308
0.076347 0.050140 0.166855
0.078184 0.050663 0.164250
0.076446 0.049077 0.164466
0.074907 0.047103 0.163334
0.077662 0.050727 0.160854
0.076455 0.048974 0.162132
0.075699 0.049398 0.156315
0.074812 0.048395 0.158323
0.075098 0.046315 0.161895

CELLS 6342 56442
8 2683 2684 59 60 2685 2686 242 243
8 1461 73 1417 151 1462 253 1416 302
8 1526 221 99 1517 1525 352 279 1518
8 2680 2328 125 2509 2682 2329 293 2681
8 2325 36 168 2324 2327 241 319 2326
8 176 356 357 12 179 417 418 26
8 12 357 358 11 26 418 419 25
8 11 358 359 10 25 419 420 24
8 10 359 360 9 24 420 421 23
8 9 360 361 8 23 421 422 22
8 8 361 362 7 22 422 423 21
8 7 362 363 6 21 423 424 20
8 5 364 365 4 18 426 427 17
8 4 365 366 3 17 427 428 16
8 3 366 367 2 16 428 429 15
8 2 367 368 413 15 429 430 481
8 413 368 369 412 481 430 431 480
8 412 369 370 175 480 431 432 178
8 175 370 371 1 178 432 433 14
8 1 371 372 174 14 433 434 177
8 174 372 373 0 177 434 435 13
8 356 374 375 357 417 439 440 418
8 357 375 376 358 418 440 441 419
8 358 376 377 359 419 441 442 420
8 359 377 378 360 420 442 443 421
8 360 378 379 361 421 443 444 422
8 361 379 380 362 422 444 445 423
8 362 380 381 363 423 445 446 424
8 364 383 384 365 426 448 449 427
8 365 384 385 366 427 449 450 428
8 366 385 386 367 428 450 451 429
8 367 386 387 368 429 451 452 430
8 368 387 388 369 430 452 453 431
8 369 388 389 370 431 453 454 432
8 370 389 390 371 432 454 455 433
8 371 390 391 372 433 455 456 434
8 372 391 392 373 434 456 457 435
8 374 393 394 375 439 461 462 440
8 375 394 395 376 440 462 463 441
8 376 395 396 377 441 463 464 442
8 377 396 397 378 442 464 465 443
8 378 397 398 379 443 465 466 444
8 379 398 399 380 444 466 467 445
8 380 399 400 381 445 467 468 446
8 381 400 401 382 446 468 469 1850
8 383 402 403 384 448 470 471 449
8 384 403 404 385 449 471 472 450
8 385 404 405 386 450 472 473 451
8 386 405 406 387 451 473 474 452
8 387 406 407 388 452 474 475 453
8 388 407 408 389 453 475 476 454
8 389 408 409 390 454 476 477 455
8 390 409 410 391 455 477 478 456
8 391 410 411 392 456 478 479 457
8 496 412 175 107 959 480 178 115
8 495 413 412 496 958 481 480 959
8 108 2 413 495 116 15 481 958
8 180 414 415 28 328 1031 1032 237
8 28 415 416 27 237 1032 1033 236
8 27 416 417 179 236 1033 1034 327
8 179 417 418 26 327 1034 1035 33
8 26 418 419 25 33 1035 1036 34
8 25 419 420 24 34 1036 1037 235
8 24 420 421 23 235 1037 1038 35
8 23 421 422 22 35 1038 1039 234
8 22 422 423 21 234 1039 1040 233
8 21 423 424 20 233 1040 1041 232
8 20 424 1606 19 232 1041 1605 231
8 18 426 427 17 230 1043 1044 229
8 17 427 428 16 229 1044 1045 228
8 16 428 429 15 228 1045 1046 227
8 15 429 430 481 227 1046 1047 1097
8 481 430 431 480 1097 1047 1048 1096
8 480 431 432 178 1096 1048 1049 326
8 178 432 433 14 326 1049 1050 226
8 14 433 434 177 226 1050 1051 325
8 177 434 435 13 325 1051 1052 225
8 414 436 437 415 1031 1053 1054 1032
8 415 437 438 416 1032 1054 1055 1033
8 416 438 439 417 1033 1055 1056 1034
8 417 439 440 418 1034 1056 1057 1035
8 418 440 441 419 1035 1057 1058 1036
8 419 441 442 420 1036 1058 1059 1037
8 420 442 443 421 1037 1059 1060 1038
8 421 443 444 422 1038 1060 1061 1039
8 422 444 445 423 1039 1061 1062 1040
8 423 445 446 424 1040 1062 1063 1041
8 425 447 448 426 1042 1064 1065 1043
8 426 448 449 427 1043 1065 1066 1044
8 427 449 450 428 1044 1066 1067 1045
8 428 450 451 429 1045 1067 1068 1046
8 429 451 452 430 1046 1068 1069 1047
8 430 452 453 431 1047 1069 1070 1048
8 431 453 454 432 1048 1070 1071 1049
8 432 454 455 433 1049 1071 1072 1050
8 433 455 456 434 1050 1072 1073 1051
8 434 456 457 435 1051 1073 1074 1052
8 436 458 459 437 1053 1075 1076 1054
8 437 459 460 438 1054 1076 1077 1055
8 438 460 461 439 1055 1077 1078 1056
8 439 461 462 440 1056 1078 1079 1057
8 440 462 463 441 1057 1079 1080 1058
8 441 463 464 442 1058 1080 1081 1059
8 442 464 465 443 1059 1081 1082 1060
8 443 465 466 444 1060 1082 1083 1061
8 444 466 467 445 1061 1083 1084 1062
8 445 467 468 446 1062 1084 1085 1063
8 448 470 471 449 1065 1086 1087 1066
8 449 471 472 450 1066 1087 1088 1067
8 450 472 473 451 1067 1088 1089 1068
8 451 473 474 452 1068 1089 1090 1069
8 452 474 475 453 1069 1090 1091 1070
8 453 475 476 454 1070 1091 1092 1071
8 454 476 477 455 1071 1092 1093 1072
8 455 477 478 456 1072 1093 1094 1073
8 456 478 479 457 1073 1094 1095 1074
8 959 480 178 115 1374 1096 326 287
8 958 481 480 959 1373 1097 1096 1374
8 116 15 481 958 288 227 1097 1373
8 122 27 179 121 290 236 327 184
8 1938 1939 482 185 1940 1941 1098 332
8 948 485 484 947 1363 1101 1100 1362
8 949 486 485 948 1364 1102 1101 1363
8 950 487 486 949 1365 1103 1102 1364
8 2944 2946 488 951 2945 2947 1104 1366
8 154 491 490 76 305 1107 1106 256
8 1683 1680 491 154 1684 1681 1107 305
8 790 493 492 78 1204 1109 1108 258
8 1741 1742 493 790 1743 1744 1109 1204
8 966 108 495 967 1023 116 958 1024
8 967 495 496 968 1024 958 959 1025
8 968 496 107 969 1025 959 115 1026
8 1674 1664 112 1667 1675 1663 120 1666
8 1658 1646 110 1661 1654 1645 118 1659
8 1953 1954 497 186 3560 3561 3558 3559
8 506 500 499 505 3572 3573 3571 3570
8 507 501 500 506 3574 3575 3573 3572
8 508 502 501 507 3576 3577 3575 3574
8 2982 2983 503 509 3582 3583 3581 3580
8 134 517 516 46 3608 3537 3539 3607
8 1685 1682 517 134 3609 3535 3537 3608
8 602 519 518 47 3611 3531 3533 3610
8 1745 1746 519 602 3612 3528 3531 3611
8 44 189 187 129 3651 3656 3663 3670
8 521 129 37 522 3754 3670 3750 3760
8 43 44 129 521 3645 3651 3670 3754
8 1515 1516 523 528 4047 4019 4012 4011
8 532 525 526 533 3926 3927 3924 3925
8 533 526 527 534 3925 3924 3928 3929
8 1514 1515 528 535 4045 4047 4011 4005
8 536 531 532 537 3977 3934 3926 3939
8 537 532 533 538 3939 3926 3925 3938
8 538 533 534 539 3938 3925 3929 3937
8 2931 2932 194 543 4154 4156 4155 4153
8 543 194 136 544 4153 4155 4157 4152
8 544 136 137 545 4152 4157 4158 4151
8 545 137 540 188 4151 4158 4159 4150
8 188 540 541 40 4150 4159 4160 4149
8 40 541 542 546 4149 4160 4161 4148
8 546 542 138 547 4148 4161 4162 4147
8 2930 2931 543 548 4142 4154 4153 4140
8 548 543 544 549 4140 4153 4152 4138
8 549 544 545 550 4138 4152 4151 4136
8 550 545 188 130 4136 4151 4150 4134
8 41 546 547 551 4130 4148 4147 4127
8 2929 2930 548 559 4141 4142 4140 4139
8 559 548 549 560 4139 4140 4138 4137
8 560 549 550 561 4137 4138 4136 4135
8 565 555 556 566 3983 3984 3981 3982
8 566 556 557 567 3982 3981 3967 3966
8 567 557 558 568 3966 3967 3965 3964
8 2984 2985 571 575 3586 3615 3614 3585
8 576 572 573 577 3588 3617 3618 3589
8 577 573 574 578 3589 3618 3619 3590
8 2983 2984 575 503 3583 3586 3585 3581
8 502 576 577 501 3577 3588 3589 3575
8 501 577 578 500 3575 3589 3590 3573
8 500 578 579 499 3573 3590 3591 3571
8 2985 2986 580 571 3615 3640 3639 3614
8 572 581 582 573 3617 3642 3643 3618
8 573 582 132 574 3618 3643 3644 3619
8 2986 2987 583 580 3640 3647 3646 3639
8 581 584 133 582 3642 3649 3650 3643
8 582 133 44 132 3643 3650 3651 3644
8 2987 2988 585 583 3647 3653 3652 3646
8 584 586 189 133 3649 3655 3656 3650
8 189 588 587 187 3656 3661 3662 3663
8 2114 592 591 2129 3668 3675 3676 3669
8 606 603 604 607 4250 4246 4245 4247
8 607 604 605 608 4247 4245 4277 4283
8 610 606 607 611 4249 4250 4247 4248
8 611 607 608 612 4248 4247 4283 4284
8 612 608 609 613 4284 4283 4285 4434
8 614 610 611 615 4254 4249 4248 4251
8 615 611 612 616 4251 4248 4284 4282
8 616 612 613 617 4282 4284 4434 4432
8 618 614 615 619 4253 4254 4251 4252
8 619 615 616 620 4252 4251 4282 4281
8 620 616 617 621 4281 4282 4432 4280
8 622 618 619 623 4197 4253 4252 4196
8 623 619 620 624 4196 4252 4281 4275
8 624 620 621 625 4275 4281 4280 4274
8 626 622 623 627 4195 4197 4196 4194
8 627 623 624 628 4194 4196 4275 4273
8 628 624 625 65 4273 4275 4274 4272
8 49 626 627 192 4193 4195 4194 4192
8 192 627 628 50 4192 4194 4273 4270
8 50 628 65 193 4270 4273 4272 4271
8 2932 2933 53 194 4156 4191 4190 4155
8 137 54 52 540 4158 4256 4257 4159
8 540 52 629 971 4159 4257 4258 4441
8 971 629 630 634 4441 4258 4261 4442
8 634 630 631 635 4442 4261 4444 4443
8 635 631 632 196 4443 4444 4449 4452
8 540 971 634 541 4159 4441 4442 4160
8 541 634 635 542 4160 4442 4443 4161
8 542 635 196 138 4161 4443 4452 4162
8 1509 1512 641 647 1511 1513 1111 1117
8 1549 1551 642 648 1550 1552 1112 1118
8 649 643 644 650 1119 1113 1114 1120
8 650 644 645 651 1120 1114 1115 1121
8 651 645 646 652 1121 1115 1116 1122
8 1508 1509 647 653 1510 1511 1117 1123
8 1547 1549 648 654 1548 1550 1118 1124
8 655 649 650 656 1125 1119 1120 1126
8 656 650 651 657 1126 1120 1121 1127
8 657 651 652 658 1127 1121 1122 1128
8 2923 2925 217 663 2924 2926 348 1133
8 663 217 163 664 1133 348 314 1134
8 664 163 164 665 1134 314 315 1135
8 665 164 659 199 1135 315 1129 333
8 199 659 660 61 333 1129 1130 244
8 61 660 661 666 244 1130 1131 1136
8 666 661 165 667 1136 1131 316 1137
8 1582 1585 166 668 1584 1586 317 1138
8 2921 2923 663 671 2922 2924 1133 1141
8 671 663 664 672 1141 1133 1134 1142
8 672 664 665 673 1142 1134 1135 1143
8 673 665 199 140 1143 1135 333 294
8 62 666 667 674 245 1136 1137 1144
8 1581 1582 668 675 1583 1584 1138 1145
8 1579 1575 669 676 1580 1577 1139 1146
8 1569 1570 670 677 1571 1572 1140 1147
8 2919 2921 671 684 2920 2922 1141 1154
8 684 671 672 685 1154 1141 1142 1155
8 685 672 673 686 1155 1142 1143 1156
8 1593 1581 675 688 1594 1583 1145 1158
8 1595 1579 676 689 1596 1580 1146 1159
8 1597 1569 677 690 1598 1571 1147 1160
8 1599 1567 678 691 1600 1568 1148 1161
8 693 680 681 694 1163 1150 1151 1164
8 694 681 682 695 1164 1151 1152 1165
8 695 682 683 696 1165 1152 1153 1166
8 1028 992 697 972 4396 4397 4394 4393
8 973 698 699 974 4378 4367 4365 4377
8 974 699 700 975 4377 4365 4364 4379
8 975 700 701 976 4379 4364 4363 4380
8 976 701 702 977 4380 4363 4368 4381
8 977 702 703 978 4381 4368 4370 4382
8 4382 4370 703 978 4483 4482 704 979
8 979 704 201 142 4483 4482 4480 4478
8 142 63 705 980 4478 4477 4474 4473
8 981 706 707 982 4468 4469 4462 4461
8 982 707 708 983 4461 4462 4456 4455
8 983 708 709 984 4455 4456 4269 4268
8 984 709 710 985 4268 4269 4266 4267
8 985 710 711 986 4267 4266 4265 4264
8 986 711 712 987 4264 4265 4262 4263
8 987 712 713 988 4263 4262 4418 4417
8 988 713 714 989 4417 4418 4416 4415
8 989 714 715 990 4415 4416 4414 4413
8 990 715 716 991 4413 4414 4412 4411
8 1028 993 717 992 4396 4399 4398 4397
8 992 717 718 697 4397 4398 4395 4394
8 698 719 720 699 4367 4176 4175 4365
8 699 720 721 700 4365 4175 4179 4364
8 700 721 722 701 4364 4179 4362 4363
8 701 722 723 702 4363 4362 4366 4368
8 702 723 724 703 4368 4366 4369 4370
8 703 724 725 704 4370 4369 4481 4482
8 704 725 726 201 4482 4481 4479 4480
8 201 726 727 63 4480 4479 4476 4477
8 63 727 728 705 4477 4476 4475 4474
8 706 202 143 707 4469 4467 4463 4462
8 707 143 729 708 4462 4463 4460 4456
8 708 729 730 709 4456 4460 4450 4269
8 709 730 731 710 4269 4450 4447 4266
8 710 731 732 711 4266 4447 4446 4265
8 711 732 733 712 4265 4446 4440 4262
8 712 733 734 713 4262 4440 4439 4418
8 713 734 735 714 4418 4439 4437 4416
8 714 735 736 715 4416 4437 4423 4414
8 715 736 737 716 4414 4423 4419 4412
8 143 64 738 729 4463 4464 4459 4460
8 729 738 739 730 4460 4459 4451 4450
8 730 739 740 731 4450 4451 4448 4447
8 731 740 741 732 4447 4448 4445 4446
8 732 741 742 733 4446 4445 4260 4440
8 733 742 743 734 4440 4260 4259 4439
8 734 743 744 735 4439 4259 4438 4437
8 735 744 745 736 4437 4438 4428 4423
8 745 144 737 736 4428 4427 4419 4423
8 993 746 135 717 4399 4402 4401 4398
8 717 135 48 718 4398 4401 4400 4395
8 719 747 748 720 4176 4171 4173 4175
8 720 748 749 721 4175 4173 4178 4179
8 721 749 750 722 4179 4178 4182 4362
8 722 750 751 723 4362 4182 4184 4366
8 723 751 752 724 4366 4184 4185 4369
8 724 752 57 725 4369 4185 4186 4481
8 725 57 198 726 4481 4186 4187 4479
8 726 198 56 727 4479 4187 4117 4476
8 727 56 197 728 4476 4117 4118 4475
8 202 636 55 64 4467 4189 4465 4464
8 64 55 195 738 4464 4465 4458 4459
8 738 195 633 739 4459 4458 4453 4451
8 739 633 632 740 4451 4453 4449 4448
8 740 632 631 741 4448 4449 4444 4445
8 741 631 630 742 4445 4444 4261 4260
8 742 630 629 743 4260 4261 4258 4259
8 743 629 52 744 4259 4258 4257 4438
8 744 52 51 745 4438 4257 4429 4428
8 745 51 193 144 4428 4429 4271 4427
8 2960 2958 756 1456 2961 2959 1170 1188
8 1457 757 68 205 1189 1171 248 336
8 2948 2950 758 766 2949 2951 1172 1180
8 765 759 760 764 1179 1173 1174 1178
8 764 760 761 763 1178 1174 1175 1177
8 763 761 148 762 1177 1175 299 1176
8 1939 1942 69 482 1941 1943 249 1098
8 485 763 762 484 1101 1177 1176 1100
8 486 764 763 485 1102 1178 1177 1101
8 487 765 764 486 1103 1179 1178 1102
8 2946 2948 766 488 2947 2949 1180 1104
8 2950 2952 767 758 2951 2953 1181 1172
8 759 768 769 760 1173 1182 1183 1174
8 760 769 149 761 1174 1183 300 1175
8 761 149 71 148 1175 300 251 299
8 2952 2954 770 767 2953 2955 1184 1181
8 768 771 150 769 1182 1185 301 1183
8 769 150 72 149 1183 301 252 300
8 2954 2976 772 770 2955 2977 1186 1184
8 771 773 206 150 1185 1187 337 301
8 1458 205 73 1461 1463 336 253 1462
8 1470 151 782 1468 1471 302 1196 1469
8 1489 207 1470 1485 1487 338 1471 1483
8 1493 783 207 1489 1491 1197 338 1487
8 151 1417 786 782 302 1416 1200 1196
8 886 152 181 887 1301 303 329 1302
8 887 181 74 100 1302 329 254 280
8 2603 2600 183 2602 2605 2598 331 2604
8 793 791 792 794 1207 1205 1206 1208
8 794 792 209 795 1208 1206 340 1209
8 804 796 797 805 1218 1210 1211 1219
8 805 797 798 806 1219 1211 1212 1220
8 806 798 799 807 1220 1212 1213 1221
8 807 799 800 808 1221 1213 1214 1222
8 809 801 802 995 1223 1215 1216 1381
8 802 1029 803 995 1216 1414 1217 1381
8 810 804 805 811 1224 1218 1219 1225
8 811 805 806 812 1225 1219 1220 1226
8 812 806 807 813 1226 1220 1221 1227
8 813 807 808 210 1227 1221 1222 341
8 809 995 81 79 1223 1381 261 259
8 995 803 82 81 1381 1217 262 261
8 814 811 812 815 1229 1225 1226 1230
8 815 812 813 816 1230 1226 1227 1231
8 816 813 210 158 1231 1227 341 309
8 818 814 815 819 1233 1229 1230 1234
8 819 815 816 820 1234 1230 1231 1235
8 820 816 158 159 1235 1231 309 310
8 821 817 818 822 1236 1232 1233 1237
8 822 818 819 823 1237 1233 1234 1238
8 823 819 820 824 1238 1234 1235 1239
8 824 820 159 80 1239 1235 310 260
8 825 821 822 826 1240 1236 1237 1241
8 826 822 823 827 1241 1237 1238 1242
8 827 823 824 828 1242 1238 1239 1243
8 828 824 80 211 1243 1239 260 342
8 829 825 826 830 1244 1240 1241 1245
8 830 826 827 831 1245 1241 1242 1246
8 831 827 828 832 1246 1242 1243 1247
8 832 828 211 833 1247 1243 342 1248
8 833 211 160 86 1248 342 311 266
8 834 829 830 835 1249 1244 1245 1250
8 835 830 831 836 1250 1245 1246 1251
8 836 831 832 837 1251 1246 1247 1252
8 837 832 833 838 1252 1247 1248 1253
8 839 834 835 840 1254 1249 1250 1255
8 840 835 836 841 1255 1250 1251 1256
8 841 836 837 842 1256 1251 1252 1257
8 842 837 838 843 1257 1252 1253 1258
8 845 839 840 846 1260 1254 1255 1261
8 846 840 841 847 1261 1255 1256 1262
8 847 841 842 848 1262 1256 1257 1263
8 848 842 843 849 1263 1257 1258 1264
8 850 845 846 851 1265 1260 1261 1266
8 851 846 847 852 1266 1261 1262 1267
8 852 847 848 853 1267 1262 1263 1268
8 853 848 849 854 1268 1263 1264 1269
8 855 850 851 856 1270 1265 1266 1271
8 856 851 852 857 1271 1266 1267 1272
8 857 852 853 858 1272 1267 1268 1273
8 859 855 856 860 1274 1270 1271 1275
8 860 856 857 861 1275 1271 1272 1276
8 861 857 858 862 1276 1272 1273 1277
8 863 859 860 864 1278 1274 1275 1279
8 864 860 861 865 1279 1275 1276 1280
8 865 861 862 866 1280 1276 1277 1281
8 867 863 864 868 1282 1278 1279 1283
8 868 864 865 869 1283 1279 1280 1284
8 869 865 866 870 1284 1280 1281 1285
8 872 867 868 873 1287 1282 1283 1288
8 873 868 869 874 1288 1283 1284 1289
8 874 869 870 103 1289 1284 1285 283
8 89 872 873 215 269 1287 1288 346
8 215 873 874 90 346 1288 1289 270
8 90 874 103 216 270 1289 283 347
8 2925 2927 93 217 2926 2928 273 348
8 164 94 92 659 315 274 272 1129
8 659 92 875 997 1129 272 1290 1383
8 997 875 876 880 1383 1290 1291 1295
8 880 876 877 881 1295 1291 1292 1296
8 881 877 878 219 1296 1292 1293 350
8 219 878 879 96 350 1293 1294 276
8 96 879 218 97 276 1294 349 277
8 659 997 880 660 1129 1383 1295 1130
8 660 880 881 661 1130 1295 1296 1131
8 661 881 219 165 1131 1296 350 316
8 167 98 221 1526 318 278 352 1525
8 1030 1019 888 998 1415 1405 1303 1384
8 999 889 890 1000 1385 1304 1305 1386
8 1000 890 891 1001 1386 1305 1306 1387
8 1001 891 892 1002 1387 1306 1307 1388
8 1002 892 893 1003 1388 1307 1308 1389
8 1003 893 894 1004 1389 1308 1309 1390
8 1390 1309 894 1004 1391 1310 895 1005
8 1005 895 222 169 1391 1310 353 320
8 169 101 896 1006 320 281 1311 1392
8 2833 2834 897 1007 2835 2836 1312 1393
8 1007 897 898 1008 1393 1312 1313 1394
8 1008 898 899 1009 1394 1313 1314 1395
8 1009 899 900 1010 1395 1314 1315 1396
8 1010 900 901 1011 1396 1315 1316 1397
8 1011 901 902 1012 1397 1316 1317 1398
8 1012 902 903 1013 1398 1317 1318 1399
8 1013 903 904 1014 1399 1318 1319 1400
8 1014 904 905 1015 1400 1319 1320 1401
8 1015 905 906 1016 1401 1320 1321 1402
8 1016 906 907 1017 1402 1321 1322 1403
8 1030 1021 909 1019 1415 1407 1324 1405
8 1019 909 910 888 1405 1324 1325 1303
8 889 911 912 890 1304 1326 1327 1305
8 890 912 913 891 1305 1327 1328 1306
8 891 913 914 892 1306 1328 1329 1307
8 892 914 915 893 1307 1329 1330 1308
8 893 915 916 894 1308 1330 1331 1309
8 894 916 917 895 1309 1331 1332 1310
8 895 917 918 222 1310 1332 1333 353
8 222 918 919 101 353 1333 1334 281
8 101 919 920 896 281 1334 1335 1311
8 2834 2837 223 897 2836 2838 354 1312
8 897 223 170 898 1312 354 321 1313
8 898 170 921 899 1313 321 1336 1314
8 899 921 922 900 1314 1336 1337 1315
8 900 922 923 901 1315 1337 1338 1316
8 901 923 924 902 1316 1338 1339 1317
8 902 924 925 903 1317 1339 1340 1318
8 903 925 926 904 1318 1340 1341 1319
8 904 926 927 905 1319 1341 1342 1320
8 905 927 928 906 1320 1342 1343 1321
8 906 928 929 907 1321 1343 1344 1322
8 170 102 930 921 321 282 1345 1336
8 921 930 931 922 1336 1345 1346 1337
8 922 931 932 923 1337 1346 1347 1338
8 923 932 933 924 1338 1347 1348 1339
8 924 933 934 925 1339 1348 1349 1340
8 925 934 935 926 1340 1349 1350 1341
8 926 935 936 927 1341 1350 1351 1342
8 927 936 937 928 1342 1351 1352 1343
8 937 171 929 928 1352 322 1344 1343
8 1020 938 939 1021 1406 1353 1354 1407
8 1021 939 162 909 1407 1354 313 1324
8 909 162 88 910 1324 313 268 1325
8 911 940 941 912 1326 1355 1356 1327
8 912 941 942 913 1327 1356 1357 1328
8 913 942 943 914 1328 1357 1358 1329
8 914 943 944 915 1329 1358 1359 1330
8 915 944 945 916 1330 1359 1360 1331
8 916 945 99 917 1331 1360 279 1332
8 917 99 221 918 1332 279 352 1333
8 918 221 98 919 1333 352 278 1334
8 919 98 220 920 1334 278 351 1335
8 2837 2839 882 223 2838 2840 1297 354
8 223 882 95 102 354 1297 275 282
8 102 95 218 930 282 275 349 1345
8 930 218 879 931 1345 349 1294 1346
8 931 879 878 932 1346 1294 1293 1347
8 932 878 877 933 1347 1293 1292 1348
8 933 877 876 934 1348 1292 1291 1349
8 934 876 875 935 1349 1291 1290 1350
8 935 875 92 936 1350 1290 272 1351
8 936 92 91 937 1351 272 271 1352
8 937 91 216 171 1352 271 347 322
8 1024 948 947 1023 1410 1363 1362 1409
8 1025 949 948 1024 1411 1364 1363 1410
8 1026 950 949 1025 1412 1365 1364 1411
8 2940 2944 951 1027 2942 2945 1366 1413
8 491 954 953 490 1107 1369 1368 1106
8 1680 1671 954 491 1681 1672 1369 1107
8 493 956 955 492 1109 1371 1370 1108
8 1742 1747 956 493 1744 1748 1371 1109
8 1611 1609 117 1022 1612 1608 289 1408
8 1781 1638 116 1023 1782 1637 288 1409
8 1023 116 958 1024 1409 288 1373 1410
8 1024 958 959 1025 1410 1373 1374 1411
8 1025 959 115 1026 1411 1374 287 1412
8 1783 1642 114 1027 1784 1643 286 1413
8 1751 1753 122 1723 1752 1754 290 1724
8 1723 122 121 1677 1724 290 184 1679
8 1675 1663 120 1666 1678 1662 126 1665
8 1654 1645 118 1659 1656 1644 128 1660
8 72 206 224 173 252 337 355 324
8 185 482 960 36 332 1098 1375 241
8 70 71 964 962 250 251 1379 1377
8 71 72 173 964 251 252 324 1379
8 964 173 105 963 1379 324 285 1378
8 786 1417 1425 1427 1200 1416 1422 1428
8 1417 73 1424 1425 1416 253 1421 1422
8 73 205 68 1424 253 336 248 1421
8 599 1418 1430 1431 3751 3731 3732 3765
8 1418 45 1429 1430 3731 3697 3729 3732
8 2962 2960 1456 1464 2963 2961 1188 1465
8 1466 1457 205 1458 1467 1189 336 1463
8 2966 2964 785 1501 2967 2965 1199 1499
8 1497 784 783 1493 1495 1198 1197 1491
8 783 1458 1461 207 1197 1463 1462 338
8 2964 2962 1464 785 2965 2963 1465 1199
8 784 1466 1458 783 1198 1467 1463 1197
8 1485 1470 1468 1477 1483 1471 1469 1475
8 207 1461 151 1470 338 1462 302 1471
8 1484 1485 1477 1476 1482 1483 1475 1474
8 777 1484 1476 776 1191 1482 1474 1190
8 1488 1489 1485 1484 1486 1487 1483 1482
8 778 1488 1484 777 1192 1486 1482 1191
8 1492 1493 1489 1488 1490 1491 1487 1486
8 779 1492 1488 778 1193 1490 1486 1192
8 1496 1497 1493 1492 1494 1495 1491 1490
8 780 1496 1492 779 1194 1494 1490 1193
8 2968 2966 1501 1500 2969 2967 1499 1498
8 2970 2968 1500 781 2971 2969 1498 1195
8 59 1509 1508 60 242 1511 1510 243
8 182 1512 1509 59 330 1513 1511 242
8 38 1515 1514 39 4048 4047 4045 4046
8 200 1516 1515 38 4020 4019 4047 4048
8 167 1526 1520 1524 318 1525 1519 1523
8 1526 1517 1522 1520 1525 1518 1521 1519
8 2761 1570 669 2760 2762 1572 1139 2758
8 1537 643 649 1539 1530 1113 1119 1532
8 1539 649 655 1541 1532 1119 1125 1534
8 1538 1537 1539 1540 1529 1530 1532 1531
8 1540 1539 1541 1542 1531 1532 1534 1533
8 642 1538 1540 648 1112 1529 1531 1118
8 648 1540 1542 654 1118 1531 1533 1124
8 647 1549 1547 653 1117 1550 1548 1123
8 641 1551 1549 647 1111 1552 1550 1117
8 1546 680 693 1564 1544 1150 1163 1560
8 1545 1546 1564 1563 1543 1544 1560 1559
8 679 1545 1563 692 1149 1543 1559 1162
8 1566 679 692 1562 1556 1149 1162 1558
8 1565 1566 1562 1561 1555 1556 1558 1557
8 678 1565 1561 691 1148 1555 1557 1161
8 669 1570 1569 676 1139 1572 1571 1146
8 220 98 167 1573 351 278 318 1574
8 166 1576 1575 668 317 1578 1577 1138
8 668 1575 1579 675 1138 1577 1580 1145
8 667 1582 1581 674 1137 1584 1583 1144
8 165 1585 1582 667 316 1586 1584 1137
8 219 96 1585 165 350 276 1586 316
8 96 97 166 1585 276 277 317 1586
8 61 666 62 1588 244 1136 245 1587
8 199 61 1588 140 333 244 1587 294
8 62 674 687 1591 245 1144 1157 1592
8 1588 62 1591 141 1587 245 1592 295
8 140 1588 141 1589 294 1587 295 1590
8 673 140 1589 686 1143 294 1590 1156
8 674 1581 1593 687 1144 1583 1594 1157
8 675 1579 1595 688 1145 1580 1596 1158
8 676 1569 1597 689 1146 1571 1598 1159
8 677 1567 1599 690 1147 1568 1600 1160
8 1815 1817 1601 1617 1816 1819 1603 1619
8 117 1609 18 17 289 1608 230 229
8 1614 1609 1611 1613 1616 1608 1612 1615
8 1790 1614 1613 1789 1792 1616 1615 1791
8 1609 1614 1610 18 1608 1616 1607 230
8 18 1610 425 426 230 1607 1042 1043
8 1659 1815 1617 952 1660 1816 1619 1367
8 1817 1818 1621 1601 1819 1820 1623 1603
8 22 21 1618 118 234 233 1620 128
8 21 20 1602 1618 233 232 1604 1620
8 20 19 1622 1602 232 231 1624 1604
8 448 447 1626 470 1065 1064 1625 1086
8 1850 446 468 469 1627 1063 1085 1628
8 446 1850 1606 424 1063 1627 1605 1041
8 1629 1632 1626 447 1630 1631 1625 1064
8 425 1633 1629 447 1042 1634 1630 1064
8 1610 1636 1633 425 1607 1635 1634 1042
8 15 116 1638 16 227 288 1637 228
8 16 1638 117 17 228 1637 289 229
8 3 2 108 1639 16 15 116 1638
8 4 3 1639 109 17 16 1638 117
8 5 4 109 1640 18 17 117 1609
8 1 174 106 1641 14 177 114 1642
8 175 1 1641 107 178 14 1642 115
8 177 114 1642 14 325 286 1643 226
8 14 1642 115 178 226 1643 287 326
8 111 10 9 1646 119 24 23 1645
8 1646 9 8 110 1645 23 22 118
8 119 24 23 1645 127 235 35 1644
8 1645 23 22 118 1644 35 234 128
8 1653 1654 1647 953 1655 1656 1648 1368
8 1651 1647 952 489 1650 1648 1367 1105
8 490 953 1647 1651 1106 1368 1648 1650
8 1645 1654 1653 119 1644 1656 1655 127
8 1646 1658 1657 111 1645 1654 1653 119
8 1647 1654 1659 952 1648 1656 1660 1367
8 1664 12 11 112 1663 26 25 120
8 113 176 12 1664 121 179 26 1663
8 1663 26 25 120 1662 33 34 126
8 121 179 26 1663 184 327 33 1662
8 112 11 10 111 120 25 24 119
8 120 25 24 119 126 34 235 127
8 1667 112 111 1657 1666 120 119 1653
8 1666 120 119 1653 1665 126 127 1655
8 954 1666 1653 953 1369 1665 1655 1368
8 1670 1652 515 600 3606 3541 3543 3605
8 1669 1651 489 788 1668 1650 1105 1202
8 46 516 1652 1670 3607 3539 3541 3606
8 76 490 1651 1669 256 1106 1650 1668
8 1677 1675 1671 955 1679 1678 1672 1370
8 1664 1674 1676 113 1663 1675 1677 121
8 1671 1675 1666 954 1672 1678 1665 1369
8 1663 1675 1677 121 1662 1678 1679 184
8 955 1671 1680 492 1370 1672 1681 1108
8 492 1680 1683 78 1108 1681 1684 258
8 518 1682 1685 47 3533 3535 3609 3610
8 1673 513 1686 1691 1674 1676 113 1664
8 1691 1686 1687 1692 1664 113 176 12
8 1692 1687 1688 1693 12 176 356 357
8 1693 1688 1689 1694 357 356 374 375
8 1694 1689 1690 1695 375 374 393 394
8 512 1673 1691 1697 1667 1674 1664 112
8 1697 1691 1692 1698 112 1664 12 11
8 1698 1692 1693 1699 11 12 357 358
8 1699 1693 1694 1700 358 357 375 376
8 1700 1694 1695 1696 376 375 394 395
8 511 512 1697 1702 1657 1667 112 111
8 1702 1697 1698 1703 111 112 11 10
8 1703 1698 1699 1704 10 11 358 359
8 1704 1699 1700 1705 359 358 376 377
8 1705 1700 1696 1701 377 376 395 396
8 1649 511 1702 1707 1658 1657 111 1646
8 1707 1702 1703 1708 1646 111 10 9
8 1708 1703 1704 1709 9 10 359 360
8 1709 1704 1705 1710 360 359 377 378
8 1710 1705 1701 1706 378 377 396 397
8 510 1649 1707 1712 1661 1658 1646 110
8 1712 1707 1708 1713 110 1646 9 8
8 1713 1708 1709 1714 8 9 360 361
8 1714 1709 1710 1715 361 360 378 379
8 1715 1710 1706 1711 379 378 397 398
8 956 1723 1677 955 1371 1724 1679 1370
8 1747 1751 1723 956 1748 1752 1724 1371
8 1676 1732 1727 113 1677 1723 122 121
8 113 1727 1728 176 121 122 27 179
8 176 1728 1729 356 179 27 416 417
8 356 1729 1730 374 417 416 438 439
8 374 1730 1731 393 439 438 460 461
8 1755 1740 1735 1756 1751 1725 123 1753
8 1756 1735 1736 1757 1753 123 180 28
8 1757 1736 1737 1758 28 180 414 415
8 494 1742 1741 789 1110 1744 1743 1203
8 520 1746 1745 601 3529 3528 3612 3613
8 957 1747 1742 494 1372 1748 1744 1110
8 1725 1751 1747 957 1726 1752 1748 1372
8 123 1753 1751 1725 291 1754 1752 1726
8 1727 1732 1755 1756 122 1723 1751 1753
8 1728 1727 1756 1757 27 122 1753 28
8 1729 1728 1757 1758 416 27 28 415
8 1753 28 27 122 1754 237 236 290
8 123 180 28 1753 291 328 237 1754
8 1729 1758 1759 1730 416 415 437 438
8 1758 1737 1738 1759 415 414 436 437
8 1730 1759 1760 1731 438 437 459 460
8 1759 1738 1739 1760 437 436 458 459
8 513 514 1762 1686 1676 1732 1727 113
8 1686 1762 1763 1687 113 1727 1728 176
8 1687 1763 1764 1688 176 1728 1729 356
8 1688 1764 1761 1689 356 1729 1730 374
8 1689 1761 1765 1690 374 1730 1731 393
8 514 1750 1767 1762 1732 1755 1756 1727
8 1762 1767 1768 1763 1727 1756 1757 1728
8 1763 1768 1769 1764 1728 1757 1758 1729
8 1764 1769 1766 1761 1729 1758 1759 1730
8 1761 1766 1770 1765 1730 1759 1760 1731
8 1750 1733 1772 1767 1755 1740 1735 1756
8 1767 1772 1773 1768 1756 1735 1736 1757
8 1768 1773 1774 1769 1757 1736 1737 1758
8 1769 1774 1771 1766 1758 1737 1738 1759
8 1766 1771 1775 1770 1759 1738 1739 1760
8 1777 1776 383 364 425 447 448 426
8 1776 1778 402 383 447 1626 470 448
8 1779 1777 364 5 1610 425 426 18
8 1779 5 1640 1780 1610 18 1609 1614
8 117 1638 1781 1022 289 1637 1782 1408
8 115 1642 1783 1026 287 1643 1784 1412
8 1785 1639 108 966 1781 1638 116 1023
8 965 109 1639 1785 1022 117 1638 1781
8 1786 1640 109 965 1611 1609 117 1022
8 1787 1780 1640 1786 1613 1614 1609 1611
8 969 107 1641 1788 1026 115 1642 1783
8 1788 1641 106 970 1783 1642 114 1027
8 104 1790 1789 172 284 1792 1791 323
8 1614 1790 1636 1610 1616 1792 1635 1607
8 1776 1794 1793 1778 447 1629 1632 1626
8 1777 1795 1794 1776 425 1633 1629 447
8 1779 1796 1795 1777 1610 1636 1633 425
8 1780 1797 1796 1779 1614 1790 1636 1610
8 1787 1800 1797 1780 1613 1789 1790 1614
8 1790 104 1802 1636 1792 284 1801 1635
8 1636 1802 1804 1633 1635 1801 1803 1634
8 1633 1804 1806 1629 1634 1803 1805 1630
8 1629 1806 1808 1632 1630 1805 1807 1631
8 1794 1810 1809 1793 1629 1806 1808 1632
8 1795 1811 1810 1794 1633 1804 1806 1629
8 1796 1812 1811 1795 1636 1802 1804 1633
8 1797 1813 1812 1796 1790 104 1802 1636
8 1800 1814 1813 1797 1789 172 104 1790
8 1618 1815 1659 118 1620 1816 1660 128
8 1622 1818 1817 1602 1624 1820 1819 1604
8 1602 1817 1815 1618 1604 1819 1816 1620
8 1822 1715 1711 1821 380 379 398 399
8 1823 1714 1715 1822 362 361 379 380
8 1824 1713 1714 1823 7 8 361 362
8 1827 110 8 7 1618 118 22 21
8 1828 1661 110 1827 1815 1659 118 1618
8 1825 1712 1713 1824 1827 110 8 7
8 1826 510 1712 1825 1828 1661 110 1827
8 1831 1822 1821 1830 381 380 399 400
8 1832 1823 1822 1831 363 362 380 381
8 1833 1824 1823 1832 6 7 362 363
8 1836 1827 7 6 1602 1618 21 20
8 1837 1828 1827 1836 1817 1815 1618 1602
8 1834 1825 1824 1833 1836 1827 7 6
8 1835 1826 1825 1834 1837 1828 1827 1836
8 1849 363 381 382 1606 424 446 1850
8 1848 6 363 1849 19 20 424 1606
8 1845 1836 6 1848 1622 1602 20 19
8 1846 1837 1836 1845 1818 1817 1602 1622
8 1840 1831 1830 1839 382 381 400 401
8 1841 1832 1831 1840 1849 363 381 382
8 1842 1833 1832 1841 1848 6 363 1849
8 1843 1834 1833 1842 1845 1836 6 1848
8 1844 1835 1834 1843 1846 1837 1836 1845
8 1861 1862 1856 1855 1788 1641 106 970
8 1862 1863 1857 1856 1641 1 174 106
8 1863 1864 1858 1857 1 371 372 174
8 1864 1865 1859 1858 371 390 391 372
8 1865 1866 1860 1859 390 409 410 391
8 1867 1868 1862 1861 969 107 1641 1788
8 1868 1869 1863 1862 107 175 1 1641
8 1869 1870 1864 1863 175 370 371 1
8 1870 1871 1865 1864 370 389 390 371
8 1871 1872 1866 1865 389 408 409 390
8 1873 1874 1868 1867 968 496 107 969
8 1874 1875 1869 1868 496 412 175 107
8 1875 1876 1870 1869 412 369 370 175
8 1876 1877 1871 1870 369 388 389 370
8 1877 1878 1872 1871 388 407 408 389
8 1879 1880 1874 1873 967 495 496 968
8 1880 1881 1875 1874 495 413 412 496
8 1881 1882 1876 1875 413 368 369 412
8 1882 1883 1877 1876 368 387 388 369
8 1883 1884 1878 1877 387 406 407 388
8 1885 1886 1880 1879 966 108 495 967
8 1886 1887 1881 1880 108 2 413 495
8 1887 1888 1882 1881 2 367 368 413
8 1888 1889 1883 1882 367 386 387 368
8 1889 1890 1884 1883 386 405 406 387
8 1891 1892 1886 1885 1785 1639 108 966
8 1892 1893 1887 1886 1639 3 2 108
8 1893 1894 1888 1887 3 366 367 2
8 1894 1895 1889 1888 366 385 386 367
8 1895 1896 1890 1889 385 404 405 386
8 1897 1898 1892 1891 965 109 1639 1785
8 1898 1899 1893 1892 109 4 3 1639
8 1899 1900 1894 1893 4 365 366 3
8 1900 1901 1895 1894 365 384 385 366
8 1901 1902 1896 1895 384 403 404 385
8 1903 1904 1898 1897 1786 1640 109 965
8 1904 1905 1899 1898 1640 5 4 109
8 1905 1906 1900 1899 5 364 365 4
8 1906 1907 1901 1900 364 383 384 365
8 1907 1908 1902 1901 383 402 403 384
8 1909 1910 1904 1903 1787 1780 1640 1786
8 1910 1911 1905 1904 1780 1779 5 1640
8 1911 1912 1906 1905 1779 1777 364 5
8 1912 1913 1907 1906 1777 1776 383 364
8 1913 1914 1908 1907 1776 1778 402 383
8 1915 1916 1910 1909 1800 1797 1780 1787
8 1916 1917 1911 1910 1797 1796 1779 1780
8 1917 1918 1912 1911 1796 1795 1777 1779
8 1918 1919 1913 1912 1795 1794 1776 1777
8 1919 1920 1914 1913 1794 1793 1778 1776
8 1921 1922 1916 1915 1814 1813 1797 1800
8 1922 1923 1917 1916 1813 1812 1796 1797
8 1923 1924 1918 1917 1812 1811 1795 1796
8 1924 1925 1919 1918 1811 1810 1794 1795
8 1925 1926 1920 1919 1810 1809 1793 1794
8 1857 1858 1852 1851 174 372 373 0
8 1858 1859 1853 1852 372 391 392 373
8 1859 1860 1854 1853 391 410 411 392
8 1023 947 1799 1781 1409 1362 1927 1782
8 1781 1799 946 1022 1782 1927 1361 1408
8 947 484 1928 1799 1362 1100 1929 1927
8 1799 1928 483 946 1927 1929 1099 1361
8 484 762 1930 1928 1100 1176 1931 1929
8 1928 1930 147 483 1929 1931 298 1099
8 1945 1933 1932 1944 1947 1935 1934 1946
8 1944 1932 1936 1948 1946 1934 1937 1949
8 1932 1939 1938 1936 1934 1941 1940 1937
8 1933 1942 1939 1932 1935 1943 1941 1934
8 147 1945 1944 483 298 1947 1946 1099
8 483 1944 1948 946 1099 1946 1949 1361
8 1022 946 1948 1611 1408 1361 1949 1612
8 1611 1948 1936 1613 1612 1949 1937 1615
8 1613 1936 1938 1789 1615 1937 1940 1791
8 1789 1938 185 172 1791 1940 332 323
8 1957 1951 1950 1956 3565 3563 3562 3564
8 1958 1952 1951 1957 3594 3595 3563 3565
8 1951 1954 1953 1950 3563 3561 3560 3562
8 1952 1955 1954 1951 3595 3596 3561 3563
8 498 1957 1956 504 3567 3565 3564 3566
8 131 1958 1957 498 3593 3594 3565 3567
8 382 401 1960 1962 1850 469 1959 1961
8 1963 1840 1839 1964 1962 382 401 1960
8 1961 1850 469 1959 1965 1627 1628 1966
8 1968 1849 382 1962 1967 1606 1850 1961
8 1970 1841 1840 1963 1968 1849 382 1962
8 1967 1606 1850 1961 1969 1605 1627 1965
8 1972 1848 1849 1968 1971 19 1606 1967
8 1971 19 1606 1967 1973 231 1605 1969
8 1974 1842 1841 1970 1972 1848 1849 1968
8 1976 1845 1848 1972 1975 1622 19 1971
8 1975 1622 19 1971 1977 1624 231 1973
8 1978 1843 1842 1974 1976 1845 1848 1972
8 1980 1846 1845 1976 1979 1818 1622 1975
8 1979 1818 1622 1975 1981 1820 1624 1977
8 1982 1844 1843 1978 1980 1846 1845 1976
8 1983 1621 1818 1979 1985 1623 1820 1981
8 1987 1962 1960 1809 1986 1961 1959 1808
8 1986 1961 1959 1808 1988 1965 1966 1807
8 1989 1963 1964 1926 1987 1962 1960 1809
8 1991 1968 1962 1987 1990 1967 1961 1986
8 1990 1967 1961 1986 1992 1969 1965 1988
8 1993 1970 1963 1989 1991 1968 1962 1987
8 1804 1990 1986 1806 1803 1992 1988 1805
8 1991 1987 1810 1811 1990 1986 1806 1804
8 1924 1993 1989 1925 1811 1991 1987 1810
8 1995 1972 1968 1991 1994 1971 1967 1990
8 1994 1971 1967 1990 1996 1973 1969 1992
8 1997 1974 1970 1993 1995 1972 1968 1991
8 1994 1990 1804 1802 1996 1992 1803 1801
8 1812 1995 1991 1811 1802 1994 1990 1804
8 1923 1997 1993 1924 1812 1995 1991 1811
8 1999 1976 1972 1995 1998 1975 1971 1994
8 1998 1975 1971 1994 2000 1977 1973 1996
8 2001 1978 1974 1997 1999 1976 1972 1995
8 2007 1980 1976 1999 2006 1979 1975 1998
8 2006 1979 1975 1998 2008 1981 1977 2000
8 2009 1982 1978 2001 2007 1980 1976 1999
8 2011 2006 1998 2003 2010 2008 2000 2002
8 2012 2007 1999 2004 2011 2006 1998 2003
8 2013 2009 2001 2005 2012 2007 1999 2004
8 172 2011 2003 104 323 2010 2002 284
8 1814 2012 2004 1813 172 2011 2003 104
8 1921 2013 2005 1922 1814 2012 2004 1813
8 2014 1983 1979 2006 2016 1985 1981 2008
8 185 2018 2011 172 332 2017 2010 323
8 1746 520 1734 1749 3528 3529 3526 3527
8 519 1746 1749 1722 3531 3528 3527 3530
8 518 519 1722 1721 3533 3531 3530 3532
8 1682 518 1721 1720 3535 3533 3532 3534
8 517 1682 1720 1719 3537 3535 3534 3536
8 516 517 1719 1718 3539 3537 3536 3538
8 1652 516 1718 1717 3541 3539 3538 3540
8 515 1652 1717 1716 3543 3541 3540 3542
8 2020 489 952 1617 2021 1105 1367 1619
8 2022 2020 1617 1601 2023 2021 1619 1603
8 2024 2022 1601 1621 2025 2023 1603 1623
8 2026 2024 1621 1983 2027 2025 1623 1985
8 32 2026 1983 2014 240 2027 1985 2016
8 2028 515 1716 1829 3545 3543 3542 3544
8 2029 2028 1829 1838 3547 3545 3544 3546
8 2030 2029 1838 1847 3549 3547 3546 3548
8 2031 2030 1847 1984 3551 3549 3548 3550
8 2032 2031 1984 2015 3553 3551 3550 3552
8 1783 2048 950 1026 1784 2033 1365 1412
8 1027 951 2048 1783 1413 1366 2033 1784
8 2048 2049 487 950 2033 2034 1103 1365
8 951 488 2049 2048 1366 1104 2034 2033
8 2049 2050 765 487 2034 2035 1179 1103
8 488 766 2050 2049 1104 1180 2035 2034
8 2050 2051 759 765 2035 2036 1173 1179
8 766 758 2051 2050 1180 1172 2036 2035
8 2051 2052 768 759 2036 2037 1182 1173
8 758 767 2052 2051 1172 1181 2037 2036
8 2063 2064 576 502 3579 3587 3588 3577
8 503 575 2064 2063 3581 3585 3587 3579
8 2064 2065 572 576 3587 3616 3617 3588
8 575 571 2065 2064 3585 3614 3616 3587
8 2065 2066 581 572 3616 3641 3642 3617
8 571 580 2066 2065 3614 3639 3641 3616
8 2062 2063 502 508 3578 3579 3577 3576
8 509 503 2063 2062 3580 3581 3579 3578
8 2052 2053 771 768 2037 2038 1185 1182
8 767 770 2053 2052 1181 1184 2038 2037
8 2053 2054 773 771 2038 2039 1187 1185
8 770 772 2054 2053 1184 1186 2039 2038
8 2066 2067 584 581 3641 3648 3649 3642
8 580 583 2067 2066 3639 3646 3648 3641
8 2067 2068 586 584 3648 3654 3655 3649
8 583 585 2068 2067 3646 3652 3654 3648
8 2991 2992 2072 594 3672 3678 3677 3671
8 2992 2993 2073 2072 3678 3684 3683 3677
8 2993 2994 598 2073 3684 3690 3689 3683
8 2994 2995 2074 598 3690 3695 3694 3689
8 2995 2996 2075 2074 3695 3716 3715 3694
8 2996 2997 569 2075 3716 3709 3708 3715
8 2055 2056 1496 780 2040 2041 1494 1194
8 781 1500 2056 2055 1195 1498 2041 2040
8 2056 2057 1497 1496 2041 2042 1495 1494
8 1500 1501 2057 2056 1498 1499 2042 2041
8 2057 2058 784 1497 2042 2043 1198 1495
8 1501 785 2058 2057 1499 1199 2043 2042
8 2058 2059 1466 784 2043 2044 1467 1198
8 785 1464 2059 2058 1199 1465 2044 2043
8 2059 2060 1457 1466 2044 2045 1189 1467
8 1464 1456 2060 2059 1465 1188 2045 2044
8 2060 2061 757 1457 2045 2046 1171 1189
8 1456 756 2061 2060 1188 1170 2046 2045
8 594 2072 2076 2069 3671 3677 3679 3673
8 2072 2073 2077 2076 3677 3683 3685 3679
8 2073 598 2071 2077 3683 3689 3691 3685
8 598 2074 2078 2071 3689 3694 3696 3691
8 2074 2075 2079 2078 3694 3715 3714 3696
8 2075 569 2070 2079 3715 3708 3710 3714
8 2069 2076 2080 593 3673 3679 3680 3674
8 2076 2077 2081 2080 3679 3685 3686 3680
8 2077 2071 597 2081 3685 3691 3693 3686
8 2071 2078 2082 597 3691 3696 3725 3693
8 2078 2079 2083 2082 3696 3714 3718 3725
8 2079 2070 570 2083 3714 3710 3719 3718
8 593 2080 2084 592 3674 3680 3681 3675
8 2080 2081 2085 2084 3680 3686 3687 3681
8 2081 597 596 2085 3686 3693 3692 3687
8 597 2082 2086 596 3693 3725 3699 3692
8 2082 2083 2087 2086 3725 3718 3700 3699
8 2083 570 42 2087 3718 3719 3717 3700
8 592 2084 2088 591 3675 3681 3682 3676
8 2084 2085 2089 2088 3681 3687 3688 3682
8 2085 596 190 2089 3687 3692 3726 3688
8 596 2086 2090 190 3692 3699 3698 3726
8 2086 2087 45 2090 3699 3700 3697 3698
8 2087 42 1429 45 3700 3717 3729 3697
8 2988 2989 2097 585 3653 3658 3657 3652
8 2989 2990 2098 2097 3658 3665 3664 3657
8 2990 2991 594 2098 3665 3672 3671 3664
8 2976 2974 2095 772 2977 2975 2093 1186
8 2974 2972 2096 2095 2975 2973 2094 2093
8 2972 2970 781 2096 2973 2971 1195 2094
8 585 2097 2103 2068 3652 3657 3659 3654
8 2097 2098 2104 2103 3657 3664 3666 3659
8 2098 594 2069 2104 3664 3671 3673 3666
8 772 2095 2101 2054 1186 2093 2099 2039
8 2095 2096 2102 2101 2093 2094 2100 2099
8 2096 781 2055 2102 2094 1195 2040 2100
8 2068 2103 2109 586 3654 3659 3660 3655
8 2103 2104 2110 2109 3659 3666 3667 3660
8 2104 2069 593 2110 3666 3673 3674 3667
8 2054 2101 2107 773 2039 2099 2105 1187
8 2101 2102 2108 2107 2099 2100 2106 2105
8 2102 2055 780 2108 2100 2040 1194 2106
8 586 2109 588 189 3655 3660 3661 3656
8 2109 2110 2114 588 3660 3667 3668 3661
8 2110 593 592 2114 3667 3674 3675 3668
8 773 2107 775 206 1187 2105 2111 337
8 2107 2108 2113 775 2105 2106 2112 2111
8 2108 780 779 2113 2106 1194 1193 2112
8 578 574 2115 579 3590 3619 3620 3591
8 574 132 43 2115 3619 3644 3645 3620
8 3570 505 1798 3568 3571 499 2116 3569
8 3568 1798 504 3566 3569 2116 498 3567
8 499 579 2117 2116 3571 3591 3592 3569
8 2116 2117 131 498 3569 3592 3593 3567
8 588 2114 2129 587 3661 3668 3669 3662
8 206 775 774 224 337 2111 2118 355
8 775 2113 2120 774 2111 2112 2119 2118
8 2113 779 778 2120 2112 1193 1192 2119
8 224 774 2123 105 355 2118 2121 285
8 774 2120 2124 2123 2118 2119 2122 2121
8 2120 778 777 2124 2119 1192 1191 2122
8 105 2123 2127 963 285 2121 2125 1378
8 2123 2124 2128 2127 2121 2122 2126 2125
8 2124 777 776 2128 2122 1191 1190 2126
8 187 587 2130 37 3663 3662 3749 3750
8 587 2129 2131 2130 3662 3669 3748 3749
8 2129 591 590 2131 3669 3676 3747 3748
8 37 2130 2132 522 3750 3749 3759 3760
8 2130 2131 2133 2132 3749 3748 3758 3759
8 2131 590 589 2133 3748 3747 3757 3758
8 2090 45 1418 2134 3698 3697 3731 3727
8 2134 1418 599 595 3727 3731 3751 3752
8 591 2088 2137 590 3676 3682 3746 3747
8 2088 2089 2136 2137 3682 3688 3730 3746
8 2089 190 2135 2136 3688 3726 3728 3730
8 190 2090 2134 2135 3726 3698 3727 3728
8 590 2137 2140 589 3747 3746 3756 3757
8 2137 2136 2139 2140 3746 3730 3755 3756
8 2136 2135 2138 2139 3730 3728 3753 3755
8 2135 2134 595 2138 3728 3727 3752 3753
8 762 148 70 1930 1176 299 250 1931
8 579 2115 2141 2117 3591 3620 3621 3592
8 963 2127 2165 2163 1378 2125 2144 2142
8 2127 2128 2167 2165 2125 2126 2146 2144
8 2128 776 2169 2167 2126 1190 2148 2146
8 776 1476 2171 2169 1190 1474 2150 2148
8 1476 1477 2173 2171 1474 1475 2152 2150
8 1477 1468 2175 2173 1475 1469 2154 2152
8 1468 782 2177 2175 1469 1196 2156 2154
8 782 786 2179 2177 1196 1200 2158 2156
8 786 1427 2181 2179 1200 1428 2160 2158
8 2163 2165 2166 2164 2142 2144 2145 2143
8 2165 2167 2168 2166 2144 2146 2147 2145
8 2167 2169 2170 2168 2146 2148 2149 2147
8 2169 2171 2172 2170 2148 2150 2151 2149
8 2171 2173 2174 2172 2150 2152 2153 2151
8 2177 2179 2180 2178 2156 2158 2159 2157
8 2179 2181 2182 2180 2158 2160 2161 2159
8 2164 2166 145 67 2143 2145 296 247
8 2166 2168 755 145 2145 2147 1169 296
8 2168 2170 1473 755 2147 2149 1472 1169
8 2170 2172 1480 1473 2149 2151 1478 1472
8 2172 2174 1481 1480 2151 2153 1479 1478
8 2174 2176 146 1481 2153 2155 297 1479
8 2176 2178 66 146 2155 2157 246 297
8 2178 2180 203 66 2157 2159 334 246
8 2180 2182 1426 203 2159 2161 1423 334
8 2173 2175 2176 2174 2152 2154 2155 2153
8 2175 2177 2178 2176 2154 2156 2157 2155
8 964 963 2163 962 1379 1378 2142 1377
8 962 2163 2164 2183 1377 2142 2143 2162
8 2183 2164 67 961 2162 2143 247 1376
8 1930 70 2185 147 1931 250 2184 298
8 70 962 2183 2185 250 1377 2162 2184
8 67 145 2212 2210 247 296 2190 2188
8 145 755 2214 2212 296 1169 2192 2190
8 755 1473 2216 2214 1169 1472 2194 2192
8 1473 1480 2218 2216 1472 1478 2196 2194
8 1480 1481 2220 2218 1478 1479 2198 2196
8 1481 146 2222 2220 1479 297 2200 2198
8 146 66 2224 2222 297 246 2202 2200
8 66 203 2226 2224 246 334 2204 2202
8 203 1426 2228 2226 334 1423 2206 2204
8 2210 2212 2213 2211 2188 2190 2191 2189
8 2212 2214 2215 2213 2190 2192 2193 2191
8 2214 2216 2217 2215 2192 2194 2195 2193
8 2216 2218 2219 2217 2194 2196 2197 2195
8 2218 2220 2221 2219 2196 2198 2199 2197
8 2220 2222 2223 2221 2198 2200 2201 2199
8 2222 2224 2225 2223 2200 2202 2203 2201
8 2224 2226 2227 2225 2202 2204 2205 2203
8 2226 2228 1419 2227 2204 2206 1420 2205
8 2185 2183 961 2187 2184 2162 1376 2186
8 2229 2210 2211 2230 2207 2188 2189 2208
8 961 67 2210 2229 1376 247 2188 2207
8 69 2229 2230 2231 249 2207 2208 2209
8 2187 961 2229 69 2186 1376 2207 249
8 2141 43 521 2232 3621 3645 3754 3780
8 2232 521 522 2233 3780 3754 3760 3779
8 522 2132 2234 2233 3760 3759 3778 3779
8 2132 2133 2235 2234 3759 3758 3777 3778
8 2133 589 2236 2235 3758 3757 3776 3777
8 589 2140 2237 2236 3757 3756 3775 3776
8 2140 2139 2238 2237 3756 3755 3774 3775
8 2139 2138 2239 2238 3755 3753 3773 3774
8 2138 595 2240 2239 3753 3752 3772 3773
8 595 599 2241 2240 3752 3751 3771 3772
8 599 1431 2242 2241 3751 3765 3770 3771
8 2141 2232 2244 2243 3621 3780 3781 3622
8 2232 2233 2245 2244 3780 3779 3782 3781
8 2233 2234 2246 2245 3779 3778 3783 3782
8 2234 2235 2247 2246 3778 3777 3784 3783
8 2235 2236 2248 2247 3777 3776 3785 3784
8 2236 2237 2249 2248 3776 3775 3786 3785
8 2237 2238 2250 2249 3775 3774 3787 3786
8 2238 2239 2251 2250 3774 3773 3788 3787
8 2239 2240 2252 2251 3773 3772 3789 3788
8 2240 2241 2253 2252 3772 3771 3790 3789
8 2241 2242 2254 2253 3771 3770 3791 3790
8 2243 2244 2256 2255 3622 3781 3810 3623
8 2244 2245 2257 2256 3781 3782 3809 3810
8 2245 2246 2258 2257 3782 3783 3808 3809
8 2246 2247 2259 2258 3783 3784 3807 3808
8 2247 2248 2260 2259 3784 3785 3806 3807
8 2248 2249 2261 2260 3785 3786 3805 3806
8 2249 2250 2262 2261 3786 3787 3804 3805
8 2250 2251 2263 2262 3787 3788 3803 3804
8 2251 2252 2264 2263 3788 3789 3802 3803
8 2252 2253 2265 2264 3789 3790 3801 3802
8 2253 2254 2266 2265 3790 3791 3800 3801
8 2255 2256 2268 2267 3623 3810 3836 3597
8 2256 2257 2269 2268 3810 3809 3813 3836
8 2257 2258 2270 2269 3809 3808 3814 3813
8 2258 2259 2271 2270 3808 3807 3819 3814
8 2259 2260 2272 2271 3807 3806 3820 3819
8 2260 2261 2273 2272 3806 3805 3830 3820
8 2261 2262 2274 2273 3805 3804 3829 3830
8 2262 2263 2275 2274 3804 3803 3839 3829
8 2263 2264 2276 2275 3803 3802 3840 3839
8 2264 2265 2277 2276 3802 3801 3849 3840
8 2265 2266 2278 2277 3801 3800 3848 3849
8 2267 2268 2280 2279 3597 3836 3835 3598
8 2268 2269 2281 2280 3836 3813 3812 3835
8 2269 2270 2282 2281 3813 3814 3811 3812
8 2270 2271 2283 2282 3814 3819 3818 3811
8 2271 2272 2284 2283 3819 3820 3817 3818
8 2272 2273 2285 2284 3820 3830 3869 3817
8 2273 2274 2286 2285 3830 3829 3841 3869
8 2274 2275 2287 2286 3829 3839 3838 3841
8 2275 2276 2288 2287 3839 3840 3837 3838
8 2276 2277 2289 2288 3840 3849 3850 3837
8 2277 2278 2290 2289 3849 3848 3856 3850
8 523 524 529 528 4012 4007 4010 4011
8 2307 525 532 531 3932 3927 3926 3934
8 2306 2307 531 2309 3933 3932 3934 3935
8 2305 2306 2309 530 4023 3933 3935 3999
8 2304 2305 530 2308 4006 4023 3999 3998
8 524 2304 2308 529 4007 4006 3998 4010
8 2309 531 536 2313 3935 3934 3977 3993
8 530 2309 2313 2312 3999 3935 3993 3995
8 2308 530 2312 2311 3998 3999 3995 3997
8 529 2308 2311 2310 4010 3998 3997 4002
8 528 529 2310 535 4011 4010 4002 4005
8 2319 2315 555 565 3985 3986 3984 3983
8 2318 2314 2315 2319 4025 4026 3986 3985
8 564 554 2314 2318 4027 4028 4026 4025
8 2321 2317 554 564 4029 4030 4028 4027
8 563 553 2317 2321 4036 4035 4030 4029
8 2320 2316 553 563 4037 4038 4035 4036
8 562 552 2316 2320 4062 4061 4038 4037
8 960 482 69 2231 1375 1098 249 2209
8 2323 2014 2006 2011 2322 2016 2008 2010
8 32 2325 2324 77 240 2327 2326 257
8 2323 2018 36 2325 2322 2017 241 2327
8 2014 2323 2325 32 2016 2322 2327 240
8 886 885 2333 152 1301 1300 2332 303
8 885 884 994 2333 1300 1299 1380 2332
8 2356 2357 1512 182 2334 2336 1513 330
8 29 2358 2357 2356 2335 2337 2336 2334
8 124 753 2358 29 292 1167 2337 2335
8 2358 2360 2359 2357 2337 2339 2338 2336
8 753 1553 2360 2358 1167 1554 2339 2337
8 2359 2361 1551 641 2338 2340 1552 1111
8 2360 2362 2361 2359 2339 2341 2340 2338
8 1553 754 2362 2360 1554 1168 2341 2339
8 2361 2363 642 1551 2340 2342 1112 1552
8 2362 2364 2363 2361 2341 2343 2342 2340
8 754 204 2364 2362 1168 335 2343 2341
8 2363 2365 1538 642 2342 2344 1529 1112
8 2364 2366 2365 2363 2343 2345 2344 2342
8 204 1536 2366 2364 335 1527 2345 2343
8 2365 2367 1537 1538 2344 2346 1530 1529
8 2366 2368 2367 2365 2345 2347 2346 2344
8 1536 1535 2368 2366 1527 1528 2347 2345
8 2367 2369 643 1537 2346 2348 1113 1530
8 2368 2370 2369 2367 2347 2349 2348 2346
8 1535 1460 2370 2368 1528 1459 2349 2347
8 2369 2371 644 643 2348 2350 1114 1113
8 2370 2372 2371 2369 2349 2351 2350 2348
8 1460 1504 2372 2370 1459 1507 2351 2349
8 2371 2373 645 644 2350 2352 1115 1114
8 2372 2374 2373 2371 2351 2353 2352 2350
8 1504 1503 2374 2372 1507 1506 2353 2351
8 2373 2375 646 645 2352 2354 1116 1115
8 2374 2376 2375 2373 2353 2355 2354 2352
8 1503 1502 2376 2374 1506 1505 2355 2353
8 2377 2378 1516 200 4021 4022 4019 4020
8 2303 2379 2378 2377 3879 3878 4022 4021
8 2292 2293 2379 2303 3832 3876 3878 3879
8 2379 2381 2380 2378 3878 3881 4024 4022
8 2293 2294 2381 2379 3876 3875 3881 3878
8 2380 2382 524 523 4024 4008 4007 4012
8 2381 2383 2382 2380 3881 3880 4008 4024
8 2294 2295 2383 2381 3875 3867 3880 3881
8 2382 2384 2304 524 4008 4009 4006 4007
8 2383 2385 2384 2382 3880 3883 4009 4008
8 2295 2296 2385 2383 3867 3866 3883 3880
8 2384 2386 2305 2304 4009 3936 4023 4006
8 2385 2387 2386 2384 3883 3884 3936 4009
8 2296 2297 2387 2385 3866 3827 3884 3883
8 2386 2388 2306 2305 3936 3822 3933 4023
8 2387 2389 2388 2386 3884 3823 3822 3936
8 2297 2298 2389 2387 3827 3826 3823 3884
8 2388 2390 2307 2306 3822 3821 3932 3933
8 2389 2391 2390 2388 3823 3824 3821 3822
8 2298 2299 2391 2389 3826 3863 3824 3823
8 2307 2390 2392 525 3932 3821 3931 3927
8 2391 2393 2392 2390 3824 3873 3931 3821
8 2299 2300 2393 2391 3863 3874 3873 3824
8 2392 2394 526 525 3931 3930 3924 3927
8 2393 2395 2394 2392 3873 3922 3930 3931
8 2300 2301 2395 2393 3874 3887 3922 3873
8 2394 2396 527 526 3930 3923 3928 3924
8 2395 2397 2396 2394 3922 3921 3923 3930
8 2301 2302 2397 2395 3887 3920 3921 3922
8 2404 2356 182 2330 2399 2334 330 2331
8 2405 2403 2356 2404 2400 2398 2334 2399
8 2328 30 2403 2405 2329 238 2398 2400
8 2406 2404 2330 74 2401 2399 2331 254
8 2407 2405 2404 2406 2402 2400 2399 2401
8 125 2328 2405 2407 293 2329 2400 2402
8 30 124 29 2403 238 292 2335 2398
8 2408 814 818 817 1228 1229 1233 1232
8 810 811 814 2408 1224 1225 1229 1228
8 792 1741 790 209 1206 1743 1204 340
8 209 790 78 2413 340 1204 258 2411
8 2413 78 1683 2414 2411 258 1684 2412
8 2414 1683 154 2410 2412 1684 305 2409
8 795 209 2413 2417 1209 340 2411 2415
8 2417 2413 2414 2418 2415 2411 2412 2416
8 2418 2414 2410 157 2416 2412 2409 308
8 2425 795 2417 2421 2423 1209 2415 2419
8 2429 794 795 2425 2427 1208 1209 2423
8 2426 2425 2421 2422 2424 2423 2419 2420
8 2430 2429 2425 2426 2428 2427 2423 2424
8 798 2426 2422 799 1212 2424 2420 1213
8 797 2430 2426 798 1211 2428 2424 1212
8 858 853 854 2433 1273 1268 1269 2431
8 854 2436 2434 2433 1269 2435 2432 2431
8 2434 2436 162 939 2432 2435 313 1354
8 854 849 2438 2436 1269 1264 2437 2435
8 849 843 2440 2438 1264 1258 2439 2437
8 843 838 2442 2440 1258 1253 2441 2439
8 838 833 86 2442 1253 1248 266 2441
8 211 80 2444 160 342 260 2443 311
8 80 159 2457 2444 260 310 2455 2443
8 159 158 2446 2457 310 309 2445 2455
8 210 808 2449 2458 341 1222 2447 2456
8 808 800 2453 2449 1222 1214 2451 2447
8 160 2444 2463 85 311 2443 2459 265
8 2444 2457 2464 2463 2443 2455 2460 2459
8 2457 2446 2465 2464 2455 2445 2461 2460
8 2446 2458 2466 2465 2445 2456 2462 2461
8 2458 2449 2450 2466 2456 2447 2448 2462
8 2449 2453 2454 2450 2447 2451 2452 2448
8 2438 2440 844 214 2437 2439 1259 345
8 2440 2442 213 844 2439 2441 344 1259
8 2442 86 2468 213 2441 266 2467 344
8 86 160 85 2468 266 311 265 2467
8 2450 2454 801 809 2448 2452 1215 1223
8 2466 2450 809 79 2462 2448 1223 259
8 85 2463 2472 2474 265 2459 2471 2473
8 2464 2465 79 2476 2460 2461 259 2475
8 2463 2464 2476 2472 2459 2460 2475 2471
8 2468 85 2474 2478 2467 265 2473 2477
8 213 2468 2478 2480 344 2467 2477 2479
8 844 213 2480 2470 1259 344 2479 2469
8 2480 2478 2482 161 2479 2477 2481 312
8 2478 2474 87 2482 2477 2473 267 2481
8 2474 2472 2484 87 2473 2471 2483 267
8 2472 2476 81 2484 2471 2475 261 2483
8 82 803 2488 83 262 1217 2487 263
8 83 2488 2490 2594 263 2487 2489 2596
8 2488 1029 2595 2490 2487 1414 2597 2489
8 2482 87 2494 2592 2481 267 2492 2593
8 87 2484 2493 2494 267 2483 2491 2492
8 2484 81 82 2493 2483 261 262 2491
8 2410 154 76 75 2409 305 256 255
8 157 2410 75 2496 308 2409 255 2495
8 75 76 1669 2500 255 256 1668 2499
8 2500 1669 788 2502 2499 1668 1202 2501
8 2595 2508 2506 2490 2597 2507 2505 2489
8 2508 157 2496 2506 2507 308 2495 2505
8 2490 2506 84 2594 2489 2505 264 2596
8 2506 2496 2504 84 2505 2495 2503 264
8 2504 75 2500 155 2503 255 2499 306
8 155 2500 2502 787 306 2499 2501 1201
8 2502 2603 2599 787 2501 2605 2601 1201
8 2599 2603 2602 156 2601 2605 2604 307
8 2600 2603 2502 788 2598 2605 2501 1202
8 788 489 2020 2600 1202 1105 2021 2598
8 2600 2022 2024 183 2598 2023 2025 331
8 183 2026 32 77 331 2027 240 257
8 156 2602 2509 125 307 2604 2681 293
8 2602 183 77 2509 2604 331 257 2681
8 83 2594 2513 2515 263 2596 2512 2514
8 82 83 2515 2493 262 263 2514 2491
8 2493 2515 2517 2494 2491 2514 2516 2492
8 2494 2517 2519 2592 2492 2516 2518 2593
8 2515 2513 2521 2517 2514 2512 2520 2516
8 2523 155 787 208 2522 306 1201 339
8 84 2504 155 2511 264 2503 306 2510
8 208 787 2599 2525 339 1201 2601 2524
8 2525 2599 156 31 2524 2601 307 239
8 31 156 125 2407 239 307 293 2402
8 2529 2525 31 2527 2528 2524 239 2526
8 2531 208 2525 2529 2530 339 2524 2528
8 2527 31 2407 2533 2526 239 2402 2532
8 181 2533 2406 74 329 2532 2401 254
8 152 2527 2533 181 303 2526 2532 329
8 2333 2529 2527 152 2332 2528 2526 303
8 994 2531 2529 2333 1380 2530 2528 2332
8 212 2536 994 884 343 2534 1380 1299
8 2537 2523 208 2531 2535 2522 339 2530
8 2513 2511 2523 2537 2512 2510 2522 2535
8 2592 2519 2536 212 2593 2518 2534 343
8 2519 2521 2537 2536 2518 2520 2535 2534
8 2436 214 88 162 2435 345 268 313
8 2541 2592 212 883 2540 2593 343 1298
8 2543 2541 883 2539 2542 2540 1298 2538
8 2486 161 2541 2543 2485 312 2540 2542
8 888 910 2570 2568 1303 1325 2546 2544
8 2568 2570 2571 2569 2544 2546 2547 2545
8 910 88 2572 2570 1325 268 2548 2546
8 2570 2572 2573 2571 2546 2548 2549 2547
8 2572 2470 2486 2573 2548 2469 2485 2549
8 2569 2571 2576 2574 2545 2547 2552 2550
8 2574 2576 2577 2575 2550 2552 2553 2551
8 2575 2577 911 889 2551 2553 1326 1304
8 2571 2573 2578 2576 2547 2549 2554 2552
8 2576 2578 2579 2577 2552 2554 2555 2553
8 2577 2579 940 911 2553 2555 1355 1326
8 941 2582 2584 942 1356 2558 2560 1357
8 942 2584 2586 943 1357 2560 2562 1358
8 943 2586 2588 944 1358 2562 2564 1359
8 944 2588 2590 945 1359 2564 2566 1360
8 2582 2583 2585 2584 2558 2559 2561 2560
8 2584 2585 2587 2586 2560 2561 2563 2562
8 2586 2587 2589 2588 2562 2563 2565 2564
8 2588 2589 2591 2590 2564 2565 2567 2566
8 2583 885 886 2585 2559 1300 1301 2561
8 2585 886 887 2587 2561 1301 1302 2563
8 2587 887 100 2589 2563 1302 280 2565
8 2589 100 153 2591 2565 280 304 2567
8 2579 2539 2580 940 2555 2538 2556 1355
8 940 2580 2582 941 1355 2556 2558 1356
8 2539 883 2581 2580 2538 1298 2557 2556
8 2580 2581 2583 2582 2556 2557 2559 2558
8 883 212 884 2581 1298 343 1299 2557
8 2581 884 885 2583 2557 1299 1300 2559
8 2573 2486 2543 2578 2549 2485 2542 2554
8 2578 2543 2539 2579 2554 2542 2538 2555
8 2536 2537 2531 994 2534 2535 2530 1380
8 158 210 2458 2446 309 341 2456 2445
8 30 2631 2633 124 238 2607 2609 292
8 124 2633 2635 753 292 2609 2611 1167
8 753 2635 2637 1553 1167 2611 2613 1554
8 1553 2637 2639 754 1554 2613 2615 1168
8 754 2639 2641 204 1168 2615 2617 335
8 204 2641 2643 1536 335 2617 2619 1527
8 1536 2643 2645 1535 1527 2619 2621 1528
8 1535 2645 2647 1460 1528 2621 2623 1459
8 1460 2647 2649 1504 1459 2623 2625 1507
8 1504 2649 2651 1503 1507 2625 2627 1506
8 1503 2651 2653 1502 1506 2627 2629 1505
8 2631 2630 2632 2633 2607 2606 2608 2609
8 2633 2632 2634 2635 2609 2608 2610 2611
8 2635 2634 2636 2637 2611 2610 2612 2613
8 2637 2636 2638 2639 2613 2612 2614 2615
8 2639 2638 2640 2641 2615 2614 2616 2617
8 2641 2640 2642 2643 2617 2616 2618 2619
8 2643 2642 2644 2645 2619 2618 2620 2621
8 2645 2644 2646 2647 2621 2620 2622 2623
8 2647 2646 2648 2649 2623 2622 2624 2625
8 2649 2648 2650 2651 2625 2624 2626 2627
8 2651 2650 2652 2653 2627 2626 2628 2629
8 2630 2231 2230 2632 2606 2209 2208 2608
8 2632 2230 2211 2634 2608 2208 2189 2610
8 2634 2211 2213 2636 2610 2189 2191 2612
8 2636 2213 2215 2638 2612 2191 2193 2614
8 2638 2215 2217 2640 2614 2193 2195 2616
8 2640 2217 2219 2642 2616 2195 2197 2618
8 2642 2219 2221 2644 2618 2197 2199 2620
8 2644 2221 2223 2646 2620 2199 2201 2622
8 2646 2223 2225 2648 2622 2201 2203 2624
8 2648 2225 2227 2650 2624 2203 2205 2626
8 2650 2227 1419 2652 2626 2205 1420 2628
8 2293 2659 2661 2294 3876 3877 3872 3875
8 2294 2661 2663 2295 3875 3872 3868 3867
8 2295 2663 2665 2296 3867 3868 3865 3866
8 2296 2665 2667 2297 3866 3865 3828 3827
8 2297 2667 2669 2298 3827 3828 3825 3826
8 2298 2669 2671 2299 3826 3825 3862 3863
8 2299 2671 2673 2300 3863 3862 3885 3874
8 2300 2673 2675 2301 3874 3885 3886 3887
8 2301 2675 2677 2302 3887 3886 3900 3920
8 2291 2655 2657 2292 3833 3624 3831 3832
8 2292 2657 2659 2293 3832 3831 3877 3876
8 2655 2654 2656 2657 3624 3599 3834 3831
8 2657 2656 2658 2659 3831 3834 3816 3877
8 2659 2658 2660 2661 3877 3816 3815 3872
8 2661 2660 2662 2663 3872 3815 3871 3868
8 2663 2662 2664 2665 3868 3871 3870 3865
8 2665 2664 2666 2667 3865 3870 3843 3828
8 2667 2666 2668 2669 3828 3843 3842 3825
8 2669 2668 2670 2671 3825 3842 3864 3862
8 2671 2670 2672 2673 3862 3864 3852 3885
8 2673 2672 2674 2675 3885 3852 3851 3886
8 2675 2674 2676 2677 3886 3851 3855 3900
8 2654 2279 2280 2656 3599 3598 3835 3834
8 2656 2280 2281 2658 3834 3835 3812 3816
8 2658 2281 2282 2660 3816 3812 3811 3815
8 2660 2282 2283 2662 3815 3811 3818 3871
8 2662 2283 2284 2664 3871 3818 3817 3870
8 2664 2284 2285 2666 3870 3817 3869 3843
8 2666 2285 2286 2668 3843 3869 3841 3842
8 2668 2286 2287 2670 3842 3841 3838 3864
8 2670 2287 2288 2672 3864 3838 3837 3852
8 2672 2288 2289 2674 3852 3837 3850 3851
8 2674 2289 2290 2676 3851 3850 3856 3855
8 2328 2680 2678 30 2329 2682 2679 238
8 2324 2680 2509 77 2326 2682 2681 257
8 2678 168 2630 2631 2679 319 2606 2607
8 960 2231 2630 168 1375 2209 2606 319
8 74 2330 2684 153 254 2331 2686 304
8 2330 182 59 2684 2331 330 242 2686
8 2710 2709 2711 2712 2688 2687 2689 2690
8 2712 2711 2713 2714 2690 2689 2691 2692
8 2714 2713 2715 2716 2692 2691 2693 2694
8 2716 2715 2717 2718 2694 2693 2695 2696
8 2718 2717 2719 2720 2696 2695 2697 2698
8 2720 2719 2721 2722 2698 2697 2699 2700
8 2722 2721 2723 2724 2700 2699 2701 2702
8 2724 2723 2725 2726 2702 2701 2703 2704
8 2726 2725 2727 2728 2704 2703 2705 2706
8 2728 2727 2729 2730 2706 2705 2707 2708
8 2709 60 1508 2711 2687 243 1510 2689
8 2711 1508 653 2713 2689 1510 1123 2691
8 2713 653 1547 2715 2691 1123 1548 2693
8 2715 1547 654 2717 2693 1548 1124 2695
8 2717 654 1542 2719 2695 1124 1533 2697
8 2719 1542 1541 2721 2697 1533 1534 2699
8 2721 1541 655 2723 2699 1534 1125 2701
8 2723 655 656 2725 2701 1125 1126 2703
8 2725 656 657 2727 2703 1126 1127 2705
8 2727 657 658 2729 2705 1127 1128 2707
8 2732 2731 2733 2734 4043 4044 4042 4041
8 2734 2733 2735 2736 4041 4042 4004 4032
8 2736 2735 2737 2738 4032 4004 4003 4015
8 2738 2737 2739 2740 4015 4003 3996 4001
8 2740 2739 2741 2742 4001 3996 3994 4000
8 2742 2741 2743 2744 4000 3994 3992 3991
8 2744 2743 2745 2746 3991 3992 3976 3978
8 2746 2745 2747 2748 3978 3976 3941 3975
8 2748 2747 2749 2750 3975 3941 3940 3973
8 2750 2749 2751 2752 3973 3940 3974 3972
8 2731 39 1514 2733 4044 4046 4045 4042
8 2733 1514 535 2735 4042 4045 4005 4004
8 2735 535 2310 2737 4004 4005 4002 4003
8 2737 2310 2311 2739 4003 4002 3997 3996
8 2739 2311 2312 2741 3996 3997 3995 3994
8 2741 2312 2313 2743 3994 3995 3993 3992
8 2743 2313 536 2745 3992 3993 3977 3976
8 2745 536 537 2747 3976 3977 3939 3941
8 2747 537 538 2749 3941 3939 3938 3940
8 2749 538 539 2751 3940 3938 3937 3974
8 99 945 2590 1517 279 1360 2566 1518
8 1517 2590 2591 1522 1518 2566 2567 1521
8 1522 2591 153 2683 1521 2567 304 2685
8 1520 1522 2683 2754 1519 1521 2685 2753
8 2754 2683 60 2709 2753 2685 243 2687
8 1524 1520 2754 2756 1523 1519 2753 2755
8 2756 2754 2709 2710 2755 2753 2687 2688
8 1575 1576 2760 669 1577 1578 2758 1139
8 1576 2759 662 2760 1578 2757 1132 2758
8 2759 95 882 662 2757 275 1297 1132
8 166 97 2759 1576 317 277 2757 1578
8 97 218 95 2759 277 349 275 2757
8 1567 2788 2790 678 1568 2766 2768 1148
8 678 2790 2792 1565 1148 2768 2770 1555
8 1565 2792 2794 1566 1555 2770 2772 1556
8 1566 2794 2796 679 1556 2772 2774 1149
8 679 2796 2798 1545 1149 2774 2776 1543
8 1545 2798 2800 1546 1543 2776 2778 1544
8 1546 2800 2802 680 1544 2778 2780 1150
8 680 2802 2804 681 1150 2780 2782 1151
8 681 2804 2806 682 1151 2782 2784 1152
8 682 2806 2808 683 1152 2784 2786 1153
8 2788 2787 2789 2790 2766 2765 2767 2768
8 2790 2789 2791 2792 2768 2767 2769 2770
8 2792 2791 2793 2794 2770 2769 2771 2772
8 2794 2793 2795 2796 2772 2771 2773 2774
8 2796 2795 2797 2798 2774 2773 2775 2776
8 2798 2797 2799 2800 2776 2775 2777 2778
8 2800 2799 2801 2802 2778 2777 2779 2780
8 2802 2801 2803 2804 2780 2779 2781 2782
8 2804 2803 2805 2806 2782 2781 2783 2784
8 2806 2805 2807 2808 2784 2783 2785 2786
8 2787 2710 2712 2789 2765 2688 2690 2767
8 2789 2712 2714 2791 2767 2690 2692 2769
8 2791 2714 2716 2793 2769 2692 2694 2771
8 2793 2716 2718 2795 2771 2694 2696 2773
8 2795 2718 2720 2797 2773 2696 2698 2775
8 2797 2720 2722 2799 2775 2698 2700 2777
8 2799 2722 2724 2801 2777 2700 2702 2779
8 2801 2724 2726 2803 2779 2702 2704 2781
8 2803 2726 2728 2805 2781 2704 2706 2783
8 2805 2728 2730 2807 2783 2706 2708 2785
8 552 2810 2812 2316 4061 4060 4039 4038
8 2316 2812 2814 553 4038 4039 4034 4035
8 553 2814 2816 2317 4035 4034 4031 4030
8 2317 2816 2818 554 4030 4031 4018 4028
8 554 2818 2820 2314 4028 4018 4017 4026
8 2314 2820 2822 2315 4026 4017 3989 3986
8 2315 2822 2824 555 3986 3989 3987 3984
8 555 2824 2826 556 3984 3987 3980 3981
8 556 2826 2828 557 3981 3980 3969 3967
8 557 2828 2830 558 3967 3969 3968 3965
8 2810 2809 2811 2812 4060 4059 4040 4039
8 2812 2811 2813 2814 4039 4040 4033 4034
8 2814 2813 2815 2816 4034 4033 4014 4031
8 2816 2815 2817 2818 4031 4014 4013 4018
8 2818 2817 2819 2820 4018 4013 4016 4017
8 2820 2819 2821 2822 4017 4016 3990 3989
8 2822 2821 2823 2824 3989 3990 3988 3987
8 2824 2823 2825 2826 3987 3988 3979 3980
8 2826 2825 2827 2828 3980 3979 3971 3969
8 2828 2827 2829 2830 3969 3971 3970 3968
8 2809 2732 2734 2811 4059 4043 4041 4040
8 2811 2734 2736 2813 4040 4041 4032 4033
8 2813 2736 2738 2815 4033 4032 4015 4014
8 2815 2738 2740 2817 4014 4015 4001 4013
8 2817 2740 2742 2819 4013 4001 4000 4016
8 2819 2742 2744 2821 4016 4000 3991 3990
8 2821 2744 2746 2823 3990 3991 3978 3988
8 2823 2746 2748 2825 3988 3978 3975 3979
8 2825 2748 2750 2827 3979 3975 3973 3971
8 2827 2750 2752 2829 3971 3973 3972 3970
8 677 670 2788 1567 1147 1140 2766 1568
8 2832 2756 2710 2787 2831 2755 2688 2765
8 2763 1524 2756 2832 2764 1523 2755 2831
8 1570 2761 2763 2832 1572 2762 2764 2831
8 896 2834 2833 1006 1311 2836 2835 1392
8 920 2837 2834 896 1335 2838 2836 1311
8 220 2839 2837 920 351 2840 2838 1335
8 882 2839 2841 662 1297 2840 2842 1132
8 2841 2839 220 1573 2842 2840 351 1574
8 2760 662 2841 2761 2758 1132 2842 2762
8 2761 2841 1573 2763 2762 2842 1574 2764
8 1573 167 1524 2763 1574 318 1523 2764
8 670 2832 2787 2788 1140 2831 2765 2766
8 862 858 2433 2845 1277 1273 2431 2843
8 2845 2433 2434 2846 2843 2431 2432 2844
8 2846 2434 939 938 2844 2432 1354 1353
8 216 103 2863 171 347 283 2855 322
8 171 2863 2861 929 322 2855 2853 1344
8 929 2861 2859 907 1344 2853 2851 1322
8 907 2859 2857 1017 1322 2851 2849 1403
8 103 870 996 2863 283 1285 1382 2855
8 2863 996 871 2861 2855 1382 1286 2853
8 2861 871 908 2859 2853 1286 1323 2851
8 2859 908 1018 2857 2851 1323 1404 2849
8 996 2864 2862 871 1382 2856 2854 1286
8 871 2862 2860 908 1286 2854 2852 1323
8 908 2860 2858 1018 1323 2852 2850 1404
8 2864 2845 2846 2862 2856 2843 2844 2854
8 2862 2846 938 2860 2854 2844 1353 2852
8 2860 938 1020 2858 2852 1353 1406 2850
8 870 866 2864 996 1285 1281 2856 1382
8 866 862 2845 2864 1281 1277 2843 2856
8 217 93 2848 163 348 273 2847 314
8 163 2848 94 164 314 2847 274 315
8 93 215 90 2848 273 346 270 2847
8 2848 90 216 94 2847 270 347 274
8 2865 2291 2292 2303 3882 3833 3832 3879
8 2117 2141 2243 131 3592 3621 3622 3593
8 497 1954 1955 2267 3558 3561 3596 3597
8 497 2267 2279 2866 3558 3597 3598 3584
8 186 497 2866 2868 3559 3558 3584 3556
8 2867 2019 2868 2869 3555 3557 3556 3554
8 2015 2867 2869 2032 3552 3555 3554 3553
8 2866 2279 2654 2870 3584 3598 3599 3600
8 2869 2868 2870 2871 3554 3556 3600 3601
8 2032 2869 2871 2872 3553 3554 3601 3602
8 2031 2032 2872 2873 3551 3553 3602 3603
8 2029 2030 2873 2874 3547 3549 3603 3604
8 515 2028 2874 600 3543 3545 3604 3605
8 2870 2654 2655 2875 3600 3599 3624 3625
8 2872 2871 2876 2877 3602 3601 3626 3627
8 2873 2872 2877 2878 3603 3602 3627 3628
8 2874 2873 2878 2879 3604 3603 3628 3629
8 600 2874 2879 2880 3605 3604 3629 3630
8 1670 600 2880 2881 3606 3605 3630 3631
8 46 1670 2881 2882 3607 3606 3631 3632
8 134 46 2882 2883 3608 3607 3632 3633
8 1685 134 2883 2884 3609 3608 3633 3634
8 47 1685 2884 2885 3610 3609 3634 3635
8 602 47 2885 2886 3611 3610 3635 3636
8 1745 602 2886 2887 3612 3611 3636 3637
8 2876 2875 2291 2888 3626 3625 3833 4073
8 2877 2876 2888 2889 3627 3626 4073 4074
8 2878 2877 2889 2890 3628 3627 4074 4075
8 2879 2878 2890 2891 3629 3628 4075 4076
8 2880 2879 2891 2892 3630 3629 4076 4077
8 2881 2880 2892 2893 3631 3630 4077 4085
8 2882 2881 2893 2894 3632 3631 4085 4086
8 2888 2291 2865 2895 4073 3833 3882 4078
8 2895 2865 2377 2896 4078 3882 4021 4054
8 2896 2377 200 2897 4054 4021 4020 4052
8 2897 200 38 2898 4052 4020 4048 4049
8 2898 38 39 2899 4049 4048 4046 4069
8 2899 39 2731 2900 4069 4046 4044 4068
8 2900 2731 2732 2901 4068 4044 4043 4067
8 2889 2888 2895 2902 4074 4073 4078 4079
8 2902 2895 2896 2903 4079 4078 4054 4053
8 2903 2896 2897 2904 4053 4054 4052 4051
8 2904 2897 2898 139 4051 4052 4049 4050
8 2905 2903 2904 2906 4058 4053 4051 4055
8 2906 2904 58 640 4055 4051 4094 4095
8 2890 2889 2902 2907 4075 4074 4079 4080
8 2907 2902 2905 2908 4080 4079 4058 4057
8 2908 2905 2906 2909 4057 4058 4055 4056
8 2909 2906 640 639 4056 4055 4095 4096
8 2891 2890 2907 2910 4076 4075 4080 4084
8 2910 2907 2908 2911 4084 4080 4057 4081
8 2911 2908 2909 2912 4081 4057 4056 4090
8 638 2912 2909 639 4099 4090 4056 4096
8 2892 2891 2910 2913 4077 4076 4084 4083
8 2913 2910 2911 2914 4083 4084 4081 4082
8 2914 2911 2912 2915 4082 4081 4090 4091
8 2915 2912 638 637 4091 4090 4099 4100
8 2893 2892 2913 2916 4085 4077 4083 4101
8 2916 2913 2914 2917 4101 4083 4082 4093
8 2917 2914 2915 2918 4093 4082 4091 4092
8 2918 2915 637 191 4092 4091 4100 4104
8 194 53 2938 136 4155 4190 4255 4157
8 136 2938 54 137 4157 4255 4256 4158
8 2938 50 193 54 4255 4270 4271 4256
8 53 192 50 2938 4190 4192 4270 4255
8 2933 49 192 53 4191 4193 4192 4190
8 2927 89 215 93 2928 269 346 273
8 796 2937 2430 797 1210 2935 2428 1211
8 2937 2936 2429 2430 2935 2934 2427 2428
8 2936 793 794 2429 2934 1207 1208 2427
8 2939 601 1745 2887 3638 3613 3612 3637
8 791 789 1741 792 1205 1203 1743 1206
8 114 2941 2940 1027 286 2943 2942 1413
8 1856 2979 2978 1855 106 2981 2980 970
8 106 2981 2980 970 114 2941 2940 1027
8 1851 2979 1856 1857 0 2981 106 174
8 0 2981 106 174 13 2941 114 177
8 13 2941 114 177 225 2943 286 325
8 756 2958 3034 3036 1170 2959 3008 3010
8 2061 756 3036 3038 2046 1170 3010 3012
8 757 2061 3038 3040 1171 2046 3012 3014
8 68 757 3040 3042 248 1171 3014 3016
8 1424 68 3042 3044 1421 248 3016 3018
8 1425 1424 3044 3046 1422 1421 3018 3020
8 1427 1425 3046 3048 1428 1422 3020 3022
8 2181 1427 3048 3050 2160 1428 3022 3024
8 2182 2181 3050 3052 2161 2160 3024 3026
8 1426 2182 3052 3054 1423 2161 3026 3028
8 2228 1426 3054 3056 2206 1423 3028 3030
8 1419 2228 3056 3058 1420 2206 3030 3032
8 3036 3034 3035 3037 3010 3008 3009 3011
8 3038 3036 3037 3039 3012 3010 3011 3013
8 3040 3038 3039 3041 3014 3012 3013 3015
8 3042 3040 3041 3043 3016 3014 3015 3017
8 3044 3042 3043 3045 3018 3016 3017 3019
8 3046 3044 3045 3047 3020 3018 3019 3021
8 3048 3046 3047 3049 3022 3020 3021 3023
8 3050 3048 3049 3051 3024 3022 3023 3025
8 3052 3050 3051 3053 3026 3024 3025 3027
8 3054 3052 3053 3055 3028 3026 3027 3029
8 3056 3054 3055 3057 3030 3028 3029 3031
8 3058 3056 3057 3059 3032 3030 3031 3033
8 3037 3035 2956 1440 3011 3009 2957 1432
8 3039 3037 1440 2047 3013 3011 1432 2091
8 3041 3039 2047 1441 3015 3013 2091 1433
8 3043 3041 1441 1442 3017 3015 1433 1434
8 3045 3043 1442 1443 3019 3017 1434 1435
8 3047 3045 1443 1444 3021 3019 1435 1436
8 3049 3047 1444 1445 3023 3021 1436 1437
8 3051 3049 1445 3001 3025 3023 1437 2999
8 3053 3051 3001 3002 3027 3025 2999 3000
8 3055 3053 3002 1446 3029 3027 3000 1438
8 3057 3055 1446 3006 3031 3029 1438 3005
8 3059 3057 3006 1447 3033 3031 3005 1439
8 569 2997 3060 3062 3708 3709 3707 3706
8 2070 569 3062 3064 3710 3708 3706 3704
8 570 2070 3064 3066 3719 3710 3704 3703
8 42 570 3066 3068 3717 3719 3703 3724
8 1429 42 3068 3070 3729 3717 3724 3741
8 1430 1429 3070 3072 3732 3729 3741 3745
8 1431 1430 3072 3074 3765 3732 3745 3764
8 2242 1431 3074 3076 3770 3765 3764 3769
8 2254 2242 3076 3078 3791 3770 3769 3792
8 2266 2254 3078 3080 3800 3791 3792 3799
8 2278 2266 3080 3082 3848 3800 3799 3847
8 2290 2278 3082 3084 3856 3848 3847 3853
8 3062 3060 3061 3063 3706 3707 3713 3705
8 3064 3062 3063 3065 3704 3706 3705 3701
8 3066 3064 3065 3067 3703 3704 3701 3702
8 3068 3066 3067 3069 3724 3703 3702 3733
8 3070 3068 3069 3071 3741 3724 3733 3740
8 3072 3070 3071 3073 3745 3741 3740 3744
8 3074 3072 3073 3075 3764 3745 3744 3763
8 3076 3074 3075 3077 3769 3764 3763 3768
8 3078 3076 3077 3079 3792 3769 3768 3793
8 3080 3078 3079 3081 3799 3792 3793 3798
8 3082 3080 3081 3083 3847 3799 3798 3846
8 3084 3082 3083 3085 3853 3847 3846 3858
8 3063 3061 2998 1448 3705 3713 3711 3712
8 3065 3063 1448 2092 3701 3705 3712 3723
8 3067 3065 2092 1449 3702 3701 3723 3734
8 3069 3067 1449 1450 3733 3702 3734 3737
8 3071 3069 1450 1451 3740 3733 3737 3739
8 3073 3071 1451 1452 3744 3740 3739 3743
8 3075 3073 1452 1453 3763 3744 3743 3762
8 3077 3075 1453 3003 3768 3763 3762 3767
8 3079 3077 3003 3004 3793 3768 3767 3794
8 3081 3079 3004 1454 3798 3793 3794 3797
8 3083 3081 1454 3007 3846 3798 3797 3845
8 3085 3083 3007 1455 3858 3846 3845 3857
8 1448 2998 3086 3087 3712 3711 3720 3721
8 2092 1448 3087 3090 3723 3712 3721 3722
8 1449 2092 3090 3092 3734 3723 3722 3735
8 1450 1449 3092 3094 3737 3734 3735 3736
8 1451 1450 3094 3096 3739 3737 3736 3738
8 1452 1451 3096 3098 3743 3739 3738 3742
8 1453 1452 3098 3100 3762 3743 3742 3761
8 3003 1453 3100 3102 3767 3762 3761 3766
8 3004 3003 3102 3104 3794 3767 3766 3795
8 1454 3004 3104 3106 3797 3794 3795 3796
8 3007 1454 3106 3108 3845 3797 3796 3844
8 1455 3007 3108 3110 3857 3845 3844 3859
8 1440 2956 3089 3088 1432 2957 3113 3112
8 2047 1440 3088 3091 2091 1432 3112 3114
8 1441 2047 3091 3093 1433 2091 3114 3115
8 1442 1441 3093 3095 1434 1433 3115 3116
8 1443 1442 3095 3097 1435 1434 3116 3117
8 1444 1443 3097 3099 1436 1435 3117 3118
8 1445 1444 3099 3101 1437 1436 3118 3119
8 3001 1445 3101 3103 2999 1437 3119 3120
8 3002 3001 3103 3105 3000 2999 3120 3121
8 1446 3002 3105 3107 1438 3000 3121 3122
8 3006 1446 3107 3109 3005 1438 3122 3123
8 1447 3006 3109 3111 1439 3005 3123 3124
8 2652 1419 3058 3125 2628 1420 3032 3126
8 3125 3058 3059 3127 3126 3032 3033 3128
8 3127 3059 1447 3129 3128 3033 1439 3130
8 3129 1447 3111 3131 3130 1439 3124 3132
8 2676 2290 3084 3133 3855 3856 3853 3854
8 3133 3084 3085 3134 3854 3853 3858 3888
8 3134 3085 1455 3135 3888 3858 3857 3861
8 3135 1455 3110 3136 3861 3857 3859 3860
8 2653 2652 3125 3137 2629 2628 3126 3138
8 3137 3125 3127 3139 3138 3126 3128 3140
8 3139 3127 3129 3141 3140 3128 3130 3142
8 3141 3129 3131 3143 3142 3130 3132 3144
8 2677 2676 3133 3145 3900 3855 3854 3892
8 3145 3133 3134 3146 3892 3854 3888 3891
8 3146 3134 3135 3147 3891 3888 3861 3890
8 3147 3135 3136 3148 3890 3861 3860 3889
8 1502 2653 3137 3149 1505 2629 3138 3150
8 3149 3137 3139 3151 3150 3138 3140 3152
8 3151 3139 3141 3153 3152 3140 3142 3154
8 3153 3141 3143 3155 3154 3142 3144 3156
8 2302 2677 3145 3157 3920 3900 3892 3917
8 3157 3145 3146 3158 3917 3892 3891 3895
8 3158 3146 3147 3159 3895 3891 3890 3894
8 3159 3147 3148 3160 3894 3890 3889 3893
8 2376 1502 3149 3161 2355 1505 3150 3162
8 3161 3149 3151 3163 3162 3150 3152 3164
8 3163 3151 3153 3165 3164 3152 3154 3166
8 3165 3153 3155 3167 3166 3154 3156 3168
8 2397 2302 3157 3169 3921 3920 3917 3916
8 3169 3157 3158 3170 3916 3917 3895 3915
8 3170 3158 3159 3171 3915 3895 3894 3897
8 3171 3159 3160 3172 3897 3894 3893 3896
8 2376 3161 3173 2375 2355 3162 3174 2354
8 2397 3169 3175 2396 3921 3916 3918 3923
8 2396 3175 3176 527 3923 3918 3914 3928
8 2375 3173 3177 646 2354 3174 3178 1116
8 652 646 3177 3179 1122 1116 3178 3180
8 534 527 3176 3181 3929 3928 3914 3913
8 658 652 3179 3182 1128 1122 3180 3183
8 539 534 3181 3184 3937 3929 3913 3919
8 3161 3163 3185 3173 3162 3164 3186 3174
8 3169 3170 3187 3175 3916 3915 3912 3918
8 3175 3187 3188 3176 3918 3912 3904 3914
8 3173 3185 3189 3177 3174 3186 3190 3178
8 3179 3177 3189 3191 3180 3178 3190 3192
8 3181 3176 3188 3193 3913 3914 3904 3903
8 3182 3179 3191 3194 3183 3180 3192 3195
8 3184 3181 3193 3196 3919 3913 3903 3911
8 3163 3165 3197 3185 3164 3166 3198 3186
8 3170 3171 3199 3187 3915 3897 3899 3912
8 3185 3197 3200 3189 3186 3198 3201 3190
8 3187 3199 3202 3188 3912 3899 3901 3904
8 3191 3189 3200 3203 3192 3190 3201 3204
8 3193 3188 3202 3205 3903 3904 3901 3902
8 3194 3191 3203 3206 3195 3192 3204 3207
8 3196 3193 3205 3208 3911 3903 3902 3908
8 3165 3167 3209 3197 3166 3168 3210 3198
8 3171 3172 3211 3199 3897 3896 3898 3899
8 3197 3209 3212 3200 3198 3210 3213 3201
8 3199 3211 3214 3202 3899 3898 3905 3901
8 3203 3200 3212 3215 3204 3201 3213 3216
8 3205 3202 3214 3217 3902 3901 3905 3906
8 3206 3203 3215 3218 3207 3204 3216 3219
8 3208 3205 3217 3220 3908 3902 3906 3907
8 2729 658 3182 3221 2707 1128 3183 3222
8 2751 539 3184 3223 3974 3937 3919 3958
8 3221 3182 3194 3224 3222 3183 3195 3225
8 3223 3184 3196 3226 3958 3919 3911 3952
8 3224 3194 3206 3227 3225 3195 3207 3228
8 3226 3196 3208 3229 3952 3911 3908 3910
8 3227 3206 3218 3230 3228 3207 3219 3231
8 3229 3208 3220 3232 3910 3908 3907 3909
8 2730 2729 3221 3233 2708 2707 3222 3234
8 2752 2751 3223 3235 3972 3974 3958 3959
8 3233 3221 3224 3236 3234 3222 3225 3237
8 3235 3223 3226 3238 3959 3958 3952 3953
8 3236 3224 3227 3239 3237 3225 3228 3240
8 3238 3226 3229 3241 3953 3952 3910 3943
8 3239 3227 3230 3242 3240 3228 3231 3243
8 3241 3229 3232 3244 3943 3910 3909 3942
8 2807 2730 3233 3245 2785 2708 3234 3246
8 2829 2752 3235 3247 3970 3972 3959 3960
8 3245 3233 3236 3248 3246 3234 3237 3249
8 3247 3235 3238 3250 3960 3959 3953 3957
8 3248 3236 3239 3251 3249 3237 3240 3252
8 3250 3238 3241 3253 3957 3953 3943 3945
8 3251 3239 3242 3254 3252 3240 3243 3255
8 3253 3241 3244 3256 3945 3943 3942 3944
8 2808 2807 3245 3257 2786 2785 3246 3258
8 2830 2829 3247 3259 3968 3970 3960 3961
8 3257 3245 3248 3260 3258 3246 3249 3261
8 3259 3247 3250 3262 3961 3960 3957 3956
8 3260 3248 3251 3263 3261 3249 3252 3264
8 3262 3250 3253 3265 3956 3957 3945 3947
8 3263 3251 3254 3266 3264 3252 3255 3267
8 3265 3253 3256 3268 3947 3945 3944 3946
8 683 2808 3257 3269 1153 2786 3258 3270
8 558 2830 3259 3271 3965 3968 3961 3962
8 3269 3257 3260 3272 3270 3258 3261 3273
8 3271 3259 3262 3274 3962 3961 3956 3955
8 3272 3260 3263 3275 3273 3261 3264 3276
8 3274 3262 3265 3277 3955 3956 3947 3949
8 3275 3263 3266 3278 3276 3264 3267 3279
8 3277 3265 3268 3280 3949 3947 3946 3948
8 696 683 3269 3281 1166 1153 3270 3282
8 568 558 3271 3283 3964 3965 3962 3963
8 3281 3269 3272 3284 3282 3270 3273 3285
8 3283 3271 3274 3286 3963 3962 3955 3954
8 3284 3272 3275 3287 3285 3273 3276 3288
8 3286 3274 3277 3289 3954 3955 3949 3951
8 3287 3275 3278 3290 3288 3276 3279 3291
8 3289 3277 3280 3292 3951 3949 3948 3950
8 2884 2883 3293 3294 3634 3633 4224 4087
8 2885 2884 3294 3295 3635 3634 4087 4088
8 2886 2885 3295 3296 3636 3635 4088 4089
8 2887 2886 3296 3297 3637 3636 4089 4198
8 3298 2939 2887 3297 4199 3638 3637 4198
8 2883 2882 3299 3293 3633 3632 4225 4224
8 2894 2893 3300 3301 4086 4085 4226 4227
8 3299 2894 3301 3302 4225 4086 4227 4222
8 3293 3299 3302 3303 4224 4225 4222 4223
8 550 130 3305 561 4136 4134 4133 4135
8 546 41 3306 40 4148 4130 4132 4149
8 4150 4134 4132 4149 188 130 3306 40
8 130 3306 3307 3305 4134 4132 4131 4133
8 3306 41 3308 3307 4132 4130 4129 4131
8 41 551 3309 3308 4130 4127 4128 4129
8 633 3310 196 632 4453 4454 4452 4449
8 3310 3311 138 196 4454 4163 4162 4452
8 3311 3312 547 138 4163 4145 4147 4162
8 3312 3313 551 547 4145 4125 4127 4147
8 195 3314 3310 633 4458 4457 4454 4453
8 3315 3313 3312 3316 4123 4125 4145 4146
8 3316 3312 3311 3317 4146 4145 4163 4164
8 3317 3311 3310 3314 4164 4163 4454 4457
8 3318 3314 195 55 4466 4457 4458 4465
8 3317 3314 3318 3333 4164 4457 4466 4165
8 3329 3316 3317 3333 4144 4146 4164 4165
8 3325 3315 3316 3329 4121 4123 4146 4144
8 3319 3309 551 3313 4126 4128 4127 4125
8 3320 3319 3313 3315 4124 4126 4125 4123
8 3321 3320 3315 3325 4122 4124 4123 4121
8 4167 4189 4465 4466 3334 636 55 3318
8 3335 3333 3318 3334 4166 4165 4466 4167
8 3330 3329 3333 3335 4143 4144 4165 4166
8 3326 3325 3329 3330 4119 4121 4144 4143
8 4120 4119 4121 4122 3322 3326 3325 3321
8 728 3338 3337 705 4475 4470 4471 4474
8 197 3339 3338 728 4118 4188 4470 4475
8 3339 636 202 3338 4188 4189 4467 4470
8 3338 202 706 3337 4470 4467 4469 4471
8 3337 706 981 3336 4471 4469 4468 4472
8 705 3337 3336 980 4474 4471 4472 4473
8 2732 2809 3340 2901 4043 4059 4066 4067
8 2809 2810 3332 3340 4059 4060 4065 4066
8 2810 552 3328 3332 4060 4061 4064 4065
8 552 562 3324 3328 4061 4062 4063 4064
8 3328 3324 3323 3327 4064 4063 4070 4071
8 3323 3322 3326 3327 4070 4120 4119 4071
8 3334 636 3339 3341 4167 4189 4188 4116
8 3335 3334 3341 3342 4166 4167 4116 4115
8 3330 3335 3342 3331 4143 4166 4115 4072
8 3326 3330 3331 3327 4119 4143 4072 4071
8 3328 3327 3331 3332 4064 4071 4072 4065
8 3340 3331 3342 3344 4066 4072 4115 4110
8 3344 3342 3341 3343 4110 4115 4116 4114
8 3341 3339 197 3343 4116 4188 4118 4114
8 2901 3340 3344 3346 4067 4066 4110 4111
8 3344 3343 3345 3346 4110 4114 4112 4111
8 3343 197 56 3345 4114 4118 4117 4112
8 2900 2901 3346 3348 4068 4067 4111 4107
8 3348 3346 3345 3347 4107 4111 4112 4113
8 3345 56 198 3347 4112 4117 4187 4113
8 2900 3348 3350 2899 4068 4107 4103 4069
8 3348 3347 3349 3350 4107 4113 4109 4103
8 3347 198 57 3349 4113 4187 4186 4109
8 3349 57 752 3351 4109 4186 4185 4108
8 3350 3349 3351 3352 4103 4109 4108 4102
8 2899 3350 3352 139 4069 4103 4102 4050
8 638 3356 3354 637 4099 4106 4105 4100
8 3356 3355 3353 3354 4106 4172 4168 4105
8 3355 748 747 3353 4172 4173 4171 4168
8 139 3352 3359 58 4050 4102 4180 4094
8 3352 3351 3362 3359 4102 4108 4181 4180
8 3351 752 751 3362 4108 4185 4184 4181
8 58 3359 3358 640 4094 4180 4097 4095
8 3359 3362 3361 3358 4180 4181 4183 4097
8 3362 751 750 3361 4181 4184 4182 4183
8 3358 3357 639 640 4097 4098 4096 4095
8 3361 3360 3357 3358 4183 4177 4098 4097
8 3361 750 749 3360 4183 4182 4178 4177
8 3357 3356 638 639 4098 4106 4099 4096
8 3360 3355 3356 3357 4177 4172 4106 4098
8 749 748 3355 3360 4178 4173 4172 4177
8 48 135 3368 3366 4400 4401 4436 4345
8 3368 3367 3364 3365 4436 4320 4319 4340
8 3367 609 3363 3364 4320 4285 4276 4319
8 609 608 605 3363 4285 4283 4277 4276
8 3369 613 609 3367 4433 4434 4285 4320
8 3370 3369 3367 3368 4435 4433 4320 4436
8 746 3370 3368 135 4402 4435 4436 4401
8 617 613 3369 3383 4432 4434 4433 4431
8 621 617 3383 3384 4280 4432 4431 4425
8 625 621 3384 3385 4274 4280 4425 4424
8 65 625 3385 3386 4272 4274 4424 4426
8 193 65 3386 144 4271 4272 4426 4427
8 3383 3369 3370 3379 4431 4433 4435 4430
8 3384 3383 3379 3380 4425 4431 4430 4422
8 3385 3384 3380 3381 4424 4425 4422 4421
8 3386 3385 3381 3382 4426 4424 4421 4420
8 144 3386 3382 737 4427 4426 4420 4419
8 3379 3370 746 3375 4430 4435 4402 4404
8 3380 3379 3375 3376 4422 4430 4404 4406
8 3381 3380 3376 3377 4421 4422 4406 4408
8 3382 3381 3377 3378 4420 4421 4408 4410
8 737 3382 3378 716 4419 4420 4410 4412
8 3375 746 993 3371 4404 4402 4399 4403
8 3376 3375 3371 3372 4406 4404 4403 4405
8 3377 3376 3372 3373 4408 4406 4405 4407
8 3378 3377 3373 3374 4410 4408 4407 4409
8 716 3378 3374 991 4412 4410 4409 4411
8 3394 1384 998 3390 2544 1303 888 2568
8 3393 3394 3390 3389 2545 2544 2568 2569
8 3392 3393 3389 3388 2550 2545 2569 2574
8 3391 3392 3388 3387 2551 2550 2574 2575
8 1385 3391 3387 999 1304 2551 2575 889
8 697 3399 3395 972 4394 4391 4392 4393
8 3399 3400 3396 3395 4391 4389 4390 4392
8 3400 3401 3397 3396 4389 4376 4384 4390
8 3401 3402 3398 3397 4376 4375 4383 4384
8 3402 698 973 3398 4375 4367 4378 4383
8 718 3403 3399 697 4395 4388 4391 4394
8 3403 3404 3400 3399 4388 4386 4389 4391
8 3404 3405 3401 3400 4386 4374 4376 4389
8 3405 3406 3402 3401 4374 4373 4375 4376
8 3406 719 698 3402 4373 4176 4367 4375
8 48 3407 3403 718 4400 4387 4388 4395
8 3407 3408 3404 3403 4387 4385 4386 4388
8 3408 3409 3405 3404 4385 4372 4374 4386
8 3409 3410 3406 3405 4372 4174 4373 4374
8 3410 747 719 3406 4174 4171 4176 4373
8 747 3410 3411 3353 4171 4174 4169 4168
8 3411 3412 3354 3353 4169 4170 4105 4168
8 3412 191 637 3354 4170 4104 4100 4105
8 2917 4093 4328 3413 2916 4101 4226 3300
8 2918 3414 3415 2917 4092 4358 4329 4093
8 191 3417 3414 2918 4104 4356 4358 4092
8 3418 3411 3410 3409 4371 4169 4174 4372
8 3418 3419 3412 3411 4371 4361 4170 4169
8 3419 3417 191 3412 4361 4356 4104 4170
8 3418 3409 3408 3421 4371 4372 4385 4360
8 3420 3419 3418 3421 4350 4361 4371 4360
8 3423 3422 3366 3365 4321 4344 4345 4340
8 3424 3423 3365 3364 4318 4321 4340 4319
8 3425 3424 3364 3363 4279 4318 4319 4276
8 3426 3425 3363 605 4278 4279 4276 4277
8 3427 3426 605 604 4243 4278 4277 4245
8 3428 3427 604 603 4244 4243 4245 4246
8 3431 3429 3416 3422 4343 4349 4359 4344
8 3432 3431 3422 3423 4322 4343 4344 4321
8 3433 3432 3423 3424 4317 4322 4321 4318
8 3434 3433 3424 3425 4296 4317 4318 4279
8 3435 3434 3425 3426 4286 4296 4279 4278
8 3430 3435 3426 3427 4241 4286 4278 4243
8 3436 3430 3427 3428 4242 4241 4243 4244
8 3438 3437 3420 3429 4348 4351 4350 4349
8 3439 3438 3429 3431 4342 4348 4349 4343
8 3440 3439 3431 3432 4339 4342 4343 4322
8 3432 3433 3441 3440 4322 4317 4301 4339
8 3433 3434 3442 3441 4317 4296 4295 4301
8 3434 3435 3443 3442 4296 4286 4293 4295
8 3435 3430 3444 3443 4286 4241 4239 4293
8 3430 3436 3445 3444 4241 4242 4240 4239
8 3414 3417 3447 3446 4358 4356 4355 4357
8 3417 3437 3448 3447 4356 4351 4352 4355
8 3437 3438 3449 3448 4351 4348 4347 4352
8 3450 3449 3438 3439 4341 4347 4348 4342
8 3451 3450 3439 3440 4338 4341 4342 4339
8 3452 3451 3440 3441 4302 4338 4339 4301
8 3453 3452 3441 3442 4294 4302 4301 4295
8 3442 3443 3454 3453 4295 4293 4292 4294
8 3443 3444 3455 3454 4293 4239 4237 4292
8 3444 3445 3456 3455 4239 4240 4238 4237
8 3446 3457 3413 3415 4357 4331 4328 4329
8 3447 3458 3457 3446 4355 4354 4331 4357
8 3448 3461 3458 3447 4352 4353 4354 4355
8 3449 3459 3461 3448 4347 4346 4353 4352
8 3449 3450 3460 3459 4347 4341 4337 4346
8 3450 3451 3462 3460 4341 4338 4336 4337
8 3451 3452 3463 3462 4338 4302 4297 4336
8 3452 3453 3464 3463 4302 4294 4290 4297
8 3453 3454 3465 3464 4294 4292 4291 4290
8 3454 3455 3466 3465 4292 4237 4235 4291
8 3455 3456 3467 3466 4237 4238 4236 4235
8 3457 3469 3468 3413 4331 4330 4326 4328
8 3457 3458 3470 3469 4331 4354 4332 4330
8 3458 3461 3471 3470 4354 4353 4333 4332
8 3461 3459 3472 3471 4353 4346 4334 4333
8 3459 3460 3473 3472 4346 4337 4335 4334
8 3460 3462 3475 3473 4337 4336 4315 4335
8 3472 3473 3476 3474 4334 4335 4316 4311
8 3462 3463 3478 3475 4336 4297 4289 4315
8 3463 3464 3479 3478 4297 4290 4287 4289
8 3464 3465 3480 3479 4290 4291 4288 4287
8 3465 3466 3481 3480 4291 4235 4233 4288
8 3466 3467 3482 3481 4235 4236 4234 4233
8 3473 3475 3483 3476 4335 4315 4314 4316
8 3475 3478 3484 3483 4315 4289 4220 4314
8 3476 3483 3488 3477 4316 4314 4303 4306
8 3483 3484 3487 3488 4314 4220 4219 4303
8 3478 3479 3485 3484 4289 4287 4221 4220
8 3484 3485 3486 3487 4220 4221 4218 4219
8 3479 3480 3489 3485 4287 4288 4216 4221
8 3485 3489 3490 3486 4221 4216 4215 4218
8 3480 3481 3491 3489 4288 4233 4217 4216
8 3481 3482 3492 3491 4233 4234 4231 4217
8 3489 3491 3493 3490 4216 4217 4213 4215
8 3491 3492 3494 3493 4217 4231 4214 4213
8 3493 3494 3495 3499 4213 4214 4212 4211
8 3490 3493 3499 3503 4215 4213 4211 4229
8 3499 3495 3496 3500 4211 4212 4209 4208
8 3500 3496 3497 3501 4208 4209 4207 4206
8 3501 3497 3498 3502 4206 4207 4203 4202
8 3502 3498 3298 3297 4202 4203 4199 4198
8 3503 3499 3500 3504 4229 4211 4208 4210
8 3504 3500 3501 3505 4210 4208 4206 4205
8 3505 3501 3502 3506 4205 4206 4202 4201
8 3506 3502 3297 3296 4201 4202 4198 4089
8 3486 3490 3503 3507 4218 4215 4229 4230
8 3503 3504 3508 3507 4229 4210 4228 4230
8 3504 3505 3509 3508 4210 4205 4204 4228
8 3505 3506 3510 3509 4205 4201 4200 4204
8 3506 3296 3295 3510 4201 4089 4088 4200
8 3301 3468 3513 3302 4227 4326 4325 4222
8 3302 3513 3511 3303 4222 4325 4323 4223
8 3513 3468 3469 3514 4325 4326 4330 4327
8 3513 3514 3512 3511 4325 4327 4312 4323
8 3514 3469 3470 3515 4327 4330 4332 4313
8 3470 3471 3517 3515 4332 4333 4310 4313
8 3471 3474 3516 3517 4333 4311 4308 4310
8 3515 3517 3519 3512 4313 4310 4309 4312
8 3517 3516 3518 3519 4310 4308 4307 4309
8 3477 3522 3516 3474 4306 4305 4308 4311
8 3488 3521 3522 3477 4303 4300 4305 4306
8 3487 3520 3521 3488 4219 4232 4300 4303
8 3486 3507 3520 3487 4218 4230 4232 4219
8 3522 3525 3518 3516 4305 4304 4307 4308
8 3522 3521 3524 3525 4305 4300 4299 4304
8 3521 3520 3523 3524 4300 4232 4298 4299
8 3520 3507 3508 3523 4232 4230 4228 4298
8 4360 4359 4387 4385 3421 3416 3407 3408
8 3528 3529 3526 3527 1742 494 957 1747
8 3531 3528 3527 3530 493 1742 1747 956
8 3533 3531 3530 3532 492 493 956 955
8 3535 3533 3532 3534 1680 492 955 1671
8 3537 3535 3534 3536 491 1680 1671 954
8 3539 3537 3536 3538 490 491 954 953
8 3541 3539 3538 3540 1651 490 953 1647
8 3543 3541 3540 3542 489 1651 1647 952
8 3545 3543 3542 3544 2020 489 952 1617
8 3547 3545 3544 3546 2022 2020 1617 1601
8 3549 3547 3546 3548 2024 2022 1601 1621
8 3551 3549 3548 3550 2026 2024 1621 1983
8 3553 3551 3550 3552 32 2026 1983 2014
8 3552 3555 3554 3553 2014 2323 2325 32
8 3555 3557 3556 3554 2323 2018 36 2325
8 3560 3561 3558 3559 1938 1939 482 185
8 3563 3561 3560 3562 1932 1939 1938 1936
8 3565 3563 3562 3564 1944 1932 1936 1948
8 3567 3565 3564 3566 483 1944 1948 946
8 1799 3568 3566 946 1928 3569 3567 483
8 947 3570 3568 1799 484 3571 3569 1928
8 3572 3573 3571 3570 948 485 484 947
8 3574 3575 3573 3572 949 486 485 948
8 3576 3577 3575 3574 950 487 486 949
8 3578 3579 3577 3576 2048 2049 487 950
8 3580 3581 3579 3578 951 488 2049 2048
8 3582 3583 3581 3580 2944 2946 488 951
8 3559 3558 3584 3556 185 482 960 36
8 2006 2014 2323 2011 2007 3552 3555 2012
8 3557 2012 1814 3559 2018 2011 172 185
8 3559 1814 1800 3560 185 172 1789 1938
8 3560 1800 1787 3562 1938 1789 1613 1936
8 3562 1787 1786 3564 1936 1613 1611 1948
8 3564 1786 965 3566 1948 1611 1022 946
8 3566 965 1785 3568 946 1022 1781 1799
8 3568 1785 966 3570 1799 1781 1023 947
8 3570 966 967 3572 947 1023 1024 948
8 967 968 3574 3572 1024 1025 949 948
8 3574 968 969 3576 949 1025 1026 950
8 969 1788 3578 3576 1026 1783 2048 950
8 3578 1788 970 3580 2048 1783 1027 951
8 3580 970 2980 3582 951 1027 2940 2944
8 2007 3552 3550 1980 2006 2014 1983 1979
8 1980 3550 3548 1846 1979 1983 1621 1818
8 1846 3548 3546 1837 1818 1621 1601 1817
8 3546 3544 1828 1837 1601 1617 1815 1817
8 3544 3542 1661 1828 1617 952 1659 1815
8 3542 3540 1658 1661 952 1647 1654 1659
8 3540 3538 1657 1658 1647 953 1653 1654
8 3538 3536 1667 1657 953 954 1666 1653
8 3536 3534 1674 1667 954 1671 1675 1666
8 3534 3532 1676 1674 1671 955 1677 1675
8 3532 3530 1732 1676 955 956 1723 1677
8 3530 3527 1755 1732 956 1747 1751 1723
8 3527 3526 1740 1755 1747 957 1725 1751
8 3552 3555 2012 2007 2015 2867 2013 2009
8 1814 2012 3557 3559 1921 2013 2019 186
8 1814 3559 3560 1800 1921 186 1953 1915
8 1800 3560 3562 1787 1915 1953 1950 1909
8 1787 3562 3564 1786 1909 1950 1956 1903
8 3566 965 1786 3564 504 1897 1903 1956
8 965 3566 3568 1785 1897 504 1798 1891
8 3568 3570 966 1785 1798 505 1885 1891
8 966 3570 3572 967 1885 505 506 1879
8 3572 3574 968 967 506 507 1873 1879
8 969 968 3574 3576 1867 1873 507 508
8 1788 969 3576 3578 1861 1867 508 2062
8 3580 970 1788 3578 509 1855 1861 2062
8 2980 970 3580 3582 2978 1855 509 2982
8 1980 3550 3552 2007 1982 1984 2015 2009
8 1846 3548 3550 1980 1844 1847 1984 1982
8 1837 3546 3548 1846 1835 1838 1847 1844
8 1828 3544 3546 1837 1826 1829 1838 1835
8 1661 3542 3544 1828 510 1716 1829 1826
8 1658 3540 3542 1661 1649 1717 1716 510
8 1657 3538 3540 1658 511 1718 1717 1649
8 1667 3536 3538 1657 512 1719 1718 511
8 1674 3534 3536 1667 1673 1720 1719 512
8 1676 3532 3534 1674 513 1721 1720 1673
8 1732 3530 3532 1676 514 1722 1721 513
8 1755 3527 3530 1732 1750 1749 1722 514
8 1740 3526 3527 1755 1733 1734 1749 1750
8 3583 3586 3585 3581 2946 2948 766 488
8 3579 3587 3588 3577 2049 2050 765 487
8 3577 3588 3589 3575 487 765 764 486
8 3575 3589 3590 3573 486 764 763 485
8 3573 3590 3591 3571 485 763 762 484
8 3571 3591 3592 3569 484 762 1930 1928
8 3569 3592 3593 3567 1928 1930 147 483
8 3593 3594 3565 3567 147 1945 1944 483
8 3594 3595 3563 3565 1945 1933 1932 1944
8 3595 3596 3561 3563 1933 1942 1939 1932
8 3558 3561 3596 3597 482 1939 1942 69
8 3558 3597 3598 3584 482 69 2231 960
8 3584 3598 3599 3600 960 2231 2630 168
8 3554 3556 3600 3601 2325 36 168 2324
8 3553 3554 3601 3602 32 2325 2324 77
8 3551 3553 3602 3603 2026 32 77 183
8 3547 3549 3603 3604 2022 2024 183 2600
8 3543 3545 3604 3605 489 2020 2600 788
8 3606 3541 3543 3605 1669 1651 489 788
8 3607 3539 3541 3606 76 490 1651 1669
8 3608 3537 3539 3607 154 491 490 76
8 3609 3535 3537 3608 1683 1680 491 154
8 3533 3535 3609 3610 492 1680 1683 78
8 3611 3531 3533 3610 790 493 492 78
8 3612 3528 3531 3611 1741 1742 493 790
8 3529 3528 3612 3613 494 1742 1741 789
8 3586 3615 3614 3585 2948 2950 758 766
8 3585 3614 3616 3587 766 758 2051 2050
8 3587 3616 3617 3588 2050 2051 759 765
8 3588 3617 3618 3589 765 759 760 764
8 3589 3618 3619 3590 764 760 761 763
8 3590 3619 3620 3591 763 761 148 762
8 3591 3620 3621 3592 762 148 70 1930
8 3592 3621 3622 3593 1930 70 2185 147
8 3600 3599 3624 3625 168 2630 2631 2678
8 3602 3601 3626 3627 77 2324 2680 2509
8 3603 3602 3627 3628 183 77 2509 2602
8 3604 3603 3628 3629 2600 183 2602 2603
8 3605 3604 3629 3630 788 2600 2603 2502
8 3606 3605 3630 3631 1669 788 2502 2500
8 3607 3606 3631 3632 76 1669 2500 75
8 3608 3607 3632 3633 154 76 75 2410
8 3609 3608 3633 3634 1683 154 2410 2414
8 3610 3609 3634 3635 78 1683 2414 2413
8 3611 3610 3635 3636 790 78 2413 209
8 3612 3611 3636 3637 1741 790 209 792
8 3638 3613 3612 3637 791 789 1741 792
8 3615 3640 3639 3614 2950 2952 767 758
8 3614 3639 3641 3616 758 767 2052 2051
8 3616 3641 3642 3617 2051 2052 768 759
8 3617 3642 3643 3618 759 768 769 760
8 3618 3643 3644 3619 760 769 149 761
8 3619 3644 3645 3620 761 149 71 148
8 3640 3647 3646 3639 2952 2954 770 767
8 3639 3646 3648 3641 767 770 2053 2052
8 3641 3648 3649 3642 2052 2053 771 768
8 3642 3649 3650 3643 768 771 150 769
8 3643 3650 3651 3644 769 150 72 149
8 3647 3653 3652 3646 2954 2976 772 770
8 3646 3652 3654 3648 770 772 2054 2053
8 3648 3654 3655 3649 2053 2054 773 771
8 3649 3655 3656 3650 771 773 206 150
8 3653 3658 3657 3652 2976 2974 2095 772
8 3652 3657 3659 3654 772 2095 2101 2054
8 3654 3659 3660 3655 2054 2101 2107 773
8 3655 3660 3661 3656 773 2107 775 206
8 3656 3661 3662 3663 206 775 774 224
8 3658 3665 3664 3657 2974 2972 2096 2095
8 3657 3664 3666 3659 2095 2096 2102 2101
8 3659 3666 3667 3660 2101 2102 2108 2107
8 3660 3667 3668 3661 2107 2108 2113 775
8 3661 3668 3669 3662 775 2113 2120 774
8 3651 3656 3663 3670 72 206 224 173
8 3665 3672 3671 3664 2972 2970 781 2096
8 3664 3671 3673 3666 2096 781 2055 2102
8 3666 3673 3674 3667 2102 2055 780 2108
8 3667 3674 3675 3668 2108 780 779 2113
8 3668 3675 3676 3669 2113 779 778 2120
8 3672 3678 3677 3671 2970 2968 1500 781
8 3671 3677 3679 3673 781 1500 2056 2055
8 3673 3679 3680 3674 2055 2056 1496 780
8 3674 3680 3681 3675 780 1496 1492 779
8 3675 3681 3682 3676 779 1492 1488 778
8 3678 3684 3683 3677 2968 2966 1501 1500
8 3677 3683 3685 3679 1500 1501 2057 2056
8 3679 3685 3686 3680 2056 2057 1497 1496
8 3680 3686 3687 3681 1496 1497 1493 1492
8 3681 3687 3688 3682 1492 1493 1489 1488
8 3684 3690 3689 3683 2966 2964 785 1501
8 3683 3689 3691 3685 1501 785 2058 2057
8 3686 3693 3692 3687 1497 784 783 1493
8 3690 3695 3694 3689 2964 2962 1464 785
8 3689 3694 3696 3691 785 1464 2059 2058
8 3699 3700 3697 3698 1458 205 73 1461
8 3703 3704 3701 3702 3040 3038 3039 3041
8 3704 3706 3705 3701 3038 3036 3037 3039
8 3708 3709 3707 3706 756 2958 3034 3036
8 3710 3708 3706 3704 2061 756 3036 3038
8 3705 3713 3711 3712 3037 3035 2956 1440
8 3706 3707 3713 3705 3036 3034 3035 3037
8 3715 3708 3710 3714 1456 756 2061 2060
8 3716 3709 3708 3715 2960 2958 756 1456
8 3695 3716 3715 3694 2962 2960 1456 1464
8 3718 3719 3717 3700 1457 757 68 205
8 3712 3711 3720 3721 1440 2956 3089 3088
8 3723 3712 3721 3722 2047 1440 3088 3091
8 3714 3710 3719 3718 2060 2061 757 1457
8 3717 3719 3703 3724 68 757 3040 3042
8 3719 3710 3704 3703 757 2061 3038 3040
8 3691 3696 3725 3693 2058 2059 1466 784
8 3696 3714 3718 3725 2059 2060 1457 1466
8 3694 3715 3714 3696 1464 1456 2060 2059
8 3725 3718 3700 3699 1466 1457 205 1458
8 3692 3699 3698 3726 783 1458 1461 207
8 3726 3698 3727 3728 207 1461 151 1470
8 3693 3725 3699 3692 784 1466 1458 783
8 3685 3691 3693 3686 2057 2058 784 1497
8 3687 3692 3726 3688 1493 783 207 1489
8 3700 3717 3729 3697 205 68 1424 73
8 3688 3726 3728 3730 1489 207 1470 1485
8 3698 3697 3731 3727 1461 73 1417 151
8 3731 3697 3729 3732 1417 73 1424 1425
8 3701 3705 3712 3723 3039 3037 1440 2047
8 3724 3703 3702 3733 3042 3040 3041 3043
8 3702 3701 3723 3734 3041 3039 2047 1441
8 3734 3723 3722 3735 1441 2047 3091 3093
8 3737 3734 3735 3736 1442 1441 3093 3095
8 3733 3702 3734 3737 3043 3041 1441 1442
8 3739 3737 3736 3738 1443 1442 3095 3097
8 3740 3733 3737 3739 3045 3043 1442 1443
8 3741 3724 3733 3740 3044 3042 3043 3045
8 3729 3717 3724 3741 1424 68 3042 3044
8 3743 3739 3738 3742 1444 1443 3097 3099
8 3744 3740 3739 3743 3047 3045 1443 1444
8 3745 3741 3740 3744 3046 3044 3045 3047
8 3732 3729 3741 3745 1425 1424 3044 3046
8 3682 3688 3730 3746 1488 1489 1485 1484
8 3676 3682 3746 3747 778 1488 1484 777
8 3669 3676 3747 3748 2120 778 777 2124
8 3662 3669 3748 3749 774 2120 2124 2123
8 3663 3662 3749 3750 224 774 2123 105
8 3727 3731 3751 3752 151 1417 786 782
8 3728 3727 3752 3753 1470 151 782 1468
8 3645 3651 3670 3754 71 72 173 964
8 3730 3728 3753 3755 1485 1470 1468 1477
8 3746 3730 3755 3756 1484 1485 1477 1476
8 3747 3746 3756 3757 777 1484 1476 776
8 3748 3747 3757 3758 2124 777 776 2128
8 3749 3748 3758 3759 2123 2124 2128 2127
8 3750 3749 3759 3760 105 2123 2127 963
8 3754 3670 3750 3760 964 173 105 963
8 3762 3743 3742 3761 1445 1444 3099 3101
8 3763 3744 3743 3762 3049 3047 1444 1445
8 3764 3745 3744 3763 3048 3046 3047 3049
8 3765 3732 3745 3764 1427 1425 3046 3048
8 3751 3731 3732 3765 786 1417 1425 1427
8 3767 3762 3761 3766 3001 1445 3101 3103
8 3768 3763 3762 3767 3051 3049 1445 3001
8 3769 3764 3763 3768 3050 3048 3049 3051
8 3770 3765 3764 3769 2181 1427 3048 3050
8 3751 3765 3770 3771 786 1427 2181 2179
8 3752 3751 3771 3772 782 786 2179 2177
8 3753 3752 3772 3773 1468 782 2177 2175
8 3755 3753 3773 3774 1477 1468 2175 2173
8 3756 3755 3774 3775 1476 1477 2173 2171
8 3757 3756 3775 3776 776 1476 2171 2169
8 3758 3757 3776 3777 2128 776 2169 2167
8 3759 3758 3777 3778 2127 2128 2167 2165
8 3760 3759 3778 3779 963 2127 2165 2163
8 3621 3645 3754 3780 70 71 964 962
8 3780 3754 3760 3779 962 964 963 2163
8 3621 3780 3781 3622 70 962 2183 2185
8 3780 3779 3782 3781 962 2163 2164 2183
8 3779 3778 3783 3782 2163 2165 2166 2164
8 3778 3777 3784 3783 2165 2167 2168 2166
8 3777 3776 3785 3784 2167 2169 2170 2168
8 3776 3775 3786 3785 2169 2171 2172 2170
8 3775 3774 3787 3786 2171 2173 2174 2172
8 3774 3773 3788 3787 2173 2175 2176 2174
8 3773 3772 3789 3788 2175 2177 2178 2176
8 3772 3771 3790 3789 2177 2179 2180 2178
8 3771 3770 3791 3790 2179 2181 2182 2180
8 3791 3770 3769 3792 2182 2181 3050 3052
8 3792 3769 3768 3793 3052 3050 3051 3053
8 3793 3768 3767 3794 3053 3051 3001 3002
8 3794 3767 3766 3795 3002 3001 3103 3105
8 3797 3794 3795 3796 1446 3002 3105 3107
8 3798 3793 3794 3797 3055 3053 3002 1446
8 3799 3792 3793 3798 3054 3052 3053 3055
8 3800 3791 3792 3799 1426 2182 3052 3054
8 3790 3791 3800 3801 2180 2182 1426 203
8 3789 3790 3801 3802 2178 2180 203 66
8 3788 3789 3802 3803 2176 2178 66 146
8 3787 3788 3803 3804 2174 2176 146 1481
8 3786 3787 3804 3805 2172 2174 1481 1480
8 3785 3786 3805 3806 2170 2172 1480 1473
8 3784 3785 3806 3807 2168 2170 1473 755
8 3783 3784 3807 3808 2166 2168 755 145
8 3782 3783 3808 3809 2164 2166 145 67
8 3622 3781 3810 3623 2185 2183 961 2187
8 3781 3782 3809 3810 2183 2164 67 961
8 3813 3814 3811 3812 2210 2212 2213 2211
8 3816 3812 3811 3815 2634 2211 2213 2636
8 3819 3820 3817 3818 2214 2216 2217 2215
8 3823 3824 3821 3822 2368 2370 2369 2367
8 3827 3828 3825 3826 1536 2643 2645 1535
8 3805 3804 3829 3830 1480 1481 2220 2218
8 3833 3624 3831 3832 30 2631 2633 124
8 3834 3835 3812 3816 2632 2230 2211 2634
8 3597 3836 3835 3598 69 2229 2230 2231
8 3836 3813 3812 3835 2229 2210 2211 2230
8 3810 3809 3813 3836 961 67 2210 2229
8 3599 3598 3835 3834 2630 2231 2230 2632
8 3814 3819 3818 3811 2212 2214 2215 2213
8 3808 3807 3819 3814 145 755 2214 2212
8 3623 3810 3836 3597 2187 961 2229 69
8 3809 3808 3814 3813 67 145 2212 2210
8 3806 3805 3830 3820 1473 1480 2218 2216
8 3807 3806 3820 3819 755 1473 2216 2214
8 3839 3840 3837 3838 2222 2224 2225 2223
8 3829 3839 3838 3841 2220 2222 2223 2221
8 3828 3843 3842 3825 2643 2642 2644 2645
8 3845 3797 3796 3844 3006 1446 3107 3109
8 3846 3798 3797 3845 3057 3055 1446 3006
8 3847 3799 3798 3846 3056 3054 3055 3057
8 3848 3800 3799 3847 2228 1426 3054 3056
8 3801 3800 3848 3849 203 1426 2228 2226
8 3802 3801 3849 3840 66 203 2226 2224
8 3803 3802 3840 3839 146 66 2224 2222
8 3804 3803 3839 3829 1481 146 2222 2220
8 3852 3837 3850 3851 2648 2225 2227 2650
8 3855 3856 3853 3854 2652 1419 3058 3125
8 3858 3846 3845 3857 3059 3057 3006 1447
8 3861 3857 3859 3860 3129 1447 3111 3131
8 3857 3845 3844 3859 1447 3006 3109 3111
8 3853 3847 3846 3858 3058 3056 3057 3059
8 3856 3848 3847 3853 1419 2228 3056 3058
8 3851 3850 3856 3855 2650 2227 1419 2652
8 3840 3849 3850 3837 2224 2226 2227 2225
8 3849 3848 3856 3850 2226 2228 1419 2227
8 3826 3825 3862 3863 1535 2645 2647 1460
8 3825 3842 3864 3862 2645 2644 2646 2647
8 3867 3868 3865 3866 754 2639 2641 204
8 3870 3817 3869 3843 2640 2217 2219 2642
8 3868 3871 3870 3865 2639 2638 2640 2641
8 3865 3870 3843 3828 2641 2640 2642 2643
8 3864 3838 3837 3852 2646 2223 2225 2648
8 3830 3829 3841 3869 2218 2220 2221 2219
8 3820 3830 3869 3817 2216 2218 2219 2217
8 3871 3818 3817 3870 2638 2215 2217 2640
8 3872 3815 3871 3868 2637 2636 2638 2639
8 3815 3811 3818 3871 2636 2213 2215 2638
8 3843 3869 3841 3842 2642 2219 2221 2644
8 3842 3841 3838 3864 2644 2221 2223 2646
8 3863 3874 3873 3824 1460 1504 2372 2370
8 3876 3877 3872 3875 753 2635 2637 1553
8 3877 3816 3815 3872 2635 2634 2636 2637
8 3832 3831 3877 3876 124 2633 2635 753
8 3832 3876 3878 3879 124 753 2358 29
8 3831 3834 3816 3877 2633 2632 2634 2635
8 3875 3867 3880 3881 1553 754 2362 2360
8 3875 3872 3868 3867 1553 2637 2639 754
8 3624 3599 3834 3831 2631 2630 2632 2633
8 3876 3875 3881 3878 753 1553 2360 2358
8 3882 3833 3832 3879 2403 30 124 29
8 3867 3866 3883 3880 754 204 2364 2362
8 3866 3827 3884 3883 204 1536 2366 2364
8 3866 3865 3828 3827 204 2641 2643 1536
8 3827 3826 3823 3884 1536 1535 2368 2366
8 3826 3863 3824 3823 1535 1460 2370 2368
8 3862 3864 3852 3885 2647 2646 2648 2649
8 3863 3862 3885 3874 1460 2647 2649 1504
8 3885 3852 3851 3886 2649 2648 2650 2651
8 3874 3885 3886 3887 1504 2649 2651 1503
8 3888 3858 3857 3861 3127 3059 1447 3129
8 3854 3853 3858 3888 3125 3058 3059 3127
8 3890 3861 3860 3889 3141 3129 3131 3143
8 3891 3888 3861 3890 3139 3127 3129 3141
8 3892 3854 3888 3891 3137 3125 3127 3139
8 3894 3890 3889 3893 3153 3141 3143 3155
8 3895 3891 3890 3894 3151 3139 3141 3153
8 3897 3894 3893 3896 3165 3153 3155 3167
8 3897 3896 3898 3899 3165 3167 3209 3197
8 3886 3851 3855 3900 2651 2650 2652 2653
8 3903 3904 3901 3902 3191 3189 3200 3203
8 3902 3901 3905 3906 3203 3200 3212 3215
8 3908 3902 3906 3907 3206 3203 3215 3218
8 3899 3898 3905 3901 3197 3209 3212 3200
8 3910 3908 3907 3909 3227 3206 3218 3230
8 3911 3903 3902 3908 3194 3191 3203 3206
8 3912 3899 3901 3904 3185 3197 3200 3189
8 3913 3914 3904 3903 3179 3177 3189 3191
8 3915 3897 3899 3912 3163 3165 3197 3185
8 3916 3917 3895 3915 3161 3149 3151 3163
8 3915 3895 3894 3897 3163 3151 3153 3165
8 3917 3892 3891 3895 3149 3137 3139 3151
8 3916 3915 3912 3918 3161 3163 3185 3173
8 3918 3912 3904 3914 3173 3185 3189 3177
8 3919 3913 3903 3911 3182 3179 3191 3194
8 3900 3855 3854 3892 2653 2652 3125 3137
8 3920 3900 3892 3917 1502 2653 3137 3149
8 3887 3886 3900 3920 1503 2651 2653 1502
8 3921 3920 3917 3916 2376 1502 3149 3161
8 3887 3920 3921 3922 1503 1502 2376 2374
8 3874 3887 3922 3873 1504 1503 2374 2372
8 3921 3916 3918 3923 2376 3161 3173 2375
8 3926 3927 3924 3925 650 644 645 651
8 3925 3924 3928 3929 651 645 646 652
8 3930 3923 3928 3924 2373 2375 646 645
8 3931 3930 3924 3927 2371 2373 645 644
8 3922 3921 3923 3930 2374 2376 2375 2373
8 3873 3922 3930 3931 2372 2374 2373 2371
8 3822 3821 3932 3933 2367 2369 643 1537
8 3824 3873 3931 3821 2370 2372 2371 2369
8 3932 3821 3931 3927 643 2369 2371 644
8 3932 3927 3926 3934 643 644 650 649
8 3933 3932 3934 3935 1537 643 649 1539
8 3884 3823 3822 3936 2366 2368 2367 2365
8 3923 3918 3914 3928 2375 3173 3177 646
8 3929 3928 3914 3913 652 646 3177 3179
8 3937 3929 3913 3919 658 652 3179 3182
8 3938 3925 3929 3937 657 651 652 658
8 3939 3926 3925 3938 656 650 651 657
8 3941 3939 3938 3940 2725 656 657 2727
8 3943 3910 3909 3942 3239 3227 3230 3242
8 3945 3943 3942 3944 3251 3239 3242 3254
8 3947 3945 3944 3946 3263 3251 3254 3266
8 3949 3947 3946 3948 3275 3263 3266 3278
8 3951 3949 3948 3950 3287 3275 3278 3290
8 3952 3911 3908 3910 3224 3194 3206 3227
8 3953 3952 3910 3943 3236 3224 3227 3239
8 3954 3955 3949 3951 3284 3272 3275 3287
8 3955 3956 3947 3949 3272 3260 3263 3275
8 3956 3957 3945 3947 3260 3248 3251 3263
8 3957 3953 3943 3945 3248 3236 3239 3251
8 3958 3919 3911 3952 3221 3182 3194 3224
8 3959 3958 3952 3953 3233 3221 3224 3236
8 3960 3959 3953 3957 3245 3233 3236 3248
8 3961 3960 3957 3956 3257 3245 3248 3260
8 3962 3961 3956 3955 3269 3257 3260 3272
8 3963 3962 3955 3954 3281 3269 3272 3284
8 3964 3965 3962 3963 696 683 3269 3281
8 3966 3967 3965 3964 695 682 683 696
8 3967 3969 3968 3965 682 2806 2808 683
8 3965 3968 3961 3962 683 2808 3257 3269
8 3968 3970 3960 3961 2808 2807 3245 3257
8 3969 3971 3970 3968 2806 2805 2807 2808
8 3971 3973 3972 3970 2805 2728 2730 2807
8 3970 3972 3959 3960 2807 2730 3233 3245
8 3972 3974 3958 3959 2730 2729 3221 3233
8 3974 3937 3919 3958 2729 658 3182 3221
8 3940 3938 3937 3974 2727 657 658 2729
8 3973 3940 3974 3972 2728 2727 2729 2730
8 3975 3941 3940 3973 2726 2725 2727 2728
8 3976 3977 3939 3941 2723 655 656 2725
8 3978 3976 3941 3975 2724 2723 2725 2726
8 3979 3975 3973 3971 2803 2726 2728 2805
8 3980 3979 3971 3969 2804 2803 2805 2806
8 3981 3980 3969 3967 681 2804 2806 682
8 3982 3981 3967 3966 694 681 682 695
8 3977 3934 3926 3939 655 649 650 656
8 3983 3984 3981 3982 693 680 681 694
8 3985 3986 3984 3983 1564 1546 680 693
8 3987 3988 3979 3980 2802 2801 2803 2804
8 3984 3987 3980 3981 680 2802 2804 681
8 3988 3978 3975 3979 2801 2724 2726 2803
8 3986 3989 3987 3984 1546 2800 2802 680
8 3989 3990 3988 3987 2800 2799 2801 2802
8 3990 3991 3978 3988 2799 2722 2724 2801
8 3991 3992 3976 3978 2722 2721 2723 2724
8 3994 3995 3993 3992 2719 1542 1541 2721
8 3996 3997 3995 3994 2717 654 1542 2719
8 3998 3999 3995 3997 648 1540 1542 654
8 4001 3996 3994 4000 2718 2717 2719 2720
8 4004 4005 4002 4003 2713 653 1547 2715
8 4008 4009 4006 4007 2361 2363 642 1551
8 4012 4007 4010 4011 641 1551 1549 647
8 3999 3935 3993 3995 1540 1539 1541 1542
8 3935 3934 3977 3993 1539 649 655 1541
8 4014 4015 4001 4013 2793 2716 2718 2795
8 4018 4013 4016 4017 2796 2795 2797 2798
8 4021 4022 4019 4020 2356 2357 1512 182
8 4007 4006 3998 4010 1551 642 648 1549
8 4023 3933 3935 3999 1538 1537 1539 1540
8 4009 3936 4023 4006 2363 2365 1538 642
8 3936 3822 3933 4023 2365 2367 1537 1538
8 3880 3883 4009 4008 2362 2364 2363 2361
8 3883 3884 3936 4009 2364 2366 2365 2363
8 3878 3881 4024 4022 2358 2360 2359 2357
8 3881 3880 4008 4024 2360 2362 2361 2359
8 4006 4023 3999 3998 642 1538 1540 648
8 3992 3993 3977 3976 2721 1541 655 2723
8 4000 3994 3992 3991 2720 2719 2721 2722
8 4016 4000 3991 3990 2797 2720 2722 2799
8 4013 4001 4000 4016 2795 2718 2720 2797
8 4017 4016 3990 3989 2798 2797 2799 2800
8 4025 4026 3986 3985 1563 1545 1546 1564
8 4026 4017 3989 3986 1545 2798 2800 1546
8 4027 4028 4026 4025 692 679 1545 1563
8 4028 4018 4017 4026 679 2796 2798 1545
8 4029 4030 4028 4027 1562 1566 679 692
8 4030 4031 4018 4028 1566 2794 2796 679
8 4031 4014 4013 4018 2794 2793 2795 2796
8 4015 4003 3996 4001 2716 2715 2717 2718
8 4003 4002 3997 3996 2715 1547 654 2717
8 4011 4010 4002 4005 647 1549 1547 653
8 4010 3998 3997 4002 1549 648 654 1547
8 4024 4008 4007 4012 2359 2361 1551 641
8 4032 4004 4003 4015 2714 2713 2715 2716
8 4033 4032 4015 4014 2791 2714 2716 2793
8 4034 4033 4014 4031 2792 2791 2793 2794
8 4035 4034 4031 4030 1565 2792 2794 1566
8 4036 4035 4030 4029 1561 1565 1566 1562
8 4037 4038 4035 4036 691 678 1565 1561
8 4038 4039 4034 4035 678 2790 2792 1565
8 4039 4040 4033 4034 2790 2789 2791 2792
8 4040 4041 4032 4033 2789 2712 2714 2791
8 4041 4042 4004 4032 2712 2711 2713 2714
8 4043 4044 4042 4041 2710 2709 2711 2712
8 4042 4045 4005 4004 2711 1508 653 2713
8 4044 4046 4045 4042 2709 60 1508 2711
8 4045 4047 4011 4005 1508 1509 647 653
8 4047 4019 4012 4011 1509 1512 641 647
8 4048 4047 4045 4046 59 1509 1508 60
8 4020 4019 4047 4048 182 1512 1509 59
8 4051 4052 4049 4050 74 2330 2684 153
8 4052 4020 4048 4049 2330 182 59 2684
8 4053 4054 4052 4051 2406 2404 2330 74
8 4057 4058 4055 4056 2527 2533 181 152
8 3879 3878 4022 4021 29 2358 2357 2356
8 4059 4043 4041 4040 2787 2710 2712 2789
8 4060 4059 4040 4039 2788 2787 2789 2790
8 4061 4060 4039 4038 1567 2788 2790 678
8 4062 4061 4038 4037 1599 1567 678 691
8 4061 4062 4063 4064 1567 1599 690 677
8 4060 4061 4064 4065 2788 1567 677 670
8 4059 4060 4065 4066 2787 2788 670 2832
8 4043 4059 4066 4067 2710 2787 2832 2756
8 4068 4044 4043 4067 2754 2709 2710 2756
8 4069 4046 4044 4068 2683 60 2709 2754
8 4049 4048 4046 4069 2684 59 60 2683
8 4064 4063 4070 4071 677 690 1597 1569
8 4064 4071 4072 4065 677 1569 1570 670
8 4054 4021 4020 4052 2404 2356 182 2330
8 3627 3626 4073 4074 2509 2680 2328 125
8 3626 3625 3833 4073 2680 2678 30 2328
8 3628 3627 4074 4075 2602 2509 125 156
8 3629 3628 4075 4076 2603 2602 156 2599
8 3630 3629 4076 4077 2502 2603 2599 787
8 4074 4073 4078 4079 125 2328 2405 2407
8 4073 3833 3882 4078 2328 30 2403 2405
8 4079 4078 4054 4053 2407 2405 2404 2406
8 4078 3882 4021 4054 2405 2403 2356 2404
8 4075 4074 4079 4080 156 125 2407 31
8 4083 4084 4081 4082 208 2525 2529 2531
8 3631 3630 4077 4085 2500 2502 787 155
8 3632 3631 4085 4086 75 2500 155 2504
8 3635 3634 4087 4088 2413 2414 2418 2417
8 3636 3635 4088 4089 209 2413 2417 795
8 4080 4079 4058 4057 31 2407 2533 2527
8 4082 4081 4090 4091 2531 2529 2333 994
8 4093 4082 4091 4092 2537 2531 994 2536
8 4077 4076 4084 4083 787 2599 2525 208
8 4055 4051 4094 4095 181 74 100 887
8 4097 4098 4096 4095 2587 2585 886 887
8 4091 4090 4099 4100 994 2333 885 884
8 4101 4083 4082 4093 2523 208 2531 2537
8 4099 4090 4056 4096 885 2333 152 886
8 4069 4103 4102 4050 2683 1522 2591 153
8 4085 4077 4083 4101 155 787 208 2523
8 4092 4091 4100 4104 2536 994 884 212
8 4099 4106 4105 4100 885 2583 2581 884
8 4098 4106 4099 4096 2585 2583 885 886
8 4056 4055 4095 4096 152 181 887 886
8 4058 4053 4051 4055 2533 2406 74 181
8 4068 4107 4103 4069 2754 1520 1522 2683
8 4103 4109 4108 4102 1522 1517 2590 2591
8 4067 4066 4110 4111 2756 2832 2763 1524
8 4068 4067 4111 4107 2754 2756 1524 1520
8 4107 4111 4112 4113 1520 1524 167 1526
8 4110 4114 4112 4111 2763 1573 167 1524
8 4107 4113 4109 4103 1520 1526 1517 1522
8 4066 4072 4115 4110 2832 1570 2761 2763
8 4110 4115 4116 4114 2763 2761 2841 1573
8 4114 4118 4117 4112 1573 220 98 167
8 4070 4120 4119 4071 1597 689 676 1569
8 689 676 1579 1595 4120 4119 4121 4122
8 4122 4124 4123 4121 1595 688 675 1579
8 4124 4126 4125 4123 688 1593 1581 675
8 4126 4128 4127 4125 1593 687 674 1581
8 4130 4127 4128 4129 62 674 687 1591
8 4132 4130 4129 4131 1588 62 1591 141
8 4134 4132 4131 4133 140 1588 141 1589
8 4136 4134 4133 4135 673 140 1589 686
8 4137 4138 4136 4135 685 672 673 686
8 4139 4140 4138 4137 684 671 672 685
8 4141 4142 4140 4139 2919 2921 671 684
8 4119 4143 4072 4071 676 669 1570 1569
8 4119 4121 4144 4143 676 1579 1575 669
8 4123 4125 4145 4146 675 1581 1582 668
8 4121 4123 4146 4144 1579 675 668 1575
8 4145 4125 4127 4147 1582 1581 674 667
8 4130 4148 4147 4127 62 666 667 674
8 4148 4130 4132 4149 666 62 1588 61
8 199 140 1588 61 4150 4134 4132 4149
8 4136 4151 4150 4134 673 665 199 140
8 4138 4152 4151 4136 672 664 665 673
8 4140 4153 4152 4138 671 663 664 672
8 4142 4154 4153 4140 2921 2923 663 671
8 4154 4156 4155 4153 2923 2925 217 663
8 4153 4155 4157 4152 663 217 163 664
8 4152 4157 4158 4151 664 163 164 665
8 4151 4158 4159 4150 665 164 659 199
8 4150 4159 4160 4149 199 659 660 61
8 4149 4160 4161 4148 61 660 661 666
8 4148 4161 4162 4147 666 661 165 667
8 4163 4145 4147 4162 1585 1582 667 165
8 4146 4145 4163 4164 668 1582 1585 166
8 4144 4146 4164 4165 1575 668 166 1576
8 4143 4144 4165 4166 669 1575 1576 2760
8 4143 4166 4115 4072 669 2760 2761 1570
8 4166 4167 4116 4115 2760 662 2841 2761
8 4084 4080 4057 4081 2525 31 2527 2529
8 4076 4075 4080 4084 2599 156 31 2525
8 4081 4057 4056 4090 2529 2527 152 2333
8 4169 4170 4105 4168 2539 883 2581 2580
8 4170 4104 4100 4105 883 212 884 2581
8 4172 4173 4171 4168 2582 941 940 2580
8 4106 4172 4168 4105 2583 2582 2580 2581
8 4171 4174 4169 4168 940 2579 2539 2580
8 4176 4171 4173 4175 911 940 941 912
8 4178 4173 4172 4177 942 941 2582 2584
8 4175 4173 4178 4179 912 941 942 913
8 4050 4102 4180 4094 153 2591 2589 100
8 4094 4180 4097 4095 100 2589 2587 887
8 4102 4108 4181 4180 2591 2590 2588 2589
8 4181 4184 4182 4183 2588 944 943 2586
8 4108 4185 4184 4181 2590 945 944 2588
8 4109 4186 4185 4108 1517 99 945 2590
8 4113 4187 4186 4109 1526 221 99 1517
8 4112 4117 4187 4113 167 98 221 1526
8 4116 4188 4118 4114 2841 2839 220 1573
8 4167 4189 4188 4116 662 882 2839 2841
8 4156 4191 4190 4155 2925 2927 93 217
8 4191 4193 4192 4190 2927 89 215 93
8 4193 4195 4194 4192 89 872 873 215
8 4195 4197 4196 4194 872 867 868 873
8 4199 3638 3637 4198 793 791 792 794
8 4201 4089 4088 4200 2425 795 2417 2421
8 4202 4203 4199 4198 2429 2936 793 794
8 3637 3636 4089 4198 792 209 795 794
8 4201 4202 4198 4089 2425 2429 794 795
8 4205 4201 4200 4204 2426 2425 2421 2422
8 4205 4206 4202 4201 2426 2430 2429 2425
8 4206 4207 4203 4202 2430 2937 2936 2429
8 4208 4209 4207 4206 797 796 2937 2430
8 4210 4208 4206 4205 798 797 2430 2426
8 4211 4212 4209 4208 805 804 796 797
8 4213 4214 4212 4211 811 810 804 805
8 4216 4217 4213 4215 815 814 811 812
8 4220 4221 4218 4219 158 816 813 210
8 4224 4225 4222 4223 157 2496 2506 2508
8 3633 3632 4225 4224 2410 75 2496 157
8 3634 3633 4224 4087 2414 2410 157 2418
8 4086 4085 4226 4227 2504 155 2511 84
8 4210 4205 4204 4228 798 2426 2422 799
8 4229 4211 4208 4210 806 805 797 798
8 4229 4210 4228 4230 806 798 799 807
8 4215 4213 4211 4229 812 811 805 806
8 4218 4215 4229 4230 813 812 806 807
8 4217 4231 4214 4213 814 2408 810 811
8 4221 4216 4215 4218 816 815 812 813
8 4218 4230 4232 4219 813 807 808 210
8 4233 4234 4231 4217 818 817 2408 814
8 4235 4236 4234 4233 822 821 817 818
8 4237 4238 4236 4235 826 825 821 822
8 4239 4240 4238 4237 830 829 825 826
8 4241 4242 4240 4239 835 834 829 830
8 4242 4241 4243 4244 834 835 840 839
8 4244 4243 4245 4246 839 840 846 845
8 4249 4250 4247 4248 855 850 851 856
8 4250 4246 4245 4247 850 845 846 851
8 4253 4254 4251 4252 863 859 860 864
8 4197 4253 4252 4196 867 863 864 868
8 4254 4249 4248 4251 859 855 856 860
8 4155 4190 4255 4157 217 93 2848 163
8 4157 4255 4256 4158 163 2848 94 164
8 4158 4256 4257 4159 164 94 92 659
8 4260 4261 4258 4259 934 876 875 935
8 4264 4265 4262 4263 1012 902 903 1013
8 4268 4269 4266 4267 1010 900 901 1011
8 4190 4192 4270 4255 93 215 90 2848
8 4255 4270 4271 4256 2848 90 216 94
8 4270 4273 4272 4271 90 874 103 216
8 4192 4194 4273 4270 215 873 874 90
8 4273 4275 4274 4272 874 869 870 103
8 4194 4196 4275 4273 873 868 869 874
8 4278 4279 4276 4277 841 842 848 847
8 4275 4281 4280 4274 869 865 866 870
8 4252 4251 4282 4281 864 860 861 865
8 4243 4278 4277 4245 840 841 847 846
8 4251 4248 4284 4282 860 856 857 861
8 4285 4283 4277 4276 853 852 847 848
8 4247 4245 4277 4283 851 846 847 852
8 4241 4286 4278 4243 835 836 841 840
8 4196 4252 4281 4275 868 864 865 869
8 4287 4288 4216 4221 820 819 815 816
8 4288 4233 4217 4216 819 818 814 815
8 4289 4287 4221 4220 159 820 816 158
8 4290 4291 4288 4287 824 823 819 820
8 4292 4237 4235 4291 827 826 822 823
8 4291 4235 4233 4288 823 822 818 819
8 4293 4239 4237 4292 831 830 826 827
8 4286 4241 4239 4293 836 835 830 831
8 4294 4292 4291 4290 828 827 823 824
8 4296 4286 4293 4295 837 836 831 832
8 4295 4293 4292 4294 832 831 827 828
8 4286 4296 4279 4278 836 837 842 841
8 4297 4290 4287 4289 80 824 820 159
8 4300 4232 4298 4299 2449 808 800 2453
8 4294 4302 4301 4295 828 211 833 832
8 4219 4232 4300 4303 210 808 2449 2458
8 4305 4300 4299 4304 2450 2449 2453 2454
8 4303 4300 4305 4306 2458 2449 2450 2466
8 4305 4304 4307 4308 2450 2454 801 809
8 4310 4308 4307 4309 995 809 801 802
8 4306 4305 4308 4311 2466 2450 809 79
8 4313 4310 4309 4312 803 995 802 1029
8 4314 4220 4219 4303 2446 158 210 2458
8 4315 4289 4220 4314 2457 159 158 2446
8 4316 4314 4303 4306 2465 2446 2458 2466
8 4302 4294 4290 4297 211 828 824 80
8 4317 4296 4295 4301 838 837 832 833
8 4296 4317 4318 4279 837 838 843 842
8 4279 4318 4319 4276 842 843 849 848
8 4320 4285 4276 4319 854 853 848 849
8 4317 4322 4321 4318 838 2442 2440 843
8 4183 4177 4098 4097 2586 2584 2585 2587
8 4225 4086 4227 4222 2496 2504 84 2506
8 4222 4325 4323 4223 2506 2490 2595 2508
8 4227 4326 4325 4222 84 2594 2490 2506
8 4325 4327 4312 4323 2490 2488 1029 2595
8 4325 4326 4330 4327 2490 2594 83 2488
8 4331 4330 4326 4328 2515 83 2594 2513
8 4327 4330 4332 4313 2488 83 82 803
8 4332 4333 4310 4313 82 81 995 803
8 4333 4311 4308 4310 81 79 809 995
8 4334 4335 4316 4311 2476 2464 2465 79
8 4335 4315 4314 4316 2464 2457 2446 2465
8 4232 4230 4228 4298 808 807 799 800
8 4336 4297 4289 4315 2444 80 159 2457
8 4337 4336 4315 4335 2463 2444 2457 2464
8 4338 4302 4297 4336 160 211 80 2444
8 4302 4338 4339 4301 211 160 86 833
8 4322 4317 4301 4339 2442 838 833 86
8 4318 4321 4340 4319 843 2440 2438 849
8 4341 4338 4336 4337 85 160 2444 2463
8 4338 4341 4342 4339 160 85 2468 86
8 4339 4342 4343 4322 86 2468 213 2442
8 4322 4343 4344 4321 2442 213 844 2440
8 4321 4344 4345 4340 2440 844 214 2438
8 4346 4337 4335 4334 2472 2463 2464 2476
8 4347 4341 4337 4346 2474 85 2463 2472
8 4341 4347 4348 4342 85 2474 2478 2468
8 4342 4348 4349 4343 2468 2478 2480 213
8 4348 4351 4350 4349 2478 2482 161 2480
8 4351 4348 4347 4352 2482 2478 2474 87
8 4347 4346 4353 4352 2474 2472 2484 87
8 4353 4346 4334 4333 2484 2472 2476 81
8 4354 4353 4333 4332 2493 2484 81 82
8 4352 4353 4354 4355 87 2484 2493 2494
8 4356 4351 4352 4355 2592 2482 87 2494
8 4358 4356 4355 4357 2519 2592 2494 2517
8 4355 4354 4331 4357 2494 2493 2515 2517
8 4331 4354 4332 4330 2515 2493 82 83
8 4357 4331 4328 4329 2517 2515 2513 2521
8 4092 4358 4329 4093 2536 2519 2521 2537
8 4104 4356 4358 4092 212 2592 2519 2536
8 4361 4356 4104 4170 2541 2592 212 883
8 4177 4172 4106 4098 2584 2582 2583 2585
8 4180 4181 4183 4097 2589 2588 2586 2587
8 4183 4182 4178 4177 2586 943 942 2584
8 4364 4179 4362 4363 891 913 914 892
8 4179 4178 4182 4362 913 942 943 914
8 4365 4175 4179 4364 890 912 913 891
8 4362 4182 4184 4366 914 943 944 915
8 4367 4176 4175 4365 889 911 912 890
8 4363 4362 4366 4368 892 914 915 893
8 4368 4366 4369 4370 893 915 916 894
8 4366 4184 4185 4369 915 944 945 916
8 4371 4361 4170 4169 2543 2541 883 2539
8 4350 4361 4371 4360 161 2541 2543 2486
8 4371 4169 4174 4372 2543 2539 2579 2578
8 4174 4171 4176 4373 2579 940 911 2577
8 4372 4174 4373 4374 2578 2579 2577 2576
8 4373 4176 4367 4375 2577 911 889 2575
8 4374 4373 4375 4376 2576 2577 2575 2574
8 4378 4367 4365 4377 999 889 890 1000
8 4377 4365 4364 4379 1000 890 891 1001
8 4379 4364 4363 4380 1001 891 892 1002
8 4380 4363 4368 4381 1002 892 893 1003
8 4381 4368 4370 4382 1003 893 894 1004
8 4376 4375 4383 4384 2574 2575 3387 3388
8 4375 4367 4378 4383 2575 889 999 3387
8 4343 4349 4359 4344 213 2480 2470 844
8 4371 4372 4385 4360 2543 2578 2573 2486
8 4385 4372 4374 4386 2573 2578 2576 2571
8 2486 2470 2572 2573 4360 4359 4387 4385
8 4387 4385 4386 4388 2572 2573 2571 2570
8 4386 4374 4376 4389 2571 2576 2574 2569
8 4328 4093 2537 2513 4226 4101 2523 2511
8 4389 4376 4384 4390 2569 2574 3388 3389
8 4388 4386 4389 4391 2570 2571 2569 2568
8 4391 4389 4390 4392 2568 2569 3389 3390
8 4394 4391 4392 4393 888 2568 3390 998
8 4395 4388 4391 4394 910 2570 2568 888
8 4396 4397 4394 4393 1030 1019 888 998
8 4397 4398 4395 4394 1019 909 910 888
8 4396 4399 4398 4397 1030 1021 909 1019
8 4400 4387 4388 4395 88 2572 2570 910
8 4398 4401 4400 4395 909 162 88 910
8 4399 4402 4401 4398 1021 939 162 909
8 4404 4402 4399 4403 938 939 1021 1020
8 4406 4404 4403 4405 2860 938 1020 2858
8 4408 4406 4405 4407 908 2860 2858 1018
8 4410 4408 4407 4409 2859 908 1018 2857
8 4412 4410 4409 4411 907 2859 2857 1017
8 4413 4414 4412 4411 1016 906 907 1017
8 4415 4416 4414 4413 1015 905 906 1016
8 4417 4418 4416 4415 1014 904 905 1015
8 4263 4262 4418 4417 1013 903 904 1014
8 4419 4420 4410 4412 929 2861 2859 907
8 4420 4421 4408 4410 2861 871 908 2859
8 4421 4422 4406 4408 871 2862 2860 908
8 4414 4423 4419 4412 906 928 929 907
8 4424 4425 4422 4421 996 2864 2862 871
8 4426 4424 4421 4420 2863 996 871 2861
8 4427 4426 4420 4419 171 2863 2861 929
8 4428 4427 4419 4423 937 171 929 928
8 4428 4429 4271 4427 937 91 216 171
8 4271 4272 4426 4427 216 103 2863 171
8 4272 4274 4424 4426 103 870 996 2863
8 4422 4430 4404 4406 2862 2846 938 2860
8 4425 4431 4430 4422 2864 2845 2846 2862
8 4280 4432 4431 4425 866 862 2845 2864
8 4432 4434 4433 4431 862 858 2433 2845
8 4431 4433 4435 4430 2845 2433 2434 2846
8 4430 4435 4402 4404 2846 2434 939 938
8 4402 4435 4436 4401 939 2434 2436 162
8 4435 4433 4320 4436 2434 2433 854 2436
8 4436 4320 4319 4340 2436 854 849 2438
8 4400 4401 4436 4345 88 162 2436 214
8 4281 4282 4432 4280 865 861 862 866
8 4282 4284 4434 4432 861 857 858 862
8 4433 4434 4285 4320 2433 858 853 854
8 4284 4283 4285 4434 857 852 853 858
8 4274 4280 4425 4424 870 866 2864 996
8 4416 4437 4423 4414 905 927 928 906
8 4437 4438 4428 4423 927 936 937 928
8 4438 4257 4429 4428 936 92 91 937
8 4418 4439 4437 4416 904 926 927 905
8 4439 4259 4438 4437 926 935 936 927
8 4259 4258 4257 4438 935 875 92 936
8 4262 4440 4439 4418 903 925 926 904
8 4440 4260 4259 4439 925 934 935 926
8 4159 4257 4258 4441 659 92 875 997
8 4159 4441 4442 4160 659 997 880 660
8 4441 4258 4261 4442 997 875 876 880
8 4160 4442 4443 4161 660 880 881 661
8 4442 4261 4444 4443 880 876 877 881
8 4445 4444 4261 4260 933 877 876 934
8 4446 4445 4260 4440 924 933 934 925
8 4265 4446 4440 4262 902 924 925 903
8 4267 4266 4265 4264 1011 901 902 1012
8 4266 4447 4446 4265 901 923 924 902
8 4447 4448 4445 4446 923 932 933 924
8 4448 4449 4444 4445 932 878 877 933
8 4269 4450 4447 4266 900 922 923 901
8 4450 4451 4448 4447 922 931 932 923
8 4443 4444 4449 4452 881 877 878 219
8 4451 4453 4449 4448 931 879 878 932
8 4453 4454 4452 4449 879 96 219 878
8 4455 4456 4269 4268 1009 899 900 1010
8 4161 4443 4452 4162 661 881 219 165
8 4454 4163 4162 4452 96 1585 165 219
8 4164 4163 4454 4457 166 1585 96 97
8 4458 4457 4454 4453 218 97 96 879
8 4459 4458 4453 4451 930 218 879 931
8 4460 4459 4451 4450 921 930 931 922
8 4456 4460 4450 4269 899 921 922 900
8 4461 4462 4456 4455 1008 898 899 1009
8 4462 4463 4460 4456 898 170 921 899
8 4463 4464 4459 4460 170 102 930 921
8 4464 4465 4458 4459 102 95 218 930
8 4164 4457 4466 4165 166 97 2759 1576
8 4466 4457 4458 4465 2759 97 218 95
8 4166 4165 4466 4167 2760 1576 2759 662
8 662 882 95 2759 4167 4189 4465 4466
8 4467 4189 4465 4464 223 882 95 102
8 4468 4469 4462 4461 1007 897 898 1008
8 4469 4467 4463 4462 897 223 170 898
8 4188 4189 4467 4470 2839 882 223 2837
8 4470 4467 4469 4471 2837 223 897 2834
8 4471 4469 4468 4472 2834 897 1007 2833
8 4474 4471 4472 4473 896 2834 2833 1006
8 4475 4470 4471 4474 920 2837 2834 896
8 4118 4188 4470 4475 220 2839 2837 920
8 4476 4117 4118 4475 919 98 220 920
8 4477 4476 4475 4474 101 919 920 896
8 4478 4477 4474 4473 169 101 896 1006
8 4479 4187 4117 4476 918 221 98 919
8 4480 4479 4476 4477 222 918 919 101
8 4481 4186 4187 4479 917 99 221 918
8 4369 4185 4186 4481 916 945 99 917
8 4370 4369 4481 4482 894 916 917 895
8 4483 4482 4480 4478 1005 895 222 169
8 4482 4481 4479 4480 895 917 918 222
8 894 4370 4382 1004 895 4482 4483 1005
8 2049 488 3581 3579 2050 766 3585 3587
8 857 856 4248 4284 852 851 4247 4283
6 3750 3670 3663 37 129 187
6 3645 3644 3651 43 132 44
6 3651 3650 3656 44 133 189
6 4429 4256 4271 51 54 193
6 4257 4256 4429 52 54 51
6 4477 4478 4480 63 142 201
6 4464 4463 4467 64 143 202
6 70 71 148 250 251 299
6 71 72 149 251 252 300
6 72 206 150 252 337 301
6 74 100 153 254 280 304
6 91 216 94 271 347 274
6 92 91 94 272 271 274
6 101 222 169 281 353 320
6 102 223 170 282 354 321
6 105 224 173 285 355 324
6 1808 1986 1806 1807 1988 1805
6 1809 1987 1810 1808 1986 1806
6 1926 1989 1925 1809 1987 1810
6 1994 1998 2003 1996 2000 2002
6 1995 1999 2004 1994 1998 2003
6 1997 2001 2005 1995 1999 2004
6 1994 2003 1802 1996 2002 1801
6 1995 2004 1812 1994 2003 1802
6 1997 2005 1923 1995 2004 1812
6 2003 104 1802 2002 284 1801
6 2004 1813 1812 2003 104 1802
6 2005 1922 1923 2004 1813 1812
6 69 2187 1942 249 2186 1943
6 1942 2187 1933 1943 2186 1935
6 2187 1945 1933 2186 1947 1935
6 2187 2185 1945 2186 2184 1947
6 1945 2185 147 1947 2184 298
6 3621 3620 3645 2141 2115 43
6 36 185 2018 241 332 2017
6 2011 2323 2018 2010 2322 2017
6 960 36 168 1375 241 319
6 2356 29 2403 2334 2335 2398
6 800 2422 799 1214 2420 1213
6 79 2466 2465 259 2462 2461
6 81 79 2476 261 259 2475
6 2488 1029 803 2487 1414 1217
6 2498 157 2418 2497 308 2416
6 2504 75 2496 2503 255 2495
6 2508 157 2498 2507 308 2497
6 2595 2508 2498 2597 2507 2497
6 2600 2022 2020 2598 2023 2021
6 2026 2024 183 2027 2025 331
6 155 2511 2523 306 2510 2522
6 2406 2407 2533 2401 2402 2532
6 2521 2517 2519 2520 2516 2518
6 2513 2521 2537 2512 2520 2535
6 214 2438 2436 345 2437 2435
6 2572 214 88 2548 345 268
6 2631 2678 30 2607 2679 238
6 2684 153 2683 2686 304 2685
6 2832 1570 670 2831 1572 1140
6 3879 4021 3882 2303 2377 2865
6 3622 3594 3593 2243 1958 131
6 3623 3596 3595 2255 1955 1952
6 3623 3595 3594 2255 1952 1958
6 3622 3623 3594 2243 2255 1958
6 3623 3597 3596 2255 2267 1955
6 3559 3556 3557 186 2868 2019
6 3584 3600 3556 2866 2870 2868
6 3551 3603 3549 2031 2873 2030
6 3547 3604 3545 2029 2874 2028
6 3624 3833 3625 2655 2291 2875
6 4051 4050 4094 2904 139 58
6 4053 4058 4079 2903 2905 2902
6 4086 4225 3632 2894 3299 2882
6 4101 4226 4085 2916 3300 2893
6 4223 4324 4224 3303 3304 3293
6 4012 4019 4022 523 1516 2378
6 4012 4022 4024 523 2378 2380
6 4324 4087 4224 3304 3294 3293
6 2512 264 2510 2513 84 2511
6 2512 2596 264 2513 2594 84
6 4050 4049 4069 139 2898 2899
6 168 2324 2680 319 2326 2682
6 168 2680 2678 319 2682 2679
6 3626 3600 3625 2876 2870 2875
6 3626 3601 3600 2876 2871 2870
6 4072 4066 4065 3331 3340 3332
6 4340 4345 4436 3365 3366 3368
6 345 2469 2548 214 2470 2572
6 345 1259 2469 214 844 2470
6 2470 2486 161 2469 2485 312
6 2470 161 2480 2469 312 2479
6 312 2593 2540 161 2592 2541
6 312 2481 2593 161 2482 2592
6 4226 4328 4227 3300 3413 3301
6 4387 4400 4345 3407 48 3366
6 4093 4329 4328 2917 3415 3413
6 4359 4387 4345 3416 3407 3366
6 4356 4361 4350 3417 3419 3420
6 4350 4360 4359 3420 3421 3416
6 4345 4344 4359 3366 3422 3416
6 4350 4359 4349 3420 3416 3429
6 4350 4351 4356 3420 3437 3417
6 4329 4358 4357 3415 3414 3446
6 4326 4227 4328 3468 3301 3413
6 4311 4333 4334 3474 3471 3472
6 4306 4311 4316 3477 3474 3476
6 4323 4324 4223 3511 3304 3303
6 4313 4312 4327 3515 3512 3514
6 4204 4298 4228 3509 3523 3508
6 3559 3557 3556 185 2018 36
6 2011 2018 2323 2012 3557 3555
6 3557 3555 2012 2019 2867 2013
6 3584 3556 3600 960 36 168
6 3551 3549 3603 2026 2024 183
6 3547 3545 3604 2022 2020 2600
6 3622 3593 3594 2185 147 1945
6 3622 3594 3623 2185 1945 2187
6 3623 3594 3595 2187 1945 1933
6 3623 3595 3596 2187 1933 1942
6 3623 3596 3597 2187 1942 69
6 3626 3625 3600 2680 2678 168
6 3626 3600 3601 2680 168 2324
6 3621 3645 3620 70 71 148
6 3645 3651 3644 71 72 149
6 3651 3656 3650 72 206 150
6 3750 3663 3670 105 224 173
6 4012 4022 4019 641 2357 1512
6 4012 4024 4022 641 2359 2357
6 3624 3625 3833 2631 2678 30
6 3879 3882 4021 29 2403 2356
6 4050 4069 4049 153 2683 2684
6 4072 4065 4066 1570 670 2832
6 4051 4094 4050 74 100 153
6 4053 4079 4058 2406 2407 2533
6 4323 4223 4324 2595 2508 2498
6 4223 4224 4324 2508 157 2498
6 4324 4224 4087 2498 157 2418
6 4086 3632 4225 2504 75 2496
6 4101 4085 4226 2523 155 2511
6 4226 4227 4328 2511 84 2513
6 4326 4328 4227 2594 2513 84
6 4093 4328 4329 2537 2513 2521
6 4313 4327 4312 803 2488 1029
6 4306 4316 4311 2466 2465 79
6 4311 4334 4333 79 2476 81
6 4204 4228 4298 2422 799 800
6 4329 4357 4358 2521 2517 2519
6 4350 4356 4351 161 2592 2482
6 4350 4349 4359 161 2480 2470
6 4350 4359 4360 161 2470 2486
6 4356 4350 4361 2592 161 2541
6 4340 4436 4345 2438 2436 214
6 4387 4345 4400 2572 214 88
6 4359 4345 4387 2470 214 2572
6 4345 4359 4344 214 2470 844
6 4429 4271 4256 91 216 94
6 4257 4429 4256 92 91 94
6 4464 4467 4463 102 223 170
6 4477 4480 4478 101 222 169
6 1111 2336 2338 641 2357 2359
6 1111 1513 2336 641 1512 2357
8 7071 7070 4541 4540 7073 7072 4720 4719
8 4554 5868 4630 5824 4730 5869 4777 5823
8 4699 5933 5924 4579 4826 5932 5925 4755
8 6716 7067 6896 4604 6717 7069 7068 4768
8 4518 6713 6712 4647 4718 6715 6714 4794
8 4830 4655 4495 4831 4887 4658 4508 4888
8 4831 4495 4494 4832 4888 4508 4507 4889
8 4832 4494 4493 4833 4889 4507 4506 4890
8 4833 4493 4492 4834 4890 4506 4505 4891
8 4834 4492 4491 4835 4891 4505 4504 4892
8 4835 4491 4490 4836 4892 4504 4503 4893
8 4836 4490 4489 4837 4893 4503 4502 4894
8 4838 4488 4487 4839 4896 4500 4499 4897
8 4839 4487 4486 4840 4897 4499 4498 4898
8 4840 4486 4485 4841 4898 4498 4497 4899
8 4841 4485 4884 4842 4899 4497 4946 4900
8 4842 4884 4883 4843 4900 4946 4945 4901
8 4843 4883 4654 4844 4901 4945 4657 4902
8 4844 4654 4484 4845 4902 4657 4496 4903
8 4845 4484 4653 4846 4903 4496 4656 4904
8 4846 4653 0 373 4904 4656 13 435
8 4847 4830 4831 4848 4907 4887 4888 4908
8 4848 4831 4832 4849 4908 4888 4889 4909
8 4849 4832 4833 4850 4909 4889 4890 4910
8 4850 4833 4834 4851 4910 4890 4891 4911
8 4851 4834 4835 4852 4911 4891 4892 4912
8 4852 4835 4836 4853 4912 4892 4893 4913
8 4853 4836 4837 4854 4913 4893 4894 4914
8 4856 4838 4839 4857 4916 4896 4897 4917
8 4857 4839 4840 4858 4917 4897 4898 4918
8 4858 4840 4841 4859 4918 4898 4899 4919
8 4859 4841 4842 4860 4919 4899 4900 4920
8 4860 4842 4843 4861 4920 4900 4901 4921
8 4861 4843 4844 4862 4921 4901 4902 4922
8 4862 4844 4845 4863 4922 4902 4903 4923
8 4863 4845 4846 4864 4923 4903 4904 4924
8 4864 4846 373 392 4924 4904 435 457
8 4865 4847 4848 4866 4927 4907 4908 4928
8 4866 4848 4849 4867 4928 4908 4909 4929
8 4867 4849 4850 4868 4929 4909 4910 4930
8 4868 4850 4851 4869 4930 4910 4911 4931
8 4869 4851 4852 4870 4931 4911 4912 4932
8 4870 4852 4853 4871 4932 4912 4913 4933
8 4871 4853 4854 4872 4933 4913 4914 4934
8 4872 4854 4855 4873 4934 4914 6242 4935
8 4874 4856 4857 4875 4936 4916 4917 4937
8 4875 4857 4858 4876 4937 4917 4918 4938
8 4876 4858 4859 4877 4938 4918 4919 4939
8 4877 4859 4860 4878 4939 4919 4920 4940
8 4878 4860 4861 4879 4940 4920 4921 4941
8 4879 4861 4862 4880 4941 4921 4922 4942
8 4880 4862 4863 4881 4942 4922 4923 4943
8 4881 4863 4864 4882 4943 4923 4924 4944
8 4882 4864 392 411 4944 4924 457 479
8 4883 4960 4587 4654 4945 5394 4595 4657
8 4884 4959 4960 4883 4946 5393 5394 4945
8 4485 4588 4959 4884 4497 4596 5393 4946
8 414 180 4510 4885 1031 328 4714 5466
8 4885 4510 4509 4886 5466 4714 4713 5467
8 4886 4509 4658 4887 5467 4713 4802 5468
8 4887 4658 4508 4888 5468 4802 4515 5469
8 4888 4508 4507 4889 5469 4515 4516 5470
8 4889 4507 4506 4890 5470 4516 4712 5471
8 4890 4506 4505 4891 5471 4712 4517 5472
8 4891 4505 4504 4892 5472 4517 4711 5473
8 4892 4504 4503 4893 5473 4711 4710 5474
8 4893 4503 4502 4894 5474 4710 4709 5475
8 4894 4502 4501 6013 5475 4709 4708 6012
8 4896 4500 4499 4897 5477 4707 4706 5478
8 4897 4499 4498 4898 5478 4706 4705 5479
8 4898 4498 4497 4899 5479 4705 4704 5480
8 4899 4497 4946 4900 5480 4704 5526 5481
8 4900 4946 4945 4901 5481 5526 5525 5482
8 4901 4945 4657 4902 5482 5525 4801 5483
8 4902 4657 4496 4903 5483 4801 4703 5484
8 4903 4496 4656 4904 5484 4703 4800 5485
8 4904 4656 13 435 5485 4800 225 1052
8 436 414 4885 4905 1053 1031 5466 5486
8 4905 4885 4886 4906 5486 5466 5467 5487
8 4906 4886 4887 4907 5487 5467 5468 5488
8 4907 4887 4888 4908 5488 5468 5469 5489
8 4908 4888 4889 4909 5489 5469 5470 5490
8 4909 4889 4890 4910 5490 5470 5471 5491
8 4910 4890 4891 4911 5491 5471 5472 5492
8 4911 4891 4892 4912 5492 5472 5473 5493
8 4912 4892 4893 4913 5493 5473 5474 5494
8 4913 4893 4894 4914 5494 5474 5475 5495
8 4915 4895 4896 4916 5496 5476 5477 5497
8 4916 4896 4897 4917 5497 5477 5478 5498
8 4917 4897 4898 4918 5498 5478 5479 5499
8 4918 4898 4899 4919 5499 5479 5480 5500
8 4919 4899 4900 4920 5500 5480 5481 5501
8 4920 4900 4901 4921 5501 5481 5482 5502
8 4921 4901 4902 4922 5502 5482 5483 5503
8 4922 4902 4903 4923 5503 5483 5484 5504
8 4923 4903 4904 4924 5504 5484 5485 5505
8 4924 4904 435 457 5505 5485 1052 1074
8 458 436 4905 4925 1075 1053 5486 5506
8 4925 4905 4906 4926 5506 5486 5487 5507
8 4926 4906 4907 4927 5507 5487 5488 5508
8 4927 4907 4908 4928 5508 5488 5489 5509
8 4928 4908 4909 4929 5509 5489 5490 5510
8 4929 4909 4910 4930 5510 5490 5491 5511
8 4930 4910 4911 4931 5511 5491 5492 5512
8 4931 4911 4912 4932 5512 5492 5493 5513
8 4932 4912 4913 4933 5513 5493 5494 5514
8 4933 4913 4914 4934 5514 5494 5495 5515
8 4936 4916 4917 4937 5516 5497 5498 5517
8 4937 4917 4918 4938 5517 5498 5499 5518
8 4938 4918 4919 4939 5518 5499 5500 5519
8 4939 4919 4920 4940 5519 5500 5501 5520
8 4940 4920 4921 4941 5520 5501 5502 5521
8 4941 4921 4922 4942 5521 5502 5503 5522
8 4942 4922 4923 4943 5522 5503 5504 5523
8 4943 4923 4924 4944 5523 5504 5505 5524
8 4944 4924 457 479 5524 5505 1074 1095
8 4945 5394 4595 4657 5525 5781 4763 4801
8 4946 5393 5394 4945 5526 5780 5781 5525
8 4497 4596 5393 4946 4704 4764 5780 5526
8 4509 4602 4601 4658 4713 4766 4662 4802
8 6327 6326 4663 4947 6329 6328 4806 5527
8 4950 5384 5383 4949 5530 5771 5770 5529
8 4951 5385 5384 4950 5531 5772 5771 5530
8 4952 5386 5385 4951 5532 5773 5772 5531
8 2946 2944 5387 4953 2947 2945 5774 5533
8 4956 4633 4557 4955 5536 4780 4733 5535
8 6087 6090 4633 4956 6088 6091 4780 5536
8 4958 5244 4559 4957 5538 5631 4735 5537
8 6139 6138 5244 4958 6141 6140 5631 5538
8 4588 5401 5402 4959 4596 5458 5459 5393
8 4959 5402 5403 4960 5393 5459 5460 5394
8 4960 5403 5404 4587 5394 5460 5461 4595
8 6071 6081 6074 4592 6070 6082 6073 4600
8 6053 6065 6068 4590 6052 6061 6066 4598
8 6342 6341 4664 4961 7845 7844 7843 7842
8 4964 4970 4969 4963 7857 7856 7854 7855
8 4965 4971 4970 4964 7859 7858 7856 7857
8 4966 4972 4971 4965 7861 7860 7858 7859
8 2983 2982 4973 4967 3583 3582 7864 7865
8 4981 4613 4528 4980 7821 7889 7888 7823
8 6089 6092 4613 4981 7819 7890 7889 7821
8 4983 5064 4529 4982 7815 7892 7891 7817
8 6143 6142 5064 4983 7813 7893 7892 7815
8 4667 4526 4608 4665 7931 7927 7943 7937
8 4608 4984 4985 4519 7943 8016 8022 8012
8 4526 4525 4984 4608 7927 7922 8016 7943
8 5923 5922 4991 4986 8281 8309 8273 8274
8 4988 4995 4996 4989 8189 8188 8187 8186
8 4989 4996 4997 4990 8186 8187 8191 8190
8 5922 5921 4998 4991 8309 8307 8267 8273
8 4994 4999 5000 4995 8196 8239 8201 8188
8 4995 5000 5001 4996 8188 8201 8200 8187
8 4996 5001 5002 4997 8187 8200 8199 8191
8 2932 2931 5006 4672 4156 4154 8413 8414
8 4672 5006 5007 4615 8414 8413 8412 8415
8 4615 5007 5008 4616 8415 8412 8411 8416
8 4616 5008 4666 5003 8416 8411 8410 8417
8 5003 4666 4522 5004 8417 8410 8409 8418
8 5004 4522 5009 5005 8418 8409 8408 8419
8 5005 5009 5010 4617 8419 8408 8407 8420
8 2931 2930 5011 5006 4154 4142 8402 8413
8 5006 5011 5012 5007 8413 8402 8400 8412
8 5007 5012 5013 5008 8412 8400 8398 8411
8 5008 5013 4609 4666 8411 8398 8396 8410
8 5009 4523 5014 5010 8408 8392 8389 8407
8 2930 2929 5022 5011 4142 4141 8401 8402
8 5011 5022 5023 5012 8402 8401 8399 8400
8 5012 5023 5024 5013 8400 8399 8397 8398
8 5018 5028 5029 5019 8246 8245 8244 8243
8 5019 5029 5030 5020 8243 8244 8228 8229
8 5020 5030 5031 5021 8229 8228 8226 8227
8 2985 2984 5038 5034 3615 3586 7867 7894
8 5035 5039 5040 5036 7896 7869 7870 7897
8 5036 5040 5041 5037 7897 7870 7871 7898
8 2984 2983 4967 5038 3586 3583 7865 7867
8 5039 4966 4965 5040 7869 7861 7859 7870
8 5040 4965 4964 5041 7870 7859 7857 7871
8 5041 4964 4963 5042 7871 7857 7855 7872
8 2986 2985 5034 5043 3640 3615 7894 7917
8 5044 5035 5036 5045 7919 7896 7897 7920
8 5045 5036 5037 4611 7920 7897 7898 7921
8 2987 2986 5043 5046 3647 3640 7917 7923
8 5047 5044 5045 4612 7925 7919 7920 7926
8 4612 5045 4611 4526 7926 7920 7921 7927
8 2988 2987 5046 5048 3653 3647 7923 7928
8 5049 5047 4612 4667 7930 7925 7926 7931
8 5051 4667 4665 5050 7935 7931 7937 7936
8 5055 6502 6517 5054 7947 7941 7942 7948
8 603 606 5067 5065 4246 4250 8487 8486
8 5065 5067 5068 5066 8486 8487 8519 8513
8 606 610 5070 5067 4250 4249 8488 8487
8 5067 5070 5071 5068 8487 8488 8520 8519
8 5068 5071 5072 5069 8519 8520 8670 8521
8 610 614 5073 5070 4249 4254 8489 8488
8 5070 5073 5074 5071 8488 8489 8518 8520
8 5071 5074 5075 5072 8520 8518 8668 8670
8 614 618 5076 5073 4254 4253 8490 8489
8 5073 5076 5077 5074 8489 8490 8517 8518
8 5074 5077 5078 5075 8518 8517 8516 8668
8 618 622 5079 5076 4253 4197 8451 8490
8 5076 5079 5080 5077 8490 8451 8511 8517
8 5077 5080 5081 5078 8517 8511 8510 8516
8 622 626 5082 5079 4197 4195 8450 8451
8 5079 5082 5083 5080 8451 8450 8509 8511
8 5080 5083 4546 5081 8511 8509 8508 8510
8 626 49 4670 5082 4195 4193 8449 8450
8 5082 4670 4531 5083 8450 8449 8506 8509
8 5083 4531 4671 4546 8509 8506 8507 8508
8 2933 2932 4672 4534 4191 4156 8414 8448
8 4535 4616 5003 4533 8492 8416 8417 8493
8 4533 5003 5406 5084 8493 8417 8677 8494
8 5084 5406 5089 5085 8494 8677 8678 8497
8 5085 5089 5090 5086 8497 8678 8679 8680
8 5086 5090 4674 5087 8680 8679 8688 8685
8 5406 5003 5004 5089 8677 8417 8418 8678
8 5089 5004 5005 5090 8678 8418 8419 8679
8 5090 5005 4617 4674 8679 8419 8420 8688
8 5919 5916 5102 5096 5920 5918 5545 5539
8 5958 5956 5103 5097 5959 5957 5546 5540
8 5098 5104 5105 5099 5541 5547 5548 5542
8 5099 5105 5106 5100 5542 5548 5549 5543
8 5100 5106 5107 5101 5543 5549 5550 5544
8 5916 5915 5108 5102 5918 5917 5551 5545
8 5956 5954 5109 5103 5957 5955 5552 5546
8 5104 5110 5111 5105 5547 5553 5554 5548
8 5105 5111 5112 5106 5548 5554 5555 5549
8 5106 5112 5113 5107 5549 5555 5556 5550
8 2925 2923 5118 4695 2926 2924 5561 4822
8 4695 5118 5119 4642 4822 5561 5562 4789
8 4642 5119 5120 4643 4789 5562 5563 4790
8 4643 5120 4677 5114 4790 5563 4807 5557
8 5114 4677 4542 5115 5557 4807 4721 5558
8 5115 4542 5121 5116 5558 4721 5564 5559
8 5116 5121 5122 4644 5559 5564 5565 4791
8 5992 5989 5123 4645 5993 5991 5566 4792
8 2923 2921 5126 5118 2924 2922 5569 5561
8 5118 5126 5127 5119 5561 5569 5570 5562
8 5119 5127 5128 5120 5562 5570 5571 5563
8 5120 5128 4619 4677 5563 5571 4769 4807
8 5121 4543 5129 5122 5564 4722 5572 5565
8 5989 5988 5130 5123 5991 5990 5573 5566
8 5982 5986 5131 5124 5984 5987 5574 5567
8 5977 5976 5132 5125 5979 5978 5575 5568
8 2921 2919 5139 5126 2922 2920 5582 5569
8 5126 5139 5140 5127 5569 5582 5583 5570
8 5127 5140 5141 5128 5570 5583 5584 5571
8 5988 6000 5143 5130 5990 6001 5586 5573
8 5986 6002 5144 5131 5987 6003 5587 5574
8 5976 6004 5145 5132 5978 6005 5588 5575
8 5974 6006 5146 5133 5975 6007 5589 5576
8 5135 5148 5149 5136 5578 5591 5592 5579
8 5136 5149 5150 5137 5579 5592 5593 5580
8 5137 5150 5151 5138 5580 5593 5594 5581
8 5427 5463 5407 5152 8633 8632 8629 8630
8 5153 5408 5409 5154 8603 8614 8613 8601
8 5154 5409 5410 5155 8601 8613 8615 8600
8 5155 5410 5411 5156 8600 8615 8616 8599
8 5156 5411 5412 5157 8599 8616 8617 8604
8 5157 5412 5413 5158 8604 8617 8618 8606
8 8606 8618 5413 5158 8718 8719 5414 5159
8 5159 5414 4621 4679 8718 8719 8714 8716
8 4544 4621 5415 5160 8713 8714 8709 8710
8 5161 5416 5417 5162 8705 8704 8697 8698
8 5162 5417 5418 5163 8698 8697 8691 8692
8 5163 5418 5419 5164 8692 8691 8504 8505
8 5164 5419 5420 5165 8505 8504 8503 8502
8 5165 5420 5421 5166 8502 8503 8500 8501
8 5166 5421 5422 5167 8501 8500 8499 8498
8 5167 5422 5423 5168 8498 8499 8653 8654
8 5168 5423 5424 5169 8654 8653 8651 8652
8 5169 5424 5425 5170 8652 8651 8649 8650
8 5170 5425 5426 5171 8650 8649 8647 8648
8 5428 5463 5427 5172 8635 8632 8633 8634
8 5172 5427 5152 5173 8634 8633 8630 8631
8 5174 5153 5154 5175 8434 8603 8601 8433
8 5175 5154 5155 5176 8433 8601 8600 8437
8 5176 5155 5156 5177 8437 8600 8599 8598
8 5177 5156 5157 5178 8598 8599 8604 8602
8 5178 5157 5158 5179 8602 8604 8606 8605
8 5179 5158 5159 5180 8605 8606 8718 8717
8 5180 5159 4679 5181 8717 8718 8716 8715
8 5181 4679 4544 5182 8715 8716 8713 8712
8 5182 4544 5160 5183 8712 8713 8710 8711
8 4680 5161 5162 4622 8703 8705 8698 8699
8 4622 5162 5163 5184 8699 8698 8692 8696
8 5184 5163 5164 5185 8696 8692 8505 8686
8 5185 5164 5165 5186 8686 8505 8502 8683
8 5186 5165 5166 5187 8683 8502 8501 8682
8 5187 5166 5167 5188 8682 8501 8498 8676
8 5188 5167 5168 5189 8676 8498 8654 8675
8 5189 5168 5169 5190 8675 8654 8652 8673
8 5190 5169 5170 5191 8673 8652 8650 8659
8 5191 5170 5171 5192 8659 8650 8648 8655
8 4545 4622 5184 5193 8700 8699 8696 8695
8 5193 5184 5185 5194 8695 8696 8686 8687
8 5194 5185 5186 5195 8687 8686 8683 8684
8 5195 5186 5187 5196 8684 8683 8682 8681
8 5196 5187 5188 5197 8681 8682 8676 8496
8 5197 5188 5189 5198 8496 8676 8675 8495
8 5198 5189 5190 5199 8495 8675 8673 8674
8 5199 5190 5191 5200 8674 8673 8659 8664
8 4623 5200 5191 5192 8663 8664 8659 8655
8 5201 5428 5172 4614 8638 8635 8634 8637
8 4614 5172 5173 4530 8637 8634 8631 8636
8 5202 5174 5175 5203 8429 8434 8433 8431
8 5203 5175 5176 5204 8431 8433 8437 8436
8 5204 5176 5177 5205 8436 8437 8598 8440
8 5205 5177 5178 5206 8440 8598 8602 8442
8 5206 5178 5179 5207 8442 8602 8605 8443
8 5207 5179 5180 4538 8443 8605 8717 8444
8 4538 5180 5181 4676 8444 8717 8715 8445
8 4676 5181 5182 4537 8445 8715 8712 8379
8 4537 5182 5183 4675 8379 8712 8711 8380
8 5091 4680 4545 4536 8447 8703 8700 8701
8 4536 4545 5193 4673 8701 8700 8695 8694
8 4673 5193 5194 5088 8694 8695 8687 8689
8 5088 5194 5195 5087 8689 8687 8684 8685
8 5087 5195 5196 5086 8685 8684 8681 8680
8 5086 5196 5197 5085 8680 8681 8496 8497
8 5085 5197 5198 5084 8497 8496 8495 8494
8 5084 5198 5199 4533 8494 8495 8674 8493
8 4533 5199 5200 4532 8493 8674 8664 8665
8 4532 5200 4623 4671 8665 8664 8663 8507
8 2958 2960 5863 5211 2959 2961 5616 5598
8 5212 5864 4683 4549 5599 5617 4810 4725
8 2950 2948 5221 5213 2951 2949 5608 5600
8 5214 5220 5219 5215 5601 5607 5606 5602
8 5215 5219 5218 5216 5602 5606 5605 5603
8 5216 5218 5217 4627 5603 5605 5604 4774
8 6330 6327 4947 4550 6331 6329 5527 4726
8 5218 4950 4949 5217 5605 5530 5529 5604
8 5219 4951 4950 5218 5606 5531 5530 5605
8 5220 4952 4951 5219 5607 5532 5531 5606
8 2948 2946 4953 5221 2949 2947 5533 5608
8 2952 2950 5213 5222 2953 2951 5600 5609
8 5223 5214 5215 5224 5610 5601 5602 5611
8 5224 5215 5216 4628 5611 5602 5603 4775
8 4628 5216 4627 4552 4775 5603 4774 4728
8 2954 2952 5222 5225 2955 2953 5609 5612
8 5226 5223 5224 4629 5613 5610 5611 4776
8 4629 5224 4628 4553 4776 5611 4775 4729
8 2976 2954 5225 5227 2977 2955 5612 5614
8 5228 5226 4629 4684 5615 5613 4776 4811
8 4683 5865 5868 4554 4810 5870 5869 4730
8 4630 5877 5875 5237 4777 5878 5876 5624
8 4685 5896 5892 5877 4812 5894 5890 5878
8 5238 5900 5896 4685 5625 5898 5894 4812
8 5824 4630 5237 5241 5823 4777 5624 5628
8 4631 5322 5323 4659 4778 5709 5710 4803
8 4659 5323 4580 4555 4803 5710 4756 4731
8 6987 6990 6989 4661 6985 6992 6991 4805
8 791 793 5246 5245 1205 1207 5633 5632
8 5245 5246 5247 4687 5632 5633 5634 4814
8 796 804 5255 5248 1210 1218 5642 5635
8 5248 5255 5256 5249 5635 5642 5643 5636
8 5249 5256 5257 5250 5636 5643 5644 5637
8 5250 5257 5258 5251 5637 5644 5645 5638
8 5252 5259 5430 5253 5639 5646 5788 5640
8 5464 5253 5430 5254 5821 5640 5788 5641
8 804 810 5260 5255 1218 1224 5647 5642
8 5255 5260 5261 5256 5642 5647 5648 5643
8 5256 5261 5262 5257 5643 5648 5649 5644
8 5257 5262 4688 5258 5644 5649 4815 5645
8 5430 5259 4560 4562 5788 5646 4736 4738
8 5254 5430 4562 4563 5641 5788 4738 4739
8 5260 5263 5264 5261 5647 5650 5651 5648
8 5261 5264 5265 5262 5648 5651 5652 5649
8 5262 5265 4637 4688 5649 5652 4784 4815
8 5263 5266 5267 5264 5650 5653 5654 5651
8 5264 5267 5268 5265 5651 5654 5655 5652
8 5265 5268 4638 4637 5652 5655 4785 4784
8 817 821 5269 5266 1232 1236 5656 5653
8 5266 5269 5270 5267 5653 5656 5657 5654
8 5267 5270 5271 5268 5654 5657 5658 5655
8 5268 5271 4561 4638 5655 5658 4737 4785
8 821 825 5272 5269 1236 1240 5659 5656
8 5269 5272 5273 5270 5656 5659 5660 5657
8 5270 5273 5274 5271 5657 5660 5661 5658
8 5271 5274 4689 4561 5658 5661 4816 4737
8 825 829 5275 5272 1240 1244 5662 5659
8 5272 5275 5276 5273 5659 5662 5663 5660
8 5273 5276 5277 5274 5660 5663 5664 5661
8 5274 5277 5278 4689 5661 5664 5665 4816
8 4689 5278 4567 4639 4816 5665 4743 4786
8 829 834 5279 5275 1244 1249 5666 5662
8 5275 5279 5280 5276 5662 5666 5667 5663
8 5276 5280 5281 5277 5663 5667 5668 5664
8 5277 5281 5282 5278 5664 5668 5669 5665
8 834 839 5283 5279 1249 1254 5670 5666
8 5279 5283 5284 5280 5666 5670 5671 5667
8 5280 5284 5285 5281 5667 5671 5672 5668
8 5281 5285 5286 5282 5668 5672 5673 5669
8 839 845 5288 5283 1254 1260 5675 5670
8 5283 5288 5289 5284 5670 5675 5676 5671
8 5284 5289 5290 5285 5671 5676 5677 5672
8 5285 5290 5291 5286 5672 5677 5678 5673
8 845 850 5292 5288 1260 1265 5679 5675
8 5288 5292 5293 5289 5675 5679 5680 5676
8 5289 5293 5294 5290 5676 5680 5681 5677
8 5290 5294 5295 5291 5677 5681 5682 5678
8 850 855 5296 5292 1265 1270 5683 5679
8 5292 5296 5297 5293 5679 5683 5684 5680
8 5293 5297 5298 5294 5680 5684 5685 5681
8 855 859 5299 5296 1270 1274 5686 5683
8 5296 5299 5300 5297 5683 5686 5687 5684
8 5297 5300 5301 5298 5684 5687 5688 5685
8 859 863 5302 5299 1274 1278 5689 5686
8 5299 5302 5303 5300 5686 5689 5690 5687
8 5300 5303 5304 5301 5687 5690 5691 5688
8 863 867 5305 5302 1278 1282 5692 5689
8 5302 5305 5306 5303 5689 5692 5693 5690
8 5303 5306 5307 5304 5690 5693 5694 5691
8 867 872 5309 5305 1282 1287 5696 5692
8 5305 5309 5310 5306 5692 5696 5697 5693
8 5306 5310 4583 5307 5693 5697 4759 5694
8 872 89 4693 5309 1287 269 4820 5696
8 5309 4693 4570 5310 5696 4820 4746 5697
8 5310 4570 4694 4583 5697 4746 4821 4759
8 2927 2925 4695 4573 2928 2926 4822 4749
8 4574 4643 5114 4572 4750 4790 5557 4748
8 4572 5114 5432 5311 4748 5557 5790 5698
8 5311 5432 5316 5312 5698 5790 5703 5699
8 5312 5316 5317 5313 5699 5703 5704 5700
8 5313 5317 4697 5314 5700 5704 4824 5701
8 5314 4697 4576 5315 5701 4824 4752 5702
8 5315 4576 4577 4696 5702 4752 4753 4823
8 5432 5114 5115 5316 5790 5557 5558 5703
8 5316 5115 5116 5317 5703 5558 5559 5704
8 5317 5116 4644 4697 5704 5559 4791 4824
8 4578 4646 5933 4699 4754 4793 5932 4826
8 5454 5465 5433 5324 5812 5822 5791 5711
8 5325 5434 5435 5326 5712 5792 5793 5713
8 5326 5435 5436 5327 5713 5793 5794 5714
8 5327 5436 5437 5328 5714 5794 5795 5715
8 5328 5437 5438 5329 5715 5795 5796 5716
8 5329 5438 5439 5330 5716 5796 5797 5717
8 5717 5797 5439 5330 5718 5798 5440 5331
8 5331 5440 4648 4700 5718 5798 4795 4827
8 4581 4648 5441 5332 4757 4795 5799 5719
8 7221 7220 5442 5333 7223 7222 5800 5720
8 5333 5442 5443 5334 5720 5800 5801 5721
8 5334 5443 5444 5335 5721 5801 5802 5722
8 5335 5444 5445 5336 5722 5802 5803 5723
8 5336 5445 5446 5337 5723 5803 5804 5724
8 5337 5446 5447 5338 5724 5804 5805 5725
8 5338 5447 5448 5339 5725 5805 5806 5726
8 5339 5448 5449 5340 5726 5806 5807 5727
8 5340 5449 5450 5341 5727 5807 5808 5728
8 5341 5450 5451 5342 5728 5808 5809 5729
8 5342 5451 5452 5343 5729 5809 5810 5730
8 5456 5465 5454 5345 5814 5822 5812 5732
8 5345 5454 5324 5346 5732 5812 5711 5733
8 5347 5325 5326 5348 5734 5712 5713 5735
8 5348 5326 5327 5349 5735 5713 5714 5736
8 5349 5327 5328 5350 5736 5714 5715 5737
8 5350 5328 5329 5351 5737 5715 5716 5738
8 5351 5329 5330 5352 5738 5716 5717 5739
8 5352 5330 5331 5353 5739 5717 5718 5740
8 5353 5331 4700 5354 5740 5718 4827 5741
8 5354 4700 4581 5355 5741 4827 4757 5742
8 5355 4581 5332 5356 5742 4757 5719 5743
8 7224 7221 5333 4701 7225 7223 5720 4828
8 4701 5333 5334 4649 4828 5720 5721 4796
8 4649 5334 5335 5357 4796 5721 5722 5744
8 5357 5335 5336 5358 5744 5722 5723 5745
8 5358 5336 5337 5359 5745 5723 5724 5746
8 5359 5337 5338 5360 5746 5724 5725 5747
8 5360 5338 5339 5361 5747 5725 5726 5748
8 5361 5339 5340 5362 5748 5726 5727 5749
8 5362 5340 5341 5363 5749 5727 5728 5750
8 5363 5341 5342 5364 5750 5728 5729 5751
8 5364 5342 5343 5365 5751 5729 5730 5752
8 4582 4649 5357 5366 4758 4796 5744 5753
8 5366 5357 5358 5367 5753 5744 5745 5754
8 5367 5358 5359 5368 5754 5745 5746 5755
8 5368 5359 5360 5369 5755 5746 5747 5756
8 5369 5360 5361 5370 5756 5747 5748 5757
8 5370 5361 5362 5371 5757 5748 5749 5758
8 5371 5362 5363 5372 5758 5749 5750 5759
8 5372 5363 5364 5373 5759 5750 5751 5760
8 4650 5373 5364 5365 4797 5760 5751 5752
8 5374 5455 5456 5375 5761 5813 5814 5762
8 5375 5456 5345 4641 5762 5814 5732 4788
8 4641 5345 5346 4569 4788 5732 5733 4745
8 5376 5347 5348 5377 5763 5734 5735 5764
8 5377 5348 5349 5378 5764 5735 5736 5765
8 5378 5349 5350 5379 5765 5736 5737 5766
8 5379 5350 5351 5380 5766 5737 5738 5767
8 5380 5351 5352 5381 5767 5738 5739 5768
8 5381 5352 5353 4579 5768 5739 5740 4755
8 4579 5353 5354 4699 4755 5740 5741 4826
8 4699 5354 5355 4578 4826 5741 5742 4754
8 4578 5355 5356 4698 4754 5742 5743 4825
8 7226 7224 4701 5318 7227 7225 4828 5705
8 5318 4701 4582 4575 5705 4828 4758 4751
8 4575 4582 5366 4696 4751 4758 5753 4823
8 4696 5366 5367 5315 4823 5753 5754 5702
8 5315 5367 5368 5314 5702 5754 5755 5701
8 5314 5368 5369 5313 5701 5755 5756 5700
8 5313 5369 5370 5312 5700 5756 5757 5699
8 5312 5370 5371 5311 5699 5757 5758 5698
8 5311 5371 5372 4572 5698 5758 5759 4748
8 4572 5372 5373 4571 4748 5759 5760 4747
8 4571 5373 4650 4694 4747 5760 4797 4821
8 5384 5459 5458 5383 5771 5817 5816 5770
8 5385 5460 5459 5384 5772 5818 5817 5771
8 5386 5461 5460 5385 5773 5819 5818 5772
8 2944 2940 5462 5387 2945 2942 5820 5774
8 5390 4956 4955 5389 5777 5536 5535 5776
8 6078 6087 4956 5390 6079 6088 5536 5777
8 5392 4958 4957 5391 5779 5538 5537 5778
8 6144 6139 4958 5392 6145 6141 5538 5779
8 6016 6018 5457 4597 6015 6019 5815 4765
8 6045 6173 5458 4596 6044 6174 5816 4764
8 4596 5458 5459 5393 4764 5816 5817 5780
8 5393 5459 5460 5394 5780 5817 5818 5781
8 5394 5460 5461 4595 5781 5818 5819 4763
8 6049 6175 5462 4594 6050 6176 5820 4762
8 6150 6148 6130 4602 6151 6149 6131 4766
8 4602 6130 6084 4601 4766 6131 6086 4662
8 6070 6082 6073 4600 6069 6085 6072 4605
8 6052 6061 6066 4598 6051 6063 6067 4607
8 4684 4553 4652 4702 4811 4729 4799 4829
8 4947 4663 4518 5395 5527 4806 4718 5782
8 4552 4551 5397 5399 4728 4727 5784 5786
8 4553 4552 5399 4652 4729 4728 5786 4799
8 4652 5399 5398 4585 4799 5786 5785 4761
8 5824 5241 5834 5832 5823 5628 5835 5829
8 4554 5824 5832 5831 4730 5823 5829 5828
8 4683 4554 5831 4549 4810 4730 5828 4725
8 5825 5062 5838 5837 7993 8013 8027 7994
8 4527 5825 5837 5836 7965 7993 7994 7991
8 2960 2962 5871 5863 2961 2963 5872 5616
8 5864 5873 5865 4683 5617 5874 5870 4810
8 2964 2966 5908 5240 2965 2967 5906 5627
8 5239 5904 5900 5238 5626 5902 5898 5625
8 5865 5238 4685 5868 5870 5625 4812 5869
8 2962 2964 5240 5871 2963 2965 5627 5872
8 5873 5239 5238 5865 5874 5626 5625 5870
8 5877 5892 5884 5875 5878 5890 5882 5876
8 5868 4685 5877 4630 5869 4812 5878 4777
8 5892 5891 5883 5884 5890 5889 5881 5882
8 5891 5232 5231 5883 5889 5619 5618 5881
8 5896 5895 5891 5892 5894 5893 5889 5890
8 5895 5233 5232 5891 5893 5620 5619 5889
8 5900 5899 5895 5896 5898 5897 5893 5894
8 5899 5234 5233 5895 5897 5621 5620 5893
8 5904 5903 5899 5900 5902 5901 5897 5898
8 5903 5235 5234 5899 5901 5622 5621 5897
8 2966 2968 5907 5908 2967 2969 5905 5906
8 2968 2970 5236 5907 2969 2971 5623 5905
8 5916 4540 4541 5915 5918 4719 4720 5917
8 5919 4660 4540 5916 5920 4804 4719 5918
8 5922 4520 4521 5921 8309 8310 8308 8307
8 5923 4678 4520 5922 8281 8282 8310 8309
8 5933 4646 5931 5927 5932 4793 5930 5926
8 5924 5933 5927 5929 5925 5932 5926 5928
8 5977 7148 7147 5124 5979 7149 7145 5567
8 5098 5944 5946 5104 5541 5937 5939 5547
8 5104 5946 5948 5110 5547 5939 5941 5553
8 5944 5945 5947 5946 5937 5936 5938 5939
8 5946 5947 5949 5948 5939 5938 5940 5941
8 5945 5097 5103 5947 5936 5540 5546 5938
8 5947 5103 5109 5949 5938 5546 5552 5940
8 5956 5102 5108 5954 5957 5545 5551 5955
8 5958 5096 5102 5956 5959 5539 5545 5957
8 5135 5953 5971 5148 5578 5951 5967 5591
8 5953 5952 5970 5971 5951 5950 5966 5967
8 5952 5134 5147 5970 5950 5577 5590 5966
8 5134 5973 5969 5147 5577 5963 5965 5590
8 5973 5972 5968 5969 5963 5962 5964 5965
8 5972 5133 5146 5968 5962 5576 5589 5964
8 5977 5124 5131 5976 5979 5567 5574 5978
8 4578 4698 5980 4646 4754 4825 5981 4793
8 5983 4645 5123 5982 5985 4792 5566 5984
8 5982 5123 5130 5986 5984 5566 5573 5987
8 5989 5122 5129 5988 5991 5565 5572 5990
8 5992 4644 5122 5989 5993 4791 5565 5991
8 4576 4697 4644 5992 4752 4824 4791 5993
8 4577 4576 5992 4645 4753 4752 5993 4792
8 5121 4542 5995 4543 5564 4721 5994 4722
8 4542 4677 4619 5995 4721 4807 4769 5994
8 5129 4543 5998 5142 5572 4722 5999 5585
8 4543 5995 4620 5998 4722 5994 4770 5999
8 5995 4619 5996 4620 5994 4769 5997 4770
8 4619 5128 5141 5996 4769 5571 5584 5997
8 5988 5129 5142 6000 5990 5572 5585 6001
8 5986 5130 5143 6002 5987 5573 5586 6003
8 5976 5131 5144 6004 5978 5574 5587 6005
8 5974 5132 5145 6006 5975 5575 5588 6007
8 6209 6207 6024 6008 6211 6208 6026 6010
8 6016 4597 4499 4500 6015 4765 4706 4707
8 6016 6021 6020 6018 6015 6023 6022 6019
8 6021 6182 6181 6020 6023 6184 6183 6022
8 6021 6016 4500 6017 6023 6015 4707 6014
8 6017 4500 4896 4895 6014 4707 5477 5476
8 6207 6066 5388 6024 6208 6067 5775 6026
8 6210 6209 6008 6028 6212 6211 6010 6030
8 4503 4504 4598 6025 4710 4711 4607 6027
8 4502 4503 6025 6009 4709 4710 6027 6011
8 4501 4502 6009 6029 4708 4709 6011 6031
8 4915 4916 4936 6033 5496 5497 5516 6032
8 4914 6242 4935 4934 5495 6034 6035 5515
8 6242 4914 4894 6013 6034 5495 5475 6012
8 6039 6036 4915 6033 6038 6037 5496 6032
8 6040 4895 4915 6036 6041 5476 5496 6037
8 6043 6017 4895 6040 6042 6014 5476 6041
8 4596 4497 4498 6045 4764 4704 4705 6044
8 6045 4498 4499 4597 6044 4705 4706 4765
8 4485 4486 6046 4588 4497 4498 6045 4596
8 4486 4487 4589 6046 4498 4499 4597 6045
8 4487 4488 6047 4589 4499 4500 6016 4597
8 4653 4484 6048 4586 4656 4496 6049 4594
8 4484 4654 4587 6048 4496 4657 4595 6049
8 4594 4656 4496 6049 4762 4800 4703 6050
8 6049 4496 4657 4595 6050 4703 4801 4763
8 4493 4591 6053 4492 4506 4599 6052 4505
8 4492 6053 4590 4491 4505 6052 4598 4504
8 4506 4599 6052 4505 4712 4606 6051 4517
8 4505 6052 4598 4504 4517 6051 4607 4711
8 6061 6060 5389 6054 6063 6062 5776 6055
8 6054 6058 4954 5388 6055 6057 5534 5775
8 5389 4955 6058 6054 5776 5535 6057 6055
8 6061 6052 4599 6060 6063 6051 4606 6062
8 6065 6053 4591 6064 6061 6052 4599 6060
8 6061 6054 5388 6066 6063 6055 5775 6067
8 4495 6071 4592 4494 4508 6070 4600 4507
8 4655 4593 6071 4495 4658 4601 6070 4508
8 4508 6070 4600 4507 4515 6069 4605 4516
8 4658 4601 6070 4508 4802 4662 6069 4515
8 4494 4592 4591 4493 4507 4600 4599 4506
8 4507 4600 4599 4506 4516 4605 4606 4712
8 4592 6074 6064 4591 4600 6073 6060 4599
8 4600 6073 6060 4599 4605 6072 6062 4606
8 6073 5390 5389 6060 6072 5777 5776 6062
8 6059 6077 5063 4979 7825 7887 7886 7827
8 6058 6076 5243 4954 6057 6075 5630 5534
8 4980 4528 6077 6059 7823 7888 7887 7825
8 4955 4557 6076 6058 5535 4733 6075 6057
8 6082 6084 5391 6078 6085 6086 5778 6079
8 6081 6071 4593 6083 6082 6070 4601 6084
8 6082 6078 5390 6073 6085 6079 5777 6072
8 6082 6070 4601 6084 6085 6069 4662 6086
8 6078 5391 4957 6087 6079 5778 5537 6088
8 6087 4957 4559 6090 6088 5537 4735 6091
8 6089 4982 4529 6092 7819 7817 7891 7890
8 4977 6080 6098 6093 6083 6081 6071 4593
8 6093 6098 6099 6094 4593 6071 4495 4655
8 6094 6099 6100 6095 4655 4495 4831 4830
8 6095 6100 6101 6096 4830 4831 4848 4847
8 6096 6101 6102 6097 4847 4848 4866 4865
8 6080 4976 6104 6098 6081 6074 4592 6071
8 6098 6104 6105 6099 6071 4592 4494 4495
8 6099 6105 6106 6100 4495 4494 4832 4831
8 6100 6106 6107 6101 4831 4832 4849 4848
8 6101 6107 6103 6102 4848 4849 4867 4866
8 4976 4975 6109 6104 6074 6064 4591 4592
8 6104 6109 6110 6105 4592 4591 4493 4494
8 6105 6110 6111 6106 4494 4493 4833 4832
8 6106 6111 6112 6107 4832 4833 4850 4849
8 6107 6112 6108 6103 4849 4850 4868 4867
8 4975 6056 6114 6109 6064 6065 6053 4591
8 6109 6114 6115 6110 4591 6053 4492 4493
8 6110 6115 6116 6111 4493 4492 4834 4833
8 6111 6116 6117 6112 4833 4834 4851 4850
8 6112 6117 6113 6108 4850 4851 4869 4868
8 6056 4974 6119 6114 6065 6068 4590 6053
8 6114 6119 6120 6115 6053 4590 4491 4492
8 6115 6120 6121 6116 4492 4491 4835 4834
8 6116 6121 6122 6117 4834 4835 4852 4851
8 6117 6122 6118 6113 4851 4852 4870 4869
8 6130 5392 5391 6084 6131 5779 5778 6086
8 6148 6144 5392 6130 6149 6145 5779 6131
8 6137 6083 4593 6132 6130 6084 4601 4602
8 6132 4593 4655 6133 4602 4601 4658 4509
8 6133 4655 4830 6134 4509 4658 4887 4886
8 6134 4830 4847 6135 4886 4887 4907 4906
8 6135 4847 4865 6136 4906 4907 4927 4926
8 1740 6152 6153 1735 1725 6148 6150 123
8 1735 6153 6154 1736 123 6150 4510 180
8 1736 6154 6155 1737 180 4510 4885 414
8 6139 494 789 6138 6141 1110 1203 6140
8 6143 520 601 6142 7813 3529 3613 7893
8 6144 957 494 6139 6145 1372 1110 6141
8 6148 1725 957 6144 6149 1726 1372 6145
8 6150 123 1725 6148 6151 291 1726 6149
8 6137 6132 6153 6152 6130 4602 6150 6148
8 6132 6133 6154 6153 4602 4509 4510 6150
8 6133 6134 6155 6154 4509 4886 4885 4510
8 4510 6150 4602 4509 4714 6151 4766 4713
8 180 123 6150 4510 328 291 6151 4714
8 6155 6134 6135 6156 4885 4886 4906 4905
8 1737 6155 6156 1738 414 4885 4905 436
8 6156 6135 6136 6157 4905 4906 4926 4925
8 1738 6156 6157 1739 436 4905 4925 458
8 4978 4977 6093 6159 6137 6083 4593 6132
8 6159 6093 6094 6160 6132 4593 4655 6133
8 6160 6094 6095 6161 6133 4655 4830 6134
8 6161 6095 6096 6158 6134 4830 4847 6135
8 6158 6096 6097 6162 6135 4847 4865 6136
8 6147 4978 6159 6164 6152 6137 6132 6153
8 6164 6159 6160 6165 6153 6132 6133 6154
8 6165 6160 6161 6166 6154 6133 6134 6155
8 6166 6161 6158 6163 6155 6134 6135 6156
8 6163 6158 6162 6167 6156 6135 6136 6157
8 1733 6147 6164 1772 1740 6152 6153 1735
8 1772 6164 6165 1773 1735 6153 6154 1736
8 1773 6165 6166 1774 1736 6154 6155 1737
8 1774 6166 6163 1771 1737 6155 6156 1738
8 1771 6163 6167 1775 1738 6156 6157 1739
8 6168 6169 4838 4856 4915 4895 4896 4916
8 6170 6168 4856 4874 6033 4915 4916 4936
8 6169 6171 4488 4838 4895 6017 4500 4896
8 4488 6171 6172 6047 4500 6017 6021 6016
8 6045 4597 5457 6173 6044 4765 5815 6174
8 6049 4595 5461 6175 6050 4763 5819 6176
8 6046 6177 5401 4588 6045 6173 5458 4596
8 4589 5400 6177 6046 4597 5457 6173 6045
8 6047 6178 5400 4589 6016 6018 5457 4597
8 6172 6179 6178 6047 6021 6020 6018 6016
8 4587 5404 6180 6048 4595 5461 6175 6049
8 6048 6180 5405 4586 6049 6175 5462 4594
8 6182 4584 4651 6181 6184 4760 4798 6183
8 6182 6021 6017 6043 6184 6023 6014 6042
8 6186 6168 6170 6185 6036 4915 6033 6039
8 6187 6169 6168 6186 6040 4895 4915 6036
8 6188 6171 6169 6187 6043 6017 4895 6040
8 6189 6172 6171 6188 6182 6021 6017 6043
8 6192 6179 6172 6189 6181 6020 6021 6182
8 4584 6182 6043 6194 4760 6184 6042 6193
8 6194 6043 6040 6196 6193 6042 6041 6195
8 6196 6040 6036 6198 6195 6041 6037 6197
8 6198 6036 6039 6200 6197 6037 6038 6199
8 6202 6186 6185 6201 6198 6036 6039 6200
8 6203 6187 6186 6202 6196 6040 6036 6198
8 6204 6188 6187 6203 6194 6043 6040 6196
8 6205 6189 6188 6204 4584 6182 6043 6194
8 6206 6192 6189 6205 4651 6181 6182 4584
8 6207 6025 4598 6066 6208 6027 4607 6067
8 6210 6029 6009 6209 6212 6031 6011 6211
8 6209 6009 6025 6207 6211 6011 6027 6208
8 6122 6214 6213 6118 4852 4853 4871 4870
8 6121 6215 6214 6122 4835 4836 4853 4852
8 6120 6216 6215 6121 4491 4490 4836 4835
8 4590 6219 4490 4491 4598 6025 4503 4504
8 6068 6220 6219 4590 6066 6207 6025 4598
8 6119 6217 6216 6120 4590 6219 4490 4491
8 4974 6218 6217 6119 6068 6220 6219 4590
8 6214 6223 6222 6213 4853 4854 4872 4871
8 6215 6224 6223 6214 4836 4837 4854 4853
8 6216 6225 6224 6215 4490 4489 4837 4836
8 6219 6228 4489 4490 6025 6009 4502 4503
8 6220 6229 6228 6219 6207 6209 6009 6025
8 6217 6226 6225 6216 6219 6228 4489 4490
8 6218 6227 6226 6217 6220 6229 6228 6219
8 4837 6241 4855 4854 4894 6013 6242 4914
8 4489 6240 6241 4837 4502 4501 6013 4894
8 6228 6237 6240 4489 6009 6029 4501 4502
8 6229 6238 6237 6228 6209 6210 6029 6009
8 6223 6232 6231 6222 4854 4855 4873 4872
8 6224 6233 6232 6223 4837 6241 4855 4854
8 6225 6234 6233 6224 4489 6240 6241 4837
8 6226 6235 6234 6225 6228 6237 6240 4489
8 6227 6236 6235 6226 6229 6238 6237 6228
8 6250 6249 6243 6244 6048 6180 5405 4586
8 6251 6250 6244 6245 4484 6048 4586 4653
8 6252 6251 6245 6246 4845 4484 4653 4846
8 6253 6252 6246 6247 4863 4845 4846 4864
8 6254 6253 6247 6248 4881 4863 4864 4882
8 6256 6255 6249 6250 4587 5404 6180 6048
8 6257 6256 6250 6251 4654 4587 6048 4484
8 6258 6257 6251 6252 4844 4654 4484 4845
8 6259 6258 6252 6253 4862 4844 4845 4863
8 6260 6259 6253 6254 4880 4862 4863 4881
8 6262 6261 6255 6256 4960 5403 5404 4587
8 6263 6262 6256 6257 4883 4960 4587 4654
8 6264 6263 6257 6258 4843 4883 4654 4844
8 6265 6264 6258 6259 4861 4843 4844 4862
8 6266 6265 6259 6260 4879 4861 4862 4880
8 6268 6267 6261 6262 4959 5402 5403 4960
8 6269 6268 6262 6263 4884 4959 4960 4883
8 6270 6269 6263 6264 4842 4884 4883 4843
8 6271 6270 6264 6265 4860 4842 4843 4861
8 6272 6271 6265 6266 4878 4860 4861 4879
8 6274 6273 6267 6268 4588 5401 5402 4959
8 6275 6274 6268 6269 4485 4588 4959 4884
8 6276 6275 6269 6270 4841 4485 4884 4842
8 6277 6276 6270 6271 4859 4841 4842 4860
8 6278 6277 6271 6272 4877 4859 4860 4878
8 6280 6279 6273 6274 6046 6177 5401 4588
8 6281 6280 6274 6275 4486 6046 4588 4485
8 6282 6281 6275 6276 4840 4486 4485 4841
8 6283 6282 6276 6277 4858 4840 4841 4859
8 6284 6283 6277 6278 4876 4858 4859 4877
8 6286 6285 6279 6280 4589 5400 6177 6046
8 6287 6286 6280 6281 4487 4589 6046 4486
8 6288 6287 6281 6282 4839 4487 4486 4840
8 6289 6288 6282 6283 4857 4839 4840 4858
8 6290 6289 6283 6284 4875 4857 4858 4876
8 6292 6291 6285 6286 6047 6178 5400 4589
8 6293 6292 6286 6287 4488 6047 4589 4487
8 6294 6293 6287 6288 4838 4488 4487 4839
8 6295 6294 6288 6289 4856 4838 4839 4857
8 6296 6295 6289 6290 4874 4856 4857 4875
8 6298 6297 6291 6292 6172 6179 6178 6047
8 6299 6298 6292 6293 6171 6172 6047 4488
8 6300 6299 6293 6294 6169 6171 4488 4838
8 6301 6300 6294 6295 6168 6169 4838 4856
8 6302 6301 6295 6296 6170 6168 4856 4874
8 6304 6303 6297 6298 6189 6192 6179 6172
8 6305 6304 6298 6299 6188 6189 6172 6171
8 6306 6305 6299 6300 6187 6188 6171 6169
8 6307 6306 6300 6301 6186 6187 6169 6168
8 6308 6307 6301 6302 6185 6186 6168 6170
8 6310 6309 6303 6304 6205 6206 6192 6189
8 6311 6310 6304 6305 6204 6205 6189 6188
8 6312 6311 6305 6306 6203 6204 6188 6187
8 6313 6312 6306 6307 6202 6203 6187 6186
8 6314 6313 6307 6308 6201 6202 6186 6185
8 6246 6245 1851 1852 4846 4653 0 373
8 6247 6246 1852 1853 4864 4846 373 392
8 6248 6247 1853 1854 4882 4864 392 411
8 5383 5458 6173 6191 5770 5816 6174 6315
8 6191 6173 5457 5382 6315 6174 5815 5769
8 4949 5383 6191 6316 5529 5770 6315 6317
8 6316 6191 5382 4948 6317 6315 5769 5528
8 5217 4949 6316 6318 5604 5529 6317 6319
8 6318 6316 4948 4626 6319 6317 5528 4773
8 6321 6333 6332 6320 6323 6335 6334 6322
8 6320 6332 6336 6324 6322 6334 6337 6325
8 6327 6320 6324 6326 6329 6322 6325 6328
8 6330 6321 6320 6327 6331 6323 6322 6329
8 6333 4626 4948 6332 6335 4773 5528 6334
8 6332 4948 5382 6336 6334 5528 5769 6337
8 5382 5457 6018 6336 5769 5815 6019 6337
8 6336 6018 6020 6324 6337 6019 6022 6325
8 6324 6020 6181 6326 6325 6022 6183 6328
8 6326 6181 4651 4663 6328 6183 4798 4806
8 6339 6345 6344 6338 7847 7849 7848 7846
8 6340 6346 6345 6339 7876 7875 7849 7847
8 6342 6339 6338 6341 7845 7847 7846 7844
8 6343 6340 6339 6342 7877 7876 7847 7845
8 6345 4962 4968 6344 7849 7851 7850 7848
8 6346 4610 4962 6345 7875 7874 7851 7849
8 4873 4855 6350 6348 4935 6242 6349 6347
8 6232 6351 6352 6231 4855 6350 6348 4873
8 6242 6349 6347 4935 6034 6353 6354 6035
8 6241 6356 6350 4855 6013 6355 6349 6242
8 6233 6358 6351 6232 6241 6356 6350 4855
8 6013 6355 6349 6242 6012 6357 6353 6034
8 6240 6360 6356 6241 4501 6359 6355 6013
8 4501 6359 6355 6013 4708 6361 6357 6012
8 6234 6362 6358 6233 6240 6360 6356 6241
8 6237 6364 6360 6240 6029 6363 6359 4501
8 6029 6363 6359 4501 6031 6365 6361 4708
8 6235 6366 6362 6234 6237 6364 6360 6240
8 6238 6368 6364 6237 6210 6367 6363 6029
8 6210 6367 6363 6029 6212 6369 6365 6031
8 6236 6370 6366 6235 6238 6368 6364 6237
8 6028 6371 6367 6210 6030 6373 6369 6212
8 6350 6375 6201 6348 6349 6374 6200 6347
8 6349 6374 6200 6347 6353 6376 6199 6354
8 6351 6377 6314 6352 6350 6375 6201 6348
8 6356 6379 6375 6350 6355 6378 6374 6349
8 6355 6378 6374 6349 6357 6380 6376 6353
8 6358 6381 6377 6351 6356 6379 6375 6350
8 6378 6196 6198 6374 6380 6195 6197 6376
8 6375 6379 6203 6202 6374 6378 6196 6198
8 6381 6312 6313 6377 6379 6203 6202 6375
8 6360 6383 6379 6356 6359 6382 6378 6355
8 6359 6382 6378 6355 6361 6384 6380 6357
8 6362 6385 6381 6358 6360 6383 6379 6356
8 6378 6382 6194 6196 6380 6384 6193 6195
8 6383 6204 6203 6379 6382 6194 6196 6378
8 6385 6311 6312 6381 6383 6204 6203 6379
8 6364 6387 6383 6360 6363 6386 6382 6359
8 6363 6386 6382 6359 6365 6388 6384 6361
8 6366 6389 6385 6362 6364 6387 6383 6360
8 6368 6395 6387 6364 6367 6394 6386 6363
8 6367 6394 6386 6363 6369 6396 6388 6365
8 6370 6397 6389 6366 6368 6395 6387 6364
8 6394 6399 6391 6386 6396 6398 6390 6388
8 6395 6400 6392 6387 6394 6399 6391 6386
8 6397 6401 6393 6389 6395 6400 6392 6387
8 6399 4651 4584 6391 6398 4798 4760 6390
8 6400 6206 6205 6392 6399 4651 4584 6391
8 6401 6309 6310 6393 6400 6206 6205 6392
8 6371 6402 6394 6367 6373 6404 6396 6369
8 6406 4663 4651 6399 6405 4806 4798 6398
8 520 6143 6146 1734 3529 7813 7812 3526
8 6143 4983 6129 6146 7813 7815 7814 7812
8 4983 4982 6128 6129 7815 7817 7816 7814
8 4982 6089 6127 6128 7817 7819 7818 7816
8 6089 4981 6126 6127 7819 7821 7820 7818
8 4981 4980 6125 6126 7821 7823 7822 7820
8 4980 6059 6124 6125 7823 7825 7824 7822
8 6059 4979 6123 6124 7825 7827 7826 7824
8 4954 6408 6024 5388 5534 6409 6026 5775
8 6408 6410 6008 6024 6409 6411 6010 6026
8 6410 6412 6028 6008 6411 6413 6030 6010
8 6412 6414 6371 6028 6413 6415 6373 6030
8 6414 4514 6402 6371 6415 4717 6404 6373
8 4979 6416 6221 6123 7827 7829 7828 7826
8 6416 6417 6230 6221 7829 7831 7830 7828
8 6417 6418 6239 6230 7831 7833 7832 7830
8 6418 6419 6372 6239 7833 7835 7834 7832
8 6419 6420 6403 6372 7835 7837 7836 7834
8 6436 6175 5461 5386 6421 6176 5819 5773
8 5387 5462 6175 6436 5774 5820 6176 6421
8 6437 6436 5386 4952 6422 6421 5773 5532
8 4953 5387 6436 6437 5533 5774 6421 6422
8 6438 6437 4952 5220 6423 6422 5532 5607
8 5221 4953 6437 6438 5608 5533 6422 6423
8 6439 6438 5220 5214 6424 6423 5607 5601
8 5213 5221 6438 6439 5600 5608 6423 6424
8 6440 6439 5214 5223 6425 6424 5601 5610
8 5222 5213 6439 6440 5609 5600 6424 6425
8 6452 6451 4966 5039 7868 7863 7861 7869
8 5038 4967 6451 6452 7867 7865 7863 7868
8 6453 6452 5039 5035 7895 7868 7869 7896
8 5034 5038 6452 6453 7894 7867 7868 7895
8 6454 6453 5035 5044 7918 7895 7896 7919
8 5043 5034 6453 6454 7917 7894 7895 7918
8 6451 6450 4972 4966 7863 7862 7860 7861
8 4967 4973 6450 6451 7865 7864 7862 7863
8 6441 6440 5223 5226 6426 6425 5610 5613
8 5225 5222 6440 6441 5612 5609 6425 6426
8 6442 6441 5226 5228 6427 6426 5613 5615
8 5227 5225 6441 6442 5614 5612 6426 6427
8 6455 6454 5044 5047 7924 7918 7919 7925
8 5046 5043 6454 6455 7923 7917 7918 7924
8 6456 6455 5047 5049 7929 7924 7925 7930
8 5048 5046 6455 6456 7928 7923 7924 7929
8 2992 2991 5057 6460 3678 3672 7944 7949
8 2993 2992 6460 6461 3684 3678 7949 7954
8 2994 2993 6461 5061 3690 3684 7954 7959
8 2995 2994 5061 6462 3695 3690 7959 7963
8 2996 2995 6462 6463 3716 3695 7963 7979
8 2997 2996 6463 5032 3709 3716 7979 7975
8 6444 6443 5235 5903 6429 6428 5622 5901
8 5907 5236 6443 6444 5905 5623 6428 6429
8 6445 6444 5903 5904 6430 6429 5901 5902
8 5908 5907 6444 6445 5906 5905 6429 6430
8 6446 6445 5904 5239 6431 6430 5902 5626
8 5240 5908 6445 6446 5627 5906 6430 6431
8 6447 6446 5239 5873 6432 6431 5626 5874
8 5871 5240 6446 6447 5872 5627 6431 6432
8 6448 6447 5873 5864 6433 6432 5874 5617
8 5863 5871 6447 6448 5616 5872 6432 6433
8 6449 6448 5864 5212 6434 6433 5617 5599
8 5211 5863 6448 6449 5598 5616 6433 6434
8 6460 5057 6457 6464 7949 7944 7945 7950
8 6461 6460 6464 6465 7954 7949 7950 7955
8 5061 6461 6465 6459 7959 7954 7955 7960
8 6462 5061 6459 6466 7963 7959 7960 7964
8 6463 6462 6466 6467 7979 7963 7964 7978
8 5032 6463 6467 6458 7975 7979 7978 7976
8 6464 6457 5056 6468 7950 7945 7946 7951
8 6465 6464 6468 6469 7955 7950 7951 7956
8 6459 6465 6469 5060 7960 7955 7956 7962
8 6466 6459 5060 6470 7964 7960 7962 7987
8 6467 6466 6470 6471 7978 7964 7987 7981
8 6458 6467 6471 5033 7976 7978 7981 7982
8 6468 5056 5055 6472 7951 7946 7947 7952
8 6469 6468 6472 6473 7956 7951 7952 7957
8 5060 6469 6473 5059 7962 7956 7957 7961
8 6470 5060 5059 6474 7987 7962 7961 7967
8 6471 6470 6474 6475 7981 7987 7967 7968
8 5033 6471 6475 4524 7982 7981 7968 7980
8 6472 5055 5054 6476 7952 7947 7948 7953
8 6473 6472 6476 6477 7957 7952 7953 7958
8 5059 6473 6477 4668 7961 7957 7958 7988
8 6474 5059 4668 6478 7967 7961 7988 7966
8 6475 6474 6478 4527 7968 7967 7966 7965
8 4524 6475 4527 5836 7980 7968 7965 7991
8 2989 2988 5048 6485 3658 3653 7928 7932
8 2990 2989 6485 6486 3665 3658 7932 7938
8 2991 2990 6486 5057 3672 3665 7938 7944
8 2974 2976 5227 6483 2975 2977 5614 6481
8 2972 2974 6483 6484 2973 2975 6481 6482
8 2970 2972 6484 5236 2971 2973 6482 5623
8 6485 5048 6456 6491 7932 7928 7929 7933
8 6486 6485 6491 6492 7938 7932 7933 7939
8 5057 6486 6492 6457 7944 7938 7939 7945
8 6483 5227 6442 6489 6481 5614 6427 6487
8 6484 6483 6489 6490 6482 6481 6487 6488
8 5236 6484 6490 6443 5623 6482 6488 6428
8 6491 6456 5049 6497 7933 7929 7930 7934
8 6492 6491 6497 6498 7939 7933 7934 7940
8 6457 6492 6498 5056 7945 7939 7940 7946
8 6489 6442 5228 6495 6487 6427 5615 6493
8 6490 6489 6495 6496 6488 6487 6493 6494
8 6443 6490 6496 5235 6428 6488 6494 5622
8 6497 5049 4667 5051 7934 7930 7931 7935
8 6498 6497 5051 6502 7940 7934 7935 7941
8 5056 6498 6502 5055 7946 7940 7941 7947
8 6495 5228 4684 5230 6493 5615 4811 6499
8 6496 6495 5230 6501 6494 6493 6499 6500
8 5235 6496 6501 5234 5622 6494 6500 5621
8 5037 5041 5042 6503 7898 7871 7872 7899
8 4611 5037 6503 4525 7921 7898 7899 7922
8 4969 7854 7852 6190 4963 7855 7853 6504
8 6190 7852 7850 4968 6504 7853 7851 4962
8 5042 4963 6504 6505 7872 7855 7853 7873
8 6505 6504 4962 4610 7873 7853 7851 7874
8 6502 5051 5050 6517 7941 7935 7936 7942
8 5230 4684 4702 5229 6499 4811 4829 6506
8 6501 5230 5229 6508 6500 6499 6506 6507
8 5234 6501 6508 5233 5621 6500 6507 5620
8 5229 4702 4585 6511 6506 4829 4761 6509
8 6508 5229 6511 6512 6507 6506 6509 6510
8 5233 6508 6512 5232 5620 6507 6510 5619
8 6511 4585 5398 6515 6509 4761 5785 6513
8 6512 6511 6515 6516 6510 6509 6513 6514
8 5232 6512 6516 5231 5619 6510 6514 5618
8 5050 4665 4519 6518 7936 7937 8012 8011
8 6517 5050 6518 6519 7942 7936 8011 8010
8 5054 6517 6519 5053 7948 7942 8010 8009
8 6518 4519 4985 6520 8011 8012 8022 8021
8 6519 6518 6520 6521 8010 8011 8021 8020
8 5053 6519 6521 5052 8009 8010 8020 8019
8 4527 6478 6522 5825 7965 7966 7989 7993
8 5825 6522 5058 5062 7993 7989 8014 8013
8 6476 5054 5053 6525 7953 7948 8009 8008
8 6477 6476 6525 6524 7958 7953 8008 7992
8 4668 6477 6524 6523 7988 7958 7992 7990
8 6478 4668 6523 6522 7966 7988 7990 7989
8 6525 5053 5052 6528 8008 8009 8019 8018
8 6524 6525 6528 6527 7992 8008 8018 8017
8 6523 6524 6527 6526 7990 7992 8017 8015
8 6522 6523 6526 5058 7989 7990 8015 8014
8 4627 5217 6318 4551 4774 5604 6319 4727
8 6503 5042 6505 6529 7899 7872 7873 7900
8 6515 5398 6551 6553 6513 5785 6530 6532
8 6516 6515 6553 6555 6514 6513 6532 6534
8 5231 6516 6555 6557 5618 6514 6534 6536
8 5883 5231 6557 6559 5881 5618 6536 6538
8 5884 5883 6559 6561 5882 5881 6538 6540
8 5875 5884 6561 6563 5876 5882 6540 6542
8 5237 5875 6563 6565 5624 5876 6542 6544
8 5241 5237 6565 6567 5628 5624 6544 6546
8 5834 5241 6567 6569 5835 5628 6546 6548
8 6553 6551 6552 6554 6532 6530 6531 6533
8 6555 6553 6554 6556 6534 6532 6533 6535
8 6557 6555 6556 6558 6536 6534 6535 6537
8 6559 6557 6558 6560 6538 6536 6537 6539
8 6561 6559 6560 6562 6540 6538 6539 6541
8 6567 6565 6566 6568 6546 6544 6545 6547
8 6569 6567 6568 6570 6548 6546 6547 6549
8 6554 6552 4548 4624 6533 6531 4724 4771
8 6556 6554 4624 5210 6535 6533 4771 5597
8 6558 6556 5210 5880 6537 6535 5597 5879
8 6560 6558 5880 5887 6539 6537 5879 5885
8 6562 6560 5887 5888 6541 6539 5885 5886
8 6564 6562 5888 4625 6543 6541 5886 4772
8 6566 6564 4625 4547 6545 6543 4772 4723
8 6568 6566 4547 4681 6547 6545 4723 4808
8 6570 6568 4681 5833 6549 6547 4808 5830
8 6563 6561 6562 6564 6542 6540 6541 6543
8 6565 6563 6564 6566 6544 6542 6543 6545
8 5398 5399 5397 6551 5785 5786 5784 6530
8 6551 5397 6571 6552 6530 5784 6550 6531
8 6552 6571 5396 4548 6531 6550 5783 4724
8 4551 6318 4626 6573 4727 6319 4773 6572
8 5397 4551 6573 6571 5784 4727 6572 6550
8 4624 4548 6598 6600 4771 4724 6576 6578
8 5210 4624 6600 6602 5597 4771 6578 6580
8 5880 5210 6602 6604 5879 5597 6580 6582
8 5887 5880 6604 6606 5885 5879 6582 6584
8 5888 5887 6606 6608 5886 5885 6584 6586
8 4625 5888 6608 6610 4772 5886 6586 6588
8 4547 4625 6610 6612 4723 4772 6588 6590
8 4681 4547 6612 6614 4808 4723 6590 6592
8 5833 4681 6614 6616 5830 4808 6592 6594
8 6600 6598 6599 6601 6578 6576 6577 6579
8 6602 6600 6601 6603 6580 6578 6579 6581
8 6604 6602 6603 6605 6582 6580 6581 6583
8 6606 6604 6605 6607 6584 6582 6583 6585
8 6608 6606 6607 6609 6586 6584 6585 6587
8 6610 6608 6609 6611 6588 6586 6587 6589
8 6612 6610 6611 6613 6590 6588 6589 6591
8 6614 6612 6613 6615 6592 6590 6591 6593
8 6616 6614 6615 5826 6594 6592 6593 5827
8 6571 6573 6575 5396 6550 6572 6574 5783
8 6598 6617 6618 6599 6576 6595 6596 6577
8 4548 5396 6617 6598 4724 5783 6595 6576
8 6617 4550 6619 6618 6595 4726 6597 6596
8 5396 6575 4550 6617 5783 6574 4726 6595
8 4525 6529 6620 4984 7922 7900 8042 8016
8 4984 6620 6621 4985 8016 8042 8041 8022
8 6520 4985 6621 6622 8021 8022 8041 8040
8 6521 6520 6622 6623 8020 8021 8040 8039
8 5052 6521 6623 6624 8019 8020 8039 8038
8 6528 5052 6624 6625 8018 8019 8038 8037
8 6527 6528 6625 6626 8017 8018 8037 8036
8 6526 6527 6626 6627 8015 8017 8036 8035
8 5058 6526 6627 6628 8014 8015 8035 8034
8 5062 5058 6628 6629 8013 8014 8034 8033
8 5838 5062 6629 6630 8027 8013 8033 8032
8 6620 6529 6631 6632 8042 7900 7901 8043
8 6621 6620 6632 6633 8041 8042 8043 8044
8 6622 6621 6633 6634 8040 8041 8044 8045
8 6623 6622 6634 6635 8039 8040 8045 8046
8 6624 6623 6635 6636 8038 8039 8046 8047
8 6625 6624 6636 6637 8037 8038 8047 8048
8 6626 6625 6637 6638 8036 8037 8048 8049
8 6627 6626 6638 6639 8035 8036 8049 8050
8 6628 6627 6639 6640 8034 8035 8050 8051
8 6629 6628 6640 6641 8033 8034 8051 8052
8 6630 6629 6641 6642 8032 8033 8052 8053
8 6632 6631 6643 6644 8043 7901 7902 8072
8 6633 6632 6644 6645 8044 8043 8072 8071
8 6634 6633 6645 6646 8045 8044 8071 8070
8 6635 6634 6646 6647 8046 8045 8070 8069
8 6636 6635 6647 6648 8047 8046 8069 8068
8 6637 6636 6648 6649 8048 8047 8068 8067
8 6638 6637 6649 6650 8049 8048 8067 8066
8 6639 6638 6650 6651 8050 8049 8066 8065
8 6640 6639 6651 6652 8051 8050 8065 8064
8 6641 6640 6652 6653 8052 8051 8064 8063
8 6642 6641 6653 6654 8053 8052 8063 8062
8 6644 6643 6655 6656 8072 7902 7878 8098
8 6645 6644 6656 6657 8071 8072 8098 8075
8 6646 6645 6657 6658 8070 8071 8075 8076
8 6647 6646 6658 6659 8069 8070 8076 8081
8 6648 6647 6659 6660 8068 8069 8081 8082
8 6649 6648 6660 6661 8067 8068 8082 8092
8 6650 6649 6661 6662 8066 8067 8092 8091
8 6651 6650 6662 6663 8065 8066 8091 8101
8 6652 6651 6663 6664 8064 8065 8101 8102
8 6653 6652 6664 6665 8063 8064 8102 8111
8 6654 6653 6665 6666 8062 8063 8111 8110
8 6656 6655 6667 6668 8098 7878 7879 8097
8 6657 6656 6668 6669 8075 8098 8097 8074
8 6658 6657 6669 6670 8076 8075 8074 8073
8 6659 6658 6670 6671 8081 8076 8073 8080
8 6660 6659 6671 6672 8082 8081 8080 8079
8 6661 6660 6672 6673 8092 8082 8079 8131
8 6662 6661 6673 6674 8091 8092 8131 8103
8 6663 6662 6674 6675 8101 8091 8103 8100
8 6664 6663 6675 6676 8102 8101 8100 8099
8 6665 6664 6676 6677 8111 8102 8099 8112
8 6666 6665 6677 6678 8110 8111 8112 8118
8 4987 4986 4991 4992 8269 8274 8273 8272
8 4988 6695 4994 4995 8189 8194 8196 8188
8 6695 6694 6697 4994 8194 8195 8197 8196
8 6694 6693 4993 6697 8195 8285 8261 8197
8 6693 6692 6696 4993 8285 8268 8260 8261
8 6692 4987 4992 6696 8268 8269 8272 8260
8 4994 6697 6701 4999 8196 8197 8255 8239
8 6697 4993 6700 6701 8197 8261 8257 8255
8 4993 6696 6699 6700 8261 8260 8259 8257
8 6696 4992 6698 6699 8260 8272 8264 8259
8 4992 4991 4998 6698 8272 8273 8267 8264
8 6703 6707 5028 5018 8248 8247 8245 8246
8 6702 6706 6707 6703 8288 8287 8247 8248
8 5017 5027 6706 6702 8290 8289 8287 8288
8 6705 6709 5027 5017 8292 8291 8289 8290
8 5016 5026 6709 6705 8297 8298 8291 8292
8 6704 6708 5026 5016 8300 8299 8298 8297
8 5015 5025 6708 6704 8323 8324 8299 8300
8 4947 5395 6619 4550 5527 5782 6597 4726
8 6402 6711 6399 6394 6404 6710 6398 6396
8 6713 4514 4558 6712 6715 4717 4734 6714
8 6406 6711 6713 4518 6405 6710 6715 4718
8 6711 6402 4514 6713 6710 6404 4717 6715
8 5321 5322 4631 6721 5708 5709 4778 6720
8 5320 5321 6721 5429 5707 5708 6720 5787
8 6745 6744 4660 5919 6724 6722 4804 5920
8 6746 4511 6744 6745 6725 6723 6722 6724
8 5208 4603 4511 6746 5595 4767 6723 6725
8 6748 6746 6745 6747 6727 6725 6724 6726
8 5960 5208 6746 6748 5961 5595 6725 6727
8 6749 6747 5096 5958 6728 6726 5539 5959
8 6750 6748 6747 6749 6729 6727 6726 6728
8 5209 5960 6748 6750 5596 5961 6727 6729
8 6751 6749 5958 5097 6730 6728 5959 5540
8 6752 6750 6749 6751 6731 6729 6728 6730
8 4682 5209 6750 6752 4809 5596 6729 6731
8 6753 6751 5097 5945 6732 6730 5540 5936
8 6754 6752 6751 6753 6733 6731 6730 6732
8 5943 4682 6752 6754 5934 4809 6731 6733
8 6755 6753 5945 5944 6734 6732 5936 5937
8 6756 6754 6753 6755 6735 6733 6732 6734
8 5942 5943 6754 6756 5935 5934 6733 6735
8 6757 6755 5944 5098 6736 6734 5937 5541
8 6758 6756 6755 6757 6737 6735 6734 6736
8 5867 5942 6756 6758 5866 5935 6735 6737
8 6759 6757 5098 5099 6738 6736 5541 5542
8 6760 6758 6757 6759 6739 6737 6736 6738
8 5911 5867 6758 6760 5914 5866 6737 6739
8 6761 6759 5099 5100 6740 6738 5542 5543
8 6762 6760 6759 6761 6741 6739 6738 6740
8 5910 5911 6760 6762 5913 5914 6739 6741
8 6763 6761 5100 5101 6742 6740 5543 5544
8 6764 6762 6761 6763 6743 6741 6740 6742
8 5909 5910 6762 6764 5912 5913 6741 6743
8 6766 6765 4678 5923 8284 8283 8282 8281
8 6767 6691 6765 6766 8140 8141 8283 8284
8 6681 6680 6691 6767 8138 8094 8141 8140
8 6769 6767 6766 6768 8143 8140 8284 8286
8 6682 6681 6767 6769 8137 8138 8140 8143
8 6770 6768 4986 4987 8270 8286 8274 8269
8 6771 6769 6768 6770 8142 8143 8286 8270
8 6683 6682 6769 6771 8129 8137 8143 8142
8 6772 6770 4987 6692 8271 8270 8269 8268
8 6773 6771 6770 6772 8145 8142 8270 8271
8 6684 6683 6771 6773 8128 8129 8142 8145
8 6774 6772 6692 6693 8198 8271 8268 8285
8 6775 6773 6772 6774 8146 8145 8271 8198
8 6685 6684 6773 6775 8089 8128 8145 8146
8 6776 6774 6693 6694 8084 8198 8285 8195
8 6777 6775 6774 6776 8085 8146 8198 8084
8 6686 6685 6775 6777 8088 8089 8146 8085
8 6778 6776 6694 6695 8083 8084 8195 8194
8 6779 6777 6776 6778 8086 8085 8084 8083
8 6687 6686 6777 6779 8125 8088 8085 8086
8 6778 6695 4988 6780 8083 8194 8189 8193
8 6781 6779 6778 6780 8135 8086 8083 8193
8 6688 6687 6779 6781 8136 8125 8086 8135
8 6782 6780 4988 4989 8192 8193 8189 8186
8 6783 6781 6780 6782 8184 8135 8193 8192
8 6689 6688 6781 6783 8149 8136 8135 8184
8 6784 6782 4989 4990 8185 8192 8186 8190
8 6785 6783 6782 6784 8183 8184 8192 8185
8 6690 6689 6783 6785 8182 8149 8184 8183
8 6744 6792 6718 4660 6722 6787 6719 4804
8 6791 6793 6792 6744 6786 6788 6787 6722
8 4512 6716 6793 6791 4715 6717 6788 6786
8 6792 6794 4555 6718 6787 6789 4731 6719
8 6793 6795 6794 6792 6788 6790 6789 6787
8 6716 4604 6795 6793 6717 4768 6790 6788
8 4603 4512 6791 4511 4767 4715 6786 6723
8 5263 2408 817 5266 5650 1228 1232 5653
8 5260 810 2408 5263 5647 1224 1228 5650
8 6138 5245 4687 5244 6140 5632 4814 5631
8 5244 4687 6800 4559 5631 4814 6798 4735
8 4559 6800 6801 6090 4735 6798 6799 6091
8 6090 6801 6797 4633 6091 6799 6796 4780
8 4687 5247 6804 6800 4814 5634 6802 6798
8 6800 6804 6805 6801 6798 6802 6803 6799
8 6801 6805 4636 6797 6799 6803 4783 6796
8 5247 6812 6808 6804 5634 6810 6806 6802
8 5246 6816 6812 5247 5633 6814 6810 5634
8 6812 6813 6809 6808 6810 6811 6807 6806
8 6816 6817 6813 6812 6814 6815 6811 6810
8 6813 5249 5250 6809 6811 5636 5637 6807
8 6817 5248 5249 6813 6815 5635 5636 6811
8 5294 5298 6820 5295 5681 5685 6818 5682
8 6823 5295 6820 6821 6822 5682 6818 6819
8 6823 6821 5375 4641 6822 6819 5762 4788
8 5291 5295 6823 6825 5678 5682 6822 6824
8 5286 5291 6825 6827 5673 5678 6824 6826
8 5282 5286 6827 6829 5669 5673 6826 6828
8 5278 5282 6829 4567 5665 5669 6828 4743
8 4561 4689 4639 6831 4737 4816 4786 6830
8 4638 4561 6831 6844 4785 4737 6830 6842
8 4637 4638 6844 6833 4784 4785 6842 6832
8 5258 4688 6845 6836 5645 4815 6843 6834
8 5251 5258 6836 6840 5638 5645 6834 6838
8 6831 4639 4566 6850 6830 4786 4742 6846
8 6844 6831 6850 6851 6842 6830 6846 6847
8 6833 6844 6851 6852 6832 6842 6847 6848
8 6845 6833 6852 6853 6843 6832 6848 6849
8 6836 6845 6853 6837 6834 6843 6849 6835
8 6840 6836 6837 6841 6838 6834 6835 6839
8 6827 6825 4692 5287 6826 6824 4819 5674
8 6829 6827 5287 4691 6828 6826 5674 4818
8 4567 6829 4691 6855 4743 6828 4818 6854
8 4639 4567 6855 4566 4786 4743 6854 4742
8 6841 6837 5259 5252 6839 6835 5646 5639
8 6837 6853 4560 5259 6835 6849 4736 5646
8 6850 4566 6861 6859 6846 4742 6860 6858
8 6852 6851 6863 4560 6848 6847 6862 4736
8 6851 6850 6859 6863 6847 6846 6858 6862
8 4566 6855 6865 6861 4742 6854 6864 6860
8 6855 4691 6867 6865 6854 4818 6866 6864
8 4691 5287 6857 6867 4818 5674 6856 6866
8 6865 6867 4640 6869 6864 6866 4787 6868
8 6861 6865 6869 4568 6860 6864 6868 4744
8 6859 6861 4568 6871 6858 6860 4744 6870
8 6863 6859 6871 4562 6862 6858 6870 4738
8 5254 4563 4564 6875 5641 4739 4740 6874
8 6875 4564 6981 6877 6874 4740 6983 6876
8 5464 6875 6877 6982 5821 6874 6876 6984
8 4568 6869 6979 6881 4744 6868 6980 6879
8 6871 4568 6881 6880 6870 4744 6879 6878
8 4562 6871 6880 4563 4738 6870 6878 4739
8 4633 6797 4556 4557 4780 6796 4732 4733
8 6797 4636 6883 4556 6796 4783 6882 4732
8 4557 4556 6887 6076 4733 4732 6886 6075
8 6076 6887 6889 5243 6075 6886 6888 5630
8 6895 6982 6877 6893 6894 6984 6876 6892
8 4636 6895 6893 6883 4783 6894 6892 6882
8 6893 6877 6981 4565 6892 6876 6983 4741
8 6883 6893 4565 6891 6882 6892 4741 6890
8 4556 6891 4634 6887 4732 6890 4781 6886
8 6887 4634 5242 6889 6886 4781 5629 6888
8 6990 6889 5242 6986 6992 6888 5629 6988
8 6990 6986 4635 6989 6992 6988 4782 6991
8 6990 6987 5243 6889 6992 6985 5630 6888
8 4954 5243 6987 6408 5534 5630 6985 6409
8 6410 6987 4661 6412 6411 6985 4805 6413
8 6414 4661 4558 4514 6415 4805 4734 4717
8 6989 4635 4604 6896 6991 4782 4768 7068
8 4661 6989 6896 4558 4805 6991 7068 4734
8 6981 4564 6902 6900 6983 4740 6901 6899
8 4564 4563 6880 6902 4740 4739 6878 6901
8 6902 6880 6881 6904 6901 6878 6879 6903
8 6904 6881 6979 6906 6903 6879 6980 6905
8 6900 6902 6904 6908 6899 6901 6903 6907
8 4634 6910 4686 5242 4781 6909 4813 5629
8 6891 4565 6898 4634 6890 4741 6897 4781
8 5242 4686 6912 6986 5629 4813 6911 6988
8 6986 6912 4513 4635 6988 6911 4716 4782
8 4635 4513 6795 4604 4782 4716 6790 4768
8 6912 6916 6914 4513 6911 6915 6913 4716
8 4686 6918 6916 6912 4813 6917 6915 6911
8 4513 6914 6920 6795 4716 6913 6919 6790
8 6920 4659 4555 6794 6919 4803 4731 6789
8 6914 4631 4659 6920 6913 4778 4803 6919
8 6916 6721 4631 6914 6915 6720 4778 6913
8 6918 5429 6721 6916 6917 5787 6720 6915
8 6923 4690 5320 5429 6921 4817 5707 5787
8 6910 6924 6918 4686 6909 6922 6917 4813
8 6898 6900 6924 6910 6897 6899 6922 6909
8 6906 6979 4690 6923 6905 6980 4817 6921
8 6908 6906 6923 6924 6907 6905 6921 6922
8 4692 6823 4641 4569 4819 6822 4788 4745
8 6979 6928 5319 4690 6980 6927 5706 4817
8 6928 6930 6926 5319 6927 6929 6925 5706
8 4640 6873 6930 6928 4787 6872 6929 6927
8 5346 5324 6955 6957 5733 5711 6931 6933
8 6957 6955 6956 6958 6933 6931 6932 6934
8 4569 5346 6957 6959 4745 5733 6933 6935
8 6959 6957 6958 6960 6935 6933 6934 6936
8 6857 6959 6960 6873 6856 6935 6936 6872
8 6958 6956 6961 6963 6934 6932 6937 6939
8 6963 6961 6962 6964 6939 6937 6938 6940
8 6964 6962 5325 5347 6940 6938 5712 5734
8 6960 6958 6963 6965 6936 6934 6939 6941
8 6965 6963 6964 6966 6941 6939 6940 6942
8 6966 6964 5347 5376 6942 6940 5734 5763
8 6969 5377 5378 6971 6945 5764 5765 6947
8 6971 5378 5379 6973 6947 5765 5766 6949
8 6973 5379 5380 6975 6949 5766 5767 6951
8 6975 5380 5381 6977 6951 5767 5768 6953
8 6970 6969 6971 6972 6946 6945 6947 6948
8 6972 6971 6973 6974 6948 6947 6949 6950
8 6974 6973 6975 6976 6950 6949 6951 6952
8 6976 6975 6977 6978 6952 6951 6953 6954
8 5321 6970 6972 5322 5708 6946 6948 5709
8 5322 6972 6974 5323 5709 6948 6950 5710
8 5323 6974 6976 4580 5710 6950 6952 4756
8 4580 6976 6978 4632 4756 6952 6954 4779
8 6926 6966 5376 6967 6925 6942 5763 6943
8 6967 5376 5377 6969 6943 5763 5764 6945
8 5319 6926 6967 6968 5706 6925 6943 6944
8 6968 6967 6969 6970 6944 6943 6945 6946
8 4690 5319 6968 5320 4817 5706 6944 5707
8 5320 6968 6970 5321 5707 6944 6946 5708
8 6873 6960 6965 6930 6872 6936 6941 6929
8 6930 6965 6966 6926 6929 6941 6942 6925
8 6924 6923 5429 6918 6922 6921 5787 6917
8 4688 4637 6833 6845 4815 4784 6832 6843
8 7018 4512 4603 7020 6994 4715 4767 6996
8 7020 4603 5208 7022 6996 4767 5595 6998
8 7022 5208 5960 7024 6998 5595 5961 7000
8 7024 5960 5209 7026 7000 5961 5596 7002
8 7026 5209 4682 7028 7002 5596 4809 7004
8 7028 4682 5943 7030 7004 4809 5934 7006
8 7030 5943 5942 7032 7006 5934 5935 7008
8 7032 5942 5867 7034 7008 5935 5866 7010
8 7034 5867 5911 7036 7010 5866 5914 7012
8 7036 5911 5910 7038 7012 5914 5913 7014
8 7038 5910 5909 7040 7014 5913 5912 7016
8 7017 7018 7020 7019 6993 6994 6996 6995
8 7019 7020 7022 7021 6995 6996 6998 6997
8 7021 7022 7024 7023 6997 6998 7000 6999
8 7023 7024 7026 7025 6999 7000 7002 7001
8 7025 7026 7028 7027 7001 7002 7004 7003
8 7027 7028 7030 7029 7003 7004 7006 7005
8 7029 7030 7032 7031 7005 7006 7008 7007
8 7031 7032 7034 7033 7007 7008 7010 7009
8 7033 7034 7036 7035 7009 7010 7012 7011
8 7035 7036 7038 7037 7011 7012 7014 7013
8 7037 7038 7040 7039 7013 7014 7016 7015
8 6619 7017 7019 6618 6597 6993 6995 6596
8 6618 7019 7021 6599 6596 6995 6997 6577
8 6599 7021 7023 6601 6577 6997 6999 6579
8 6601 7023 7025 6603 6579 6999 7001 6581
8 6603 7025 7027 6605 6581 7001 7003 6583
8 6605 7027 7029 6607 6583 7003 7005 6585
8 6607 7029 7031 6609 6585 7005 7007 6587
8 6609 7031 7033 6611 6587 7007 7009 6589
8 6611 7033 7035 6613 6589 7009 7011 6591
8 6613 7035 7037 6615 6591 7011 7013 6593
8 6615 7037 7039 5826 6593 7013 7015 5827
8 7046 6681 6682 7048 8139 8138 8137 8134
8 7048 6682 6683 7050 8134 8137 8129 8130
8 7050 6683 6684 7052 8130 8129 8128 8127
8 7052 6684 6685 7054 8127 8128 8089 8090
8 7054 6685 6686 7056 8090 8089 8088 8087
8 7056 6686 6687 7058 8087 8088 8125 8124
8 7058 6687 6688 7060 8124 8125 8136 8147
8 7060 6688 6689 7062 8147 8136 8149 8148
8 7062 6689 6690 7064 8148 8149 8182 8162
8 7042 6679 6680 7044 7903 8095 8094 8093
8 7044 6680 6681 7046 8093 8094 8138 8139
8 7041 7042 7044 7043 7880 7903 8093 8096
8 7043 7044 7046 7045 8096 8093 8139 8078
8 7045 7046 7048 7047 8078 8139 8134 8077
8 7047 7048 7050 7049 8077 8134 8130 8133
8 7049 7050 7052 7051 8133 8130 8127 8132
8 7051 7052 7054 7053 8132 8127 8090 8105
8 7053 7054 7056 7055 8105 8090 8087 8104
8 7055 7056 7058 7057 8104 8087 8124 8126
8 7057 7058 7060 7059 8126 8124 8147 8114
8 7059 7060 7062 7061 8114 8147 8148 8113
8 7061 7062 7064 7063 8113 8148 8162 8117
8 6667 7041 7043 6668 7879 7880 8096 8097
8 6668 7043 7045 6669 8097 8096 8078 8074
8 6669 7045 7047 6670 8074 8078 8077 8073
8 6670 7047 7049 6671 8073 8077 8133 8080
8 6671 7049 7051 6672 8080 8133 8132 8079
8 6672 7051 7053 6673 8079 8132 8105 8131
8 6673 7053 7055 6674 8131 8105 8104 8103
8 6674 7055 7057 6675 8103 8104 8126 8100
8 6675 7057 7059 6676 8100 8126 8114 8099
8 6676 7059 7061 6677 8099 8114 8113 8112
8 6677 7061 7063 6678 8112 8113 8117 8118
8 7067 6716 4512 7065 7069 6717 4715 7066
8 7067 6712 4558 6896 7069 6714 4734 7068
8 4647 7065 7018 7017 4794 7066 6994 6993
8 6619 5395 4647 7017 6597 5782 4794 6993
8 6718 4555 4632 7071 6719 4731 4779 7073
8 4660 6718 7071 4540 4804 6719 7073 4719
8 7096 7097 7099 7098 7074 7075 7077 7076
8 7098 7099 7101 7100 7076 7077 7079 7078
8 7100 7101 7103 7102 7078 7079 7081 7080
8 7102 7103 7105 7104 7080 7081 7083 7082
8 7104 7105 7107 7106 7082 7083 7085 7084
8 7106 7107 7109 7108 7084 7085 7087 7086
8 7108 7109 7111 7110 7086 7087 7089 7088
8 7110 7111 7113 7112 7088 7089 7091 7090
8 7112 7113 7115 7114 7090 7091 7093 7092
8 7114 7115 7117 7116 7092 7093 7095 7094
8 4541 7096 7098 5915 4720 7074 7076 5917
8 5915 7098 7100 5108 5917 7076 7078 5551
8 5108 7100 7102 5954 5551 7078 7080 5955
8 5954 7102 7104 5109 5955 7080 7082 5552
8 5109 7104 7106 5949 5552 7082 7084 5940
8 5949 7106 7108 5948 5940 7084 7086 5941
8 5948 7108 7110 5110 5941 7086 7088 5553
8 5110 7110 7112 5111 5553 7088 7090 5554
8 5111 7112 7114 5112 5554 7090 7092 5555
8 5112 7114 7116 5113 5555 7092 7094 5556
8 7118 7119 7121 7120 8306 8305 8303 8304
8 7120 7121 7123 7122 8304 8303 8294 8266
8 7122 7123 7125 7124 8266 8294 8277 8265
8 7124 7125 7127 7126 8265 8277 8263 8258
8 7126 7127 7129 7128 8258 8263 8262 8256
8 7128 7129 7131 7130 8256 8262 8253 8254
8 7130 7131 7133 7132 8254 8253 8240 8238
8 7132 7133 7135 7134 8238 8240 8237 8203
8 7134 7135 7137 7136 8203 8237 8235 8202
8 7136 7137 7139 7138 8202 8235 8234 8236
8 4521 7118 7120 5921 8308 8306 8304 8307
8 5921 7120 7122 4998 8307 8304 8266 8267
8 4998 7122 7124 6698 8267 8266 8265 8264
8 6698 7124 7126 6699 8264 8265 8258 8259
8 6699 7126 7128 6700 8259 8258 8256 8257
8 6700 7128 7130 6701 8257 8256 8254 8255
8 6701 7130 7132 4999 8255 8254 8238 8239
8 4999 7132 7134 5000 8239 8238 8203 8201
8 5000 7134 7136 5001 8201 8203 8202 8200
8 5001 7136 7138 5002 8200 8202 8236 8199
8 5381 4579 5924 6977 5768 4755 5925 6953
8 6977 5924 5929 6978 6953 5925 5928 6954
8 6978 5929 7070 4632 6954 5928 7072 4779
8 5929 5927 7141 7070 5928 5926 7140 7072
8 7070 7141 7096 4541 7072 7140 7074 4720
8 5927 5931 7143 7141 5926 5930 7142 7140
8 7141 7143 7097 7096 7140 7142 7075 7074
8 5983 5982 5124 7147 5985 5984 5567 7145
8 7146 5983 7147 5117 7144 5985 7145 5560
8 4575 7146 5117 5318 4751 7144 5560 5705
8 4577 4645 5983 7146 4753 4792 5985 7144
8 4696 4577 7146 4575 4823 4753 7144 4751
8 7175 5974 5133 7177 7153 5975 5576 7155
8 7177 5133 5972 7179 7155 5576 5962 7157
8 7179 5972 5973 7181 7157 5962 5963 7159
8 7181 5973 5134 7183 7159 5963 5577 7161
8 7183 5134 5952 7185 7161 5577 5950 7163
8 7185 5952 5953 7187 7163 5950 5951 7165
8 7187 5953 5135 7189 7165 5951 5578 7167
8 7189 5135 5136 7191 7167 5578 5579 7169
8 7191 5136 5137 7193 7169 5579 5580 7171
8 7193 5137 5138 7195 7171 5580 5581 7173
8 7174 7175 7177 7176 7152 7153 7155 7154
8 7176 7177 7179 7178 7154 7155 7157 7156
8 7178 7179 7181 7180 7156 7157 7159 7158
8 7180 7181 7183 7182 7158 7159 7161 7160
8 7182 7183 7185 7184 7160 7161 7163 7162
8 7184 7185 7187 7186 7162 7163 7165 7164
8 7186 7187 7189 7188 7164 7165 7167 7166
8 7188 7189 7191 7190 7166 7167 7169 7168
8 7190 7191 7193 7192 7168 7169 7171 7170
8 7192 7193 7195 7194 7170 7171 7173 7172
8 7097 7174 7176 7099 7075 7152 7154 7077
8 7099 7176 7178 7101 7077 7154 7156 7079
8 7101 7178 7180 7103 7079 7156 7158 7081
8 7103 7180 7182 7105 7081 7158 7160 7083
8 7105 7182 7184 7107 7083 7160 7162 7085
8 7107 7184 7186 7109 7085 7162 7164 7087
8 7109 7186 7188 7111 7087 7164 7166 7089
8 7111 7188 7190 7113 7089 7166 7168 7091
8 7113 7190 7192 7115 7091 7168 7170 7093
8 7115 7192 7194 7117 7093 7170 7172 7095
8 7197 5015 6704 7199 8322 8323 8300 8301
8 7199 6704 5016 7201 8301 8300 8297 8296
8 7201 5016 6705 7203 8296 8297 8292 8293
8 7203 6705 5017 7205 8293 8292 8290 8280
8 7205 5017 6702 7207 8280 8290 8288 8279
8 7207 6702 6703 7209 8279 8288 8248 8251
8 7209 6703 5018 7211 8251 8248 8246 8249
8 7211 5018 5019 7213 8249 8246 8243 8242
8 7213 5019 5020 7215 8242 8243 8229 8231
8 7215 5020 5021 7217 8231 8229 8227 8230
8 7196 7197 7199 7198 8321 8322 8301 8302
8 7198 7199 7201 7200 8302 8301 8296 8295
8 7200 7201 7203 7202 8295 8296 8293 8276
8 7202 7203 7205 7204 8276 8293 8280 8275
8 7204 7205 7207 7206 8275 8280 8279 8278
8 7206 7207 7209 7208 8278 8279 8251 8252
8 7208 7209 7211 7210 8252 8251 8249 8250
8 7210 7211 7213 7212 8250 8249 8242 8241
8 7212 7213 7215 7214 8241 8242 8231 8233
8 7214 7215 7217 7216 8233 8231 8230 8232
8 7119 7196 7198 7121 8305 8321 8302 8303
8 7121 7198 7200 7123 8303 8302 8295 8294
8 7123 7200 7202 7125 8294 8295 8276 8277
8 7125 7202 7204 7127 8277 8276 8275 8263
8 7127 7204 7206 7129 8263 8275 8278 8262
8 7129 7206 7208 7131 8262 8278 8252 8253
8 7131 7208 7210 7133 8253 8252 8250 8240
8 7133 7210 7212 7135 8240 8250 8241 8237
8 7135 7212 7214 7137 8237 8241 8233 8235
8 7137 7214 7216 7139 8235 8233 8232 8234
8 5125 5132 5974 7175 5568 5575 5975 7153
8 7143 7219 7174 7097 7142 7218 7152 7075
8 5931 7150 7219 7143 5930 7151 7218 7142
8 7148 5977 7219 7150 7149 5979 7218 7151
8 7221 5332 5441 7220 7223 5719 5799 7222
8 7224 5356 5332 7221 7225 5743 5719 7223
8 7226 4698 5356 7224 7227 4825 5743 7225
8 7226 5318 5117 7228 7227 5705 5560 7229
8 7226 7228 5980 4698 7227 7229 5981 4825
8 5117 7147 7148 7228 5560 7145 7149 7229
8 7228 7148 7150 5980 7229 7149 7151 5981
8 4646 5980 7150 5931 4793 5981 7151 5930
8 7219 5125 7175 7174 7218 5568 7153 7152
8 5298 5301 7232 6820 5685 5688 7230 6818
8 6820 7232 7233 6821 6818 7230 7231 6819
8 6821 7233 5374 5375 6819 7231 5761 5762
8 4583 4694 4650 7250 4759 4821 4797 7242
8 7250 4650 5365 7248 7242 4797 5752 7240
8 7248 5365 5343 7246 7240 5752 5730 7238
8 7246 5343 5452 7244 7238 5730 5810 7236
8 5307 4583 7250 5431 5694 4759 7242 5789
8 5431 7250 7248 5308 5789 7242 7240 5695
8 5308 7248 7246 5344 5695 7240 7238 5731
8 5344 7246 7244 5453 5731 7238 7236 5811
8 7251 5431 5308 7249 7243 5789 5695 7241
8 7249 5308 5344 7247 7241 5695 5731 7239
8 7247 5344 5453 7245 7239 5731 5811 7237
8 7232 7251 7249 7233 7230 7243 7241 7231
8 7233 7249 7247 5374 7231 7241 7239 5761
8 5374 7247 7245 5455 5761 7239 7237 5813
8 5304 5307 5431 7251 5691 5694 5789 7243
8 5301 5304 7251 7232 5688 5691 7243 7230
8 4573 4695 4642 7235 4749 4822 4789 7234
8 7235 4642 4643 4574 7234 4789 4790 4750
8 4693 4573 7235 4570 4820 4749 7234 4746
8 4570 7235 4574 4694 4746 7234 4750 4821
8 6679 7252 6691 6680 8095 8144 8141 8094
8 6529 6505 4610 6631 7900 7873 7874 7901
8 6342 4961 6655 6343 7845 7842 7878 7877
8 6655 4961 7253 6667 7878 7842 7866 7879
8 4961 4664 7255 7253 7842 7843 7840 7866
8 6407 7254 7256 7255 7841 7839 7838 7840
8 7254 6403 6420 7256 7839 7836 7837 7838
8 6667 7253 7257 7041 7879 7866 7881 7880
8 7255 7256 7258 7257 7840 7838 7882 7881
8 7256 6420 7259 7258 7838 7837 7883 7882
8 6420 6419 7260 7259 7837 7835 7884 7883
8 6418 6417 7261 7260 7833 7831 7885 7884
8 6416 4979 5063 7261 7829 7827 7886 7885
8 7041 7257 7262 7042 7880 7881 7904 7903
8 7258 7259 7264 7263 7882 7883 7906 7905
8 7259 7260 7265 7264 7883 7884 7907 7906
8 7260 7261 7266 7265 7884 7885 7908 7907
8 7261 5063 7267 7266 7885 7886 7909 7908
8 5063 6077 7268 7267 7886 7887 7910 7909
8 6077 4528 7269 7268 7887 7888 7911 7910
8 4528 4613 7270 7269 7888 7889 7912 7911
8 4613 6092 7271 7270 7889 7890 7913 7912
8 6092 4529 7272 7271 7890 7891 7914 7913
8 4529 5064 7273 7272 7891 7892 7915 7914
8 5064 6142 7274 7273 7892 7893 7916 7915
8 7262 7263 7275 6679 7904 7905 8335 8095
8 7263 7264 7276 7275 7905 7906 8336 8335
8 7264 7265 7277 7276 7906 7907 8337 8336
8 7265 7266 7278 7277 7907 7908 8338 8337
8 7266 7267 7279 7278 7908 7909 8339 8338
8 7267 7268 7280 7279 7909 7910 8347 8339
8 7268 7269 7281 7280 7910 7911 8348 8347
8 6679 7275 7282 7252 8095 8335 8340 8144
8 7252 7282 7283 6765 8144 8340 8316 8283
8 6765 7283 7284 4678 8283 8316 8314 8282
8 4678 7284 7285 4520 8282 8314 8311 8310
8 4520 7285 7286 4521 8310 8311 8331 8308
8 4521 7286 7287 7118 8308 8331 8330 8306
8 7118 7287 7288 7119 8306 8330 8329 8305
8 7275 7276 7289 7282 8335 8336 8341 8340
8 7282 7289 7290 7283 8340 8341 8315 8316
8 7283 7290 7291 7284 8316 8315 8313 8314
8 7284 7291 4618 7285 8314 8313 8312 8311
8 7290 7292 7293 7291 8315 8320 8317 8313
8 7291 7293 5095 4539 8313 8317 8357 8356
8 7276 7277 7294 7289 8336 8337 8342 8341
8 7289 7294 7295 7292 8341 8342 8319 8320
8 7292 7295 7296 7293 8320 8319 8318 8317
8 7293 7296 5094 5095 8317 8318 8358 8357
8 7277 7278 7297 7294 8337 8338 8346 8342
8 7294 7297 7298 7295 8342 8346 8343 8319
8 7295 7298 7299 7296 8319 8343 8352 8318
8 7299 5093 5094 7296 8352 8361 8358 8318
8 7278 7279 7300 7297 8338 8339 8345 8346
8 7297 7300 7301 7298 8346 8345 8344 8343
8 7298 7301 7302 7299 8343 8344 8353 8352
8 7299 7302 5092 5093 8352 8353 8362 8361
8 7279 7280 7303 7300 8339 8347 8363 8345
8 7300 7303 7304 7301 8345 8363 8355 8344
8 7301 7304 7305 7302 8344 8355 8354 8353
8 7302 7305 4669 5092 8353 8354 8366 8362
8 4534 4672 4615 7306 8448 8414 8415 8491
8 7306 4615 4616 4535 8491 8415 8416 8492
8 4531 7306 4535 4671 8506 8491 8492 8507
8 4670 4534 7306 4531 8449 8448 8491 8506
8 49 2933 4534 4670 4193 4191 8448 8449
8 89 2927 4573 4693 269 2928 4749 4820
8 2937 796 5248 6817 2935 1210 5635 6815
8 2936 2937 6817 6816 2934 2935 6815 6814
8 793 2936 6816 5246 1207 2934 6814 5633
8 601 2939 7274 6142 3613 3638 7916 7893
8 789 791 5245 6138 1203 1205 5632 6140
8 2941 4594 5462 2940 2943 4762 5820 2942
8 2979 6244 6243 2978 2981 4586 5405 2980
8 2981 4586 5405 2980 2941 4594 5462 2940
8 2979 1851 6245 6244 2981 0 4653 4586
8 2981 0 4653 4586 2941 13 4656 4594
8 2941 13 4656 4594 2943 225 4800 4762
8 2958 5211 7340 3034 2959 5598 7316 3008
8 5211 6449 7342 7340 5598 6434 7318 7316
8 6449 5212 7344 7342 6434 5599 7320 7318
8 5212 4549 7346 7344 5599 4725 7322 7320
8 4549 5831 7348 7346 4725 5828 7324 7322
8 5831 5832 7350 7348 5828 5829 7326 7324
8 5832 5834 7352 7350 5829 5835 7328 7326
8 5834 6569 7354 7352 5835 6548 7330 7328
8 6569 6570 7356 7354 6548 6549 7332 7330
8 6570 5833 7358 7356 6549 5830 7334 7332
8 5833 6616 7360 7358 5830 6594 7336 7334
8 6616 5826 7362 7360 6594 5827 7338 7336
8 3034 7340 7341 3035 3008 7316 7317 3009
8 7340 7342 7343 7341 7316 7318 7319 7317
8 7342 7344 7345 7343 7318 7320 7321 7319
8 7344 7346 7347 7345 7320 7322 7323 7321
8 7346 7348 7349 7347 7322 7324 7325 7323
8 7348 7350 7351 7349 7324 7326 7327 7325
8 7350 7352 7353 7351 7326 7328 7329 7327
8 7352 7354 7355 7353 7328 7330 7331 7329
8 7354 7356 7357 7355 7330 7332 7333 7331
8 7356 7358 7359 7357 7332 7334 7335 7333
8 7358 7360 7361 7359 7334 7336 7337 7335
8 7360 7362 7363 7361 7336 7338 7339 7337
8 3035 7341 5847 2956 3009 7317 5839 2957
8 7341 7343 6435 5847 7317 7319 6479 5839
8 7343 7345 5848 6435 7319 7321 5840 6479
8 7345 7347 5849 5848 7321 7323 5841 5840
8 7347 7349 5850 5849 7323 7325 5842 5841
8 7349 7351 5851 5850 7325 7327 5843 5842
8 7351 7353 5852 5851 7327 7329 5844 5843
8 7353 7355 7309 5852 7329 7331 7307 5844
8 7355 7357 7310 7309 7331 7333 7308 7307
8 7357 7359 5853 7310 7333 7335 5845 7308
8 7359 7361 7314 5853 7335 7337 7313 5845
8 7361 7363 5854 7314 7337 7339 5846 7313
8 2997 5032 7364 3060 3709 7975 7974 3707
8 5032 6458 7366 7364 7975 7976 7972 7974
8 6458 5033 7368 7366 7976 7982 7971 7972
8 5033 4524 7370 7368 7982 7980 7986 7971
8 4524 5836 7372 7370 7980 7991 8003 7986
8 5836 5837 7374 7372 7991 7994 8007 8003
8 5837 5838 7376 7374 7994 8027 8026 8007
8 5838 6630 7378 7376 8027 8032 8031 8026
8 6630 6642 7380 7378 8032 8053 8054 8031
8 6642 6654 7382 7380 8053 8062 8061 8054
8 6654 6666 7384 7382 8062 8110 8109 8061
8 6666 6678 7386 7384 8110 8118 8115 8109
8 3060 7364 7365 3061 3707 7974 7973 3713
8 7364 7366 7367 7365 7974 7972 7969 7973
8 7366 7368 7369 7367 7972 7971 7970 7969
8 7368 7370 7371 7369 7971 7986 7995 7970
8 7370 7372 7373 7371 7986 8003 8002 7995
8 7372 7374 7375 7373 8003 8007 8006 8002
8 7374 7376 7377 7375 8007 8026 8025 8006
8 7376 7378 7379 7377 8026 8031 8030 8025
8 7378 7380 7381 7379 8031 8054 8055 8030
8 7380 7382 7383 7381 8054 8061 8060 8055
8 7382 7384 7385 7383 8061 8109 8108 8060
8 7384 7386 7387 7385 8109 8115 8120 8108
8 3061 7365 5855 2998 3713 7973 7977 3711
8 7365 7367 6480 5855 7973 7969 7985 7977
8 7367 7369 5856 6480 7969 7970 7996 7985
8 7369 7371 5857 5856 7970 7995 7999 7996
8 7371 7373 5858 5857 7995 8002 8001 7999
8 7373 7375 5859 5858 8002 8006 8005 8001
8 7375 7377 5860 5859 8006 8025 8024 8005
8 7377 7379 7311 5860 8025 8030 8029 8024
8 7379 7381 7312 7311 8030 8055 8056 8029
8 7381 7383 5861 7312 8055 8060 8059 8056
8 7383 7385 7315 5861 8060 8108 8107 8059
8 7385 7387 5862 7315 8108 8120 8119 8107
8 2998 5855 7388 3086 3711 7977 7983 3720
8 5855 6480 7390 7388 7977 7985 7984 7983
8 6480 5856 7392 7390 7985 7996 7997 7984
8 5856 5857 7394 7392 7996 7999 7998 7997
8 5857 5858 7396 7394 7999 8001 8000 7998
8 5858 5859 7398 7396 8001 8005 8004 8000
8 5859 5860 7400 7398 8005 8024 8023 8004
8 5860 7311 7402 7400 8024 8029 8028 8023
8 7311 7312 7404 7402 8029 8056 8057 8028
8 7312 5861 7406 7404 8056 8059 8058 8057
8 5861 7315 7408 7406 8059 8107 8106 8058
8 7315 5862 7410 7408 8107 8119 8121 8106
8 2956 5847 7389 3089 2957 5839 7412 3113
8 5847 6435 7391 7389 5839 6479 7413 7412
8 6435 5848 7393 7391 6479 5840 7414 7413
8 5848 5849 7395 7393 5840 5841 7415 7414
8 5849 5850 7397 7395 5841 5842 7416 7415
8 5850 5851 7399 7397 5842 5843 7417 7416
8 5851 5852 7401 7399 5843 5844 7418 7417
8 5852 7309 7403 7401 5844 7307 7419 7418
8 7309 7310 7405 7403 7307 7308 7420 7419
8 7310 5853 7407 7405 7308 5845 7421 7420
8 5853 7314 7409 7407 5845 7313 7422 7421
8 7314 5854 7411 7409 7313 5846 7423 7422
8 5826 7039 7424 7362 5827 7015 7425 7338
8 7362 7424 7426 7363 7338 7425 7427 7339
8 7363 7426 7428 5854 7339 7427 7429 5846
8 5854 7428 7430 7411 5846 7429 7431 7423
8 6678 7063 7432 7386 8118 8117 8116 8115
8 7386 7432 7433 7387 8115 8116 8150 8120
8 7387 7433 7434 5862 8120 8150 8123 8119
8 5862 7434 7435 7410 8119 8123 8122 8121
8 7039 7040 7436 7424 7015 7016 7437 7425
8 7424 7436 7438 7426 7425 7437 7439 7427
8 7426 7438 7440 7428 7427 7439 7441 7429
8 7428 7440 7442 7430 7429 7441 7443 7431
8 7063 7064 7444 7432 8117 8162 8154 8116
8 7432 7444 7445 7433 8116 8154 8153 8150
8 7433 7445 7446 7434 8150 8153 8152 8123
8 7434 7446 7447 7435 8123 8152 8151 8122
8 7040 5909 7448 7436 7016 5912 7449 7437
8 7436 7448 7450 7438 7437 7449 7451 7439
8 7438 7450 7452 7440 7439 7451 7453 7441
8 7440 7452 7454 7442 7441 7453 7455 7443
8 7064 6690 7456 7444 8162 8182 8179 8154
8 7444 7456 7457 7445 8154 8179 8157 8153
8 7445 7457 7458 7446 8153 8157 8156 8152
8 7446 7458 7459 7447 8152 8156 8155 8151
8 5909 6764 7460 7448 5912 6743 7461 7449
8 7448 7460 7462 7450 7449 7461 7463 7451
8 7450 7462 7464 7452 7451 7463 7465 7453
8 7452 7464 7466 7454 7453 7465 7467 7455
8 6690 6785 7468 7456 8182 8183 8178 8179
8 7456 7468 7469 7457 8179 8178 8177 8157
8 7457 7469 7470 7458 8157 8177 8159 8156
8 7458 7470 7471 7459 8156 8159 8158 8155
8 7460 6764 6763 7472 7461 6743 6742 7473
8 7468 6785 6784 7474 8178 8183 8185 8180
8 7474 6784 4990 7475 8180 8185 8190 8176
8 7472 6763 5101 7476 7473 6742 5544 7477
8 5101 5107 7478 7476 5544 5550 7479 7477
8 4990 4997 7480 7475 8190 8191 8175 8176
8 5107 5113 7481 7478 5550 5556 7482 7479
8 4997 5002 7483 7480 8191 8199 8181 8175
8 7462 7460 7472 7484 7463 7461 7473 7485
8 7469 7468 7474 7486 8177 8178 8180 8174
8 7486 7474 7475 7487 8174 8180 8176 8166
8 7484 7472 7476 7488 7485 7473 7477 7489
8 7476 7478 7490 7488 7477 7479 7491 7489
8 7475 7480 7492 7487 8176 8175 8165 8166
8 7478 7481 7493 7490 7479 7482 7494 7491
8 7480 7483 7495 7492 8175 8181 8173 8165
8 7464 7462 7484 7496 7465 7463 7485 7497
8 7470 7469 7486 7498 8159 8177 8174 8161
8 7496 7484 7488 7499 7497 7485 7489 7500
8 7498 7486 7487 7501 8161 8174 8166 8163
8 7488 7490 7502 7499 7489 7491 7503 7500
8 7487 7492 7504 7501 8166 8165 8164 8163
8 7490 7493 7505 7502 7491 7494 7506 7503
8 7492 7495 7507 7504 8165 8173 8170 8164
8 7466 7464 7496 7508 7467 7465 7497 7509
8 7471 7470 7498 7510 8158 8159 8161 8160
8 7508 7496 7499 7511 7509 7497 7500 7512
8 7510 7498 7501 7513 8160 8161 8163 8167
8 7499 7502 7514 7511 7500 7503 7515 7512
8 7501 7504 7516 7513 8163 8164 8168 8167
8 7502 7505 7517 7514 7503 7506 7518 7515
8 7504 7507 7519 7516 8164 8170 8169 8168
8 5113 7116 7520 7481 5556 7094 7521 7482
8 5002 7138 7522 7483 8199 8236 8220 8181
8 7481 7520 7523 7493 7482 7521 7524 7494
8 7483 7522 7525 7495 8181 8220 8214 8173
8 7493 7523 7526 7505 7494 7524 7527 7506
8 7495 7525 7528 7507 8173 8214 8172 8170
8 7505 7526 7529 7517 7506 7527 7530 7518
8 7507 7528 7531 7519 8170 8172 8171 8169
8 7116 7117 7532 7520 7094 7095 7533 7521
8 7138 7139 7534 7522 8236 8234 8221 8220
8 7520 7532 7535 7523 7521 7533 7536 7524
8 7522 7534 7537 7525 8220 8221 8215 8214
8 7523 7535 7538 7526 7524 7536 7539 7527
8 7525 7537 7540 7528 8214 8215 8205 8172
8 7526 7538 7541 7529 7527 7539 7542 7530
8 7528 7540 7543 7531 8172 8205 8204 8171
8 7117 7194 7544 7532 7095 7172 7545 7533
8 7139 7216 7546 7534 8234 8232 8222 8221
8 7532 7544 7547 7535 7533 7545 7548 7536
8 7534 7546 7549 7537 8221 8222 8219 8215
8 7535 7547 7550 7538 7536 7548 7551 7539
8 7537 7549 7552 7540 8215 8219 8207 8205
8 7538 7550 7553 7541 7539 7551 7554 7542
8 7540 7552 7555 7543 8205 8207 8206 8204
8 7194 7195 7556 7544 7172 7173 7557 7545
8 7216 7217 7558 7546 8232 8230 8223 8222
8 7544 7556 7559 7547 7545 7557 7560 7548
8 7546 7558 7561 7549 8222 8223 8218 8219
8 7547 7559 7562 7550 7548 7560 7563 7551
8 7549 7561 7564 7552 8219 8218 8209 8207
8 7550 7562 7565 7553 7551 7563 7566 7554
8 7552 7564 7567 7555 8207 8209 8208 8206
8 7195 5138 7568 7556 7173 5581 7569 7557
8 7217 5021 7570 7558 8230 8227 8224 8223
8 7556 7568 7571 7559 7557 7569 7572 7560
8 7558 7570 7573 7561 8223 8224 8217 8218
8 7559 7571 7574 7562 7560 7572 7575 7563
8 7561 7573 7576 7564 8218 8217 8211 8209
8 7562 7574 7577 7565 7563 7575 7578 7566
8 7564 7576 7579 7567 8209 8211 8210 8208
8 5138 5151 7580 7568 5581 5594 7581 7569
8 5021 5031 7582 7570 8227 8226 8225 8224
8 7568 7580 7583 7571 7569 7581 7584 7572
8 7570 7582 7585 7573 8224 8225 8216 8217
8 7571 7583 7586 7574 7572 7584 7587 7575
8 7573 7585 7588 7576 8217 8216 8213 8211
8 7574 7586 7589 7577 7575 7587 7590 7578
8 7576 7588 7591 7579 8211 8213 8212 8210
8 7270 7271 7593 7592 7912 7913 8349 8472
8 7271 7272 7594 7593 7913 7914 8350 8349
8 7272 7273 7595 7594 7914 7915 8351 8350
8 7273 7274 7596 7595 7915 7916 8452 8351
8 2939 3298 7596 7274 3638 4199 8452 7916
8 7269 7270 7592 7597 7911 7912 8472 8473
8 7280 7281 7599 7598 8347 8348 8475 8474
8 7281 7597 7600 7599 8348 8473 8470 8475
8 7597 7592 7601 7600 8473 8472 8471 8470
8 4609 5013 5024 7603 8396 8398 8397 8395
8 4523 5009 4522 7604 8392 8408 8409 8394
8 8396 8410 8409 8394 4609 4666 4522 7604
8 7604 4609 7603 7605 8394 8396 8395 8393
8 4523 7604 7605 7606 8392 8394 8393 8391
8 5014 4523 7606 7607 8389 8392 8391 8390
8 7608 5088 5087 4674 8690 8689 8685 8688
8 7609 7608 4674 4617 8421 8690 8688 8420
8 7610 7609 4617 5010 8405 8421 8420 8407
8 7611 7610 5010 5014 8387 8405 8407 8389
8 7612 4673 5088 7608 8693 8694 8689 8690
8 7611 7613 7614 7610 8387 8385 8406 8405
8 7610 7614 7615 7609 8405 8406 8422 8421
8 7609 7615 7612 7608 8421 8422 8693 8690
8 7612 7616 4536 4673 8693 8702 8701 8694
8 7612 7615 7631 7616 8693 8422 8423 8702
8 7614 7627 7631 7615 8406 8404 8423 8422
8 7613 7623 7627 7614 8385 8383 8404 8406
8 7607 7617 7611 5014 8390 8388 8387 8389
8 7617 7618 7613 7611 8388 8386 8385 8387
8 7618 7619 7623 7613 8386 8384 8383 8385
8 8447 8425 8702 8701 5091 7632 7616 4536
8 7631 7633 7632 7616 8423 8424 8425 8702
8 7627 7628 7633 7631 8404 8403 8424 8423
8 7623 7624 7628 7627 8383 8381 8403 8404
8 8381 8382 8384 8383 7624 7620 7619 7623
8 7636 5183 5160 7635 8706 8711 8710 8707
8 7637 4675 5183 7636 8446 8380 8711 8706
8 5091 7637 7636 4680 8447 8446 8706 8703
8 4680 7636 7635 5161 8703 8706 8707 8705
8 5161 7635 7634 5416 8705 8707 8708 8704
8 7635 5160 5415 7634 8707 8710 8709 8708
8 7196 7119 7288 7638 8321 8305 8329 8328
8 7197 7196 7638 7630 8322 8321 8328 8327
8 5015 7197 7630 7626 8323 8322 8327 8326
8 5025 5015 7626 7622 8324 8323 8326 8325
8 7622 7626 7625 7621 8325 8326 8333 8332
8 7620 7621 7625 7624 8382 8332 8333 8381
8 5091 7632 7639 7637 8447 8425 8378 8446
8 7632 7633 7640 7639 8425 8424 8377 8378
8 7633 7628 7629 7640 8424 8403 8334 8377
8 7628 7624 7625 7629 8403 8381 8333 8334
8 7625 7626 7630 7629 8333 8326 8327 8334
8 7629 7638 7642 7640 8334 8328 8372 8377
8 7640 7642 7641 7639 8377 8372 8376 8378
8 7637 7639 7641 4675 8446 8378 8376 8380
8 7638 7288 7644 7642 8328 8329 8373 8372
8 7641 7642 7644 7643 8376 8372 8373 8374
8 4675 7641 7643 4537 8380 8376 8374 8379
8 7288 7287 7646 7644 8329 8330 8369 8373
8 7644 7646 7645 7643 8373 8369 8375 8374
8 4537 7643 7645 4676 8379 8374 8375 8445
8 7646 7287 7286 7648 8369 8330 8331 8365
8 7645 7646 7648 7647 8375 8369 8365 8371
8 4676 7645 7647 4538 8445 8375 8371 8444
8 4538 7647 7649 5207 8444 8371 8370 8443
8 7647 7648 7650 7649 8371 8365 8364 8370
8 7648 7286 4618 7650 8365 8331 8312 8364
8 7654 5093 5092 7652 8368 8361 8362 8367
8 7653 7654 7652 7651 8430 8368 8367 8426
8 5203 7653 7651 5202 8431 8430 8426 8429
8 7650 4618 4539 7657 8364 8312 8356 8438
8 7649 7650 7657 7660 8370 8364 8438 8439
8 5207 7649 7660 5206 8443 8370 8439 8442
8 7657 4539 5095 7656 8438 8356 8357 8359
8 7660 7657 7656 7659 8439 8438 8359 8441
8 5206 7660 7659 5205 8442 8439 8441 8440
8 7655 7656 5095 5094 8360 8359 8357 8358
8 7658 7659 7656 7655 8435 8441 8359 8360
8 5205 7659 7658 5204 8440 8441 8435 8436
8 7654 7655 5094 5093 8368 8360 8358 8361
8 7653 7658 7655 7654 8430 8435 8360 8368
8 5203 5204 7658 7653 8431 8436 8435 8430
8 4614 4530 7664 7666 8637 8636 8581 8672
8 7665 7666 7663 7662 8556 8672 8576 8555
8 5069 7665 7662 7661 8521 8556 8555 8512
8 5068 5069 7661 5066 8519 8521 8512 8513
8 5072 7667 7665 5069 8670 8669 8556 8521
8 7667 7668 7666 7665 8669 8671 8672 8556
8 7668 5201 4614 7666 8671 8638 8637 8672
8 5072 5075 7681 7667 8670 8668 8667 8669
8 5075 5078 7682 7681 8668 8516 8661 8667
8 5078 5081 7683 7682 8516 8510 8660 8661
8 5081 4546 7684 7683 8510 8508 8662 8660
8 4546 4671 4623 7684 8508 8507 8663 8662
8 7667 7681 7677 7668 8669 8667 8666 8671
8 7681 7682 7678 7677 8667 8661 8658 8666
8 7682 7683 7679 7678 8661 8660 8657 8658
8 7683 7684 7680 7679 8660 8662 8656 8657
8 7684 4623 5192 7680 8662 8663 8655 8656
8 7668 7677 7673 5201 8671 8666 8640 8638
8 7677 7678 7674 7673 8666 8658 8642 8640
8 7678 7679 7675 7674 8658 8657 8644 8642
8 7679 7680 7676 7675 8657 8656 8646 8644
8 7680 5192 5171 7676 8656 8655 8648 8646
8 5201 7673 7669 5428 8638 8640 8639 8635
8 7673 7674 7670 7669 8640 8642 8641 8639
8 7674 7675 7671 7670 8642 8644 8643 8641
8 7675 7676 7672 7671 8644 8646 8645 8643
8 7676 5171 5426 7672 8646 8648 8647 8645
8 5791 7692 7688 5433 5711 6931 6955 5324
8 7692 7691 7687 7688 6931 6932 6956 6955
8 7691 7690 7686 7687 6932 6937 6961 6956
8 7690 7689 7685 7686 6937 6938 6962 6961
8 7689 5792 5434 7685 6938 5712 5325 6962
8 7697 5152 5407 7693 8627 8630 8629 8628
8 7698 7697 7693 7694 8625 8627 8628 8626
8 7699 7698 7694 7695 8612 8625 8626 8620
8 7700 7699 7695 7696 8611 8612 8620 8619
8 5153 7700 7696 5408 8603 8611 8619 8614
8 7701 5173 5152 7697 8624 8631 8630 8627
8 7702 7701 7697 7698 8622 8624 8627 8625
8 7703 7702 7698 7699 8610 8622 8625 8612
8 7704 7703 7699 7700 8609 8610 8612 8611
8 5174 7704 7700 5153 8434 8609 8611 8603
8 7705 4530 5173 7701 8623 8636 8631 8624
8 7706 7705 7701 7702 8621 8623 8624 8622
8 7707 7706 7702 7703 8608 8621 8622 8610
8 7708 7707 7703 7704 8432 8608 8610 8609
8 5202 7708 7704 5174 8429 8432 8609 8434
8 7708 5202 7651 7709 8432 8429 8426 8427
8 7710 7709 7651 7652 8428 8427 8426 8367
8 4669 7710 7652 5092 8366 8428 8367 8362
8 8355 7304 7711 8564 8363 7303 7598 8474
8 7712 7305 7304 7713 8594 8354 8355 8565
8 7715 4669 7305 7712 8592 8366 8354 8594
8 7709 7716 7707 7708 8427 8607 8608 8432
8 7717 7716 7709 7710 8597 8607 8427 8428
8 7715 7717 7710 4669 8592 8597 8428 8366
8 7707 7716 7719 7706 8608 8607 8596 8621
8 7717 7718 7719 7716 8597 8586 8596 8607
8 7720 7721 7663 7664 8580 8557 8576 8581
8 7721 7722 7662 7663 8557 8554 8555 8576
8 7722 7723 7661 7662 8554 8515 8512 8555
8 7723 7724 5066 7661 8515 8514 8513 8512
8 7724 7725 5065 5066 8514 8485 8486 8513
8 7725 3428 603 5065 8485 4244 4246 8486
8 7726 7728 7720 7714 8585 8579 8580 8595
8 7728 7729 7721 7720 8579 8558 8557 8580
8 7729 7730 7722 7721 8558 8553 8554 8557
8 7730 7731 7723 7722 8553 8532 8515 8554
8 7731 7732 7724 7723 8532 8522 8514 8515
8 7732 7727 7725 7724 8522 8484 8485 8514
8 7727 3436 3428 7725 8484 4242 4244 8485
8 7733 7734 7726 7718 8587 8584 8585 8586
8 7734 7735 7728 7726 8584 8578 8579 8585
8 7735 7736 7729 7728 8578 8575 8558 8579
8 7730 7729 7736 7737 8553 8558 8575 8537
8 7731 7730 7737 7738 8532 8553 8537 8531
8 7732 7731 7738 7739 8522 8532 8531 8529
8 7727 7732 7739 7740 8484 8522 8529 8483
8 3436 7727 7740 3445 4242 8484 8483 4240
8 7715 7712 7741 7742 8592 8594 8593 8591
8 7733 7715 7742 7743 8587 8592 8591 8588
8 7734 7733 7743 7744 8584 8587 8588 8583
8 7744 7745 7735 7734 8583 8577 8578 8584
8 7745 7746 7736 7735 8577 8574 8575 8578
8 7746 7747 7737 7736 8574 8538 8537 8575
8 7747 7748 7738 7737 8538 8530 8531 8537
8 7739 7738 7748 7749 8529 8531 8530 8528
8 7740 7739 7749 7750 8483 8529 8528 8482
8 3445 7740 7750 3456 4240 8483 8482 4238
8 7751 7741 7713 7711 8567 8593 8565 8564
8 7752 7742 7741 7751 8590 8591 8593 8567
8 7755 7743 7742 7752 8589 8588 8591 8590
8 7753 7744 7743 7755 8582 8583 8588 8589
8 7745 7744 7753 7754 8577 8583 8582 8573
8 7746 7745 7754 7756 8574 8577 8573 8572
8 7747 7746 7756 7757 8538 8574 8572 8533
8 7748 7747 7757 7758 8530 8538 8533 8526
8 7749 7748 7758 7759 8528 8530 8526 8527
8 7750 7749 7759 7760 8482 8528 8527 8481
8 3456 7750 7760 3467 4238 8482 8481 4236
8 7762 7751 7711 7761 8566 8567 8564 8562
8 7752 7751 7762 7763 8590 8567 8566 8568
8 7755 7752 7763 7764 8589 8590 8568 8569
8 7753 7755 7764 7765 8582 8589 8569 8570
8 7754 7753 7765 7766 8573 8582 8570 8571
8 7756 7754 7766 7768 8572 8573 8571 8551
8 7766 7765 7767 7769 8571 8570 8547 8552
8 7757 7756 7768 7771 8533 8572 8551 8525
8 7758 7757 7771 7772 8526 8533 8525 8523
8 7759 7758 7772 7773 8527 8526 8523 8524
8 7760 7759 7773 7774 8481 8527 8524 8480
8 3467 7760 7774 3482 4236 8481 8480 4234
8 7768 7766 7769 7775 8551 8571 8552 8550
8 7771 7768 7775 7776 8525 8551 8550 8468
8 7775 7769 7770 7780 8550 8552 8542 8539
8 7776 7775 7780 7779 8468 8550 8539 8467
8 7772 7771 7776 7777 8523 8525 8468 8469
8 7777 7776 7779 7778 8469 8468 8467 8466
8 7773 7772 7777 7781 8524 8523 8469 8464
8 7781 7777 7778 7782 8464 8469 8466 8463
8 7774 7773 7781 7783 8480 8524 8464 8465
8 3482 7774 7783 3492 4234 8480 8465 4231
8 7783 7781 7782 7784 8465 8464 8463 8462
8 3492 7783 7784 3494 4231 8465 8462 4214
8 3494 7784 7785 3495 4214 8462 8461 4212
8 7784 7782 7789 7785 8462 8463 8477 8461
8 3495 7785 7786 3496 4212 8461 8459 4209
8 3496 7786 7787 3497 4209 8459 8458 4207
8 3497 7787 7788 3498 4207 8458 8455 4203
8 3498 7788 7596 3298 4203 8455 8452 4199
8 7785 7789 7790 7786 8461 8477 8460 8459
8 7786 7790 7791 7787 8459 8460 8457 8458
8 7787 7791 7792 7788 8458 8457 8454 8455
8 7788 7792 7595 7596 8455 8454 8351 8452
8 7782 7778 7793 7789 8463 8466 8478 8477
8 7790 7789 7793 7794 8460 8477 8478 8476
8 7791 7790 7794 7795 8457 8460 8476 8456
8 7792 7791 7795 7796 8454 8457 8456 8453
8 7595 7792 7796 7594 8351 8454 8453 8350
8 7761 7599 7600 7799 8562 8475 8470 8561
8 7799 7600 7601 7797 8561 8470 8471 8559
8 7761 7799 7800 7762 8562 8561 8563 8566
8 7800 7799 7797 7798 8563 8561 8559 8548
8 7762 7800 7801 7763 8566 8563 8549 8568
8 7764 7763 7801 7803 8569 8568 8549 8546
8 7767 7764 7803 7802 8547 8569 8546 8544
8 7803 7801 7798 7805 8546 8549 8548 8545
8 7802 7803 7805 7804 8544 8546 8545 8543
8 7808 7770 7767 7802 8541 8542 8547 8544
8 7807 7780 7770 7808 8536 8539 8542 8541
8 7806 7779 7780 7807 8479 8467 8539 8536
8 7793 7778 7779 7806 8478 8466 8467 8479
8 7811 7808 7802 7804 8540 8541 8544 8543
8 7807 7808 7811 7810 8536 8541 8540 8535
8 7806 7807 7810 7809 8479 8536 8535 8534
8 7793 7806 7809 7794 8478 8479 8534 8476
8 8595 8596 8621 8623 7714 7719 7706 7705
8 3529 7813 7812 3526 494 6139 6144 957
8 7813 7815 7814 7812 6139 4958 5392 6144
8 7815 7817 7816 7814 4958 4957 5391 5392
8 7817 7819 7818 7816 4957 6087 6078 5391
8 7819 7821 7820 7818 6087 4956 5390 6078
8 7821 7823 7822 7820 4956 4955 5389 5390
8 7823 7825 7824 7822 4955 6058 6054 5389
8 7825 7827 7826 7824 6058 4954 5388 6054
8 7827 7829 7828 7826 4954 6408 6024 5388
8 7829 7831 7830 7828 6408 6410 6008 6024
8 7831 7833 7832 7830 6410 6412 6028 6008
8 7833 7835 7834 7832 6412 6414 6371 6028
8 7835 7837 7836 7834 6414 4514 6402 6371
8 7839 7836 7837 7838 6711 6402 4514 6713
8 7841 7839 7838 7840 6406 6711 6713 4518
8 7845 7844 7843 7842 6327 6326 4663 4947
8 7845 7847 7846 7844 6327 6320 6324 6326
8 7847 7849 7848 7846 6320 6332 6336 6324
8 7849 7851 7850 7848 6332 4948 5382 6336
8 7852 6191 5382 7850 7853 6316 4948 7851
8 7854 5383 6191 7852 7855 4949 6316 7853
8 7857 7856 7854 7855 4950 5384 5383 4949
8 7859 7858 7856 7857 4951 5385 5384 4950
8 7861 7860 7858 7859 4952 5386 5385 4951
8 7863 7862 7860 7861 6437 6436 5386 4952
8 7865 7864 7862 7863 4953 5387 6436 6437
8 3583 3582 7864 7865 2946 2944 5387 4953
8 7842 7843 7840 7866 4947 4663 4518 5395
8 6402 6394 6399 6711 7836 6395 6400 7839
8 6400 7841 7843 6206 6399 6406 4663 4651
8 6206 7843 7844 6192 4651 4663 6326 6181
8 6192 7844 7846 6179 6181 6326 6324 6020
8 6179 7846 7848 6178 6020 6324 6336 6018
8 6178 7848 7850 5400 6018 6336 5382 5457
8 5400 7850 7852 6177 5457 5382 6191 6173
8 6177 7852 7854 5401 6173 6191 5383 5458
8 5401 7854 7856 5402 5458 5383 5384 5459
8 5403 5402 7856 7858 5460 5459 5384 5385
8 5403 7858 7860 5404 5460 5385 5386 5461
8 6180 5404 7860 7862 6175 5461 5386 6436
8 6180 7862 7864 5405 6175 6436 5387 5462
8 5405 7864 3582 2980 5462 5387 2944 2940
8 7836 6395 6368 7834 6402 6394 6367 6371
8 7834 6368 6238 7832 6371 6367 6210 6028
8 7832 6238 6229 7830 6028 6210 6209 6008
8 7828 7830 6229 6220 6024 6008 6209 6207
8 7826 7828 6220 6068 5388 6024 6207 6066
8 7824 7826 6068 6065 6054 5388 6066 6061
8 7822 7824 6065 6064 5389 6054 6061 6060
8 7820 7822 6064 6074 5390 5389 6060 6073
8 7818 7820 6074 6081 6078 5390 6073 6082
8 7816 7818 6081 6083 5391 6078 6082 6084
8 7814 7816 6083 6137 5392 5391 6084 6130
8 7812 7814 6137 6152 6144 5392 6130 6148
8 3526 7812 6152 1740 957 6144 6148 1725
8 7839 7836 6395 6400 7254 6403 6397 6401
8 6400 6206 7843 7841 6401 6309 4664 6407
8 7843 6206 6192 7844 4664 6309 6303 6341
8 7844 6192 6179 7846 6341 6303 6297 6338
8 7846 6179 6178 7848 6338 6297 6291 6344
8 5400 7850 7848 6178 6285 4968 6344 6291
8 7850 5400 6177 7852 4968 6285 6279 6190
8 7854 7852 6177 5401 4969 6190 6279 6273
8 7854 5401 5402 7856 4969 6273 6267 4970
8 7858 7856 5402 5403 4971 4970 6267 6261
8 5403 5404 7860 7858 6261 6255 4972 4971
8 5404 6180 7862 7860 6255 6249 6450 4972
8 5405 7864 7862 6180 6243 4973 6450 6249
8 5405 2980 3582 7864 6243 2978 2982 4973
8 7834 6368 6395 7836 6372 6370 6397 6403
8 7832 6238 6368 7834 6239 6236 6370 6372
8 7830 6229 6238 7832 6230 6227 6236 6239
8 7828 6220 6229 7830 6221 6218 6227 6230
8 7826 6068 6220 7828 6123 4974 6218 6221
8 7824 6065 6068 7826 6124 6056 4974 6123
8 7822 6064 6065 7824 6125 4975 6056 6124
8 7820 6074 6064 7822 6126 4976 4975 6125
8 7818 6081 6074 7820 6127 6080 4976 6126
8 7816 6083 6081 7818 6128 4977 6080 6127
8 7814 6137 6083 7816 6129 4978 4977 6128
8 7812 6152 6137 7814 6146 6147 4978 6129
8 3526 1740 6152 7812 1734 1733 6147 6146
8 3586 3583 7865 7867 2948 2946 4953 5221
8 7868 7863 7861 7869 6438 6437 4952 5220
8 7869 7861 7859 7870 5220 4952 4951 5219
8 7870 7859 7857 7871 5219 4951 4950 5218
8 7871 7857 7855 7872 5218 4950 4949 5217
8 7872 7855 7853 7873 5217 4949 6316 6318
8 7873 7853 7851 7874 6318 6316 4948 4626
8 7875 7874 7851 7849 6333 4626 4948 6332
8 7876 7875 7849 7847 6321 6333 6332 6320
8 7877 7876 7847 7845 6330 6321 6320 6327
8 7845 7842 7878 7877 6327 4947 4550 6330
8 7878 7842 7866 7879 4550 4947 5395 6619
8 7879 7866 7881 7880 6619 5395 4647 7017
8 7840 7838 7882 7881 4518 6713 6712 4647
8 7838 7837 7883 7882 6713 4514 4558 6712
8 7837 7835 7884 7883 4514 6414 4661 4558
8 7833 7831 7885 7884 6412 6410 6987 4661
8 7829 7827 7886 7885 6408 4954 5243 6987
8 7825 7887 7886 7827 6058 6076 5243 4954
8 7823 7888 7887 7825 4955 4557 6076 6058
8 7821 7889 7888 7823 4956 4633 4557 4955
8 7819 7890 7889 7821 6087 6090 4633 4956
8 7819 7817 7891 7890 6087 4957 4559 6090
8 7815 7892 7891 7817 4958 5244 4559 4957
8 7813 7893 7892 7815 6139 6138 5244 4958
8 7813 3529 3613 7893 6139 494 789 6138
8 3615 3586 7867 7894 2950 2948 5221 5213
8 7894 7867 7868 7895 5213 5221 6438 6439
8 7895 7868 7869 7896 6439 6438 5220 5214
8 7896 7869 7870 7897 5214 5220 5219 5215
8 7897 7870 7871 7898 5215 5219 5218 5216
8 7898 7871 7872 7899 5216 5218 5217 4627
8 7899 7872 7873 7900 4627 5217 6318 4551
8 7900 7873 7874 7901 4551 6318 4626 6573
8 7880 7881 7904 7903 7017 4647 7065 7018
8 7882 7883 7906 7905 6712 4558 6896 7067
8 7883 7884 7907 7906 4558 4661 6989 6896
8 7884 7885 7908 7907 4661 6987 6990 6989
8 7885 7886 7909 7908 6987 5243 6889 6990
8 7886 7887 7910 7909 5243 6076 6887 6889
8 7887 7888 7911 7910 6076 4557 4556 6887
8 7888 7889 7912 7911 4557 4633 6797 4556
8 7889 7890 7913 7912 4633 6090 6801 6797
8 7890 7891 7914 7913 6090 4559 6800 6801
8 7891 7892 7915 7914 4559 5244 4687 6800
8 7892 7893 7916 7915 5244 6138 5245 4687
8 3613 3638 7916 7893 789 791 5245 6138
8 3640 3615 7894 7917 2952 2950 5213 5222
8 7917 7894 7895 7918 5222 5213 6439 6440
8 7918 7895 7896 7919 6440 6439 5214 5223
8 7919 7896 7897 7920 5223 5214 5215 5224
8 7920 7897 7898 7921 5224 5215 5216 4628
8 7921 7898 7899 7922 4628 5216 4627 4552
8 3647 3640 7917 7923 2954 2952 5222 5225
8 7923 7917 7918 7924 5225 5222 6440 6441
8 7924 7918 7919 7925 6441 6440 5223 5226
8 7925 7919 7920 7926 5226 5223 5224 4629
8 7926 7920 7921 7927 4629 5224 4628 4553
8 3653 3647 7923 7928 2976 2954 5225 5227
8 7928 7923 7924 7929 5227 5225 6441 6442
8 7929 7924 7925 7930 6442 6441 5226 5228
8 7930 7925 7926 7931 5228 5226 4629 4684
8 3658 3653 7928 7932 2974 2976 5227 6483
8 7932 7928 7929 7933 6483 5227 6442 6489
8 7933 7929 7930 7934 6489 6442 5228 6495
8 7934 7930 7931 7935 6495 5228 4684 5230
8 7935 7931 7937 7936 5230 4684 4702 5229
8 3665 3658 7932 7938 2972 2974 6483 6484
8 7938 7932 7933 7939 6484 6483 6489 6490
8 7939 7933 7934 7940 6490 6489 6495 6496
8 7940 7934 7935 7941 6496 6495 5230 6501
8 7941 7935 7936 7942 6501 5230 5229 6508
8 7931 7927 7943 7937 4684 4553 4652 4702
8 3672 3665 7938 7944 2970 2972 6484 5236
8 7944 7938 7939 7945 5236 6484 6490 6443
8 7945 7939 7940 7946 6443 6490 6496 5235
8 7946 7940 7941 7947 5235 6496 6501 5234
8 7947 7941 7942 7948 5234 6501 6508 5233
8 3678 3672 7944 7949 2968 2970 5236 5907
8 7949 7944 7945 7950 5907 5236 6443 6444
8 7950 7945 7946 7951 6444 6443 5235 5903
8 7951 7946 7947 7952 5903 5235 5234 5899
8 7952 7947 7948 7953 5899 5234 5233 5895
8 3684 3678 7949 7954 2966 2968 5907 5908
8 7954 7949 7950 7955 5908 5907 6444 6445
8 7955 7950 7951 7956 6445 6444 5903 5904
8 7956 7951 7952 7957 5904 5903 5899 5900
8 7957 7952 7953 7958 5900 5899 5895 5896
8 3690 3684 7954 7959 2964 2966 5908 5240
8 7959 7954 7955 7960 5240 5908 6445 6446
8 7962 7956 7957 7961 5239 5904 5900 5238
8 3695 3690 7959 7963 2962 2964 5240 5871
8 7963 7959 7960 7964 5871 5240 6446 6447
8 7968 7967 7966 7965 4683 5865 5868 4554
8 7972 7971 7970 7969 7342 7344 7345 7343
8 7974 7972 7969 7973 7340 7342 7343 7341
8 3709 7975 7974 3707 2958 5211 7340 3034
8 7975 7976 7972 7974 5211 6449 7342 7340
8 3713 7973 7977 3711 3035 7341 5847 2956
8 3707 7974 7973 3713 3034 7340 7341 3035
8 7975 7979 7978 7976 5211 5863 6448 6449
8 3709 3716 7979 7975 2958 2960 5863 5211
8 3716 3695 7963 7979 2960 2962 5871 5863
8 7982 7981 7968 7980 5212 5864 4683 4549
8 3711 7977 7983 3720 2956 5847 7389 3089
8 7977 7985 7984 7983 5847 6435 7391 7389
8 7976 7978 7981 7982 6449 6448 5864 5212
8 7982 7980 7986 7971 5212 4549 7346 7344
8 7976 7982 7971 7972 6449 5212 7344 7342
8 7964 7960 7962 7987 6447 6446 5239 5873
8 7978 7964 7987 7981 6448 6447 5873 5864
8 7979 7963 7964 7978 5863 5871 6447 6448
8 7981 7987 7967 7968 5864 5873 5865 4683
8 7967 7961 7988 7966 5865 5238 4685 5868
8 7966 7988 7990 7989 5868 4685 5877 4630
8 7987 7962 7961 7967 5873 5239 5238 5865
8 7960 7955 7956 7962 6446 6445 5904 5239
8 7961 7957 7958 7988 5238 5900 5896 4685
8 7980 7968 7965 7991 4549 4683 4554 5831
8 7988 7958 7992 7990 4685 5896 5892 5877
8 7965 7966 7989 7993 4554 5868 4630 5824
8 7965 7993 7994 7991 4554 5824 5832 5831
8 7973 7969 7985 7977 7341 7343 6435 5847
8 7971 7986 7995 7970 7344 7346 7347 7345
8 7969 7970 7996 7985 7343 7345 5848 6435
8 7985 7996 7997 7984 6435 5848 7393 7391
8 7996 7999 7998 7997 5848 5849 7395 7393
8 7970 7995 7999 7996 7345 7347 5849 5848
8 7999 8001 8000 7998 5849 5850 7397 7395
8 7995 8002 8001 7999 7347 7349 5850 5849
8 7986 8003 8002 7995 7346 7348 7349 7347
8 7980 7991 8003 7986 4549 5831 7348 7346
8 8001 8005 8004 8000 5850 5851 7399 7397
8 8002 8006 8005 8001 7349 7351 5851 5850
8 8003 8007 8006 8002 7348 7350 7351 7349
8 7991 7994 8007 8003 5831 5832 7350 7348
8 7958 7953 8008 7992 5896 5895 5891 5892
8 7953 7948 8009 8008 5895 5233 5232 5891
8 7948 7942 8010 8009 5233 6508 6512 5232
8 7942 7936 8011 8010 6508 5229 6511 6512
8 7936 7937 8012 8011 5229 4702 4585 6511
8 7993 7989 8014 8013 5824 4630 5237 5241
8 7989 7990 8015 8014 4630 5877 5875 5237
8 7927 7922 8016 7943 4553 4552 5399 4652
8 7990 7992 8017 8015 5877 5892 5884 5875
8 7992 8008 8018 8017 5892 5891 5883 5884
8 8008 8009 8019 8018 5891 5232 5231 5883
8 8009 8010 8020 8019 5232 6512 6516 5231
8 8010 8011 8021 8020 6512 6511 6515 6516
8 8011 8012 8022 8021 6511 4585 5398 6515
8 7943 8016 8022 8012 4652 5399 5398 4585
8 8005 8024 8023 8004 5851 5852 7401 7399
8 8006 8025 8024 8005 7351 7353 5852 5851
8 8007 8026 8025 8006 7350 7352 7353 7351
8 7994 8027 8026 8007 5832 5834 7352 7350
8 7993 8013 8027 7994 5824 5241 5834 5832
8 8024 8029 8028 8023 5852 7309 7403 7401
8 8025 8030 8029 8024 7353 7355 7309 5852
8 8026 8031 8030 8025 7352 7354 7355 7353
8 8027 8032 8031 8026 5834 6569 7354 7352
8 8027 8013 8033 8032 5834 5241 6567 6569
8 8013 8014 8034 8033 5241 5237 6565 6567
8 8014 8015 8035 8034 5237 5875 6563 6565
8 8015 8017 8036 8035 5875 5884 6561 6563
8 8017 8018 8037 8036 5884 5883 6559 6561
8 8018 8019 8038 8037 5883 5231 6557 6559
8 8019 8020 8039 8038 5231 6516 6555 6557
8 8020 8021 8040 8039 6516 6515 6553 6555
8 8021 8022 8041 8040 6515 5398 6551 6553
8 7922 7900 8042 8016 4552 4551 5397 5399
8 8016 8042 8041 8022 5399 5397 6551 5398
8 8042 7900 7901 8043 5397 4551 6573 6571
8 8041 8042 8043 8044 6551 5397 6571 6552
8 8040 8041 8044 8045 6553 6551 6552 6554
8 8039 8040 8045 8046 6555 6553 6554 6556
8 8038 8039 8046 8047 6557 6555 6556 6558
8 8037 8038 8047 8048 6559 6557 6558 6560
8 8036 8037 8048 8049 6561 6559 6560 6562
8 8035 8036 8049 8050 6563 6561 6562 6564
8 8034 8035 8050 8051 6565 6563 6564 6566
8 8033 8034 8051 8052 6567 6565 6566 6568
8 8032 8033 8052 8053 6569 6567 6568 6570
8 8032 8053 8054 8031 6569 6570 7356 7354
8 8031 8054 8055 8030 7354 7356 7357 7355
8 8030 8055 8056 8029 7355 7357 7310 7309
8 8029 8056 8057 8028 7309 7310 7405 7403
8 8056 8059 8058 8057 7310 5853 7407 7405
8 8055 8060 8059 8056 7357 7359 5853 7310
8 8054 8061 8060 8055 7356 7358 7359 7357
8 8053 8062 8061 8054 6570 5833 7358 7356
8 8053 8052 8063 8062 6570 6568 4681 5833
8 8052 8051 8064 8063 6568 6566 4547 4681
8 8051 8050 8065 8064 6566 6564 4625 4547
8 8050 8049 8066 8065 6564 6562 5888 4625
8 8049 8048 8067 8066 6562 6560 5887 5888
8 8048 8047 8068 8067 6560 6558 5880 5887
8 8047 8046 8069 8068 6558 6556 5210 5880
8 8046 8045 8070 8069 6556 6554 4624 5210
8 8045 8044 8071 8070 6554 6552 4548 4624
8 8043 7901 7902 8072 6571 6573 6575 5396
8 8044 8043 8072 8071 6552 6571 5396 4548
8 8076 8075 8074 8073 6600 6598 6599 6601
8 8074 8078 8077 8073 6599 7021 7023 6601
8 8082 8081 8080 8079 6604 6602 6603 6605
8 8086 8085 8084 8083 6758 6756 6755 6757
8 8090 8089 8088 8087 7030 5943 5942 7032
8 8066 8067 8092 8091 5888 5887 6606 6608
8 7903 8095 8094 8093 7018 4512 4603 7020
8 8097 8096 8078 8074 6618 7019 7021 6599
8 8098 7878 7879 8097 6617 4550 6619 6618
8 8075 8098 8097 8074 6598 6617 6618 6599
8 8071 8072 8098 8075 4548 5396 6617 6598
8 7879 7880 8096 8097 6619 7017 7019 6618
8 8081 8076 8073 8080 6602 6600 6601 6603
8 8069 8070 8076 8081 5210 4624 6600 6602
8 8072 7902 7878 8098 5396 6575 4550 6617
8 8070 8071 8075 8076 4624 4548 6598 6600
8 8067 8068 8082 8092 5887 5880 6604 6606
8 8068 8069 8081 8082 5880 5210 6602 6604
8 8102 8101 8100 8099 6612 6610 6611 6613
8 8101 8091 8103 8100 6610 6608 6609 6611
8 8105 8090 8087 8104 7029 7030 7032 7031
8 8059 8107 8106 8058 5853 7314 7409 7407
8 8060 8108 8107 8059 7359 7361 7314 5853
8 8061 8109 8108 8060 7358 7360 7361 7359
8 8062 8110 8109 8061 5833 6616 7360 7358
8 8062 8063 8111 8110 5833 4681 6614 6616
8 8063 8064 8102 8111 4681 4547 6612 6614
8 8064 8065 8101 8102 4547 4625 6610 6612
8 8065 8066 8091 8101 4625 5888 6608 6610
8 8099 8114 8113 8112 6613 7035 7037 6615
8 8118 8117 8116 8115 5826 7039 7424 7362
8 8108 8120 8119 8107 7361 7363 5854 7314
8 8119 8123 8122 8121 5854 7428 7430 7411
8 8107 8119 8121 8106 7314 5854 7411 7409
8 8109 8115 8120 8108 7360 7362 7363 7361
8 8110 8118 8115 8109 6616 5826 7362 7360
8 8112 8113 8117 8118 6615 7037 7039 5826
8 8111 8102 8099 8112 6614 6612 6613 6615
8 8110 8111 8112 8118 6616 6614 6615 5826
8 8087 8088 8125 8124 7032 5942 5867 7034
8 8104 8087 8124 8126 7031 7032 7034 7033
8 8130 8129 8128 8127 7026 5209 4682 7028
8 8079 8132 8105 8131 6605 7027 7029 6607
8 8133 8130 8127 8132 7025 7026 7028 7027
8 8132 8127 8090 8105 7027 7028 7030 7029
8 8100 8126 8114 8099 6611 7033 7035 6613
8 8091 8092 8131 8103 6608 6606 6607 6609
8 8092 8082 8079 8131 6606 6604 6605 6607
8 8080 8133 8132 8079 6603 7025 7027 6605
8 8077 8134 8130 8133 7023 7024 7026 7025
8 8073 8077 8133 8080 6601 7023 7025 6603
8 8131 8105 8104 8103 6607 7029 7031 6609
8 8103 8104 8126 8100 6609 7031 7033 6611
8 8136 8125 8086 8135 5911 5867 6758 6760
8 8139 8138 8137 8134 7022 5208 5960 7024
8 8078 8139 8134 8077 7021 7022 7024 7023
8 8093 8094 8138 8139 7020 4603 5208 7022
8 8138 8094 8141 8140 5208 4603 4511 6746
8 8096 8093 8139 8078 7019 7020 7022 7021
8 8129 8137 8143 8142 5209 5960 6748 6750
8 8134 8137 8129 8130 7024 5960 5209 7026
8 7880 7903 8093 8096 7017 7018 7020 7019
8 8137 8138 8140 8143 5960 5208 6746 6748
8 8095 8144 8141 8094 4512 6791 4511 4603
8 8128 8129 8142 8145 4682 5209 6750 6752
8 8089 8128 8145 8146 5943 4682 6752 6754
8 8127 8128 8089 8090 7028 4682 5943 7030
8 8088 8089 8146 8085 5942 5943 6754 6756
8 8125 8088 8085 8086 5867 5942 6756 6758
8 8126 8124 8147 8114 7033 7034 7036 7035
8 8124 8125 8136 8147 7034 5867 5911 7036
8 8114 8147 8148 8113 7035 7036 7038 7037
8 8147 8136 8149 8148 7036 5911 5910 7038
8 8120 8150 8123 8119 7363 7426 7428 5854
8 8115 8116 8150 8120 7362 7424 7426 7363
8 8123 8152 8151 8122 7428 7440 7442 7430
8 8150 8153 8152 8123 7426 7438 7440 7428
8 8116 8154 8153 8150 7424 7436 7438 7426
8 8152 8156 8155 8151 7440 7452 7454 7442
8 8153 8157 8156 8152 7438 7450 7452 7440
8 8156 8159 8158 8155 7452 7464 7466 7454
8 8158 8159 8161 8160 7466 7464 7496 7508
8 8113 8148 8162 8117 7037 7038 7040 7039
8 8166 8165 8164 8163 7488 7490 7502 7499
8 8163 8164 8168 8167 7499 7502 7514 7511
8 8164 8170 8169 8168 7502 7505 7517 7514
8 8160 8161 8163 8167 7508 7496 7499 7511
8 8170 8172 8171 8169 7505 7526 7529 7517
8 8165 8173 8170 8164 7490 7493 7505 7502
8 8161 8174 8166 8163 7496 7484 7488 7499
8 8176 8175 8165 8166 7476 7478 7490 7488
8 8159 8177 8174 8161 7464 7462 7484 7496
8 8179 8178 8177 8157 7448 7460 7462 7450
8 8157 8177 8159 8156 7450 7462 7464 7452
8 8154 8179 8157 8153 7436 7448 7450 7438
8 8177 8178 8180 8174 7462 7460 7472 7484
8 8174 8180 8176 8166 7484 7472 7476 7488
8 8175 8181 8173 8165 7478 7481 7493 7490
8 8117 8162 8154 8116 7039 7040 7436 7424
8 8162 8182 8179 8154 7040 5909 7448 7436
8 8148 8149 8182 8162 7038 5910 5909 7040
8 8182 8183 8178 8179 5909 6764 7460 7448
8 8182 8149 8184 8183 5909 5910 6762 6764
8 8149 8136 8135 8184 5910 5911 6760 6762
8 8178 8183 8185 8180 7460 6764 6763 7472
8 8189 8188 8187 8186 5099 5105 5106 5100
8 8186 8187 8191 8190 5100 5106 5107 5101
8 8185 8192 8186 8190 6763 6761 5100 5101
8 8192 8193 8189 8186 6761 6759 5099 5100
8 8183 8184 8192 8185 6764 6762 6761 6763
8 8184 8135 8193 8192 6762 6760 6759 6761
8 8083 8084 8195 8194 6757 6755 5944 5098
8 8135 8086 8083 8193 6760 6758 6757 6759
8 8083 8194 8189 8193 6757 5098 5099 6759
8 8189 8194 8196 8188 5099 5098 5104 5105
8 8194 8195 8197 8196 5098 5944 5946 5104
8 8085 8146 8198 8084 6756 6754 6753 6755
8 8180 8185 8190 8176 7472 6763 5101 7476
8 8190 8191 8175 8176 5101 5107 7478 7476
8 8191 8199 8181 8175 5107 5113 7481 7478
8 8187 8200 8199 8191 5106 5112 5113 5107
8 8188 8201 8200 8187 5105 5111 5112 5106
8 8201 8203 8202 8200 5111 7112 7114 5112
8 8172 8205 8204 8171 7526 7538 7541 7529
8 8205 8207 8206 8204 7538 7550 7553 7541
8 8207 8209 8208 8206 7550 7562 7565 7553
8 8209 8211 8210 8208 7562 7574 7577 7565
8 8211 8213 8212 8210 7574 7586 7589 7577
8 8173 8214 8172 8170 7493 7523 7526 7505
8 8214 8215 8205 8172 7523 7535 7538 7526
8 8217 8216 8213 8211 7571 7583 7586 7574
8 8218 8217 8211 8209 7559 7571 7574 7562
8 8219 8218 8209 8207 7547 7559 7562 7550
8 8215 8219 8207 8205 7535 7547 7550 7538
8 8181 8220 8214 8173 7481 7520 7523 7493
8 8220 8221 8215 8214 7520 7532 7535 7523
8 8221 8222 8219 8215 7532 7544 7547 7535
8 8222 8223 8218 8219 7544 7556 7559 7547
8 8223 8224 8217 8218 7556 7568 7571 7559
8 8224 8225 8216 8217 7568 7580 7583 7571
8 8227 8226 8225 8224 5138 5151 7580 7568
8 8229 8228 8226 8227 5137 5150 5151 5138
8 8231 8229 8227 8230 7193 5137 5138 7195
8 8230 8227 8224 8223 7195 5138 7568 7556
8 8232 8230 8223 8222 7194 7195 7556 7544
8 8233 8231 8230 8232 7192 7193 7195 7194
8 8235 8233 8232 8234 7115 7192 7194 7117
8 8234 8232 8222 8221 7117 7194 7544 7532
8 8236 8234 8221 8220 7116 7117 7532 7520
8 8199 8236 8220 8181 5113 7116 7520 7481
8 8200 8202 8236 8199 5112 7114 7116 5113
8 8202 8235 8234 8236 7114 7115 7117 7116
8 8203 8237 8235 8202 7112 7113 7115 7114
8 8239 8238 8203 8201 5110 7110 7112 5111
8 8238 8240 8237 8203 7110 7111 7113 7112
8 8237 8241 8233 8235 7113 7190 7192 7115
8 8241 8242 8231 8233 7190 7191 7193 7192
8 8242 8243 8229 8231 7191 5136 5137 7193
8 8243 8244 8228 8229 5136 5149 5150 5137
8 8196 8239 8201 8188 5104 5110 5111 5105
8 8246 8245 8244 8243 5135 5148 5149 5136
8 8248 8247 8245 8246 5953 5971 5148 5135
8 8250 8249 8242 8241 7188 7189 7191 7190
8 8249 8246 8243 8242 7189 5135 5136 7191
8 8240 8250 8241 8237 7111 7188 7190 7113
8 8251 8248 8246 8249 7187 5953 5135 7189
8 8252 8251 8249 8250 7186 7187 7189 7188
8 8253 8252 8250 8240 7109 7186 7188 7111
8 8254 8253 8240 8238 7108 7109 7111 7110
8 8257 8256 8254 8255 5949 7106 7108 5948
8 8259 8258 8256 8257 5109 7104 7106 5949
8 8261 8260 8259 8257 5947 5103 5109 5949
8 8258 8263 8262 8256 7104 7105 7107 7106
8 8267 8266 8265 8264 5108 7100 7102 5954
8 8271 8270 8269 8268 6751 6749 5958 5097
8 8269 8274 8273 8272 5958 5096 5102 5956
8 8197 8261 8257 8255 5946 5947 5949 5948
8 8196 8197 8255 8239 5104 5946 5948 5110
8 8277 8276 8275 8263 7103 7180 7182 7105
8 8275 8280 8279 8278 7182 7183 7185 7184
8 8284 8283 8282 8281 6745 6744 4660 5919
8 8268 8269 8272 8260 5097 5958 5956 5103
8 8195 8285 8261 8197 5944 5945 5947 5946
8 8198 8271 8268 8285 6753 6751 5097 5945
8 8084 8198 8285 8195 6755 6753 5945 5944
8 8145 8142 8270 8271 6752 6750 6749 6751
8 8146 8145 8271 8198 6754 6752 6751 6753
8 8143 8140 8284 8286 6748 6746 6745 6747
8 8142 8143 8286 8270 6750 6748 6747 6749
8 8285 8268 8260 8261 5945 5097 5103 5947
8 8255 8254 8238 8239 5948 7108 7110 5110
8 8256 8262 8253 8254 7106 7107 7109 7108
8 8262 8278 8252 8253 7107 7184 7186 7109
8 8263 8275 8278 8262 7105 7182 7184 7107
8 8278 8279 8251 8252 7184 7185 7187 7186
8 8288 8287 8247 8248 5952 5970 5971 5953
8 8279 8288 8248 8251 7185 5952 5953 7187
8 8290 8289 8287 8288 5134 5147 5970 5952
8 8280 8290 8288 8279 7183 5134 5952 7185
8 8292 8291 8289 8290 5973 5969 5147 5134
8 8293 8292 8290 8280 7181 5973 5134 7183
8 8276 8293 8280 8275 7180 7181 7183 7182
8 8265 8277 8263 8258 7102 7103 7105 7104
8 8264 8265 8258 8259 5954 7102 7104 5109
8 8272 8273 8267 8264 5956 5102 5108 5954
8 8260 8272 8264 8259 5103 5956 5954 5109
8 8270 8286 8274 8269 6749 6747 5096 5958
8 8266 8294 8277 8265 7100 7101 7103 7102
8 8294 8295 8276 8277 7101 7178 7180 7103
8 8295 8296 8293 8276 7178 7179 7181 7180
8 8296 8297 8292 8293 7179 5972 5973 7181
8 8297 8298 8291 8292 5972 5968 5969 5973
8 8300 8299 8298 8297 5133 5146 5968 5972
8 8301 8300 8297 8296 7177 5133 5972 7179
8 8302 8301 8296 8295 7176 7177 7179 7178
8 8303 8302 8295 8294 7099 7176 7178 7101
8 8304 8303 8294 8266 7098 7099 7101 7100
8 8306 8305 8303 8304 7096 7097 7099 7098
8 8307 8304 8266 8267 5915 7098 7100 5108
8 8308 8306 8304 8307 4541 7096 7098 5915
8 8309 8307 8267 8273 5916 5915 5108 5102
8 8281 8309 8273 8274 5919 5916 5102 5096
8 8309 8310 8308 8307 5916 4540 4541 5915
8 8281 8282 8310 8309 5919 4660 4540 5916
8 8314 8313 8312 8311 6718 4555 4632 7071
8 8282 8314 8311 8310 4660 6718 7071 4540
8 8316 8315 8313 8314 6792 6794 4555 6718
8 8320 8319 8318 8317 6920 6914 4631 4659
8 8140 8141 8283 8284 6746 4511 6744 6745
8 8305 8321 8302 8303 7097 7174 7176 7099
8 8321 8322 8301 8302 7174 7175 7177 7176
8 8322 8323 8300 8301 7175 5974 5133 7177
8 8323 8324 8299 8300 5974 6006 5146 5133
8 8324 8323 8326 8325 6006 5974 5132 5145
8 8323 8322 8327 8326 5974 7175 5125 5132
8 8322 8321 8328 8327 7175 7174 7219 5125
8 8321 8305 8329 8328 7174 7097 7143 7219
8 8306 8330 8329 8305 7096 7141 7143 7097
8 8308 8331 8330 8306 4541 7070 7141 7096
8 8310 8311 8331 8308 4540 7071 7070 4541
8 8325 8326 8333 8332 5145 5132 5976 6004
8 8333 8326 8327 8334 5976 5132 5125 5977
8 8283 8316 8314 8282 6744 6792 6718 4660
8 7905 7906 8336 8335 7067 6896 4604 6716
8 7904 7905 8335 8095 7065 7067 6716 4512
8 7906 7907 8337 8336 6896 6989 4635 4604
8 7907 7908 8338 8337 6989 6990 6986 4635
8 7908 7909 8339 8338 6990 6889 5242 6986
8 8335 8336 8341 8340 6716 4604 6795 6793
8 8095 8335 8340 8144 4512 6716 6793 6791
8 8340 8341 8315 8316 6793 6795 6794 6792
8 8144 8340 8316 8283 6791 6793 6792 6744
8 8336 8337 8342 8341 4604 4635 4513 6795
8 8346 8345 8344 8343 6912 4686 6918 6916
8 7909 7910 8347 8339 6889 6887 4634 5242
8 7910 7911 8348 8347 6887 4556 6891 4634
8 7913 7914 8350 8349 6801 6800 6804 6805
8 7914 7915 8351 8350 6800 4687 5247 6804
8 8341 8342 8319 8320 6795 4513 6914 6920
8 8343 8344 8353 8352 6916 6918 5429 6721
8 8344 8355 8354 8353 6918 6924 6923 5429
8 8338 8339 8345 8346 6986 5242 4686 6912
8 8313 8317 8357 8356 4555 4659 5323 4580
8 8360 8359 8357 8358 6972 6974 5323 5322
8 8352 8353 8362 8361 6721 5429 5320 5321
8 8345 8363 8355 8344 4686 6910 6924 6918
8 8352 8361 8358 8318 6721 5321 5322 4631
8 8365 8331 8312 8364 5929 7070 4632 6978
8 8339 8347 8363 8345 5242 4634 6910 4686
8 8353 8354 8366 8362 5429 6923 4690 5320
8 8368 8361 8362 8367 6970 5321 5320 6968
8 8368 8360 8358 8361 6970 6972 5322 5321
8 8317 8318 8358 8357 4659 4631 5322 5323
8 8315 8320 8317 8313 6794 6920 4659 4555
8 8369 8330 8331 8365 5927 7141 7070 5929
8 8371 8365 8364 8370 5924 5929 6978 6977
8 8328 8329 8373 8372 7219 7143 5931 7150
8 8329 8330 8369 8373 7143 7141 5927 5931
8 8373 8369 8375 8374 5931 5927 5933 4646
8 8376 8372 8373 8374 5980 7150 5931 4646
8 8375 8369 8365 8371 5933 5927 5929 5924
8 8334 8328 8372 8377 5977 7219 7150 7148
8 8377 8372 8376 8378 7148 7150 5980 7228
8 8380 8376 8374 8379 4698 5980 4646 4578
8 8382 8332 8333 8381 5144 6004 5976 5131
8 5131 5144 6002 5986 8381 8382 8384 8383
8 8386 8384 8383 8385 5143 6002 5986 5130
8 8388 8386 8385 8387 6000 5143 5130 5988
8 8390 8388 8387 8389 5142 6000 5988 5129
8 8389 8392 8391 8390 5129 4543 5998 5142
8 8392 8394 8393 8391 4543 5995 4620 5998
8 8394 8396 8395 8393 5995 4619 5996 4620
8 8396 8398 8397 8395 4619 5128 5141 5996
8 8400 8399 8397 8398 5127 5140 5141 5128
8 8402 8401 8399 8400 5126 5139 5140 5127
8 4142 4141 8401 8402 2921 2919 5139 5126
8 8403 8381 8333 8334 5124 5131 5976 5977
8 8383 8381 8403 8404 5986 5131 5124 5982
8 8387 8385 8406 8405 5988 5130 5123 5989
8 8385 8383 8404 8406 5130 5986 5982 5123
8 8387 8405 8407 8389 5988 5989 5122 5129
8 8408 8392 8389 8407 5121 4543 5129 5122
8 8392 8408 8409 8394 4543 5121 4542 5995
8 4619 4677 4542 5995 8396 8410 8409 8394
8 8411 8398 8396 8410 5120 5128 4619 4677
8 8412 8400 8398 8411 5119 5127 5128 5120
8 8413 8402 8400 8412 5118 5126 5127 5119
8 4154 4142 8402 8413 2923 2921 5126 5118
8 4156 4154 8413 8414 2925 2923 5118 4695
8 8414 8413 8412 8415 4695 5118 5119 4642
8 8415 8412 8411 8416 4642 5119 5120 4643
8 8416 8411 8410 8417 4643 5120 4677 5114
8 8417 8410 8409 8418 5114 4677 4542 5115
8 8418 8409 8408 8419 5115 4542 5121 5116
8 8419 8408 8407 8420 5116 5121 5122 4644
8 8405 8421 8420 8407 5989 5992 4644 5122
8 8405 8406 8422 8421 5989 5123 4645 5992
8 8406 8404 8423 8422 5123 5982 5983 4645
8 8404 8403 8424 8423 5982 5124 7147 5983
8 8424 8403 8334 8377 7147 5124 5977 7148
8 8425 8424 8377 8378 5117 7147 7148 7228
8 8342 8346 8343 8319 4513 6912 6916 6914
8 8337 8338 8346 8342 4635 6986 6912 4513
8 8319 8343 8352 8318 6914 6916 6721 4631
8 8428 8427 8426 8367 5319 6926 6967 6968
8 8366 8428 8367 8362 4690 5319 6968 5320
8 8431 8430 8426 8429 5377 6969 6967 5376
8 8430 8368 8367 8426 6969 6970 6968 6967
8 8432 8429 8426 8427 6966 5376 6967 6926
8 8429 8434 8433 8431 5376 5347 5348 5377
8 8431 8436 8435 8430 5377 5378 6971 6969
8 8431 8433 8437 8436 5377 5348 5349 5378
8 8364 8312 8356 8438 6978 4632 4580 6976
8 8438 8356 8357 8359 6976 4580 5323 6974
8 8370 8364 8438 8439 6977 6978 6976 6975
8 8442 8439 8441 8440 5380 6975 6973 5379
8 8443 8370 8439 8442 5381 6977 6975 5380
8 8444 8371 8370 8443 4579 5924 6977 5381
8 8445 8375 8371 8444 4699 5933 5924 4579
8 8379 8374 8375 8445 4578 4646 5933 4699
8 8446 8378 8376 8380 7226 7228 5980 4698
8 8447 8425 8378 8446 5318 5117 7228 7226
8 4191 4156 8414 8448 2927 2925 4695 4573
8 4193 4191 8448 8449 89 2927 4573 4693
8 4195 4193 8449 8450 872 89 4693 5309
8 4197 4195 8450 8451 867 872 5309 5305
8 3638 4199 8452 7916 791 793 5246 5245
8 8351 8454 8453 8350 5247 6812 6808 6804
8 4203 8455 8452 4199 2936 6816 5246 793
8 7915 7916 8452 8351 4687 5245 5246 5247
8 8455 8454 8351 8452 6816 6812 5247 5246
8 8454 8457 8456 8453 6812 6813 6809 6808
8 8458 8457 8454 8455 6817 6813 6812 6816
8 4207 8458 8455 4203 2937 6817 6816 2936
8 4209 8459 8458 4207 796 5248 6817 2937
8 8459 8460 8457 8458 5248 5249 6813 6817
8 4212 8461 8459 4209 804 5255 5248 796
8 4214 8462 8461 4212 810 5260 5255 804
8 8465 8464 8463 8462 5263 5264 5261 5260
8 8469 8468 8467 8466 5265 4637 4688 5262
8 8473 8472 8471 8470 6883 4636 6895 6893
8 7911 7912 8472 8473 4556 6797 4636 6883
8 7912 7913 8349 8472 6797 6801 6805 4636
8 8347 8348 8475 8474 4634 6891 4565 6898
8 8457 8460 8476 8456 6813 5249 5250 6809
8 8461 8477 8460 8459 5255 5256 5249 5248
8 8460 8477 8478 8476 5249 5256 5257 5250
8 8462 8463 8477 8461 5260 5261 5256 5255
8 8463 8466 8478 8477 5261 5262 5257 5256
8 4231 8465 8462 4214 2408 5263 5260 810
8 8464 8469 8466 8463 5264 5265 5262 5261
8 8478 8466 8467 8479 5257 5262 4688 5258
8 4234 8480 8465 4231 817 5266 5263 2408
8 4236 8481 8480 4234 821 5269 5266 817
8 4238 8482 8481 4236 825 5272 5269 821
8 4240 8483 8482 4238 829 5275 5272 825
8 4242 8484 8483 4240 834 5279 5275 829
8 8484 4242 4244 8485 5279 834 839 5283
8 8485 4244 4246 8486 5283 839 845 5288
8 4250 4249 8488 8487 850 855 5296 5292
8 4246 4250 8487 8486 845 850 5292 5288
8 4254 4253 8490 8489 859 863 5302 5299
8 4253 4197 8451 8490 863 867 5305 5302
8 4249 4254 8489 8488 855 859 5299 5296
8 8448 8414 8415 8491 4573 4695 4642 7235
8 8491 8415 8416 8492 7235 4642 4643 4574
8 8492 8416 8417 8493 4574 4643 5114 4572
8 8497 8496 8495 8494 5312 5370 5371 5311
8 8501 8500 8499 8498 5338 5447 5448 5339
8 8505 8504 8503 8502 5336 5445 5446 5337
8 8449 8448 8491 8506 4693 4573 7235 4570
8 8506 8491 8492 8507 4570 7235 4574 4694
8 8509 8506 8507 8508 5310 4570 4694 4583
8 8450 8449 8506 8509 5309 4693 4570 5310
8 8511 8509 8508 8510 5306 5310 4583 5307
8 8451 8450 8509 8511 5305 5309 5310 5306
8 8515 8514 8513 8512 5285 5284 5289 5290
8 8517 8511 8510 8516 5303 5306 5307 5304
8 8489 8490 8517 8518 5299 5302 5303 5300
8 8514 8485 8486 8513 5284 5283 5288 5289
8 8488 8489 8518 8520 5296 5299 5300 5297
8 8519 8521 8512 8513 5293 5294 5290 5289
8 8486 8487 8519 8513 5288 5292 5293 5289
8 8522 8484 8485 8514 5280 5279 5283 5284
8 8490 8451 8511 8517 5302 5305 5306 5303
8 8524 8523 8469 8464 5267 5268 5265 5264
8 8480 8524 8464 8465 5266 5267 5264 5263
8 8523 8525 8468 8469 5268 4638 4637 5265
8 8527 8526 8523 8524 5270 5271 5268 5267
8 8482 8528 8527 8481 5272 5273 5270 5269
8 8481 8527 8524 8480 5269 5270 5267 5266
8 8483 8529 8528 8482 5275 5276 5273 5272
8 8484 8522 8529 8483 5279 5280 5276 5275
8 8528 8530 8526 8527 5273 5274 5271 5270
8 8522 8532 8531 8529 5280 5281 5277 5276
8 8529 8531 8530 8528 5276 5277 5274 5273
8 8532 8522 8514 8515 5281 5280 5284 5285
8 8526 8533 8525 8523 5271 4561 4638 5268
8 8479 8536 8535 8534 5258 6836 6840 5251
8 8538 8530 8531 8537 4689 5274 5277 5278
8 8479 8467 8539 8536 5258 4688 6845 6836
8 8536 8541 8540 8535 6836 6837 6841 6840
8 8536 8539 8542 8541 6836 6845 6853 6837
8 8540 8541 8544 8543 6841 6837 5259 5252
8 8544 8546 8545 8543 5259 5430 5253 5252
8 8541 8542 8547 8544 6837 6853 4560 5259
8 8546 8549 8548 8545 5430 5254 5464 5253
8 8468 8550 8539 8467 4637 6833 6845 4688
8 8525 8551 8550 8468 4638 6844 6833 4637
8 8550 8552 8542 8539 6833 6852 6853 6845
8 8530 8538 8533 8526 5274 4689 4561 5271
8 8532 8553 8537 8531 5281 5282 5278 5277
8 8553 8532 8515 8554 5282 5281 5285 5286
8 8554 8515 8512 8555 5286 5285 5290 5291
8 8521 8556 8555 8512 5294 5295 5291 5290
8 8558 8553 8554 8557 6829 5282 5286 6827
8 8435 8441 8359 8360 6971 6973 6974 6972
8 8348 8473 8470 8475 6891 6883 6893 4565
8 8561 8470 8471 8559 6877 6893 6895 6982
8 8562 8475 8470 8561 6981 4565 6893 6877
8 8563 8561 8559 8548 6875 6877 6982 5464
8 8562 8561 8563 8566 6981 6877 6875 4564
8 8566 8567 8564 8562 4564 6902 6900 6981
8 8566 8563 8549 8568 4564 6875 5254 4563
8 8569 8568 8549 8546 4562 4563 5254 5430
8 8547 8569 8546 8544 4560 4562 5430 5259
8 8571 8570 8547 8552 6851 6863 4560 6852
8 8551 8571 8552 8550 6844 6851 6852 6833
8 8478 8479 8534 8476 5257 5258 5251 5250
8 8533 8572 8551 8525 4561 6831 6844 4638
8 8572 8573 8571 8551 6831 6850 6851 6844
8 8538 8574 8572 8533 4689 4639 6831 4561
8 8574 8538 8537 8575 4639 4689 5278 4567
8 8553 8558 8575 8537 5282 6829 4567 5278
8 8557 8554 8555 8576 6827 5286 5291 6825
8 8574 8577 8573 8572 4639 4566 6850 6831
8 8577 8574 8575 8578 4566 4639 4567 6855
8 8578 8575 8558 8579 6855 4567 6829 4691
8 8579 8558 8557 8580 4691 6829 6827 5287
8 8580 8557 8576 8581 5287 6827 6825 4692
8 8573 8582 8570 8571 6850 6859 6863 6851
8 8577 8583 8582 8573 4566 6861 6859 6850
8 8583 8577 8578 8584 6861 4566 6855 6865
8 8584 8578 8579 8585 6865 6855 4691 6867
8 8587 8584 8585 8586 6869 6865 6867 4640
8 8584 8587 8588 8583 6865 6869 4568 6861
8 8582 8583 8588 8589 6859 6861 4568 6871
8 8582 8589 8569 8570 6859 6871 4562 6863
8 8589 8590 8568 8569 6871 6880 4563 4562
8 8589 8588 8591 8590 6871 4568 6881 6880
8 8587 8592 8591 8588 6869 6979 6881 4568
8 8592 8594 8593 8591 6979 6906 6904 6881
8 8590 8591 8593 8567 6880 6881 6904 6902
8 8590 8567 8566 8568 6880 6902 4564 4563
8 8567 8593 8565 8564 6902 6904 6908 6900
8 8594 8354 8355 8565 6906 6923 6924 6908
8 8592 8366 8354 8594 6979 4690 6923 6906
8 8592 8597 8428 8366 6979 6928 5319 4690
8 8430 8435 8360 8368 6969 6971 6972 6970
8 8439 8438 8359 8441 6975 6976 6974 6973
8 8440 8441 8435 8436 5379 6973 6971 5378
8 8437 8600 8599 8598 5349 5327 5328 5350
8 8436 8437 8598 8440 5378 5349 5350 5379
8 8433 8601 8600 8437 5348 5326 5327 5349
8 8440 8598 8602 8442 5379 5350 5351 5380
8 8434 8603 8601 8433 5347 5325 5326 5348
8 8598 8599 8604 8602 5350 5328 5329 5351
8 8602 8604 8606 8605 5351 5329 5330 5352
8 8442 8602 8605 8443 5380 5351 5352 5381
8 8597 8607 8427 8428 6928 6930 6926 5319
8 8597 8586 8596 8607 6928 4640 6873 6930
8 8427 8607 8608 8432 6926 6930 6965 6966
8 8429 8432 8609 8434 5376 6966 6964 5347
8 8432 8608 8610 8609 6966 6965 6963 6964
8 8434 8609 8611 8603 5347 6964 6962 5325
8 8609 8610 8612 8611 6964 6963 6961 6962
8 8603 8614 8613 8601 5325 5434 5435 5326
8 8601 8613 8615 8600 5326 5435 5436 5327
8 8600 8615 8616 8599 5327 5436 5437 5328
8 8599 8616 8617 8604 5328 5437 5438 5329
8 8604 8617 8618 8606 5329 5438 5439 5330
8 8611 8612 8620 8619 6962 6961 7686 7685
8 8603 8611 8619 8614 5325 6962 7685 5434
8 8585 8579 8580 8595 6867 4691 5287 6857
8 8608 8607 8596 8621 6965 6930 6873 6960
8 8608 8621 8622 8610 6965 6960 6958 6963
8 6857 6873 6960 6959 8595 8596 8621 8623
8 8621 8623 8624 8622 6960 6959 6957 6958
8 8610 8622 8625 8612 6963 6958 6956 6961
8 8355 8564 6900 6924 8363 8474 6898 6910
8 8612 8625 8626 8620 6961 6956 7687 7686
8 8622 8624 8627 8625 6958 6957 6955 6956
8 8625 8627 8628 8626 6956 6955 7688 7687
8 8627 8630 8629 8628 6955 5324 5433 7688
8 8624 8631 8630 8627 6957 5346 5324 6955
8 8633 8632 8629 8630 5454 5465 5433 5324
8 8634 8633 8630 8631 5345 5454 5324 5346
8 8635 8632 8633 8634 5456 5465 5454 5345
8 8623 8636 8631 8624 6959 4569 5346 6957
8 8637 8634 8631 8636 4641 5345 5346 4569
8 8638 8635 8634 8637 5375 5456 5345 4641
8 8638 8640 8639 8635 5375 5374 5455 5456
8 8640 8642 8641 8639 5374 7247 7245 5455
8 8642 8644 8643 8641 7247 5344 5453 7245
8 8644 8646 8645 8643 5344 7246 7244 5453
8 8646 8648 8647 8645 7246 5343 5452 7244
8 8650 8649 8647 8648 5342 5451 5452 5343
8 8652 8651 8649 8650 5341 5450 5451 5342
8 8654 8653 8651 8652 5340 5449 5450 5341
8 8498 8499 8653 8654 5339 5448 5449 5340
8 8656 8655 8648 8646 7248 5365 5343 7246
8 8657 8656 8646 8644 5308 7248 7246 5344
8 8658 8657 8644 8642 7249 5308 5344 7247
8 8659 8650 8648 8655 5364 5342 5343 5365
8 8661 8660 8657 8658 7251 5431 5308 7249
8 8660 8662 8656 8657 5431 7250 7248 5308
8 8662 8663 8655 8656 7250 4650 5365 7248
8 8663 8664 8659 8655 4650 5373 5364 5365
8 8665 8664 8663 8507 4571 5373 4650 4694
8 8508 8507 8663 8662 4583 4694 4650 7250
8 8510 8508 8662 8660 5307 4583 7250 5431
8 8666 8658 8642 8640 7233 7249 7247 5374
8 8667 8661 8658 8666 7232 7251 7249 7233
8 8668 8516 8661 8667 5301 5304 7251 7232
8 8670 8668 8667 8669 5298 5301 7232 6820
8 8669 8667 8666 8671 6820 7232 7233 6821
8 8671 8666 8640 8638 6821 7233 5374 5375
8 8671 8638 8637 8672 6821 5375 4641 6823
8 8669 8671 8672 8556 6820 6821 6823 5295
8 8556 8672 8576 8555 5295 6823 6825 5291
8 8637 8636 8581 8672 4641 4569 4692 6823
8 8518 8517 8516 8668 5300 5303 5304 5301
8 8520 8518 8668 8670 5297 5300 5301 5298
8 8670 8669 8556 8521 5298 6820 5295 5294
8 8519 8520 8670 8521 5293 5297 5298 5294
8 8516 8510 8660 8661 5304 5307 5431 7251
8 8673 8652 8650 8659 5363 5341 5342 5364
8 8674 8673 8659 8664 5372 5363 5364 5373
8 8493 8674 8664 8665 4572 5372 5373 4571
8 8675 8654 8652 8673 5362 5340 5341 5363
8 8495 8675 8673 8674 5371 5362 5363 5372
8 8494 8495 8674 8493 5311 5371 5372 4572
8 8676 8498 8654 8675 5361 5339 5340 5362
8 8496 8676 8675 8495 5370 5361 5362 5371
8 8493 8417 8677 8494 4572 5114 5432 5311
8 8677 8417 8418 8678 5432 5114 5115 5316
8 8494 8677 8678 8497 5311 5432 5316 5312
8 8678 8418 8419 8679 5316 5115 5116 5317
8 8497 8678 8679 8680 5312 5316 5317 5313
8 8680 8681 8496 8497 5313 5369 5370 5312
8 8681 8682 8676 8496 5369 5360 5361 5370
8 8682 8501 8498 8676 5360 5338 5339 5361
8 8502 8503 8500 8501 5337 5446 5447 5338
8 8683 8502 8501 8682 5359 5337 5338 5360
8 8684 8683 8682 8681 5368 5359 5360 5369
8 8685 8684 8681 8680 5314 5368 5369 5313
8 8686 8505 8502 8683 5358 5336 5337 5359
8 8687 8686 8683 8684 5367 5358 5359 5368
8 8680 8679 8688 8685 5313 5317 4697 5314
8 8689 8687 8684 8685 5315 5367 5368 5314
8 8690 8689 8685 8688 4576 5315 5314 4697
8 8692 8691 8504 8505 5335 5444 5445 5336
8 8679 8419 8420 8688 5317 5116 4644 4697
8 8421 8690 8688 8420 5992 4576 4697 4644
8 8421 8422 8693 8690 5992 4645 4577 4576
8 8693 8694 8689 8690 4577 4696 5315 4576
8 8694 8695 8687 8689 4696 5366 5367 5315
8 8695 8696 8686 8687 5366 5357 5358 5367
8 8696 8692 8505 8686 5357 5335 5336 5358
8 8698 8697 8691 8692 5334 5443 5444 5335
8 8699 8698 8692 8696 4649 5334 5335 5357
8 8700 8699 8696 8695 4582 4649 5357 5366
8 8701 8700 8695 8694 4575 4582 5366 4696
8 8693 8422 8423 8702 4577 4645 5983 7146
8 8693 8702 8701 8694 4577 7146 4575 4696
8 8423 8424 8425 8702 5983 7147 5117 7146
8 5318 5117 7146 4575 8447 8425 8702 8701
8 8447 8703 8700 8701 5318 4701 4582 4575
8 8705 8704 8697 8698 5333 5442 5443 5334
8 8703 8705 8698 8699 4701 5333 5334 4649
8 8447 8446 8706 8703 5318 7226 7224 4701
8 8703 8706 8707 8705 4701 7224 7221 5333
8 8705 8707 8708 8704 5333 7221 7220 5442
8 8707 8710 8709 8708 7221 5332 5441 7220
8 8706 8711 8710 8707 7224 5356 5332 7221
8 8446 8380 8711 8706 7226 4698 5356 7224
8 8379 8712 8711 8380 4578 5355 5356 4698
8 8712 8713 8710 8711 5355 4581 5332 5356
8 8713 8714 8709 8710 4581 4648 5441 5332
8 8445 8715 8712 8379 4699 5354 5355 4578
8 8715 8716 8713 8712 5354 4700 4581 5355
8 8444 8717 8715 8445 4579 5353 5354 4699
8 8443 8605 8717 8444 5381 5352 5353 4579
8 8605 8606 8718 8717 5352 5330 5331 5353
8 8718 8719 8714 8716 5331 5440 4648 4700
8 8717 8718 8716 8715 5353 5331 4700 5354
8 8606 5330 5439 8618 8718 5331 5440 8719
8 4953 6437 7863 7865 5221 6438 7868 7867
8 5296 5297 8520 8488 5292 5293 8519 8487
6 7937 7943 8012 4665 4608 4519
6 7927 7921 7922 4526 4611 4525
6 7931 7926 7927 4667 4612 4526
6 8507 8492 8665 4671 4535 4532
6 8665 8492 8493 4532 4535 4533
6 8716 8714 8713 4679 4621 4544
6 8703 8699 8700 4680 4622 4545
6 4627 4552 4551 4774 4728 4727
6 4628 4553 4552 4775 4729 4728
6 4629 4684 4553 4776 4811 4729
6 4632 4580 4555 4779 4756 4731
6 4574 4694 4571 4750 4821 4747
6 4574 4571 4572 4750 4747 4748
6 4648 4700 4581 4795 4827 4757
6 4649 4701 4582 4796 4828 4758
6 4652 4702 4585 4799 4829 4761
6 6198 6374 6200 6197 6376 6199
6 6202 6375 6201 6198 6374 6200
6 6313 6377 6314 6202 6375 6201
6 6391 6386 6382 6390 6388 6384
6 6392 6387 6383 6391 6386 6382
6 6393 6389 6385 6392 6387 6383
6 6194 6391 6382 6193 6390 6384
6 6204 6392 6383 6194 6391 6382
6 6311 6393 6385 6204 6392 6383
6 6194 4584 6391 6193 4760 6390
6 6204 6205 6392 6194 4584 6391
6 6311 6310 6393 6204 6205 6392
6 6330 6575 4550 6331 6574 4726
6 6321 6575 6330 6323 6574 6331
6 6321 6333 6575 6323 6335 6574
6 6333 6573 6575 6335 6572 6574
6 4626 6573 6333 4773 6572 6335
6 7922 7899 7900 4525 6503 6529
6 6406 4663 4518 6405 4806 4718
6 6406 6711 6399 6405 6710 6398
6 4647 4518 5395 4794 4718 5782
6 6791 4511 6744 6786 6723 6722
6 5250 6809 5251 5637 6807 5638
6 6852 6853 4560 6848 6849 4736
6 6863 4560 4562 6862 4736 4738
6 5254 5464 6875 5641 5821 6874
6 6805 4636 6885 6803 4783 6884
6 6883 4556 6891 6882 4732 6890
6 6885 4636 6895 6884 4783 6894
6 6885 6895 6982 6884 6894 6984
6 6408 6410 6987 6409 6411 6985
6 4661 6412 6414 4805 6413 6415
6 6910 6898 4634 6909 6897 4781
6 6920 6795 6794 6919 6790 6789
6 6906 6904 6908 6905 6903 6907
6 6924 6908 6900 6922 6907 6899
6 6823 6825 4692 6822 6824 4819
6 4569 4692 6959 4745 4819 6935
6 4512 7065 7018 4715 7066 6994
6 7070 4632 7071 7072 4779 7073
6 5125 5977 7219 5568 5979 7218
6 8144 8283 8141 7252 6765 6691
6 7874 7875 7901 4610 6346 6631
6 7876 7877 7902 6340 6343 6643
6 7875 7876 7902 6346 6340 6643
6 7875 7902 7901 6346 6643 6631
6 7877 7878 7902 6343 6655 6643
6 7841 7840 7843 6407 7255 4664
6 7840 7881 7866 7255 7257 7253
6 7833 7884 7835 6418 7260 6419
6 7829 7885 7831 6416 7261 6417
6 7904 8095 7903 7262 6679 7042
6 8356 8312 8313 4539 4618 7291
6 8341 8320 8315 7289 7292 7290
6 7911 8473 8348 7269 7597 7281
6 8347 8474 8363 7280 7598 7303
6 8472 8560 8471 7592 7602 7601
6 8284 8281 8274 6766 5923 4986
6 8286 8284 8274 6768 6766 4986
6 8472 8349 8560 7592 7593 7602
6 6897 4741 6899 6898 4565 6900
6 4741 6983 6899 4565 6981 6900
6 8331 8311 8312 7286 7285 4618
6 7067 6712 4647 7069 6714 4794
6 7065 7067 4647 7066 7069 4794
6 7904 7881 7905 7262 7257 7263
6 7881 7882 7905 7257 7258 7263
6 8327 8328 8334 7630 7638 7629
6 8672 8581 8576 7666 7664 7663
6 6935 6856 4819 6959 6857 4692
6 6856 5674 4819 6857 5287 4692
6 4640 6873 6857 4787 6872 6856
6 6867 4640 6857 6866 4787 6856
6 6927 6980 4787 6928 6979 4640
6 6980 6868 4787 6979 6869 4640
6 8475 8564 8474 7599 7711 7598
6 8581 8636 8623 7664 4530 7705
6 8564 8565 8355 7711 7713 7304
6 8581 8623 8595 7664 7705 7714
6 8586 8597 8592 7718 7717 7715
6 8595 8596 8586 7714 7719 7718
6 8595 8580 8581 7714 7720 7664
6 8585 8595 8586 7726 7714 7718
6 8592 8587 8586 7715 7733 7718
6 8593 8594 8565 7741 7712 7713
6 8564 8475 8562 7711 7599 7761
6 8570 8569 8547 7765 7764 7767
6 8552 8547 8542 7769 7767 7770
6 8471 8560 8559 7601 7602 7797
6 8563 8548 8549 7800 7798 7801
6 8476 8534 8456 7794 7809 7795
6 7840 7841 7843 4518 6406 4663
6 6711 6406 6399 7839 7841 6400
6 6400 7839 7841 6401 7254 6407
6 7881 7840 7866 4647 4518 5395
6 7884 7833 7835 4661 6412 6414
6 7885 7829 7831 6987 6408 6410
6 7875 7874 7901 6333 4626 6573
6 7902 7875 7901 6575 6333 6573
6 7876 7875 7902 6321 6333 6575
6 7877 7876 7902 6330 6321 6575
6 7878 7877 7902 4550 6330 6575
6 7881 7904 7905 4647 7065 7067
6 7882 7881 7905 6712 4647 7067
6 7899 7922 7900 4627 4552 4551
6 7921 7927 7922 4628 4553 4552
6 7926 7931 7927 4629 4684 4553
6 7943 7937 8012 4652 4702 4585
6 8281 8284 8274 5919 6745 5096
6 8284 8286 8274 6745 6747 5096
6 8095 7904 7903 4512 7065 7018
6 8283 8144 8141 6744 6791 4511
6 8311 8331 8312 7071 7070 4632
6 8328 8327 8334 7219 5125 5977
6 8312 8356 8313 4632 4580 4555
6 8320 8341 8315 6920 6795 6794
6 8560 8471 8559 6885 6895 6982
6 8560 8472 8471 6885 4636 6895
6 8349 8472 8560 6805 4636 6885
6 8473 7911 8348 6883 4556 6891
6 8474 8347 8363 6898 4634 6910
6 8564 8475 8474 6900 4565 6898
6 8475 8564 8562 4565 6900 6981
6 8565 8564 8355 6908 6900 6924
6 8548 8563 8549 5464 6875 5254
6 8547 8552 8542 4560 6852 6853
6 8569 8570 8547 4562 6863 4560
6 8534 8476 8456 5251 5250 6809
6 8594 8593 8565 6906 6904 6908
6 8587 8592 8586 6869 6979 4640
6 8595 8585 8586 6857 6867 4640
6 8596 8595 8586 6873 6857 4640
6 8597 8586 8592 6928 4640 6979
6 8581 8672 8576 4692 6823 6825
6 8636 8581 8623 4569 4692 6959
6 8623 8581 8595 6959 4692 6857
6 8580 8595 8581 5287 6857 4692
6 8492 8507 8665 4574 4694 4571
6 8492 8665 8493 4574 4571 4572
6 8699 8703 8700 4649 4701 4582
6 8714 8716 8713 4648 4700 4581
6 6726 6724 5539 6747 6745 5096
6 6724 5920 5539 6745 5919 5096

CELL_TYPES 6342
12
12
12
12
12
12
12
12
12
12
12
12
12
12
12
12
12
12
12
12
12
12
12
12
12
12
12
12
12
12
12
12
12
12
12
12
12
12
12
12
12
12
12
12
12
12
12
12
12
12
12
12
12
12
12
12
12
12
12
12
12
12
12
12
12
12
12
12
12
12
12
12
12
12
12
12
12
12
12
12
12
12
12
12
12
12
12
12
12
12
12
12
12
12
12
12
12
12
12
12
12
12
12
12
12
12
12
12
12
12
12
12
12
12
12
12
12
12
12
12
12
12
12
12
12
12
12
12
12
12
12
12
12
12
12
12
12
12
12
12
12
12
12
12
12
12
12
12
12
12
12
12
12
12
12
12
12
12
12
12
12
12
12
12
12
12
12
12
12
12
12
12
12
12
12
12
12
12
12
12
12
12
12
12
12
12
12
12
12
12
12
12
12
12
12
12
12
12
12
12
12
12
12
12
12
12
12
12
12
12
12
12
12
12
12
12
12
12
12
12
12
12
12
12
12
12
12
12
12
12
12
12
12
12
12
12
12
12
12
12
12
12
12
12
12
12
12
12
12
12
12
12
12
12
12
12
12
12
12
12
12
12
12
12
12
12
12
12
12
12
12
12
12
12
12
12
12
12
12
12
12
12
12
12
12
12
12
12
12
12
12
12
12
12
12
12
12
12
12
12
12
12
12
12
12
12
12
12
12
12
12
12
12
12
12
12
12
12
12
12
12
12
12
12
12
12
12
12
12
12
12
12
12
12
12
12
12
12
12
12
12
12
12
12
12
12
12
12
12
12
12
12
12
12
12
12
12
12
12
12
12
12
12
12
12
12
12
12
12
12
12
12
12
12
12
12
12
12
12
12
12
12
12
12
12
12
12
12
12
12
12
12
12
12
12
12
12
12
12
12
12
12
12
12
12
12
12
12
12
12
12
12
12
12
12
12
12
12
12
12
12
12
12
12
12
12
12
12
12
12
12
12
12
12
12
12
12
12
12
12
12
12
12
12
12
12
12
12
12
12
12
12
12
12
12
12
12
12
12
12
12
12
12
12
12
12
12
12
12
12
12
12
12
12
12
12
12
12
12
12
12
12
12
12
12
12
12
12
12
12
12
12
12
12
12
12
12
12
12
12
12
12
12
12
12
12
12
12
12
12
12
12
12
12
12
12
12
12
12
12
12
12
12
12
12
12
12
12
12
12
12
12
12
12
12
12
12
12
12
12
12
12
12
12
12
12
12
12
12
12
12
12
12
12
12
12
12
12
12
12
12
12
12
12
12
12
12
12
12
12
12
12
12
12
12
12
12
12
12
12
12
12
12
12
12
12
12
12
12
12
12
12
12
12
12
12
12
12
12
12
12
12
12
12
12
12
12
12
12
12
12
12
12
12
12
12
12
12
12
12
12
12
12
12
12
12
12
12
12
12
12
12
12
12
12
12
12
12
12
12
12
12
12
12
12
12
12
12
12
12
12
12
12
12
12
12
12
12
12
12
12
12
12
12
12
12
12
12
12
12
12
12
12
12
12
12
12
12
12
12
12
12
12
12
12
12
12
12
12
12
12
12
12
12
12
12
12
12
12
12
12
12
12
12
12
12
12
12
12
12
12
12
12
12
12
12
12
12
12
12
12
12
12
12
12
12
12
12
12
12
12
12
12
12
12
12
12
12
12
12
12
12
12
12
12
12
12
12
12
12
12
12
12
12
12
12
12
12
12
12
12
12
12
12
12
12
12
12
12
12
12
12
12
12
12
12
12
12
12
12
12
12
12
12
12
12
12
12
12
12
12
12
12
12
12
12
12
12
12
12
12
12
12
12
12
12
12
12
12
12
12
12
12
12
12
12
12
12
12
12
12
12
12
12
12
12
12
12
12
12
12
12
12
12
12
12
12
12
12
12
12
12
12
12
12
12
12
12
12
12
12
12
12
12
12
12
12
12
12
12
12
12
12
12
12
12
12
12
12
12
12
12
12
12
12
12
12
12
12
12
12
12
12
12
12
12
12
12
12
12
12
12
12
12
12
12
12
12
12
12
12
12
12
12
12
12
12
12
12
12
12
12
12
12
12
12
12
12
12
12
12
12
12
12
12
12
12
12
12
12
12
12
12
12
12
12
12
12
12
12
12
12
12
12
12
12
12
12
12
12
12
12
12
12
12
12
12
12
12
12
12
12
12
12
12
12
12
12
12
12
12
12
12
12
12
12
12
12
12
12
12
12
12
12
12
12
12
12
12
12
12
12
12
12
12
12
12
12
12
12
12
12
12
12
12
12
12
12
12
12
12
12
12
12
12
12
12
12
12
12
12
12
12
12
12
12
12
12
12
12
12
12
12
12
12
12
12
12
12
12
12
12
12
12
12
12
12
12
12
12
12
12
12
12
12
12
12
12
12
12
12
12
12
12
12
12
12
12
12
12
12
12
12
12
12
12
12
12
12
12
12
12
12
12
12
12
12
12
12
12
12
12
12
12
12
12
12
12
12
12
12
12
12
12
12
12
12
12
12
12
12
12
12
12
12
12
12
12
12
12
12
12
12
12
12
12
12
12
12
12
12
12
12
12
12
12
12
12
12
12
12
12
12
12
12
12
12
12
12
12
12
12
12
12
12
12
12
12
12
12
12
12
12
12
12
12
12
12
12
12
12
12
12
12
12
12
12
12
12
12
12
12
12
12
12
12
12
12
12
12
12
12
12
12
12
12
12
12
12
12
12
12
12
12
12
12
12
12
12
12
12
12
12
12
12
12
12
12
12
12
12
12
12
12
12
12
12
12
12
12
12
12
12
12
12
12
12
12
12
12
12
12
12
12
12
12
12
12
12
12
12
12
12
12
12
12
12
12
12
12
12
12
12
12
12
12
12
12
12
12
12
12
12
12
12
12
12
12
12
12
12
12
12
12
12
12
12
12
12
12
12
12
12
12
12
12
12
12
12
12
12
12
12
12
12
12
12
12
12
12
12
12
12
12
12
12
12
12
12
12
12
12
12
12
12
12
12
12
12
12
12
12
12
12
12
12
12
12
12
12
12
12
12
12
12
12
12
12
12
12
12
12
12
12
12
12
12
12
12
12
12
12
12
12
12
12
12
12
12
12
12
12
12
12
12
12
12
12
12
12
12
12
12
12
12
12
12
12
12
12
12
12
12
12
12
12
12
12
12
12
12
12
12
12
12
12
12
12
12
12
12
12
12
12
12
12
12
12
12
12
12
12
12
12
12
12
12
12
12
12
12
12
12
12
12
12
12
12
12
12
12
12
12
12
12
12
12
12
12
12
12
12
12
12
12
12
12
12
12
12
12
12
12
12
12
12
12
12
12
12
12
12
12
12
12
12
12
12
12
12
12
12
12
12
12
12
12
12
12
12
12
12
12
12
12
12
12
12
12
12
12
12
12
12
12
12
12
12
12
12
12
12
12
12
12
12
12
12
12
12
12
12
12
12
12
12
12
12
12
12
12
12
12
12
12
12
12
12
12
12
12
12
12
12
12
12
12
12
12
12
12
12
12
12
12
12
12
12
12
12
12
12
12
12
12
12
12
12
12
12
12
12
12
12
12
12
12
12
12
12
12
12
12
12
12
12
12
12
12
12
12
12
12
12
12
12
12
12
12
12
12
12
12
12
12
12
12
12
12
12
12
12
12
12
12
12
12
12
12
12
12
12
12
12
12
12
12
12
12
12
12
12
12
12
12
12
12
12
12
12
12
12
12
12
12
12
12
12
12
12
12
12
12
12
12
12
12
12
12
12
12
12
12
12
12
12
12
12
12
12
12
12
12
12
12
12
12
12
12
12
12
12
12
12
12
12
12
12
12
12
12
12
12
12
12
12
12
12
12
12
12
12
12
12
12
12
12
12
12
12
12
12
12
12
12
12
12
12
12
12
12
12
12
12
12
12
12
12
12
12
12
12
12
12
12
12
12
12
12
12
12
12
12
12
12
12
12
12
12
12
12
12
12
12
12
12
12
12
12
12
12
12
12
12
12
12
12
12
12
12
12
12
12
12
12
12
12
12
12
12
12
12
12
12
12
12
12
12
12
12
12
12
12
12
12
12
12
12
12
12
12
12
12
12
12
12
12
12
12
12
12
12
12
12
12
12
12
12
12
12
12
12
12
12
12
12
12
12
12
12
12
12
12
12
12
12
12
12
12
12
12
12
12
12
12
12
12
12
12
12
12
12
12
12
12
12
12
12
12
12
12
12
12
12
12
12
12
12
12
12
12
12
12
12
12
12
12
12
12
12
12
12
12
12
12
12
12
12
12
12
12
12
12
12
12
12
12
12
12
12
12
12
12
12
12
12
12
12
12
12
12
12
12
12
12
12
12
12
12
12
12
12
12
12
12
12
12
12
12
12
12
12
12
12
12
12
12
12
12
12
12
12
12
12
12
12
12
12
12
12
12
12
12
12
12
12
12
12
12
12
12
12
12
12
12
12
12
12
12
12
12
12
12
12
12
12
12
12
12
12
12
12
12
12
12
12
12
12
12
12
12
12
12
12
12
12
12
12
12
12
12
12
12
12
12
12
12
12
12
12
12
12
12
12
12
12
12
12
12
12
12
12
12
12
12
12
12
12
12
12
12
12
12
12
12
12
12
12
12
12
12
12
12
12
12
12
12
12
12
12
12
12
12
12
12
12
12
12
12
12
12
12
12
12
12
12
12
12
12
12
12
12
12
12
12
12
12
12
12
12
12
12
12
12
12
12
12
12
12
12
12
12
12
12
12
12
12
12
12
12
12
12
12
12
12
12
12
12
12
12
12
12
12
12
12
12
12
12
12
12
12
12
12
12
12
12
12
12
12
12
12
12
12
12
12
12
12
12
12
12
12
12
12
12
12
12
12
12
12
12
12
12
12
12
12
12
12
12
12
12
12
12
12
12
12
12
12
12
12
12
12
12
12
12
12
12
12
12
12
12
12
12
12
12
12
12
12
12
12
12
12
12
12
12
12
12
12
12
12
12
12
12
12
12
12
12
12
12
12
12
12
12
12
12
12
12
12
12
12
12
12
12
12
12
12
12
12
12
12
12
12
12
12
12
12
12
12
12
12
12
12
12
12
12
12
12
12
12
12
12
12
12
12
12
12
12
12
12
12
12
12
12
12
12
12
12
12
12
12
12
12
12
12
12
12
12
12
12
12
12
12
12
12
12
12
12
12
12
12
12
12
12
12
12
12
12
12
12
12
12
12
12
12
12
12
12
12
12
12
12
12
12
12
12
12
12
12
12
12
12
12
12
12
12
12
12
12
12
12
12
12
12
12
12
12
12
12
12
12
12
12
12
12
12
12
12
12
12
12
12
12
12
12
12
12
12
12
12
12
12
12
12
12
12
12
12
12
12
12
12
12
12
12
12
12
12
12
12
12
12
12
12
12
12
12
12
12
12
12
12
12
12
12
12
12
12
12
12
12
12
12
12
12
12
12
12
12
12
12
12
12
12
12
12
12
12
12
12
12
12
12
12
12
12
12
12
12
12
12
12
12
12
12
12
12
12
12
12
12
12
12
12
12
12
12
12
12
12
12
12
12
12
12
12
12
12
12
12
12
12
12
12
12
12
12
12
12
12
12
12
12
12
12
12
12
12
12
12
12
12
12
12
12
12
12
12
12
12
12
12
12
12
12
12
12
12
12
12
12
12
12
12
12
12
12
12
12
12
12
12
12
12
12
12
12
12
12
12
12
12
12
12
12
12
12
12
12
12
12
12
12
12
12
12
12
12
12
12
12
12
12
12
12
12
12
12
12
12
12
12
12
12
12
12
12
12
12
12
12
12
12
12
12
12
12
12
12
12
12
12
12
12
12
12
12
12
12
12
12
12
12
12
12
12
12
12
12
12
12
12
12
12
12
12
12
12
12
12
12
12
12
12
12
12
12
12
12
12
12
12
12
12
12
12
12
12
12
12
12
12
12
12
12
12
12
12
12
12
12
12
12
12
12
12
12
12
12
12
12
12
12
12
12
12
12
12
12
12
12
12
12
12
12
12
12
12
12
12
12
12
12
12
12
12
12
12
12
12
12
12
12
12
12
12
12
12
12
12
12
12
12
12
12
12
12
12
12
12
12
12
12
12
12
12
12
12
12
12
12
12
12
12
12
12
12
12
12
12
12
12
12
12
12
12
12
12
12
12
12
12
12
12
12
12
12
12
12
12
12
12
12
12
12
12
12
12
12
12
12
12
12
12
12
12
12
12
12
12
12
12
12
12
12
12
12
12
12
12
12
12
12
12
12
12
12
12
12
12
12
12
12
12
12
12
12
12
12
12
12
12
12
12
12
12
12
12
12
12
12
12
12
12
12
12
12
12
12
12
12
12
12
12
12
12
12
12
12
12
12
12
12
12
12
12
12
12
12
12
12
12
12
12
12
12
12
12
12
12
12
12
12
12
12
12
12
12
12
12
12
12
12
12
12
12
12
12
12
12
12
12
12
12
12
12
12
12
12
12
12
12
12
12
12
12
12
12
12
12
12
12
12
12
12
12
12
12
12
12
12
12
12
12
12
12
12
12
12
12
12
12
12
12
12
12
12
12
12
12
12
12
12
12
12
12
12
12
12
12
12
12
12
12
12
12
12
12
12
12
12
12
12
12
12
12
12
12
12
12
12
12
12
12
12
12
12
12
12
12
12
12
12
12
12
12
12
12
12
12
12
12
12
12
12
12
12
12
12
12
12
12
12
12
12
12
12
12
12
12
12
12
12
12
12
12
12
12
12
12
12
12
12
12
12
12
12
12
12
12
12
12
12
12
12
12
12
12
12
12
12
12
12
12
12
12
12
12
12
12
12
12
12
12
13
13
13
13
13
13
13
13
13
13
13
13
13
13
13
13
13
13
13
13
13
13
13
13
13
13
13
13
13
13
13
13
13
13
13
13
13
13
13
13
13
13
13
13
13
13
13
13
13
13
13
13
13
13
13
13
13
13
13
13
13
13
13
13
13
13
13
13
13
13
13
13
13
13
13
13
13
13
13
13
13
13
13
13
13
13
13
13
13
13
13
13
13
13
13
13
13
13
13
13
13
13
13
13
13
13
13
13
13
13
13
13
13
13
13
13
13
13
13
13
13
13
13
13
13
13
13
13
13
13
13
13
13
13
13
13
13
13
13
13
13
13
13
13
13
13
13
13
13
13
13
13
13
13
13
13
13
13
13
12
12
12
12
12
12
12
12
12
12
12
12
12
12
12
12
12
12
12
12
12
12
12
12
12
12
12
12
12
12
12
12
12
12
12
12
12
12
12
12
12
12
12
12
12
12
12
12
12
12
12
12
12
12
12
12
12
12
12
12
12
12
12
12
12
12
12
12
12
12
12
12
12
12
12
12
12
12
12
12
12
12
12
12
12
12
12
12
12
12
12
12
12
12
12
12
12
12
12
12
12
12
12
12
12
12
12
12
12
12
12
12
12
12
12
12
12
12
12
12
12
12
12
12
12
12
12
12
12
12
12
12
12
12
12
12
12
12
12
12
12
12
12
12
12
12
12
12
12
12
12
12
12
12
12
12
12
12
12
12
12
12
12
12
12
12
12
12
12
12
12
12
12
12
12
12
12
12
12
12
12
12
12
12
12
12
12
12
12
12
12
12
12
12
12
12
12
12
12
12
12
12
12
12
12
12
12
12
12
12
12
12
12
12
12
12
12
12
12
12
12
12
12
12
12
12
12
12
12
12
12
12
12
12
12
12
12
12
12
12
12
12
12
12
12
12
12
12
12
12
12
12
12
12
12
12
12
12
12
12
12
12
12
12
12
12
12
12
12
12
12
12
12
12
12
12
12
12
12
12
12
12
12
12
12
12
12
12
12
12
12
12
12
12
12
12
12
12
12
12
12
12
12
12
12
12
12
12
12
12
12
12
12
12
12
12
12
12
12
12
12
12
12
12
12
12
12
12
12
12
12
12
12
12
12
12
12
12
12
12
12
12
12
12
12
12
12
12
12
12
12
12
12
12
12
12
12
12
12
12
12
12
12
12
12
12
12
12
12
12
12
12
12
12
12
12
12
12
12
12
12
12
12
12
12
12
12
12
12
12
12
12
12
12
12
12
12
12
12
12
12
12
12
12
12
12
12
12
12
12
12
12
12
12
12
12
12
12
12
12
12
12
12
12
12
12
12
12
12
12
12
12
12
12
12
12
12
12
12
12
12
12
12
12
12
12
12
12
12
12
12
12
12
12
12
12
12
12
12
12
12
12
12
12
12
12
12
12
12
12
12
12
12
12
12
12
12
12
12
12
12
12
12
12
12
12
12
12
12
12
12
12
12
12
12
12
12
12
12
12
12
12
12
12
12
12
12
12
12
12
12
12
12
12
12
12
12
12
12
12
12
12
12
12
12
12
12
12
12
12
12
12
12
12
12
12
12
12
12
12
12
12
12
12
12
12
12
12
12
12
12
12
12
12
12
12
12
12
12
12
12
12
12
12
12
12
12
12
12
12
12
12
12
12
12
12
12
12
12
12
12
12
12
12
12
12
12
12
12
12
12
12
12
12
12
12
12
12
12
12
12
12
12
12
12
12
12
12
12
12
12
12
12
12
12
12
12
12
12
12
12
12
12
12
12
12
12
12
12
12
12
12
12
12
12
12
12
12
12
12
12
12
12
12
12
12
12
12
12
12
12
12
12
12
12
12
12
12
12
12
12
12
12
12
12
12
12
12
12
12
12
12
12
12
12
12
12
12
12
12
12
12
12
12
12
12
12
12
12
12
12
12
12
12
12
12
12
12
12
12
12
12
12
12
12
12
12
12
12
12
12
12
12
12
12
12
12
12
12
12
12
12
12
12
12
12
12
12
12
12
12
12
12
12
12
12
12
12
12
12
12
12
12
12
12
12
12
12
12
12
12
12
12
12
12
12
12
12
12
12
12
12
12
12
12
12
12
12
12
12
12
12
12
12
12
12
12
12
12
12
12
12
12
12
12
12
12
12
12
12
12
12
12
12
12
12
12
12
12
12
12
12
12
12
12
12
12
12
12
12
12
12
12
12
12
12
12
12
12
12
12
12
12
12
12
12
12
12
12
12
12
12
12
12
12
12
12
12
12
12
12
12
12
12
12
12
12
12
12
12
12
12
12
12
12
12
12
12
12
12
12
12
12
12
12
12
12
12
12
12
12
12
12
12
12
12
12
12
12
12
12
12
12
12
12
12
12
12
12
12
12
12
12
12
12
12
12
12
12
12
12
12
12
12
12
12
12
12
12
12
12
12
12
12
12
12
12
12
12
12
12
12
12
12
12
12
12
12
12
12
12
12
12
12
12
12
12
12
12
12
12
12
12
12
12
12
12
12
12
12
12
12
12
12
12
12
12
12
12
12
12
12
12
12
12
12
12
12
12
12
12
12
12
12
12
12
12
12
12
12
12
12
12
12
12
12
12
12
12
12
12
12
12
12
12
12
12
12
12
12
12
12
12
12
12
12
12
12
12
12
12
12
12
12
12
12
12
12
12
12
12
12
12
12
12
12
12
12
12
12
12
12
12
12
12
12
12
12
12
12
12
12
12
12
12
12
12
12
12
12
12
12
12
12
12
12
12
12
12
12
12
12
12
12
12
12
12
12
12
12
12
12
12
12
12
12
12
12
12
12
12
12
12
12
12
12
12
12
12
12
12
12
12
12
12
12
12
12
12
12
12
12
12
12
12
12
12
12
12
12
12
12
12
12
12
12
12
12
12
12
12
12
12
12
12
12
12
12
12
12
12
12
12
12
12
12
12
12
12
12
12
12
12
12
12
12
12
12
12
12
12
12
12
12
12
12
12
12
12
12
12
12
12
12
12
12
12
12
12
12
12
12
12
12
12
12
12
12
12
12
12
12
12
12
12
12
12
12
12
12
12
12
12
12
12
12
12
12
12
12
12
12
12
12
12
12
12
12
12
12
12
12
12
12
12
12
12
12
12
12
12
12
12
12
12
12
12
12
12
12
12
12
12
12
12
12
12
12
12
12
12
12
12
12
12
12
12
12
12
12
12
12
12
12
12
12
12
12
12
12
12
12
12
12
12
12
12
12
12
12
12
12
12
12
12
12
12
12
12
12
12
12
12
12
12
12
12
12
12
12
12
12
12
12
12
12
12
12
12
12
12
12
12
12
12
12
12
12
12
12
12
12
12
12
12
12
12
12
12
12
12
12
12
12
12
12
12
12
12
12
12
12
12
12
12
12
12
12
12
12
12
12
12
12
12
12
12
12
12
12
12
12
12
12
12
12
12
12
12
12
12
12
12
12
12
12
12
12
12
12
12
12
12
12
12
12
12
12
12
12
12
12
12
12
12
12
12
12
12
12
12
12
12
12
12
12
12
12
12
12
12
12
12
12
12
12
12
12
12
12
12
12
12
12
12
12
12
12
12
12
12
12
12
12
12
12
12
12
12
12
12
12
12
12
12
12
12
12
12
12
12
12
12
12
12
12
12
12
12
12
12
12
12
12
12
12
12
12
12
12
12
12
12
12
12
12
12
12
12
12
12
12
12
12
12
12
12
12
12
12
12
12
12
12
12
12
12
12
12
12
12
12
12
12
12
12
12
12
12
12
12
12
12
12
12
12
12
12
12
12
12
12
12
12
12
12
12
12
12
12
12
12
12
12
12
12
12
12
12
12
12
12
12
12
12
12
12
12
12
12
12
12
12
12
12
12
12
12
12
12
12
12
12
12
12
12
12
12
12
12
12
12
12
12
12
12
12
12
12
12
12
12
12
12
12
12
12
12
12
12
12
12
12
12
12
12
12
12
12
12
12
12
12
12
12
12
12
12
12
12
12
12
12
12
12
12
12
12
12
12
12
12
12
12
12
12
12
12
12
12
12
12
12
12
12
12
12
12
12
12
12
12
12
12
12
12
12
12
12
12
12
12
12
12
12
12
12
12
12
12
12
12
12
12
12
12
12
12
12
12
12
12
12
12
12
12
12
12
12
12
12
12
12
12
12
12
12
12
12
12
12
12
12
12
12
12
12
12
12
12
12
12
12
12
12
12
12
12
12
12
12
12
12
12
12
12
12
12
12
12
12
12
12
12
12
12
12
12
12
12
12
12
12
12
12
12
12
12
12
12
12
12
12
12
12
12
12
12
12
12
12
12
12
12
12
12
12
12
12
12
12
12
12
12
12
12
12
12
12
12
12
12
12
12
12
12
12
12
12
12
12
12
12
12
12
12
12
12
12
12
12
12
12
12
12
12
12
12
12
12
12
12
12
12
12
12
12
12
12
12
12
12
12
12
12
12
12
12
12
12
12
12
12
12
12
12
12
12
12
12
12
12
12
12
12
12
12
12
12
12
12
12
12
12
12
12
12
12
12
12
12
12
12
12
12
12
12
12
12
12
12
12
12
12
12
12
12
12
12
12
12
12
12
12
12
12
12
12
12
12
12
12
12
12
12
12
12
12
12
12
12
12
12
12
12
12
12
12
12
12
12
12
12
12
12
12
12
12
12
12
12
12
12
12
12
12
12
12
12
12
12
12
12
12
12
12
12
12
12
12
12
12
12
12
12
12
12
12
12
12
12
12
12
12
12
12
12
12
12
12
12
12
12
12
12
12
12
12
12
12
12
12
12
12
12
12
12
12
12
12
12
12
12
12
12
12
12
12
12
12
12
12
12
12
12
12
12
12
12
12
12
12
12
12
12
12
12
12
12
12
12
12
12
12
12
12
12
12
12
12
12
12
12
12
12
12
12
12
12
12
12
12
12
12
12
12
12
12
12
12
12
12
12
12
12
12
12
12
12
12
12
12
12
12
12
12
12
12
12
12
12
12
12
12
12
12
12
12
12
12
12
12
12
12
12
12
12
12
12
12
12
12
12
12
12
12
12
12
12
12
12
12
12
12
12
12
12
12
12
12
12
12
12
12
12
12
12
12
12
12
12
12
12
12
12
12
12
12
12
12
12
12
12
12
12
12
12
12
12
12
12
12
12
12
12
12
12
12
12
12
12
12
12
12
12
12
12
12
12
12
12
12
12
12
12
12
12
12
12
12
12
12
12
12
12
12
12
12
12
12
12
12
12
12
12
12
12
12
12
12
12
12
12
12
12
12
12
12
12
12
12
12
12
12
12
12
12
12
12
12
12
12
12
12
12
12
12
12
12
12
12
12
12
12
12
12
12
12
12
12
12
12
12
12
12
12
12
12
12
12
12
12
12
12
12
12
12
12
12
12
12
12
12
12
12
12
12
12
12
12
12
12
12
12
12
12
12
12
12
12
12
12
12
12
12
12
12
12
12
12
12
12
12
12
12
12
12
12
12
12
12
12
12
12
12
12
12
12
12
12
12
12
12
12
12
12
12
12
12
12
12
12
12
12
12
12
12
12
12
12
12
12
12
12
12
12
12
12
12
12
12
12
12
12
12
12
12
12
12
12
12
12
12
12
12
12
12
12
12
12
12
12
12
12
12
12
12
12
12
12
12
12
12
12
12
12
12
12
12
12
12
12
12
12
12
12
12
12
12
12
12
12
12
12
12
12
12
12
12
12
12
12
12
12
12
12
12
12
12
12
12
12
12
12
12
12
12
12
12
12
12
12
12
12
12
12
12
12
12
12
12
12
12
12
12
12
12
12
12
12
12
12
12
12
12
12
12
12
12
12
12
12
12
12
12
12
12
12
12
12
12
12
12
12
12
12
12
12
12
12
12
12
12
12
12
12
12
12
12
12
12
12
12
12
12
12
12
12
12
12
12
12
12
12
12
12
12
12
12
12
12
12
12
12
12
12
12
12
12
12
12
12
12
12
12
12
12
12
12
12
12
12
12
12
12
12
12
12
12
12
12
12
12
12
12
12
12
12
12
12
12
12
12
12
12
12
12
12
12
12
12
12
12
12
12
12
12
12
12
12
12
12
12
12
12
12
12
12
12
12
12
12
12
12
12
12
12
12
12
12
12
12
12
12
12
12
12
12
12
12
12
12
12
12
12
12
12
12
12
12
12
12
12
12
12
12
12
12
12
12
12
12
12
12
12
12
12
12
12
12
12
12
12
12
12
12
12
12
12
12
12
12
12
12
12
12
12
12
12
12
12
12
12
12
12
12
12
12
12
12
12
12
12
12
12
12
12
12
12
12
12
12
12
12
12
12
12
12
12
12
12
12
12
12
12
12
12
12
12
12
12
12
12
12
12
12
12
12
12
12
12
12
12
12
12
12
12
12
12
12
12
12
12
12
12
12
12
12
12
12
12
12
12
12
12
12
12
12
12
12
12
12
12
12
12
12
12
12
12
12
12
12
12
12
12
12
12
12
12
12
12
12
12
12
12
12
12
12
12
12
12
12
12
12
12
12
12
12
12
12
12
12
12
12
12
12
12
12
12
12
12
12
12
12
12
12
12
12
12
12
12
12
12
12
12
12
12
12
12
12
12
12
12
12
12
12
12
12
12
12
12
12
12
12
12
12
12
12
12
12
12
12
12
12
12
12
12
12
12
12
12
12
12
12
12
12
12
12
12
12
12
12
12
12
12
12
12
12
12
12
12
12
12
12
12
12
12
12
12
12
12
12
12
12
12
12
12
12
12
12
12
12
12
12
12
12
12
12
12
12
12
12
12
12
12
12
12
12
12
12
12
12
12
12
12
12
12
12
12
12
12
12
12
12
12
12
12
12
12
12
12
12
12
12
12
12
12
12
12
12
12
12
12
12
12
12
12
12
12
12
12
12
12
12
12
12
12
12
12
12
12
12
12
12
12
12
12
12
12
12
12
12
12
12
12
12
12
12
12
12
12
12
12
12
12
12
12
12
12
12
12
12
12
12
12
12
12
12
12
12
12
12
12
12
12
12
12
12
12
12
12
12
12
12
12
12
12
12
12
12
12
12
12
12
12
12
12
12
12
12
12
12
12
12
12
12
12
12
12
12
12
12
12
12
12
12
12
12
12
12
12
12
12
12
12
12
12
12
12
12
12
12
12
12
12
12
12
12
12
12
12
12
12
12
12
12
12
12
12
12
12
12
13
13
13
13
13
13
13
13
13
13
13
13
13
13
13
13
13
13
13
13
13
13
13
13
13
13
13
13
13
13
13
13
13
13
13
13
13
13
13
13
13
13
13
13
13
13
13
13
13
13
13
13
13
13
13
13
13
13
13
13
13
13
13
13
13
13
13
13
13
13
13
13
13
13
13
13
13
13
13
13
13
13
13
13
13
13
13
13
13
13
13
13
13
13
13
13
13
13
13
13
13
13
13
13
13
13
13
13
13
13
13
13
13
13
13
13
13
13
13
13
13
13
13
13
13
13
13
13
13
13
13
13
13
13
13
13
13
13
13
13
13
13
13
13
13
13
13
13
13
13
13
13
13
13
13
13
13
13
13
